solid OpenSCAD_Model
  facet normal 0 1 0
    outer loop
      vertex 35.88118812441826 24.138192422688007 0.9
      vertex 36.683168314397335 24.138192422688007 1.5
      vertex 36.683168314397335 24.138192422688007 0.9
    endloop
  endfacet
  facet normal 0 1 0
    outer loop
      vertex 35.88118812441826 24.138192422688007 0.9
      vertex 35.88118812441826 24.138192422688007 1.5
      vertex 36.683168314397335 24.138192422688007 1.5
    endloop
  endfacet
  facet normal 1 0 0
    outer loop
      vertex 35.88118812441826 31.72704216092825 0.9
      vertex 35.88118812441826 24.138192422688007 1.5
      vertex 35.88118812441826 24.138192422688007 0.9
    endloop
  endfacet
  facet normal 1 0 0
    outer loop
      vertex 35.88118812441826 31.72704216092825 0.9
      vertex 35.88118812441826 31.72704216092825 1.5
      vertex 35.88118812441826 24.138192422688007 1.5
    endloop
  endfacet
  facet normal 0.23583135769864708 -0.9717939960331164 -1.5287558229882747e-16
    outer loop
      vertex 41.76237624138594 33.15426705032587 0.9
      vertex 35.88118812441826 31.72704216092825 1.5
      vertex 35.88118812441826 31.72704216092825 0.9
    endloop
  endfacet
  facet normal 0.23583135769864708 -0.9717939960331164 0
    outer loop
      vertex 41.76237624138594 33.15426705032587 0.9
      vertex 41.76237624138594 33.15426705032587 1.5
      vertex 35.88118812441826 31.72704216092825 1.5
    endloop
  endfacet
  facet normal -1 0 0
    outer loop
      vertex 41.76237624138594 24.138192422688007 0.9
      vertex 41.76237624138594 33.15426705032587 1.5
      vertex 41.76237624138594 33.15426705032587 0.9
    endloop
  endfacet
  facet normal -1 0 0
    outer loop
      vertex 41.76237624138594 24.138192422688007 0.9
      vertex 41.76237624138594 24.138192422688007 1.5
      vertex 41.76237624138594 33.15426705032587 1.5
    endloop
  endfacet
  facet normal 0 1 0
    outer loop
      vertex 40.9603960365057 24.138192422688007 0.9
      vertex 41.76237624138594 24.138192422688007 1.5
      vertex 41.76237624138594 24.138192422688007 0.9
    endloop
  endfacet
  facet normal 0 1 0
    outer loop
      vertex 40.9603960365057 24.138192422688007 0.9
      vertex 40.9603960365057 24.138192422688007 1.5
      vertex 41.76237624138594 24.138192422688007 1.5
    endloop
  endfacet
  facet normal -1 0 0
    outer loop
      vertex 40.9603960365057 20.989504374563694 0.9
      vertex 40.9603960365057 24.138192422688007 1.5
      vertex 40.9603960365057 24.138192422688007 0.9
    endloop
  endfacet
  facet normal -1 0 0
    outer loop
      vertex 40.9603960365057 20.989504374563694 0.9
      vertex 40.9603960365057 20.989504374563694 1.5
      vertex 40.9603960365057 24.138192422688007 1.5
    endloop
  endfacet
  facet normal 0 -1 0
    outer loop
      vertex 50.94059406220913 20.989504374563694 0.9
      vertex 40.9603960365057 20.989504374563694 1.5
      vertex 40.9603960365057 20.989504374563694 0.9
    endloop
  endfacet
  facet normal 0 -1 0
    outer loop
      vertex 50.94059406220913 20.989504374563694 0.9
      vertex 50.94059406220913 20.989504374563694 1.5
      vertex 40.9603960365057 20.989504374563694 1.5
    endloop
  endfacet
  facet normal 1 0 0
    outer loop
      vertex 50.94059406220913 24.138192422688007 0.9
      vertex 50.94059406220913 20.989504374563694 1.5
      vertex 50.94059406220913 20.989504374563694 0.9
    endloop
  endfacet
  facet normal 1 0 0
    outer loop
      vertex 50.94059406220913 24.138192422688007 0.9
      vertex 50.94059406220913 24.138192422688007 1.5
      vertex 50.94059406220913 20.989504374563694 1.5
    endloop
  endfacet
  facet normal 0 1 0
    outer loop
      vertex 50.13861387223005 24.138192422688007 0.9
      vertex 50.94059406220913 24.138192422688007 1.5
      vertex 50.94059406220913 24.138192422688007 0.9
    endloop
  endfacet
  facet normal 0 1 0
    outer loop
      vertex 50.13861387223005 24.138192422688007 0.9
      vertex 50.13861387223005 24.138192422688007 1.5
      vertex 50.94059406220913 24.138192422688007 1.5
    endloop
  endfacet
  facet normal 1 0 0
    outer loop
      vertex 50.13861387223005 34.423906706273556 0.9
      vertex 50.13861387223005 24.138192422688007 1.5
      vertex 50.13861387223005 24.138192422688007 0.9
    endloop
  endfacet
  facet normal 1 0 0
    outer loop
      vertex 50.13861387223005 34.423906706273556 0.9
      vertex 50.13861387223005 34.423906706273556 1.5
      vertex 50.13861387223005 24.138192422688007 1.5
    endloop
  endfacet
  facet normal 0 1 0
    outer loop
      vertex 46.84874954819679 34.423906706273556 0.9
      vertex 50.13861387223005 34.423906706273556 1.5
      vertex 50.13861387223005 34.423906706273556 0.9
    endloop
  endfacet
  facet normal 0 1 0
    outer loop
      vertex 46.84874954819679 34.423906706273556 0.9
      vertex 46.84874954819679 34.423906706273556 1.5
      vertex 50.13861387223005 34.423906706273556 1.5
    endloop
  endfacet
  facet normal 0.2937200232628281 -0.955891493807997 0
    outer loop
      vertex 47.840216651558876 34.72855816781521 0.9
      vertex 46.84874954819679 34.423906706273556 1.5
      vertex 46.84874954819679 34.423906706273556 0.9
    endloop
  endfacet
  facet normal 0.2937200232628281 -0.955891493807997 0
    outer loop
      vertex 47.840216651558876 34.72855816781521 0.9
      vertex 47.840216651558876 34.72855816781521 1.5
      vertex 46.84874954819679 34.423906706273556 1.5
    endloop
  endfacet
  facet normal 0.476122346819165 -0.8793790484537433 5.740296098621847e-17
    outer loop
      vertex 49.257546074688435 35.49594307690859 0.9
      vertex 47.840216651558876 34.72855816781521 1.5
      vertex 47.840216651558876 34.72855816781521 0.9
    endloop
  endfacet
  facet normal 0.476122346819165 -0.8793790484537433 0
    outer loop
      vertex 49.257546074688435 35.49594307690859 0.9
      vertex 49.257546074688435 35.49594307690859 1.5
      vertex 47.840216651558876 34.72855816781521 1.5
    endloop
  endfacet
  facet normal 0.6392621325558515 -0.7689888984115081 0
    outer loop
      vertex 50.49984569102526 36.52866943180561 0.9
      vertex 49.257546074688435 35.49594307690859 1.5
      vertex 49.257546074688435 35.49594307690859 0.9
    endloop
  endfacet
  facet normal 0.6392621325558515 -0.7689888984115081 0
    outer loop
      vertex 50.49984569102526 36.52866943180561 0.9
      vertex 50.49984569102526 36.52866943180561 1.5
      vertex 49.257546074688435 35.49594307690859 1.5
    endloop
  endfacet
  facet normal 0.7769912132149132 -0.6295114411881783 -1.1425179696719334e-16
    outer loop
      vertex 51.519374653697014 37.78705012798309 0.9
      vertex 50.49984569102526 36.52866943180561 1.5
      vertex 50.49984569102526 36.52866943180561 0.9
    endloop
  endfacet
  facet normal 0.7769912132149132 -0.6295114411881783 0
    outer loop
      vertex 51.519374653697014 37.78705012798309 0.9
      vertex 51.519374653697014 37.78705012798309 1.5
      vertex 50.49984569102526 36.52866943180561 1.5
    endloop
  endfacet
  facet normal 0.8844202613942845 -0.4666913340048916 0
    outer loop
      vertex 51.96087961643934 38.623740047216415 0.9
      vertex 51.519374653697014 37.78705012798309 1.5
      vertex 51.519374653697014 37.78705012798309 0.9
    endloop
  endfacet
  facet normal 0.8844202613942845 -0.4666913340048916 0
    outer loop
      vertex 51.96087961643934 38.623740047216415 0.9
      vertex 51.96087961643934 38.623740047216415 1.5
      vertex 51.519374653697014 37.78705012798309 1.5
    endloop
  endfacet
  facet normal -0.6689291488427535 -0.7433261692073738 0
    outer loop
      vertex 52.188071735203266 38.41928682476282 0.9
      vertex 51.96087961643934 38.623740047216415 1.5
      vertex 51.96087961643934 38.623740047216415 0.9
    endloop
  endfacet
  facet normal -0.6689291488427535 -0.7433261692073738 0
    outer loop
      vertex 52.188071735203266 38.41928682476282 0.9
      vertex 52.188071735203266 38.41928682476282 1.5
      vertex 51.96087961643934 38.623740047216415 1.5
    endloop
  endfacet
  facet normal -0.5327771152405324 -0.8462556029214674 0
    outer loop
      vertex 52.74267888814211 38.07012281566858 0.9
      vertex 52.188071735203266 38.41928682476282 1.5
      vertex 52.188071735203266 38.41928682476282 0.9
    endloop
  endfacet
  facet normal -0.5327771152405324 -0.8462556029214674 0
    outer loop
      vertex 52.74267888814211 38.07012281566858 0.9
      vertex 52.74267888814211 38.07012281566858 1.5
      vertex 52.188071735203266 38.41928682476282 1.5
    endloop
  endfacet
  facet normal -0.3364631428019974 -0.941696635618819 0
    outer loop
      vertex 53.34446272999048 37.85510868579149 0.9
      vertex 52.74267888814211 38.07012281566858 1.5
      vertex 52.74267888814211 38.07012281566858 0.9
    endloop
  endfacet
  facet normal -0.3364631428019974 -0.941696635618819 0
    outer loop
      vertex 53.34446272999048 37.85510868579149 0.9
      vertex 53.34446272999048 37.85510868579149 1.5
      vertex 52.74267888814211 38.07012281566858 1.5
    endloop
  endfacet
  facet normal -0.11523456574118837 -0.9933383083614764 0
    outer loop
      vertex 53.970297038555145 37.78250729292631 0.9
      vertex 53.34446272999048 37.85510868579149 1.5
      vertex 53.34446272999048 37.85510868579149 0.9
    endloop
  endfacet
  facet normal -0.11523456574118837 -0.9933383083614764 0
    outer loop
      vertex 53.970297038555145 37.78250729292631 0.9
      vertex 53.970297038555145 37.78250729292631 1.5
      vertex 53.34446272999048 37.85510868579149 1.5
    endloop
  endfacet
  facet normal 0.11523456980215255 -0.9933383078903747 0
    outer loop
      vertex 54.596131324768066 37.85510868579149 0.9
      vertex 53.970297038555145 37.78250729292631 1.5
      vertex 53.970297038555145 37.78250729292631 0.9
    endloop
  endfacet
  facet normal 0.11523456980215255 -0.9933383078903747 0
    outer loop
      vertex 54.596131324768066 37.85510868579149 0.9
      vertex 54.596131324768066 37.85510868579149 1.5
      vertex 53.970297038555145 37.78250729292631 1.5
    endloop
  endfacet
  facet normal 0.3364631428019974 -0.941696635618819 0
    outer loop
      vertex 55.19791516661644 38.07012281566858 0.9
      vertex 54.596131324768066 37.85510868579149 1.5
      vertex 54.596131324768066 37.85510868579149 0.9
    endloop
  endfacet
  facet normal 0.3364631428019974 -0.941696635618819 0
    outer loop
      vertex 55.19791516661644 38.07012281566858 0.9
      vertex 55.19791516661644 38.07012281566858 1.5
      vertex 54.596131324768066 37.85510868579149 1.5
    endloop
  endfacet
  facet normal 0.5327770998634277 -0.8462556126024307 0
    outer loop
      vertex 55.752522341907024 38.41928682476282 0.9
      vertex 55.19791516661644 38.07012281566858 1.5
      vertex 55.19791516661644 38.07012281566858 0.9
    endloop
  endfacet
  facet normal 0.5327770998634277 -0.8462556126024307 0
    outer loop
      vertex 55.752522341907024 38.41928682476282 0.9
      vertex 55.752522341907024 38.41928682476282 1.5
      vertex 55.19791516661644 38.07012281566858 1.5
    endloop
  endfacet
  facet normal 0.6950086280419255 -0.7190013956504399 0
    outer loop
      vertex 56.23863957822323 38.88918253779411 0.9
      vertex 55.752522341907024 38.41928682476282 1.5
      vertex 55.752522341907024 38.41928682476282 0.9
    endloop
  endfacet
  facet normal 0.6950086280419255 -0.7190013956504399 0
    outer loop
      vertex 56.23863957822323 38.88918253779411 0.9
      vertex 56.23863957822323 38.88918253779411 1.5
      vertex 55.752522341907024 38.41928682476282 1.5
    endloop
  endfacet
  facet normal 0.8204771644949274 -0.5716793004319501 0
    outer loop
      vertex 56.63758569210768 39.461752116680145 0.9
      vertex 56.23863957822323 38.88918253779411 1.5
      vertex 56.23863957822323 38.88918253779411 0.9
    endloop
  endfacet
  facet normal 0.8204771644949274 -0.5716793004319501 0
    outer loop
      vertex 56.63758569210768 39.461752116680145 0.9
      vertex 56.63758569210768 39.461752116680145 1.5
      vertex 56.23863957822323 38.88918253779411 1.5
    endloop
  endfacet
  facet normal 0.9106202332553568 -0.41324422656095217 0
    outer loop
      vertex 56.93402939289808 40.114992052316666 0.9
      vertex 56.63758569210768 39.461752116680145 1.5
      vertex 56.63758569210768 39.461752116680145 0.9
    endloop
  endfacet
  facet normal 0.9106202332553568 -0.41324422656095217 0
    outer loop
      vertex 56.93402939289808 40.114992052316666 0.9
      vertex 56.93402939289808 40.114992052316666 1.5
      vertex 56.63758569210768 39.461752116680145 1.5
    endloop
  endfacet
  facet normal 0.9683990907003176 -0.24940569586679037 0
    outer loop
      vertex 57.11657851934433 40.823798671364784 0.9
      vertex 56.93402939289808 40.114992052316666 1.5
      vertex 56.93402939289808 40.114992052316666 0.9
    endloop
  endfacet
  facet normal 0.9683990907003176 -0.24940569586679037 0
    outer loop
      vertex 57.11657851934433 40.823798671364784 0.9
      vertex 57.11657851934433 40.823798671364784 1.5
      vertex 56.93402939289808 40.114992052316666 1.5
    endloop
  endfacet
  facet normal 0.9965220612161747 -0.08332935562853308 0
    outer loop
      vertex 57.17821782082319 41.56093294173479 0.9
      vertex 57.11657851934433 40.823798671364784 1.5
      vertex 57.11657851934433 40.823798671364784 0.9
    endloop
  endfacet
  facet normal 0.9965220612161747 -0.08332935562853308 0
    outer loop
      vertex 57.17821782082319 41.56093294173479 0.9
      vertex 57.17821782082319 41.56093294173479 1.5
      vertex 57.11657851934433 40.823798671364784 1.5
    endloop
  endfacet
  facet normal 0.9965220613560549 0.08332935395572791 0
    outer loop
      vertex 57.11657851934433 42.29806722700596 0.9
      vertex 57.17821782082319 41.56093294173479 1.5
      vertex 57.17821782082319 41.56093294173479 0.9
    endloop
  endfacet
  facet normal 0.9965220613560549 0.08332935395572791 0
    outer loop
      vertex 57.11657851934433 42.29806722700596 0.9
      vertex 57.11657851934433 42.29806722700596 1.5
      vertex 57.17821782082319 41.56093294173479 1.5
    endloop
  endfacet
  facet normal 0.9833364618159249 0.18179494729870221 1.0946470353173408e-16
    outer loop
      vertex 56.194669768214226 47.28471016138792 0.9
      vertex 57.11657851934433 42.29806722700596 1.5
      vertex 57.11657851934433 42.29806722700596 0.9
    endloop
  endfacet
  facet normal 0.9833364618159249 0.18179494729870221 0
    outer loop
      vertex 56.194669768214226 47.28471016138792 0.9
      vertex 56.194669768214226 47.28471016138792 1.5
      vertex 57.11657851934433 42.29806722700596 1.5
    endloop
  endfacet
  facet normal 0.9683990886638988 0.24940570377385174 0
    outer loop
      vertex 55.920846067368984 48.34792009741068 0.9
      vertex 56.194669768214226 47.28471016138792 1.5
      vertex 56.194669768214226 47.28471016138792 0.9
    endloop
  endfacet
  facet normal 0.9683990886638988 0.24940570377385174 0
    outer loop
      vertex 55.920846067368984 48.34792009741068 0.9
      vertex 55.920846067368984 48.34792009741068 1.5
      vertex 56.194669768214226 47.28471016138792 1.5
    endloop
  endfacet
  facet normal 0.9106202308904882 0.41324423177214953 0
    outer loop
      vertex 55.476180516183376 49.3277799859643 0.9
      vertex 55.920846067368984 48.34792009741068 1.5
      vertex 55.920846067368984 48.34792009741068 0.9
    endloop
  endfacet
  facet normal 0.9106202308904882 0.41324423177214953 0
    outer loop
      vertex 55.476180516183376 49.3277799859643 0.9
      vertex 55.476180516183376 49.3277799859643 1.5
      vertex 55.920846067368984 48.34792009741068 1.5
    endloop
  endfacet
  facet normal 0.8204771502668546 0.5716793208521552 0
    outer loop
      vertex 55.22691451013088 49.68552786111832 0.9
      vertex 55.476180516183376 49.3277799859643 1.5
      vertex 55.476180516183376 49.3277799859643 0.9
    endloop
  endfacet
  facet normal 0.8204771502668546 0.5716793208521552 0
    outer loop
      vertex 55.22691451013088 49.68552786111832 0.9
      vertex 55.22691451013088 49.68552786111832 1.5
      vertex 55.476180516183376 49.3277799859643 1.5
    endloop
  endfacet
  facet normal 0.9503427641052398 -0.31120512642437703 8.202843174550987e-17
    outer loop
      vertex 56.630928091704845 53.97303482890129 0.9
      vertex 55.22691451013088 49.68552786111832 1.5
      vertex 55.22691451013088 49.68552786111832 0.9
    endloop
  endfacet
  facet normal 0.9503427641052398 -0.31120512642437703 0
    outer loop
      vertex 56.630928091704845 53.97303482890129 0.9
      vertex 56.630928091704845 53.97303482890129 1.5
      vertex 55.22691451013088 49.68552786111832 1.5
    endloop
  endfacet
  facet normal 0.9683990924583924 -0.2494056890404906 0
    outer loop
      vertex 56.70699022710323 54.26837092638016 0.9
      vertex 56.630928091704845 53.97303482890129 1.5
      vertex 56.630928091704845 53.97303482890129 0.9
    endloop
  endfacet
  facet normal 0.9683990924583924 -0.2494056890404906 0
    outer loop
      vertex 56.70699022710323 54.26837092638016 0.9
      vertex 56.70699022710323 54.26837092638016 1.5
      vertex 56.630928091704845 53.97303482890129 1.5
    endloop
  endfacet
  facet normal 0.9965220625130304 -0.08332934011964706 0
    outer loop
      vertex 56.73267326503992 54.57551021128893 0.9
      vertex 56.70699022710323 54.26837092638016 1.5
      vertex 56.70699022710323 54.26837092638016 0.9
    endloop
  endfacet
  facet normal 0.9965220625130304 -0.08332934011964706 0
    outer loop
      vertex 56.73267326503992 54.57551021128893 0.9
      vertex 56.73267326503992 54.57551021128893 1.5
      vertex 56.70699022710323 54.26837092638016 1.5
    endloop
  endfacet
  facet normal 0.9965220625130304 0.08332934011964706 0
    outer loop
      vertex 56.70699022710323 54.8826494961977 0.9
      vertex 56.73267326503992 54.57551021128893 1.5
      vertex 56.73267326503992 54.57551021128893 0.9
    endloop
  endfacet
  facet normal 0.9965220625130304 0.08332934011964706 0
    outer loop
      vertex 56.70699022710323 54.8826494961977 0.9
      vertex 56.70699022710323 54.8826494961977 1.5
      vertex 56.73267326503992 54.57551021128893 1.5
    endloop
  endfacet
  facet normal 0.9683990878994725 0.2494057067419867 0
    outer loop
      vertex 56.630928091704845 55.177985571324825 0.9
      vertex 56.70699022710323 54.8826494961977 1.5
      vertex 56.70699022710323 54.8826494961977 0.9
    endloop
  endfacet
  facet normal 0.9683990878994725 0.2494057067419867 0
    outer loop
      vertex 56.630928091704845 55.177985571324825 0.9
      vertex 56.630928091704845 55.177985571324825 1.5
      vertex 56.70699022710323 54.8826494961977 1.5
    endloop
  endfacet
  facet normal 0.9106202406388384 0.4132442102907967 0
    outer loop
      vertex 56.5074098855257 55.45016888529062 0.9
      vertex 56.630928091704845 55.177985571324825 1.5
      vertex 56.630928091704845 55.177985571324825 0.9
    endloop
  endfacet
  facet normal 0.9106202406388384 0.4132442102907967 0
    outer loop
      vertex 56.5074098855257 55.45016888529062 0.9
      vertex 56.5074098855257 55.45016888529062 1.5
      vertex 56.630928091704845 55.177985571324825 1.5
    endloop
  endfacet
  facet normal 0.8204771438887 0.5716793300061158 0
    outer loop
      vertex 56.341182328760624 55.68873953819275 0.9
      vertex 56.5074098855257 55.45016888529062 1.5
      vertex 56.5074098855257 55.45016888529062 0.9
    endloop
  endfacet
  facet normal 0.8204771438887 0.5716793300061158 0
    outer loop
      vertex 56.341182328760624 55.68873953819275 0.9
      vertex 56.341182328760624 55.68873953819275 1.5
      vertex 56.5074098855257 55.45016888529062 1.5
    endloop
  endfacet
  facet normal 0.6950086188128297 0.7190014045715645 0
    outer loop
      vertex 56.138633482158184 55.884529411792755 0.9
      vertex 56.341182328760624 55.68873953819275 1.5
      vertex 56.341182328760624 55.68873953819275 0.9
    endloop
  endfacet
  facet normal 0.6950086188128297 0.7190014045715645 0
    outer loop
      vertex 56.138633482158184 55.884529411792755 0.9
      vertex 56.138633482158184 55.884529411792755 1.5
      vertex 56.341182328760624 55.68873953819275 1.5
    endloop
  endfacet
  facet normal 0.5327771608334438 0.8462555742175378 0
    outer loop
      vertex 55.907547168433666 56.03001443296671 0.9
      vertex 56.138633482158184 55.884529411792755 1.5
      vertex 56.138633482158184 55.884529411792755 0.9
    endloop
  endfacet
  facet normal 0.5327771608334438 0.8462555742175378 0
    outer loop
      vertex 55.907547168433666 56.03001443296671 0.9
      vertex 55.907547168433666 56.03001443296671 1.5
      vertex 56.138633482158184 55.884529411792755 1.5
    endloop
  endfacet
  facet normal 0.33646314811799244 0.9416966337194426 0
    outer loop
      vertex 55.65680389851332 56.11960365623236 0.9
      vertex 55.907547168433666 56.03001443296671 1.5
      vertex 55.907547168433666 56.03001443296671 0.9
    endloop
  endfacet
  facet normal 0.33646314811799244 0.9416966337194426 0
    outer loop
      vertex 55.65680389851332 56.11960365623236 0.9
      vertex 55.65680389851332 56.11960365623236 1.5
      vertex 55.907547168433666 56.03001443296671 1.5
    endloop
  endfacet
  facet normal 0.11523456188590303 0.993338308808718 0
    outer loop
      vertex 55.396039605140686 56.149854235351086 0.9
      vertex 55.65680389851332 56.11960365623236 1.5
      vertex 55.65680389851332 56.11960365623236 0.9
    endloop
  endfacet
  facet normal 0.11523456188590303 0.993338308808718 0
    outer loop
      vertex 55.396039605140686 56.149854235351086 0.9
      vertex 55.396039605140686 56.149854235351086 1.5
      vertex 55.65680389851332 56.11960365623236 1.5
    endloop
  endfacet
  facet normal -0.11523456188590303 0.993338308808718 0
    outer loop
      vertex 55.135275311768055 56.11960365623236 0.9
      vertex 55.396039605140686 56.149854235351086 1.5
      vertex 55.396039605140686 56.149854235351086 0.9
    endloop
  endfacet
  facet normal -0.11523456188590303 0.993338308808718 0
    outer loop
      vertex 55.135275311768055 56.11960365623236 0.9
      vertex 55.135275311768055 56.11960365623236 1.5
      vertex 55.396039605140686 56.149854235351086 1.5
    endloop
  endfacet
  facet normal -0.336463165849693 0.941696627384001 0
    outer loop
      vertex 54.88453205674887 56.03001443296671 0.9
      vertex 55.135275311768055 56.11960365623236 1.5
      vertex 55.135275311768055 56.11960365623236 0.9
    endloop
  endfacet
  facet normal -0.336463165849693 0.941696627384001 0
    outer loop
      vertex 54.88453205674887 56.03001443296671 0.9
      vertex 54.88453205674887 56.03001443296671 1.5
      vertex 55.135275311768055 56.11960365623236 1.5
    endloop
  endfacet
  facet normal -0.5327771362300763 0.8462555897070806 0
    outer loop
      vertex 54.65344572812319 55.884529411792755 0.9
      vertex 54.88453205674887 56.03001443296671 1.5
      vertex 54.88453205674887 56.03001443296671 0.9
    endloop
  endfacet
  facet normal -0.5327771362300763 0.8462555897070806 0
    outer loop
      vertex 54.65344572812319 55.884529411792755 0.9
      vertex 54.65344572812319 55.884529411792755 1.5
      vertex 54.88453205674887 56.03001443296671 1.5
    endloop
  endfacet
  facet normal -0.6950086188128297 0.7190014045715645 0
    outer loop
      vertex 54.45089688152075 55.68873953819275 0.9
      vertex 54.65344572812319 55.884529411792755 1.5
      vertex 54.65344572812319 55.884529411792755 0.9
    endloop
  endfacet
  facet normal -0.6950086188128297 0.7190014045715645 0
    outer loop
      vertex 54.45089688152075 55.68873953819275 0.9
      vertex 54.45089688152075 55.68873953819275 1.5
      vertex 54.65344572812319 55.884529411792755 1.5
    endloop
  endfacet
  facet normal -0.8064723002418248 0.5912718739654883 -1.2419989693575545e-16
    outer loop
      vertex 51.808206893503666 52.084211118519306 0.9
      vertex 54.45089688152075 55.68873953819275 1.5
      vertex 54.45089688152075 55.68873953819275 0.9
    endloop
  endfacet
  facet normal -0.8064723002418248 0.5912718739654883 0
    outer loop
      vertex 51.808206893503666 52.084211118519306 0.9
      vertex 51.808206893503666 52.084211118519306 1.5
      vertex 54.45089688152075 55.68873953819275 1.5
    endloop
  endfacet
  facet normal -0.8204770832299711 0.5716794170638287 0
    outer loop
      vertex 51.78998626768589 52.05806078761816 0.9
      vertex 51.808206893503666 52.084211118519306 1.5
      vertex 51.808206893503666 52.084211118519306 0.9
    endloop
  endfacet
  facet normal -0.8204770832299711 0.5716794170638287 0
    outer loop
      vertex 51.78998626768589 52.05806078761816 0.9
      vertex 51.78998626768589 52.05806078761816 1.5
      vertex 51.808206893503666 52.084211118519306 1.5
    endloop
  endfacet
  facet normal 0.9106202697322234 0.4132441461809382 0
    outer loop
      vertex 51.75360604375601 52.138227850198746 0.9
      vertex 51.78998626768589 52.05806078761816 1.5
      vertex 51.78998626768589 52.05806078761816 0.9
    endloop
  endfacet
  facet normal 0.9106202697322234 0.4132441461809382 0
    outer loop
      vertex 51.75360604375601 52.138227850198746 0.9
      vertex 51.75360604375601 52.138227850198746 1.5
      vertex 51.78998626768589 52.05806078761816 1.5
    endloop
  endfacet
  facet normal 0.8204771675754302 0.5716792960107961 0
    outer loop
      vertex 51.498723804950714 52.50403619557619 0.9
      vertex 51.75360604375601 52.138227850198746 1.5
      vertex 51.75360604375601 52.138227850198746 0.9
    endloop
  endfacet
  facet normal 0.8204771675754302 0.5716792960107961 0
    outer loop
      vertex 51.498723804950714 52.50403619557619 0.9
      vertex 51.498723804950714 52.50403619557619 1.5
      vertex 51.75360604375601 52.138227850198746 1.5
    endloop
  endfacet
  facet normal 0.7350574623670799 0.6780048134183627 3.379746673663965e-17
    outer loop
      vertex 47.786726884543896 56.52838968485594 0.9
      vertex 51.498723804950714 52.50403619557619 1.5
      vertex 51.498723804950714 52.50403619557619 0.9
    endloop
  endfacet
  facet normal 0.7350574623670799 0.6780048134183627 0
    outer loop
      vertex 47.786726884543896 56.52838968485594 0.9
      vertex 47.786726884543896 56.52838968485594 1.5
      vertex 51.498723804950714 52.50403619557619 1.5
    endloop
  endfacet
  facet normal 0.6950086461579307 0.7190013781389576 0
    outer loop
      vertex 47.584178037941456 56.724179573357105 0.9
      vertex 47.786726884543896 56.52838968485594 1.5
      vertex 47.786726884543896 56.52838968485594 0.9
    endloop
  endfacet
  facet normal 0.6950086461579307 0.7190013781389576 0
    outer loop
      vertex 47.584178037941456 56.724179573357105 0.9
      vertex 47.584178037941456 56.724179573357105 1.5
      vertex 47.786726884543896 56.52838968485594 1.5
    endloop
  endfacet
  facet normal 0.5327770776106183 0.8462556266121303 0
    outer loop
      vertex 47.35309170931578 56.86966457217932 0.9
      vertex 47.584178037941456 56.724179573357105 1.5
      vertex 47.584178037941456 56.724179573357105 0.9
    endloop
  endfacet
  facet normal 0.5327770776106183 0.8462556266121303 0
    outer loop
      vertex 47.35309170931578 56.86966457217932 0.9
      vertex 47.35309170931578 56.86966457217932 1.5
      vertex 47.584178037941456 56.724179573357105 1.5
    endloop
  endfacet
  facet normal 0.336463165849693 0.941696627384001 0
    outer loop
      vertex 47.10234845429659 56.959253795444965 0.9
      vertex 47.35309170931578 56.86966457217932 1.5
      vertex 47.35309170931578 56.86966457217932 0.9
    endloop
  endfacet
  facet normal 0.336463165849693 0.941696627384001 0
    outer loop
      vertex 47.10234845429659 56.959253795444965 0.9
      vertex 47.10234845429659 56.959253795444965 1.5
      vertex 47.35309170931578 56.86966457217932 1.5
    endloop
  endfacet
  facet normal 0.11523456188590303 0.993338308808718 0
    outer loop
      vertex 46.84158416092396 56.989504374563694 0.9
      vertex 47.10234845429659 56.959253795444965 1.5
      vertex 47.10234845429659 56.959253795444965 0.9
    endloop
  endfacet
  facet normal 0.11523456188590303 0.993338308808718 0
    outer loop
      vertex 46.84158416092396 56.989504374563694 0.9
      vertex 46.84158416092396 56.989504374563694 1.5
      vertex 47.10234845429659 56.959253795444965 1.5
    endloop
  endfacet
  facet normal -0.11523456188590303 0.993338308808718 0
    outer loop
      vertex 46.58081986755133 56.959253795444965 0.9
      vertex 46.84158416092396 56.989504374563694 1.5
      vertex 46.84158416092396 56.989504374563694 0.9
    endloop
  endfacet
  facet normal -0.11523456188590303 0.993338308808718 0
    outer loop
      vertex 46.58081986755133 56.959253795444965 0.9
      vertex 46.58081986755133 56.959253795444965 1.5
      vertex 46.84158416092396 56.989504374563694 1.5
    endloop
  endfacet
  facet normal -0.33646314811799244 0.9416966337194426 0
    outer loop
      vertex 46.33007659763098 56.86966457217932 0.9
      vertex 46.58081986755133 56.959253795444965 1.5
      vertex 46.58081986755133 56.959253795444965 0.9
    endloop
  endfacet
  facet normal -0.33646314811799244 0.9416966337194426 0
    outer loop
      vertex 46.33007659763098 56.86966457217932 0.9
      vertex 46.33007659763098 56.86966457217932 1.5
      vertex 46.58081986755133 56.959253795444965 1.5
    endloop
  endfacet
  facet normal -0.5327771022139853 0.8462556111225903 0
    outer loop
      vertex 46.09899028390646 56.724179573357105 0.9
      vertex 46.33007659763098 56.86966457217932 1.5
      vertex 46.33007659763098 56.86966457217932 0.9
    endloop
  endfacet
  facet normal -0.5327771022139853 0.8462556111225903 0
    outer loop
      vertex 46.09899028390646 56.724179573357105 0.9
      vertex 46.09899028390646 56.724179573357105 1.5
      vertex 46.33007659763098 56.86966457217932 1.5
    endloop
  endfacet
  facet normal -0.6950086461579307 0.7190013781389576 0
    outer loop
      vertex 45.89644143730402 56.52838968485594 0.9
      vertex 46.09899028390646 56.724179573357105 1.5
      vertex 46.09899028390646 56.724179573357105 0.9
    endloop
  endfacet
  facet normal -0.6950086461579307 0.7190013781389576 0
    outer loop
      vertex 45.89644143730402 56.52838968485594 0.9
      vertex 45.89644143730402 56.52838968485594 1.5
      vertex 46.09899028390646 56.724179573357105 1.5
    endloop
  endfacet
  facet normal -0.8204771559074295 0.5716793127567724 0
    outer loop
      vertex 45.73021388798952 56.28981903195381 0.9
      vertex 45.89644143730402 56.52838968485594 1.5
      vertex 45.89644143730402 56.52838968485594 0.9
    endloop
  endfacet
  facet normal -0.8204771559074295 0.5716793127567724 0
    outer loop
      vertex 45.73021388798952 56.28981903195381 0.9
      vertex 45.73021388798952 56.28981903195381 1.5
      vertex 45.89644143730402 56.52838968485594 1.5
    endloop
  endfacet
  facet normal -0.9106202227451562 0.41324424972110885 0
    outer loop
      vertex 45.6066956743598 56.017635732889175 0.9
      vertex 45.73021388798952 56.28981903195381 1.5
      vertex 45.73021388798952 56.28981903195381 0.9
    endloop
  endfacet
  facet normal -0.9106202227451562 0.41324424972110885 0
    outer loop
      vertex 45.6066956743598 56.017635732889175 0.9
      vertex 45.6066956743598 56.017635732889175 1.5
      vertex 45.73021388798952 56.28981903195381 1.5
    endloop
  endfacet
  facet normal -0.9683990924583924 0.2494056890404906 0
    outer loop
      vertex 45.53063353896141 55.72229963541031 0.9
      vertex 45.6066956743598 56.017635732889175 1.5
      vertex 45.6066956743598 56.017635732889175 0.9
    endloop
  endfacet
  facet normal -0.9683990924583924 0.2494056890404906 0
    outer loop
      vertex 45.53063353896141 55.72229963541031 0.9
      vertex 45.53063353896141 55.72229963541031 1.5
      vertex 45.6066956743598 56.017635732889175 1.5
    endloop
  endfacet
  facet normal -0.9965220625130304 0.08332934011964706 0
    outer loop
      vertex 45.50495050102472 55.41516035050154 0.9
      vertex 45.53063353896141 55.72229963541031 1.5
      vertex 45.53063353896141 55.72229963541031 0.9
    endloop
  endfacet
  facet normal -0.9965220625130304 0.08332934011964706 0
    outer loop
      vertex 45.50495050102472 55.41516035050154 0.9
      vertex 45.50495050102472 55.41516035050154 1.5
      vertex 45.53063353896141 55.72229963541031 1.5
    endloop
  endfacet
  facet normal -0.9965220625130304 -0.08332934011964706 0
    outer loop
      vertex 45.53063353896141 55.108021065592766 0.9
      vertex 45.50495050102472 55.41516035050154 1.5
      vertex 45.50495050102472 55.41516035050154 0.9
    endloop
  endfacet
  facet normal -0.9965220625130304 -0.08332934011964706 0
    outer loop
      vertex 45.53063353896141 55.108021065592766 0.9
      vertex 45.53063353896141 55.108021065592766 1.5
      vertex 45.50495050102472 55.41516035050154 1.5
    endloop
  endfacet
  facet normal -0.9683990924583924 -0.2494056890404906 0
    outer loop
      vertex 45.6066956743598 54.8126849681139 0.9
      vertex 45.53063353896141 55.108021065592766 1.5
      vertex 45.53063353896141 55.108021065592766 0.9
    endloop
  endfacet
  facet normal -0.9683990924583924 -0.2494056890404906 0
    outer loop
      vertex 45.6066956743598 54.8126849681139 0.9
      vertex 45.6066956743598 54.8126849681139 1.5
      vertex 45.53063353896141 55.108021065592766 1.5
    endloop
  endfacet
  facet normal -0.9106202227451562 -0.41324424972110885 0
    outer loop
      vertex 45.73021388798952 54.54050166904926 0.9
      vertex 45.6066956743598 54.8126849681139 1.5
      vertex 45.6066956743598 54.8126849681139 0.9
    endloop
  endfacet
  facet normal -0.9106202227451562 -0.41324424972110885 0
    outer loop
      vertex 45.73021388798952 54.54050166904926 0.9
      vertex 45.73021388798952 54.54050166904926 1.5
      vertex 45.6066956743598 54.8126849681139 1.5
    endloop
  endfacet
  facet normal -0.8892683689465217 -0.4573857977585148 -1.6355284920105101e-16
    outer loop
      vertex 47.541352063417435 51.01921198517084 0.9
      vertex 45.73021388798952 54.54050166904926 1.5
      vertex 45.73021388798952 54.54050166904926 0.9
    endloop
  endfacet
  facet normal -0.8892683689465217 -0.4573857977585148 0
    outer loop
      vertex 47.541352063417435 51.01921198517084 0.9
      vertex 47.541352063417435 51.01921198517084 1.5
      vertex 45.73021388798952 54.54050166904926 1.5
    endloop
  endfacet
  facet normal -0.19023952038669922 0.981737706764408 0
    outer loop
      vertex 45.728989854454994 50.66801541298628 0.9
      vertex 47.541352063417435 51.01921198517084 1.5
      vertex 47.541352063417435 51.01921198517084 0.9
    endloop
  endfacet
  facet normal -0.19023952038669922 0.981737706764408 0
    outer loop
      vertex 45.728989854454994 50.66801541298628 0.9
      vertex 45.728989854454994 50.66801541298628 1.5
      vertex 47.541352063417435 51.01921198517084 1.5
    endloop
  endfacet
  facet normal -0.33646323994690663 0.9416966009094596 0
    outer loop
      vertex 45.585344694554806 50.61669175326824 0.9
      vertex 45.728989854454994 50.66801541298628 1.5
      vertex 45.728989854454994 50.66801541298628 0.9
    endloop
  endfacet
  facet normal -0.33646323994690663 0.9416966009094596 0
    outer loop
      vertex 45.585344694554806 50.61669175326824 0.9
      vertex 45.585344694554806 50.61669175326824 1.5
      vertex 45.728989854454994 50.66801541298628 1.5
    endloop
  endfacet
  facet normal 0.09927352694907028 0.9950601825252039 0
    outer loop
      vertex 44.702970296144485 50.70472303032875 0.9
      vertex 45.585344694554806 50.61669175326824 1.5
      vertex 45.585344694554806 50.61669175326824 0.9
    endloop
  endfacet
  facet normal 0.09927352694907028 0.9950601825252039 0
    outer loop
      vertex 44.702970296144485 50.70472303032875 0.9
      vertex 44.702970296144485 50.70472303032875 1.5
      vertex 45.585344694554806 50.61669175326824 1.5
    endloop
  endfacet
  facet normal 0.0837244274183185 0.9964889463779689 0
    outer loop
      vertex 44.048354357481 50.759723484516144 0.9
      vertex 44.702970296144485 50.70472303032875 1.5
      vertex 44.702970296144485 50.70472303032875 0.9
    endloop
  endfacet
  facet normal 0.0837244274183185 0.9964889463779689 0
    outer loop
      vertex 44.048354357481 50.759723484516144 0.9
      vertex 44.048354357481 50.759723484516144 1.5
      vertex 44.702970296144485 50.70472303032875 1.5
    endloop
  endfacet
  facet normal 0.6612345345493904 0.7501792387951369 0
    outer loop
      vertex 43.52960778027773 51.216965079307556 0.9
      vertex 44.048354357481 50.759723484516144 1.5
      vertex 44.048354357481 50.759723484516144 0.9
    endloop
  endfacet
  facet normal 0.6612345345493904 0.7501792387951369 0
    outer loop
      vertex 43.52960778027773 51.216965079307556 0.9
      vertex 43.52960778027773 51.216965079307556 1.5
      vertex 44.048354357481 50.759723484516144 1.5
    endloop
  endfacet
  facet normal 0.4978727693570094 0.8672500824634046 0
    outer loop
      vertex 42.5322424992919 51.78953465819359 0.9
      vertex 43.52960778027773 51.216965079307556 1.5
      vertex 43.52960778027773 51.216965079307556 0.9
    endloop
  endfacet
  facet normal 0.4978727693570094 0.8672500824634046 0
    outer loop
      vertex 42.5322424992919 51.78953465819359 0.9
      vertex 42.5322424992919 51.78953465819359 1.5
      vertex 43.52960778027773 51.216965079307556 1.5
    endloop
  endfacet
  facet normal 0.36063342897582534 0.932707633669382 -7.100574396880759e-17
    outer loop
      vertex 41.316949397325516 52.25943037122488 0.9
      vertex 42.5322424992919 51.78953465819359 1.5
      vertex 42.5322424992919 51.78953465819359 0.9
    endloop
  endfacet
  facet normal 0.36063342897582534 0.932707633669382 0
    outer loop
      vertex 41.316949397325516 52.25943037122488 0.9
      vertex 41.316949397325516 52.25943037122488 1.5
      vertex 42.5322424992919 51.78953465819359 1.5
    endloop
  endfacet
  facet normal 0.24420363361575015 0.9697239737826762 0
    outer loop
      vertex 39.93043149262667 52.60859438031912 0.9
      vertex 41.316949397325516 52.25943037122488 1.5
      vertex 41.316949397325516 52.25943037122488 0.9
    endloop
  endfacet
  facet normal 0.24420363361575015 0.9697239737826762 0
    outer loop
      vertex 39.93043149262667 52.60859438031912 0.9
      vertex 39.93043149262667 52.60859438031912 1.5
      vertex 41.316949397325516 52.25943037122488 1.5
    endloop
  endfacet
  facet normal 0.14148026352860327 0.9899410765454059 0
    outer loop
      vertex 38.42597188800573 52.82360853254795 0.9
      vertex 39.93043149262667 52.60859438031912 1.5
      vertex 39.93043149262667 52.60859438031912 0.9
    endloop
  endfacet
  facet normal 0.14148026352860327 0.9899410765454059 0
    outer loop
      vertex 38.42597188800573 52.82360853254795 0.9
      vertex 38.42597188800573 52.82360853254795 1.5
      vertex 39.93043149262667 52.60859438031912 1.5
    endloop
  endfacet
  facet normal 0.04635306182720316 0.9989251191451957 0
    outer loop
      vertex 36.86138613522053 52.89620991051197 0.9
      vertex 38.42597188800573 52.82360853254795 1.5
      vertex 38.42597188800573 52.82360853254795 0.9
    endloop
  endfacet
  facet normal 0.04635306182720316 0.9989251191451957 0
    outer loop
      vertex 36.86138613522053 52.89620991051197 0.9
      vertex 36.86138613522053 52.89620991051197 1.5
      vertex 38.42597188800573 52.82360853254795 1.5
    endloop
  endfacet
  facet normal -0.04635306204746286 0.9989251191349751 0
    outer loop
      vertex 35.2968003898859 52.82360853254795 0.9
      vertex 36.86138613522053 52.89620991051197 1.5
      vertex 36.86138613522053 52.89620991051197 0.9
    endloop
  endfacet
  facet normal -0.04635306204746286 0.9989251191349751 0
    outer loop
      vertex 35.2968003898859 52.82360853254795 0.9
      vertex 35.2968003898859 52.82360853254795 1.5
      vertex 36.86138613522053 52.89620991051197 1.5
    endloop
  endfacet
  facet normal -0.14148026352860327 0.9899410765454059 0
    outer loop
      vertex 33.79234078526497 52.60859438031912 0.9
      vertex 35.2968003898859 52.82360853254795 1.5
      vertex 35.2968003898859 52.82360853254795 0.9
    endloop
  endfacet
  facet normal -0.14148026352860327 0.9899410765454059 0
    outer loop
      vertex 33.79234078526497 52.60859438031912 0.9
      vertex 33.79234078526497 52.60859438031912 1.5
      vertex 35.2968003898859 52.82360853254795 1.5
    endloop
  endfacet
  facet normal -0.24420363361575015 0.9697239737826762 0
    outer loop
      vertex 32.40582288056612 52.25943037122488 0.9
      vertex 33.79234078526497 52.60859438031912 1.5
      vertex 33.79234078526497 52.60859438031912 0.9
    endloop
  endfacet
  facet normal -0.24420363361575015 0.9697239737826762 0
    outer loop
      vertex 32.40582288056612 52.25943037122488 0.9
      vertex 32.40582288056612 52.25943037122488 1.5
      vertex 33.79234078526497 52.60859438031912 1.5
    endloop
  endfacet
  facet normal -0.36063342897582534 0.932707633669382 7.100574396880759e-17
    outer loop
      vertex 31.19052977859974 51.78953465819359 0.9
      vertex 32.40582288056612 52.25943037122488 1.5
      vertex 32.40582288056612 52.25943037122488 0.9
    endloop
  endfacet
  facet normal -0.36063342897582534 0.932707633669382 0
    outer loop
      vertex 31.19052977859974 51.78953465819359 0.9
      vertex 31.19052977859974 51.78953465819359 1.5
      vertex 32.40582288056612 52.25943037122488 1.5
    endloop
  endfacet
  facet normal -0.4978727693570094 0.8672500824634046 0
    outer loop
      vertex 30.193164497613907 51.216965079307556 0.9
      vertex 31.19052977859974 51.78953465819359 1.5
      vertex 31.19052977859974 51.78953465819359 0.9
    endloop
  endfacet
  facet normal -0.4978727693570094 0.8672500824634046 0
    outer loop
      vertex 30.193164497613907 51.216965079307556 0.9
      vertex 30.193164497613907 51.216965079307556 1.5
      vertex 31.19052977859974 51.78953465819359 1.5
    endloop
  endfacet
  facet normal -0.6612345191835903 0.7501792523390967 0
    outer loop
      vertex 29.452055230736732 50.56372516602278 0.9
      vertex 30.193164497613907 51.216965079307556 1.5
      vertex 30.193164497613907 51.216965079307556 0.9
    endloop
  endfacet
  facet normal -0.6612345191835903 0.7501792523390967 0
    outer loop
      vertex 29.452055230736732 50.56372516602278 0.9
      vertex 29.452055230736732 50.56372516602278 1.5
      vertex 30.193164497613907 51.216965079307556 1.5
    endloop
  endfacet
  facet normal -0.8407943997975741 0.5413545762889949 0
    outer loop
      vertex 29.132936544716358 50.06809214502573 0.9
      vertex 29.452055230736732 50.56372516602278 1.5
      vertex 29.452055230736732 50.56372516602278 0.9
    endloop
  endfacet
  facet normal -0.8407943997975741 0.5413545762889949 0
    outer loop
      vertex 29.132936544716358 50.06809214502573 0.9
      vertex 29.132936544716358 50.06809214502573 1.5
      vertex 29.452055230736732 50.56372516602278 1.5
    endloop
  endfacet
  facet normal -0.5012028039471079 0.8653298500083981 0
    outer loop
      vertex 28.86125010997057 49.91073018312454 0.9
      vertex 29.132936544716358 50.06809214502573 1.5
      vertex 29.132936544716358 50.06809214502573 0.9
    endloop
  endfacet
  facet normal -0.5012028039471079 0.8653298500083981 0
    outer loop
      vertex 28.86125010997057 49.91073018312454 0.9
      vertex 28.86125010997057 49.91073018312454 1.5
      vertex 29.132936544716358 50.06809214502573 1.5
    endloop
  endfacet
  facet normal -0.6645354291417165 0.7472567586950517 0
    outer loop
      vertex 27.45691141486168 48.6618517935276 0.9
      vertex 28.86125010997057 49.91073018312454 1.5
      vertex 28.86125010997057 49.91073018312454 0.9
    endloop
  endfacet
  facet normal -0.6645354291417165 0.7472567586950517 0
    outer loop
      vertex 27.45691141486168 48.6618517935276 0.9
      vertex 27.45691141486168 48.6618517935276 1.5
      vertex 28.86125010997057 49.91073018312454 1.5
    endloop
  endfacet
  facet normal -0.7971777622160177 0.6037446607865465 0
    outer loop
      vertex 27.198814123868942 48.32106298953295 0.9
      vertex 27.45691141486168 48.6618517935276 1.5
      vertex 27.45691141486168 48.6618517935276 0.9
    endloop
  endfacet
  facet normal -0.7971777622160177 0.6037446607865465 0
    outer loop
      vertex 27.198814123868942 48.32106298953295 0.9
      vertex 27.198814123868942 48.32106298953295 1.5
      vertex 27.45691141486168 48.6618517935276 1.5
    endloop
  endfacet
  facet normal 0.8204771329351984 0.571679345726638 0
    outer loop
      vertex 27.072071485221386 48.50296467542648 0.9
      vertex 27.198814123868942 48.32106298953295 1.5
      vertex 27.198814123868942 48.32106298953295 0.9
    endloop
  endfacet
  facet normal 0.8204771329351984 0.571679345726638 0
    outer loop
      vertex 27.072071485221386 48.50296467542648 0.9
      vertex 27.072071485221386 48.50296467542648 1.5
      vertex 27.198814123868942 48.32106298953295 1.5
    endloop
  endfacet
  facet normal 0.6950086222309676 0.7190014012674887 0
    outer loop
      vertex 26.802006356418133 48.76401784271002 0.9
      vertex 27.072071485221386 48.50296467542648 1.5
      vertex 27.072071485221386 48.50296467542648 0.9
    endloop
  endfacet
  facet normal 0.6950086222309676 0.7190014012674887 0
    outer loop
      vertex 26.802006356418133 48.76401784271002 0.9
      vertex 26.802006356418133 48.76401784271002 1.5
      vertex 27.072071485221386 48.50296467542648 1.5
    endloop
  endfacet
  facet normal 0.5327771241069864 0.8462555973394141 0
    outer loop
      vertex 26.493891261518 48.95799785852432 0.9
      vertex 26.802006356418133 48.76401784271002 1.5
      vertex 26.802006356418133 48.76401784271002 0.9
    endloop
  endfacet
  facet normal 0.5327771241069864 0.8462555973394141 0
    outer loop
      vertex 26.493891261518 48.95799785852432 0.9
      vertex 26.493891261518 48.95799785852432 1.5
      vertex 26.802006356418133 48.76401784271002 1.5
    endloop
  endfacet
  facet normal 0.33646312950761614 0.9416966403688297 0
    outer loop
      vertex 26.159566901624203 49.07745014876127 0.9
      vertex 26.493891261518 48.95799785852432 1.5
      vertex 26.493891261518 48.95799785852432 0.9
    endloop
  endfacet
  facet normal 0.33646312950761614 0.9416966403688297 0
    outer loop
      vertex 26.159566901624203 49.07745014876127 0.9
      vertex 26.159566901624203 49.07745014876127 1.5
      vertex 26.493891261518 48.95799785852432 1.5
    endloop
  endfacet
  facet normal 0.115234561885903 0.9933383088087181 0
    outer loop
      vertex 25.81188117712736 49.11778425425291 0.9
      vertex 26.159566901624203 49.07745014876127 1.5
      vertex 26.159566901624203 49.07745014876127 0.9
    endloop
  endfacet
  facet normal 0.115234561885903 0.9933383088087181 0
    outer loop
      vertex 25.81188117712736 49.11778425425291 0.9
      vertex 25.81188117712736 49.11778425425291 1.5
      vertex 26.159566901624203 49.07745014876127 1.5
    endloop
  endfacet
  facet normal -0.11523456675905994 0.993338308243396 0
    outer loop
      vertex 25.46419546753168 49.07745014876127 0.9
      vertex 25.81188117712736 49.11778425425291 1.5
      vertex 25.81188117712736 49.11778425425291 0.9
    endloop
  endfacet
  facet normal -0.11523456675905994 0.993338308243396 0
    outer loop
      vertex 25.46419546753168 49.07745014876127 0.9
      vertex 25.46419546753168 49.07745014876127 1.5
      vertex 25.81188117712736 49.11778425425291 1.5
    endloop
  endfacet
  facet normal -0.3364631361570034 0.9416966379930396 0
    outer loop
      vertex 25.129871115088463 48.95799785852432 0.9
      vertex 25.46419546753168 49.07745014876127 1.5
      vertex 25.46419546753168 49.07745014876127 0.9
    endloop
  endfacet
  facet normal -0.3364631361570034 0.9416966379930396 0
    outer loop
      vertex 25.129871115088463 48.95799785852432 0.9
      vertex 25.129871115088463 48.95799785852432 1.5
      vertex 25.46419546753168 49.07745014876127 1.5
    endloop
  endfacet
  facet normal -0.5327771241069864 0.8462555973394141 0
    outer loop
      vertex 24.82175602018833 48.76401784271002 0.9
      vertex 25.129871115088463 48.95799785852432 1.5
      vertex 25.129871115088463 48.95799785852432 0.9
    endloop
  endfacet
  facet normal -0.5327771241069864 0.8462555973394141 0
    outer loop
      vertex 24.82175602018833 48.76401784271002 0.9
      vertex 24.82175602018833 48.76401784271002 1.5
      vertex 25.129871115088463 48.95799785852432 1.5
    endloop
  endfacet
  facet normal -0.6950086123187399 0.7190014108489492 0
    outer loop
      vertex 24.551690883934498 48.50296467542648 0.9
      vertex 24.82175602018833 48.76401784271002 1.5
      vertex 24.82175602018833 48.76401784271002 0.9
    endloop
  endfacet
  facet normal -0.6950086123187399 0.7190014108489492 0
    outer loop
      vertex 24.551690883934498 48.50296467542648 0.9
      vertex 24.551690883934498 48.50296467542648 1.5
      vertex 24.82175602018833 48.76401784271002 1.5
    endloop
  endfacet
  facet normal -0.8204771696511932 0.57167929303165 0
    outer loop
      vertex 24.33005414903164 48.18487045168877 0.9
      vertex 24.551690883934498 48.50296467542648 1.5
      vertex 24.551690883934498 48.50296467542648 0.9
    endloop
  endfacet
  facet normal -0.8204771696511932 0.57167929303165 0
    outer loop
      vertex 24.33005414903164 48.18487045168877 0.9
      vertex 24.33005414903164 48.18487045168877 1.5
      vertex 24.551690883934498 48.50296467542648 1.5
    endloop
  endfacet
  facet normal -0.9106202370320464 0.4132442182386821 0
    outer loop
      vertex 24.16536321491003 47.821959391236305 0.9
      vertex 24.33005414903164 48.18487045168877 1.5
      vertex 24.33005414903164 48.18487045168877 0.9
    endloop
  endfacet
  facet normal -0.9106202370320464 0.4132442182386821 0
    outer loop
      vertex 24.16536321491003 47.821959391236305 0.9
      vertex 24.16536321491003 47.821959391236305 1.5
      vertex 24.33005414903164 48.18487045168877 1.5
    endloop
  endfacet
  facet normal -0.9683990791377546 0.2494057407622148 0
    outer loop
      vertex 24.06394701451063 47.42817793786526 0.9
      vertex 24.16536321491003 47.821959391236305 1.5
      vertex 24.16536321491003 47.821959391236305 0.9
    endloop
  endfacet
  facet normal -0.9683990791377546 0.2494057407622148 0
    outer loop
      vertex 24.06394701451063 47.42817793786526 0.9
      vertex 24.06394701451063 47.42817793786526 1.5
      vertex 24.16536321491003 47.821959391236305 1.5
    endloop
  endfacet
  facet normal -0.9920405585848157 0.12591874412781795 -2.3094201952020375e-16
    outer loop
      vertex 22.44971340149641 34.71057003736496 0.9
      vertex 24.06394701451063 47.42817793786526 1.5
      vertex 24.06394701451063 47.42817793786526 0.9
    endloop
  endfacet
  facet normal -0.9920405585848157 0.12591874412781795 0
    outer loop
      vertex 22.44971340149641 34.71057003736496 0.9
      vertex 22.44971340149641 34.71057003736496 1.5
      vertex 24.06394701451063 47.42817793786526 1.5
    endloop
  endfacet
  facet normal -0.9965220626204445 0.08332933883509956 0
    outer loop
      vertex 22.42574256658554 34.423906706273556 0.9
      vertex 22.44971340149641 34.71057003736496 1.5
      vertex 22.44971340149641 34.71057003736496 0.9
    endloop
  endfacet
  facet normal -0.9965220626204445 0.08332933883509956 0
    outer loop
      vertex 22.42574256658554 34.423906706273556 0.9
      vertex 22.42574256658554 34.423906706273556 1.5
      vertex 22.44971340149641 34.71057003736496 1.5
    endloop
  endfacet
  facet normal -0.9965220558851879 -0.08332941938090355 0
    outer loop
      vertex 22.434705451130867 34.31672112643719 0.9
      vertex 22.42574256658554 34.423906706273556 1.5
      vertex 22.42574256658554 34.423906706273556 0.9
    endloop
  endfacet
  facet normal -0.9965220558851879 -0.08332941938090355 0
    outer loop
      vertex 22.434705451130867 34.31672112643719 0.9
      vertex 22.434705451130867 34.31672112643719 1.5
      vertex 22.42574256658554 34.423906706273556 1.5
    endloop
  endfacet
  facet normal -0.5327771073896501 0.8462556078641471 0
    outer loop
      vertex 22.207886777818203 34.17392290383577 0.9
      vertex 22.434705451130867 34.31672112643719 1.5
      vertex 22.434705451130867 34.31672112643719 0.9
    endloop
  endfacet
  facet normal -0.5327771073896501 0.8462556078641471 0
    outer loop
      vertex 22.207886777818203 34.17392290383577 0.9
      vertex 22.207886777818203 34.17392290383577 1.5
      vertex 22.434705451130867 34.31672112643719 1.5
    endloop
  endfacet
  facet normal -0.6950086260696849 0.7190013975568679 0
    outer loop
      vertex 21.856802113354206 33.83455378562212 0.9
      vertex 22.207886777818203 34.17392290383577 1.5
      vertex 22.207886777818203 34.17392290383577 0.9
    endloop
  endfacet
  facet normal -0.6950086260696849 0.7190013975568679 0
    outer loop
      vertex 21.856802113354206 33.83455378562212 0.9
      vertex 21.856802113354206 33.83455378562212 1.5
      vertex 22.207886777818203 34.17392290383577 1.5
    endloop
  endfacet
  facet normal -0.8204771617734898 0.5716793043377718 0
    outer loop
      vertex 21.568674355745316 33.421031303703785 0.9
      vertex 21.856802113354206 33.83455378562212 1.5
      vertex 21.856802113354206 33.83455378562212 0.9
    endloop
  endfacet
  facet normal -0.8204771617734898 0.5716793043377718 0
    outer loop
      vertex 21.568674355745316 33.421031303703785 0.9
      vertex 21.568674355745316 33.421031303703785 1.5
      vertex 21.856802113354206 33.83455378562212 1.5
    endloop
  endfacet
  facet normal -0.9106202374644007 0.41324421728595123 0
    outer loop
      vertex 21.354576133191586 32.949246905744076 0.9
      vertex 21.568674355745316 33.421031303703785 1.5
      vertex 21.568674355745316 33.421031303703785 0.9
    endloop
  endfacet
  facet normal -0.9106202374644007 0.41324421728595123 0
    outer loop
      vertex 21.354576133191586 32.949246905744076 0.9
      vertex 21.354576133191586 32.949246905744076 1.5
      vertex 21.568674355745316 33.421031303703785 1.5
    endloop
  endfacet
  facet normal -0.9683990840583399 0.24940572165643743 0
    outer loop
      vertex 21.222735084593296 32.43733102083206 0.9
      vertex 21.354576133191586 32.949246905744076 1.5
      vertex 21.354576133191586 32.949246905744076 0.9
    endloop
  endfacet
  facet normal -0.9683990840583399 0.24940572165643743 0
    outer loop
      vertex 21.222735084593296 32.43733102083206 0.9
      vertex 21.222735084593296 32.43733102083206 1.5
      vertex 21.354576133191586 32.949246905744076 1.5
    endloop
  endfacet
  facet normal -0.996522062841224 0.08332933619483372 0
    outer loop
      vertex 21.178217820823193 31.90495625883341 0.9
      vertex 21.222735084593296 32.43733102083206 1.5
      vertex 21.222735084593296 32.43733102083206 0.9
    endloop
  endfacet
  facet normal -0.996522062841224 0.08332933619483372 0
    outer loop
      vertex 21.178217820823193 31.90495625883341 0.9
      vertex 21.178217820823193 31.90495625883341 1.5
      vertex 21.222735084593296 32.43733102083206 1.5
    endloop
  endfacet
  facet normal -0.9965220625507035 -0.08332933966912072 0
    outer loop
      vertex 21.222735084593296 31.372581519186497 0.9
      vertex 21.178217820823193 31.90495625883341 1.5
      vertex 21.178217820823193 31.90495625883341 0.9
    endloop
  endfacet
  facet normal -0.9965220625507035 -0.08332933966912072 0
    outer loop
      vertex 21.222735084593296 31.372581519186497 0.9
      vertex 21.222735084593296 31.372581519186497 1.5
      vertex 21.178217820823193 31.90495625883341 1.5
    endloop
  endfacet
  facet normal -0.9683990866884863 -0.24940571144403542 0
    outer loop
      vertex 21.354576133191586 30.86066561192274 0.9
      vertex 21.222735084593296 31.372581519186497 1.5
      vertex 21.222735084593296 31.372581519186497 0.9
    endloop
  endfacet
  facet normal -0.9683990866884863 -0.24940571144403542 0
    outer loop
      vertex 21.354576133191586 30.86066561192274 0.9
      vertex 21.354576133191586 30.86066561192274 1.5
      vertex 21.222735084593296 31.372581519186497 1.5
    endloop
  endfacet
  facet normal -0.9106202300969253 -0.41324423352083534 0
    outer loop
      vertex 21.568674355745316 30.388881236314774 0.9
      vertex 21.354576133191586 30.86066561192274 1.5
      vertex 21.354576133191586 30.86066561192274 0.9
    endloop
  endfacet
  facet normal -0.9106202300969253 -0.41324423352083534 0
    outer loop
      vertex 21.568674355745316 30.388881236314774 0.9
      vertex 21.568674355745316 30.388881236314774 1.5
      vertex 21.354576133191586 30.86066561192274 1.5
    endloop
  endfacet
  facet normal -0.8204771617734898 -0.5716793043377718 0
    outer loop
      vertex 21.856802113354206 29.97535875439644 0.9
      vertex 21.568674355745316 30.388881236314774 1.5
      vertex 21.568674355745316 30.388881236314774 0.9
    endloop
  endfacet
  facet normal -0.8204771617734898 -0.5716793043377718 0
    outer loop
      vertex 21.856802113354206 29.97535875439644 0.9
      vertex 21.856802113354206 29.97535875439644 1.5
      vertex 21.568674355745316 30.388881236314774 1.5
    endloop
  endfacet
  facet normal -0.6950086418457047 -0.7190013823072867 0
    outer loop
      vertex 22.207886777818203 29.635989621281624 0.9
      vertex 21.856802113354206 29.97535875439644 1.5
      vertex 21.856802113354206 29.97535875439644 0.9
    endloop
  endfacet
  facet normal -0.6950086418457047 -0.7190013823072867 0
    outer loop
      vertex 22.207886777818203 29.635989621281624 0.9
      vertex 22.207886777818203 29.635989621281624 1.5
      vertex 21.856802113354206 29.97535875439644 1.5
    endloop
  endfacet
  facet normal -0.5327771032725934 -0.8462556104561223 0
    outer loop
      vertex 22.60843639820814 29.383815616369247 0.9
      vertex 22.207886777818203 29.635989621281624 1.5
      vertex 22.207886777818203 29.635989621281624 0.9
    endloop
  endfacet
  facet normal -0.5327771032725934 -0.8462556104561223 0
    outer loop
      vertex 22.60843639820814 29.383815616369247 0.9
      vertex 22.60843639820814 29.383815616369247 1.5
      vertex 22.207886777818203 29.635989621281624 1.5
    endloop
  endfacet
  facet normal -0.33646314075738387 -0.9416966363493483 0
    outer loop
      vertex 23.043058060109615 29.228527635335922 0.9
      vertex 22.60843639820814 29.383815616369247 1.5
      vertex 22.60843639820814 29.383815616369247 0.9
    endloop
  endfacet
  facet normal -0.33646314075738387 -0.9416966363493483 0
    outer loop
      vertex 23.043058060109615 29.228527635335922 0.9
      vertex 23.043058060109615 29.228527635335922 1.5
      vertex 22.60843639820814 29.383815616369247 1.5
    endloop
  endfacet
  facet normal -0.11523456909828157 -0.9933383079720288 0
    outer loop
      vertex 23.495049498975277 29.17609329521656 0.9
      vertex 23.043058060109615 29.228527635335922 1.5
      vertex 23.043058060109615 29.228527635335922 0.9
    endloop
  endfacet
  facet normal -0.11523456909828157 -0.9933383079720288 0
    outer loop
      vertex 23.495049498975277 29.17609329521656 0.9
      vertex 23.495049498975277 29.17609329521656 1.5
      vertex 23.043058060109615 29.228527635335922 1.5
    endloop
  endfacet
  facet normal 0.11523456722399045 -0.9933383081894606 0
    outer loop
      vertex 23.94704094529152 29.228527635335922 0.9
      vertex 23.495049498975277 29.17609329521656 1.5
      vertex 23.495049498975277 29.17609329521656 0.9
    endloop
  endfacet
  facet normal 0.11523456722399045 -0.9933383081894606 0
    outer loop
      vertex 23.94704094529152 29.228527635335922 0.9
      vertex 23.94704094529152 29.228527635335922 1.5
      vertex 23.495049498975277 29.17609329521656 1.5
    endloop
  endfacet
  facet normal 0.33646314587229725 -0.9416966345218173 0
    outer loop
      vertex 24.381662599742413 29.383815616369247 0.9
      vertex 23.94704094529152 29.228527635335922 1.5
      vertex 23.94704094529152 29.228527635335922 0.9
    endloop
  endfacet
  facet normal 0.33646314587229725 -0.9416966345218173 0
    outer loop
      vertex 24.381662599742413 29.383815616369247 0.9
      vertex 24.381662599742413 29.383815616369247 1.5
      vertex 23.94704094529152 29.228527635335922 1.5
    endloop
  endfacet
  facet normal 0.5327771032725934 -0.8462556104561223 0
    outer loop
      vertex 24.78221222013235 29.635989621281624 0.9
      vertex 24.381662599742413 29.383815616369247 1.5
      vertex 24.381662599742413 29.383815616369247 0.9
    endloop
  endfacet
  facet normal 0.5327771032725934 -0.8462556104561223 0
    outer loop
      vertex 24.78221222013235 29.635989621281624 0.9
      vertex 24.78221222013235 29.635989621281624 1.5
      vertex 24.381662599742413 29.383815616369247 1.5
    endloop
  endfacet
  facet normal 0.6950086342209142 -0.7190013896776414 0
    outer loop
      vertex 25.13329689204693 29.97535875439644 0.9
      vertex 24.78221222013235 29.635989621281624 1.5
      vertex 24.78221222013235 29.635989621281624 0.9
    endloop
  endfacet
  facet normal 0.6950086342209142 -0.7190013896776414 0
    outer loop
      vertex 25.13329689204693 29.97535875439644 0.9
      vertex 25.13329689204693 29.97535875439644 1.5
      vertex 24.78221222013235 29.635989621281624 1.5
    endloop
  endfacet
  facet normal 0.820477168707372 -0.5716792943862273 0
    outer loop
      vertex 25.42142464220524 30.388881236314774 0.9
      vertex 25.13329689204693 29.97535875439644 1.5
      vertex 25.13329689204693 29.97535875439644 0.9
    endloop
  endfacet
  facet normal 0.820477168707372 -0.5716792943862273 0
    outer loop
      vertex 25.42142464220524 30.388881236314774 0.9
      vertex 25.42142464220524 30.388881236314774 1.5
      vertex 25.13329689204693 29.97535875439644 1.5
    endloop
  endfacet
  facet normal 0.9106202246852971 -0.41324424544583693 0
    outer loop
      vertex 25.63552287220955 30.86066561192274 0.9
      vertex 25.42142464220524 30.388881236314774 1.5
      vertex 25.42142464220524 30.388881236314774 0.9
    endloop
  endfacet
  facet normal 0.9106202246852971 -0.41324424544583693 0
    outer loop
      vertex 25.63552287220955 30.86066561192274 0.9
      vertex 25.63552287220955 30.86066561192274 1.5
      vertex 25.42142464220524 30.388881236314774 1.5
    endloop
  endfacet
  facet normal 0.9683990866884863 -0.24940571144403542 0
    outer loop
      vertex 25.76736392080784 31.372581519186497 0.9
      vertex 25.63552287220955 30.86066561192274 1.5
      vertex 25.63552287220955 30.86066561192274 0.9
    endloop
  endfacet
  facet normal 0.9683990866884863 -0.24940571144403542 0
    outer loop
      vertex 25.76736392080784 31.372581519186497 0.9
      vertex 25.76736392080784 31.372581519186497 1.5
      vertex 25.63552287220955 30.86066561192274 1.5
    endloop
  endfacet
  facet normal 0.9965220637087991 -0.08332932581964185 0
    outer loop
      vertex 25.81188117712736 31.90495625883341 0.9
      vertex 25.76736392080784 31.372581519186497 1.5
      vertex 25.76736392080784 31.372581519186497 0.9
    endloop
  endfacet
  facet normal 0.9965220637087991 -0.08332932581964185 0
    outer loop
      vertex 25.81188117712736 31.90495625883341 0.9
      vertex 25.81188117712736 31.90495625883341 1.5
      vertex 25.76736392080784 31.372581519186497 1.5
    endloop
  endfacet
  facet normal 0.9965220639993195 0.08332932234535544 0
    outer loop
      vertex 25.76736392080784 32.43733102083206 0.9
      vertex 25.81188117712736 31.90495625883341 1.5
      vertex 25.81188117712736 31.90495625883341 0.9
    endloop
  endfacet
  facet normal 0.9965220639993195 0.08332932234535544 0
    outer loop
      vertex 25.76736392080784 32.43733102083206 0.9
      vertex 25.76736392080784 32.43733102083206 1.5
      vertex 25.81188117712736 31.90495625883341 1.5
    endloop
  endfacet
  facet normal 0.9683990840583399 0.24940572165643743 0
    outer loop
      vertex 25.63552287220955 32.949246905744076 0.9
      vertex 25.76736392080784 32.43733102083206 1.5
      vertex 25.76736392080784 32.43733102083206 0.9
    endloop
  endfacet
  facet normal 0.9683990840583399 0.24940572165643743 0
    outer loop
      vertex 25.63552287220955 32.949246905744076 0.9
      vertex 25.63552287220955 32.949246905744076 1.5
      vertex 25.76736392080784 32.43733102083206 1.5
    endloop
  endfacet
  facet normal 0.9106202320527728 0.41324422921095244 0
    outer loop
      vertex 25.42142464220524 33.421031303703785 0.9
      vertex 25.63552287220955 32.949246905744076 1.5
      vertex 25.63552287220955 32.949246905744076 0.9
    endloop
  endfacet
  facet normal 0.9106202320527728 0.41324422921095244 0
    outer loop
      vertex 25.42142464220524 33.421031303703785 0.9
      vertex 25.42142464220524 33.421031303703785 1.5
      vertex 25.63552287220955 32.949246905744076 1.5
    endloop
  endfacet
  facet normal 0.820477168707372 0.5716792943862273 0
    outer loop
      vertex 25.13329689204693 33.83455378562212 0.9
      vertex 25.42142464220524 33.421031303703785 1.5
      vertex 25.42142464220524 33.421031303703785 0.9
    endloop
  endfacet
  facet normal 0.820477168707372 0.5716792943862273 0
    outer loop
      vertex 25.13329689204693 33.83455378562212 0.9
      vertex 25.13329689204693 33.83455378562212 1.5
      vertex 25.42142464220524 33.421031303703785 1.5
    endloop
  endfacet
  facet normal 0.6950086506423677 0.7190013738041641 0
    outer loop
      vertex 24.881540149450302 34.07790952920914 0.9
      vertex 25.13329689204693 33.83455378562212 1.5
      vertex 25.13329689204693 33.83455378562212 0.9
    endloop
  endfacet
  facet normal 0.6950086506423677 0.7190013738041641 0
    outer loop
      vertex 24.881540149450302 34.07790952920914 0.9
      vertex 24.881540149450302 34.07790952920914 1.5
      vertex 25.13329689204693 33.83455378562212 1.5
    endloop
  endfacet
  facet normal 0.9683991183378929 -0.24940558855485062 0
    outer loop
      vertex 24.89682123810053 34.13724337518215 0.9
      vertex 24.881540149450302 34.07790952920914 1.5
      vertex 24.881540149450302 34.07790952920914 0.9
    endloop
  endfacet
  facet normal 0.9683991183378929 -0.24940558855485062 0
    outer loop
      vertex 24.89682123810053 34.13724337518215 0.9
      vertex 24.89682123810053 34.13724337518215 1.5
      vertex 24.881540149450302 34.07790952920914 1.5
    endloop
  endfacet
  facet normal 0.9779556552901785 -0.20881268229194674 -2.7594995517774118e-17
    outer loop
      vertex 25.596913903951645 37.41606520861387 0.9
      vertex 24.89682123810053 34.13724337518215 1.5
      vertex 24.89682123810053 34.13724337518215 0.9
    endloop
  endfacet
  facet normal 0.9779556552901785 -0.20881268229194674 0
    outer loop
      vertex 25.596913903951645 37.41606520861387 0.9
      vertex 25.596913903951645 37.41606520861387 1.5
      vertex 24.89682123810053 34.13724337518215 1.5
    endloop
  endfacet
  facet normal -0.8968296430141419 -0.4423760746368714 0
    outer loop
      vertex 26.30440041422844 35.98177680373192 0.9
      vertex 25.596913903951645 37.41606520861387 1.5
      vertex 25.596913903951645 37.41606520861387 0.9
    endloop
  endfacet
  facet normal -0.8968296430141419 -0.4423760746368714 0
    outer loop
      vertex 26.30440041422844 35.98177680373192 0.9
      vertex 26.30440041422844 35.98177680373192 1.5
      vertex 25.596913903951645 37.41606520861387 1.5
    endloop
  endfacet
  facet normal -0.7971777536831647 -0.6037446720532312 0
    outer loop
      vertex 27.45691141486168 34.46001408994198 0.9
      vertex 26.30440041422844 35.98177680373192 1.5
      vertex 26.30440041422844 35.98177680373192 0.9
    endloop
  endfacet
  facet normal -0.7971777536831647 -0.6037446720532312 0
    outer loop
      vertex 27.45691141486168 34.46001408994198 0.9
      vertex 27.45691141486168 34.46001408994198 1.5
      vertex 26.30440041422844 35.98177680373192 1.5
    endloop
  endfacet
  facet normal -0.6645354310424422 -0.7472567570047364 0
    outer loop
      vertex 27.497513443231583 34.423906706273556 0.9
      vertex 27.45691141486168 34.46001408994198 1.5
      vertex 27.45691141486168 34.46001408994198 0.9
    endloop
  endfacet
  facet normal -0.6645354310424422 -0.7472567570047364 0
    outer loop
      vertex 27.497513443231583 34.423906706273556 0.9
      vertex 27.497513443231583 34.423906706273556 1.5
      vertex 27.45691141486168 34.46001408994198 1.5
    endloop
  endfacet
  facet normal 0 1 0
    outer loop
      vertex 27.148514844477177 34.423906706273556 0.9
      vertex 27.497513443231583 34.423906706273556 1.5
      vertex 27.497513443231583 34.423906706273556 0.9
    endloop
  endfacet
  facet normal 0 1 0
    outer loop
      vertex 27.148514844477177 34.423906706273556 0.9
      vertex 27.148514844477177 34.423906706273556 1.5
      vertex 27.497513443231583 34.423906706273556 1.5
    endloop
  endfacet
  facet normal -1 0 0
    outer loop
      vertex 27.148514844477177 24.138192422688007 0.9
      vertex 27.148514844477177 34.423906706273556 1.5
      vertex 27.148514844477177 34.423906706273556 0.9
    endloop
  endfacet
  facet normal -1 0 0
    outer loop
      vertex 27.148514844477177 24.138192422688007 0.9
      vertex 27.148514844477177 24.138192422688007 1.5
      vertex 27.148514844477177 34.423906706273556 1.5
    endloop
  endfacet
  facet normal 0 1 0
    outer loop
      vertex 26.3465346544981 24.138192422688007 0.9
      vertex 27.148514844477177 24.138192422688007 1.5
      vertex 27.148514844477177 24.138192422688007 0.9
    endloop
  endfacet
  facet normal 0 1 0
    outer loop
      vertex 26.3465346544981 24.138192422688007 0.9
      vertex 26.3465346544981 24.138192422688007 1.5
      vertex 27.148514844477177 24.138192422688007 1.5
    endloop
  endfacet
  facet normal -1 0 0
    outer loop
      vertex 26.3465346544981 20.989504374563694 0.9
      vertex 26.3465346544981 24.138192422688007 1.5
      vertex 26.3465346544981 24.138192422688007 0.9
    endloop
  endfacet
  facet normal -1 0 0
    outer loop
      vertex 26.3465346544981 20.989504374563694 0.9
      vertex 26.3465346544981 20.989504374563694 1.5
      vertex 26.3465346544981 24.138192422688007 1.5
    endloop
  endfacet
  facet normal 0 -1 0
    outer loop
      vertex 36.683168314397335 20.989504374563694 0.9
      vertex 26.3465346544981 20.989504374563694 1.5
      vertex 26.3465346544981 20.989504374563694 0.9
    endloop
  endfacet
  facet normal 0 -1 0
    outer loop
      vertex 36.683168314397335 20.989504374563694 0.9
      vertex 36.683168314397335 20.989504374563694 1.5
      vertex 26.3465346544981 20.989504374563694 1.5
    endloop
  endfacet
  facet normal 1 0 0
    outer loop
      vertex 36.683168314397335 24.138192422688007 0.9
      vertex 36.683168314397335 20.989504374563694 1.5
      vertex 36.683168314397335 20.989504374563694 0.9
    endloop
  endfacet
  facet normal 1 0 0
    outer loop
      vertex 36.683168314397335 24.138192422688007 0.9
      vertex 36.683168314397335 24.138192422688007 1.5
      vertex 36.683168314397335 20.989504374563694 1.5
    endloop
  endfacet
  facet normal 0 1 0
    outer loop
      vertex 43.53424080461264 33.58425655961037 0.9
      vertex 43.53424080461264 33.58425655961037 1.5
      vertex 45.50495050102472 33.58425655961037 0.9
    endloop
  endfacet
  facet normal 0 1 0
    outer loop
      vertex 45.50495050102472 33.58425655961037 1.5
      vertex 45.50495050102472 33.58425655961037 0.9
      vertex 43.53424080461264 33.58425655961037 1.5
    endloop
  endfacet
  facet normal 0.23583135855091572 -0.971793995826291 0
    outer loop
      vertex 46.30232462286949 34.256004862487316 0.9
      vertex 46.30232462286949 34.256004862487316 1.5
      vertex 43.53424080461264 33.58425655961037 0.9
    endloop
  endfacet
  facet normal 0.23583135855091572 -0.971793995826291 0
    outer loop
      vertex 43.53424080461264 33.58425655961037 1.5
      vertex 43.53424080461264 33.58425655961037 0.9
      vertex 46.30232462286949 34.256004862487316 1.5
    endloop
  endfacet
  facet normal 0.293720169969163 -0.9558914487290311 0
    outer loop
      vertex 46.396039605140686 34.28480099886656 0.9
      vertex 46.396039605140686 34.28480099886656 1.5
      vertex 46.30232462286949 34.256004862487316 0.9
    endloop
  endfacet
  facet normal 0.293720169969163 -0.9558914487290311 0
    outer loop
      vertex 46.30232462286949 34.256004862487316 1.5
      vertex 46.30232462286949 34.256004862487316 0.9
      vertex 46.396039605140686 34.28480099886656 1.5
    endloop
  endfacet
  facet normal -1 0 0
    outer loop
      vertex 46.396039605140686 24.138192422688007 0.9
      vertex 46.396039605140686 24.138192422688007 1.5
      vertex 46.396039605140686 34.28480099886656 0.9
    endloop
  endfacet
  facet normal -1 0 0
    outer loop
      vertex 46.396039605140686 34.28480099886656 1.5
      vertex 46.396039605140686 34.28480099886656 0.9
      vertex 46.396039605140686 24.138192422688007 1.5
    endloop
  endfacet
  facet normal 0 1 0
    outer loop
      vertex 45.50495050102472 24.138192422688007 0.9
      vertex 45.50495050102472 24.138192422688007 1.5
      vertex 46.396039605140686 24.138192422688007 0.9
    endloop
  endfacet
  facet normal 0 1 0
    outer loop
      vertex 46.396039605140686 24.138192422688007 1.5
      vertex 46.396039605140686 24.138192422688007 0.9
      vertex 45.50495050102472 24.138192422688007 1.5
    endloop
  endfacet
  facet normal 1 0 0
    outer loop
      vertex 45.50495050102472 33.58425655961037 0.9
      vertex 45.50495050102472 33.58425655961037 1.5
      vertex 45.50495050102472 24.138192422688007 0.9
    endloop
  endfacet
  facet normal 1 0 0
    outer loop
      vertex 45.50495050102472 24.138192422688007 1.5
      vertex 45.50495050102472 24.138192422688007 0.9
      vertex 45.50495050102472 33.58425655961037 1.5
    endloop
  endfacet
  facet normal -0.31227301599761015 -0.949992401801065 0
    outer loop
      vertex 32.13861386477947 31.73249000310898 0.9
      vertex 32.13861386477947 31.73249000310898 1.5
      vertex 30.891089104115963 32.142565198242664 0.9
    endloop
  endfacet
  facet normal -0.31227301599761015 -0.949992401801065 0
    outer loop
      vertex 30.891089104115963 32.142565198242664 1.5
      vertex 30.891089104115963 32.142565198242664 0.9
      vertex 32.13861386477947 31.73249000310898 1.5
    endloop
  endfacet
  facet normal -1 0 0
    outer loop
      vertex 32.13861386477947 24.138192422688007 0.9
      vertex 32.13861386477947 24.138192422688007 1.5
      vertex 32.13861386477947 31.73249000310898 0.9
    endloop
  endfacet
  facet normal -1 0 0
    outer loop
      vertex 32.13861386477947 31.73249000310898 1.5
      vertex 32.13861386477947 31.73249000310898 0.9
      vertex 32.13861386477947 24.138192422688007 1.5
    endloop
  endfacet
  facet normal 0 1 0
    outer loop
      vertex 30.891089104115963 24.138192422688007 0.9
      vertex 30.891089104115963 24.138192422688007 1.5
      vertex 32.13861386477947 24.138192422688007 0.9
    endloop
  endfacet
  facet normal 0 1 0
    outer loop
      vertex 32.13861386477947 24.138192422688007 1.5
      vertex 32.13861386477947 24.138192422688007 0.9
      vertex 30.891089104115963 24.138192422688007 1.5
    endloop
  endfacet
  facet normal 1 0 0
    outer loop
      vertex 30.891089104115963 32.142565198242664 0.9
      vertex 30.891089104115963 32.142565198242664 1.5
      vertex 30.891089104115963 24.138192422688007 0.9
    endloop
  endfacet
  facet normal 1 0 0
    outer loop
      vertex 30.891089104115963 24.138192422688007 1.5
      vertex 30.891089104115963 24.138192422688007 0.9
      vertex 30.891089104115963 32.142565198242664 1.5
    endloop
  endfacet
  facet normal 0 -1 0
    outer loop
      vertex 30.446050688624382 10.707307375967503 0.9
      vertex 28.865575797855854 10.707307375967503 1.5
      vertex 28.865575797855854 10.707307375967503 0.9
    endloop
  endfacet
  facet normal 0 -1 0
    outer loop
      vertex 30.446050688624382 10.707307375967503 0.9
      vertex 30.446050688624382 10.707307375967503 1.5
      vertex 28.865575797855854 10.707307375967503 1.5
    endloop
  endfacet
  facet normal -0.03685755973449202 -0.9993205293049965 0
    outer loop
      vertex 30.699205167591572 10.697970375418663 0.9
      vertex 30.446050688624382 10.707307375967503 1.5
      vertex 30.446050688624382 10.707307375967503 0.9
    endloop
  endfacet
  facet normal -0.03685755973449202 -0.9993205293049965 0
    outer loop
      vertex 30.699205167591572 10.697970375418663 0.9
      vertex 30.699205167591572 10.697970375418663 1.5
      vertex 30.446050688624382 10.707307375967503 1.5
    endloop
  endfacet
  facet normal -0.12700338000506112 -0.991902284233326 0
    outer loop
      vertex 30.91797250509262 10.669959358870983 0.9
      vertex 30.699205167591572 10.697970375418663 1.5
      vertex 30.699205167591572 10.697970375418663 0.9
    endloop
  endfacet
  facet normal -0.12700338000506112 -0.991902284233326 0
    outer loop
      vertex 30.91797250509262 10.669959358870983 0.9
      vertex 30.91797250509262 10.669959358870983 1.5
      vertex 30.699205167591572 10.697970375418663 1.5
    endloop
  endfacet
  facet normal -0.2454539376368661 -0.9694082548124693 0
    outer loop
      vertex 31.102352686226368 10.623274341225624 0.9
      vertex 30.91797250509262 10.669959358870983 1.5
      vertex 30.91797250509262 10.669959358870983 0.9
    endloop
  endfacet
  facet normal -0.2454539376368661 -0.9694082548124693 0
    outer loop
      vertex 31.102352686226368 10.623274341225624 0.9
      vertex 31.102352686226368 10.623274341225624 1.5
      vertex 30.91797250509262 10.669959358870983 1.5
    endloop
  endfacet
  facet normal -0.3994696110850559 -0.9167464370367383 0
    outer loop
      vertex 31.252345725893974 10.557915307581425 0.9
      vertex 31.102352686226368 10.623274341225624 1.5
      vertex 31.102352686226368 10.623274341225624 0.9
    endloop
  endfacet
  facet normal -0.3994696110850559 -0.9167464370367383 0
    outer loop
      vertex 31.252345725893974 10.557915307581425 0.9
      vertex 31.252345725893974 10.557915307581425 1.5
      vertex 31.102352686226368 10.623274341225624 1.5
    endloop
  endfacet
  facet normal -0.5879704360188724 -0.8088824181349085 0
    outer loop
      vertex 31.36795162409544 10.473882265388966 0.9
      vertex 31.252345725893974 10.557915307581425 1.5
      vertex 31.252345725893974 10.557915307581425 0.9
    endloop
  endfacet
  facet normal -0.5879704360188724 -0.8088824181349085 0
    outer loop
      vertex 31.36795162409544 10.473882265388966 0.9
      vertex 31.36795162409544 10.473882265388966 1.5
      vertex 31.252345725893974 10.557915307581425 1.5
    endloop
  endfacet
  facet normal -0.7831425437725733 -0.6218422276859487 0
    outer loop
      vertex 31.456918470561504 10.361838214099407 0.9
      vertex 31.36795162409544 10.473882265388966 1.5
      vertex 31.36795162409544 10.473882265388966 0.9
    endloop
  endfacet
  facet normal -0.7831425437725733 -0.6218422276859487 0
    outer loop
      vertex 31.456918470561504 10.361838214099407 0.9
      vertex 31.456918470561504 10.361838214099407 1.5
      vertex 31.36795162409544 10.473882265388966 1.5
    endloop
  endfacet
  facet normal -0.9053462401646911 -0.4246742109189791 0
    outer loop
      vertex 31.52699437737465 10.21244614571333 0.9
      vertex 31.456918470561504 10.361838214099407 1.5
      vertex 31.456918470561504 10.361838214099407 0.9
    endloop
  endfacet
  facet normal -0.9053462401646911 -0.4246742109189791 0
    outer loop
      vertex 31.52699437737465 10.21244614571333 0.9
      vertex 31.52699437737465 10.21244614571333 1.5
      vertex 31.456918470561504 10.361838214099407 1.5
    endloop
  endfacet
  facet normal -0.9644276266194299 -0.26434703140609245 0
    outer loop
      vertex 31.578179337084293 10.025706052780151 0.9
      vertex 31.52699437737465 10.21244614571333 1.5
      vertex 31.52699437737465 10.21244614571333 0.9
    endloop
  endfacet
  facet normal -0.9644276266194299 -0.26434703140609245 0
    outer loop
      vertex 31.578179337084293 10.025706052780151 0.9
      vertex 31.578179337084293 10.025706052780151 1.5
      vertex 31.52699437737465 10.21244614571333 1.5
    endloop
  endfacet
  facet normal -0.9897747195663792 -0.1426394212947297 0
    outer loop
      vertex 31.610473349690437 9.801617950201035 0.9
      vertex 31.578179337084293 10.025706052780151 1.5
      vertex 31.578179337084293 10.025706052780151 0.9
    endloop
  endfacet
  facet normal -0.9897747195663792 -0.1426394212947297 0
    outer loop
      vertex 31.610473349690437 9.801617950201035 0.9
      vertex 31.610473349690437 9.801617950201035 1.5
      vertex 31.578179337084293 10.025706052780151 1.5
    endloop
  endfacet
  facet normal -0.9986884269119397 -0.051199862813830384 0
    outer loop
      vertex 31.62387642264366 9.540181823074818 0.9
      vertex 31.610473349690437 9.801617950201035 1.5
      vertex 31.610473349690437 9.801617950201035 0.9
    endloop
  endfacet
  facet normal -0.9986884269119397 -0.051199862813830384 0
    outer loop
      vertex 31.62387642264366 9.540181823074818 0.9
      vertex 31.62387642264366 9.540181823074818 1.5
      vertex 31.610473349690437 9.801617950201035 1.5
    endloop
  endfacet
  facet normal -0.9998926996111246 -0.014648865634487428 0
    outer loop
      vertex 31.63384371250868 8.85984106361866 0.9
      vertex 31.62387642264366 9.540181823074818 1.5
      vertex 31.62387642264366 9.540181823074818 0.9
    endloop
  endfacet
  facet normal -0.9998926996111246 -0.014648865634487428 0
    outer loop
      vertex 31.63384371250868 8.85984106361866 0.9
      vertex 31.63384371250868 8.85984106361866 1.5
      vertex 31.62387642264366 9.540181823074818 1.5
    endloop
  endfacet
  facet normal -0.9994723134833613 -0.03248221944722183 0
    outer loop
      vertex 31.638021178543568 8.73130115121603 0.9
      vertex 31.63384371250868 8.85984106361866 1.5
      vertex 31.63384371250868 8.85984106361866 0.9
    endloop
  endfacet
  facet normal -0.9994723134833613 -0.03248221944722183 0
    outer loop
      vertex 31.638021178543568 8.73130115121603 0.9
      vertex 31.638021178543568 8.73130115121603 1.5
      vertex 31.63384371250868 8.85984106361866 1.5
    endloop
  endfacet
  facet normal -0.9977562033552592 -0.06695191308766885 0
    outer loop
      vertex 31.646566659212112 8.603951446712017 0.9
      vertex 31.638021178543568 8.73130115121603 1.5
      vertex 31.638021178543568 8.73130115121603 0.9
    endloop
  endfacet
  facet normal -0.9977562033552592 -0.06695191308766885 0
    outer loop
      vertex 31.646566659212112 8.603951446712017 0.9
      vertex 31.646566659212112 8.603951446712017 1.5
      vertex 31.638021178543568 8.73130115121603 1.5
    endloop
  endfacet
  facet normal -0.994802172748288 -0.10182650487611385 0
    outer loop
      vertex 31.659480161964893 8.47779195010662 0.9
      vertex 31.646566659212112 8.603951446712017 1.5
      vertex 31.646566659212112 8.603951446712017 0.9
    endloop
  endfacet
  facet normal -0.994802172748288 -0.10182650487611385 0
    outer loop
      vertex 31.659480161964893 8.47779195010662 0.9
      vertex 31.659480161964893 8.47779195010662 1.5
      vertex 31.646566659212112 8.603951446712017 1.5
    endloop
  endfacet
  facet normal -0.9905734508544419 -0.13698262102296918 0
    outer loop
      vertex 31.67676168680191 8.352822668850422 0.9
      vertex 31.659480161964893 8.47779195010662 1.5
      vertex 31.659480161964893 8.47779195010662 0.9
    endloop
  endfacet
  facet normal -0.9905734508544419 -0.13698262102296918 0
    outer loop
      vertex 31.67676168680191 8.352822668850422 0.9
      vertex 31.67676168680191 8.352822668850422 1.5
      vertex 31.659480161964893 8.47779195010662 1.5
    endloop
  endfacet
  facet normal -0.9850464141974254 -0.17228918096268891 0
    outer loop
      vertex 31.698411218822002 8.22904360294342 0.9
      vertex 31.67676168680191 8.352822668850422 1.5
      vertex 31.67676168680191 8.352822668850422 0.9
    endloop
  endfacet
  facet normal -0.9850464141974254 -0.17228918096268891 0
    outer loop
      vertex 31.698411218822002 8.22904360294342 0.9
      vertex 31.698411218822002 8.22904360294342 1.5
      vertex 31.67676168680191 8.352822668850422 1.5
    endloop
  endfacet
  facet normal -0.9779893830309484 -0.20865465889537432 0
    outer loop
      vertex 31.71193155646324 8.165672160685062 0.9
      vertex 31.698411218822002 8.22904360294342 1.5
      vertex 31.698411218822002 8.22904360294342 0.9
    endloop
  endfacet
  facet normal -0.9779893830309484 -0.20865465889537432 0
    outer loop
      vertex 31.71193155646324 8.165672160685062 0.9
      vertex 31.71193155646324 8.165672160685062 1.5
      vertex 31.698411218822002 8.22904360294342 1.5
    endloop
  endfacet
  facet normal -0.973381280300732 -0.22919180430396688 0
    outer loop
      vertex 31.72862969338894 8.09475490450859 0.9
      vertex 31.71193155646324 8.165672160685062 1.5
      vertex 31.71193155646324 8.165672160685062 0.9
    endloop
  endfacet
  facet normal -0.973381280300732 -0.22919180430396688 0
    outer loop
      vertex 31.72862969338894 8.09475490450859 0.9
      vertex 31.72862969338894 8.09475490450859 1.5
      vertex 31.71193155646324 8.165672160685062 1.5
    endloop
  endfacet
  facet normal -0.9693814481684752 -0.24555978487282826 0
    outer loop
      vertex 31.748505644500256 8.016291819512844 0.9
      vertex 31.72862969338894 8.09475490450859 1.5
      vertex 31.72862969338894 8.09475490450859 0.9
    endloop
  endfacet
  facet normal -0.9693814481684752 -0.24555978487282826 0
    outer loop
      vertex 31.748505644500256 8.016291819512844 0.9
      vertex 31.748505644500256 8.016291819512844 1.5
      vertex 31.72862969338894 8.09475490450859 1.5
    endloop
  endfacet
  facet normal -0.9659041108463708 -0.25890007464286646 0
    outer loop
      vertex 31.77155939489603 7.930282913148403 0.9
      vertex 31.748505644500256 8.016291819512844 1.5
      vertex 31.748505644500256 8.016291819512844 0.9
    endloop
  endfacet
  facet normal -0.9659041108463708 -0.25890007464286646 0
    outer loop
      vertex 31.77155939489603 7.930282913148403 0.9
      vertex 31.77155939489603 7.930282913148403 1.5
      vertex 31.748505644500256 8.016291819512844 1.5
    endloop
  endfacet
  facet normal -0.9628671382259308 -0.2699756917291006 0
    outer loop
      vertex 31.797790952026844 7.836728177964687 0.9
      vertex 31.77155939489603 7.930282913148403 1.5
      vertex 31.77155939489603 7.930282913148403 0.9
    endloop
  endfacet
  facet normal -0.9628671382259308 -0.2699756917291006 0
    outer loop
      vertex 31.797790952026844 7.836728177964687 0.9
      vertex 31.797790952026844 7.836728177964687 1.5
      vertex 31.77155939489603 7.930282913148403 1.5
    endloop
  endfacet
  facet normal 0 -1 0
    outer loop
      vertex 33.48262922465801 7.836728177964687 0.9
      vertex 31.797790952026844 7.836728177964687 1.5
      vertex 31.797790952026844 7.836728177964687 0.9
    endloop
  endfacet
  facet normal 0 -1 0
    outer loop
      vertex 33.48262922465801 7.836728177964687 0.9
      vertex 33.48262922465801 7.836728177964687 1.5
      vertex 31.797790952026844 7.836728177964687 1.5
    endloop
  endfacet
  facet normal 1 0 0
    outer loop
      vertex 33.48262922465801 8.020536713302135 0.9
      vertex 33.48262922465801 7.836728177964687 1.5
      vertex 33.48262922465801 7.836728177964687 0.9
    endloop
  endfacet
  facet normal 1 0 0
    outer loop
      vertex 33.48262922465801 8.020536713302135 0.9
      vertex 33.48262922465801 8.020536713302135 1.5
      vertex 33.48262922465801 7.836728177964687 1.5
    endloop
  endfacet
  facet normal 0.5923414793596746 0.8056870185313848 0
    outer loop
      vertex 33.40151307731867 8.080173343420029 0.9
      vertex 33.48262922465801 8.020536713302135 1.5
      vertex 33.48262922465801 8.020536713302135 0.9
    endloop
  endfacet
  facet normal 0.5923414793596746 0.8056870185313848 0
    outer loop
      vertex 33.40151307731867 8.080173343420029 0.9
      vertex 33.40151307731867 8.080173343420029 1.5
      vertex 33.48262922465801 8.020536713302135 1.5
    endloop
  endfacet
  facet normal 0.7229042810427561 0.6909481894107952 0
    outer loop
      vertex 33.33311989158392 8.151729688048363 0.9
      vertex 33.40151307731867 8.080173343420029 1.5
      vertex 33.40151307731867 8.080173343420029 0.9
    endloop
  endfacet
  facet normal 0.7229042810427561 0.6909481894107952 0
    outer loop
      vertex 33.33311989158392 8.151729688048363 0.9
      vertex 33.33311989158392 8.151729688048363 1.5
      vertex 33.40151307731867 8.080173343420029 1.5
    endloop
  endfacet
  facet normal 0.8319603880890982 0.5548350319244785 0
    outer loop
      vertex 33.277449652552605 8.235205732285976 0.9
      vertex 33.33311989158392 8.151729688048363 1.5
      vertex 33.33311989158392 8.151729688048363 0.9
    endloop
  endfacet
  facet normal 0.8319603880890982 0.5548350319244785 0
    outer loop
      vertex 33.277449652552605 8.235205732285976 0.9
      vertex 33.277449652552605 8.235205732285976 1.5
      vertex 33.33311989158392 8.151729688048363 1.5
    endloop
  endfacet
  facet normal 0.9118527861524958 0.41051735211307555 0
    outer loop
      vertex 33.234502360224724 8.33060147613287 0.9
      vertex 33.277449652552605 8.235205732285976 1.5
      vertex 33.277449652552605 8.235205732285976 0.9
    endloop
  endfacet
  facet normal 0.9118527861524958 0.41051735211307555 0
    outer loop
      vertex 33.234502360224724 8.33060147613287 0.9
      vertex 33.234502360224724 8.33060147613287 1.5
      vertex 33.277449652552605 8.235205732285976 1.5
    endloop
  endfacet
  facet normal 0.9625530073973564 0.2710935409601357 0
    outer loop
      vertex 33.20427802205086 8.437916934490204 0.9
      vertex 33.234502360224724 8.33060147613287 1.5
      vertex 33.234502360224724 8.33060147613287 0.9
    endloop
  endfacet
  facet normal 0.9625530073973564 0.2710935409601357 0
    outer loop
      vertex 33.20427802205086 8.437916934490204 0.9
      vertex 33.20427802205086 8.437916934490204 1.5
      vertex 33.234502360224724 8.33060147613287 1.5
    endloop
  endfacet
  facet normal 0.9859727387075056 0.16690643644156133 0
    outer loop
      vertex 33.18997789174318 8.522392638027668 0.9
      vertex 33.20427802205086 8.437916934490204 1.5
      vertex 33.20427802205086 8.437916934490204 0.9
    endloop
  endfacet
  facet normal 0.9859727387075056 0.16690643644156133 0
    outer loop
      vertex 33.18997789174318 8.522392638027668 0.9
      vertex 33.18997789174318 8.522392638027668 1.5
      vertex 33.20427802205086 8.437916934490204 1.5
    endloop
  endfacet
  facet normal 0.9949551782039608 0.1003204533737978 0
    outer loop
      vertex 33.17885557562113 8.632701210677624 0.9
      vertex 33.18997789174318 8.522392638027668 1.5
      vertex 33.18997789174318 8.522392638027668 0.9
    endloop
  endfacet
  facet normal 0.9949551782039608 0.1003204533737978 0
    outer loop
      vertex 33.17885557562113 8.632701210677624 0.9
      vertex 33.17885557562113 8.632701210677624 1.5
      vertex 33.18997789174318 8.522392638027668 1.5
    endloop
  endfacet
  facet normal 0.998301690473197 0.058255770515524344 0
    outer loop
      vertex 33.17091105878353 8.768842652440071 0.9
      vertex 33.17885557562113 8.632701210677624 1.5
      vertex 33.17885557562113 8.632701210677624 0.9
    endloop
  endfacet
  facet normal 0.998301690473197 0.058255770515524344 0
    outer loop
      vertex 33.17091105878353 8.768842652440071 0.9
      vertex 33.17091105878353 8.768842652440071 1.5
      vertex 33.17885557562113 8.632701210677624 1.5
    endloop
  endfacet
  facet normal 0.9995672538001896 0.029416069253853813 0
    outer loop
      vertex 33.16614434868097 8.93081695586443 0.9
      vertex 33.17091105878353 8.768842652440071 1.5
      vertex 33.17091105878353 8.768842652440071 0.9
    endloop
  endfacet
  facet normal 0.9995672538001896 0.029416069253853813 0
    outer loop
      vertex 33.16614434868097 8.93081695586443 0.9
      vertex 33.16614434868097 8.93081695586443 1.5
      vertex 33.17091105878353 8.768842652440071 1.5
    endloop
  endfacet
  facet normal 0.9999642136604016 0.008459988093054892 0
    outer loop
      vertex 33.164555445313454 9.11862413585186 0.9
      vertex 33.16614434868097 8.93081695586443 1.5
      vertex 33.16614434868097 8.93081695586443 0.9
    endloop
  endfacet
  facet normal 0.9999642136604016 0.008459988093054892 0
    outer loop
      vertex 33.164555445313454 9.11862413585186 0.9
      vertex 33.164555445313454 9.11862413585186 1.5
      vertex 33.16614434868097 8.93081695586443 1.5
    endloop
  endfacet
  facet normal 1 0 0
    outer loop
      vertex 33.164555445313454 9.61053915321827 0.9
      vertex 33.164555445313454 9.11862413585186 1.5
      vertex 33.164555445313454 9.11862413585186 0.9
    endloop
  endfacet
  facet normal 1 0 0
    outer loop
      vertex 33.164555445313454 9.61053915321827 0.9
      vertex 33.164555445313454 9.61053915321827 1.5
      vertex 33.164555445313454 9.11862413585186 1.5
    endloop
  endfacet
  facet normal 0.9995823787765755 0.028897543829238714 0
    outer loop
      vertex 33.15610670298338 9.902785927057266 0.9
      vertex 33.164555445313454 9.61053915321827 1.5
      vertex 33.164555445313454 9.61053915321827 0.9
    endloop
  endfacet
  facet normal 0.9995823787765755 0.028897543829238714 0
    outer loop
      vertex 33.15610670298338 9.902785927057266 0.9
      vertex 33.15610670298338 9.902785927057266 1.5
      vertex 33.164555445313454 9.61053915321827 1.5
    endloop
  endfacet
  facet normal 0.9953050333660011 0.09678786368291967 0
    outer loop
      vertex 33.130760468542576 10.163430534303188 0.9
      vertex 33.15610670298338 9.902785927057266 1.5
      vertex 33.15610670298338 9.902785927057266 0.9
    endloop
  endfacet
  facet normal 0.9953050333660011 0.09678786368291967 0
    outer loop
      vertex 33.130760468542576 10.163430534303188 0.9
      vertex 33.130760468542576 10.163430534303188 1.5
      vertex 33.15610670298338 9.902785927057266 1.5
    endloop
  endfacet
  facet normal 0.9834136283004331 0.18137705387666148 0
    outer loop
      vertex 33.088516756892204 10.392472967505455 0.9
      vertex 33.130760468542576 10.163430534303188 1.5
      vertex 33.130760468542576 10.163430534303188 0.9
    endloop
  endfacet
  facet normal 0.9834136283004331 0.18137705387666148 0
    outer loop
      vertex 33.088516756892204 10.392472967505455 0.9
      vertex 33.088516756892204 10.392472967505455 1.5
      vertex 33.130760468542576 10.163430534303188 1.5
    endloop
  endfacet
  facet normal 0.9579475529456709 0.2869433494705899 0
    outer loop
      vertex 33.0293755531311 10.589913234114647 0.9
      vertex 33.088516756892204 10.392472967505455 1.5
      vertex 33.088516756892204 10.392472967505455 0.9
    endloop
  endfacet
  facet normal 0.9579475529456709 0.2869433494705899 0
    outer loop
      vertex 33.0293755531311 10.589913234114647 0.9
      vertex 33.0293755531311 10.589913234114647 1.5
      vertex 33.088516756892204 10.392472967505455 1.5
    endloop
  endfacet
  facet normal 0.9090034445018174 0.41678860095236697 0
    outer loop
      vertex 32.953336864709854 10.755751334130764 0.9
      vertex 33.0293755531311 10.589913234114647 1.5
      vertex 33.0293755531311 10.589913234114647 0.9
    endloop
  endfacet
  facet normal 0.9090034445018174 0.41678860095236697 0
    outer loop
      vertex 32.953336864709854 10.755751334130764 0.9
      vertex 32.953336864709854 10.755751334130764 1.5
      vertex 33.0293755531311 10.589913234114647 1.5
    endloop
  endfacet
  facet normal 0.8297881907359826 0.5580784519358407 0
    outer loop
      vertex 32.85702060908079 10.898960754275322 0.9
      vertex 32.953336864709854 10.755751334130764 1.5
      vertex 32.953336864709854 10.755751334130764 0.9
    endloop
  endfacet
  facet normal 0.8297881907359826 0.5580784519358407 0
    outer loop
      vertex 32.85702060908079 10.898960754275322 0.9
      vertex 32.85702060908079 10.898960754275322 1.5
      vertex 32.953336864709854 10.755751334130764 1.5
    endloop
  endfacet
  facet normal 0.7335613403340425 0.6796232485482843 0
    outer loop
      vertex 32.73704669624567 11.0284563601017 0.9
      vertex 32.85702060908079 10.898960754275322 1.5
      vertex 32.85702060908079 10.898960754275322 0.9
    endloop
  endfacet
  facet normal 0.7335613403340425 0.6796232485482843 0
    outer loop
      vertex 32.73704669624567 11.0284563601017 0.9
      vertex 32.73704669624567 11.0284563601017 1.5
      vertex 32.85702060908079 10.898960754275322 1.5
    endloop
  endfacet
  facet normal 0.6275878194895955 0.778545778248328 0
    outer loop
      vertex 32.59341513365507 11.144238144159317 0.9
      vertex 32.73704669624567 11.0284563601017 1.5
      vertex 32.73704669624567 11.0284563601017 0.9
    endloop
  endfacet
  facet normal 0.6275878194895955 0.778545778248328 0
    outer loop
      vertex 32.59341513365507 11.144238144159317 0.9
      vertex 32.59341513365507 11.144238144159317 1.5
      vertex 32.73704669624567 11.0284563601017 1.5
    endloop
  endfacet
  facet normal 0.5208393284846181 0.8536547275706332 0
    outer loop
      vertex 32.426125913858414 11.246306113898754 0.9
      vertex 32.59341513365507 11.144238144159317 1.5
      vertex 32.59341513365507 11.144238144159317 0.9
    endloop
  endfacet
  facet normal 0.5208393284846181 0.8536547275706332 0
    outer loop
      vertex 32.426125913858414 11.246306113898754 0.9
      vertex 32.426125913858414 11.246306113898754 1.5
      vertex 32.59341513365507 11.144238144159317 1.5
    endloop
  endfacet
  facet normal 0.41993892403194827 0.9075523676807248 0
    outer loop
      vertex 32.23517904430628 11.334660269320011 0.9
      vertex 32.426125913858414 11.246306113898754 1.5
      vertex 32.426125913858414 11.246306113898754 0.9
    endloop
  endfacet
  facet normal 0.41993892403194827 0.9075523676807248 0
    outer loop
      vertex 32.23517904430628 11.334660269320011 0.9
      vertex 32.23517904430628 11.334660269320011 1.5
      vertex 32.426125913858414 11.246306113898754 1.5
    endloop
  endfacet
  facet normal 0.38467332518448905 -0.923052779038939 0
    outer loop
      vertex 32.46398988366127 11.430014975368977 0.9
      vertex 32.23517904430628 11.334660269320011 1.5
      vertex 32.23517904430628 11.334660269320011 0.9
    endloop
  endfacet
  facet normal 0.38467332518448905 -0.923052779038939 0
    outer loop
      vertex 32.46398988366127 11.430014975368977 0.9
      vertex 32.46398988366127 11.430014975368977 1.5
      vertex 32.23517904430628 11.334660269320011 1.5
    endloop
  endfacet
  facet normal 0.5088192262276398 -0.8608733908195246 0
    outer loop
      vertex 32.66536723077297 11.54903905838728 0.9
      vertex 32.46398988366127 11.430014975368977 1.5
      vertex 32.46398988366127 11.430014975368977 0.9
    endloop
  endfacet
  facet normal 0.5088192262276398 -0.8608733908195246 0
    outer loop
      vertex 32.66536723077297 11.54903905838728 0.9
      vertex 32.66536723077297 11.54903905838728 1.5
      vertex 32.46398988366127 11.430014975368977 1.5
    endloop
  endfacet
  facet normal 0.6342377421448111 -0.7731380772145764 0
    outer loop
      vertex 32.8393110781908 11.6917325258255 0.9
      vertex 32.66536723077297 11.54903905838728 1.5
      vertex 32.66536723077297 11.54903905838728 0.9
    endloop
  endfacet
  facet normal 0.6342377421448111 -0.7731380772145764 0
    outer loop
      vertex 32.8393110781908 11.6917325258255 0.9
      vertex 32.8393110781908 11.6917325258255 1.5
      vertex 32.66536723077297 11.54903905838728 1.5
    endloop
  endfacet
  facet normal 0.7504650325103328 -0.660910156510902 0
    outer loop
      vertex 32.985821433365345 11.85809537768364 0.9
      vertex 32.8393110781908 11.6917325258255 1.5
      vertex 32.8393110781908 11.6917325258255 0.9
    endloop
  endfacet
  facet normal 0.7504650325103328 -0.660910156510902 0
    outer loop
      vertex 32.985821433365345 11.85809537768364 0.9
      vertex 32.985821433365345 11.85809537768364 1.5
      vertex 32.8393110781908 11.6917325258255 1.5
    endloop
  endfacet
  facet normal 0.8473830374686575 -0.5309820974481076 0
    outer loop
      vertex 33.104898288846016 12.048127599060535 0.9
      vertex 32.985821433365345 11.85809537768364 1.5
      vertex 32.985821433365345 11.85809537768364 0.9
    endloop
  endfacet
  facet normal 0.8473830374686575 -0.5309820974481076 0
    outer loop
      vertex 33.104898288846016 12.048127599060535 0.9
      vertex 33.104898288846016 12.048127599060535 1.5
      vertex 32.985821433365345 11.85809537768364 1.5
    endloop
  endfacet
  facet normal 0.9056977200771043 -0.4239240967993391 0
    outer loop
      vertex 33.19972238689661 12.250715680420399 0.9
      vertex 33.104898288846016 12.048127599060535 1.5
      vertex 33.104898288846016 12.048127599060535 0.9
    endloop
  endfacet
  facet normal 0.9056977200771043 -0.4239240967993391 0
    outer loop
      vertex 33.19972238689661 12.250715680420399 0.9
      vertex 33.19972238689661 12.250715680420399 1.5
      vertex 33.104898288846016 12.048127599060535 1.5
    endloop
  endfacet
  facet normal 0.9404130124476937 -0.3400343600565299 0
    outer loop
      vertex 33.27347446233034 12.4546874538064 0.9
      vertex 33.19972238689661 12.250715680420399 1.5
      vertex 33.19972238689661 12.250715680420399 0.9
    endloop
  endfacet
  facet normal 0.9404130124476937 -0.3400343600565299 0
    outer loop
      vertex 33.27347446233034 12.4546874538064 0.9
      vertex 33.27347446233034 12.4546874538064 1.5
      vertex 33.19972238689661 12.250715680420399 1.5
    endloop
  endfacet
  facet normal 0.9686357097284232 -0.24848513404007513 0
    outer loop
      vertex 33.32615451514721 12.66004291921854 0.9
      vertex 33.27347446233034 12.4546874538064 1.5
      vertex 33.27347446233034 12.4546874538064 0.9
    endloop
  endfacet
  facet normal 0.9686357097284232 -0.24848513404007513 0
    outer loop
      vertex 33.32615451514721 12.66004291921854 0.9
      vertex 33.32615451514721 12.66004291921854 1.5
      vertex 33.27347446233034 12.4546874538064 1.5
    endloop
  endfacet
  facet normal 0.9885135434579452 -0.15113230759905957 0
    outer loop
      vertex 33.357762545347214 12.866782076656818 0.9
      vertex 33.32615451514721 12.66004291921854 1.5
      vertex 33.32615451514721 12.66004291921854 0.9
    endloop
  endfacet
  facet normal 0.9885135434579452 -0.15113230759905957 0
    outer loop
      vertex 33.357762545347214 12.866782076656818 0.9
      vertex 33.357762545347214 12.866782076656818 1.5
      vertex 33.32615451514721 12.66004291921854 1.5
    endloop
  endfacet
  facet normal 0.9987210639733917 -0.050559236306103136 0
    outer loop
      vertex 33.368298552930355 13.074904933571815 0.9
      vertex 33.357762545347214 12.866782076656818 1.5
      vertex 33.357762545347214 12.866782076656818 0.9
    endloop
  endfacet
  facet normal 0.9987210639733917 -0.050559236306103136 0
    outer loop
      vertex 33.368298552930355 13.074904933571815 0.9
      vertex 33.368298552930355 13.074904933571815 1.5
      vertex 33.357762545347214 12.866782076656818 1.5
    endloop
  endfacet
  facet normal 0.9994596018505775 0.0328710247586715 0
    outer loop
      vertex 33.3627315312624 13.24417295306921 0.9
      vertex 33.368298552930355 13.074904933571815 1.5
      vertex 33.368298552930355 13.074904933571815 0.9
    endloop
  endfacet
  facet normal 0.9994596018505775 0.0328710247586715 0
    outer loop
      vertex 33.3627315312624 13.24417295306921 0.9
      vertex 33.3627315312624 13.24417295306921 1.5
      vertex 33.368298552930355 13.074904933571815 1.5
    endloop
  endfacet
  facet normal 0.9947087732742004 0.10273488390676054 0
    outer loop
      vertex 33.346030458807945 13.40587755292654 0.9
      vertex 33.3627315312624 13.24417295306921 1.5
      vertex 33.3627315312624 13.24417295306921 0.9
    endloop
  endfacet
  facet normal 0.9947087732742004 0.10273488390676054 0
    outer loop
      vertex 33.346030458807945 13.40587755292654 0.9
      vertex 33.346030458807945 13.40587755292654 1.5
      vertex 33.3627315312624 13.24417295306921 1.5
    endloop
  endfacet
  facet normal 0.9840833210394814 0.17770767358756726 0
    outer loop
      vertex 33.31819534301758 13.560018748044968 0.9
      vertex 33.346030458807945 13.40587755292654 1.5
      vertex 33.346030458807945 13.40587755292654 0.9
    endloop
  endfacet
  facet normal 0.9840833210394814 0.17770767358756726 0
    outer loop
      vertex 33.31819534301758 13.560018748044968 0.9
      vertex 33.31819534301758 13.560018748044968 1.5
      vertex 33.346030458807945 13.40587755292654 1.5
    endloop
  endfacet
  facet normal 0.9664287423752054 0.25693478921913016 0
    outer loop
      vertex 33.279226168990135 13.70659652352333 0.9
      vertex 33.31819534301758 13.560018748044968 1.5
      vertex 33.31819534301758 13.560018748044968 0.9
    endloop
  endfacet
  facet normal 0.9664287423752054 0.25693478921913016 0
    outer loop
      vertex 33.279226168990135 13.70659652352333 0.9
      vertex 33.279226168990135 13.70659652352333 1.5
      vertex 33.31819534301758 13.560018748044968 1.5
    endloop
  endfacet
  facet normal 0.9407621722530022 0.33906715449570257 0
    outer loop
      vertex 33.22912295907736 13.84561088681221 0.9
      vertex 33.279226168990135 13.70659652352333 1.5
      vertex 33.279226168990135 13.70659652352333 0.9
    endloop
  endfacet
  facet normal 0.9407621722530022 0.33906715449570257 0
    outer loop
      vertex 33.22912295907736 13.84561088681221 0.9
      vertex 33.22912295907736 13.84561088681221 1.5
      vertex 33.279226168990135 13.70659652352333 1.5
    endloop
  endfacet
  facet normal 0.9123672890016441 0.4093726052873964 0
    outer loop
      vertex 33.169503912329674 13.978483647108078 0.9
      vertex 33.22912295907736 13.84561088681221 1.5
      vertex 33.22912295907736 13.84561088681221 0.9
    endloop
  endfacet
  facet normal 0.9123672890016441 0.4093726052873964 0
    outer loop
      vertex 33.169503912329674 13.978483647108078 0.9
      vertex 33.169503912329674 13.978483647108078 1.5
      vertex 33.22912295907736 13.84561088681221 1.5
    endloop
  endfacet
  facet normal 0.8844703671079418 0.4665963670110845 0
    outer loop
      vertex 33.10192862153053 14.106577962636948 0.9
      vertex 33.169503912329674 13.978483647108078 1.5
      vertex 33.169503912329674 13.978483647108078 0.9
    endloop
  endfacet
  facet normal 0.8844703671079418 0.4665963670110845 0
    outer loop
      vertex 33.10192862153053 14.106577962636948 0.9
      vertex 33.10192862153053 14.106577962636948 1.5
      vertex 33.169503912329674 13.978483647108078 1.5
    endloop
  endfacet
  facet normal 0.8527527287214557 0.5223148319338745 0
    outer loop
      vertex 33.026397094130516 14.22989384829998 0.9
      vertex 33.10192862153053 14.106577962636948 1.5
      vertex 33.10192862153053 14.106577962636948 0.9
    endloop
  endfacet
  facet normal 0.8527527287214557 0.5223148319338745 0
    outer loop
      vertex 33.026397094130516 14.22989384829998 0.9
      vertex 33.026397094130516 14.22989384829998 1.5
      vertex 33.10192862153053 14.106577962636948 1.5
    endloop
  endfacet
  facet normal 0.8175709117917138 0.5758279293261711 0
    outer loop
      vertex 32.94290932267904 14.348431296646595 0.9
      vertex 33.026397094130516 14.22989384829998 1.5
      vertex 33.026397094130516 14.22989384829998 0.9
    endloop
  endfacet
  facet normal 0.8175709117917138 0.5758279293261711 0
    outer loop
      vertex 32.94290932267904 14.348431296646595 0.9
      vertex 32.94290932267904 14.348431296646595 1.5
      vertex 33.026397094130516 14.22989384829998 1.5
    endloop
  endfacet
  facet normal 0.7794068334126719 0.6265181466084055 0
    outer loop
      vertex 32.851465314626694 14.462190307676792 0.9
      vertex 32.94290932267904 14.348431296646595 1.5
      vertex 32.94290932267904 14.348431296646595 0.9
    endloop
  endfacet
  facet normal 0.7794068334126719 0.6265181466084055 0
    outer loop
      vertex 32.851465314626694 14.462190307676792 0.9
      vertex 32.851465314626694 14.462190307676792 1.5
      vertex 32.94290932267904 14.348431296646595 1.5
    endloop
  endfacet
  facet normal 0.7302658039708664 0.6831631251398045 0
    outer loop
      vertex 32.731095641851425 14.590859219431877 0.9
      vertex 32.851465314626694 14.462190307676792 1.5
      vertex 32.851465314626694 14.462190307676792 0.9
    endloop
  endfacet
  facet normal 0.7302658039708664 0.6831631251398045 0
    outer loop
      vertex 32.731095641851425 14.590859219431877 0.9
      vertex 32.731095641851425 14.590859219431877 1.5
      vertex 32.851465314626694 14.462190307676792 1.5
    endloop
  endfacet
  facet normal 0.6628561484433 0.7487467705913087 0
    outer loop
      vertex 32.60058278590441 14.706400617957115 0.9
      vertex 32.731095641851425 14.590859219431877 1.5
      vertex 32.731095641851425 14.590859219431877 0.9
    endloop
  endfacet
  facet normal 0.6628561484433 0.7487467705913087 0
    outer loop
      vertex 32.60058278590441 14.706400617957115 0.9
      vertex 32.60058278590441 14.706400617957115 1.5
      vertex 32.731095641851425 14.590859219431877 1.5
    endloop
  endfacet
  facet normal 0.5886174303553748 0.8084117272045449 0
    outer loop
      vertex 32.45992675423622 14.808814510703087 0.9
      vertex 32.60058278590441 14.706400617957115 1.5
      vertex 32.60058278590441 14.706400617957115 0.9
    endloop
  endfacet
  facet normal 0.5886174303553748 0.8084117272045449 0
    outer loop
      vertex 32.45992675423622 14.808814510703087 0.9
      vertex 32.45992675423622 14.808814510703087 1.5
      vertex 32.60058278590441 14.706400617957115 1.5
    endloop
  endfacet
  facet normal 0.5094809109791903 0.8604819587578894 0
    outer loop
      vertex 32.309127531945705 14.898100897669792 0.9
      vertex 32.45992675423622 14.808814510703087 1.5
      vertex 32.45992675423622 14.808814510703087 0.9
    endloop
  endfacet
  facet normal 0.5094809109791903 0.8604819587578894 0
    outer loop
      vertex 32.309127531945705 14.898100897669792 0.9
      vertex 32.309127531945705 14.898100897669792 1.5
      vertex 32.45992675423622 14.808814510703087 1.5
    endloop
  endfacet
  facet normal 0.42773314484324304 0.9039050596177174 0
    outer loop
      vertex 32.14818513393402 14.974259778857231 0.9
      vertex 32.309127531945705 14.898100897669792 1.5
      vertex 32.309127531945705 14.898100897669792 0.9
    endloop
  endfacet
  facet normal 0.42773314484324304 0.9039050596177174 0
    outer loop
      vertex 32.14818513393402 14.974259778857231 0.9
      vertex 32.14818513393402 14.974259778857231 1.5
      vertex 32.309127531945705 14.898100897669792 1.5
    endloop
  endfacet
  facet normal 0.33123707585228807 0.9435475608472663 0
    outer loop
      vertex 31.967985346913338 15.037519812583923 0.9
      vertex 32.14818513393402 14.974259778857231 1.5
      vertex 32.14818513393402 14.974259778857231 0.9
    endloop
  endfacet
  facet normal 0.33123707585228807 0.9435475608472663 0
    outer loop
      vertex 31.967985346913338 15.037519812583923 0.9
      vertex 31.967985346913338 15.037519812583923 1.5
      vertex 32.14818513393402 14.974259778857231 1.5
    endloop
  endfacet
  facet normal 0.2353987223505398 0.9718988844091413 0
    outer loop
      vertex 31.759355328977108 15.088051036000252 0.9
      vertex 31.967985346913338 15.037519812583923 1.5
      vertex 31.967985346913338 15.037519812583923 0.9
    endloop
  endfacet
  facet normal 0.2353987223505398 0.9718988844091413 0
    outer loop
      vertex 31.759355328977108 15.088051036000252 0.9
      vertex 31.759355328977108 15.088051036000252 1.5
      vertex 31.967985346913338 15.037519812583923 1.5
    endloop
  endfacet
  facet normal 0.15747372434824067 0.9875231775203529 0
    outer loop
      vertex 31.522295087575912 15.125853449106216 0.9
      vertex 31.759355328977108 15.088051036000252 1.5
      vertex 31.759355328977108 15.088051036000252 0.9
    endloop
  endfacet
  facet normal 0.15747372434824067 0.9875231775203529 0
    outer loop
      vertex 31.522295087575912 15.125853449106216 0.9
      vertex 31.522295087575912 15.125853449106216 1.5
      vertex 31.759355328977108 15.088051036000252 1.5
    endloop
  endfacet
  facet normal 0.0940241572393317 0.9955699161060629 0
    outer loop
      vertex 31.25680462270975 15.150927044451237 0.9
      vertex 31.522295087575912 15.125853449106216 1.5
      vertex 31.522295087575912 15.125853449106216 0.9
    endloop
  endfacet
  facet normal 0.0940241572393317 0.9955699161060629 0
    outer loop
      vertex 31.25680462270975 15.150927044451237 0.9
      vertex 31.25680462270975 15.150927044451237 1.5
      vertex 31.522295087575912 15.125853449106216 1.5
    endloop
  endfacet
  facet normal 0.041963373700865274 0.9991191496851823 0
    outer loop
      vertex 30.962883934378624 15.163271822035313 0.9
      vertex 31.25680462270975 15.150927044451237 1.5
      vertex 31.25680462270975 15.150927044451237 0.9
    endloop
  endfacet
  facet normal 0.041963373700865274 0.9991191496851823 0
    outer loop
      vertex 30.962883934378624 15.163271822035313 0.9
      vertex 30.962883934378624 15.163271822035313 1.5
      vertex 31.25680462270975 15.150927044451237 1.5
    endloop
  endfacet
  facet normal 0 1 0
    outer loop
      vertex 27.369603000581264 15.163271822035313 0.9
      vertex 30.962883934378624 15.163271822035313 1.5
      vertex 30.962883934378624 15.163271822035313 0.9
    endloop
  endfacet
  facet normal 0 1 0
    outer loop
      vertex 27.369603000581264 15.163271822035313 0.9
      vertex 27.369603000581264 15.163271822035313 1.5
      vertex 30.962883934378624 15.163271822035313 1.5
    endloop
  endfacet
  facet normal -1 0 0
    outer loop
      vertex 27.369603000581264 7.836728177964687 0.9
      vertex 27.369603000581264 15.163271822035313 1.5
      vertex 27.369603000581264 15.163271822035313 0.9
    endloop
  endfacet
  facet normal -1 0 0
    outer loop
      vertex 27.369603000581264 7.836728177964687 0.9
      vertex 27.369603000581264 7.836728177964687 1.5
      vertex 27.369603000581264 15.163271822035313 1.5
    endloop
  endfacet
  facet normal 0 -1 0
    outer loop
      vertex 28.865575797855854 7.836728177964687 0.9
      vertex 27.369603000581264 7.836728177964687 1.5
      vertex 27.369603000581264 7.836728177964687 0.9
    endloop
  endfacet
  facet normal 0 -1 0
    outer loop
      vertex 28.865575797855854 7.836728177964687 0.9
      vertex 28.865575797855854 7.836728177964687 1.5
      vertex 27.369603000581264 7.836728177964687 1.5
    endloop
  endfacet
  facet normal 1 0 0
    outer loop
      vertex 28.865575797855854 10.707307375967503 0.9
      vertex 28.865575797855854 7.836728177964687 1.5
      vertex 28.865575797855854 7.836728177964687 0.9
    endloop
  endfacet
  facet normal 1 0 0
    outer loop
      vertex 28.865575797855854 10.707307375967503 0.9
      vertex 28.865575797855854 10.707307375967503 1.5
      vertex 28.865575797855854 7.836728177964687 1.5
    endloop
  endfacet
  facet normal 0 -1 0
    outer loop
      vertex 30.644810155034065 13.892149336636066 0.9
      vertex 30.644810155034065 13.892149336636066 1.5
      vertex 28.865575797855854 13.892149336636066 0.9
    endloop
  endfacet
  facet normal 0 -1 0
    outer loop
      vertex 28.865575797855854 13.892149336636066 1.5
      vertex 28.865575797855854 13.892149336636066 0.9
      vertex 30.644810155034065 13.892149336636066 1.5
    endloop
  endfacet
  facet normal -0.0273880542210947 -0.9996248768843152 0
    outer loop
      vertex 30.83366096764803 13.886975139379501 0.9
      vertex 30.83366096764803 13.886975139379501 1.5
      vertex 30.644810155034065 13.892149336636066 0.9
    endloop
  endfacet
  facet normal -0.0273880542210947 -0.9996248768843152 0
    outer loop
      vertex 30.644810155034065 13.892149336636066 1.5
      vertex 30.644810155034065 13.892149336636066 0.9
      vertex 30.83366096764803 13.886975139379501 1.5
    endloop
  endfacet
  facet normal -0.09147814481138324 -0.9958070842396471 0
    outer loop
      vertex 31.002635829150677 13.871452547609806 0.9
      vertex 31.002635829150677 13.871452547609806 1.5
      vertex 30.83366096764803 13.886975139379501 0.9
    endloop
  endfacet
  facet normal -0.09147814481138324 -0.9958070842396471 0
    outer loop
      vertex 30.83366096764803 13.886975139379501 1.5
      vertex 30.83366096764803 13.886975139379501 0.9
      vertex 31.002635829150677 13.871452547609806 1.5
    endloop
  endfacet
  facet normal -0.17096096653053922 -0.9852778024105404 0
    outer loop
      vertex 31.151734739542007 13.845581576228142 0.9
      vertex 31.151734739542007 13.845581576228142 1.5
      vertex 31.002635829150677 13.871452547609806 0.9
    endloop
  endfacet
  facet normal -0.17096096653053922 -0.9852778024105404 0
    outer loop
      vertex 31.002635829150677 13.871452547609806 1.5
      vertex 31.002635829150677 13.871452547609806 0.9
      vertex 31.151734739542007 13.845581576228142 1.5
    endloop
  endfacet
  facet normal -0.2698851637534775 -0.9628925165280695 0
    outer loop
      vertex 31.280957713723183 13.809362202882767 0.9
      vertex 31.280957713723183 13.809362202882767 1.5
      vertex 31.151734739542007 13.845581576228142 0.9
    endloop
  endfacet
  facet normal -0.2698851637534775 -0.9628925165280695 0
    outer loop
      vertex 31.151734739542007 13.845581576228142 1.5
      vertex 31.151734739542007 13.845581576228142 0.9
      vertex 31.280957713723183 13.809362202882767 1.5
    endloop
  endfacet
  facet normal -0.39181953497213834 -0.9200420925230635 0
    outer loop
      vertex 31.39030473679304 13.762794442474842 0.9
      vertex 31.39030473679304 13.762794442474842 1.5
      vertex 31.280957713723183 13.809362202882767 0.9
    endloop
  endfacet
  facet normal -0.39181953497213834 -0.9200420925230635 0
    outer loop
      vertex 31.280957713723183 13.809362202882767 1.5
      vertex 31.280957713723183 13.809362202882767 0.9
      vertex 31.39030473679304 13.762794442474842 1.5
    endloop
  endfacet
  facet normal -0.5650057097845509 -0.8250869941471964 0
    outer loop
      vertex 31.549532175064087 13.65375816822052 0.9
      vertex 31.549532175064087 13.65375816822052 1.5
      vertex 31.39030473679304 13.762794442474842 0.9
    endloop
  endfacet
  facet normal -0.5650057097845509 -0.8250869941471964 0
    outer loop
      vertex 31.39030473679304 13.762794442474842 1.5
      vertex 31.39030473679304 13.762794442474842 0.9
      vertex 31.549532175064087 13.65375816822052 1.5
    endloop
  endfacet
  facet normal -0.7583157825893438 -0.6518873935549843 0
    outer loop
      vertex 31.673375740647316 13.509695664048195 0.9
      vertex 31.673375740647316 13.509695664048195 1.5
      vertex 31.549532175064087 13.65375816822052 0.9
    endloop
  endfacet
  facet normal -0.7583157825893438 -0.6518873935549843 0
    outer loop
      vertex 31.549532175064087 13.65375816822052 1.5
      vertex 31.549532175064087 13.65375816822052 0.9
      vertex 31.673375740647316 13.509695664048195 1.5
    endloop
  endfacet
  facet normal -0.8965887708657616 -0.44286406035873227 0
    outer loop
      vertex 31.761835426092148 13.330606937408447 0.9
      vertex 31.761835426092148 13.330606937408447 1.5
      vertex 31.673375740647316 13.509695664048195 0.9
    endloop
  endfacet
  facet normal -0.8965887708657616 -0.44286406035873227 0
    outer loop
      vertex 31.673375740647316 13.509695664048195 1.5
      vertex 31.673375740647316 13.509695664048195 0.9
      vertex 31.761835426092148 13.330606937408447 1.5
    endloop
  endfacet
  facet normal -0.9706236816979081 -0.24060271928471255 0
    outer loop
      vertex 31.814911238849163 13.116491980850697 0.9
      vertex 31.814911238849163 13.116491980850697 1.5
      vertex 31.761835426092148 13.330606937408447 0.9
    endloop
  endfacet
  facet normal -0.9706236816979081 -0.24060271928471255 0
    outer loop
      vertex 31.761835426092148 13.330606937408447 1.5
      vertex 31.761835426092148 13.330606937408447 0.9
      vertex 31.814911238849163 13.116491980850697 1.5
    endloop
  endfacet
  facet normal -0.9974881646019842 -0.07083333592994726 0
    outer loop
      vertex 31.83260317891836 12.867350801825523 0.9
      vertex 31.83260317891836 12.867350801825523 1.5
      vertex 31.814911238849163 13.116491980850697 0.9
    endloop
  endfacet
  facet normal -0.9974881646019842 -0.07083333592994726 0
    outer loop
      vertex 31.814911238849163 13.116491980850697 1.5
      vertex 31.814911238849163 13.116491980850697 0.9
      vertex 31.83260317891836 12.867350801825523 1.5
    endloop
  endfacet
  facet normal -0.9968648049694352 0.0791237044965015 0
    outer loop
      vertex 31.81431320309639 12.636918805539608 0.9
      vertex 31.81431320309639 12.636918805539608 1.5
      vertex 31.83260317891836 12.867350801825523 0.9
    endloop
  endfacet
  facet normal -0.9968648049694352 0.0791237044965015 0
    outer loop
      vertex 31.83260317891836 12.867350801825523 1.5
      vertex 31.83260317891836 12.867350801825523 0.9
      vertex 31.81431320309639 12.636918805539608 1.5
    endloop
  endfacet
  facet normal -0.9636107410909086 0.26730944550133295 0
    outer loop
      vertex 31.759443275630474 12.439120888710022 0.9
      vertex 31.759443275630474 12.439120888710022 1.5
      vertex 31.81431320309639 12.636918805539608 0.9
    endloop
  endfacet
  facet normal -0.9636107410909086 0.26730944550133295 0
    outer loop
      vertex 31.81431320309639 12.636918805539608 1.5
      vertex 31.81431320309639 12.636918805539608 0.9
      vertex 31.759443275630474 12.439120888710022 1.5
    endloop
  endfacet
  facet normal -0.8748485624772057 0.4843965242769264 0
    outer loop
      vertex 31.667993403971195 12.273957051336765 0.9
      vertex 31.667993403971195 12.273957051336765 1.5
      vertex 31.759443275630474 12.439120888710022 0.9
    endloop
  endfacet
  facet normal -0.8748485624772057 0.4843965242769264 0
    outer loop
      vertex 31.759443275630474 12.439120888710022 1.5
      vertex 31.759443275630474 12.439120888710022 0.9
      vertex 31.667993403971195 12.273957051336765 1.5
    endloop
  endfacet
  facet normal -0.7192114575080895 0.694791248785626 0
    outer loop
      vertex 31.539963573217392 12.141427285969257 0.9
      vertex 31.539963573217392 12.141427285969257 1.5
      vertex 31.667993403971195 12.273957051336765 0.9
    endloop
  endfacet
  facet normal -0.7192114575080895 0.694791248785626 0
    outer loop
      vertex 31.667993403971195 12.273957051336765 1.5
      vertex 31.667993403971195 12.273957051336765 0.9
      vertex 31.539963573217392 12.141427285969257 1.5
    endloop
  endfacet
  facet normal -0.5188037089348732 0.8548933919474517 0
    outer loop
      vertex 31.375353798270226 12.041531600058079 0.9
      vertex 31.375353798270226 12.041531600058079 1.5
      vertex 31.539963573217392 12.141427285969257 0.9
    endloop
  endfacet
  facet normal -0.5188037089348732 0.8548933919474517 0
    outer loop
      vertex 31.539963573217392 12.141427285969257 1.5
      vertex 31.539963573217392 12.141427285969257 0.9
      vertex 31.375353798270226 12.041531600058079 1.5
    endloop
  endfacet
  facet normal -0.35358021598644207 0.9354042072082961 0
    outer loop
      vertex 31.26165048778057 11.998552061617374 0.9
      vertex 31.26165048778057 11.998552061617374 1.5
      vertex 31.375353798270226 12.041531600058079 0.9
    endloop
  endfacet
  facet normal -0.35358021598644207 0.9354042072082961 0
    outer loop
      vertex 31.375353798270226 12.041531600058079 1.5
      vertex 31.375353798270226 12.041531600058079 0.9
      vertex 31.26165048778057 11.998552061617374 1.5
    endloop
  endfacet
  facet normal -0.2414096711923818 0.9704232945755096 0
    outer loop
      vertex 31.127273842692375 11.965123534202576 0.9
      vertex 31.127273842692375 11.965123534202576 1.5
      vertex 31.26165048778057 11.998552061617374 0.9
    endloop
  endfacet
  facet normal -0.2414096711923818 0.9704232945755096 0
    outer loop
      vertex 31.26165048778057 11.998552061617374 1.5
      vertex 31.26165048778057 11.998552061617374 0.9
      vertex 31.127273842692375 11.965123534202576 1.5
    endloop
  endfacet
  facet normal -0.15220460384050982 0.9883490064596379 0
    outer loop
      vertex 30.97222387045622 11.941246017813683 0.9
      vertex 30.97222387045622 11.941246017813683 1.5
      vertex 31.127273842692375 11.965123534202576 0.9
    endloop
  endfacet
  facet normal -0.15220460384050982 0.9883490064596379 0
    outer loop
      vertex 31.127273842692375 11.965123534202576 1.5
      vertex 31.127273842692375 11.965123534202576 0.9
      vertex 30.97222387045622 11.941246017813683 1.5
    endloop
  endfacet
  facet normal -0.0812591985599597 0.9966930032108148 0
    outer loop
      vertex 30.79650056362152 11.926919505000114 0.9
      vertex 30.79650056362152 11.926919505000114 1.5
      vertex 30.97222387045622 11.941246017813683 0.9
    endloop
  endfacet
  facet normal -0.0812591985599597 0.9966930032108148 0
    outer loop
      vertex 30.97222387045622 11.941246017813683 1.5
      vertex 30.97222387045622 11.941246017813683 0.9
      vertex 30.79650056362152 11.926919505000114 1.5
    endloop
  endfacet
  facet normal -0.024308413860171126 0.9997045068497005 0
    outer loop
      vertex 30.600103929638863 11.922144003212452 0.9
      vertex 30.600103929638863 11.922144003212452 1.5
      vertex 30.79650056362152 11.926919505000114 0.9
    endloop
  endfacet
  facet normal -0.024308413860171126 0.9997045068497005 0
    outer loop
      vertex 30.79650056362152 11.926919505000114 1.5
      vertex 30.79650056362152 11.926919505000114 0.9
      vertex 30.600103929638863 11.922144003212452 1.5
    endloop
  endfacet
  facet normal 0 1 0
    outer loop
      vertex 28.865575797855854 11.922144003212452 0.9
      vertex 28.865575797855854 11.922144003212452 1.5
      vertex 30.600103929638863 11.922144003212452 0.9
    endloop
  endfacet
  facet normal 0 1 0
    outer loop
      vertex 30.600103929638863 11.922144003212452 1.5
      vertex 30.600103929638863 11.922144003212452 0.9
      vertex 28.865575797855854 11.922144003212452 1.5
    endloop
  endfacet
  facet normal 1 0 0
    outer loop
      vertex 28.865575797855854 13.892149336636066 0.9
      vertex 28.865575797855854 13.892149336636066 1.5
      vertex 28.865575797855854 11.922144003212452 0.9
    endloop
  endfacet
  facet normal 1 0 0
    outer loop
      vertex 28.865575797855854 11.922144003212452 1.5
      vertex 28.865575797855854 11.922144003212452 0.9
      vertex 28.865575797855854 13.892149336636066 1.5
    endloop
  endfacet
  facet normal 0 1 0
    outer loop
      vertex 34.5664985999465 15.163271822035313 0.9
      vertex 36.08731633424759 15.163271822035313 1.5
      vertex 36.08731633424759 15.163271822035313 0.9
    endloop
  endfacet
  facet normal 0 1 0
    outer loop
      vertex 34.5664985999465 15.163271822035313 0.9
      vertex 34.5664985999465 15.163271822035313 1.5
      vertex 36.08731633424759 15.163271822035313 1.5
    endloop
  endfacet
  facet normal -1 0 0
    outer loop
      vertex 34.5664985999465 7.836728177964687 0.9
      vertex 34.5664985999465 15.163271822035313 1.5
      vertex 34.5664985999465 15.163271822035313 0.9
    endloop
  endfacet
  facet normal -1 0 0
    outer loop
      vertex 34.5664985999465 7.836728177964687 0.9
      vertex 34.5664985999465 7.836728177964687 1.5
      vertex 34.5664985999465 15.163271822035313 1.5
    endloop
  endfacet
  facet normal 0 -1 0
    outer loop
      vertex 36.08731633424759 7.836728177964687 0.9
      vertex 34.5664985999465 7.836728177964687 1.5
      vertex 34.5664985999465 7.836728177964687 0.9
    endloop
  endfacet
  facet normal 0 -1 0
    outer loop
      vertex 36.08731633424759 7.836728177964687 0.9
      vertex 36.08731633424759 7.836728177964687 1.5
      vertex 34.5664985999465 7.836728177964687 1.5
    endloop
  endfacet
  facet normal 1 0 0
    outer loop
      vertex 36.08731633424759 15.163271822035313 0.9
      vertex 36.08731633424759 7.836728177964687 1.5
      vertex 36.08731633424759 7.836728177964687 0.9
    endloop
  endfacet
  facet normal 1 0 0
    outer loop
      vertex 36.08731633424759 15.163271822035313 0.9
      vertex 36.08731633424759 15.163271822035313 1.5
      vertex 36.08731633424759 7.836728177964687 1.5
    endloop
  endfacet
  facet normal -0.8669411216578227 -0.4984105652759341 0
    outer loop
      vertex 41.90726029127836 7.836728177964687 0.9
      vertex 38.915387980639935 13.040825597941875 1.5
      vertex 38.915387980639935 13.040825597941875 0.9
    endloop
  endfacet
  facet normal -0.8669411216578227 -0.4984105652759341 0
    outer loop
      vertex 41.90726029127836 7.836728177964687 0.9
      vertex 41.90726029127836 7.836728177964687 1.5
      vertex 38.915387980639935 13.040825597941875 1.5
    endloop
  endfacet
  facet normal 0 -1 0
    outer loop
      vertex 43.43797202408314 7.836728177964687 0.9
      vertex 41.90726029127836 7.836728177964687 1.5
      vertex 41.90726029127836 7.836728177964687 0.9
    endloop
  endfacet
  facet normal 0 -1 0
    outer loop
      vertex 43.43797202408314 7.836728177964687 0.9
      vertex 43.43797202408314 7.836728177964687 1.5
      vertex 41.90726029127836 7.836728177964687 1.5
    endloop
  endfacet
  facet normal 1 0 0
    outer loop
      vertex 43.43797202408314 15.163271822035313 0.9
      vertex 43.43797202408314 7.836728177964687 1.5
      vertex 43.43797202408314 7.836728177964687 0.9
    endloop
  endfacet
  facet normal 1 0 0
    outer loop
      vertex 43.43797202408314 15.163271822035313 0.9
      vertex 43.43797202408314 15.163271822035313 1.5
      vertex 43.43797202408314 7.836728177964687 1.5
    endloop
  endfacet
  facet normal 0 1 0
    outer loop
      vertex 42.01162366569042 15.163271822035313 0.9
      vertex 43.43797202408314 15.163271822035313 1.5
      vertex 43.43797202408314 15.163271822035313 0.9
    endloop
  endfacet
  facet normal 0 1 0
    outer loop
      vertex 42.01162366569042 15.163271822035313 0.9
      vertex 42.01162366569042 15.163271822035313 1.5
      vertex 43.43797202408314 15.163271822035313 1.5
    endloop
  endfacet
  facet normal -1 0 0
    outer loop
      vertex 42.01162366569042 10.04858684539795 0.9
      vertex 42.01162366569042 15.163271822035313 1.5
      vertex 42.01162366569042 15.163271822035313 0.9
    endloop
  endfacet
  facet normal -1 0 0
    outer loop
      vertex 42.01162366569042 10.04858684539795 0.9
      vertex 42.01162366569042 10.04858684539795 1.5
      vertex 42.01162366569042 15.163271822035313 1.5
    endloop
  endfacet
  facet normal 0.8686335095899275 0.4954551705426895 6.285020007506056e-17
    outer loop
      vertex 39.094286158680916 15.163271822035313 0.9
      vertex 42.01162366569042 10.04858684539795 1.5
      vertex 42.01162366569042 10.04858684539795 0.9
    endloop
  endfacet
  facet normal 0.8686335095899275 0.4954551705426895 0
    outer loop
      vertex 39.094286158680916 15.163271822035313 0.9
      vertex 39.094286158680916 15.163271822035313 1.5
      vertex 42.01162366569042 10.04858684539795 1.5
    endloop
  endfacet
  facet normal 0 1 0
    outer loop
      vertex 37.48903962224722 15.163271822035313 0.9
      vertex 39.094286158680916 15.163271822035313 1.5
      vertex 39.094286158680916 15.163271822035313 0.9
    endloop
  endfacet
  facet normal 0 1 0
    outer loop
      vertex 37.48903962224722 15.163271822035313 0.9
      vertex 37.48903962224722 15.163271822035313 1.5
      vertex 39.094286158680916 15.163271822035313 1.5
    endloop
  endfacet
  facet normal -1 0 0
    outer loop
      vertex 37.48903962224722 7.836728177964687 0.9
      vertex 37.48903962224722 15.163271822035313 1.5
      vertex 37.48903962224722 15.163271822035313 0.9
    endloop
  endfacet
  facet normal -1 0 0
    outer loop
      vertex 37.48903962224722 7.836728177964687 0.9
      vertex 37.48903962224722 7.836728177964687 1.5
      vertex 37.48903962224722 15.163271822035313 1.5
    endloop
  endfacet
  facet normal 0 -1 0
    outer loop
      vertex 38.915387980639935 7.836728177964687 0.9
      vertex 37.48903962224722 7.836728177964687 1.5
      vertex 37.48903962224722 7.836728177964687 0.9
    endloop
  endfacet
  facet normal 0 -1 0
    outer loop
      vertex 38.915387980639935 7.836728177964687 0.9
      vertex 38.915387980639935 7.836728177964687 1.5
      vertex 37.48903962224722 7.836728177964687 1.5
    endloop
  endfacet
  facet normal 1 0 0
    outer loop
      vertex 38.915387980639935 13.040825597941875 0.9
      vertex 38.915387980639935 7.836728177964687 1.5
      vertex 38.915387980639935 7.836728177964687 0.9
    endloop
  endfacet
  facet normal 1 0 0
    outer loop
      vertex 38.915387980639935 13.040825597941875 0.9
      vertex 38.915387980639935 13.040825597941875 1.5
      vertex 38.915387980639935 7.836728177964687 1.5
    endloop
  endfacet
  facet normal 0.2810067307913668 -0.9597057972368138 0
    outer loop
      vertex 49.21030458062887 8.055433951318264 0.9
      vertex 48.65010483562946 7.8914046213030815 1.5
      vertex 48.65010483562946 7.8914046213030815 0.9
    endloop
  endfacet
  facet normal 0.2810067307913668 -0.9597057972368138 0
    outer loop
      vertex 49.21030458062887 8.055433951318264 0.9
      vertex 49.21030458062887 8.055433951318264 1.5
      vertex 48.65010483562946 7.8914046213030815 1.5
    endloop
  endfacet
  facet normal 0.486448785728421 -0.8737090928125589 0
    outer loop
      vertex 49.70132548362017 8.328816160559654 0.9
      vertex 49.21030458062887 8.055433951318264 1.5
      vertex 49.21030458062887 8.055433951318264 0.9
    endloop
  endfacet
  facet normal 0.486448785728421 -0.8737090928125589 0
    outer loop
      vertex 49.70132548362017 8.328816160559654 0.9
      vertex 49.70132548362017 8.328816160559654 1.5
      vertex 49.21030458062887 8.055433951318264 1.5
    endloop
  endfacet
  facet normal 0.6719441759351892 -0.7406017988276692 0
    outer loop
      vertex 50.12316752970219 8.711551263928413 0.9
      vertex 49.70132548362017 8.328816160559654 1.5
      vertex 49.70132548362017 8.328816160559654 0.9
    endloop
  endfacet
  facet normal 0.6719441759351892 -0.7406017988276692 0
    outer loop
      vertex 50.12316752970219 8.711551263928413 0.9
      vertex 50.12316752970219 8.711551263928413 1.5
      vertex 49.70132548362017 8.328816160559654 1.5
    endloop
  endfacet
  facet normal 0.8128170103546666 -0.5825191049897868 0
    outer loop
      vertex 50.47583073377609 9.20363924652338 0.9
      vertex 50.12316752970219 8.711551263928413 1.5
      vertex 50.12316752970219 8.711551263928413 0.9
    endloop
  endfacet
  facet normal 0.8128170103546666 -0.5825191049897868 0
    outer loop
      vertex 50.47583073377609 9.20363924652338 0.9
      vertex 50.47583073377609 9.20363924652338 1.5
      vertex 50.12316752970219 8.711551263928413 1.5
    endloop
  endfacet
  facet normal 0.8949457548274963 -0.44617496110409727 0
    outer loop
      vertex 50.686955504119396 9.627117104828358 0.9
      vertex 50.47583073377609 9.20363924652338 1.5
      vertex 50.47583073377609 9.20363924652338 0.9
    endloop
  endfacet
  facet normal 0.8949457548274963 -0.44617496110409727 0
    outer loop
      vertex 50.686955504119396 9.627117104828358 0.9
      vertex 50.686955504119396 9.627117104828358 1.5
      vertex 50.47583073377609 9.20363924652338 1.5
    endloop
  endfacet
  facet normal 0.9416234122840433 -0.33666801071464236 0
    outer loop
      vertex 50.851163655519485 10.086389251053333 0.9
      vertex 50.686955504119396 9.627117104828358 1.5
      vertex 50.686955504119396 9.627117104828358 0.9
    endloop
  endfacet
  facet normal 0.9416234122840433 -0.33666801071464236 0
    outer loop
      vertex 50.851163655519485 10.086389251053333 0.9
      vertex 50.851163655519485 10.086389251053333 1.5
      vertex 50.686955504119396 9.627117104828358 1.5
    endloop
  endfacet
  facet normal 0.9730631115865228 -0.23053889231440833 0
    outer loop
      vertex 50.96845519542694 10.581455700099468 0.9
      vertex 50.851163655519485 10.086389251053333 1.5
      vertex 50.851163655519485 10.086389251053333 0.9
    endloop
  endfacet
  facet normal 0.9730631115865228 -0.23053889231440833 0
    outer loop
      vertex 50.96845519542694 10.581455700099468 0.9
      vertex 50.96845519542694 10.581455700099468 1.5
      vertex 50.851163655519485 10.086389251053333 1.5
    endloop
  endfacet
  facet normal 0.9913270676088025 -0.13141782613531847 0
    outer loop
      vertex 51.03883011639118 11.112316437065601 0.9
      vertex 50.96845519542694 10.581455700099468 1.5
      vertex 50.96845519542694 10.581455700099468 0.9
    endloop
  endfacet
  facet normal 0.9913270676088025 -0.13141782613531847 0
    outer loop
      vertex 51.03883011639118 11.112316437065601 0.9
      vertex 51.03883011639118 11.112316437065601 1.5
      vertex 50.96845519542694 10.581455700099468 1.5
    endloop
  endfacet
  facet normal 0.9991442081423751 -0.041362438704048314 0
    outer loop
      vertex 51.06228842586279 11.678971469402313 0.9
      vertex 51.03883011639118 11.112316437065601 1.5
      vertex 51.03883011639118 11.112316437065601 0.9
    endloop
  endfacet
  facet normal 0.9991442081423751 -0.041362438704048314 0
    outer loop
      vertex 51.06228842586279 11.678971469402313 0.9
      vertex 51.06228842586279 11.678971469402313 1.5
      vertex 51.03883011639118 11.112316437065601 1.5
    endloop
  endfacet
  facet normal 0.9997147173011561 0.023884807126485833 0
    outer loop
      vertex 51.05672139674425 11.911983229219913 0.9
      vertex 51.06228842586279 11.678971469402313 1.5
      vertex 51.06228842586279 11.678971469402313 0.9
    endloop
  endfacet
  facet normal 0.9997147173011561 0.023884807126485833 0
    outer loop
      vertex 51.05672139674425 11.911983229219913 0.9
      vertex 51.05672139674425 11.911983229219913 1.5
      vertex 51.06228842586279 11.678971469402313 1.5
    endloop
  endfacet
  facet normal 0.9975425253372445 0.07006361497805304 0
    outer loop
      vertex 51.0400203242898 12.149767562747002 0.9
      vertex 51.05672139674425 11.911983229219913 1.5
      vertex 51.05672139674425 11.911983229219913 0.9
    endloop
  endfacet
  facet normal 0.9975425253372445 0.07006361497805304 0
    outer loop
      vertex 51.0400203242898 12.149767562747002 0.9
      vertex 51.0400203242898 12.149767562747002 1.5
      vertex 51.05672139674425 11.911983229219913 1.5
    endloop
  endfacet
  facet normal 0.9934797390859074 0.11400880679051617 0
    outer loop
      vertex 51.01218520849943 12.392324469983578 0.9
      vertex 51.0400203242898 12.149767562747002 1.5
      vertex 51.0400203242898 12.149767562747002 0.9
    endloop
  endfacet
  facet normal 0.9934797390859074 0.11400880679051617 0
    outer loop
      vertex 51.01218520849943 12.392324469983578 0.9
      vertex 51.01218520849943 12.392324469983578 1.5
      vertex 51.0400203242898 12.149767562747002 1.5
    endloop
  endfacet
  facet normal 0.9878138925990803 0.15563969155794632 0
    outer loop
      vertex 50.97321604192257 12.639653950929642 0.9
      vertex 51.01218520849943 12.392324469983578 1.5
      vertex 51.01218520849943 12.392324469983578 0.9
    endloop
  endfacet
  facet normal 0.9878138925990803 0.15563969155794632 0
    outer loop
      vertex 50.97321604192257 12.639653950929642 0.9
      vertex 50.97321604192257 12.639653950929642 1.5
      vertex 51.01218520849943 12.392324469983578 1.5
    endloop
  endfacet
  facet normal 0.9808172757740108 0.19492940143356524 0
    outer loop
      vertex 50.92311282455921 12.891755998134613 0.9
      vertex 50.97321604192257 12.639653950929642 1.5
      vertex 50.97321604192257 12.639653950929642 0.9
    endloop
  endfacet
  facet normal 0.9808172757740108 0.19492940143356524 0
    outer loop
      vertex 50.92311282455921 12.891755998134613 0.9
      vertex 50.92311282455921 12.891755998134613 1.5
      vertex 50.97321604192257 12.639653950929642 1.5
    endloop
  endfacet
  facet normal 0.9676823153606205 0.2521724341364628 0
    outer loop
      vertex 50.85772740840912 13.142664909362793 0.9
      vertex 50.92311282455921 12.891755998134613 1.5
      vertex 50.92311282455921 12.891755998134613 0.9
    endloop
  endfacet
  facet normal 0.9676823153606205 0.2521724341364628 0
    outer loop
      vertex 50.85772740840912 13.142664909362793 0.9
      vertex 50.85772740840912 13.142664909362793 1.5
      vertex 50.92311282455921 12.891755998134613 1.5
    endloop
  endfacet
  facet normal 0.9443864164980383 0.32883779638903093 0
    outer loop
      vertex 50.77285300940275 13.386414960026741 0.9
      vertex 50.85772740840912 13.142664909362793 1.5
      vertex 50.85772740840912 13.142664909362793 0.9
    endloop
  endfacet
  facet normal 0.9443864164980383 0.32883779638903093 0
    outer loop
      vertex 50.77285300940275 13.386414960026741 0.9
      vertex 50.77285300940275 13.386414960026741 1.5
      vertex 50.85772740840912 13.142664909362793 1.5
    endloop
  endfacet
  facet normal 0.9149393534567286 0.40359135210777664 0
    outer loop
      vertex 50.66848963499069 13.623006150126457 0.9
      vertex 50.77285300940275 13.386414960026741 1.5
      vertex 50.77285300940275 13.386414960026741 0.9
    endloop
  endfacet
  facet normal 0.9149393534567286 0.40359135210777664 0
    outer loop
      vertex 50.66848963499069 13.623006150126457 0.9
      vertex 50.66848963499069 13.623006150126457 1.5
      vertex 50.77285300940275 13.386414960026741 1.5
    endloop
  endfacet
  facet normal 0.8799712838054602 0.47502688311059865 0
    outer loop
      vertex 50.54463727027178 13.852438479661942 0.9
      vertex 50.66848963499069 13.623006150126457 1.5
      vertex 50.66848963499069 13.623006150126457 0.9
    endloop
  endfacet
  facet normal 0.8799712838054602 0.47502688311059865 0
    outer loop
      vertex 50.54463727027178 13.852438479661942 0.9
      vertex 50.54463727027178 13.852438479661942 1.5
      vertex 50.66848963499069 13.623006150126457 1.5
    endloop
  endfacet
  facet normal 0.8404015310486259 0.541964266913535 0
    outer loop
      vertex 50.40129593014717 14.074711956083775 0.9
      vertex 50.54463727027178 13.852438479661942 1.5
      vertex 50.54463727027178 13.852438479661942 0.9
    endloop
  endfacet
  facet normal 0.8404015310486259 0.541964266913535 0
    outer loop
      vertex 50.40129593014717 14.074711956083775 0.9
      vertex 50.40129593014717 14.074711956083775 1.5
      vertex 50.54463727027178 13.852438479661942 1.5
    endloop
  endfacet
  facet normal 0.7812168298842029 0.6242597734162249 0
    outer loop
      vertex 50.19872251152992 14.328218221664429 0.9
      vertex 50.40129593014717 14.074711956083775 1.5
      vertex 50.40129593014717 14.074711956083775 0.9
    endloop
  endfacet
  facet normal 0.7812168298842029 0.6242597734162249 0
    outer loop
      vertex 50.19872251152992 14.328218221664429 0.9
      vertex 50.19872251152992 14.328218221664429 1.5
      vertex 50.40129593014717 14.074711956083775 1.5
    endloop
  endfacet
  facet normal 0.6970006996159103 0.7170704461452386 0
    outer loop
      vertex 49.97269078344107 14.547923654317856 0.9
      vertex 50.19872251152992 14.328218221664429 1.5
      vertex 50.19872251152992 14.328218221664429 0.9
    endloop
  endfacet
  facet normal 0.6970006996159103 0.7170704461452386 0
    outer loop
      vertex 49.97269078344107 14.547923654317856 0.9
      vertex 49.97269078344107 14.547923654317856 1.5
      vertex 50.19872251152992 14.328218221664429 1.5
    endloop
  endfacet
  facet normal 0.5975021016388484 0.8018673447255221 0
    outer loop
      vertex 49.723200745880604 14.733828246593475 0.9
      vertex 49.97269078344107 14.547923654317856 1.5
      vertex 49.97269078344107 14.547923654317856 0.9
    endloop
  endfacet
  facet normal 0.5975021016388484 0.8018673447255221 0
    outer loop
      vertex 49.723200745880604 14.733828246593475 0.9
      vertex 49.723200745880604 14.733828246593475 1.5
      vertex 49.97269078344107 14.547923654317856 1.5
    endloop
  endfacet
  facet normal 0.486781630425725 0.8735236941721002 0
    outer loop
      vertex 49.450252406299114 14.885932005941868 0.9
      vertex 49.723200745880604 14.733828246593475 1.5
      vertex 49.723200745880604 14.733828246593475 0.9
    endloop
  endfacet
  facet normal 0.486781630425725 0.8735236941721002 0
    outer loop
      vertex 49.450252406299114 14.885932005941868 0.9
      vertex 49.450252406299114 14.885932005941868 1.5
      vertex 49.723200745880604 14.733828246593475 1.5
    endloop
  endfacet
  facet normal 0.37068897988160066 0.9287570619889457 0
    outer loop
      vertex 49.15384575724602 15.004234932363033 0.9
      vertex 49.450252406299114 14.885932005941868 1.5
      vertex 49.450252406299114 14.885932005941868 0.9
    endloop
  endfacet
  facet normal 0.37068897988160066 0.9287570619889457 0
    outer loop
      vertex 49.15384575724602 15.004234932363033 0.9
      vertex 49.15384575724602 15.004234932363033 1.5
      vertex 49.450252406299114 14.885932005941868 1.5
    endloop
  endfacet
  facet normal 0.27361574423807883 0.9618390845172815 0
    outer loop
      vertex 48.96379593759775 15.05829867720604 0.9
      vertex 49.15384575724602 15.004234932363033 1.5
      vertex 49.15384575724602 15.004234932363033 0.9
    endloop
  endfacet
  facet normal 0.27361574423807883 0.9618390845172815 0
    outer loop
      vertex 48.96379593759775 15.05829867720604 0.9
      vertex 48.96379593759775 15.05829867720604 1.5
      vertex 49.15384575724602 15.004234932363033 1.5
    endloop
  endfacet
  facet normal 0.2018454185562058 0.9794173916200745 0
    outer loop
      vertex 48.75545908510685 15.10123424232006 0.9
      vertex 48.96379593759775 15.05829867720604 1.5
      vertex 48.96379593759775 15.05829867720604 0.9
    endloop
  endfacet
  facet normal 0.2018454185562058 0.9794173916200745 0
    outer loop
      vertex 48.75545908510685 15.10123424232006 0.9
      vertex 48.75545908510685 15.10123424232006 1.5
      vertex 48.96379593759775 15.05829867720604 1.5
    endloop
  endfacet
  facet normal 0.13899082974854615 0.9902936681842465 0
    outer loop
      vertex 48.52883517742157 15.133041620254517 0.9
      vertex 48.75545908510685 15.10123424232006 1.5
      vertex 48.75545908510685 15.10123424232006 0.9
    endloop
  endfacet
  facet normal 0.13899082974854615 0.9902936681842465 0
    outer loop
      vertex 48.52883517742157 15.133041620254517 0.9
      vertex 48.52883517742157 15.133041620254517 1.5
      vertex 48.75545908510685 15.10123424232006 1.5
    endloop
  endfacet
  facet normal 0.08413616726322184 0.9964542665663363 0
    outer loop
      vertex 48.283924236893654 15.153720811009407 0.9
      vertex 48.52883517742157 15.133041620254517 1.5
      vertex 48.52883517742157 15.133041620254517 0.9
    endloop
  endfacet
  facet normal 0.08413616726322184 0.9964542665663363 0
    outer loop
      vertex 48.283924236893654 15.153720811009407 0.9
      vertex 48.283924236893654 15.153720811009407 1.5
      vertex 48.52883517742157 15.133041620254517 1.5
    endloop
  endfacet
  facet normal 0.036264442741641326 0.9993422287648202 0
    outer loop
      vertex 48.02072624117136 15.163271822035313 0.9
      vertex 48.283924236893654 15.153720811009407 1.5
      vertex 48.283924236893654 15.153720811009407 0.9
    endloop
  endfacet
  facet normal 0.036264442741641326 0.9993422287648202 0
    outer loop
      vertex 48.02072624117136 15.163271822035313 0.9
      vertex 48.02072624117136 15.163271822035313 1.5
      vertex 48.283924236893654 15.153720811009407 1.5
    endloop
  endfacet
  facet normal 0 1 0
    outer loop
      vertex 44.864833399653435 15.163271822035313 0.9
      vertex 48.02072624117136 15.163271822035313 1.5
      vertex 48.02072624117136 15.163271822035313 0.9
    endloop
  endfacet
  facet normal 0 1 0
    outer loop
      vertex 44.864833399653435 15.163271822035313 0.9
      vertex 44.864833399653435 15.163271822035313 1.5
      vertex 48.02072624117136 15.163271822035313 1.5
    endloop
  endfacet
  facet normal -1 0 0
    outer loop
      vertex 44.864833399653435 7.836728177964687 0.9
      vertex 44.864833399653435 15.163271822035313 1.5
      vertex 44.864833399653435 15.163271822035313 0.9
    endloop
  endfacet
  facet normal -1 0 0
    outer loop
      vertex 44.864833399653435 7.836728177964687 0.9
      vertex 44.864833399653435 7.836728177964687 1.5
      vertex 44.864833399653435 15.163271822035313 1.5
    endloop
  endfacet
  facet normal 0 -1 0
    outer loop
      vertex 48.02072624117136 7.836728177964687 0.9
      vertex 44.864833399653435 7.836728177964687 1.5
      vertex 44.864833399653435 7.836728177964687 0.9
    endloop
  endfacet
  facet normal 0 -1 0
    outer loop
      vertex 48.02072624117136 7.836728177964687 0.9
      vertex 48.02072624117136 7.836728177964687 1.5
      vertex 44.864833399653435 7.836728177964687 1.5
    endloop
  endfacet
  facet normal 0.08654771825489467 -0.9962477063787255 0
    outer loop
      vertex 48.65010483562946 7.8914046213030815 0.9
      vertex 48.02072624117136 7.836728177964687 1.5
      vertex 48.02072624117136 7.836728177964687 0.9
    endloop
  endfacet
  facet normal 0.08654771825489467 -0.9962477063787255 0
    outer loop
      vertex 48.65010483562946 7.8914046213030815 0.9
      vertex 48.65010483562946 7.8914046213030815 1.5
      vertex 48.02072624117136 7.836728177964687 1.5
    endloop
  endfacet
  facet normal 0 -1 0
    outer loop
      vertex 47.76230962574482 13.892149336636066 0.9
      vertex 47.76230962574482 13.892149336636066 1.5
      vertex 46.35083891451359 13.892149336636066 0.9
    endloop
  endfacet
  facet normal 0 -1 0
    outer loop
      vertex 46.35083891451359 13.892149336636066 1.5
      vertex 46.35083891451359 13.892149336636066 0.9
      vertex 47.76230962574482 13.892149336636066 1.5
    endloop
  endfacet
  facet normal -0.06112258726879191 -0.9981302667114994 0
    outer loop
      vertex 48.15213321894407 13.868277676403522 0.9
      vertex 48.15213321894407 13.868277676403522 1.5
      vertex 47.76230962574482 13.892149336636066 0.9
    endloop
  endfacet
  facet normal -0.06112258726879191 -0.9981302667114994 0
    outer loop
      vertex 47.76230962574482 13.892149336636066 1.5
      vertex 47.76230962574482 13.892149336636066 0.9
      vertex 48.15213321894407 13.868277676403522 1.5
    endloop
  endfacet
  facet normal -0.2093131676655799 -0.9778486579434472 0
    outer loop
      vertex 48.486697003245354 13.796662703156471 0.9
      vertex 48.486697003245354 13.796662703156471 1.5
      vertex 48.15213321894407 13.868277676403522 0.9
    endloop
  endfacet
  facet normal -0.2093131676655799 -0.9778486579434472 0
    outer loop
      vertex 48.15213321894407 13.868277676403522 1.5
      vertex 48.15213321894407 13.868277676403522 0.9
      vertex 48.486697003245354 13.796662703156471 1.5
    endloop
  endfacet
  facet normal -0.39296389997119313 -0.9195538990833707 0
    outer loop
      vertex 48.76600095629692 13.677304424345493 0.9
      vertex 48.76600095629692 13.677304424345493 1.5
      vertex 48.486697003245354 13.796662703156471 0.9
    endloop
  endfacet
  facet normal -0.39296389997119313 -0.9195538990833707 0
    outer loop
      vertex 48.486697003245354 13.796662703156471 1.5
      vertex 48.486697003245354 13.796662703156471 0.9
      vertex 48.76600095629692 13.677304424345493 1.5
    endloop
  endfacet
  facet normal -0.5978649001086723 -0.8015968819912208 0
    outer loop
      vertex 48.990045085549355 13.510202825069427 0.9
      vertex 48.990045085549355 13.510202825069427 1.5
      vertex 48.76600095629692 13.677304424345493 0.9
    endloop
  endfacet
  facet normal -0.5978649001086723 -0.8015968819912208 0
    outer loop
      vertex 48.76600095629692 13.677304424345493 1.5
      vertex 48.76600095629692 13.677304424345493 0.9
      vertex 48.990045085549355 13.510202825069427 1.5
    endloop
  endfacet
  facet normal -0.7863581736108713 -0.617770849745579 0
    outer loop
      vertex 49.158829398453236 13.295357912778854 0.9
      vertex 49.158829398453236 13.295357912778854 1.5
      vertex 48.990045085549355 13.510202825069427 0.9
    endloop
  endfacet
  facet normal -0.7863581736108713 -0.617770849745579 0
    outer loop
      vertex 48.990045085549355 13.510202825069427 1.5
      vertex 48.990045085549355 13.510202825069427 0.9
      vertex 49.158829398453236 13.295357912778854 1.5
    endloop
  endfacet
  facet normal -0.9018272790763923 -0.4320967006512211 0
    outer loop
      vertex 49.28407424688339 13.03395989537239 0.9
      vertex 49.28407424688339 13.03395989537239 1.5
      vertex 49.158829398453236 13.295357912778854 0.9
    endloop
  endfacet
  facet normal -0.9018272790763923 -0.4320967006512211 0
    outer loop
      vertex 49.158829398453236 13.295357912778854 1.5
      vertex 49.158829398453236 13.295357912778854 0.9
      vertex 49.28407424688339 13.03395989537239 1.5
    endloop
  endfacet
  facet normal -0.9519438444432293 -0.3062726188000564 0
    outer loop
      vertex 49.38148690760136 12.731185905635357 0.9
      vertex 49.38148690760136 12.731185905635357 1.5
      vertex 49.28407424688339 13.03395989537239 0.9
    endloop
  endfacet
  facet normal -0.9519438444432293 -0.3062726188000564 0
    outer loop
      vertex 49.28407424688339 13.03395989537239 1.5
      vertex 49.28407424688339 13.03395989537239 0.9
      vertex 49.38148690760136 12.731185905635357 1.5
    endloop
  endfacet
  facet normal -0.9801674775438464 -0.19817092613532739 0
    outer loop
      vertex 49.45106738060713 12.387035943567753 0.9
      vertex 49.45106738060713 12.387035943567753 1.5
      vertex 49.38148690760136 12.731185905635357 0.9
    endloop
  endfacet
  facet normal -0.9801674775438464 -0.19817092613532739 0
    outer loop
      vertex 49.38148690760136 12.731185905635357 1.5
      vertex 49.38148690760136 12.731185905635357 0.9
      vertex 49.45106738060713 12.387035943567753 1.5
    endloop
  endfacet
  facet normal -0.9941877977395648 -0.10765975490290913 0
    outer loop
      vertex 49.49281565845013 12.001510001718998 0.9
      vertex 49.49281565845013 12.001510001718998 1.5
      vertex 49.45106738060713 12.387035943567753 0.9
    endloop
  endfacet
  facet normal -0.9941877977395648 -0.10765975490290913 0
    outer loop
      vertex 49.45106738060713 12.387035943567753 1.5
      vertex 49.45106738060713 12.387035943567753 0.9
      vertex 49.49281565845013 12.001510001718998 1.5
    endloop
  endfacet
  facet normal -0.9994691121559319 -0.03258057467622698 0
    outer loop
      vertex 49.50673175603151 11.574608087539673 0.9
      vertex 49.50673175603151 11.574608087539673 1.5
      vertex 49.49281565845013 12.001510001718998 0.9
    endloop
  endfacet
  facet normal -0.9994691121559319 -0.03258057467622698 0
    outer loop
      vertex 49.49281565845013 12.001510001718998 1.5
      vertex 49.49281565845013 12.001510001718998 0.9
      vertex 49.50673175603151 11.574608087539673 1.5
    endloop
  endfacet
  facet normal -0.9995612881566285 0.029618089382361764 0
    outer loop
      vertex 49.49738888442516 11.259301699697971 0.9
      vertex 49.49738888442516 11.259301699697971 1.5
      vertex 49.50673175603151 11.574608087539673 0.9
    endloop
  endfacet
  facet normal -0.9995612881566285 0.029618089382361764 0
    outer loop
      vertex 49.50673175603151 11.574608087539673 1.5
      vertex 49.50673175603151 11.574608087539673 0.9
      vertex 49.49738888442516 11.259301699697971 1.5
    endloop
  endfacet
  facet normal -0.9955882775098452 0.09382953524865911 0
    outer loop
      vertex 49.469360284507275 10.961901254951954 0.9
      vertex 49.469360284507275 10.961901254951954 1.5
      vertex 49.49738888442516 11.259301699697971 0.9
    endloop
  endfacet
  facet normal -0.9955882775098452 0.09382953524865911 0
    outer loop
      vertex 49.49738888442516 11.259301699697971 1.5
      vertex 49.49738888442516 11.259301699697971 0.9
      vertex 49.469360284507275 10.961901254951954 1.5
    endloop
  endfacet
  facet normal -0.9863183287373853 0.16485191656966242 0
    outer loop
      vertex 49.42264594882727 10.68240674585104 0.9
      vertex 49.42264594882727 10.68240674585104 1.5
      vertex 49.469360284507275 10.961901254951954 0.9
    endloop
  endfacet
  facet normal -0.9863183287373853 0.16485191656966242 0
    outer loop
      vertex 49.469360284507275 10.961901254951954 1.5
      vertex 49.469360284507275 10.961901254951954 0.9
      vertex 49.42264594882727 10.68240674585104 1.5
    endloop
  endfacet
  facet normal -0.9701399433574247 0.24254585195886705 0
    outer loop
      vertex 49.35724587738514 10.42081817984581 0.9
      vertex 49.35724587738514 10.42081817984581 1.5
      vertex 49.42264594882727 10.68240674585104 0.9
    endloop
  endfacet
  facet normal -0.9701399433574247 0.24254585195886705 0
    outer loop
      vertex 49.42264594882727 10.68240674585104 1.5
      vertex 49.42264594882727 10.68240674585104 0.9
      vertex 49.35724587738514 10.42081817984581 1.5
    endloop
  endfacet
  facet normal -0.9453044378751637 0.3261893924294914 0
    outer loop
      vertex 49.27316007018089 10.177135556936264 0.9
      vertex 49.27316007018089 10.177135556936264 1.5
      vertex 49.35724587738514 10.42081817984581 0.9
    endloop
  endfacet
  facet normal -0.9453044378751637 0.3261893924294914 0
    outer loop
      vertex 49.35724587738514 10.42081817984581 1.5
      vertex 49.35724587738514 10.42081817984581 0.9
      vertex 49.27316007018089 10.177135556936264 1.5
    endloop
  endfacet
  facet normal -0.8900030432906855 0.4559545842880829 0
    outer loop
      vertex 49.075951389968395 9.792192995548248 0.9
      vertex 49.075951389968395 9.792192995548248 1.5
      vertex 49.27316007018089 10.177135556936264 0.9
    endloop
  endfacet
  facet normal -0.8900030432906855 0.4559545842880829 0
    outer loop
      vertex 49.27316007018089 10.177135556936264 1.5
      vertex 49.27316007018089 10.177135556936264 0.9
      vertex 49.075951389968395 9.792192995548248 1.5
    endloop
  endfacet
  facet normal -0.7679820828101261 0.640471326823161 0
    outer loop
      vertex 48.82626201212406 9.49279322475195 0.9
      vertex 48.82626201212406 9.49279322475195 1.5
      vertex 49.075951389968395 9.792192995548248 0.9
    endloop
  endfacet
  facet normal -0.7679820828101261 0.640471326823161 0
    outer loop
      vertex 49.075951389968395 9.792192995548248 1.5
      vertex 49.075951389968395 9.792192995548248 0.9
      vertex 48.82626201212406 9.49279322475195 1.5
    endloop
  endfacet
  facet normal -0.5776931991150797 0.8162539847965123 0
    outer loop
      vertex 48.52409192174673 9.278936251997948 0.9
      vertex 48.52409192174673 9.278936251997948 1.5
      vertex 48.82626201212406 9.49279322475195 0.9
    endloop
  endfacet
  facet normal -0.5776931991150797 0.8162539847965123 0
    outer loop
      vertex 48.82626201212406 9.49279322475195 1.5
      vertex 48.82626201212406 9.49279322475195 0.9
      vertex 48.52409192174673 9.278936251997948 1.5
    endloop
  endfacet
  facet normal -0.34022105812075687 0.940345485239969 0
    outer loop
      vertex 48.16944112628698 9.150622062385082 0.9
      vertex 48.16944112628698 9.150622062385082 1.5
      vertex 48.52409192174673 9.278936251997948 0.9
    endloop
  endfacet
  facet normal -0.34022105812075687 0.940345485239969 0
    outer loop
      vertex 48.52409192174673 9.278936251997948 1.5
      vertex 48.52409192174673 9.278936251997948 0.9
      vertex 48.16944112628698 9.150622062385082 1.5
    endloop
  endfacet
  facet normal -0.10448051371728521 0.9945269339004209 0
    outer loop
      vertex 47.76230962574482 9.107850663363934 0.9
      vertex 47.76230962574482 9.107850663363934 1.5
      vertex 48.16944112628698 9.150622062385082 0.9
    endloop
  endfacet
  facet normal -0.10448051371728521 0.9945269339004209 0
    outer loop
      vertex 48.16944112628698 9.150622062385082 1.5
      vertex 48.16944112628698 9.150622062385082 0.9
      vertex 47.76230962574482 9.107850663363934 1.5
    endloop
  endfacet
  facet normal 0 1 0
    outer loop
      vertex 46.35083891451359 9.107850663363934 0.9
      vertex 46.35083891451359 9.107850663363934 1.5
      vertex 47.76230962574482 9.107850663363934 0.9
    endloop
  endfacet
  facet normal 0 1 0
    outer loop
      vertex 47.76230962574482 9.107850663363934 1.5
      vertex 47.76230962574482 9.107850663363934 0.9
      vertex 46.35083891451359 9.107850663363934 1.5
    endloop
  endfacet
  facet normal 1 0 0
    outer loop
      vertex 46.35083891451359 13.892149336636066 0.9
      vertex 46.35083891451359 13.892149336636066 1.5
      vertex 46.35083891451359 9.107850663363934 0.9
    endloop
  endfacet
  facet normal 1 0 0
    outer loop
      vertex 46.35083891451359 9.107850663363934 1.5
      vertex 46.35083891451359 9.107850663363934 0.9
      vertex 46.35083891451359 13.892149336636066 1.5
    endloop
  endfacet
  facet normal 0 0 1
    outer loop
      vertex 46.396039605140686 34.28480099886656 1.5
      vertex 50.13861387223005 34.423906706273556 1.5
      vertex 46.84874954819679 34.423906706273556 1.5
    endloop
  endfacet
  facet normal 0 0 1
    outer loop
      vertex 27.148514844477177 24.138192422688007 1.5
      vertex 26.3465346544981 24.138192422688007 1.5
      vertex 26.3465346544981 20.989504374563694 1.5
    endloop
  endfacet
  facet normal 0 0 1
    outer loop
      vertex 36.683168314397335 20.989504374563694 1.5
      vertex 36.683168314397335 24.138192422688007 1.5
      vertex 35.88118812441826 24.138192422688007 1.5
    endloop
  endfacet
  facet normal 0 0 1
    outer loop
      vertex 35.88118812441826 31.72704216092825 1.5
      vertex 32.13861386477947 31.73249000310898 1.5
      vertex 32.13861386477947 24.138192422688007 1.5
    endloop
  endfacet
  facet normal 0 0 1
    outer loop
      vertex 35.88118812441826 24.138192422688007 1.5
      vertex 35.88118812441826 31.72704216092825 1.5
      vertex 32.13861386477947 24.138192422688007 1.5
    endloop
  endfacet
  facet normal 0 0 1
    outer loop
      vertex 41.76237624138594 24.138192422688007 1.5
      vertex 40.9603960365057 24.138192422688007 1.5
      vertex 40.9603960365057 20.989504374563694 1.5
    endloop
  endfacet
  facet normal 0 0 1
    outer loop
      vertex 50.94059406220913 20.989504374563694 1.5
      vertex 50.94059406220913 24.138192422688007 1.5
      vertex 50.13861387223005 24.138192422688007 1.5
    endloop
  endfacet
  facet normal 0 0 1
    outer loop
      vertex 45.50495050102472 24.138192422688007 1.5
      vertex 45.50495050102472 33.58425655961037 1.5
      vertex 43.53424080461264 33.58425655961037 1.5
    endloop
  endfacet
  facet normal 0 0 1
    outer loop
      vertex 50.13861387223005 24.138192422688007 1.5
      vertex 50.13861387223005 34.423906706273556 1.5
      vertex 46.396039605140686 34.28480099886656 1.5
    endloop
  endfacet
  facet normal 0 0 1
    outer loop
      vertex 50.13861387223005 24.138192422688007 1.5
      vertex 46.396039605140686 34.28480099886656 1.5
      vertex 46.396039605140686 24.138192422688007 1.5
    endloop
  endfacet
  facet normal 0 0 1
    outer loop
      vertex 36.683168314397335 20.989504374563694 1.5
      vertex 35.88118812441826 24.138192422688007 1.5
      vertex 32.13861386477947 24.138192422688007 1.5
    endloop
  endfacet
  facet normal 0 0 1
    outer loop
      vertex 50.94059406220913 20.989504374563694 1.5
      vertex 50.13861387223005 24.138192422688007 1.5
      vertex 46.396039605140686 24.138192422688007 1.5
    endloop
  endfacet
  facet normal 0 0 1
    outer loop
      vertex 40.9603960365057 20.989504374563694 1.5
      vertex 50.94059406220913 20.989504374563694 1.5
      vertex 46.396039605140686 24.138192422688007 1.5
    endloop
  endfacet
  facet normal 0 0 1
    outer loop
      vertex 40.9603960365057 20.989504374563694 1.5
      vertex 46.396039605140686 24.138192422688007 1.5
      vertex 45.50495050102472 24.138192422688007 1.5
    endloop
  endfacet
  facet normal 0 0 1
    outer loop
      vertex 41.76237624138594 24.138192422688007 1.5
      vertex 40.9603960365057 20.989504374563694 1.5
      vertex 45.50495050102472 24.138192422688007 1.5
    endloop
  endfacet
  facet normal 0 0 1
    outer loop
      vertex 41.76237624138594 33.15426705032587 1.5
      vertex 41.76237624138594 24.138192422688007 1.5
      vertex 45.50495050102472 24.138192422688007 1.5
    endloop
  endfacet
  facet normal 0 0 1
    outer loop
      vertex 41.76237624138594 33.15426705032587 1.5
      vertex 45.50495050102472 24.138192422688007 1.5
      vertex 43.53424080461264 33.58425655961037 1.5
    endloop
  endfacet
  facet normal 0 0 1
    outer loop
      vertex 26.3465346544981 20.989504374563694 1.5
      vertex 36.683168314397335 20.989504374563694 1.5
      vertex 32.13861386477947 24.138192422688007 1.5
    endloop
  endfacet
  facet normal 0 0 1
    outer loop
      vertex 26.3465346544981 20.989504374563694 1.5
      vertex 32.13861386477947 24.138192422688007 1.5
      vertex 30.891089104115963 24.138192422688007 1.5
    endloop
  endfacet
  facet normal 0 0 1
    outer loop
      vertex 27.148514844477177 24.138192422688007 1.5
      vertex 26.3465346544981 20.989504374563694 1.5
      vertex 30.891089104115963 24.138192422688007 1.5
    endloop
  endfacet
  facet normal 0 0 1
    outer loop
      vertex 27.148514844477177 24.138192422688007 1.5
      vertex 30.891089104115963 24.138192422688007 1.5
      vertex 30.891089104115963 32.142565198242664 1.5
    endloop
  endfacet
  facet normal 0 0 1
    outer loop
      vertex 27.148514844477177 34.423906706273556 1.5
      vertex 27.148514844477177 24.138192422688007 1.5
      vertex 30.891089104115963 32.142565198242664 1.5
    endloop
  endfacet
  facet normal 0 0 1
    outer loop
      vertex 27.497513443231583 34.423906706273556 1.5
      vertex 27.148514844477177 34.423906706273556 1.5
      vertex 30.891089104115963 32.142565198242664 1.5
    endloop
  endfacet
  facet normal 0 0 1
    outer loop
      vertex 30.891089104115963 32.142565198242664 1.5
      vertex 32.13861386477947 31.73249000310898 1.5
      vertex 35.88118812441826 31.72704216092825 1.5
    endloop
  endfacet
  facet normal 0 0 1
    outer loop
      vertex 27.497513443231583 34.423906706273556 1.5
      vertex 30.891089104115963 32.142565198242664 1.5
      vertex 35.88118812441826 31.72704216092825 1.5
    endloop
  endfacet
  facet normal 0 0 1
    outer loop
      vertex 27.497513443231583 34.423906706273556 1.5
      vertex 35.88118812441826 31.72704216092825 1.5
      vertex 41.76237624138594 33.15426705032587 1.5
    endloop
  endfacet
  facet normal 0 0 1
    outer loop
      vertex 27.45691141486168 34.46001408994198 1.5
      vertex 27.497513443231583 34.423906706273556 1.5
      vertex 41.76237624138594 33.15426705032587 1.5
    endloop
  endfacet
  facet normal 0 0 1
    outer loop
      vertex 26.30440041422844 35.98177680373192 1.5
      vertex 27.45691141486168 34.46001408994198 1.5
      vertex 41.76237624138594 33.15426705032587 1.5
    endloop
  endfacet
  facet normal 0 0 1
    outer loop
      vertex 25.596913903951645 37.41606520861387 1.5
      vertex 26.30440041422844 35.98177680373192 1.5
      vertex 41.76237624138594 33.15426705032587 1.5
    endloop
  endfacet
  facet normal 0 0 1
    outer loop
      vertex 25.596913903951645 37.41606520861387 1.5
      vertex 41.76237624138594 33.15426705032587 1.5
      vertex 43.53424080461264 33.58425655961037 1.5
    endloop
  endfacet
  facet normal 0 0 1
    outer loop
      vertex 25.596913903951645 37.41606520861387 1.5
      vertex 43.53424080461264 33.58425655961037 1.5
      vertex 46.30232462286949 34.256004862487316 1.5
    endloop
  endfacet
  facet normal 0 0 1
    outer loop
      vertex 25.596913903951645 37.41606520861387 1.5
      vertex 46.30232462286949 34.256004862487316 1.5
      vertex 46.396039605140686 34.28480099886656 1.5
    endloop
  endfacet
  facet normal 0 0 1
    outer loop
      vertex 25.596913903951645 37.41606520861387 1.5
      vertex 46.396039605140686 34.28480099886656 1.5
      vertex 46.84874954819679 34.423906706273556 1.5
    endloop
  endfacet
  facet normal 0 0 1
    outer loop
      vertex 25.596913903951645 37.41606520861387 1.5
      vertex 46.84874954819679 34.423906706273556 1.5
      vertex 47.840216651558876 34.72855816781521 1.5
    endloop
  endfacet
  facet normal 0 0 1
    outer loop
      vertex 25.596913903951645 37.41606520861387 1.5
      vertex 47.840216651558876 34.72855816781521 1.5
      vertex 49.257546074688435 35.49594307690859 1.5
    endloop
  endfacet
  facet normal 0 0 1
    outer loop
      vertex 25.596913903951645 37.41606520861387 1.5
      vertex 49.257546074688435 35.49594307690859 1.5
      vertex 50.49984569102526 36.52866943180561 1.5
    endloop
  endfacet
  facet normal 0 0 1
    outer loop
      vertex 25.596913903951645 37.41606520861387 1.5
      vertex 50.49984569102526 36.52866943180561 1.5
      vertex 51.519374653697014 37.78705012798309 1.5
    endloop
  endfacet
  facet normal 0 0 1
    outer loop
      vertex 25.596913903951645 37.41606520861387 1.5
      vertex 51.519374653697014 37.78705012798309 1.5
      vertex 51.96087961643934 38.623740047216415 1.5
    endloop
  endfacet
  facet normal 0 0 1
    outer loop
      vertex 30.193164497613907 51.216965079307556 1.5
      vertex 29.452055230736732 50.56372516602278 1.5
      vertex 29.132936544716358 50.06809214502573 1.5
    endloop
  endfacet
  facet normal 0 0 1
    outer loop
      vertex 31.19052977859974 51.78953465819359 1.5
      vertex 30.193164497613907 51.216965079307556 1.5
      vertex 29.132936544716358 50.06809214502573 1.5
    endloop
  endfacet
  facet normal 0 0 1
    outer loop
      vertex 32.40582288056612 52.25943037122488 1.5
      vertex 31.19052977859974 51.78953465819359 1.5
      vertex 29.132936544716358 50.06809214502573 1.5
    endloop
  endfacet
  facet normal 0 0 1
    outer loop
      vertex 33.79234078526497 52.60859438031912 1.5
      vertex 32.40582288056612 52.25943037122488 1.5
      vertex 29.132936544716358 50.06809214502573 1.5
    endloop
  endfacet
  facet normal 0 0 1
    outer loop
      vertex 35.2968003898859 52.82360853254795 1.5
      vertex 33.79234078526497 52.60859438031912 1.5
      vertex 29.132936544716358 50.06809214502573 1.5
    endloop
  endfacet
  facet normal 0 0 1
    outer loop
      vertex 36.86138613522053 52.89620991051197 1.5
      vertex 35.2968003898859 52.82360853254795 1.5
      vertex 29.132936544716358 50.06809214502573 1.5
    endloop
  endfacet
  facet normal 0 0 1
    outer loop
      vertex 38.42597188800573 52.82360853254795 1.5
      vertex 36.86138613522053 52.89620991051197 1.5
      vertex 29.132936544716358 50.06809214502573 1.5
    endloop
  endfacet
  facet normal 0 0 1
    outer loop
      vertex 39.93043149262667 52.60859438031912 1.5
      vertex 38.42597188800573 52.82360853254795 1.5
      vertex 29.132936544716358 50.06809214502573 1.5
    endloop
  endfacet
  facet normal 0 0 1
    outer loop
      vertex 41.316949397325516 52.25943037122488 1.5
      vertex 39.93043149262667 52.60859438031912 1.5
      vertex 29.132936544716358 50.06809214502573 1.5
    endloop
  endfacet
  facet normal 0 0 1
    outer loop
      vertex 42.5322424992919 51.78953465819359 1.5
      vertex 41.316949397325516 52.25943037122488 1.5
      vertex 29.132936544716358 50.06809214502573 1.5
    endloop
  endfacet
  facet normal 0 0 1
    outer loop
      vertex 43.52960778027773 51.216965079307556 1.5
      vertex 42.5322424992919 51.78953465819359 1.5
      vertex 29.132936544716358 50.06809214502573 1.5
    endloop
  endfacet
  facet normal 0 0 1
    outer loop
      vertex 44.048354357481 50.759723484516144 1.5
      vertex 43.52960778027773 51.216965079307556 1.5
      vertex 29.132936544716358 50.06809214502573 1.5
    endloop
  endfacet
  facet normal 0 0 1
    outer loop
      vertex 44.048354357481 50.759723484516144 1.5
      vertex 29.132936544716358 50.06809214502573 1.5
      vertex 28.86125010997057 49.91073018312454 1.5
    endloop
  endfacet
  facet normal 0 0 1
    outer loop
      vertex 44.048354357481 50.759723484516144 1.5
      vertex 28.86125010997057 49.91073018312454 1.5
      vertex 27.45691141486168 48.6618517935276 1.5
    endloop
  endfacet
  facet normal 0 0 1
    outer loop
      vertex 44.048354357481 50.759723484516144 1.5
      vertex 27.45691141486168 48.6618517935276 1.5
      vertex 27.198814123868942 48.32106298953295 1.5
    endloop
  endfacet
  facet normal 0 0 1
    outer loop
      vertex 23.043058060109615 29.228527635335922 1.5
      vertex 23.495049498975277 29.17609329521656 1.5
      vertex 23.94704094529152 29.228527635335922 1.5
    endloop
  endfacet
  facet normal 0 0 1
    outer loop
      vertex 23.043058060109615 29.228527635335922 1.5
      vertex 23.94704094529152 29.228527635335922 1.5
      vertex 24.381662599742413 29.383815616369247 1.5
    endloop
  endfacet
  facet normal 0 0 1
    outer loop
      vertex 22.60843639820814 29.383815616369247 1.5
      vertex 23.043058060109615 29.228527635335922 1.5
      vertex 24.381662599742413 29.383815616369247 1.5
    endloop
  endfacet
  facet normal 0 0 1
    outer loop
      vertex 22.207886777818203 29.635989621281624 1.5
      vertex 22.60843639820814 29.383815616369247 1.5
      vertex 24.381662599742413 29.383815616369247 1.5
    endloop
  endfacet
  facet normal 0 0 1
    outer loop
      vertex 22.207886777818203 29.635989621281624 1.5
      vertex 24.381662599742413 29.383815616369247 1.5
      vertex 24.78221222013235 29.635989621281624 1.5
    endloop
  endfacet
  facet normal 0 0 1
    outer loop
      vertex 21.856802113354206 29.97535875439644 1.5
      vertex 22.207886777818203 29.635989621281624 1.5
      vertex 24.78221222013235 29.635989621281624 1.5
    endloop
  endfacet
  facet normal 0 0 1
    outer loop
      vertex 21.856802113354206 29.97535875439644 1.5
      vertex 24.78221222013235 29.635989621281624 1.5
      vertex 25.13329689204693 29.97535875439644 1.5
    endloop
  endfacet
  facet normal 0 0 1
    outer loop
      vertex 21.856802113354206 29.97535875439644 1.5
      vertex 25.13329689204693 29.97535875439644 1.5
      vertex 25.42142464220524 30.388881236314774 1.5
    endloop
  endfacet
  facet normal 0 0 1
    outer loop
      vertex 21.568674355745316 30.388881236314774 1.5
      vertex 21.856802113354206 29.97535875439644 1.5
      vertex 25.42142464220524 30.388881236314774 1.5
    endloop
  endfacet
  facet normal 0 0 1
    outer loop
      vertex 21.354576133191586 30.86066561192274 1.5
      vertex 21.568674355745316 30.388881236314774 1.5
      vertex 25.42142464220524 30.388881236314774 1.5
    endloop
  endfacet
  facet normal 0 0 1
    outer loop
      vertex 21.354576133191586 30.86066561192274 1.5
      vertex 25.42142464220524 30.388881236314774 1.5
      vertex 25.63552287220955 30.86066561192274 1.5
    endloop
  endfacet
  facet normal 0 0 1
    outer loop
      vertex 21.222735084593296 31.372581519186497 1.5
      vertex 21.354576133191586 30.86066561192274 1.5
      vertex 25.63552287220955 30.86066561192274 1.5
    endloop
  endfacet
  facet normal 0 0 1
    outer loop
      vertex 21.222735084593296 31.372581519186497 1.5
      vertex 25.63552287220955 30.86066561192274 1.5
      vertex 25.76736392080784 31.372581519186497 1.5
    endloop
  endfacet
  facet normal 0 0 1
    outer loop
      vertex 21.222735084593296 31.372581519186497 1.5
      vertex 25.76736392080784 31.372581519186497 1.5
      vertex 25.81188117712736 31.90495625883341 1.5
    endloop
  endfacet
  facet normal 0 0 1
    outer loop
      vertex 21.178217820823193 31.90495625883341 1.5
      vertex 21.222735084593296 31.372581519186497 1.5
      vertex 25.81188117712736 31.90495625883341 1.5
    endloop
  endfacet
  facet normal 0 0 1
    outer loop
      vertex 21.222735084593296 32.43733102083206 1.5
      vertex 21.178217820823193 31.90495625883341 1.5
      vertex 25.81188117712736 31.90495625883341 1.5
    endloop
  endfacet
  facet normal 0 0 1
    outer loop
      vertex 21.222735084593296 32.43733102083206 1.5
      vertex 25.81188117712736 31.90495625883341 1.5
      vertex 25.76736392080784 32.43733102083206 1.5
    endloop
  endfacet
  facet normal 0 0 1
    outer loop
      vertex 21.354576133191586 32.949246905744076 1.5
      vertex 21.222735084593296 32.43733102083206 1.5
      vertex 25.76736392080784 32.43733102083206 1.5
    endloop
  endfacet
  facet normal 0 0 1
    outer loop
      vertex 21.354576133191586 32.949246905744076 1.5
      vertex 25.76736392080784 32.43733102083206 1.5
      vertex 25.63552287220955 32.949246905744076 1.5
    endloop
  endfacet
  facet normal 0 0 1
    outer loop
      vertex 21.568674355745316 33.421031303703785 1.5
      vertex 21.354576133191586 32.949246905744076 1.5
      vertex 25.63552287220955 32.949246905744076 1.5
    endloop
  endfacet
  facet normal 0 0 1
    outer loop
      vertex 21.568674355745316 33.421031303703785 1.5
      vertex 25.63552287220955 32.949246905744076 1.5
      vertex 25.42142464220524 33.421031303703785 1.5
    endloop
  endfacet
  facet normal 0 0 1
    outer loop
      vertex 21.856802113354206 33.83455378562212 1.5
      vertex 21.568674355745316 33.421031303703785 1.5
      vertex 25.42142464220524 33.421031303703785 1.5
    endloop
  endfacet
  facet normal 0 0 1
    outer loop
      vertex 21.856802113354206 33.83455378562212 1.5
      vertex 25.42142464220524 33.421031303703785 1.5
      vertex 25.13329689204693 33.83455378562212 1.5
    endloop
  endfacet
  facet normal 0 0 1
    outer loop
      vertex 22.207886777818203 34.17392290383577 1.5
      vertex 21.856802113354206 33.83455378562212 1.5
      vertex 25.13329689204693 33.83455378562212 1.5
    endloop
  endfacet
  facet normal 0 0 1
    outer loop
      vertex 22.207886777818203 34.17392290383577 1.5
      vertex 25.13329689204693 33.83455378562212 1.5
      vertex 24.881540149450302 34.07790952920914 1.5
    endloop
  endfacet
  facet normal 0 0 1
    outer loop
      vertex 22.434705451130867 34.31672112643719 1.5
      vertex 22.207886777818203 34.17392290383577 1.5
      vertex 24.881540149450302 34.07790952920914 1.5
    endloop
  endfacet
  facet normal 0 0 1
    outer loop
      vertex 22.434705451130867 34.31672112643719 1.5
      vertex 24.881540149450302 34.07790952920914 1.5
      vertex 24.89682123810053 34.13724337518215 1.5
    endloop
  endfacet
  facet normal 0 0 1
    outer loop
      vertex 22.42574256658554 34.423906706273556 1.5
      vertex 22.434705451130867 34.31672112643719 1.5
      vertex 24.89682123810053 34.13724337518215 1.5
    endloop
  endfacet
  facet normal 0 0 1
    outer loop
      vertex 22.44971340149641 34.71057003736496 1.5
      vertex 22.42574256658554 34.423906706273556 1.5
      vertex 24.89682123810053 34.13724337518215 1.5
    endloop
  endfacet
  facet normal 0 0 1
    outer loop
      vertex 22.44971340149641 34.71057003736496 1.5
      vertex 24.89682123810053 34.13724337518215 1.5
      vertex 25.596913903951645 37.41606520861387 1.5
    endloop
  endfacet
  facet normal 0 0 1
    outer loop
      vertex 24.06394701451063 47.42817793786526 1.5
      vertex 22.44971340149641 34.71057003736496 1.5
      vertex 25.596913903951645 37.41606520861387 1.5
    endloop
  endfacet
  facet normal 0 0 1
    outer loop
      vertex 24.06394701451063 47.42817793786526 1.5
      vertex 25.596913903951645 37.41606520861387 1.5
      vertex 51.96087961643934 38.623740047216415 1.5
    endloop
  endfacet
  facet normal 0 0 1
    outer loop
      vertex 24.16536321491003 47.821959391236305 1.5
      vertex 24.06394701451063 47.42817793786526 1.5
      vertex 51.96087961643934 38.623740047216415 1.5
    endloop
  endfacet
  facet normal 0 0 1
    outer loop
      vertex 24.33005414903164 48.18487045168877 1.5
      vertex 24.16536321491003 47.821959391236305 1.5
      vertex 51.96087961643934 38.623740047216415 1.5
    endloop
  endfacet
  facet normal 0 0 1
    outer loop
      vertex 24.551690883934498 48.50296467542648 1.5
      vertex 24.33005414903164 48.18487045168877 1.5
      vertex 51.96087961643934 38.623740047216415 1.5
    endloop
  endfacet
  facet normal 0 0 1
    outer loop
      vertex 24.82175602018833 48.76401784271002 1.5
      vertex 24.551690883934498 48.50296467542648 1.5
      vertex 51.96087961643934 38.623740047216415 1.5
    endloop
  endfacet
  facet normal 0 0 1
    outer loop
      vertex 25.129871115088463 48.95799785852432 1.5
      vertex 24.82175602018833 48.76401784271002 1.5
      vertex 51.96087961643934 38.623740047216415 1.5
    endloop
  endfacet
  facet normal 0 0 1
    outer loop
      vertex 53.34446272999048 37.85510868579149 1.5
      vertex 53.970297038555145 37.78250729292631 1.5
      vertex 54.596131324768066 37.85510868579149 1.5
    endloop
  endfacet
  facet normal 0 0 1
    outer loop
      vertex 52.74267888814211 38.07012281566858 1.5
      vertex 53.34446272999048 37.85510868579149 1.5
      vertex 54.596131324768066 37.85510868579149 1.5
    endloop
  endfacet
  facet normal 0 0 1
    outer loop
      vertex 52.74267888814211 38.07012281566858 1.5
      vertex 54.596131324768066 37.85510868579149 1.5
      vertex 55.19791516661644 38.07012281566858 1.5
    endloop
  endfacet
  facet normal 0 0 1
    outer loop
      vertex 52.188071735203266 38.41928682476282 1.5
      vertex 52.74267888814211 38.07012281566858 1.5
      vertex 55.19791516661644 38.07012281566858 1.5
    endloop
  endfacet
  facet normal 0 0 1
    outer loop
      vertex 52.188071735203266 38.41928682476282 1.5
      vertex 55.19791516661644 38.07012281566858 1.5
      vertex 55.752522341907024 38.41928682476282 1.5
    endloop
  endfacet
  facet normal 0 0 1
    outer loop
      vertex 52.188071735203266 38.41928682476282 1.5
      vertex 55.752522341907024 38.41928682476282 1.5
      vertex 56.23863957822323 38.88918253779411 1.5
    endloop
  endfacet
  facet normal 0 0 1
    outer loop
      vertex 51.96087961643934 38.623740047216415 1.5
      vertex 52.188071735203266 38.41928682476282 1.5
      vertex 56.23863957822323 38.88918253779411 1.5
    endloop
  endfacet
  facet normal 0 0 1
    outer loop
      vertex 51.96087961643934 38.623740047216415 1.5
      vertex 56.23863957822323 38.88918253779411 1.5
      vertex 56.63758569210768 39.461752116680145 1.5
    endloop
  endfacet
  facet normal 0 0 1
    outer loop
      vertex 51.96087961643934 38.623740047216415 1.5
      vertex 56.63758569210768 39.461752116680145 1.5
      vertex 56.93402939289808 40.114992052316666 1.5
    endloop
  endfacet
  facet normal 0 0 1
    outer loop
      vertex 51.96087961643934 38.623740047216415 1.5
      vertex 56.93402939289808 40.114992052316666 1.5
      vertex 57.11657851934433 40.823798671364784 1.5
    endloop
  endfacet
  facet normal 0 0 1
    outer loop
      vertex 51.96087961643934 38.623740047216415 1.5
      vertex 57.11657851934433 40.823798671364784 1.5
      vertex 57.17821782082319 41.56093294173479 1.5
    endloop
  endfacet
  facet normal 0 0 1
    outer loop
      vertex 51.96087961643934 38.623740047216415 1.5
      vertex 57.17821782082319 41.56093294173479 1.5
      vertex 57.11657851934433 42.29806722700596 1.5
    endloop
  endfacet
  facet normal 0 0 1
    outer loop
      vertex 51.96087961643934 38.623740047216415 1.5
      vertex 57.11657851934433 42.29806722700596 1.5
      vertex 56.194669768214226 47.28471016138792 1.5
    endloop
  endfacet
  facet normal 0 0 1
    outer loop
      vertex 51.96087961643934 38.623740047216415 1.5
      vertex 56.194669768214226 47.28471016138792 1.5
      vertex 55.920846067368984 48.34792009741068 1.5
    endloop
  endfacet
  facet normal 0 0 1
    outer loop
      vertex 51.96087961643934 38.623740047216415 1.5
      vertex 55.920846067368984 48.34792009741068 1.5
      vertex 55.476180516183376 49.3277799859643 1.5
    endloop
  endfacet
  facet normal 0 0 1
    outer loop
      vertex 51.96087961643934 38.623740047216415 1.5
      vertex 55.476180516183376 49.3277799859643 1.5
      vertex 55.22691451013088 49.68552786111832 1.5
    endloop
  endfacet
  facet normal 0 0 1
    outer loop
      vertex 26.159566901624203 49.07745014876127 1.5
      vertex 25.81188117712736 49.11778425425291 1.5
      vertex 25.46419546753168 49.07745014876127 1.5
    endloop
  endfacet
  facet normal 0 0 1
    outer loop
      vertex 26.159566901624203 49.07745014876127 1.5
      vertex 25.46419546753168 49.07745014876127 1.5
      vertex 25.129871115088463 48.95799785852432 1.5
    endloop
  endfacet
  facet normal 0 0 1
    outer loop
      vertex 26.493891261518 48.95799785852432 1.5
      vertex 26.159566901624203 49.07745014876127 1.5
      vertex 25.129871115088463 48.95799785852432 1.5
    endloop
  endfacet
  facet normal 0 0 1
    outer loop
      vertex 26.802006356418133 48.76401784271002 1.5
      vertex 26.493891261518 48.95799785852432 1.5
      vertex 25.129871115088463 48.95799785852432 1.5
    endloop
  endfacet
  facet normal 0 0 1
    outer loop
      vertex 27.072071485221386 48.50296467542648 1.5
      vertex 26.802006356418133 48.76401784271002 1.5
      vertex 25.129871115088463 48.95799785852432 1.5
    endloop
  endfacet
  facet normal 0 0 1
    outer loop
      vertex 27.198814123868942 48.32106298953295 1.5
      vertex 27.072071485221386 48.50296467542648 1.5
      vertex 25.129871115088463 48.95799785852432 1.5
    endloop
  endfacet
  facet normal 0 0 1
    outer loop
      vertex 27.198814123868942 48.32106298953295 1.5
      vertex 25.129871115088463 48.95799785852432 1.5
      vertex 51.96087961643934 38.623740047216415 1.5
    endloop
  endfacet
  facet normal 0 0 1
    outer loop
      vertex 44.048354357481 50.759723484516144 1.5
      vertex 27.198814123868942 48.32106298953295 1.5
      vertex 51.96087961643934 38.623740047216415 1.5
    endloop
  endfacet
  facet normal 0 0 1
    outer loop
      vertex 44.702970296144485 50.70472303032875 1.5
      vertex 44.048354357481 50.759723484516144 1.5
      vertex 51.96087961643934 38.623740047216415 1.5
    endloop
  endfacet
  facet normal 0 0 1
    outer loop
      vertex 45.585344694554806 50.61669175326824 1.5
      vertex 44.702970296144485 50.70472303032875 1.5
      vertex 51.96087961643934 38.623740047216415 1.5
    endloop
  endfacet
  facet normal 0 0 1
    outer loop
      vertex 45.728989854454994 50.66801541298628 1.5
      vertex 45.585344694554806 50.61669175326824 1.5
      vertex 51.96087961643934 38.623740047216415 1.5
    endloop
  endfacet
  facet normal 0 0 1
    outer loop
      vertex 47.541352063417435 51.01921198517084 1.5
      vertex 45.728989854454994 50.66801541298628 1.5
      vertex 51.96087961643934 38.623740047216415 1.5
    endloop
  endfacet
  facet normal 0 0 1
    outer loop
      vertex 47.541352063417435 51.01921198517084 1.5
      vertex 51.96087961643934 38.623740047216415 1.5
      vertex 55.22691451013088 49.68552786111832 1.5
    endloop
  endfacet
  facet normal 0 0 1
    outer loop
      vertex 45.73021388798952 54.54050166904926 1.5
      vertex 47.541352063417435 51.01921198517084 1.5
      vertex 55.22691451013088 49.68552786111832 1.5
    endloop
  endfacet
  facet normal 0 0 1
    outer loop
      vertex 45.6066956743598 54.8126849681139 1.5
      vertex 45.73021388798952 54.54050166904926 1.5
      vertex 55.22691451013088 49.68552786111832 1.5
    endloop
  endfacet
  facet normal 0 0 1
    outer loop
      vertex 45.53063353896141 55.108021065592766 1.5
      vertex 45.6066956743598 54.8126849681139 1.5
      vertex 55.22691451013088 49.68552786111832 1.5
    endloop
  endfacet
  facet normal 0 0 1
    outer loop
      vertex 45.50495050102472 55.41516035050154 1.5
      vertex 45.53063353896141 55.108021065592766 1.5
      vertex 55.22691451013088 49.68552786111832 1.5
    endloop
  endfacet
  facet normal 0 0 1
    outer loop
      vertex 45.53063353896141 55.72229963541031 1.5
      vertex 45.50495050102472 55.41516035050154 1.5
      vertex 55.22691451013088 49.68552786111832 1.5
    endloop
  endfacet
  facet normal 0 0 1
    outer loop
      vertex 45.6066956743598 56.017635732889175 1.5
      vertex 45.53063353896141 55.72229963541031 1.5
      vertex 55.22691451013088 49.68552786111832 1.5
    endloop
  endfacet
  facet normal 0 0 1
    outer loop
      vertex 55.65680389851332 56.11960365623236 1.5
      vertex 55.396039605140686 56.149854235351086 1.5
      vertex 55.135275311768055 56.11960365623236 1.5
    endloop
  endfacet
  facet normal 0 0 1
    outer loop
      vertex 55.65680389851332 56.11960365623236 1.5
      vertex 55.135275311768055 56.11960365623236 1.5
      vertex 54.88453205674887 56.03001443296671 1.5
    endloop
  endfacet
  facet normal 0 0 1
    outer loop
      vertex 55.907547168433666 56.03001443296671 1.5
      vertex 55.65680389851332 56.11960365623236 1.5
      vertex 54.88453205674887 56.03001443296671 1.5
    endloop
  endfacet
  facet normal 0 0 1
    outer loop
      vertex 56.138633482158184 55.884529411792755 1.5
      vertex 55.907547168433666 56.03001443296671 1.5
      vertex 54.88453205674887 56.03001443296671 1.5
    endloop
  endfacet
  facet normal 0 0 1
    outer loop
      vertex 56.138633482158184 55.884529411792755 1.5
      vertex 54.88453205674887 56.03001443296671 1.5
      vertex 54.65344572812319 55.884529411792755 1.5
    endloop
  endfacet
  facet normal 0 0 1
    outer loop
      vertex 56.341182328760624 55.68873953819275 1.5
      vertex 56.138633482158184 55.884529411792755 1.5
      vertex 54.65344572812319 55.884529411792755 1.5
    endloop
  endfacet
  facet normal 0 0 1
    outer loop
      vertex 56.341182328760624 55.68873953819275 1.5
      vertex 54.65344572812319 55.884529411792755 1.5
      vertex 54.45089688152075 55.68873953819275 1.5
    endloop
  endfacet
  facet normal 0 0 1
    outer loop
      vertex 56.5074098855257 55.45016888529062 1.5
      vertex 56.341182328760624 55.68873953819275 1.5
      vertex 54.45089688152075 55.68873953819275 1.5
    endloop
  endfacet
  facet normal 0 0 1
    outer loop
      vertex 56.5074098855257 55.45016888529062 1.5
      vertex 54.45089688152075 55.68873953819275 1.5
      vertex 51.808206893503666 52.084211118519306 1.5
    endloop
  endfacet
  facet normal 0 0 1
    outer loop
      vertex 56.630928091704845 55.177985571324825 1.5
      vertex 56.5074098855257 55.45016888529062 1.5
      vertex 51.808206893503666 52.084211118519306 1.5
    endloop
  endfacet
  facet normal 0 0 1
    outer loop
      vertex 56.70699022710323 54.8826494961977 1.5
      vertex 56.630928091704845 55.177985571324825 1.5
      vertex 51.808206893503666 52.084211118519306 1.5
    endloop
  endfacet
  facet normal 0 0 1
    outer loop
      vertex 56.73267326503992 54.57551021128893 1.5
      vertex 56.70699022710323 54.8826494961977 1.5
      vertex 51.808206893503666 52.084211118519306 1.5
    endloop
  endfacet
  facet normal 0 0 1
    outer loop
      vertex 56.70699022710323 54.26837092638016 1.5
      vertex 56.73267326503992 54.57551021128893 1.5
      vertex 51.808206893503666 52.084211118519306 1.5
    endloop
  endfacet
  facet normal 0 0 1
    outer loop
      vertex 56.630928091704845 53.97303482890129 1.5
      vertex 56.70699022710323 54.26837092638016 1.5
      vertex 51.808206893503666 52.084211118519306 1.5
    endloop
  endfacet
  facet normal 0 0 1
    outer loop
      vertex 55.22691451013088 49.68552786111832 1.5
      vertex 56.630928091704845 53.97303482890129 1.5
      vertex 51.808206893503666 52.084211118519306 1.5
    endloop
  endfacet
  facet normal 0 0 1
    outer loop
      vertex 55.22691451013088 49.68552786111832 1.5
      vertex 51.808206893503666 52.084211118519306 1.5
      vertex 51.78998626768589 52.05806078761816 1.5
    endloop
  endfacet
  facet normal 0 0 1
    outer loop
      vertex 45.6066956743598 56.017635732889175 1.5
      vertex 55.22691451013088 49.68552786111832 1.5
      vertex 51.78998626768589 52.05806078761816 1.5
    endloop
  endfacet
  facet normal 0 0 1
    outer loop
      vertex 45.6066956743598 56.017635732889175 1.5
      vertex 51.78998626768589 52.05806078761816 1.5
      vertex 51.75360604375601 52.138227850198746 1.5
    endloop
  endfacet
  facet normal 0 0 1
    outer loop
      vertex 45.6066956743598 56.017635732889175 1.5
      vertex 51.75360604375601 52.138227850198746 1.5
      vertex 51.498723804950714 52.50403619557619 1.5
    endloop
  endfacet
  facet normal 0 0 1
    outer loop
      vertex 45.73021388798952 56.28981903195381 1.5
      vertex 45.6066956743598 56.017635732889175 1.5
      vertex 51.498723804950714 52.50403619557619 1.5
    endloop
  endfacet
  facet normal 0 0 1
    outer loop
      vertex 45.89644143730402 56.52838968485594 1.5
      vertex 45.73021388798952 56.28981903195381 1.5
      vertex 51.498723804950714 52.50403619557619 1.5
    endloop
  endfacet
  facet normal 0 0 1
    outer loop
      vertex 46.09899028390646 56.724179573357105 1.5
      vertex 45.89644143730402 56.52838968485594 1.5
      vertex 51.498723804950714 52.50403619557619 1.5
    endloop
  endfacet
  facet normal 0 0 1
    outer loop
      vertex 46.33007659763098 56.86966457217932 1.5
      vertex 46.09899028390646 56.724179573357105 1.5
      vertex 51.498723804950714 52.50403619557619 1.5
    endloop
  endfacet
  facet normal 0 0 1
    outer loop
      vertex 46.58081986755133 56.959253795444965 1.5
      vertex 46.33007659763098 56.86966457217932 1.5
      vertex 51.498723804950714 52.50403619557619 1.5
    endloop
  endfacet
  facet normal 0 0 1
    outer loop
      vertex 46.84158416092396 56.989504374563694 1.5
      vertex 46.58081986755133 56.959253795444965 1.5
      vertex 51.498723804950714 52.50403619557619 1.5
    endloop
  endfacet
  facet normal 0 0 1
    outer loop
      vertex 47.10234845429659 56.959253795444965 1.5
      vertex 46.84158416092396 56.989504374563694 1.5
      vertex 51.498723804950714 52.50403619557619 1.5
    endloop
  endfacet
  facet normal 0 0 1
    outer loop
      vertex 47.35309170931578 56.86966457217932 1.5
      vertex 47.10234845429659 56.959253795444965 1.5
      vertex 51.498723804950714 52.50403619557619 1.5
    endloop
  endfacet
  facet normal 0 0 1
    outer loop
      vertex 47.584178037941456 56.724179573357105 1.5
      vertex 47.35309170931578 56.86966457217932 1.5
      vertex 51.498723804950714 52.50403619557619 1.5
    endloop
  endfacet
  facet normal 0 0 1
    outer loop
      vertex 47.584178037941456 56.724179573357105 1.5
      vertex 51.498723804950714 52.50403619557619 1.5
      vertex 47.786726884543896 56.52838968485594 1.5
    endloop
  endfacet
  facet normal 0 0 1
    outer loop
      vertex 33.32615451514721 12.66004291921854 1.5
      vertex 33.357762545347214 12.866782076656818 1.5
      vertex 31.83260317891836 12.867350801825523 1.5
    endloop
  endfacet
  facet normal 0 0 1
    outer loop
      vertex 27.369603000581264 7.836728177964687 1.5
      vertex 28.865575797855854 7.836728177964687 1.5
      vertex 28.865575797855854 10.707307375967503 1.5
    endloop
  endfacet
  facet normal 0 0 1
    outer loop
      vertex 33.27347446233034 12.4546874538064 1.5
      vertex 33.32615451514721 12.66004291921854 1.5
      vertex 31.83260317891836 12.867350801825523 1.5
    endloop
  endfacet
  facet normal 0 0 1
    outer loop
      vertex 33.27347446233034 12.4546874538064 1.5
      vertex 31.83260317891836 12.867350801825523 1.5
      vertex 31.81431320309639 12.636918805539608 1.5
    endloop
  endfacet
  facet normal 0 0 1
    outer loop
      vertex 33.19972238689661 12.250715680420399 1.5
      vertex 33.27347446233034 12.4546874538064 1.5
      vertex 31.81431320309639 12.636918805539608 1.5
    endloop
  endfacet
  facet normal 0 0 1
    outer loop
      vertex 33.104898288846016 12.048127599060535 1.5
      vertex 33.19972238689661 12.250715680420399 1.5
      vertex 31.81431320309639 12.636918805539608 1.5
    endloop
  endfacet
  facet normal 0 0 1
    outer loop
      vertex 31.83260317891836 12.867350801825523 1.5
      vertex 33.357762545347214 12.866782076656818 1.5
      vertex 33.368298552930355 13.074904933571815 1.5
    endloop
  endfacet
  facet normal 0 0 1
    outer loop
      vertex 31.814911238849163 13.116491980850697 1.5
      vertex 31.83260317891836 12.867350801825523 1.5
      vertex 33.368298552930355 13.074904933571815 1.5
    endloop
  endfacet
  facet normal 0 0 1
    outer loop
      vertex 31.814911238849163 13.116491980850697 1.5
      vertex 33.368298552930355 13.074904933571815 1.5
      vertex 33.3627315312624 13.24417295306921 1.5
    endloop
  endfacet
  facet normal 0 0 1
    outer loop
      vertex 31.814911238849163 13.116491980850697 1.5
      vertex 33.3627315312624 13.24417295306921 1.5
      vertex 33.346030458807945 13.40587755292654 1.5
    endloop
  endfacet
  facet normal 0 0 1
    outer loop
      vertex 31.814911238849163 13.116491980850697 1.5
      vertex 33.346030458807945 13.40587755292654 1.5
      vertex 33.31819534301758 13.560018748044968 1.5
    endloop
  endfacet
  facet normal 0 0 1
    outer loop
      vertex 31.761835426092148 13.330606937408447 1.5
      vertex 31.814911238849163 13.116491980850697 1.5
      vertex 33.31819534301758 13.560018748044968 1.5
    endloop
  endfacet
  facet normal 0 0 1
    outer loop
      vertex 31.761835426092148 13.330606937408447 1.5
      vertex 33.31819534301758 13.560018748044968 1.5
      vertex 33.279226168990135 13.70659652352333 1.5
    endloop
  endfacet
  facet normal 0 0 1
    outer loop
      vertex 31.761835426092148 13.330606937408447 1.5
      vertex 33.279226168990135 13.70659652352333 1.5
      vertex 33.22912295907736 13.84561088681221 1.5
    endloop
  endfacet
  facet normal 0 0 1
    outer loop
      vertex 31.761835426092148 13.330606937408447 1.5
      vertex 33.22912295907736 13.84561088681221 1.5
      vertex 33.169503912329674 13.978483647108078 1.5
    endloop
  endfacet
  facet normal 0 0 1
    outer loop
      vertex 31.761835426092148 13.330606937408447 1.5
      vertex 33.169503912329674 13.978483647108078 1.5
      vertex 33.10192862153053 14.106577962636948 1.5
    endloop
  endfacet
  facet normal 0 0 1
    outer loop
      vertex 31.761835426092148 13.330606937408447 1.5
      vertex 33.10192862153053 14.106577962636948 1.5
      vertex 33.026397094130516 14.22989384829998 1.5
    endloop
  endfacet
  facet normal 0 0 1
    outer loop
      vertex 31.673375740647316 13.509695664048195 1.5
      vertex 31.761835426092148 13.330606937408447 1.5
      vertex 33.026397094130516 14.22989384829998 1.5
    endloop
  endfacet
  facet normal 0 0 1
    outer loop
      vertex 31.673375740647316 13.509695664048195 1.5
      vertex 33.026397094130516 14.22989384829998 1.5
      vertex 32.94290932267904 14.348431296646595 1.5
    endloop
  endfacet
  facet normal 0 0 1
    outer loop
      vertex 31.673375740647316 13.509695664048195 1.5
      vertex 32.94290932267904 14.348431296646595 1.5
      vertex 32.851465314626694 14.462190307676792 1.5
    endloop
  endfacet
  facet normal 0 0 1
    outer loop
      vertex 31.673375740647316 13.509695664048195 1.5
      vertex 32.851465314626694 14.462190307676792 1.5
      vertex 32.731095641851425 14.590859219431877 1.5
    endloop
  endfacet
  facet normal 0 0 1
    outer loop
      vertex 31.549532175064087 13.65375816822052 1.5
      vertex 31.673375740647316 13.509695664048195 1.5
      vertex 32.731095641851425 14.590859219431877 1.5
    endloop
  endfacet
  facet normal 0 0 1
    outer loop
      vertex 31.549532175064087 13.65375816822052 1.5
      vertex 32.731095641851425 14.590859219431877 1.5
      vertex 32.60058278590441 14.706400617957115 1.5
    endloop
  endfacet
  facet normal 0 0 1
    outer loop
      vertex 31.549532175064087 13.65375816822052 1.5
      vertex 32.60058278590441 14.706400617957115 1.5
      vertex 32.45992675423622 14.808814510703087 1.5
    endloop
  endfacet
  facet normal 0 0 1
    outer loop
      vertex 31.549532175064087 13.65375816822052 1.5
      vertex 32.45992675423622 14.808814510703087 1.5
      vertex 32.309127531945705 14.898100897669792 1.5
    endloop
  endfacet
  facet normal 0 0 1
    outer loop
      vertex 31.549532175064087 13.65375816822052 1.5
      vertex 32.309127531945705 14.898100897669792 1.5
      vertex 32.14818513393402 14.974259778857231 1.5
    endloop
  endfacet
  facet normal 0 0 1
    outer loop
      vertex 31.39030473679304 13.762794442474842 1.5
      vertex 31.549532175064087 13.65375816822052 1.5
      vertex 32.14818513393402 14.974259778857231 1.5
    endloop
  endfacet
  facet normal 0 0 1
    outer loop
      vertex 31.39030473679304 13.762794442474842 1.5
      vertex 32.14818513393402 14.974259778857231 1.5
      vertex 31.967985346913338 15.037519812583923 1.5
    endloop
  endfacet
  facet normal 0 0 1
    outer loop
      vertex 31.39030473679304 13.762794442474842 1.5
      vertex 31.967985346913338 15.037519812583923 1.5
      vertex 31.759355328977108 15.088051036000252 1.5
    endloop
  endfacet
  facet normal 0 0 1
    outer loop
      vertex 31.280957713723183 13.809362202882767 1.5
      vertex 31.39030473679304 13.762794442474842 1.5
      vertex 31.759355328977108 15.088051036000252 1.5
    endloop
  endfacet
  facet normal 0 0 1
    outer loop
      vertex 31.280957713723183 13.809362202882767 1.5
      vertex 31.759355328977108 15.088051036000252 1.5
      vertex 31.522295087575912 15.125853449106216 1.5
    endloop
  endfacet
  facet normal 0 0 1
    outer loop
      vertex 31.151734739542007 13.845581576228142 1.5
      vertex 31.280957713723183 13.809362202882767 1.5
      vertex 31.522295087575912 15.125853449106216 1.5
    endloop
  endfacet
  facet normal 0 0 1
    outer loop
      vertex 31.151734739542007 13.845581576228142 1.5
      vertex 31.522295087575912 15.125853449106216 1.5
      vertex 31.25680462270975 15.150927044451237 1.5
    endloop
  endfacet
  facet normal 0 0 1
    outer loop
      vertex 31.002635829150677 13.871452547609806 1.5
      vertex 31.151734739542007 13.845581576228142 1.5
      vertex 31.25680462270975 15.150927044451237 1.5
    endloop
  endfacet
  facet normal 0 0 1
    outer loop
      vertex 31.002635829150677 13.871452547609806 1.5
      vertex 31.25680462270975 15.150927044451237 1.5
      vertex 30.962883934378624 15.163271822035313 1.5
    endloop
  endfacet
  facet normal 0 0 1
    outer loop
      vertex 30.83366096764803 13.886975139379501 1.5
      vertex 31.002635829150677 13.871452547609806 1.5
      vertex 30.962883934378624 15.163271822035313 1.5
    endloop
  endfacet
  facet normal 0 0 1
    outer loop
      vertex 33.104898288846016 12.048127599060535 1.5
      vertex 31.81431320309639 12.636918805539608 1.5
      vertex 31.759443275630474 12.439120888710022 1.5
    endloop
  endfacet
  facet normal 0 0 1
    outer loop
      vertex 30.644810155034065 13.892149336636066 1.5
      vertex 30.83366096764803 13.886975139379501 1.5
      vertex 30.962883934378624 15.163271822035313 1.5
    endloop
  endfacet
  facet normal 0 0 1
    outer loop
      vertex 32.985821433365345 11.85809537768364 1.5
      vertex 33.104898288846016 12.048127599060535 1.5
      vertex 31.759443275630474 12.439120888710022 1.5
    endloop
  endfacet
  facet normal 0 0 1
    outer loop
      vertex 32.8393110781908 11.6917325258255 1.5
      vertex 32.985821433365345 11.85809537768364 1.5
      vertex 31.759443275630474 12.439120888710022 1.5
    endloop
  endfacet
  facet normal 0 0 1
    outer loop
      vertex 32.66536723077297 11.54903905838728 1.5
      vertex 32.8393110781908 11.6917325258255 1.5
      vertex 31.759443275630474 12.439120888710022 1.5
    endloop
  endfacet
  facet normal 0 0 1
    outer loop
      vertex 32.66536723077297 11.54903905838728 1.5
      vertex 31.759443275630474 12.439120888710022 1.5
      vertex 31.667993403971195 12.273957051336765 1.5
    endloop
  endfacet
  facet normal 0 0 1
    outer loop
      vertex 32.46398988366127 11.430014975368977 1.5
      vertex 32.66536723077297 11.54903905838728 1.5
      vertex 31.667993403971195 12.273957051336765 1.5
    endloop
  endfacet
  facet normal 0 0 1
    outer loop
      vertex 32.23517904430628 11.334660269320011 1.5
      vertex 32.46398988366127 11.430014975368977 1.5
      vertex 31.667993403971195 12.273957051336765 1.5
    endloop
  endfacet
  facet normal 0 0 1
    outer loop
      vertex 32.23517904430628 11.334660269320011 1.5
      vertex 31.667993403971195 12.273957051336765 1.5
      vertex 31.539963573217392 12.141427285969257 1.5
    endloop
  endfacet
  facet normal 0 0 1
    outer loop
      vertex 32.23517904430628 11.334660269320011 1.5
      vertex 31.539963573217392 12.141427285969257 1.5
      vertex 31.375353798270226 12.041531600058079 1.5
    endloop
  endfacet
  facet normal 0 0 1
    outer loop
      vertex 28.865575797855854 13.892149336636066 1.5
      vertex 30.644810155034065 13.892149336636066 1.5
      vertex 30.962883934378624 15.163271822035313 1.5
    endloop
  endfacet
  facet normal 0 0 1
    outer loop
      vertex 28.865575797855854 13.892149336636066 1.5
      vertex 30.962883934378624 15.163271822035313 1.5
      vertex 27.369603000581264 15.163271822035313 1.5
    endloop
  endfacet
  facet normal 0 0 1
    outer loop
      vertex 31.77155939489603 7.930282913148403 1.5
      vertex 31.797790952026844 7.836728177964687 1.5
      vertex 33.48262922465801 7.836728177964687 1.5
    endloop
  endfacet
  facet normal 0 0 1
    outer loop
      vertex 31.748505644500256 8.016291819512844 1.5
      vertex 31.77155939489603 7.930282913148403 1.5
      vertex 33.48262922465801 7.836728177964687 1.5
    endloop
  endfacet
  facet normal 0 0 1
    outer loop
      vertex 31.72862969338894 8.09475490450859 1.5
      vertex 31.748505644500256 8.016291819512844 1.5
      vertex 33.48262922465801 7.836728177964687 1.5
    endloop
  endfacet
  facet normal 0 0 1
    outer loop
      vertex 31.71193155646324 8.165672160685062 1.5
      vertex 31.72862969338894 8.09475490450859 1.5
      vertex 33.48262922465801 7.836728177964687 1.5
    endloop
  endfacet
  facet normal 0 0 1
    outer loop
      vertex 31.698411218822002 8.22904360294342 1.5
      vertex 31.71193155646324 8.165672160685062 1.5
      vertex 33.48262922465801 7.836728177964687 1.5
    endloop
  endfacet
  facet normal 0 0 1
    outer loop
      vertex 31.698411218822002 8.22904360294342 1.5
      vertex 33.48262922465801 7.836728177964687 1.5
      vertex 33.48262922465801 8.020536713302135 1.5
    endloop
  endfacet
  facet normal 0 0 1
    outer loop
      vertex 31.698411218822002 8.22904360294342 1.5
      vertex 33.48262922465801 8.020536713302135 1.5
      vertex 33.40151307731867 8.080173343420029 1.5
    endloop
  endfacet
  facet normal 0 0 1
    outer loop
      vertex 31.698411218822002 8.22904360294342 1.5
      vertex 33.40151307731867 8.080173343420029 1.5
      vertex 33.33311989158392 8.151729688048363 1.5
    endloop
  endfacet
  facet normal 0 0 1
    outer loop
      vertex 31.698411218822002 8.22904360294342 1.5
      vertex 33.33311989158392 8.151729688048363 1.5
      vertex 33.277449652552605 8.235205732285976 1.5
    endloop
  endfacet
  facet normal 0 0 1
    outer loop
      vertex 31.698411218822002 8.22904360294342 1.5
      vertex 33.277449652552605 8.235205732285976 1.5
      vertex 33.234502360224724 8.33060147613287 1.5
    endloop
  endfacet
  facet normal 0 0 1
    outer loop
      vertex 31.698411218822002 8.22904360294342 1.5
      vertex 33.234502360224724 8.33060147613287 1.5
      vertex 33.20427802205086 8.437916934490204 1.5
    endloop
  endfacet
  facet normal 0 0 1
    outer loop
      vertex 31.698411218822002 8.22904360294342 1.5
      vertex 33.20427802205086 8.437916934490204 1.5
      vertex 33.18997789174318 8.522392638027668 1.5
    endloop
  endfacet
  facet normal 0 0 1
    outer loop
      vertex 31.67676168680191 8.352822668850422 1.5
      vertex 31.698411218822002 8.22904360294342 1.5
      vertex 33.18997789174318 8.522392638027668 1.5
    endloop
  endfacet
  facet normal 0 0 1
    outer loop
      vertex 31.67676168680191 8.352822668850422 1.5
      vertex 33.18997789174318 8.522392638027668 1.5
      vertex 33.17885557562113 8.632701210677624 1.5
    endloop
  endfacet
  facet normal 0 0 1
    outer loop
      vertex 31.659480161964893 8.47779195010662 1.5
      vertex 31.67676168680191 8.352822668850422 1.5
      vertex 33.17885557562113 8.632701210677624 1.5
    endloop
  endfacet
  facet normal 0 0 1
    outer loop
      vertex 31.646566659212112 8.603951446712017 1.5
      vertex 31.659480161964893 8.47779195010662 1.5
      vertex 33.17885557562113 8.632701210677624 1.5
    endloop
  endfacet
  facet normal 0 0 1
    outer loop
      vertex 31.646566659212112 8.603951446712017 1.5
      vertex 33.17885557562113 8.632701210677624 1.5
      vertex 33.17091105878353 8.768842652440071 1.5
    endloop
  endfacet
  facet normal 0 0 1
    outer loop
      vertex 31.638021178543568 8.73130115121603 1.5
      vertex 31.646566659212112 8.603951446712017 1.5
      vertex 33.17091105878353 8.768842652440071 1.5
    endloop
  endfacet
  facet normal 0 0 1
    outer loop
      vertex 31.638021178543568 8.73130115121603 1.5
      vertex 33.17091105878353 8.768842652440071 1.5
      vertex 33.16614434868097 8.93081695586443 1.5
    endloop
  endfacet
  facet normal 0 0 1
    outer loop
      vertex 31.63384371250868 8.85984106361866 1.5
      vertex 31.638021178543568 8.73130115121603 1.5
      vertex 33.16614434868097 8.93081695586443 1.5
    endloop
  endfacet
  facet normal 0 0 1
    outer loop
      vertex 31.63384371250868 8.85984106361866 1.5
      vertex 33.16614434868097 8.93081695586443 1.5
      vertex 33.164555445313454 9.11862413585186 1.5
    endloop
  endfacet
  facet normal 0 0 1
    outer loop
      vertex 31.62387642264366 9.540181823074818 1.5
      vertex 31.63384371250868 8.85984106361866 1.5
      vertex 33.164555445313454 9.11862413585186 1.5
    endloop
  endfacet
  facet normal 0 0 1
    outer loop
      vertex 31.62387642264366 9.540181823074818 1.5
      vertex 33.164555445313454 9.11862413585186 1.5
      vertex 33.164555445313454 9.61053915321827 1.5
    endloop
  endfacet
  facet normal 0 0 1
    outer loop
      vertex 31.610473349690437 9.801617950201035 1.5
      vertex 31.62387642264366 9.540181823074818 1.5
      vertex 33.164555445313454 9.61053915321827 1.5
    endloop
  endfacet
  facet normal 0 0 1
    outer loop
      vertex 31.610473349690437 9.801617950201035 1.5
      vertex 33.164555445313454 9.61053915321827 1.5
      vertex 33.15610670298338 9.902785927057266 1.5
    endloop
  endfacet
  facet normal 0 0 1
    outer loop
      vertex 31.610473349690437 9.801617950201035 1.5
      vertex 33.15610670298338 9.902785927057266 1.5
      vertex 33.130760468542576 10.163430534303188 1.5
    endloop
  endfacet
  facet normal 0 0 1
    outer loop
      vertex 31.578179337084293 10.025706052780151 1.5
      vertex 31.610473349690437 9.801617950201035 1.5
      vertex 33.130760468542576 10.163430534303188 1.5
    endloop
  endfacet
  facet normal 0 0 1
    outer loop
      vertex 31.578179337084293 10.025706052780151 1.5
      vertex 33.130760468542576 10.163430534303188 1.5
      vertex 33.088516756892204 10.392472967505455 1.5
    endloop
  endfacet
  facet normal 0 0 1
    outer loop
      vertex 31.578179337084293 10.025706052780151 1.5
      vertex 33.088516756892204 10.392472967505455 1.5
      vertex 33.0293755531311 10.589913234114647 1.5
    endloop
  endfacet
  facet normal 0 0 1
    outer loop
      vertex 31.52699437737465 10.21244614571333 1.5
      vertex 31.578179337084293 10.025706052780151 1.5
      vertex 33.0293755531311 10.589913234114647 1.5
    endloop
  endfacet
  facet normal 0 0 1
    outer loop
      vertex 31.52699437737465 10.21244614571333 1.5
      vertex 33.0293755531311 10.589913234114647 1.5
      vertex 32.953336864709854 10.755751334130764 1.5
    endloop
  endfacet
  facet normal 0 0 1
    outer loop
      vertex 31.52699437737465 10.21244614571333 1.5
      vertex 32.953336864709854 10.755751334130764 1.5
      vertex 32.85702060908079 10.898960754275322 1.5
    endloop
  endfacet
  facet normal 0 0 1
    outer loop
      vertex 31.52699437737465 10.21244614571333 1.5
      vertex 32.85702060908079 10.898960754275322 1.5
      vertex 32.73704669624567 11.0284563601017 1.5
    endloop
  endfacet
  facet normal 0 0 1
    outer loop
      vertex 31.52699437737465 10.21244614571333 1.5
      vertex 32.73704669624567 11.0284563601017 1.5
      vertex 32.59341513365507 11.144238144159317 1.5
    endloop
  endfacet
  facet normal 0 0 1
    outer loop
      vertex 31.52699437737465 10.21244614571333 1.5
      vertex 32.59341513365507 11.144238144159317 1.5
      vertex 32.426125913858414 11.246306113898754 1.5
    endloop
  endfacet
  facet normal 0 0 1
    outer loop
      vertex 31.456918470561504 10.361838214099407 1.5
      vertex 31.52699437737465 10.21244614571333 1.5
      vertex 32.426125913858414 11.246306113898754 1.5
    endloop
  endfacet
  facet normal 0 0 1
    outer loop
      vertex 31.456918470561504 10.361838214099407 1.5
      vertex 32.426125913858414 11.246306113898754 1.5
      vertex 32.23517904430628 11.334660269320011 1.5
    endloop
  endfacet
  facet normal 0 0 1
    outer loop
      vertex 31.36795162409544 10.473882265388966 1.5
      vertex 31.456918470561504 10.361838214099407 1.5
      vertex 32.23517904430628 11.334660269320011 1.5
    endloop
  endfacet
  facet normal 0 0 1
    outer loop
      vertex 31.252345725893974 10.557915307581425 1.5
      vertex 31.36795162409544 10.473882265388966 1.5
      vertex 32.23517904430628 11.334660269320011 1.5
    endloop
  endfacet
  facet normal 0 0 1
    outer loop
      vertex 31.252345725893974 10.557915307581425 1.5
      vertex 32.23517904430628 11.334660269320011 1.5
      vertex 31.375353798270226 12.041531600058079 1.5
    endloop
  endfacet
  facet normal 0 0 1
    outer loop
      vertex 31.252345725893974 10.557915307581425 1.5
      vertex 31.375353798270226 12.041531600058079 1.5
      vertex 31.26165048778057 11.998552061617374 1.5
    endloop
  endfacet
  facet normal 0 0 1
    outer loop
      vertex 31.102352686226368 10.623274341225624 1.5
      vertex 31.252345725893974 10.557915307581425 1.5
      vertex 31.26165048778057 11.998552061617374 1.5
    endloop
  endfacet
  facet normal 0 0 1
    outer loop
      vertex 31.102352686226368 10.623274341225624 1.5
      vertex 31.26165048778057 11.998552061617374 1.5
      vertex 31.127273842692375 11.965123534202576 1.5
    endloop
  endfacet
  facet normal 0 0 1
    outer loop
      vertex 30.91797250509262 10.669959358870983 1.5
      vertex 31.102352686226368 10.623274341225624 1.5
      vertex 31.127273842692375 11.965123534202576 1.5
    endloop
  endfacet
  facet normal 0 0 1
    outer loop
      vertex 30.91797250509262 10.669959358870983 1.5
      vertex 31.127273842692375 11.965123534202576 1.5
      vertex 30.97222387045622 11.941246017813683 1.5
    endloop
  endfacet
  facet normal 0 0 1
    outer loop
      vertex 30.91797250509262 10.669959358870983 1.5
      vertex 30.97222387045622 11.941246017813683 1.5
      vertex 30.79650056362152 11.926919505000114 1.5
    endloop
  endfacet
  facet normal 0 0 1
    outer loop
      vertex 30.699205167591572 10.697970375418663 1.5
      vertex 30.91797250509262 10.669959358870983 1.5
      vertex 30.79650056362152 11.926919505000114 1.5
    endloop
  endfacet
  facet normal 0 0 1
    outer loop
      vertex 30.699205167591572 10.697970375418663 1.5
      vertex 30.79650056362152 11.926919505000114 1.5
      vertex 30.600103929638863 11.922144003212452 1.5
    endloop
  endfacet
  facet normal 0 0 1
    outer loop
      vertex 30.446050688624382 10.707307375967503 1.5
      vertex 30.699205167591572 10.697970375418663 1.5
      vertex 30.600103929638863 11.922144003212452 1.5
    endloop
  endfacet
  facet normal 0 0 1
    outer loop
      vertex 30.446050688624382 10.707307375967503 1.5
      vertex 30.600103929638863 11.922144003212452 1.5
      vertex 28.865575797855854 11.922144003212452 1.5
    endloop
  endfacet
  facet normal 0 0 1
    outer loop
      vertex 28.865575797855854 10.707307375967503 1.5
      vertex 30.446050688624382 10.707307375967503 1.5
      vertex 28.865575797855854 11.922144003212452 1.5
    endloop
  endfacet
  facet normal 0 0 1
    outer loop
      vertex 28.865575797855854 11.922144003212452 1.5
      vertex 28.865575797855854 13.892149336636066 1.5
      vertex 27.369603000581264 15.163271822035313 1.5
    endloop
  endfacet
  facet normal 0 0 1
    outer loop
      vertex 27.369603000581264 15.163271822035313 1.5
      vertex 27.369603000581264 7.836728177964687 1.5
      vertex 28.865575797855854 10.707307375967503 1.5
    endloop
  endfacet
  facet normal 0 0 1
    outer loop
      vertex 28.865575797855854 11.922144003212452 1.5
      vertex 27.369603000581264 15.163271822035313 1.5
      vertex 28.865575797855854 10.707307375967503 1.5
    endloop
  endfacet
  facet normal 0 0 1
    outer loop
      vertex 36.08731633424759 7.836728177964687 1.5
      vertex 36.08731633424759 15.163271822035313 1.5
      vertex 34.5664985999465 15.163271822035313 1.5
    endloop
  endfacet
  facet normal 0 0 1
    outer loop
      vertex 36.08731633424759 7.836728177964687 1.5
      vertex 34.5664985999465 15.163271822035313 1.5
      vertex 34.5664985999465 7.836728177964687 1.5
    endloop
  endfacet
  facet normal 0 0 1
    outer loop
      vertex 37.48903962224722 7.836728177964687 1.5
      vertex 38.915387980639935 7.836728177964687 1.5
      vertex 38.915387980639935 13.040825597941875 1.5
    endloop
  endfacet
  facet normal 0 0 1
    outer loop
      vertex 37.48903962224722 15.163271822035313 1.5
      vertex 37.48903962224722 7.836728177964687 1.5
      vertex 38.915387980639935 13.040825597941875 1.5
    endloop
  endfacet
  facet normal 0 0 1
    outer loop
      vertex 39.094286158680916 15.163271822035313 1.5
      vertex 37.48903962224722 15.163271822035313 1.5
      vertex 38.915387980639935 13.040825597941875 1.5
    endloop
  endfacet
  facet normal 0 0 1
    outer loop
      vertex 42.01162366569042 10.04858684539795 1.5
      vertex 39.094286158680916 15.163271822035313 1.5
      vertex 38.915387980639935 13.040825597941875 1.5
    endloop
  endfacet
  facet normal 0 0 1
    outer loop
      vertex 42.01162366569042 10.04858684539795 1.5
      vertex 38.915387980639935 13.040825597941875 1.5
      vertex 41.90726029127836 7.836728177964687 1.5
    endloop
  endfacet
  facet normal 0 0 1
    outer loop
      vertex 42.01162366569042 10.04858684539795 1.5
      vertex 41.90726029127836 7.836728177964687 1.5
      vertex 43.43797202408314 7.836728177964687 1.5
    endloop
  endfacet
  facet normal 0 0 1
    outer loop
      vertex 43.43797202408314 15.163271822035313 1.5
      vertex 42.01162366569042 15.163271822035313 1.5
      vertex 42.01162366569042 10.04858684539795 1.5
    endloop
  endfacet
  facet normal 0 0 1
    outer loop
      vertex 43.43797202408314 7.836728177964687 1.5
      vertex 43.43797202408314 15.163271822035313 1.5
      vertex 42.01162366569042 10.04858684539795 1.5
    endloop
  endfacet
  facet normal 0 0 1
    outer loop
      vertex 49.50673175603151 11.574608087539673 1.5
      vertex 51.06228842586279 11.678971469402313 1.5
      vertex 51.05672139674425 11.911983229219913 1.5
    endloop
  endfacet
  facet normal 0 0 1
    outer loop
      vertex 49.49281565845013 12.001510001718998 1.5
      vertex 49.50673175603151 11.574608087539673 1.5
      vertex 51.05672139674425 11.911983229219913 1.5
    endloop
  endfacet
  facet normal 0 0 1
    outer loop
      vertex 49.49281565845013 12.001510001718998 1.5
      vertex 51.05672139674425 11.911983229219913 1.5
      vertex 51.0400203242898 12.149767562747002 1.5
    endloop
  endfacet
  facet normal 0 0 1
    outer loop
      vertex 49.49281565845013 12.001510001718998 1.5
      vertex 51.0400203242898 12.149767562747002 1.5
      vertex 51.01218520849943 12.392324469983578 1.5
    endloop
  endfacet
  facet normal 0 0 1
    outer loop
      vertex 49.45106738060713 12.387035943567753 1.5
      vertex 49.49281565845013 12.001510001718998 1.5
      vertex 51.01218520849943 12.392324469983578 1.5
    endloop
  endfacet
  facet normal 0 0 1
    outer loop
      vertex 49.45106738060713 12.387035943567753 1.5
      vertex 51.01218520849943 12.392324469983578 1.5
      vertex 50.97321604192257 12.639653950929642 1.5
    endloop
  endfacet
  facet normal 0 0 1
    outer loop
      vertex 49.45106738060713 12.387035943567753 1.5
      vertex 50.97321604192257 12.639653950929642 1.5
      vertex 50.92311282455921 12.891755998134613 1.5
    endloop
  endfacet
  facet normal 0 0 1
    outer loop
      vertex 49.38148690760136 12.731185905635357 1.5
      vertex 49.45106738060713 12.387035943567753 1.5
      vertex 50.92311282455921 12.891755998134613 1.5
    endloop
  endfacet
  facet normal 0 0 1
    outer loop
      vertex 49.38148690760136 12.731185905635357 1.5
      vertex 50.92311282455921 12.891755998134613 1.5
      vertex 50.85772740840912 13.142664909362793 1.5
    endloop
  endfacet
  facet normal 0 0 1
    outer loop
      vertex 49.38148690760136 12.731185905635357 1.5
      vertex 50.85772740840912 13.142664909362793 1.5
      vertex 50.77285300940275 13.386414960026741 1.5
    endloop
  endfacet
  facet normal 0 0 1
    outer loop
      vertex 49.28407424688339 13.03395989537239 1.5
      vertex 49.38148690760136 12.731185905635357 1.5
      vertex 50.77285300940275 13.386414960026741 1.5
    endloop
  endfacet
  facet normal 0 0 1
    outer loop
      vertex 49.28407424688339 13.03395989537239 1.5
      vertex 50.77285300940275 13.386414960026741 1.5
      vertex 50.66848963499069 13.623006150126457 1.5
    endloop
  endfacet
  facet normal 0 0 1
    outer loop
      vertex 49.28407424688339 13.03395989537239 1.5
      vertex 50.66848963499069 13.623006150126457 1.5
      vertex 50.54463727027178 13.852438479661942 1.5
    endloop
  endfacet
  facet normal 0 0 1
    outer loop
      vertex 49.158829398453236 13.295357912778854 1.5
      vertex 49.28407424688339 13.03395989537239 1.5
      vertex 50.54463727027178 13.852438479661942 1.5
    endloop
  endfacet
  facet normal 0 0 1
    outer loop
      vertex 49.158829398453236 13.295357912778854 1.5
      vertex 50.54463727027178 13.852438479661942 1.5
      vertex 50.40129593014717 14.074711956083775 1.5
    endloop
  endfacet
  facet normal 0 0 1
    outer loop
      vertex 49.158829398453236 13.295357912778854 1.5
      vertex 50.40129593014717 14.074711956083775 1.5
      vertex 50.19872251152992 14.328218221664429 1.5
    endloop
  endfacet
  facet normal 0 0 1
    outer loop
      vertex 48.990045085549355 13.510202825069427 1.5
      vertex 49.158829398453236 13.295357912778854 1.5
      vertex 50.19872251152992 14.328218221664429 1.5
    endloop
  endfacet
  facet normal 0 0 1
    outer loop
      vertex 48.990045085549355 13.510202825069427 1.5
      vertex 50.19872251152992 14.328218221664429 1.5
      vertex 49.97269078344107 14.547923654317856 1.5
    endloop
  endfacet
  facet normal 0 0 1
    outer loop
      vertex 48.990045085549355 13.510202825069427 1.5
      vertex 49.97269078344107 14.547923654317856 1.5
      vertex 49.723200745880604 14.733828246593475 1.5
    endloop
  endfacet
  facet normal 0 0 1
    outer loop
      vertex 48.76600095629692 13.677304424345493 1.5
      vertex 48.990045085549355 13.510202825069427 1.5
      vertex 49.723200745880604 14.733828246593475 1.5
    endloop
  endfacet
  facet normal 0 0 1
    outer loop
      vertex 48.76600095629692 13.677304424345493 1.5
      vertex 49.723200745880604 14.733828246593475 1.5
      vertex 49.450252406299114 14.885932005941868 1.5
    endloop
  endfacet
  facet normal 0 0 1
    outer loop
      vertex 48.76600095629692 13.677304424345493 1.5
      vertex 49.450252406299114 14.885932005941868 1.5
      vertex 49.15384575724602 15.004234932363033 1.5
    endloop
  endfacet
  facet normal 0 0 1
    outer loop
      vertex 48.76600095629692 13.677304424345493 1.5
      vertex 49.15384575724602 15.004234932363033 1.5
      vertex 48.96379593759775 15.05829867720604 1.5
    endloop
  endfacet
  facet normal 0 0 1
    outer loop
      vertex 48.486697003245354 13.796662703156471 1.5
      vertex 48.76600095629692 13.677304424345493 1.5
      vertex 48.96379593759775 15.05829867720604 1.5
    endloop
  endfacet
  facet normal 0 0 1
    outer loop
      vertex 48.486697003245354 13.796662703156471 1.5
      vertex 48.96379593759775 15.05829867720604 1.5
      vertex 48.75545908510685 15.10123424232006 1.5
    endloop
  endfacet
  facet normal 0 0 1
    outer loop
      vertex 48.486697003245354 13.796662703156471 1.5
      vertex 48.75545908510685 15.10123424232006 1.5
      vertex 48.52883517742157 15.133041620254517 1.5
    endloop
  endfacet
  facet normal 0 0 1
    outer loop
      vertex 48.15213321894407 13.868277676403522 1.5
      vertex 48.486697003245354 13.796662703156471 1.5
      vertex 48.52883517742157 15.133041620254517 1.5
    endloop
  endfacet
  facet normal 0 0 1
    outer loop
      vertex 48.15213321894407 13.868277676403522 1.5
      vertex 48.52883517742157 15.133041620254517 1.5
      vertex 48.283924236893654 15.153720811009407 1.5
    endloop
  endfacet
  facet normal 0 0 1
    outer loop
      vertex 48.15213321894407 13.868277676403522 1.5
      vertex 48.283924236893654 15.153720811009407 1.5
      vertex 48.02072624117136 15.163271822035313 1.5
    endloop
  endfacet
  facet normal 0 0 1
    outer loop
      vertex 47.76230962574482 13.892149336636066 1.5
      vertex 48.15213321894407 13.868277676403522 1.5
      vertex 48.02072624117136 15.163271822035313 1.5
    endloop
  endfacet
  facet normal 0 0 1
    outer loop
      vertex 51.03883011639118 11.112316437065601 1.5
      vertex 51.06228842586279 11.678971469402313 1.5
      vertex 49.50673175603151 11.574608087539673 1.5
    endloop
  endfacet
  facet normal 0 0 1
    outer loop
      vertex 51.03883011639118 11.112316437065601 1.5
      vertex 49.50673175603151 11.574608087539673 1.5
      vertex 49.49738888442516 11.259301699697971 1.5
    endloop
  endfacet
  facet normal 0 0 1
    outer loop
      vertex 51.03883011639118 11.112316437065601 1.5
      vertex 49.49738888442516 11.259301699697971 1.5
      vertex 49.469360284507275 10.961901254951954 1.5
    endloop
  endfacet
  facet normal 0 0 1
    outer loop
      vertex 50.96845519542694 10.581455700099468 1.5
      vertex 51.03883011639118 11.112316437065601 1.5
      vertex 49.469360284507275 10.961901254951954 1.5
    endloop
  endfacet
  facet normal 0 0 1
    outer loop
      vertex 50.96845519542694 10.581455700099468 1.5
      vertex 49.469360284507275 10.961901254951954 1.5
      vertex 49.42264594882727 10.68240674585104 1.5
    endloop
  endfacet
  facet normal 0 0 1
    outer loop
      vertex 50.851163655519485 10.086389251053333 1.5
      vertex 50.96845519542694 10.581455700099468 1.5
      vertex 49.42264594882727 10.68240674585104 1.5
    endloop
  endfacet
  facet normal 0 0 1
    outer loop
      vertex 50.851163655519485 10.086389251053333 1.5
      vertex 49.42264594882727 10.68240674585104 1.5
      vertex 49.35724587738514 10.42081817984581 1.5
    endloop
  endfacet
  facet normal 0 0 1
    outer loop
      vertex 50.686955504119396 9.627117104828358 1.5
      vertex 50.851163655519485 10.086389251053333 1.5
      vertex 49.35724587738514 10.42081817984581 1.5
    endloop
  endfacet
  facet normal 0 0 1
    outer loop
      vertex 50.686955504119396 9.627117104828358 1.5
      vertex 49.35724587738514 10.42081817984581 1.5
      vertex 49.27316007018089 10.177135556936264 1.5
    endloop
  endfacet
  facet normal 0 0 1
    outer loop
      vertex 50.47583073377609 9.20363924652338 1.5
      vertex 50.686955504119396 9.627117104828358 1.5
      vertex 49.27316007018089 10.177135556936264 1.5
    endloop
  endfacet
  facet normal 0 0 1
    outer loop
      vertex 50.47583073377609 9.20363924652338 1.5
      vertex 49.27316007018089 10.177135556936264 1.5
      vertex 49.075951389968395 9.792192995548248 1.5
    endloop
  endfacet
  facet normal 0 0 1
    outer loop
      vertex 50.12316752970219 8.711551263928413 1.5
      vertex 50.47583073377609 9.20363924652338 1.5
      vertex 49.075951389968395 9.792192995548248 1.5
    endloop
  endfacet
  facet normal 0 0 1
    outer loop
      vertex 50.12316752970219 8.711551263928413 1.5
      vertex 49.075951389968395 9.792192995548248 1.5
      vertex 48.82626201212406 9.49279322475195 1.5
    endloop
  endfacet
  facet normal 0 0 1
    outer loop
      vertex 49.70132548362017 8.328816160559654 1.5
      vertex 50.12316752970219 8.711551263928413 1.5
      vertex 48.82626201212406 9.49279322475195 1.5
    endloop
  endfacet
  facet normal 0 0 1
    outer loop
      vertex 49.70132548362017 8.328816160559654 1.5
      vertex 48.82626201212406 9.49279322475195 1.5
      vertex 48.52409192174673 9.278936251997948 1.5
    endloop
  endfacet
  facet normal 0 0 1
    outer loop
      vertex 49.21030458062887 8.055433951318264 1.5
      vertex 49.70132548362017 8.328816160559654 1.5
      vertex 48.52409192174673 9.278936251997948 1.5
    endloop
  endfacet
  facet normal 0 0 1
    outer loop
      vertex 48.65010483562946 7.8914046213030815 1.5
      vertex 49.21030458062887 8.055433951318264 1.5
      vertex 48.52409192174673 9.278936251997948 1.5
    endloop
  endfacet
  facet normal 0 0 1
    outer loop
      vertex 48.65010483562946 7.8914046213030815 1.5
      vertex 48.52409192174673 9.278936251997948 1.5
      vertex 48.16944112628698 9.150622062385082 1.5
    endloop
  endfacet
  facet normal 0 0 1
    outer loop
      vertex 48.02072624117136 7.836728177964687 1.5
      vertex 48.65010483562946 7.8914046213030815 1.5
      vertex 48.16944112628698 9.150622062385082 1.5
    endloop
  endfacet
  facet normal 0 0 1
    outer loop
      vertex 48.02072624117136 7.836728177964687 1.5
      vertex 48.16944112628698 9.150622062385082 1.5
      vertex 47.76230962574482 9.107850663363934 1.5
    endloop
  endfacet
  facet normal 0 0 1
    outer loop
      vertex 46.35083891451359 13.892149336636066 1.5
      vertex 47.76230962574482 13.892149336636066 1.5
      vertex 48.02072624117136 15.163271822035313 1.5
    endloop
  endfacet
  facet normal 0 0 1
    outer loop
      vertex 46.35083891451359 13.892149336636066 1.5
      vertex 48.02072624117136 15.163271822035313 1.5
      vertex 44.864833399653435 15.163271822035313 1.5
    endloop
  endfacet
  facet normal 0 0 1
    outer loop
      vertex 48.02072624117136 7.836728177964687 1.5
      vertex 47.76230962574482 9.107850663363934 1.5
      vertex 46.35083891451359 9.107850663363934 1.5
    endloop
  endfacet
  facet normal 0 0 1
    outer loop
      vertex 44.864833399653435 7.836728177964687 1.5
      vertex 48.02072624117136 7.836728177964687 1.5
      vertex 46.35083891451359 9.107850663363934 1.5
    endloop
  endfacet
  facet normal 0 0 1
    outer loop
      vertex 46.35083891451359 13.892149336636066 1.5
      vertex 44.864833399653435 15.163271822035313 1.5
      vertex 44.864833399653435 7.836728177964687 1.5
    endloop
  endfacet
  facet normal 0 0 1
    outer loop
      vertex 46.35083891451359 9.107850663363934 1.5
      vertex 46.35083891451359 13.892149336636066 1.5
      vertex 44.864833399653435 7.836728177964687 1.5
    endloop
  endfacet
  facet normal 0 0 -1
    outer loop
      vertex 46.84874954819679 34.423906706273556 0.9
      vertex 50.13861387223005 34.423906706273556 0.9
      vertex 46.396039605140686 34.28480099886656 0.9
    endloop
  endfacet
  facet normal 0 0 -1
    outer loop
      vertex 26.3465346544981 20.989504374563694 0.9
      vertex 26.3465346544981 24.138192422688007 0.9
      vertex 27.148514844477177 24.138192422688007 0.9
    endloop
  endfacet
  facet normal 0 0 -1
    outer loop
      vertex 35.88118812441826 24.138192422688007 0.9
      vertex 36.683168314397335 24.138192422688007 0.9
      vertex 36.683168314397335 20.989504374563694 0.9
    endloop
  endfacet
  facet normal 0 0 -1
    outer loop
      vertex 32.13861386477947 24.138192422688007 0.9
      vertex 32.13861386477947 31.73249000310898 0.9
      vertex 35.88118812441826 31.72704216092825 0.9
    endloop
  endfacet
  facet normal 0 0 -1
    outer loop
      vertex 32.13861386477947 24.138192422688007 0.9
      vertex 35.88118812441826 31.72704216092825 0.9
      vertex 35.88118812441826 24.138192422688007 0.9
    endloop
  endfacet
  facet normal 0 0 -1
    outer loop
      vertex 40.9603960365057 20.989504374563694 0.9
      vertex 40.9603960365057 24.138192422688007 0.9
      vertex 41.76237624138594 24.138192422688007 0.9
    endloop
  endfacet
  facet normal 0 0 -1
    outer loop
      vertex 50.13861387223005 24.138192422688007 0.9
      vertex 50.94059406220913 24.138192422688007 0.9
      vertex 50.94059406220913 20.989504374563694 0.9
    endloop
  endfacet
  facet normal 0 0 -1
    outer loop
      vertex 43.53424080461264 33.58425655961037 0.9
      vertex 45.50495050102472 33.58425655961037 0.9
      vertex 45.50495050102472 24.138192422688007 0.9
    endloop
  endfacet
  facet normal 0 0 -1
    outer loop
      vertex 46.396039605140686 34.28480099886656 0.9
      vertex 50.13861387223005 34.423906706273556 0.9
      vertex 50.13861387223005 24.138192422688007 0.9
    endloop
  endfacet
  facet normal 0 0 -1
    outer loop
      vertex 46.396039605140686 24.138192422688007 0.9
      vertex 46.396039605140686 34.28480099886656 0.9
      vertex 50.13861387223005 24.138192422688007 0.9
    endloop
  endfacet
  facet normal 0 0 -1
    outer loop
      vertex 32.13861386477947 24.138192422688007 0.9
      vertex 35.88118812441826 24.138192422688007 0.9
      vertex 36.683168314397335 20.989504374563694 0.9
    endloop
  endfacet
  facet normal 0 0 -1
    outer loop
      vertex 46.396039605140686 24.138192422688007 0.9
      vertex 50.13861387223005 24.138192422688007 0.9
      vertex 50.94059406220913 20.989504374563694 0.9
    endloop
  endfacet
  facet normal 0 0 -1
    outer loop
      vertex 46.396039605140686 24.138192422688007 0.9
      vertex 50.94059406220913 20.989504374563694 0.9
      vertex 40.9603960365057 20.989504374563694 0.9
    endloop
  endfacet
  facet normal 0 0 -1
    outer loop
      vertex 45.50495050102472 24.138192422688007 0.9
      vertex 46.396039605140686 24.138192422688007 0.9
      vertex 40.9603960365057 20.989504374563694 0.9
    endloop
  endfacet
  facet normal 0 0 -1
    outer loop
      vertex 45.50495050102472 24.138192422688007 0.9
      vertex 40.9603960365057 20.989504374563694 0.9
      vertex 41.76237624138594 24.138192422688007 0.9
    endloop
  endfacet
  facet normal 0 0 -1
    outer loop
      vertex 45.50495050102472 24.138192422688007 0.9
      vertex 41.76237624138594 24.138192422688007 0.9
      vertex 41.76237624138594 33.15426705032587 0.9
    endloop
  endfacet
  facet normal 0 0 -1
    outer loop
      vertex 43.53424080461264 33.58425655961037 0.9
      vertex 45.50495050102472 24.138192422688007 0.9
      vertex 41.76237624138594 33.15426705032587 0.9
    endloop
  endfacet
  facet normal 0 0 -1
    outer loop
      vertex 32.13861386477947 24.138192422688007 0.9
      vertex 36.683168314397335 20.989504374563694 0.9
      vertex 26.3465346544981 20.989504374563694 0.9
    endloop
  endfacet
  facet normal 0 0 -1
    outer loop
      vertex 30.891089104115963 24.138192422688007 0.9
      vertex 32.13861386477947 24.138192422688007 0.9
      vertex 26.3465346544981 20.989504374563694 0.9
    endloop
  endfacet
  facet normal 0 0 -1
    outer loop
      vertex 30.891089104115963 24.138192422688007 0.9
      vertex 26.3465346544981 20.989504374563694 0.9
      vertex 27.148514844477177 24.138192422688007 0.9
    endloop
  endfacet
  facet normal 0 0 -1
    outer loop
      vertex 30.891089104115963 32.142565198242664 0.9
      vertex 30.891089104115963 24.138192422688007 0.9
      vertex 27.148514844477177 24.138192422688007 0.9
    endloop
  endfacet
  facet normal 0 0 -1
    outer loop
      vertex 30.891089104115963 32.142565198242664 0.9
      vertex 27.148514844477177 24.138192422688007 0.9
      vertex 27.148514844477177 34.423906706273556 0.9
    endloop
  endfacet
  facet normal 0 0 -1
    outer loop
      vertex 30.891089104115963 32.142565198242664 0.9
      vertex 27.148514844477177 34.423906706273556 0.9
      vertex 27.497513443231583 34.423906706273556 0.9
    endloop
  endfacet
  facet normal 0 0 -1
    outer loop
      vertex 35.88118812441826 31.72704216092825 0.9
      vertex 32.13861386477947 31.73249000310898 0.9
      vertex 30.891089104115963 32.142565198242664 0.9
    endloop
  endfacet
  facet normal 0 0 -1
    outer loop
      vertex 35.88118812441826 31.72704216092825 0.9
      vertex 30.891089104115963 32.142565198242664 0.9
      vertex 27.497513443231583 34.423906706273556 0.9
    endloop
  endfacet
  facet normal 0 0 -1
    outer loop
      vertex 41.76237624138594 33.15426705032587 0.9
      vertex 35.88118812441826 31.72704216092825 0.9
      vertex 27.497513443231583 34.423906706273556 0.9
    endloop
  endfacet
  facet normal 0 0 -1
    outer loop
      vertex 41.76237624138594 33.15426705032587 0.9
      vertex 27.497513443231583 34.423906706273556 0.9
      vertex 27.45691141486168 34.46001408994198 0.9
    endloop
  endfacet
  facet normal 0 0 -1
    outer loop
      vertex 41.76237624138594 33.15426705032587 0.9
      vertex 27.45691141486168 34.46001408994198 0.9
      vertex 26.30440041422844 35.98177680373192 0.9
    endloop
  endfacet
  facet normal 0 0 -1
    outer loop
      vertex 41.76237624138594 33.15426705032587 0.9
      vertex 26.30440041422844 35.98177680373192 0.9
      vertex 25.596913903951645 37.41606520861387 0.9
    endloop
  endfacet
  facet normal 0 0 -1
    outer loop
      vertex 43.53424080461264 33.58425655961037 0.9
      vertex 41.76237624138594 33.15426705032587 0.9
      vertex 25.596913903951645 37.41606520861387 0.9
    endloop
  endfacet
  facet normal 0 0 -1
    outer loop
      vertex 46.30232462286949 34.256004862487316 0.9
      vertex 43.53424080461264 33.58425655961037 0.9
      vertex 25.596913903951645 37.41606520861387 0.9
    endloop
  endfacet
  facet normal 0 0 -1
    outer loop
      vertex 46.396039605140686 34.28480099886656 0.9
      vertex 46.30232462286949 34.256004862487316 0.9
      vertex 25.596913903951645 37.41606520861387 0.9
    endloop
  endfacet
  facet normal 0 0 -1
    outer loop
      vertex 46.84874954819679 34.423906706273556 0.9
      vertex 46.396039605140686 34.28480099886656 0.9
      vertex 25.596913903951645 37.41606520861387 0.9
    endloop
  endfacet
  facet normal 0 0 -1
    outer loop
      vertex 47.840216651558876 34.72855816781521 0.9
      vertex 46.84874954819679 34.423906706273556 0.9
      vertex 25.596913903951645 37.41606520861387 0.9
    endloop
  endfacet
  facet normal 0 0 -1
    outer loop
      vertex 49.257546074688435 35.49594307690859 0.9
      vertex 47.840216651558876 34.72855816781521 0.9
      vertex 25.596913903951645 37.41606520861387 0.9
    endloop
  endfacet
  facet normal 0 0 -1
    outer loop
      vertex 50.49984569102526 36.52866943180561 0.9
      vertex 49.257546074688435 35.49594307690859 0.9
      vertex 25.596913903951645 37.41606520861387 0.9
    endloop
  endfacet
  facet normal 0 0 -1
    outer loop
      vertex 51.519374653697014 37.78705012798309 0.9
      vertex 50.49984569102526 36.52866943180561 0.9
      vertex 25.596913903951645 37.41606520861387 0.9
    endloop
  endfacet
  facet normal 0 0 -1
    outer loop
      vertex 51.96087961643934 38.623740047216415 0.9
      vertex 51.519374653697014 37.78705012798309 0.9
      vertex 25.596913903951645 37.41606520861387 0.9
    endloop
  endfacet
  facet normal 0 0 -1
    outer loop
      vertex 29.132936544716358 50.06809214502573 0.9
      vertex 29.452055230736732 50.56372516602278 0.9
      vertex 30.193164497613907 51.216965079307556 0.9
    endloop
  endfacet
  facet normal 0 0 -1
    outer loop
      vertex 29.132936544716358 50.06809214502573 0.9
      vertex 30.193164497613907 51.216965079307556 0.9
      vertex 31.19052977859974 51.78953465819359 0.9
    endloop
  endfacet
  facet normal 0 0 -1
    outer loop
      vertex 29.132936544716358 50.06809214502573 0.9
      vertex 31.19052977859974 51.78953465819359 0.9
      vertex 32.40582288056612 52.25943037122488 0.9
    endloop
  endfacet
  facet normal 0 0 -1
    outer loop
      vertex 29.132936544716358 50.06809214502573 0.9
      vertex 32.40582288056612 52.25943037122488 0.9
      vertex 33.79234078526497 52.60859438031912 0.9
    endloop
  endfacet
  facet normal 0 0 -1
    outer loop
      vertex 29.132936544716358 50.06809214502573 0.9
      vertex 33.79234078526497 52.60859438031912 0.9
      vertex 35.2968003898859 52.82360853254795 0.9
    endloop
  endfacet
  facet normal 0 0 -1
    outer loop
      vertex 29.132936544716358 50.06809214502573 0.9
      vertex 35.2968003898859 52.82360853254795 0.9
      vertex 36.86138613522053 52.89620991051197 0.9
    endloop
  endfacet
  facet normal 0 0 -1
    outer loop
      vertex 29.132936544716358 50.06809214502573 0.9
      vertex 36.86138613522053 52.89620991051197 0.9
      vertex 38.42597188800573 52.82360853254795 0.9
    endloop
  endfacet
  facet normal 0 0 -1
    outer loop
      vertex 29.132936544716358 50.06809214502573 0.9
      vertex 38.42597188800573 52.82360853254795 0.9
      vertex 39.93043149262667 52.60859438031912 0.9
    endloop
  endfacet
  facet normal 0 0 -1
    outer loop
      vertex 29.132936544716358 50.06809214502573 0.9
      vertex 39.93043149262667 52.60859438031912 0.9
      vertex 41.316949397325516 52.25943037122488 0.9
    endloop
  endfacet
  facet normal 0 0 -1
    outer loop
      vertex 29.132936544716358 50.06809214502573 0.9
      vertex 41.316949397325516 52.25943037122488 0.9
      vertex 42.5322424992919 51.78953465819359 0.9
    endloop
  endfacet
  facet normal 0 0 -1
    outer loop
      vertex 29.132936544716358 50.06809214502573 0.9
      vertex 42.5322424992919 51.78953465819359 0.9
      vertex 43.52960778027773 51.216965079307556 0.9
    endloop
  endfacet
  facet normal 0 0 -1
    outer loop
      vertex 29.132936544716358 50.06809214502573 0.9
      vertex 43.52960778027773 51.216965079307556 0.9
      vertex 44.048354357481 50.759723484516144 0.9
    endloop
  endfacet
  facet normal 0 0 -1
    outer loop
      vertex 28.86125010997057 49.91073018312454 0.9
      vertex 29.132936544716358 50.06809214502573 0.9
      vertex 44.048354357481 50.759723484516144 0.9
    endloop
  endfacet
  facet normal 0 0 -1
    outer loop
      vertex 27.45691141486168 48.6618517935276 0.9
      vertex 28.86125010997057 49.91073018312454 0.9
      vertex 44.048354357481 50.759723484516144 0.9
    endloop
  endfacet
  facet normal 0 0 -1
    outer loop
      vertex 27.198814123868942 48.32106298953295 0.9
      vertex 27.45691141486168 48.6618517935276 0.9
      vertex 44.048354357481 50.759723484516144 0.9
    endloop
  endfacet
  facet normal 0 0 -1
    outer loop
      vertex 23.94704094529152 29.228527635335922 0.9
      vertex 23.495049498975277 29.17609329521656 0.9
      vertex 23.043058060109615 29.228527635335922 0.9
    endloop
  endfacet
  facet normal 0 0 -1
    outer loop
      vertex 24.381662599742413 29.383815616369247 0.9
      vertex 23.94704094529152 29.228527635335922 0.9
      vertex 23.043058060109615 29.228527635335922 0.9
    endloop
  endfacet
  facet normal 0 0 -1
    outer loop
      vertex 24.381662599742413 29.383815616369247 0.9
      vertex 23.043058060109615 29.228527635335922 0.9
      vertex 22.60843639820814 29.383815616369247 0.9
    endloop
  endfacet
  facet normal 0 0 -1
    outer loop
      vertex 24.381662599742413 29.383815616369247 0.9
      vertex 22.60843639820814 29.383815616369247 0.9
      vertex 22.207886777818203 29.635989621281624 0.9
    endloop
  endfacet
  facet normal 0 0 -1
    outer loop
      vertex 24.78221222013235 29.635989621281624 0.9
      vertex 24.381662599742413 29.383815616369247 0.9
      vertex 22.207886777818203 29.635989621281624 0.9
    endloop
  endfacet
  facet normal 0 0 -1
    outer loop
      vertex 24.78221222013235 29.635989621281624 0.9
      vertex 22.207886777818203 29.635989621281624 0.9
      vertex 21.856802113354206 29.97535875439644 0.9
    endloop
  endfacet
  facet normal 0 0 -1
    outer loop
      vertex 25.13329689204693 29.97535875439644 0.9
      vertex 24.78221222013235 29.635989621281624 0.9
      vertex 21.856802113354206 29.97535875439644 0.9
    endloop
  endfacet
  facet normal 0 0 -1
    outer loop
      vertex 25.42142464220524 30.388881236314774 0.9
      vertex 25.13329689204693 29.97535875439644 0.9
      vertex 21.856802113354206 29.97535875439644 0.9
    endloop
  endfacet
  facet normal 0 0 -1
    outer loop
      vertex 25.42142464220524 30.388881236314774 0.9
      vertex 21.856802113354206 29.97535875439644 0.9
      vertex 21.568674355745316 30.388881236314774 0.9
    endloop
  endfacet
  facet normal 0 0 -1
    outer loop
      vertex 25.42142464220524 30.388881236314774 0.9
      vertex 21.568674355745316 30.388881236314774 0.9
      vertex 21.354576133191586 30.86066561192274 0.9
    endloop
  endfacet
  facet normal 0 0 -1
    outer loop
      vertex 25.63552287220955 30.86066561192274 0.9
      vertex 25.42142464220524 30.388881236314774 0.9
      vertex 21.354576133191586 30.86066561192274 0.9
    endloop
  endfacet
  facet normal 0 0 -1
    outer loop
      vertex 25.63552287220955 30.86066561192274 0.9
      vertex 21.354576133191586 30.86066561192274 0.9
      vertex 21.222735084593296 31.372581519186497 0.9
    endloop
  endfacet
  facet normal 0 0 -1
    outer loop
      vertex 25.76736392080784 31.372581519186497 0.9
      vertex 25.63552287220955 30.86066561192274 0.9
      vertex 21.222735084593296 31.372581519186497 0.9
    endloop
  endfacet
  facet normal 0 0 -1
    outer loop
      vertex 25.81188117712736 31.90495625883341 0.9
      vertex 25.76736392080784 31.372581519186497 0.9
      vertex 21.222735084593296 31.372581519186497 0.9
    endloop
  endfacet
  facet normal 0 0 -1
    outer loop
      vertex 25.81188117712736 31.90495625883341 0.9
      vertex 21.222735084593296 31.372581519186497 0.9
      vertex 21.178217820823193 31.90495625883341 0.9
    endloop
  endfacet
  facet normal 0 0 -1
    outer loop
      vertex 25.81188117712736 31.90495625883341 0.9
      vertex 21.178217820823193 31.90495625883341 0.9
      vertex 21.222735084593296 32.43733102083206 0.9
    endloop
  endfacet
  facet normal 0 0 -1
    outer loop
      vertex 25.76736392080784 32.43733102083206 0.9
      vertex 25.81188117712736 31.90495625883341 0.9
      vertex 21.222735084593296 32.43733102083206 0.9
    endloop
  endfacet
  facet normal 0 0 -1
    outer loop
      vertex 25.76736392080784 32.43733102083206 0.9
      vertex 21.222735084593296 32.43733102083206 0.9
      vertex 21.354576133191586 32.949246905744076 0.9
    endloop
  endfacet
  facet normal 0 0 -1
    outer loop
      vertex 25.63552287220955 32.949246905744076 0.9
      vertex 25.76736392080784 32.43733102083206 0.9
      vertex 21.354576133191586 32.949246905744076 0.9
    endloop
  endfacet
  facet normal 0 0 -1
    outer loop
      vertex 25.63552287220955 32.949246905744076 0.9
      vertex 21.354576133191586 32.949246905744076 0.9
      vertex 21.568674355745316 33.421031303703785 0.9
    endloop
  endfacet
  facet normal 0 0 -1
    outer loop
      vertex 25.42142464220524 33.421031303703785 0.9
      vertex 25.63552287220955 32.949246905744076 0.9
      vertex 21.568674355745316 33.421031303703785 0.9
    endloop
  endfacet
  facet normal 0 0 -1
    outer loop
      vertex 25.42142464220524 33.421031303703785 0.9
      vertex 21.568674355745316 33.421031303703785 0.9
      vertex 21.856802113354206 33.83455378562212 0.9
    endloop
  endfacet
  facet normal 0 0 -1
    outer loop
      vertex 25.13329689204693 33.83455378562212 0.9
      vertex 25.42142464220524 33.421031303703785 0.9
      vertex 21.856802113354206 33.83455378562212 0.9
    endloop
  endfacet
  facet normal 0 0 -1
    outer loop
      vertex 25.13329689204693 33.83455378562212 0.9
      vertex 21.856802113354206 33.83455378562212 0.9
      vertex 22.207886777818203 34.17392290383577 0.9
    endloop
  endfacet
  facet normal 0 0 -1
    outer loop
      vertex 24.881540149450302 34.07790952920914 0.9
      vertex 25.13329689204693 33.83455378562212 0.9
      vertex 22.207886777818203 34.17392290383577 0.9
    endloop
  endfacet
  facet normal 0 0 -1
    outer loop
      vertex 24.881540149450302 34.07790952920914 0.9
      vertex 22.207886777818203 34.17392290383577 0.9
      vertex 22.434705451130867 34.31672112643719 0.9
    endloop
  endfacet
  facet normal 0 0 -1
    outer loop
      vertex 24.89682123810053 34.13724337518215 0.9
      vertex 24.881540149450302 34.07790952920914 0.9
      vertex 22.434705451130867 34.31672112643719 0.9
    endloop
  endfacet
  facet normal 0 0 -1
    outer loop
      vertex 24.89682123810053 34.13724337518215 0.9
      vertex 22.434705451130867 34.31672112643719 0.9
      vertex 22.42574256658554 34.423906706273556 0.9
    endloop
  endfacet
  facet normal 0 0 -1
    outer loop
      vertex 24.89682123810053 34.13724337518215 0.9
      vertex 22.42574256658554 34.423906706273556 0.9
      vertex 22.44971340149641 34.71057003736496 0.9
    endloop
  endfacet
  facet normal 0 0 -1
    outer loop
      vertex 25.596913903951645 37.41606520861387 0.9
      vertex 24.89682123810053 34.13724337518215 0.9
      vertex 22.44971340149641 34.71057003736496 0.9
    endloop
  endfacet
  facet normal 0 0 -1
    outer loop
      vertex 25.596913903951645 37.41606520861387 0.9
      vertex 22.44971340149641 34.71057003736496 0.9
      vertex 24.06394701451063 47.42817793786526 0.9
    endloop
  endfacet
  facet normal 0 0 -1
    outer loop
      vertex 51.96087961643934 38.623740047216415 0.9
      vertex 25.596913903951645 37.41606520861387 0.9
      vertex 24.06394701451063 47.42817793786526 0.9
    endloop
  endfacet
  facet normal 0 0 -1
    outer loop
      vertex 51.96087961643934 38.623740047216415 0.9
      vertex 24.06394701451063 47.42817793786526 0.9
      vertex 24.16536321491003 47.821959391236305 0.9
    endloop
  endfacet
  facet normal 0 0 -1
    outer loop
      vertex 51.96087961643934 38.623740047216415 0.9
      vertex 24.16536321491003 47.821959391236305 0.9
      vertex 24.33005414903164 48.18487045168877 0.9
    endloop
  endfacet
  facet normal 0 0 -1
    outer loop
      vertex 51.96087961643934 38.623740047216415 0.9
      vertex 24.33005414903164 48.18487045168877 0.9
      vertex 24.551690883934498 48.50296467542648 0.9
    endloop
  endfacet
  facet normal 0 0 -1
    outer loop
      vertex 51.96087961643934 38.623740047216415 0.9
      vertex 24.551690883934498 48.50296467542648 0.9
      vertex 24.82175602018833 48.76401784271002 0.9
    endloop
  endfacet
  facet normal 0 0 -1
    outer loop
      vertex 51.96087961643934 38.623740047216415 0.9
      vertex 24.82175602018833 48.76401784271002 0.9
      vertex 25.129871115088463 48.95799785852432 0.9
    endloop
  endfacet
  facet normal 0 0 -1
    outer loop
      vertex 54.596131324768066 37.85510868579149 0.9
      vertex 53.970297038555145 37.78250729292631 0.9
      vertex 53.34446272999048 37.85510868579149 0.9
    endloop
  endfacet
  facet normal 0 0 -1
    outer loop
      vertex 54.596131324768066 37.85510868579149 0.9
      vertex 53.34446272999048 37.85510868579149 0.9
      vertex 52.74267888814211 38.07012281566858 0.9
    endloop
  endfacet
  facet normal 0 0 -1
    outer loop
      vertex 55.19791516661644 38.07012281566858 0.9
      vertex 54.596131324768066 37.85510868579149 0.9
      vertex 52.74267888814211 38.07012281566858 0.9
    endloop
  endfacet
  facet normal 0 0 -1
    outer loop
      vertex 55.19791516661644 38.07012281566858 0.9
      vertex 52.74267888814211 38.07012281566858 0.9
      vertex 52.188071735203266 38.41928682476282 0.9
    endloop
  endfacet
  facet normal 0 0 -1
    outer loop
      vertex 55.752522341907024 38.41928682476282 0.9
      vertex 55.19791516661644 38.07012281566858 0.9
      vertex 52.188071735203266 38.41928682476282 0.9
    endloop
  endfacet
  facet normal 0 0 -1
    outer loop
      vertex 56.23863957822323 38.88918253779411 0.9
      vertex 55.752522341907024 38.41928682476282 0.9
      vertex 52.188071735203266 38.41928682476282 0.9
    endloop
  endfacet
  facet normal 0 0 -1
    outer loop
      vertex 56.23863957822323 38.88918253779411 0.9
      vertex 52.188071735203266 38.41928682476282 0.9
      vertex 51.96087961643934 38.623740047216415 0.9
    endloop
  endfacet
  facet normal 0 0 -1
    outer loop
      vertex 56.63758569210768 39.461752116680145 0.9
      vertex 56.23863957822323 38.88918253779411 0.9
      vertex 51.96087961643934 38.623740047216415 0.9
    endloop
  endfacet
  facet normal 0 0 -1
    outer loop
      vertex 56.93402939289808 40.114992052316666 0.9
      vertex 56.63758569210768 39.461752116680145 0.9
      vertex 51.96087961643934 38.623740047216415 0.9
    endloop
  endfacet
  facet normal 0 0 -1
    outer loop
      vertex 57.11657851934433 40.823798671364784 0.9
      vertex 56.93402939289808 40.114992052316666 0.9
      vertex 51.96087961643934 38.623740047216415 0.9
    endloop
  endfacet
  facet normal 0 0 -1
    outer loop
      vertex 57.17821782082319 41.56093294173479 0.9
      vertex 57.11657851934433 40.823798671364784 0.9
      vertex 51.96087961643934 38.623740047216415 0.9
    endloop
  endfacet
  facet normal 0 0 -1
    outer loop
      vertex 57.11657851934433 42.29806722700596 0.9
      vertex 57.17821782082319 41.56093294173479 0.9
      vertex 51.96087961643934 38.623740047216415 0.9
    endloop
  endfacet
  facet normal 0 0 -1
    outer loop
      vertex 56.194669768214226 47.28471016138792 0.9
      vertex 57.11657851934433 42.29806722700596 0.9
      vertex 51.96087961643934 38.623740047216415 0.9
    endloop
  endfacet
  facet normal 0 0 -1
    outer loop
      vertex 55.920846067368984 48.34792009741068 0.9
      vertex 56.194669768214226 47.28471016138792 0.9
      vertex 51.96087961643934 38.623740047216415 0.9
    endloop
  endfacet
  facet normal 0 0 -1
    outer loop
      vertex 55.476180516183376 49.3277799859643 0.9
      vertex 55.920846067368984 48.34792009741068 0.9
      vertex 51.96087961643934 38.623740047216415 0.9
    endloop
  endfacet
  facet normal 0 0 -1
    outer loop
      vertex 55.22691451013088 49.68552786111832 0.9
      vertex 55.476180516183376 49.3277799859643 0.9
      vertex 51.96087961643934 38.623740047216415 0.9
    endloop
  endfacet
  facet normal 0 0 -1
    outer loop
      vertex 25.46419546753168 49.07745014876127 0.9
      vertex 25.81188117712736 49.11778425425291 0.9
      vertex 26.159566901624203 49.07745014876127 0.9
    endloop
  endfacet
  facet normal 0 0 -1
    outer loop
      vertex 25.129871115088463 48.95799785852432 0.9
      vertex 25.46419546753168 49.07745014876127 0.9
      vertex 26.159566901624203 49.07745014876127 0.9
    endloop
  endfacet
  facet normal 0 0 -1
    outer loop
      vertex 25.129871115088463 48.95799785852432 0.9
      vertex 26.159566901624203 49.07745014876127 0.9
      vertex 26.493891261518 48.95799785852432 0.9
    endloop
  endfacet
  facet normal 0 0 -1
    outer loop
      vertex 25.129871115088463 48.95799785852432 0.9
      vertex 26.493891261518 48.95799785852432 0.9
      vertex 26.802006356418133 48.76401784271002 0.9
    endloop
  endfacet
  facet normal 0 0 -1
    outer loop
      vertex 25.129871115088463 48.95799785852432 0.9
      vertex 26.802006356418133 48.76401784271002 0.9
      vertex 27.072071485221386 48.50296467542648 0.9
    endloop
  endfacet
  facet normal 0 0 -1
    outer loop
      vertex 25.129871115088463 48.95799785852432 0.9
      vertex 27.072071485221386 48.50296467542648 0.9
      vertex 27.198814123868942 48.32106298953295 0.9
    endloop
  endfacet
  facet normal 0 0 -1
    outer loop
      vertex 51.96087961643934 38.623740047216415 0.9
      vertex 25.129871115088463 48.95799785852432 0.9
      vertex 27.198814123868942 48.32106298953295 0.9
    endloop
  endfacet
  facet normal 0 0 -1
    outer loop
      vertex 51.96087961643934 38.623740047216415 0.9
      vertex 27.198814123868942 48.32106298953295 0.9
      vertex 44.048354357481 50.759723484516144 0.9
    endloop
  endfacet
  facet normal 0 0 -1
    outer loop
      vertex 51.96087961643934 38.623740047216415 0.9
      vertex 44.048354357481 50.759723484516144 0.9
      vertex 44.702970296144485 50.70472303032875 0.9
    endloop
  endfacet
  facet normal 0 0 -1
    outer loop
      vertex 51.96087961643934 38.623740047216415 0.9
      vertex 44.702970296144485 50.70472303032875 0.9
      vertex 45.585344694554806 50.61669175326824 0.9
    endloop
  endfacet
  facet normal 0 0 -1
    outer loop
      vertex 51.96087961643934 38.623740047216415 0.9
      vertex 45.585344694554806 50.61669175326824 0.9
      vertex 45.728989854454994 50.66801541298628 0.9
    endloop
  endfacet
  facet normal 0 0 -1
    outer loop
      vertex 51.96087961643934 38.623740047216415 0.9
      vertex 45.728989854454994 50.66801541298628 0.9
      vertex 47.541352063417435 51.01921198517084 0.9
    endloop
  endfacet
  facet normal 0 0 -1
    outer loop
      vertex 55.22691451013088 49.68552786111832 0.9
      vertex 51.96087961643934 38.623740047216415 0.9
      vertex 47.541352063417435 51.01921198517084 0.9
    endloop
  endfacet
  facet normal 0 0 -1
    outer loop
      vertex 55.22691451013088 49.68552786111832 0.9
      vertex 47.541352063417435 51.01921198517084 0.9
      vertex 45.73021388798952 54.54050166904926 0.9
    endloop
  endfacet
  facet normal 0 0 -1
    outer loop
      vertex 55.22691451013088 49.68552786111832 0.9
      vertex 45.73021388798952 54.54050166904926 0.9
      vertex 45.6066956743598 54.8126849681139 0.9
    endloop
  endfacet
  facet normal 0 0 -1
    outer loop
      vertex 55.22691451013088 49.68552786111832 0.9
      vertex 45.6066956743598 54.8126849681139 0.9
      vertex 45.53063353896141 55.108021065592766 0.9
    endloop
  endfacet
  facet normal 0 0 -1
    outer loop
      vertex 55.22691451013088 49.68552786111832 0.9
      vertex 45.53063353896141 55.108021065592766 0.9
      vertex 45.50495050102472 55.41516035050154 0.9
    endloop
  endfacet
  facet normal 0 0 -1
    outer loop
      vertex 55.22691451013088 49.68552786111832 0.9
      vertex 45.50495050102472 55.41516035050154 0.9
      vertex 45.53063353896141 55.72229963541031 0.9
    endloop
  endfacet
  facet normal 0 0 -1
    outer loop
      vertex 55.22691451013088 49.68552786111832 0.9
      vertex 45.53063353896141 55.72229963541031 0.9
      vertex 45.6066956743598 56.017635732889175 0.9
    endloop
  endfacet
  facet normal 0 0 -1
    outer loop
      vertex 55.135275311768055 56.11960365623236 0.9
      vertex 55.396039605140686 56.149854235351086 0.9
      vertex 55.65680389851332 56.11960365623236 0.9
    endloop
  endfacet
  facet normal 0 0 -1
    outer loop
      vertex 54.88453205674887 56.03001443296671 0.9
      vertex 55.135275311768055 56.11960365623236 0.9
      vertex 55.65680389851332 56.11960365623236 0.9
    endloop
  endfacet
  facet normal 0 0 -1
    outer loop
      vertex 54.88453205674887 56.03001443296671 0.9
      vertex 55.65680389851332 56.11960365623236 0.9
      vertex 55.907547168433666 56.03001443296671 0.9
    endloop
  endfacet
  facet normal 0 0 -1
    outer loop
      vertex 54.88453205674887 56.03001443296671 0.9
      vertex 55.907547168433666 56.03001443296671 0.9
      vertex 56.138633482158184 55.884529411792755 0.9
    endloop
  endfacet
  facet normal 0 0 -1
    outer loop
      vertex 54.65344572812319 55.884529411792755 0.9
      vertex 54.88453205674887 56.03001443296671 0.9
      vertex 56.138633482158184 55.884529411792755 0.9
    endloop
  endfacet
  facet normal 0 0 -1
    outer loop
      vertex 54.65344572812319 55.884529411792755 0.9
      vertex 56.138633482158184 55.884529411792755 0.9
      vertex 56.341182328760624 55.68873953819275 0.9
    endloop
  endfacet
  facet normal 0 0 -1
    outer loop
      vertex 54.45089688152075 55.68873953819275 0.9
      vertex 54.65344572812319 55.884529411792755 0.9
      vertex 56.341182328760624 55.68873953819275 0.9
    endloop
  endfacet
  facet normal 0 0 -1
    outer loop
      vertex 54.45089688152075 55.68873953819275 0.9
      vertex 56.341182328760624 55.68873953819275 0.9
      vertex 56.5074098855257 55.45016888529062 0.9
    endloop
  endfacet
  facet normal 0 0 -1
    outer loop
      vertex 51.808206893503666 52.084211118519306 0.9
      vertex 54.45089688152075 55.68873953819275 0.9
      vertex 56.5074098855257 55.45016888529062 0.9
    endloop
  endfacet
  facet normal 0 0 -1
    outer loop
      vertex 51.808206893503666 52.084211118519306 0.9
      vertex 56.5074098855257 55.45016888529062 0.9
      vertex 56.630928091704845 55.177985571324825 0.9
    endloop
  endfacet
  facet normal 0 0 -1
    outer loop
      vertex 51.808206893503666 52.084211118519306 0.9
      vertex 56.630928091704845 55.177985571324825 0.9
      vertex 56.70699022710323 54.8826494961977 0.9
    endloop
  endfacet
  facet normal 0 0 -1
    outer loop
      vertex 51.808206893503666 52.084211118519306 0.9
      vertex 56.70699022710323 54.8826494961977 0.9
      vertex 56.73267326503992 54.57551021128893 0.9
    endloop
  endfacet
  facet normal 0 0 -1
    outer loop
      vertex 51.808206893503666 52.084211118519306 0.9
      vertex 56.73267326503992 54.57551021128893 0.9
      vertex 56.70699022710323 54.26837092638016 0.9
    endloop
  endfacet
  facet normal 0 0 -1
    outer loop
      vertex 51.808206893503666 52.084211118519306 0.9
      vertex 56.70699022710323 54.26837092638016 0.9
      vertex 56.630928091704845 53.97303482890129 0.9
    endloop
  endfacet
  facet normal 0 0 -1
    outer loop
      vertex 51.808206893503666 52.084211118519306 0.9
      vertex 56.630928091704845 53.97303482890129 0.9
      vertex 55.22691451013088 49.68552786111832 0.9
    endloop
  endfacet
  facet normal 0 0 -1
    outer loop
      vertex 51.78998626768589 52.05806078761816 0.9
      vertex 51.808206893503666 52.084211118519306 0.9
      vertex 55.22691451013088 49.68552786111832 0.9
    endloop
  endfacet
  facet normal 0 0 -1
    outer loop
      vertex 51.78998626768589 52.05806078761816 0.9
      vertex 55.22691451013088 49.68552786111832 0.9
      vertex 45.6066956743598 56.017635732889175 0.9
    endloop
  endfacet
  facet normal 0 0 -1
    outer loop
      vertex 51.75360604375601 52.138227850198746 0.9
      vertex 51.78998626768589 52.05806078761816 0.9
      vertex 45.6066956743598 56.017635732889175 0.9
    endloop
  endfacet
  facet normal 0 0 -1
    outer loop
      vertex 51.498723804950714 52.50403619557619 0.9
      vertex 51.75360604375601 52.138227850198746 0.9
      vertex 45.6066956743598 56.017635732889175 0.9
    endloop
  endfacet
  facet normal 0 0 -1
    outer loop
      vertex 51.498723804950714 52.50403619557619 0.9
      vertex 45.6066956743598 56.017635732889175 0.9
      vertex 45.73021388798952 56.28981903195381 0.9
    endloop
  endfacet
  facet normal 0 0 -1
    outer loop
      vertex 51.498723804950714 52.50403619557619 0.9
      vertex 45.73021388798952 56.28981903195381 0.9
      vertex 45.89644143730402 56.52838968485594 0.9
    endloop
  endfacet
  facet normal 0 0 -1
    outer loop
      vertex 51.498723804950714 52.50403619557619 0.9
      vertex 45.89644143730402 56.52838968485594 0.9
      vertex 46.09899028390646 56.724179573357105 0.9
    endloop
  endfacet
  facet normal 0 0 -1
    outer loop
      vertex 51.498723804950714 52.50403619557619 0.9
      vertex 46.09899028390646 56.724179573357105 0.9
      vertex 46.33007659763098 56.86966457217932 0.9
    endloop
  endfacet
  facet normal 0 0 -1
    outer loop
      vertex 51.498723804950714 52.50403619557619 0.9
      vertex 46.33007659763098 56.86966457217932 0.9
      vertex 46.58081986755133 56.959253795444965 0.9
    endloop
  endfacet
  facet normal 0 0 -1
    outer loop
      vertex 51.498723804950714 52.50403619557619 0.9
      vertex 46.58081986755133 56.959253795444965 0.9
      vertex 46.84158416092396 56.989504374563694 0.9
    endloop
  endfacet
  facet normal 0 0 -1
    outer loop
      vertex 51.498723804950714 52.50403619557619 0.9
      vertex 46.84158416092396 56.989504374563694 0.9
      vertex 47.10234845429659 56.959253795444965 0.9
    endloop
  endfacet
  facet normal 0 0 -1
    outer loop
      vertex 51.498723804950714 52.50403619557619 0.9
      vertex 47.10234845429659 56.959253795444965 0.9
      vertex 47.35309170931578 56.86966457217932 0.9
    endloop
  endfacet
  facet normal 0 0 -1
    outer loop
      vertex 51.498723804950714 52.50403619557619 0.9
      vertex 47.35309170931578 56.86966457217932 0.9
      vertex 47.584178037941456 56.724179573357105 0.9
    endloop
  endfacet
  facet normal 0 0 -1
    outer loop
      vertex 47.786726884543896 56.52838968485594 0.9
      vertex 51.498723804950714 52.50403619557619 0.9
      vertex 47.584178037941456 56.724179573357105 0.9
    endloop
  endfacet
  facet normal 0 0 -1
    outer loop
      vertex 31.83260317891836 12.867350801825523 0.9
      vertex 33.357762545347214 12.866782076656818 0.9
      vertex 33.32615451514721 12.66004291921854 0.9
    endloop
  endfacet
  facet normal 0 0 -1
    outer loop
      vertex 28.865575797855854 10.707307375967503 0.9
      vertex 28.865575797855854 7.836728177964687 0.9
      vertex 27.369603000581264 7.836728177964687 0.9
    endloop
  endfacet
  facet normal 0 0 -1
    outer loop
      vertex 31.83260317891836 12.867350801825523 0.9
      vertex 33.32615451514721 12.66004291921854 0.9
      vertex 33.27347446233034 12.4546874538064 0.9
    endloop
  endfacet
  facet normal 0 0 -1
    outer loop
      vertex 31.81431320309639 12.636918805539608 0.9
      vertex 31.83260317891836 12.867350801825523 0.9
      vertex 33.27347446233034 12.4546874538064 0.9
    endloop
  endfacet
  facet normal 0 0 -1
    outer loop
      vertex 31.81431320309639 12.636918805539608 0.9
      vertex 33.27347446233034 12.4546874538064 0.9
      vertex 33.19972238689661 12.250715680420399 0.9
    endloop
  endfacet
  facet normal 0 0 -1
    outer loop
      vertex 31.81431320309639 12.636918805539608 0.9
      vertex 33.19972238689661 12.250715680420399 0.9
      vertex 33.104898288846016 12.048127599060535 0.9
    endloop
  endfacet
  facet normal 0 0 -1
    outer loop
      vertex 33.368298552930355 13.074904933571815 0.9
      vertex 33.357762545347214 12.866782076656818 0.9
      vertex 31.83260317891836 12.867350801825523 0.9
    endloop
  endfacet
  facet normal 0 0 -1
    outer loop
      vertex 33.368298552930355 13.074904933571815 0.9
      vertex 31.83260317891836 12.867350801825523 0.9
      vertex 31.814911238849163 13.116491980850697 0.9
    endloop
  endfacet
  facet normal 0 0 -1
    outer loop
      vertex 33.3627315312624 13.24417295306921 0.9
      vertex 33.368298552930355 13.074904933571815 0.9
      vertex 31.814911238849163 13.116491980850697 0.9
    endloop
  endfacet
  facet normal 0 0 -1
    outer loop
      vertex 33.346030458807945 13.40587755292654 0.9
      vertex 33.3627315312624 13.24417295306921 0.9
      vertex 31.814911238849163 13.116491980850697 0.9
    endloop
  endfacet
  facet normal 0 0 -1
    outer loop
      vertex 33.31819534301758 13.560018748044968 0.9
      vertex 33.346030458807945 13.40587755292654 0.9
      vertex 31.814911238849163 13.116491980850697 0.9
    endloop
  endfacet
  facet normal 0 0 -1
    outer loop
      vertex 33.31819534301758 13.560018748044968 0.9
      vertex 31.814911238849163 13.116491980850697 0.9
      vertex 31.761835426092148 13.330606937408447 0.9
    endloop
  endfacet
  facet normal 0 0 -1
    outer loop
      vertex 33.279226168990135 13.70659652352333 0.9
      vertex 33.31819534301758 13.560018748044968 0.9
      vertex 31.761835426092148 13.330606937408447 0.9
    endloop
  endfacet
  facet normal 0 0 -1
    outer loop
      vertex 33.22912295907736 13.84561088681221 0.9
      vertex 33.279226168990135 13.70659652352333 0.9
      vertex 31.761835426092148 13.330606937408447 0.9
    endloop
  endfacet
  facet normal 0 0 -1
    outer loop
      vertex 33.169503912329674 13.978483647108078 0.9
      vertex 33.22912295907736 13.84561088681221 0.9
      vertex 31.761835426092148 13.330606937408447 0.9
    endloop
  endfacet
  facet normal 0 0 -1
    outer loop
      vertex 33.10192862153053 14.106577962636948 0.9
      vertex 33.169503912329674 13.978483647108078 0.9
      vertex 31.761835426092148 13.330606937408447 0.9
    endloop
  endfacet
  facet normal 0 0 -1
    outer loop
      vertex 33.026397094130516 14.22989384829998 0.9
      vertex 33.10192862153053 14.106577962636948 0.9
      vertex 31.761835426092148 13.330606937408447 0.9
    endloop
  endfacet
  facet normal 0 0 -1
    outer loop
      vertex 33.026397094130516 14.22989384829998 0.9
      vertex 31.761835426092148 13.330606937408447 0.9
      vertex 31.673375740647316 13.509695664048195 0.9
    endloop
  endfacet
  facet normal 0 0 -1
    outer loop
      vertex 32.94290932267904 14.348431296646595 0.9
      vertex 33.026397094130516 14.22989384829998 0.9
      vertex 31.673375740647316 13.509695664048195 0.9
    endloop
  endfacet
  facet normal 0 0 -1
    outer loop
      vertex 32.851465314626694 14.462190307676792 0.9
      vertex 32.94290932267904 14.348431296646595 0.9
      vertex 31.673375740647316 13.509695664048195 0.9
    endloop
  endfacet
  facet normal 0 0 -1
    outer loop
      vertex 32.731095641851425 14.590859219431877 0.9
      vertex 32.851465314626694 14.462190307676792 0.9
      vertex 31.673375740647316 13.509695664048195 0.9
    endloop
  endfacet
  facet normal 0 0 -1
    outer loop
      vertex 32.731095641851425 14.590859219431877 0.9
      vertex 31.673375740647316 13.509695664048195 0.9
      vertex 31.549532175064087 13.65375816822052 0.9
    endloop
  endfacet
  facet normal 0 0 -1
    outer loop
      vertex 32.60058278590441 14.706400617957115 0.9
      vertex 32.731095641851425 14.590859219431877 0.9
      vertex 31.549532175064087 13.65375816822052 0.9
    endloop
  endfacet
  facet normal 0 0 -1
    outer loop
      vertex 32.45992675423622 14.808814510703087 0.9
      vertex 32.60058278590441 14.706400617957115 0.9
      vertex 31.549532175064087 13.65375816822052 0.9
    endloop
  endfacet
  facet normal 0 0 -1
    outer loop
      vertex 32.309127531945705 14.898100897669792 0.9
      vertex 32.45992675423622 14.808814510703087 0.9
      vertex 31.549532175064087 13.65375816822052 0.9
    endloop
  endfacet
  facet normal 0 0 -1
    outer loop
      vertex 32.14818513393402 14.974259778857231 0.9
      vertex 32.309127531945705 14.898100897669792 0.9
      vertex 31.549532175064087 13.65375816822052 0.9
    endloop
  endfacet
  facet normal 0 0 -1
    outer loop
      vertex 32.14818513393402 14.974259778857231 0.9
      vertex 31.549532175064087 13.65375816822052 0.9
      vertex 31.39030473679304 13.762794442474842 0.9
    endloop
  endfacet
  facet normal 0 0 -1
    outer loop
      vertex 31.967985346913338 15.037519812583923 0.9
      vertex 32.14818513393402 14.974259778857231 0.9
      vertex 31.39030473679304 13.762794442474842 0.9
    endloop
  endfacet
  facet normal 0 0 -1
    outer loop
      vertex 31.759355328977108 15.088051036000252 0.9
      vertex 31.967985346913338 15.037519812583923 0.9
      vertex 31.39030473679304 13.762794442474842 0.9
    endloop
  endfacet
  facet normal 0 0 -1
    outer loop
      vertex 31.759355328977108 15.088051036000252 0.9
      vertex 31.39030473679304 13.762794442474842 0.9
      vertex 31.280957713723183 13.809362202882767 0.9
    endloop
  endfacet
  facet normal 0 0 -1
    outer loop
      vertex 31.522295087575912 15.125853449106216 0.9
      vertex 31.759355328977108 15.088051036000252 0.9
      vertex 31.280957713723183 13.809362202882767 0.9
    endloop
  endfacet
  facet normal 0 0 -1
    outer loop
      vertex 31.522295087575912 15.125853449106216 0.9
      vertex 31.280957713723183 13.809362202882767 0.9
      vertex 31.151734739542007 13.845581576228142 0.9
    endloop
  endfacet
  facet normal 0 0 -1
    outer loop
      vertex 31.25680462270975 15.150927044451237 0.9
      vertex 31.522295087575912 15.125853449106216 0.9
      vertex 31.151734739542007 13.845581576228142 0.9
    endloop
  endfacet
  facet normal 0 0 -1
    outer loop
      vertex 31.25680462270975 15.150927044451237 0.9
      vertex 31.151734739542007 13.845581576228142 0.9
      vertex 31.002635829150677 13.871452547609806 0.9
    endloop
  endfacet
  facet normal 0 0 -1
    outer loop
      vertex 30.962883934378624 15.163271822035313 0.9
      vertex 31.25680462270975 15.150927044451237 0.9
      vertex 31.002635829150677 13.871452547609806 0.9
    endloop
  endfacet
  facet normal 0 0 -1
    outer loop
      vertex 30.962883934378624 15.163271822035313 0.9
      vertex 31.002635829150677 13.871452547609806 0.9
      vertex 30.83366096764803 13.886975139379501 0.9
    endloop
  endfacet
  facet normal 0 0 -1
    outer loop
      vertex 31.759443275630474 12.439120888710022 0.9
      vertex 31.81431320309639 12.636918805539608 0.9
      vertex 33.104898288846016 12.048127599060535 0.9
    endloop
  endfacet
  facet normal 0 0 -1
    outer loop
      vertex 30.962883934378624 15.163271822035313 0.9
      vertex 30.83366096764803 13.886975139379501 0.9
      vertex 30.644810155034065 13.892149336636066 0.9
    endloop
  endfacet
  facet normal 0 0 -1
    outer loop
      vertex 31.759443275630474 12.439120888710022 0.9
      vertex 33.104898288846016 12.048127599060535 0.9
      vertex 32.985821433365345 11.85809537768364 0.9
    endloop
  endfacet
  facet normal 0 0 -1
    outer loop
      vertex 31.759443275630474 12.439120888710022 0.9
      vertex 32.985821433365345 11.85809537768364 0.9
      vertex 32.8393110781908 11.6917325258255 0.9
    endloop
  endfacet
  facet normal 0 0 -1
    outer loop
      vertex 31.759443275630474 12.439120888710022 0.9
      vertex 32.8393110781908 11.6917325258255 0.9
      vertex 32.66536723077297 11.54903905838728 0.9
    endloop
  endfacet
  facet normal 0 0 -1
    outer loop
      vertex 31.667993403971195 12.273957051336765 0.9
      vertex 31.759443275630474 12.439120888710022 0.9
      vertex 32.66536723077297 11.54903905838728 0.9
    endloop
  endfacet
  facet normal 0 0 -1
    outer loop
      vertex 31.667993403971195 12.273957051336765 0.9
      vertex 32.66536723077297 11.54903905838728 0.9
      vertex 32.46398988366127 11.430014975368977 0.9
    endloop
  endfacet
  facet normal 0 0 -1
    outer loop
      vertex 31.667993403971195 12.273957051336765 0.9
      vertex 32.46398988366127 11.430014975368977 0.9
      vertex 32.23517904430628 11.334660269320011 0.9
    endloop
  endfacet
  facet normal 0 0 -1
    outer loop
      vertex 31.539963573217392 12.141427285969257 0.9
      vertex 31.667993403971195 12.273957051336765 0.9
      vertex 32.23517904430628 11.334660269320011 0.9
    endloop
  endfacet
  facet normal 0 0 -1
    outer loop
      vertex 31.375353798270226 12.041531600058079 0.9
      vertex 31.539963573217392 12.141427285969257 0.9
      vertex 32.23517904430628 11.334660269320011 0.9
    endloop
  endfacet
  facet normal 0 0 -1
    outer loop
      vertex 30.962883934378624 15.163271822035313 0.9
      vertex 30.644810155034065 13.892149336636066 0.9
      vertex 28.865575797855854 13.892149336636066 0.9
    endloop
  endfacet
  facet normal 0 0 -1
    outer loop
      vertex 27.369603000581264 15.163271822035313 0.9
      vertex 30.962883934378624 15.163271822035313 0.9
      vertex 28.865575797855854 13.892149336636066 0.9
    endloop
  endfacet
  facet normal 0 0 -1
    outer loop
      vertex 33.48262922465801 7.836728177964687 0.9
      vertex 31.797790952026844 7.836728177964687 0.9
      vertex 31.77155939489603 7.930282913148403 0.9
    endloop
  endfacet
  facet normal 0 0 -1
    outer loop
      vertex 33.48262922465801 7.836728177964687 0.9
      vertex 31.77155939489603 7.930282913148403 0.9
      vertex 31.748505644500256 8.016291819512844 0.9
    endloop
  endfacet
  facet normal 0 0 -1
    outer loop
      vertex 33.48262922465801 7.836728177964687 0.9
      vertex 31.748505644500256 8.016291819512844 0.9
      vertex 31.72862969338894 8.09475490450859 0.9
    endloop
  endfacet
  facet normal 0 0 -1
    outer loop
      vertex 33.48262922465801 7.836728177964687 0.9
      vertex 31.72862969338894 8.09475490450859 0.9
      vertex 31.71193155646324 8.165672160685062 0.9
    endloop
  endfacet
  facet normal 0 0 -1
    outer loop
      vertex 33.48262922465801 7.836728177964687 0.9
      vertex 31.71193155646324 8.165672160685062 0.9
      vertex 31.698411218822002 8.22904360294342 0.9
    endloop
  endfacet
  facet normal 0 0 -1
    outer loop
      vertex 33.48262922465801 8.020536713302135 0.9
      vertex 33.48262922465801 7.836728177964687 0.9
      vertex 31.698411218822002 8.22904360294342 0.9
    endloop
  endfacet
  facet normal 0 0 -1
    outer loop
      vertex 33.40151307731867 8.080173343420029 0.9
      vertex 33.48262922465801 8.020536713302135 0.9
      vertex 31.698411218822002 8.22904360294342 0.9
    endloop
  endfacet
  facet normal 0 0 -1
    outer loop
      vertex 33.33311989158392 8.151729688048363 0.9
      vertex 33.40151307731867 8.080173343420029 0.9
      vertex 31.698411218822002 8.22904360294342 0.9
    endloop
  endfacet
  facet normal 0 0 -1
    outer loop
      vertex 33.277449652552605 8.235205732285976 0.9
      vertex 33.33311989158392 8.151729688048363 0.9
      vertex 31.698411218822002 8.22904360294342 0.9
    endloop
  endfacet
  facet normal 0 0 -1
    outer loop
      vertex 33.234502360224724 8.33060147613287 0.9
      vertex 33.277449652552605 8.235205732285976 0.9
      vertex 31.698411218822002 8.22904360294342 0.9
    endloop
  endfacet
  facet normal 0 0 -1
    outer loop
      vertex 33.20427802205086 8.437916934490204 0.9
      vertex 33.234502360224724 8.33060147613287 0.9
      vertex 31.698411218822002 8.22904360294342 0.9
    endloop
  endfacet
  facet normal 0 0 -1
    outer loop
      vertex 33.18997789174318 8.522392638027668 0.9
      vertex 33.20427802205086 8.437916934490204 0.9
      vertex 31.698411218822002 8.22904360294342 0.9
    endloop
  endfacet
  facet normal 0 0 -1
    outer loop
      vertex 33.18997789174318 8.522392638027668 0.9
      vertex 31.698411218822002 8.22904360294342 0.9
      vertex 31.67676168680191 8.352822668850422 0.9
    endloop
  endfacet
  facet normal 0 0 -1
    outer loop
      vertex 33.17885557562113 8.632701210677624 0.9
      vertex 33.18997789174318 8.522392638027668 0.9
      vertex 31.67676168680191 8.352822668850422 0.9
    endloop
  endfacet
  facet normal 0 0 -1
    outer loop
      vertex 33.17885557562113 8.632701210677624 0.9
      vertex 31.67676168680191 8.352822668850422 0.9
      vertex 31.659480161964893 8.47779195010662 0.9
    endloop
  endfacet
  facet normal 0 0 -1
    outer loop
      vertex 33.17885557562113 8.632701210677624 0.9
      vertex 31.659480161964893 8.47779195010662 0.9
      vertex 31.646566659212112 8.603951446712017 0.9
    endloop
  endfacet
  facet normal 0 0 -1
    outer loop
      vertex 33.17091105878353 8.768842652440071 0.9
      vertex 33.17885557562113 8.632701210677624 0.9
      vertex 31.646566659212112 8.603951446712017 0.9
    endloop
  endfacet
  facet normal 0 0 -1
    outer loop
      vertex 33.17091105878353 8.768842652440071 0.9
      vertex 31.646566659212112 8.603951446712017 0.9
      vertex 31.638021178543568 8.73130115121603 0.9
    endloop
  endfacet
  facet normal 0 0 -1
    outer loop
      vertex 33.16614434868097 8.93081695586443 0.9
      vertex 33.17091105878353 8.768842652440071 0.9
      vertex 31.638021178543568 8.73130115121603 0.9
    endloop
  endfacet
  facet normal 0 0 -1
    outer loop
      vertex 33.16614434868097 8.93081695586443 0.9
      vertex 31.638021178543568 8.73130115121603 0.9
      vertex 31.63384371250868 8.85984106361866 0.9
    endloop
  endfacet
  facet normal 0 0 -1
    outer loop
      vertex 33.164555445313454 9.11862413585186 0.9
      vertex 33.16614434868097 8.93081695586443 0.9
      vertex 31.63384371250868 8.85984106361866 0.9
    endloop
  endfacet
  facet normal 0 0 -1
    outer loop
      vertex 33.164555445313454 9.11862413585186 0.9
      vertex 31.63384371250868 8.85984106361866 0.9
      vertex 31.62387642264366 9.540181823074818 0.9
    endloop
  endfacet
  facet normal 0 0 -1
    outer loop
      vertex 33.164555445313454 9.61053915321827 0.9
      vertex 33.164555445313454 9.11862413585186 0.9
      vertex 31.62387642264366 9.540181823074818 0.9
    endloop
  endfacet
  facet normal 0 0 -1
    outer loop
      vertex 33.164555445313454 9.61053915321827 0.9
      vertex 31.62387642264366 9.540181823074818 0.9
      vertex 31.610473349690437 9.801617950201035 0.9
    endloop
  endfacet
  facet normal 0 0 -1
    outer loop
      vertex 33.15610670298338 9.902785927057266 0.9
      vertex 33.164555445313454 9.61053915321827 0.9
      vertex 31.610473349690437 9.801617950201035 0.9
    endloop
  endfacet
  facet normal 0 0 -1
    outer loop
      vertex 33.130760468542576 10.163430534303188 0.9
      vertex 33.15610670298338 9.902785927057266 0.9
      vertex 31.610473349690437 9.801617950201035 0.9
    endloop
  endfacet
  facet normal 0 0 -1
    outer loop
      vertex 33.130760468542576 10.163430534303188 0.9
      vertex 31.610473349690437 9.801617950201035 0.9
      vertex 31.578179337084293 10.025706052780151 0.9
    endloop
  endfacet
  facet normal 0 0 -1
    outer loop
      vertex 33.088516756892204 10.392472967505455 0.9
      vertex 33.130760468542576 10.163430534303188 0.9
      vertex 31.578179337084293 10.025706052780151 0.9
    endloop
  endfacet
  facet normal 0 0 -1
    outer loop
      vertex 33.0293755531311 10.589913234114647 0.9
      vertex 33.088516756892204 10.392472967505455 0.9
      vertex 31.578179337084293 10.025706052780151 0.9
    endloop
  endfacet
  facet normal 0 0 -1
    outer loop
      vertex 33.0293755531311 10.589913234114647 0.9
      vertex 31.578179337084293 10.025706052780151 0.9
      vertex 31.52699437737465 10.21244614571333 0.9
    endloop
  endfacet
  facet normal 0 0 -1
    outer loop
      vertex 32.953336864709854 10.755751334130764 0.9
      vertex 33.0293755531311 10.589913234114647 0.9
      vertex 31.52699437737465 10.21244614571333 0.9
    endloop
  endfacet
  facet normal 0 0 -1
    outer loop
      vertex 32.85702060908079 10.898960754275322 0.9
      vertex 32.953336864709854 10.755751334130764 0.9
      vertex 31.52699437737465 10.21244614571333 0.9
    endloop
  endfacet
  facet normal 0 0 -1
    outer loop
      vertex 32.73704669624567 11.0284563601017 0.9
      vertex 32.85702060908079 10.898960754275322 0.9
      vertex 31.52699437737465 10.21244614571333 0.9
    endloop
  endfacet
  facet normal 0 0 -1
    outer loop
      vertex 32.59341513365507 11.144238144159317 0.9
      vertex 32.73704669624567 11.0284563601017 0.9
      vertex 31.52699437737465 10.21244614571333 0.9
    endloop
  endfacet
  facet normal 0 0 -1
    outer loop
      vertex 32.426125913858414 11.246306113898754 0.9
      vertex 32.59341513365507 11.144238144159317 0.9
      vertex 31.52699437737465 10.21244614571333 0.9
    endloop
  endfacet
  facet normal 0 0 -1
    outer loop
      vertex 32.426125913858414 11.246306113898754 0.9
      vertex 31.52699437737465 10.21244614571333 0.9
      vertex 31.456918470561504 10.361838214099407 0.9
    endloop
  endfacet
  facet normal 0 0 -1
    outer loop
      vertex 32.23517904430628 11.334660269320011 0.9
      vertex 32.426125913858414 11.246306113898754 0.9
      vertex 31.456918470561504 10.361838214099407 0.9
    endloop
  endfacet
  facet normal 0 0 -1
    outer loop
      vertex 32.23517904430628 11.334660269320011 0.9
      vertex 31.456918470561504 10.361838214099407 0.9
      vertex 31.36795162409544 10.473882265388966 0.9
    endloop
  endfacet
  facet normal 0 0 -1
    outer loop
      vertex 32.23517904430628 11.334660269320011 0.9
      vertex 31.36795162409544 10.473882265388966 0.9
      vertex 31.252345725893974 10.557915307581425 0.9
    endloop
  endfacet
  facet normal 0 0 -1
    outer loop
      vertex 31.375353798270226 12.041531600058079 0.9
      vertex 32.23517904430628 11.334660269320011 0.9
      vertex 31.252345725893974 10.557915307581425 0.9
    endloop
  endfacet
  facet normal 0 0 -1
    outer loop
      vertex 31.26165048778057 11.998552061617374 0.9
      vertex 31.375353798270226 12.041531600058079 0.9
      vertex 31.252345725893974 10.557915307581425 0.9
    endloop
  endfacet
  facet normal 0 0 -1
    outer loop
      vertex 31.26165048778057 11.998552061617374 0.9
      vertex 31.252345725893974 10.557915307581425 0.9
      vertex 31.102352686226368 10.623274341225624 0.9
    endloop
  endfacet
  facet normal 0 0 -1
    outer loop
      vertex 31.127273842692375 11.965123534202576 0.9
      vertex 31.26165048778057 11.998552061617374 0.9
      vertex 31.102352686226368 10.623274341225624 0.9
    endloop
  endfacet
  facet normal 0 0 -1
    outer loop
      vertex 31.127273842692375 11.965123534202576 0.9
      vertex 31.102352686226368 10.623274341225624 0.9
      vertex 30.91797250509262 10.669959358870983 0.9
    endloop
  endfacet
  facet normal 0 0 -1
    outer loop
      vertex 30.97222387045622 11.941246017813683 0.9
      vertex 31.127273842692375 11.965123534202576 0.9
      vertex 30.91797250509262 10.669959358870983 0.9
    endloop
  endfacet
  facet normal 0 0 -1
    outer loop
      vertex 30.79650056362152 11.926919505000114 0.9
      vertex 30.97222387045622 11.941246017813683 0.9
      vertex 30.91797250509262 10.669959358870983 0.9
    endloop
  endfacet
  facet normal 0 0 -1
    outer loop
      vertex 30.79650056362152 11.926919505000114 0.9
      vertex 30.91797250509262 10.669959358870983 0.9
      vertex 30.699205167591572 10.697970375418663 0.9
    endloop
  endfacet
  facet normal 0 0 -1
    outer loop
      vertex 30.600103929638863 11.922144003212452 0.9
      vertex 30.79650056362152 11.926919505000114 0.9
      vertex 30.699205167591572 10.697970375418663 0.9
    endloop
  endfacet
  facet normal 0 0 -1
    outer loop
      vertex 30.600103929638863 11.922144003212452 0.9
      vertex 30.699205167591572 10.697970375418663 0.9
      vertex 30.446050688624382 10.707307375967503 0.9
    endloop
  endfacet
  facet normal 0 0 -1
    outer loop
      vertex 28.865575797855854 11.922144003212452 0.9
      vertex 30.600103929638863 11.922144003212452 0.9
      vertex 30.446050688624382 10.707307375967503 0.9
    endloop
  endfacet
  facet normal 0 0 -1
    outer loop
      vertex 28.865575797855854 11.922144003212452 0.9
      vertex 30.446050688624382 10.707307375967503 0.9
      vertex 28.865575797855854 10.707307375967503 0.9
    endloop
  endfacet
  facet normal 0 0 -1
    outer loop
      vertex 27.369603000581264 15.163271822035313 0.9
      vertex 28.865575797855854 13.892149336636066 0.9
      vertex 28.865575797855854 11.922144003212452 0.9
    endloop
  endfacet
  facet normal 0 0 -1
    outer loop
      vertex 28.865575797855854 10.707307375967503 0.9
      vertex 27.369603000581264 7.836728177964687 0.9
      vertex 27.369603000581264 15.163271822035313 0.9
    endloop
  endfacet
  facet normal 0 0 -1
    outer loop
      vertex 28.865575797855854 10.707307375967503 0.9
      vertex 27.369603000581264 15.163271822035313 0.9
      vertex 28.865575797855854 11.922144003212452 0.9
    endloop
  endfacet
  facet normal 0 0 -1
    outer loop
      vertex 34.5664985999465 15.163271822035313 0.9
      vertex 36.08731633424759 15.163271822035313 0.9
      vertex 36.08731633424759 7.836728177964687 0.9
    endloop
  endfacet
  facet normal 0 0 -1
    outer loop
      vertex 34.5664985999465 7.836728177964687 0.9
      vertex 34.5664985999465 15.163271822035313 0.9
      vertex 36.08731633424759 7.836728177964687 0.9
    endloop
  endfacet
  facet normal 0 0 -1
    outer loop
      vertex 38.915387980639935 13.040825597941875 0.9
      vertex 38.915387980639935 7.836728177964687 0.9
      vertex 37.48903962224722 7.836728177964687 0.9
    endloop
  endfacet
  facet normal 0 0 -1
    outer loop
      vertex 38.915387980639935 13.040825597941875 0.9
      vertex 37.48903962224722 7.836728177964687 0.9
      vertex 37.48903962224722 15.163271822035313 0.9
    endloop
  endfacet
  facet normal 0 0 -1
    outer loop
      vertex 38.915387980639935 13.040825597941875 0.9
      vertex 37.48903962224722 15.163271822035313 0.9
      vertex 39.094286158680916 15.163271822035313 0.9
    endloop
  endfacet
  facet normal 0 0 -1
    outer loop
      vertex 38.915387980639935 13.040825597941875 0.9
      vertex 39.094286158680916 15.163271822035313 0.9
      vertex 42.01162366569042 10.04858684539795 0.9
    endloop
  endfacet
  facet normal 0 0 -1
    outer loop
      vertex 41.90726029127836 7.836728177964687 0.9
      vertex 38.915387980639935 13.040825597941875 0.9
      vertex 42.01162366569042 10.04858684539795 0.9
    endloop
  endfacet
  facet normal 0 0 -1
    outer loop
      vertex 43.43797202408314 7.836728177964687 0.9
      vertex 41.90726029127836 7.836728177964687 0.9
      vertex 42.01162366569042 10.04858684539795 0.9
    endloop
  endfacet
  facet normal 0 0 -1
    outer loop
      vertex 42.01162366569042 10.04858684539795 0.9
      vertex 42.01162366569042 15.163271822035313 0.9
      vertex 43.43797202408314 15.163271822035313 0.9
    endloop
  endfacet
  facet normal 0 0 -1
    outer loop
      vertex 42.01162366569042 10.04858684539795 0.9
      vertex 43.43797202408314 15.163271822035313 0.9
      vertex 43.43797202408314 7.836728177964687 0.9
    endloop
  endfacet
  facet normal 0 0 -1
    outer loop
      vertex 51.05672139674425 11.911983229219913 0.9
      vertex 51.06228842586279 11.678971469402313 0.9
      vertex 49.50673175603151 11.574608087539673 0.9
    endloop
  endfacet
  facet normal 0 0 -1
    outer loop
      vertex 51.05672139674425 11.911983229219913 0.9
      vertex 49.50673175603151 11.574608087539673 0.9
      vertex 49.49281565845013 12.001510001718998 0.9
    endloop
  endfacet
  facet normal 0 0 -1
    outer loop
      vertex 51.0400203242898 12.149767562747002 0.9
      vertex 51.05672139674425 11.911983229219913 0.9
      vertex 49.49281565845013 12.001510001718998 0.9
    endloop
  endfacet
  facet normal 0 0 -1
    outer loop
      vertex 51.01218520849943 12.392324469983578 0.9
      vertex 51.0400203242898 12.149767562747002 0.9
      vertex 49.49281565845013 12.001510001718998 0.9
    endloop
  endfacet
  facet normal 0 0 -1
    outer loop
      vertex 51.01218520849943 12.392324469983578 0.9
      vertex 49.49281565845013 12.001510001718998 0.9
      vertex 49.45106738060713 12.387035943567753 0.9
    endloop
  endfacet
  facet normal 0 0 -1
    outer loop
      vertex 50.97321604192257 12.639653950929642 0.9
      vertex 51.01218520849943 12.392324469983578 0.9
      vertex 49.45106738060713 12.387035943567753 0.9
    endloop
  endfacet
  facet normal 0 0 -1
    outer loop
      vertex 50.92311282455921 12.891755998134613 0.9
      vertex 50.97321604192257 12.639653950929642 0.9
      vertex 49.45106738060713 12.387035943567753 0.9
    endloop
  endfacet
  facet normal 0 0 -1
    outer loop
      vertex 50.92311282455921 12.891755998134613 0.9
      vertex 49.45106738060713 12.387035943567753 0.9
      vertex 49.38148690760136 12.731185905635357 0.9
    endloop
  endfacet
  facet normal 0 0 -1
    outer loop
      vertex 50.85772740840912 13.142664909362793 0.9
      vertex 50.92311282455921 12.891755998134613 0.9
      vertex 49.38148690760136 12.731185905635357 0.9
    endloop
  endfacet
  facet normal 0 0 -1
    outer loop
      vertex 50.77285300940275 13.386414960026741 0.9
      vertex 50.85772740840912 13.142664909362793 0.9
      vertex 49.38148690760136 12.731185905635357 0.9
    endloop
  endfacet
  facet normal 0 0 -1
    outer loop
      vertex 50.77285300940275 13.386414960026741 0.9
      vertex 49.38148690760136 12.731185905635357 0.9
      vertex 49.28407424688339 13.03395989537239 0.9
    endloop
  endfacet
  facet normal 0 0 -1
    outer loop
      vertex 50.66848963499069 13.623006150126457 0.9
      vertex 50.77285300940275 13.386414960026741 0.9
      vertex 49.28407424688339 13.03395989537239 0.9
    endloop
  endfacet
  facet normal 0 0 -1
    outer loop
      vertex 50.54463727027178 13.852438479661942 0.9
      vertex 50.66848963499069 13.623006150126457 0.9
      vertex 49.28407424688339 13.03395989537239 0.9
    endloop
  endfacet
  facet normal 0 0 -1
    outer loop
      vertex 50.54463727027178 13.852438479661942 0.9
      vertex 49.28407424688339 13.03395989537239 0.9
      vertex 49.158829398453236 13.295357912778854 0.9
    endloop
  endfacet
  facet normal 0 0 -1
    outer loop
      vertex 50.40129593014717 14.074711956083775 0.9
      vertex 50.54463727027178 13.852438479661942 0.9
      vertex 49.158829398453236 13.295357912778854 0.9
    endloop
  endfacet
  facet normal 0 0 -1
    outer loop
      vertex 50.19872251152992 14.328218221664429 0.9
      vertex 50.40129593014717 14.074711956083775 0.9
      vertex 49.158829398453236 13.295357912778854 0.9
    endloop
  endfacet
  facet normal 0 0 -1
    outer loop
      vertex 50.19872251152992 14.328218221664429 0.9
      vertex 49.158829398453236 13.295357912778854 0.9
      vertex 48.990045085549355 13.510202825069427 0.9
    endloop
  endfacet
  facet normal 0 0 -1
    outer loop
      vertex 49.97269078344107 14.547923654317856 0.9
      vertex 50.19872251152992 14.328218221664429 0.9
      vertex 48.990045085549355 13.510202825069427 0.9
    endloop
  endfacet
  facet normal 0 0 -1
    outer loop
      vertex 49.723200745880604 14.733828246593475 0.9
      vertex 49.97269078344107 14.547923654317856 0.9
      vertex 48.990045085549355 13.510202825069427 0.9
    endloop
  endfacet
  facet normal 0 0 -1
    outer loop
      vertex 49.723200745880604 14.733828246593475 0.9
      vertex 48.990045085549355 13.510202825069427 0.9
      vertex 48.76600095629692 13.677304424345493 0.9
    endloop
  endfacet
  facet normal 0 0 -1
    outer loop
      vertex 49.450252406299114 14.885932005941868 0.9
      vertex 49.723200745880604 14.733828246593475 0.9
      vertex 48.76600095629692 13.677304424345493 0.9
    endloop
  endfacet
  facet normal 0 0 -1
    outer loop
      vertex 49.15384575724602 15.004234932363033 0.9
      vertex 49.450252406299114 14.885932005941868 0.9
      vertex 48.76600095629692 13.677304424345493 0.9
    endloop
  endfacet
  facet normal 0 0 -1
    outer loop
      vertex 48.96379593759775 15.05829867720604 0.9
      vertex 49.15384575724602 15.004234932363033 0.9
      vertex 48.76600095629692 13.677304424345493 0.9
    endloop
  endfacet
  facet normal 0 0 -1
    outer loop
      vertex 48.96379593759775 15.05829867720604 0.9
      vertex 48.76600095629692 13.677304424345493 0.9
      vertex 48.486697003245354 13.796662703156471 0.9
    endloop
  endfacet
  facet normal 0 0 -1
    outer loop
      vertex 48.75545908510685 15.10123424232006 0.9
      vertex 48.96379593759775 15.05829867720604 0.9
      vertex 48.486697003245354 13.796662703156471 0.9
    endloop
  endfacet
  facet normal 0 0 -1
    outer loop
      vertex 48.52883517742157 15.133041620254517 0.9
      vertex 48.75545908510685 15.10123424232006 0.9
      vertex 48.486697003245354 13.796662703156471 0.9
    endloop
  endfacet
  facet normal 0 0 -1
    outer loop
      vertex 48.52883517742157 15.133041620254517 0.9
      vertex 48.486697003245354 13.796662703156471 0.9
      vertex 48.15213321894407 13.868277676403522 0.9
    endloop
  endfacet
  facet normal 0 0 -1
    outer loop
      vertex 48.283924236893654 15.153720811009407 0.9
      vertex 48.52883517742157 15.133041620254517 0.9
      vertex 48.15213321894407 13.868277676403522 0.9
    endloop
  endfacet
  facet normal 0 0 -1
    outer loop
      vertex 48.02072624117136 15.163271822035313 0.9
      vertex 48.283924236893654 15.153720811009407 0.9
      vertex 48.15213321894407 13.868277676403522 0.9
    endloop
  endfacet
  facet normal 0 0 -1
    outer loop
      vertex 48.02072624117136 15.163271822035313 0.9
      vertex 48.15213321894407 13.868277676403522 0.9
      vertex 47.76230962574482 13.892149336636066 0.9
    endloop
  endfacet
  facet normal 0 0 -1
    outer loop
      vertex 49.50673175603151 11.574608087539673 0.9
      vertex 51.06228842586279 11.678971469402313 0.9
      vertex 51.03883011639118 11.112316437065601 0.9
    endloop
  endfacet
  facet normal 0 0 -1
    outer loop
      vertex 49.49738888442516 11.259301699697971 0.9
      vertex 49.50673175603151 11.574608087539673 0.9
      vertex 51.03883011639118 11.112316437065601 0.9
    endloop
  endfacet
  facet normal 0 0 -1
    outer loop
      vertex 49.469360284507275 10.961901254951954 0.9
      vertex 49.49738888442516 11.259301699697971 0.9
      vertex 51.03883011639118 11.112316437065601 0.9
    endloop
  endfacet
  facet normal 0 0 -1
    outer loop
      vertex 49.469360284507275 10.961901254951954 0.9
      vertex 51.03883011639118 11.112316437065601 0.9
      vertex 50.96845519542694 10.581455700099468 0.9
    endloop
  endfacet
  facet normal 0 0 -1
    outer loop
      vertex 49.42264594882727 10.68240674585104 0.9
      vertex 49.469360284507275 10.961901254951954 0.9
      vertex 50.96845519542694 10.581455700099468 0.9
    endloop
  endfacet
  facet normal 0 0 -1
    outer loop
      vertex 49.42264594882727 10.68240674585104 0.9
      vertex 50.96845519542694 10.581455700099468 0.9
      vertex 50.851163655519485 10.086389251053333 0.9
    endloop
  endfacet
  facet normal 0 0 -1
    outer loop
      vertex 49.35724587738514 10.42081817984581 0.9
      vertex 49.42264594882727 10.68240674585104 0.9
      vertex 50.851163655519485 10.086389251053333 0.9
    endloop
  endfacet
  facet normal 0 0 -1
    outer loop
      vertex 49.35724587738514 10.42081817984581 0.9
      vertex 50.851163655519485 10.086389251053333 0.9
      vertex 50.686955504119396 9.627117104828358 0.9
    endloop
  endfacet
  facet normal 0 0 -1
    outer loop
      vertex 49.27316007018089 10.177135556936264 0.9
      vertex 49.35724587738514 10.42081817984581 0.9
      vertex 50.686955504119396 9.627117104828358 0.9
    endloop
  endfacet
  facet normal 0 0 -1
    outer loop
      vertex 49.27316007018089 10.177135556936264 0.9
      vertex 50.686955504119396 9.627117104828358 0.9
      vertex 50.47583073377609 9.20363924652338 0.9
    endloop
  endfacet
  facet normal 0 0 -1
    outer loop
      vertex 49.075951389968395 9.792192995548248 0.9
      vertex 49.27316007018089 10.177135556936264 0.9
      vertex 50.47583073377609 9.20363924652338 0.9
    endloop
  endfacet
  facet normal 0 0 -1
    outer loop
      vertex 49.075951389968395 9.792192995548248 0.9
      vertex 50.47583073377609 9.20363924652338 0.9
      vertex 50.12316752970219 8.711551263928413 0.9
    endloop
  endfacet
  facet normal 0 0 -1
    outer loop
      vertex 48.82626201212406 9.49279322475195 0.9
      vertex 49.075951389968395 9.792192995548248 0.9
      vertex 50.12316752970219 8.711551263928413 0.9
    endloop
  endfacet
  facet normal 0 0 -1
    outer loop
      vertex 48.82626201212406 9.49279322475195 0.9
      vertex 50.12316752970219 8.711551263928413 0.9
      vertex 49.70132548362017 8.328816160559654 0.9
    endloop
  endfacet
  facet normal 0 0 -1
    outer loop
      vertex 48.52409192174673 9.278936251997948 0.9
      vertex 48.82626201212406 9.49279322475195 0.9
      vertex 49.70132548362017 8.328816160559654 0.9
    endloop
  endfacet
  facet normal 0 0 -1
    outer loop
      vertex 48.52409192174673 9.278936251997948 0.9
      vertex 49.70132548362017 8.328816160559654 0.9
      vertex 49.21030458062887 8.055433951318264 0.9
    endloop
  endfacet
  facet normal 0 0 -1
    outer loop
      vertex 48.52409192174673 9.278936251997948 0.9
      vertex 49.21030458062887 8.055433951318264 0.9
      vertex 48.65010483562946 7.8914046213030815 0.9
    endloop
  endfacet
  facet normal 0 0 -1
    outer loop
      vertex 48.16944112628698 9.150622062385082 0.9
      vertex 48.52409192174673 9.278936251997948 0.9
      vertex 48.65010483562946 7.8914046213030815 0.9
    endloop
  endfacet
  facet normal 0 0 -1
    outer loop
      vertex 48.16944112628698 9.150622062385082 0.9
      vertex 48.65010483562946 7.8914046213030815 0.9
      vertex 48.02072624117136 7.836728177964687 0.9
    endloop
  endfacet
  facet normal 0 0 -1
    outer loop
      vertex 47.76230962574482 9.107850663363934 0.9
      vertex 48.16944112628698 9.150622062385082 0.9
      vertex 48.02072624117136 7.836728177964687 0.9
    endloop
  endfacet
  facet normal 0 0 -1
    outer loop
      vertex 48.02072624117136 15.163271822035313 0.9
      vertex 47.76230962574482 13.892149336636066 0.9
      vertex 46.35083891451359 13.892149336636066 0.9
    endloop
  endfacet
  facet normal 0 0 -1
    outer loop
      vertex 44.864833399653435 15.163271822035313 0.9
      vertex 48.02072624117136 15.163271822035313 0.9
      vertex 46.35083891451359 13.892149336636066 0.9
    endloop
  endfacet
  facet normal 0 0 -1
    outer loop
      vertex 46.35083891451359 9.107850663363934 0.9
      vertex 47.76230962574482 9.107850663363934 0.9
      vertex 48.02072624117136 7.836728177964687 0.9
    endloop
  endfacet
  facet normal 0 0 -1
    outer loop
      vertex 46.35083891451359 9.107850663363934 0.9
      vertex 48.02072624117136 7.836728177964687 0.9
      vertex 44.864833399653435 7.836728177964687 0.9
    endloop
  endfacet
  facet normal 0 0 -1
    outer loop
      vertex 44.864833399653435 7.836728177964687 0.9
      vertex 44.864833399653435 15.163271822035313 0.9
      vertex 46.35083891451359 13.892149336636066 0.9
    endloop
  endfacet
  facet normal 0 0 -1
    outer loop
      vertex 44.864833399653435 7.836728177964687 0.9
      vertex 46.35083891451359 13.892149336636066 0.9
      vertex 46.35083891451359 9.107850663363934 0.9
    endloop
  endfacet
endsolid OpenSCAD_Model
