solid OpenSCAD_Model
  facet normal -0.6343932751742409 -0.7730104607401506 0
    outer loop
      vertex 0.41005050390958786 0.41005050390958786 0
      vertex 0.6222016736865044 0.235942542552948 0
      vertex 0.41005050390958786 0.41005050390958786 1.5
    endloop
  endfacet
  facet normal -0.7730104607401506 -0.6343932751742409 0
    outer loop
      vertex 0.41005050390958786 0.41005050390958786 0
      vertex 0.235942542552948 0.6222016736865044 1.5
      vertex 0.235942542552948 0.6222016736865044 0
    endloop
  endfacet
  facet normal -0.8819212681735322 -0.47139672966959456 0
    outer loop
      vertex 0.235942542552948 0.6222016736865044 0
      vertex 0.10656865686178207 0.8642431944608688 1.5
      vertex 0.10656865686178207 0.8642431944608688 0
    endloop
  endfacet
  facet normal -0.47139672966959456 -0.8819212681735322 0
    outer loop
      vertex 0.6222016736865044 0.235942542552948 0
      vertex 0.8642431944608688 0.10656865686178207 0
      vertex 0.6222016736865044 0.235942542552948 1.5
    endloop
  endfacet
  facet normal -0.2902846915285437 -0.9569403314022136 0
    outer loop
      vertex 0.8642431944608688 0.10656865686178207 0
      vertex 1.1268735527992249 0.026900604367256165 0
      vertex 0.8642431944608688 0.10656865686178207 1.5
    endloop
  endfacet
  facet normal -0.09801713107425283 -0.9951847275837651 0
    outer loop
      vertex 1.1268735527992249 0.026900604367256165 0
      vertex 1.3999999985098839 0 0
      vertex 1.1268735527992249 0.026900604367256165 1.5
    endloop
  endfacet
  facet normal -0.9569403314022136 -0.2902846915285437 0
    outer loop
      vertex 0.10656865686178207 0.8642431944608688 0
      vertex 0.026900604367256165 1.1268735527992249 1.5
      vertex 0.026900604367256165 1.1268735527992249 0
    endloop
  endfacet
  facet normal -0.9951847275837651 -0.09801713107425283 0
    outer loop
      vertex 0.026900604367256165 1.1268735527992249 0
      vertex 0 1.3999999985098839 1.5
      vertex 0 1.3999999985098839 0
    endloop
  endfacet
  facet normal 0 0 -1
    outer loop
      vertex 0.41005050390958786 0.41005050390958786 0
      vertex 0.235942542552948 0.6222016736865044 0
      vertex 0.235942542552948 61.377798326313496 0
    endloop
  endfacet
  facet normal 0 0 -1
    outer loop
      vertex 0.41005050390958786 0.41005050390958786 0
      vertex 0.41005050390958786 61.58994949609041 0
      vertex 0.6222016736865044 0.235942542552948 0
    endloop
  endfacet
  facet normal 0 0 -1
    outer loop
      vertex 0.235942542552948 0.6222016736865044 0
      vertex 0.10656865686178207 0.8642431944608688 0
      vertex 0.10656865686178207 61.13575680553913 0
    endloop
  endfacet
  facet normal 0 0 -1
    outer loop
      vertex 0.10656865686178207 0.8642431944608688 0
      vertex 0.026900604367256165 1.1268735527992249 0
      vertex 0.026900604367256165 60.873126447200775 0
    endloop
  endfacet
  facet normal 0 0 -1
    outer loop
      vertex 0.026900604367256165 1.1268735527992249 0
      vertex 0 1.3999999985098839 0
      vertex 0 60.600000001490116 0
    endloop
  endfacet
  facet normal 0 0 -1
    outer loop
      vertex 0.6222016736865044 0.235942542552948 0
      vertex 0.6222016736865044 61.76405745744705 0
      vertex 0.8642431944608688 0.10656865686178207 0
    endloop
  endfacet
  facet normal 0 0 -1
    outer loop
      vertex 0.8642431944608688 0.10656865686178207 0
      vertex 0.8642431944608688 61.89343134313822 0
      vertex 1.1268735527992249 0.026900604367256165 0
    endloop
  endfacet
  facet normal 0 0 -1
    outer loop
      vertex 1.1268735527992249 0.026900604367256165 0
      vertex 1.1268735527992249 61.973099395632744 0
      vertex 1.3999999985098839 0 0
    endloop
  endfacet
  facet normal 0 -1 0
    outer loop
      vertex 1.3999999985098839 0 0
      vertex 76.60000000149012 0 0
      vertex 1.3999999985098839 0 1.5
    endloop
  endfacet
  facet normal 0 0 -1
    outer loop
      vertex 1.3999999985098839 0 0
      vertex 1.3999999985098839 62 0
      vertex 76.60000000149012 0 0
    endloop
  endfacet
  facet normal -0.7730104607401506 -0.6343932751742409 0
    outer loop
      vertex 0.41005050390958786 0.41005050390958786 0
      vertex 0.41005050390958786 0.41005050390958786 1.5
      vertex 0.235942542552948 0.6222016736865044 1.5
    endloop
  endfacet
  facet normal -0.6343932751742409 -0.7730104607401506 0
    outer loop
      vertex 0.6222016736865044 0.235942542552948 0
      vertex 0.6222016736865044 0.235942542552948 1.5
      vertex 0.41005050390958786 0.41005050390958786 1.5
    endloop
  endfacet
  facet normal -0.8819212681735322 -0.47139672966959456 0
    outer loop
      vertex 0.235942542552948 0.6222016736865044 0
      vertex 0.235942542552948 0.6222016736865044 1.5
      vertex 0.10656865686178207 0.8642431944608688 1.5
    endloop
  endfacet
  facet normal -0.9569403314022136 -0.2902846915285437 0
    outer loop
      vertex 0.10656865686178207 0.8642431944608688 0
      vertex 0.10656865686178207 0.8642431944608688 1.5
      vertex 0.026900604367256165 1.1268735527992249 1.5
    endloop
  endfacet
  facet normal -0.47139672966959456 -0.8819212681735322 0
    outer loop
      vertex 0.8642431944608688 0.10656865686178207 0
      vertex 0.8642431944608688 0.10656865686178207 1.5
      vertex 0.6222016736865044 0.235942542552948 1.5
    endloop
  endfacet
  facet normal -0.2902846915285437 -0.9569403314022136 0
    outer loop
      vertex 1.1268735527992249 0.026900604367256165 0
      vertex 1.1268735527992249 0.026900604367256165 1.5
      vertex 0.8642431944608688 0.10656865686178207 1.5
    endloop
  endfacet
  facet normal -0.9951847275837651 -0.09801713107425283 0
    outer loop
      vertex 0.026900604367256165 1.1268735527992249 0
      vertex 0.026900604367256165 1.1268735527992249 1.5
      vertex 0 1.3999999985098839 1.5
    endloop
  endfacet
  facet normal -0.09801713107425283 -0.9951847275837651 0
    outer loop
      vertex 1.3999999985098839 0 0
      vertex 1.3999999985098839 0 1.5
      vertex 1.1268735527992249 0.026900604367256165 1.5
    endloop
  endfacet
  facet normal 0 0 1
    outer loop
      vertex 1.3999999985098839 0 1.5
      vertex 14.090302996337414 12.296672001481056 1.5
      vertex 12.761597000062466 12.296672001481056 1.5
    endloop
  endfacet
  facet normal 0 0 1
    outer loop
      vertex 1.3999999985098839 0 1.5
      vertex 16.730190336704254 12.296672001481056 1.5
      vertex 14.090302996337414 12.296672001481056 1.5
    endloop
  endfacet
  facet normal 0 0 1
    outer loop
      vertex 1.3999999985098839 0 1.5
      vertex 18.466748997569084 12.296672001481056 1.5
      vertex 16.730190336704254 12.296672001481056 1.5
    endloop
  endfacet
  facet normal 0 0 1
    outer loop
      vertex 1.3999999985098839 0 1.5
      vertex 18.76971233636141 12.296672001481056 1.5
      vertex 18.466748997569084 12.296672001481056 1.5
    endloop
  endfacet
  facet normal 0 0 1
    outer loop
      vertex 1.3999999985098839 0 1.5
      vertex 20.18177367001772 12.296672001481056 1.5
      vertex 18.76971233636141 12.296672001481056 1.5
    endloop
  endfacet
  facet normal 0 0 1
    outer loop
      vertex 14.090302996337414 12.296672001481056 1.5
      vertex 14.734900332987309 15.120729997754097 1.5
      vertex 14.090302996337414 14.458608001470566 1.5
    endloop
  endfacet
  facet normal 0 0 1
    outer loop
      vertex 1.3999999985098839 0 1.5
      vertex 23.426811665296555 12.296672001481056 1.5
      vertex 20.18177367001772 12.296672001481056 1.5
    endloop
  endfacet
  facet normal 0 0 1
    outer loop
      vertex 1.3999999985098839 0 1.5
      vertex 24.891511663794518 12.296672001481056 1.5
      vertex 23.426811665296555 12.296672001481056 1.5
    endloop
  endfacet
  facet normal 0 0 1
    outer loop
      vertex 1.3999999985098839 0 1.5
      vertex 25.69001566618681 12.296672001481056 1.5
      vertex 24.891511663794518 12.296672001481056 1.5
    endloop
  endfacet
  facet normal 0 0 1
    outer loop
      vertex 1.3999999985098839 0 1.5
      vertex 26.94855833053589 12.296672001481056 1.5
      vertex 25.69001566618681 12.296672001481056 1.5
    endloop
  endfacet
  facet normal 0 0 1
    outer loop
      vertex 1.3999999985098839 0 1.5
      vertex 29.58844566345215 12.296672001481056 1.5
      vertex 26.94855833053589 12.296672001481056 1.5
    endloop
  endfacet
  facet normal 0 0 1
    outer loop
      vertex 14.734900332987309 15.120729997754097 1.5
      vertex 14.090302996337414 12.296672001481056 1.5
      vertex 16.730190336704254 12.296672001481056 1.5
    endloop
  endfacet
  facet normal 0 0 1
    outer loop
      vertex 21.07637233287096 18.761269330978394 1.5
      vertex 18.466748997569084 12.296672001481056 1.5
      vertex 18.76971233636141 12.296672001481056 1.5
    endloop
  endfacet
  facet normal -1 0 0
    outer loop
      vertex 0 1.3999999985098839 0
      vertex 0 1.3999999985098839 1.5
      vertex 0 60.600000001490116 1.5
    endloop
  endfacet
  facet normal 0 0 1
    outer loop
      vertex 0.41005050390958786 0.41005050390958786 1.5
      vertex 0.235942542552948 61.377798326313496 1.5
      vertex 0.235942542552948 0.6222016736865044 1.5
    endloop
  endfacet
  facet normal 0 0 1
    outer loop
      vertex 0.41005050390958786 0.41005050390958786 1.5
      vertex 0.6222016736865044 0.235942542552948 1.5
      vertex 0.41005050390958786 61.58994949609041 1.5
    endloop
  endfacet
  facet normal 0 0 1
    outer loop
      vertex 0.235942542552948 0.6222016736865044 1.5
      vertex 0.10656865686178207 61.13575680553913 1.5
      vertex 0.10656865686178207 0.8642431944608688 1.5
    endloop
  endfacet
  facet normal 0 0 1
    outer loop
      vertex 0.10656865686178207 0.8642431944608688 1.5
      vertex 0.026900604367256165 60.873126447200775 1.5
      vertex 0.026900604367256165 1.1268735527992249 1.5
    endloop
  endfacet
  facet normal 0 0 1
    outer loop
      vertex 0.026900604367256165 1.1268735527992249 1.5
      vertex 0 60.600000001490116 1.5
      vertex 0 1.3999999985098839 1.5
    endloop
  endfacet
  facet normal 0 0 1
    outer loop
      vertex 0.6222016736865044 0.235942542552948 1.5
      vertex 0.8642431944608688 0.10656865686178207 1.5
      vertex 0.6222016736865044 61.76405745744705 1.5
    endloop
  endfacet
  facet normal 0 0 1
    outer loop
      vertex 0.8642431944608688 0.10656865686178207 1.5
      vertex 1.1268735527992249 0.026900604367256165 1.5
      vertex 0.8642431944608688 61.89343134313822 1.5
    endloop
  endfacet
  facet normal 0 0 1
    outer loop
      vertex 1.1268735527992249 0.026900604367256165 1.5
      vertex 1.3999999985098839 0 1.5
      vertex 1.1268735527992249 61.973099395632744 1.5
    endloop
  endfacet
  facet normal 0 0 1
    outer loop
      vertex 1.3999999985098839 0 1.5
      vertex 12.761597000062466 12.296672001481056 1.5
      vertex 1.3999999985098839 62 1.5
    endloop
  endfacet
  facet normal 0 0 1
    outer loop
      vertex 14.090302996337414 16.099136665463448 1.5
      vertex 16.58546633273363 18.761269330978394 1.5
      vertex 14.090302996337414 18.761269330978394 1.5
    endloop
  endfacet
  facet normal 0 0 1
    outer loop
      vertex 18.466748997569084 12.296672001481056 1.5
      vertex 21.07637233287096 18.761269330978394 1.5
      vertex 15.682137668132782 16.099136665463448 1.5
    endloop
  endfacet
  facet normal 0 0 1
    outer loop
      vertex 15.682137668132782 16.099136665463448 1.5
      vertex 21.07637233287096 18.761269330978394 1.5
      vertex 18.33081966638565 18.761269330978394 1.5
    endloop
  endfacet
  facet normal 0 0 1
    outer loop
      vertex 14.090302996337414 18.761269330978394 1.5
      vertex 30.809999994933605 27.077738523483276 1.5
      vertex 12.761597000062466 18.761269330978394 1.5
    endloop
  endfacet
  facet normal 0 0 1
    outer loop
      vertex 1.3999999985098839 0 1.5
      vertex 30.9390736669302 12.296672001481056 1.5
      vertex 29.58844566345215 12.296672001481056 1.5
    endloop
  endfacet
  facet normal 0 0 1
    outer loop
      vertex 1.3999999985098839 0 1.5
      vertex 32.09279166907072 12.296672001481056 1.5
      vertex 30.9390736669302 12.296672001481056 1.5
    endloop
  endfacet
  facet normal 0 0 1
    outer loop
      vertex 1.3999999985098839 0 1.5
      vertex 33.43468966335058 12.296672001481056 1.5
      vertex 32.09279166907072 12.296672001481056 1.5
    endloop
  endfacet
  facet normal 0 0 1
    outer loop
      vertex 1.3999999985098839 0 1.5
      vertex 34.6715043336153 12.296672001481056 1.5
      vertex 33.43468966335058 12.296672001481056 1.5
    endloop
  endfacet
  facet normal 0 0 1
    outer loop
      vertex 1.3999999985098839 0 1.5
      vertex 35.93004699796438 12.296672001481056 1.5
      vertex 34.6715043336153 12.296672001481056 1.5
    endloop
  endfacet
  facet normal 0 0 1
    outer loop
      vertex 20.62907300144434 13.625183999538422 1.5
      vertex 20.18177367001772 12.296672001481056 1.5
      vertex 23.010228998959064 13.625183999538422 1.5
    endloop
  endfacet
  facet normal 0 0 1
    outer loop
      vertex 23.010228998959064 13.625183999538422 1.5
      vertex 20.18177367001772 12.296672001481056 1.5
      vertex 23.426811665296555 12.296672001481056 1.5
    endloop
  endfacet
  facet normal 0 0 1
    outer loop
      vertex 1.3999999985098839 0 1.5
      vertex 38.56993433088064 12.296672001481056 1.5
      vertex 35.93004699796438 12.296672001481056 1.5
    endloop
  endfacet
  facet normal 0 0 1
    outer loop
      vertex 1.3999999985098839 0 1.5
      vertex 39.92056233435869 12.296672001481056 1.5
      vertex 38.56993433088064 12.296672001481056 1.5
    endloop
  endfacet
  facet normal 0 0 1
    outer loop
      vertex 1.3999999985098839 0 1.5
      vertex 42.86944769322872 12.261762343347073 1.5
      vertex 39.92056233435869 12.296672001481056 1.5
    endloop
  endfacet
  facet normal 0 0 1
    outer loop
      vertex 1.3999999985098839 0 1.5
      vertex 43.355673775076866 12.154472589492798 1.5
      vertex 42.86944769322872 12.261762343347073 1.5
    endloop
  endfacet
  facet normal 0 0 1
    outer loop
      vertex 25.69001566618681 18.761269330978394 1.5
      vertex 24.891511663794518 12.296672001481056 1.5
      vertex 25.69001566618681 12.296672001481056 1.5
    endloop
  endfacet
  facet normal 0 0 1
    outer loop
      vertex 26.94855833053589 16.888522669672966 1.5
      vertex 26.94855833053589 12.296672001481056 1.5
      vertex 29.58844566345215 12.296672001481056 1.5
    endloop
  endfacet
  facet normal 0 0 1
    outer loop
      vertex 1.3999999985098839 0 1.5
      vertex 43.88960833102465 12.118709333240986 1.5
      vertex 43.355673775076866 12.154472589492798 1.5
    endloop
  endfacet
  facet normal 0 0 1
    outer loop
      vertex 1.3999999985098839 0 1.5
      vertex 44.32427438348532 12.145209729671478 1.5
      vertex 43.88960833102465 12.118709333240986 1.5
    endloop
  endfacet
  facet normal 0 0 1
    outer loop
      vertex 1.3999999985098839 0 1.5
      vertex 44.72666401416063 12.224710933864117 1.5
      vertex 44.32427438348532 12.145209729671478 1.5
    endloop
  endfacet
  facet normal 0 0 1
    outer loop
      vertex 1.3999999985098839 0 1.5
      vertex 47.6568943336606 12.296672001481056 1.5
      vertex 44.72666401416063 12.224710933864117 1.5
    endloop
  endfacet
  facet normal 0 0 1
    outer loop
      vertex 32.09279166907072 18.761269330978394 1.5
      vertex 30.9390736669302 12.296672001481056 1.5
      vertex 32.09279166907072 12.296672001481056 1.5
    endloop
  endfacet
  facet normal 0 0 1
    outer loop
      vertex 34.6715043336153 18.761269330978394 1.5
      vertex 33.43468966335058 12.296672001481056 1.5
      vertex 34.6715043336153 12.296672001481056 1.5
    endloop
  endfacet
  facet normal 0 0 1
    outer loop
      vertex 35.93004699796438 16.888522669672966 1.5
      vertex 35.93004699796438 12.296672001481056 1.5
      vertex 38.56993433088064 12.296672001481056 1.5
    endloop
  endfacet
  facet normal 0 0 1
    outer loop
      vertex 20.993017002940178 14.738485336303711 1.5
      vertex 22.633092999458313 14.738485336303711 1.5
      vertex 21.82624699920416 17.281889997422695 1.5
    endloop
  endfacet
  facet normal 0 0 1
    outer loop
      vertex 14.090302996337414 18.761269330978394 1.5
      vertex 16.58546633273363 18.761269330978394 1.5
      vertex 30.66999999433756 26.879858657717705 1.5
    endloop
  endfacet
  facet normal 0 0 1
    outer loop
      vertex 18.33081966638565 18.761269330978394 1.5
      vertex 30.66999999433756 26.879858657717705 1.5
      vertex 16.58546633273363 18.761269330978394 1.5
    endloop
  endfacet
  facet normal 0 0 1
    outer loop
      vertex 18.33081966638565 18.761269330978394 1.5
      vertex 21.07637233287096 18.761269330978394 1.5
      vertex 30.417999997735023 26.368669033050537 1.5
    endloop
  endfacet
  facet normal 0 0 1
    outer loop
      vertex 24.891511663794518 12.296672001481056 1.5
      vertex 25.69001566618681 18.761269330978394 1.5
      vertex 22.602376334369183 18.761269330978394 1.5
    endloop
  endfacet
  facet normal 0 0 1
    outer loop
      vertex 29.68053100258112 14.248311996459961 1.5
      vertex 29.68053100258112 18.761269330978394 1.5
      vertex 27.106409668922424 18.761269330978394 1.5
    endloop
  endfacet
  facet normal 0 0 1
    outer loop
      vertex 22.602376334369183 18.761269330978394 1.5
      vertex 30.417999997735023 26.368669033050537 1.5
      vertex 21.07637233287096 18.761269330978394 1.5
    endloop
  endfacet
  facet normal 0 0 1
    outer loop
      vertex 22.602376334369183 18.761269330978394 1.5
      vertex 25.69001566618681 18.761269330978394 1.5
      vertex 30.515999995172024 26.07184923440218 1.5
    endloop
  endfacet
  facet normal 0 0 1
    outer loop
      vertex 27.106409668922424 18.761269330978394 1.5
      vertex 30.85199999809265 25.34628975391388 1.5
      vertex 25.69001566618681 18.761269330978394 1.5
    endloop
  endfacet
  facet normal 0 0 1
    outer loop
      vertex 30.809999994933605 25.478209659457207 1.5
      vertex 25.69001566618681 18.761269330978394 1.5
      vertex 30.85199999809265 25.34628975391388 1.5
    endloop
  endfacet
  facet normal 0 0 1
    outer loop
      vertex 12.761597000062466 18.761269330978394 1.5
      vertex 29.255999997258186 32.634864546358585 1.5
      vertex 29.157999999821186 32.799764432013035 1.5
    endloop
  endfacet
  facet normal 0 0 1
    outer loop
      vertex 29.703999996185303 32.05771496146917 1.5
      vertex 12.761597000062466 18.761269330978394 1.5
      vertex 29.84400000423193 31.925795055925846 1.5
    endloop
  endfacet
  facet normal 0 0 1
    outer loop
      vertex 29.84400000423193 31.925795055925846 1.5
      vertex 12.761597000062466 18.761269330978394 1.5
      vertex 29.969999998807907 31.81036514043808 1.5
    endloop
  endfacet
  facet normal 0 0 1
    outer loop
      vertex 29.969999998807907 31.81036514043808 1.5
      vertex 12.761597000062466 18.761269330978394 1.5
      vertex 30.109999999403954 31.694935217499733 1.5
    endloop
  endfacet
  facet normal 0 0 1
    outer loop
      vertex 29.354000002145767 32.4864546507597 1.5
      vertex 12.761597000062466 18.761269330978394 1.5
      vertex 29.578000001609325 32.18963485956192 1.5
    endloop
  endfacet
  facet normal 0 0 1
    outer loop
      vertex 29.578000001609325 32.18963485956192 1.5
      vertex 12.761597000062466 18.761269330978394 1.5
      vertex 29.703999996185303 32.05771496146917 1.5
    endloop
  endfacet
  facet normal 0 0 1
    outer loop
      vertex 12.761597000062466 18.761269330978394 1.5
      vertex 29.354000002145767 32.4864546507597 1.5
      vertex 29.255999997258186 32.634864546358585 1.5
    endloop
  endfacet
  facet normal 0 0 1
    outer loop
      vertex 12.761597000062466 18.761269330978394 1.5
      vertex 29.157999999821186 32.799764432013035 1.5
      vertex 29.00400000065565 33.09658422321081 1.5
    endloop
  endfacet
  facet normal 0 0 1
    outer loop
      vertex 12.761597000062466 18.761269330978394 1.5
      vertex 29.00400000065565 33.09658422321081 1.5
      vertex 28.82199999690056 33.39340400695801 1.5
    endloop
  endfacet
  facet normal 0 0 1
    outer loop
      vertex 12.761597000062466 18.761269330978394 1.5
      vertex 28.82199999690056 33.39340400695801 1.5
      vertex 28.653999999165535 33.706713780760765 1.5
    endloop
  endfacet
  facet normal 0 0 1
    outer loop
      vertex 12.761597000062466 18.761269330978394 1.5
      vertex 28.653999999165535 33.706713780760765 1.5
      vertex 28.5 34.00353356450796 1.5
    endloop
  endfacet
  facet normal 0 0 1
    outer loop
      vertex 12.761597000062466 18.761269330978394 1.5
      vertex 28.5 34.00353356450796 1.5
      vertex 28.346000000834465 34.28386337310076 1.5
    endloop
  endfacet
  facet normal 0 0 1
    outer loop
      vertex 12.761597000062466 18.761269330978394 1.5
      vertex 28.346000000834465 34.28386337310076 1.5
      vertex 28.219999998807907 34.51472320407629 1.5
    endloop
  endfacet
  facet normal 0 0 1
    outer loop
      vertex 12.761597000062466 18.761269330978394 1.5
      vertex 28.219999998807907 34.51472320407629 1.5
      vertex 28.121999993920326 34.6961130797863 1.5
    endloop
  endfacet
  facet normal 0 0 1
    outer loop
      vertex 12.761597000062466 18.761269330978394 1.5
      vertex 28.121999993920326 34.6961130797863 1.5
      vertex 25.587999999523163 37.845700822770596 1.5
    endloop
  endfacet
  facet normal 0 0 1
    outer loop
      vertex 30.96399999409914 27.259128391742706 1.5
      vertex 12.761597000062466 18.761269330978394 1.5
      vertex 30.809999994933605 27.077738523483276 1.5
    endloop
  endfacet
  facet normal 0 0 1
    outer loop
      vertex 31.117999993264675 27.424028262495995 1.5
      vertex 12.761597000062466 18.761269330978394 1.5
      vertex 30.96399999409914 27.259128391742706 1.5
    endloop
  endfacet
  facet normal 0 0 1
    outer loop
      vertex 30.809999994933605 27.077738523483276 1.5
      vertex 14.090302996337414 18.761269330978394 1.5
      vertex 30.66999999433756 26.879858657717705 1.5
    endloop
  endfacet
  facet normal 0 0 1
    outer loop
      vertex 31.258000001311302 27.555948182940483 1.5
      vertex 12.761597000062466 18.761269330978394 1.5
      vertex 31.117999993264675 27.424028262495995 1.5
    endloop
  endfacet
  facet normal 0 0 1
    outer loop
      vertex 31.412000000476837 27.67137809842825 1.5
      vertex 12.761597000062466 18.761269330978394 1.5
      vertex 31.258000001311302 27.555948182940483 1.5
    endloop
  endfacet
  facet normal 0 0 1
    outer loop
      vertex 31.552000001072884 27.753828033804893 1.5
      vertex 12.761597000062466 18.761269330978394 1.5
      vertex 31.412000000476837 27.67137809842825 1.5
    endloop
  endfacet
  facet normal 0 0 1
    outer loop
      vertex 31.663999997079372 27.836277969181538 1.5
      vertex 12.761597000062466 18.761269330978394 1.5
      vertex 31.552000001072884 27.753828033804893 1.5
    endloop
  endfacet
  facet normal 0 0 1
    outer loop
      vertex 31.761999994516373 27.918727919459343 1.5
      vertex 12.761597000062466 18.761269330978394 1.5
      vertex 31.663999997079372 27.836277969181538 1.5
    endloop
  endfacet
  facet normal 0 0 1
    outer loop
      vertex 31.873999997973442 28.01766785234213 1.5
      vertex 12.761597000062466 18.761269330978394 1.5
      vertex 31.761999994516373 27.918727919459343 1.5
    endloop
  endfacet
  facet normal 0 0 1
    outer loop
      vertex 31.971999995410442 28.100117787718773 1.5
      vertex 12.761597000062466 18.761269330978394 1.5
      vertex 31.873999997973442 28.01766785234213 1.5
    endloop
  endfacet
  facet normal 0 0 1
    outer loop
      vertex 30.54399999976158 26.63250883668661 1.5
      vertex 18.33081966638565 18.761269330978394 1.5
      vertex 30.417999997735023 26.368669033050537 1.5
    endloop
  endfacet
  facet normal 0 0 1
    outer loop
      vertex 18.33081966638565 18.761269330978394 1.5
      vertex 30.54399999976158 26.63250883668661 1.5
      vertex 30.66999999433756 26.879858657717705 1.5
    endloop
  endfacet
  facet normal 0 0 1
    outer loop
      vertex 31.971999995410442 28.100117787718773 1.5
      vertex 32.22399999201298 28.446407541632652 1.5
      vertex 12.761597000062466 18.761269330978394 1.5
    endloop
  endfacet
  facet normal 0 0 1
    outer loop
      vertex 30.109999999403954 31.694935217499733 1.5
      vertex 12.761597000062466 18.761269330978394 1.5
      vertex 31.440000005066395 30.689045943319798 1.5
    endloop
  endfacet
  facet normal 0 0 1
    outer loop
      vertex 31.915999993681908 30.260306246578693 1.5
      vertex 12.761597000062466 18.761269330978394 1.5
      vertex 32.01399999856949 30.161366313695908 1.5
    endloop
  endfacet
  facet normal 0 0 1
    outer loop
      vertex 31.440000005066395 30.689045943319798 1.5
      vertex 12.761597000062466 18.761269330978394 1.5
      vertex 31.734000004827976 30.441696122288704 1.5
    endloop
  endfacet
  facet normal 0 0 1
    outer loop
      vertex 31.832000002264977 30.342756189405918 1.5
      vertex 12.761597000062466 18.761269330978394 1.5
      vertex 31.915999993681908 30.260306246578693 1.5
    endloop
  endfacet
  facet normal 0 0 1
    outer loop
      vertex 31.734000004827976 30.441696122288704 1.5
      vertex 12.761597000062466 18.761269330978394 1.5
      vertex 31.832000002264977 30.342756189405918 1.5
    endloop
  endfacet
  facet normal 0 0 1
    outer loop
      vertex 32.29399999976158 28.57832744717598 1.5
      vertex 12.761597000062466 18.761269330978394 1.5
      vertex 32.22399999201298 28.446407541632652 1.5
    endloop
  endfacet
  facet normal 0 0 1
    outer loop
      vertex 32.350000001490116 28.693757362663746 1.5
      vertex 12.761597000062466 18.761269330978394 1.5
      vertex 32.29399999976158 28.57832744717598 1.5
    endloop
  endfacet
  facet normal 0 0 1
    outer loop
      vertex 32.40599999576807 28.842167265713215 1.5
      vertex 12.761597000062466 18.761269330978394 1.5
      vertex 32.350000001490116 28.693757362663746 1.5
    endloop
  endfacet
  facet normal 0 0 1
    outer loop
      vertex 32.447999998927116 28.990577153861523 1.5
      vertex 12.761597000062466 18.761269330978394 1.5
      vertex 32.40599999576807 28.842167265713215 1.5
    endloop
  endfacet
  facet normal 0 0 1
    outer loop
      vertex 32.461999997496605 29.155477039515972 1.5
      vertex 12.761597000062466 18.761269330978394 1.5
      vertex 32.447999998927116 28.990577153861523 1.5
    endloop
  endfacet
  facet normal 0 0 1
    outer loop
      vertex 32.461999997496605 29.3038869202137 1.5
      vertex 12.761597000062466 18.761269330978394 1.5
      vertex 32.461999997496605 29.155477039515972 1.5
    endloop
  endfacet
  facet normal 0 0 1
    outer loop
      vertex 32.43400000035763 29.46878680586815 1.5
      vertex 12.761597000062466 18.761269330978394 1.5
      vertex 32.461999997496605 29.3038869202137 1.5
    endloop
  endfacet
  facet normal 0 0 1
    outer loop
      vertex 32.39200000464916 29.617196708917618 1.5
      vertex 12.761597000062466 18.761269330978394 1.5
      vertex 32.43400000035763 29.46878680586815 1.5
    endloop
  endfacet
  facet normal 0 0 1
    outer loop
      vertex 32.23800000548363 29.881036512553692 1.5
      vertex 12.761597000062466 18.761269330978394 1.5
      vertex 32.32199999690056 29.765606597065926 1.5
    endloop
  endfacet
  facet normal 0 0 1
    outer loop
      vertex 32.32199999690056 29.765606597065926 1.5
      vertex 12.761597000062466 18.761269330978394 1.5
      vertex 32.39200000464916 29.617196708917618 1.5
    endloop
  endfacet
  facet normal 0 0 1
    outer loop
      vertex 32.18200000375509 29.946996465325356 1.5
      vertex 12.761597000062466 18.761269330978394 1.5
      vertex 32.23800000548363 29.881036512553692 1.5
    endloop
  endfacet
  facet normal 0 0 1
    outer loop
      vertex 32.097999997437 30.062426380813122 1.5
      vertex 12.761597000062466 18.761269330978394 1.5
      vertex 32.18200000375509 29.946996465325356 1.5
    endloop
  endfacet
  facet normal 0 0 1
    outer loop
      vertex 32.01399999856949 30.161366313695908 1.5
      vertex 12.761597000062466 18.761269330978394 1.5
      vertex 32.097999997437 30.062426380813122 1.5
    endloop
  endfacet
  facet normal 0 0 1
    outer loop
      vertex 30.46000000089407 26.203769147396088 1.5
      vertex 22.602376334369183 18.761269330978394 1.5
      vertex 30.515999995172024 26.07184923440218 1.5
    endloop
  endfacet
  facet normal 0 0 1
    outer loop
      vertex 30.432000003755093 26.302709065377712 1.5
      vertex 22.602376334369183 18.761269330978394 1.5
      vertex 30.46000000089407 26.203769147396088 1.5
    endloop
  endfacet
  facet normal 0 0 1
    outer loop
      vertex 30.417999997735023 26.368669033050537 1.5
      vertex 22.602376334369183 18.761269330978394 1.5
      vertex 30.432000003755093 26.302709065377712 1.5
    endloop
  endfacet
  facet normal 0 0 1
    outer loop
      vertex 30.740000002086163 25.610129572451115 1.5
      vertex 25.69001566618681 18.761269330978394 1.5
      vertex 30.809999994933605 25.478209659457207 1.5
    endloop
  endfacet
  facet normal 0 0 1
    outer loop
      vertex 30.65599999576807 25.775029443204403 1.5
      vertex 25.69001566618681 18.761269330978394 1.5
      vertex 30.740000002086163 25.610129572451115 1.5
    endloop
  endfacet
  facet normal 0 0 1
    outer loop
      vertex 30.515999995172024 26.07184923440218 1.5
      vertex 25.69001566618681 18.761269330978394 1.5
      vertex 30.65599999576807 25.775029443204403 1.5
    endloop
  endfacet
  facet normal 0 0 1
    outer loop
      vertex 30.9390736669302 12.296672001481056 1.5
      vertex 32.09279166907072 18.761269330978394 1.5
      vertex 30.9390736669302 18.761269330978394 1.5
    endloop
  endfacet
  facet normal 0 0 1
    outer loop
      vertex 33.43468966335058 12.296672001481056 1.5
      vertex 34.6715043336153 18.761269330978394 1.5
      vertex 33.43468966335058 18.761269330978394 1.5
    endloop
  endfacet
  facet normal 0 0 1
    outer loop
      vertex 27.106409668922424 18.761269330978394 1.5
      vertex 29.68053100258112 18.761269330978394 1.5
      vertex 30.97800000756979 25.19787986576557 1.5
    endloop
  endfacet
  facet normal 0 0 1
    outer loop
      vertex 30.9390736669302 18.761269330978394 1.5
      vertex 31.034000001847744 25.18138986825943 1.5
      vertex 29.68053100258112 18.761269330978394 1.5
    endloop
  endfacet
  facet normal 0 0 1
    outer loop
      vertex 30.921999998390675 25.230859838426113 1.5
      vertex 27.106409668922424 18.761269330978394 1.5
      vertex 30.97800000756979 25.19787986576557 1.5
    endloop
  endfacet
  facet normal 0 0 1
    outer loop
      vertex 27.106409668922424 18.761269330978394 1.5
      vertex 30.921999998390675 25.230859838426113 1.5
      vertex 30.88000000268221 25.280329801142216 1.5
    endloop
  endfacet
  facet normal 0 0 1
    outer loop
      vertex 27.106409668922424 18.761269330978394 1.5
      vertex 30.88000000268221 25.280329801142216 1.5
      vertex 30.85199999809265 25.34628975391388 1.5
    endloop
  endfacet
  facet normal 0 0 1
    outer loop
      vertex 29.68053100258112 18.761269330978394 1.5
      vertex 31.034000001847744 25.18138986825943 1.5
      vertex 30.97800000756979 25.19787986576557 1.5
    endloop
  endfacet
  facet normal 0 0 1
    outer loop
      vertex 31.034000001847744 25.18138986825943 1.5
      vertex 30.9390736669302 18.761269330978394 1.5
      vertex 32.378000006079674 25.01648999750614 1.5
    endloop
  endfacet
  facet normal 0 0 1
    outer loop
      vertex 30.9390736669302 18.761269330978394 1.5
      vertex 32.09279166907072 18.761269330978394 1.5
      vertex 32.378000006079674 25.01648999750614 1.5
    endloop
  endfacet
  facet normal 0 0 1
    outer loop
      vertex 32.378000006079674 25.01648999750614 1.5
      vertex 32.09279166907072 18.761269330978394 1.5
      vertex 32.559999994933605 25 1.5
    endloop
  endfacet
  facet normal 0 0 1
    outer loop
      vertex 32.559999994933605 25 1.5
      vertex 32.09279166907072 18.761269330978394 1.5
      vertex 32.89599999785423 25 1.5
    endloop
  endfacet
  facet normal 0 0 1
    outer loop
      vertex 32.89599999785423 25 1.5
      vertex 32.09279166907072 18.761269330978394 1.5
      vertex 33.063999995589256 25.032979980111122 1.5
    endloop
  endfacet
  facet normal 0 0 1
    outer loop
      vertex 33.063999995589256 25.032979980111122 1.5
      vertex 32.09279166907072 18.761269330978394 1.5
      vertex 33.24599999934435 25.049469970166683 1.5
    endloop
  endfacet
  facet normal 0 0 1
    outer loop
      vertex 33.24599999934435 25.049469970166683 1.5
      vertex 32.09279166907072 18.761269330978394 1.5
      vertex 33.58200000226498 25.14840990304947 1.5
    endloop
  endfacet
  facet normal 0 0 1
    outer loop
      vertex 33.58200000226498 25.14840990304947 1.5
      vertex 32.09279166907072 18.761269330978394 1.5
      vertex 33.73600000143051 25.214369848370552 1.5
    endloop
  endfacet
  facet normal 0 0 1
    outer loop
      vertex 33.73600000143051 25.214369848370552 1.5
      vertex 32.09279166907072 18.761269330978394 1.5
      vertex 33.91799999773502 25.313309781253338 1.5
    endloop
  endfacet
  facet normal 0 0 1
    outer loop
      vertex 33.91799999773502 25.313309781253338 1.5
      vertex 32.09279166907072 18.761269330978394 1.5
      vertex 34.08600000292063 25.428739704191685 1.5
    endloop
  endfacet
  facet normal 0 0 1
    outer loop
      vertex 34.08600000292063 25.428739704191685 1.5
      vertex 32.09279166907072 18.761269330978394 1.5
      vertex 34.24000000208616 25.54416961967945 1.5
    endloop
  endfacet
  facet normal 0 0 1
    outer loop
      vertex 38.66201967000961 14.248311996459961 1.5
      vertex 38.66201967000961 18.761269330978394 1.5
      vertex 36.08789833635092 18.761269330978394 1.5
    endloop
  endfacet
  facet normal 0 0 1
    outer loop
      vertex 33.43468966335058 18.761269330978394 1.5
      vertex 38.77600000798702 27.53945818543434 1.5
      vertex 32.09279166907072 18.761269330978394 1.5
    endloop
  endfacet
  facet normal 0 0 1
    outer loop
      vertex 33.43468966335058 18.761269330978394 1.5
      vertex 34.6715043336153 18.761269330978394 1.5
      vertex 39.08400000631809 26.896348640322685 1.5
    endloop
  endfacet
  facet normal 0 0 1
    outer loop
      vertex 36.08789833635092 18.761269330978394 1.5
      vertex 39.461999997496605 26.038869261741638 1.5
      vertex 34.6715043336153 18.761269330978394 1.5
    endloop
  endfacet
  facet normal 0 0 1
    outer loop
      vertex 36.08789833635092 18.761269330978394 1.5
      vertex 38.66201967000961 18.761269330978394 1.5
      vertex 39.92399999499321 25.69257950782776 1.5
    endloop
  endfacet
  facet normal 0 0 1
    outer loop
      vertex 30.907999999821186 25.263839818537235 1.5
      vertex 30.88000000268221 25.280329801142216 1.5
      vertex 30.921999998390675 25.230859838426113 1.5
    endloop
  endfacet
  facet normal 0 0 1
    outer loop
      vertex 31.005999997258186 25.19787986576557 1.5
      vertex 30.97800000756979 25.19787986576557 1.5
      vertex 31.034000001847744 25.18138986825943 1.5
    endloop
  endfacet
  facet normal 0 0 1
    outer loop
      vertex 34.24000000208616 25.54416961967945 1.5
      vertex 32.09279166907072 18.761269330978394 1.5
      vertex 34.36599999666214 25.67608952522278 1.5
    endloop
  endfacet
  facet normal 0 0 1
    outer loop
      vertex 34.36599999666214 25.67608952522278 1.5
      vertex 32.09279166907072 18.761269330978394 1.5
      vertex 34.617999993264675 25.972909308969975 1.5
    endloop
  endfacet
  facet normal 0 0 1
    outer loop
      vertex 34.67399999499321 26.07184923440218 1.5
      vertex 34.617999993264675 25.972909308969975 1.5
      vertex 32.09279166907072 18.761269330978394 1.5
    endloop
  endfacet
  facet normal 0 0 1
    outer loop
      vertex 34.67399999499321 26.07184923440218 1.5
      vertex 32.09279166907072 18.761269330978394 1.5
      vertex 34.79999999701977 26.203769147396088 1.5
    endloop
  endfacet
  facet normal 0 0 1
    outer loop
      vertex 34.79999999701977 26.203769147396088 1.5
      vertex 32.09279166907072 18.761269330978394 1.5
      vertex 34.9539999961853 26.41813898831606 1.5
    endloop
  endfacet
  facet normal 0 0 1
    outer loop
      vertex 34.9539999961853 26.41813898831606 1.5
      vertex 32.09279166907072 18.761269330978394 1.5
      vertex 35.149999998509884 26.681978806853294 1.5
    endloop
  endfacet
  facet normal 0 0 1
    outer loop
      vertex 35.149999998509884 26.681978806853294 1.5
      vertex 32.09279166907072 18.761269330978394 1.5
      vertex 35.37399999797344 26.97879859060049 1.5
    endloop
  endfacet
  facet normal 0 0 1
    outer loop
      vertex 32.09279166907072 18.761269330978394 1.5
      vertex 38.77600000798702 27.67137809842825 1.5
      vertex 35.37399999797344 26.97879859060049 1.5
    endloop
  endfacet
  facet normal 0 0 1
    outer loop
      vertex 38.77600000798702 27.67137809842825 1.5
      vertex 32.09279166907072 18.761269330978394 1.5
      vertex 38.77600000798702 27.53945818543434 1.5
    endloop
  endfacet
  facet normal 0 0 1
    outer loop
      vertex 34.617999993264675 25.972909308969975 1.5
      vertex 34.67399999499321 26.07184923440218 1.5
      vertex 34.632000006735325 26.022379279136658 1.5
    endloop
  endfacet
  facet normal 0 0 1
    outer loop
      vertex 34.6715043336153 18.761269330978394 1.5
      vertex 39.461999997496605 26.038869261741638 1.5
      vertex 39.08400000631809 26.896348640322685 1.5
    endloop
  endfacet
  facet normal 0 0 1
    outer loop
      vertex 33.43468966335058 18.761269330978394 1.5
      vertex 39.08400000631809 26.896348640322685 1.5
      vertex 38.91599999368191 27.16018845885992 1.5
    endloop
  endfacet
  facet normal 0 0 1
    outer loop
      vertex 38.85999999940395 27.275618381798267 1.5
      vertex 33.43468966335058 18.761269330978394 1.5
      vertex 38.91599999368191 27.16018845885992 1.5
    endloop
  endfacet
  facet normal 0 0 1
    outer loop
      vertex 33.43468966335058 18.761269330978394 1.5
      vertex 38.80399999767542 27.407538279891014 1.5
      vertex 38.77600000798702 27.53945818543434 1.5
    endloop
  endfacet
  facet normal 0 0 1
    outer loop
      vertex 38.80399999767542 27.407538279891014 1.5
      vertex 33.43468966335058 18.761269330978394 1.5
      vertex 38.85999999940395 27.275618381798267 1.5
    endloop
  endfacet
  facet normal 0 0 1
    outer loop
      vertex 36.08789833635092 18.761269330978394 1.5
      vertex 39.573999993503094 25.939929328858852 1.5
      vertex 39.50400000065565 25.989399299025536 1.5
    endloop
  endfacet
  facet normal 0 0 1
    outer loop
      vertex 36.08789833635092 18.761269330978394 1.5
      vertex 39.50400000065565 25.989399299025536 1.5
      vertex 39.461999997496605 26.038869261741638 1.5
    endloop
  endfacet
  facet normal 0 0 1
    outer loop
      vertex 36.08789833635092 18.761269330978394 1.5
      vertex 39.92399999499321 25.69257950782776 1.5
      vertex 39.84000000357628 25.758539460599422 1.5
    endloop
  endfacet
  facet normal 0 0 1
    outer loop
      vertex 36.08789833635092 18.761269330978394 1.5
      vertex 39.84000000357628 25.758539460599422 1.5
      vertex 39.7419999986887 25.808009423315525 1.5
    endloop
  endfacet
  facet normal 0 0 1
    outer loop
      vertex 36.08789833635092 18.761269330978394 1.5
      vertex 39.7419999986887 25.808009423315525 1.5
      vertex 39.573999993503094 25.939929328858852 1.5
    endloop
  endfacet
  facet normal 0 0 1
    outer loop
      vertex 35.37399999797344 26.97879859060049 1.5
      vertex 38.77600000798702 27.67137809842825 1.5
      vertex 35.597999997437 27.292108364403248 1.5
    endloop
  endfacet
  facet normal 0 0 1
    outer loop
      vertex 35.597999997437 27.292108364403248 1.5
      vertex 38.77600000798702 27.67137809842825 1.5
      vertex 35.82199999690056 27.638398118317127 1.5
    endloop
  endfacet
  facet normal 0 0 1
    outer loop
      vertex 35.82199999690056 27.638398118317127 1.5
      vertex 38.77600000798702 27.67137809842825 1.5
      vertex 36.01799999922514 27.968197889626026 1.5
    endloop
  endfacet
  facet normal 0 0 1
    outer loop
      vertex 36.01799999922514 27.968197889626026 1.5
      vertex 38.77600000798702 27.67137809842825 1.5
      vertex 36.13000000268221 28.166077740490437 1.5
    endloop
  endfacet
  facet normal 0 0 1
    outer loop
      vertex 36.13000000268221 28.166077740490437 1.5
      vertex 38.77600000798702 27.67137809842825 1.5
      vertex 36.255999997258186 28.330977626144886 1.5
    endloop
  endfacet
  facet normal 0 0 1
    outer loop
      vertex 36.255999997258186 28.330977626144886 1.5
      vertex 38.77600000798702 27.67137809842825 1.5
      vertex 36.40999999642372 28.479387514293194 1.5
    endloop
  endfacet
  facet normal 0 0 1
    outer loop
      vertex 36.40999999642372 28.479387514293194 1.5
      vertex 38.77600000798702 27.67137809842825 1.5
      vertex 36.578000001609325 28.6113074272871 1.5
    endloop
  endfacet
  facet normal 0 0 1
    outer loop
      vertex 36.578000001609325 28.6113074272871 1.5
      vertex 38.77600000798702 27.67137809842825 1.5
      vertex 36.74599999934435 28.710247345268726 1.5
    endloop
  endfacet
  facet normal 0 0 1
    outer loop
      vertex 36.74599999934435 28.710247345268726 1.5
      vertex 38.77600000798702 27.67137809842825 1.5
      vertex 36.92800000309944 28.77620729804039 1.5
    endloop
  endfacet
  facet normal 0 0 1
    outer loop
      vertex 36.92800000309944 28.77620729804039 1.5
      vertex 38.77600000798702 27.67137809842825 1.5
      vertex 37.12399999797344 28.825677268207073 1.5
    endloop
  endfacet
  facet normal 0 0 1
    outer loop
      vertex 37.12399999797344 28.825677268207073 1.5
      vertex 38.77600000798702 27.67137809842825 1.5
      vertex 37.31999999284744 28.842167265713215 1.5
    endloop
  endfacet
  facet normal 0 0 1
    outer loop
      vertex 38.78999999910593 27.836277969181538 1.5
      vertex 37.96399999409914 28.75971731543541 1.5
      vertex 38.77600000798702 27.67137809842825 1.5
    endloop
  endfacet
  facet normal 0 0 1
    outer loop
      vertex 37.31999999284744 28.842167265713215 1.5
      vertex 38.77600000798702 27.67137809842825 1.5
      vertex 37.53000000119209 28.842167265713215 1.5
    endloop
  endfacet
  facet normal 0 0 1
    outer loop
      vertex 37.53000000119209 28.842167265713215 1.5
      vertex 38.77600000798702 27.67137809842825 1.5
      vertex 37.75400000065565 28.809187285602093 1.5
    endloop
  endfacet
  facet normal 0 0 1
    outer loop
      vertex 37.75400000065565 28.809187285602093 1.5
      vertex 38.77600000798702 27.67137809842825 1.5
      vertex 37.96399999409914 28.75971731543541 1.5
    endloop
  endfacet
  facet normal 0 0 1
    outer loop
      vertex 38.78999999910593 27.836277969181538 1.5
      vertex 38.18800000101328 28.693757362663746 1.5
      vertex 37.96399999409914 28.75971731543541 1.5
    endloop
  endfacet
  facet normal 0 0 1
    outer loop
      vertex 38.83200000226498 28.001177854835987 1.5
      vertex 38.39800000190735 28.59481742978096 1.5
      vertex 38.78999999910593 27.836277969181538 1.5
    endloop
  endfacet
  facet normal 0 0 1
    outer loop
      vertex 38.18800000101328 28.693757362663746 1.5
      vertex 38.78999999910593 27.836277969181538 1.5
      vertex 38.39800000190735 28.59481742978096 1.5
    endloop
  endfacet
  facet normal 0 0 1
    outer loop
      vertex 38.83200000226498 28.001177854835987 1.5
      vertex 38.60799999535084 28.479387514293194 1.5
      vertex 38.39800000190735 28.59481742978096 1.5
    endloop
  endfacet
  facet normal 0 0 1
    outer loop
      vertex 38.60799999535084 28.479387514293194 1.5
      vertex 38.83200000226498 28.001177854835987 1.5
      vertex 38.80399999767542 28.314487643539906 1.5
    endloop
  endfacet
  facet normal 0 0 1
    outer loop
      vertex 38.926765605807304 28.181010499596596 1.5
      vertex 38.80399999767542 28.314487643539906 1.5
      vertex 38.83200000226498 28.001177854835987 1.5
    endloop
  endfacet
  facet normal 0 0 -1
    outer loop
      vertex 0.026900604367256165 1.1268735527992249 0
      vertex 0 60.600000001490116 0
      vertex 0.026900604367256165 60.873126447200775 0
    endloop
  endfacet
  facet normal 0 0 -1
    outer loop
      vertex 0.10656865686178207 0.8642431944608688 0
      vertex 0.026900604367256165 60.873126447200775 0
      vertex 0.10656865686178207 61.13575680553913 0
    endloop
  endfacet
  facet normal 0 0 -1
    outer loop
      vertex 0.235942542552948 0.6222016736865044 0
      vertex 0.10656865686178207 61.13575680553913 0
      vertex 0.235942542552948 61.377798326313496 0
    endloop
  endfacet
  facet normal 0 0 -1
    outer loop
      vertex 0.41005050390958786 0.41005050390958786 0
      vertex 0.235942542552948 61.377798326313496 0
      vertex 0.41005050390958786 61.58994949609041 0
    endloop
  endfacet
  facet normal 0 0 -1
    outer loop
      vertex 0.6222016736865044 0.235942542552948 0
      vertex 0.41005050390958786 61.58994949609041 0
      vertex 0.6222016736865044 61.76405745744705 0
    endloop
  endfacet
  facet normal 0 0 -1
    outer loop
      vertex 0.8642431944608688 0.10656865686178207 0
      vertex 0.6222016736865044 61.76405745744705 0
      vertex 0.8642431944608688 61.89343134313822 0
    endloop
  endfacet
  facet normal 0 0 -1
    outer loop
      vertex 1.1268735527992249 0.026900604367256165 0
      vertex 0.8642431944608688 61.89343134313822 0
      vertex 1.1268735527992249 61.973099395632744 0
    endloop
  endfacet
  facet normal 0 0 -1
    outer loop
      vertex 1.3999999985098839 0 0
      vertex 1.1268735527992249 61.973099395632744 0
      vertex 1.3999999985098839 62 0
    endloop
  endfacet
  facet normal -1 0 0
    outer loop
      vertex 0 1.3999999985098839 0
      vertex 0 60.600000001490116 1.5
      vertex 0 60.600000001490116 0
    endloop
  endfacet
  facet normal -0.9951847275837651 0.09801713107425283 0
    outer loop
      vertex 0 60.600000001490116 0
      vertex 0.026900604367256165 60.873126447200775 1.5
      vertex 0.026900604367256165 60.873126447200775 0
    endloop
  endfacet
  facet normal -0.9569403314022136 0.2902846915285437 0
    outer loop
      vertex 0.026900604367256165 60.873126447200775 0
      vertex 0.10656865686178207 61.13575680553913 1.5
      vertex 0.10656865686178207 61.13575680553913 0
    endloop
  endfacet
  facet normal -0.8819212681735322 0.47139672966959456 0
    outer loop
      vertex 0.10656865686178207 61.13575680553913 0
      vertex 0.235942542552948 61.377798326313496 1.5
      vertex 0.235942542552948 61.377798326313496 0
    endloop
  endfacet
  facet normal -0.7730104607401506 0.6343932751742409 0
    outer loop
      vertex 0.235942542552948 61.377798326313496 0
      vertex 0.41005050390958786 61.58994949609041 1.5
      vertex 0.41005050390958786 61.58994949609041 0
    endloop
  endfacet
  facet normal -0.6343932751742409 0.7730104607401506 0
    outer loop
      vertex 0.41005050390958786 61.58994949609041 0
      vertex 0.6222016736865044 61.76405745744705 1.5
      vertex 0.6222016736865044 61.76405745744705 0
    endloop
  endfacet
  facet normal -0.47139672966959456 0.8819212681735322 0
    outer loop
      vertex 0.6222016736865044 61.76405745744705 0
      vertex 0.8642431944608688 61.89343134313822 1.5
      vertex 0.8642431944608688 61.89343134313822 0
    endloop
  endfacet
  facet normal -0.2902846915285437 0.9569403314022136 0
    outer loop
      vertex 0.8642431944608688 61.89343134313822 0
      vertex 1.1268735527992249 61.973099395632744 1.5
      vertex 1.1268735527992249 61.973099395632744 0
    endloop
  endfacet
  facet normal -0.09801713107425283 0.9951847275837651 0
    outer loop
      vertex 1.1268735527992249 61.973099395632744 0
      vertex 1.3999999985098839 62 1.5
      vertex 1.3999999985098839 62 0
    endloop
  endfacet
  facet normal 0 0 1
    outer loop
      vertex 1.3999999985098839 62 1.5
      vertex 12.761597000062466 12.296672001481056 1.5
      vertex 12.761597000062466 18.761269330978394 1.5
    endloop
  endfacet
  facet normal 0 0 1
    outer loop
      vertex 0.026900604367256165 1.1268735527992249 1.5
      vertex 0.026900604367256165 60.873126447200775 1.5
      vertex 0 60.600000001490116 1.5
    endloop
  endfacet
  facet normal 0 0 1
    outer loop
      vertex 0.10656865686178207 0.8642431944608688 1.5
      vertex 0.10656865686178207 61.13575680553913 1.5
      vertex 0.026900604367256165 60.873126447200775 1.5
    endloop
  endfacet
  facet normal 0 0 1
    outer loop
      vertex 0.235942542552948 0.6222016736865044 1.5
      vertex 0.235942542552948 61.377798326313496 1.5
      vertex 0.10656865686178207 61.13575680553913 1.5
    endloop
  endfacet
  facet normal 0 0 1
    outer loop
      vertex 0.41005050390958786 0.41005050390958786 1.5
      vertex 0.41005050390958786 61.58994949609041 1.5
      vertex 0.235942542552948 61.377798326313496 1.5
    endloop
  endfacet
  facet normal 0 0 1
    outer loop
      vertex 0.6222016736865044 0.235942542552948 1.5
      vertex 0.6222016736865044 61.76405745744705 1.5
      vertex 0.41005050390958786 61.58994949609041 1.5
    endloop
  endfacet
  facet normal 0 0 1
    outer loop
      vertex 0.8642431944608688 0.10656865686178207 1.5
      vertex 0.8642431944608688 61.89343134313822 1.5
      vertex 0.6222016736865044 61.76405745744705 1.5
    endloop
  endfacet
  facet normal 0 0 1
    outer loop
      vertex 1.1268735527992249 0.026900604367256165 1.5
      vertex 1.1268735527992249 61.973099395632744 1.5
      vertex 0.8642431944608688 61.89343134313822 1.5
    endloop
  endfacet
  facet normal 0 0 1
    outer loop
      vertex 1.3999999985098839 0 1.5
      vertex 1.3999999985098839 62 1.5
      vertex 1.1268735527992249 61.973099395632744 1.5
    endloop
  endfacet
  facet normal 0 0 1
    outer loop
      vertex 1.3999999985098839 62 1.5
      vertex 12.761597000062466 18.761269330978394 1.5
      vertex 25.280000001192093 38.20848057419062 1.5
    endloop
  endfacet
  facet normal 0 0 1
    outer loop
      vertex 1.3999999985098839 62 1.5
      vertex 25.280000001192093 38.20848057419062 1.5
      vertex 25.19600000232458 38.373380444943905 1.5
    endloop
  endfacet
  facet normal 0 0 1
    outer loop
      vertex 1.3999999985098839 62 1.5
      vertex 25.11199999600649 38.57126031070948 1.5
      vertex 25.056000001728535 38.80212014913559 1.5
    endloop
  endfacet
  facet normal 0 0 1
    outer loop
      vertex 1.3999999985098839 62 1.5
      vertex 25.19600000232458 38.373380444943905 1.5
      vertex 25.11199999600649 38.57126031070948 1.5
    endloop
  endfacet
  facet normal -0.9951847275837651 0.09801713107425283 0
    outer loop
      vertex 0 60.600000001490116 0
      vertex 0 60.600000001490116 1.5
      vertex 0.026900604367256165 60.873126447200775 1.5
    endloop
  endfacet
  facet normal -0.9569403314022136 0.2902846915285437 0
    outer loop
      vertex 0.026900604367256165 60.873126447200775 0
      vertex 0.026900604367256165 60.873126447200775 1.5
      vertex 0.10656865686178207 61.13575680553913 1.5
    endloop
  endfacet
  facet normal -0.8819212681735322 0.47139672966959456 0
    outer loop
      vertex 0.10656865686178207 61.13575680553913 0
      vertex 0.10656865686178207 61.13575680553913 1.5
      vertex 0.235942542552948 61.377798326313496 1.5
    endloop
  endfacet
  facet normal -0.7730104607401506 0.6343932751742409 0
    outer loop
      vertex 0.235942542552948 61.377798326313496 0
      vertex 0.235942542552948 61.377798326313496 1.5
      vertex 0.41005050390958786 61.58994949609041 1.5
    endloop
  endfacet
  facet normal -0.6343932751742409 0.7730104607401506 0
    outer loop
      vertex 0.41005050390958786 61.58994949609041 0
      vertex 0.41005050390958786 61.58994949609041 1.5
      vertex 0.6222016736865044 61.76405745744705 1.5
    endloop
  endfacet
  facet normal -0.47139672966959456 0.8819212681735322 0
    outer loop
      vertex 0.6222016736865044 61.76405745744705 0
      vertex 0.6222016736865044 61.76405745744705 1.5
      vertex 0.8642431944608688 61.89343134313822 1.5
    endloop
  endfacet
  facet normal -0.2902846915285437 0.9569403314022136 0
    outer loop
      vertex 0.8642431944608688 61.89343134313822 0
      vertex 0.8642431944608688 61.89343134313822 1.5
      vertex 1.1268735527992249 61.973099395632744 1.5
    endloop
  endfacet
  facet normal -0.09801713107425283 0.9951847275837651 0
    outer loop
      vertex 1.1268735527992249 61.973099395632744 0
      vertex 1.1268735527992249 61.973099395632744 1.5
      vertex 1.3999999985098839 62 1.5
    endloop
  endfacet
  facet normal 0 0 1
    outer loop
      vertex 1.3999999985098839 62 1.5
      vertex 25.056000001728535 38.80212014913559 1.5
      vertex 25.01399999856949 39.098939932882786 1.5
    endloop
  endfacet
  facet normal 0 0 1
    outer loop
      vertex 1.3999999985098839 62 1.5
      vertex 25.01399999856949 39.098939932882786 1.5
      vertex 25 39.39575972408056 1.5
    endloop
  endfacet
  facet normal 0 0 1
    outer loop
      vertex 1.3999999985098839 62 1.5
      vertex 25 39.39575972408056 1.5
      vertex 25.01399999856949 39.69257950782776 1.5
    endloop
  endfacet
  facet normal 0 0 1
    outer loop
      vertex 1.3999999985098839 62 1.5
      vertex 25.01399999856949 39.69257950782776 1.5
      vertex 25.042000003159046 39.989399299025536 1.5
    endloop
  endfacet
  facet normal 0 0 1
    outer loop
      vertex 1.3999999985098839 62 1.5
      vertex 25.042000003159046 39.989399299025536 1.5
      vertex 25.097999997437 40.26972910016775 1.5
    endloop
  endfacet
  facet normal 0 0 1
    outer loop
      vertex 1.3999999985098839 62 1.5
      vertex 25.097999997437 40.26972910016775 1.5
      vertex 25.182000003755093 40.550058886408806 1.5
    endloop
  endfacet
  facet normal 0 0 1
    outer loop
      vertex 1.3999999985098839 62 1.5
      vertex 25.182000003755093 40.550058886408806 1.5
      vertex 25.280000001192093 40.81389870494604 1.5
    endloop
  endfacet
  facet normal 0 0 1
    outer loop
      vertex 1.3999999985098839 62 1.5
      vertex 25.280000001192093 40.81389870494604 1.5
      vertex 25.40599999576807 41.077738508582115 1.5
    endloop
  endfacet
  facet normal 0 0 1
    outer loop
      vertex 1.3999999985098839 62 1.5
      vertex 25.40599999576807 41.077738508582115 1.5
      vertex 26.596000000834465 43.27090695500374 1.5
    endloop
  endfacet
  facet normal 0 0 1
    outer loop
      vertex 1.3999999985098839 62 1.5
      vertex 26.596000000834465 43.27090695500374 1.5
      vertex 26.680000007152557 43.402826860547066 1.5
    endloop
  endfacet
  facet normal 0 0 1
    outer loop
      vertex 1.3999999985098839 62 1.5
      vertex 26.680000007152557 43.402826860547066 1.5
      vertex 26.76399999856949 43.55123674124479 1.5
    endloop
  endfacet
  facet normal 0 0 1
    outer loop
      vertex 1.3999999985098839 62 1.5
      vertex 26.76399999856949 43.55123674124479 1.5
      vertex 26.86199999600649 43.68315666168928 1.5
    endloop
  endfacet
  facet normal 0 0 1
    outer loop
      vertex 1.3999999985098839 62 1.5
      vertex 26.86199999600649 43.68315666168928 1.5
      vertex 26.973999992012978 43.81507655978203 1.5
    endloop
  endfacet
  facet normal 0 0 1
    outer loop
      vertex 1.3999999985098839 62 1.5
      vertex 26.973999992012978 43.81507655978203 1.5
      vertex 27.197999998927116 44.04593639820814 1.5
    endloop
  endfacet
  facet normal 0 0 1
    outer loop
      vertex 1.3999999985098839 62 1.5
      vertex 27.197999998927116 44.04593639820814 1.5
      vertex 27.450000002980232 44.24381624907255 1.5
    endloop
  endfacet
  facet normal 0 0 1
    outer loop
      vertex 1.3999999985098839 62 1.5
      vertex 27.450000002980232 44.24381624907255 1.5
      vertex 27.65999999642372 44.37573615461588 1.5
    endloop
  endfacet
  facet normal 0 0 1
    outer loop
      vertex 1.3999999985098839 62 1.5
      vertex 27.65999999642372 44.37573615461588 1.5
      vertex 27.82320549339056 44.46405924111605 1.5
    endloop
  endfacet
  facet normal 0 0 1
    outer loop
      vertex 1.3999999985098839 62 1.5
      vertex 27.82320549339056 44.46405924111605 1.5
      vertex 27.953999996185303 44.59010600298643 1.5
    endloop
  endfacet
  facet normal 0 0 1
    outer loop
      vertex 1.3999999985098839 62 1.5
      vertex 27.953999996185303 44.59010600298643 1.5
      vertex 28.121999993920326 44.72202590852976 1.5
    endloop
  endfacet
  facet normal 0 0 1
    outer loop
      vertex 1.3999999985098839 62 1.5
      vertex 28.121999993920326 44.72202590852976 1.5
      vertex 28.569999992847443 45.21672556549311 1.5
    endloop
  endfacet
  facet normal 0 0 1
    outer loop
      vertex 1.3999999985098839 62 1.5
      vertex 28.569999992847443 45.21672556549311 1.5
      vertex 28.5 45.29917550086975 1.5
    endloop
  endfacet
  facet normal 0 0 1
    outer loop
      vertex 1.3999999985098839 62 1.5
      vertex 28.5 45.29917550086975 1.5
      vertex 28.443999998271465 45.4640753865242 1.5
    endloop
  endfacet
  facet normal 0 0 1
    outer loop
      vertex 1.3999999985098839 62 1.5
      vertex 28.443999998271465 45.4640753865242 1.5
      vertex 28.457999996840954 45.57950530201197 1.5
    endloop
  endfacet
  facet normal 0 0 1
    outer loop
      vertex 1.3999999985098839 62 1.5
      vertex 28.457999996840954 45.57950530201197 1.5
      vertex 28.48600000143051 45.8598350957036 1.5
    endloop
  endfacet
  facet normal 0 0 1
    outer loop
      vertex 1.3999999985098839 62 1.5
      vertex 28.48600000143051 45.8598350957036 1.5
      vertex 28.51399999856949 46.272084794938564 1.5
    endloop
  endfacet
  facet normal 0 0 1
    outer loop
      vertex 12.761597000062466 18.761269330978394 1.5
      vertex 25.378000006079674 38.07656065374613 1.5
      vertex 25.280000001192093 38.20848057419062 1.5
    endloop
  endfacet
  facet normal 0 0 1
    outer loop
      vertex 12.761597000062466 18.761269330978394 1.5
      vertex 25.53200000524521 37.8951707854867 1.5
      vertex 25.461999997496605 37.96113073825836 1.5
    endloop
  endfacet
  facet normal 0 0 1
    outer loop
      vertex 12.761597000062466 18.761269330978394 1.5
      vertex 25.461999997496605 37.96113073825836 1.5
      vertex 25.378000006079674 38.07656065374613 1.5
    endloop
  endfacet
  facet normal 0 0 1
    outer loop
      vertex 12.761597000062466 18.761269330978394 1.5
      vertex 25.587999999523163 37.845700822770596 1.5
      vertex 25.53200000524521 37.8951707854867 1.5
    endloop
  endfacet
  facet normal 0 0 1
    outer loop
      vertex 25.951999999582767 37.69729093462229 1.5
      vertex 28.009999997913837 35.19081271439791 1.5
      vertex 26.302000001072884 37.54888103157282 1.5
    endloop
  endfacet
  facet normal 0 0 1
    outer loop
      vertex 25.587999999523163 37.845700822770596 1.5
      vertex 28.065999999642372 34.82803297787905 1.5
      vertex 25.61599999666214 37.845700822770596 1.5
    endloop
  endfacet
  facet normal 0 0 1
    outer loop
      vertex 25.61599999666214 37.845700822770596 1.5
      vertex 28.065999999642372 34.82803297787905 1.5
      vertex 25.71399999409914 37.79623086750507 1.5
    endloop
  endfacet
  facet normal 0 0 1
    outer loop
      vertex 25.71399999409914 37.79623086750507 1.5
      vertex 28.023999996483326 35.04240283370018 1.5
      vertex 25.951999999582767 37.69729093462229 1.5
    endloop
  endfacet
  facet normal 0 0 1
    outer loop
      vertex 28.065999999642372 34.82803297787905 1.5
      vertex 25.587999999523163 37.845700822770596 1.5
      vertex 28.121999993920326 34.6961130797863 1.5
    endloop
  endfacet
  facet normal 0 0 1
    outer loop
      vertex 28.023999996483326 35.04240283370018 1.5
      vertex 25.71399999409914 37.79623086750507 1.5
      vertex 28.052000001072884 34.91048292815685 1.5
    endloop
  endfacet
  facet normal 0 0 1
    outer loop
      vertex 28.052000001072884 34.91048292815685 1.5
      vertex 25.71399999409914 37.79623086750507 1.5
      vertex 28.065999999642372 34.82803297787905 1.5
    endloop
  endfacet
  facet normal 0 0 1
    outer loop
      vertex 25.951999999582767 37.69729093462229 1.5
      vertex 28.023999996483326 35.04240283370018 1.5
      vertex 28.009999997913837 35.19081271439791 1.5
    endloop
  endfacet
  facet normal 0 0 1
    outer loop
      vertex 26.302000001072884 37.54888103157282 1.5
      vertex 27.98200000077486 35.58657243847847 1.5
      vertex 27.96799999475479 35.80094228684902 1.5
    endloop
  endfacet
  facet normal 0 0 1
    outer loop
      vertex 27.98200000077486 35.58657243847847 1.5
      vertex 26.302000001072884 37.54888103157282 1.5
      vertex 28.009999997913837 35.19081271439791 1.5
    endloop
  endfacet
  facet normal 0 0 1
    outer loop
      vertex 27.96799999475479 36.01531212776899 1.5
      vertex 26.75 37.36749116331339 1.5
      vertex 27.96799999475479 35.80094228684902 1.5
    endloop
  endfacet
  facet normal 0 0 1
    outer loop
      vertex 26.75 37.36749116331339 1.5
      vertex 27.96799999475479 36.01531212776899 1.5
      vertex 27.953999996185303 36.229681983590126 1.5
    endloop
  endfacet
  facet normal 0 0 1
    outer loop
      vertex 27.96799999475479 36.411071851849556 1.5
      vertex 27.240000002086163 37.16961131244898 1.5
      vertex 27.953999996185303 36.229681983590126 1.5
    endloop
  endfacet
  facet normal 0 0 1
    outer loop
      vertex 27.240000002086163 37.16961131244898 1.5
      vertex 27.96799999475479 36.411071851849556 1.5
      vertex 28.009999997913837 36.592461720108986 1.5
    endloop
  endfacet
  facet normal 0 0 1
    outer loop
      vertex 28.065999999642372 36.757361605763435 1.5
      vertex 27.77199999243021 36.97173145413399 1.5
      vertex 28.009999997913837 36.592461720108986 1.5
    endloop
  endfacet
  facet normal 0 0 1
    outer loop
      vertex 26.302000001072884 37.54888103157282 1.5
      vertex 27.96799999475479 35.80094228684902 1.5
      vertex 26.75 37.36749116331339 1.5
    endloop
  endfacet
  facet normal 0 0 1
    outer loop
      vertex 26.75 37.36749116331339 1.5
      vertex 27.953999996185303 36.229681983590126 1.5
      vertex 27.240000002086163 37.16961131244898 1.5
    endloop
  endfacet
  facet normal 0 0 1
    outer loop
      vertex 27.240000002086163 37.16961131244898 1.5
      vertex 28.009999997913837 36.592461720108986 1.5
      vertex 27.77199999243021 36.97173145413399 1.5
    endloop
  endfacet
  facet normal 0 0 1
    outer loop
      vertex 27.77199999243021 36.97173145413399 1.5
      vertex 28.065999999642372 36.757361605763435 1.5
      vertex 28.12392020225525 36.84507518261671 1.5
    endloop
  endfacet
  facet normal 0 0 1
    outer loop
      vertex 28.569999992847443 45.21672556549311 1.5
      vertex 28.121999993920326 44.72202590852976 1.5
      vertex 28.667999997735023 45.200235567986965 1.5
    endloop
  endfacet
  facet normal 0 0 1
    outer loop
      vertex 28.667999997735023 45.200235567986965 1.5
      vertex 28.121999993920326 44.72202590852976 1.5
      vertex 28.780000001192093 45.23321554809809 1.5
    endloop
  endfacet
  facet normal 0 0 1
    outer loop
      vertex 28.121999993920326 44.72202590852976 1.5
      vertex 29.03200000524521 45.365135453641415 1.5
      vertex 28.780000001192093 45.23321554809809 1.5
    endloop
  endfacet
  facet normal 0 0 1
    outer loop
      vertex 28.121999993920326 44.72202590852976 1.5
      vertex 29.144000001251698 45.41460541635752 1.5
      vertex 29.03200000524521 45.365135453641415 1.5
    endloop
  endfacet
  facet normal 0 0 1
    outer loop
      vertex 28.121999993920326 44.72202590852976 1.5
      vertex 29.241999998688698 45.4640753865242 1.5
      vertex 29.144000001251698 45.41460541635752 1.5
    endloop
  endfacet
  facet normal 0 0 1
    outer loop
      vertex 33.9761530905962 41.683525547385216 1.5
      vertex 34.100000001490116 42.18256772309542 1.5
      vertex 33.91799999773502 42.18256772309542 1.5
    endloop
  endfacet
  facet normal 0 0 1
    outer loop
      vertex 34.16999999433756 42.36395759135485 1.5
      vertex 33.91799999773502 42.18256772309542 1.5
      vertex 34.100000001490116 42.18256772309542 1.5
    endloop
  endfacet
  facet normal 0 0 1
    outer loop
      vertex 33.73600000143051 43.07302708923817 1.5
      vertex 33.91799999773502 42.18256772309542 1.5
      vertex 34.16999999433756 42.36395759135485 1.5
    endloop
  endfacet
  facet normal 0 0 1
    outer loop
      vertex 33.73600000143051 43.07302708923817 1.5
      vertex 34.16999999433756 42.36395759135485 1.5
      vertex 34.28200000524521 42.512367494404316 1.5
    endloop
  endfacet
  facet normal 0 0 1
    outer loop
      vertex 33.73600000143051 43.07302708923817 1.5
      vertex 34.715999998152256 42.693757362663746 1.5
      vertex 33.41399999707937 44.029446400702 1.5
    endloop
  endfacet
  facet normal 0 0 1
    outer loop
      vertex 33.41399999707937 44.029446400702 1.5
      vertex 34.86999999731779 42.660777382552624 1.5
      vertex 33.399999998509884 44.07891637086868 1.5
    endloop
  endfacet
  facet normal 0 0 1
    outer loop
      vertex 33.399999998509884 44.17785630375147 1.5
      vertex 33.385999999940395 44.276796236634254 1.5
      vertex 33.385999999940395 44.21083626896143 1.5
    endloop
  endfacet
  facet normal 0 0 1
    outer loop
      vertex 33.399999998509884 44.07891637086868 1.5
      vertex 34.86999999731779 42.660777382552624 1.5
      vertex 33.399999998509884 44.17785630375147 1.5
    endloop
  endfacet
  facet normal 0 0 1
    outer loop
      vertex 33.385999999940395 44.276796236634254 1.5
      vertex 33.399999998509884 44.17785630375147 1.5
      vertex 34.86999999731779 42.660777382552624 1.5
    endloop
  endfacet
  facet normal 0 0 1
    outer loop
      vertex 35.28999999910593 42.26501765847206 1.5
      vertex 36.84400000423193 42.2320376932621 1.5
      vertex 35.135999999940395 42.42991754412651 1.5
    endloop
  endfacet
  facet normal 0 0 1
    outer loop
      vertex 35.457999996840954 42.116607777774334 1.5
      vertex 36.84400000423193 42.2320376932621 1.5
      vertex 35.28999999910593 42.26501765847206 1.5
    endloop
  endfacet
  facet normal 0 0 1
    outer loop
      vertex 35.135999999940395 42.42991754412651 1.5
      vertex 36.84400000423193 42.2320376932621 1.5
      vertex 35.00999999791384 42.57832744717598 1.5
    endloop
  endfacet
  facet normal 0 0 1
    outer loop
      vertex 35.62600000202656 42.00117785483599 1.5
      vertex 36.84400000423193 42.2320376932621 1.5
      vertex 35.457999996840954 42.116607777774334 1.5
    endloop
  endfacet
  facet normal 0 0 1
    outer loop
      vertex 35.82199999690056 41.91872791945934 1.5
      vertex 36.84400000423193 42.2320376932621 1.5
      vertex 35.62600000202656 42.00117785483599 1.5
    endloop
  endfacet
  facet normal 0 0 1
    outer loop
      vertex 36.01799999922514 41.86925795674324 1.5
      vertex 36.84400000423193 42.2320376932621 1.5
      vertex 35.82199999690056 41.91872791945934 1.5
    endloop
  endfacet
  facet normal 0 0 1
    outer loop
      vertex 36.22800000756979 41.8527679592371 1.5
      vertex 36.84400000423193 42.2320376932621 1.5
      vertex 36.01799999922514 41.86925795674324 1.5
    endloop
  endfacet
  facet normal 0 0 1
    outer loop
      vertex 36.42399999499321 41.86925795674324 1.5
      vertex 36.84400000423193 42.2320376932621 1.5
      vertex 36.22800000756979 41.8527679592371 1.5
    endloop
  endfacet
  facet normal 0 0 1
    outer loop
      vertex 36.63400000333786 41.91872791945934 1.5
      vertex 36.84400000423193 42.2320376932621 1.5
      vertex 36.42399999499321 41.86925795674324 1.5
    endloop
  endfacet
  facet normal 0 0 1
    outer loop
      vertex 37.031627014279366 42.06628944724798 1.5
      vertex 36.84400000423193 42.2320376932621 1.5
      vertex 36.63400000333786 41.91872791945934 1.5
    endloop
  endfacet
  facet normal 0 0 1
    outer loop
      vertex 33.73600000143051 43.07302708923817 1.5
      vertex 34.28200000524521 42.512367494404316 1.5
      vertex 34.407999999821186 42.61130741238594 1.5
    endloop
  endfacet
  facet normal 0 0 1
    outer loop
      vertex 34.56199999898672 42.677267365157604 1.5
      vertex 33.73600000143051 43.07302708923817 1.5
      vertex 34.407999999821186 42.61130741238594 1.5
    endloop
  endfacet
  facet normal 0 0 1
    outer loop
      vertex 34.715999998152256 42.693757362663746 1.5
      vertex 33.73600000143051 43.07302708923817 1.5
      vertex 34.56199999898672 42.677267365157604 1.5
    endloop
  endfacet
  facet normal 0 0 1
    outer loop
      vertex 34.86999999731779 42.660777382552624 1.5
      vertex 33.41399999707937 44.029446400702 1.5
      vertex 34.715999998152256 42.693757362663746 1.5
    endloop
  endfacet
  facet normal 0 0 1
    outer loop
      vertex 35.00999999791384 42.57832744717598 1.5
      vertex 34.28200000524521 45.909305058419704 1.5
      vertex 34.86999999731779 42.660777382552624 1.5
    endloop
  endfacet
  facet normal 0 0 1
    outer loop
      vertex 33.385999999940395 44.276796236634254 1.5
      vertex 34.86999999731779 42.660777382552624 1.5
      vertex 34.28200000524521 45.909305058419704 1.5
    endloop
  endfacet
  facet normal 0 0 1
    outer loop
      vertex 35.00999999791384 42.57832744717598 1.5
      vertex 36.84400000423193 42.2320376932621 1.5
      vertex 34.28200000524521 45.909305058419704 1.5
    endloop
  endfacet
  facet normal 0 0 1
    outer loop
      vertex 37.41855961084366 42.209882229566574 1.5
      vertex 34.45000000298023 46.255594812333584 1.5
      vertex 36.84400000423193 42.2320376932621 1.5
    endloop
  endfacet
  facet normal 0 0 1
    outer loop
      vertex 37.65599999576807 42.297997646033764 1.5
      vertex 34.45000000298023 46.255594812333584 1.5
      vertex 37.41855961084366 42.209882229566574 1.5
    endloop
  endfacet
  facet normal 0 0 1
    outer loop
      vertex 34.28200000524521 45.909305058419704 1.5
      vertex 36.84400000423193 42.2320376932621 1.5
      vertex 34.36599999666214 46.090694926679134 1.5
    endloop
  endfacet
  facet normal 0 0 1
    outer loop
      vertex 34.36599999666214 46.090694926679134 1.5
      vertex 36.84400000423193 42.2320376932621 1.5
      vertex 34.45000000298023 46.255594812333584 1.5
    endloop
  endfacet
  facet normal 0 0 1
    outer loop
      vertex 34.45000000298023 46.255594812333584 1.5
      vertex 37.936000004410744 42.38044758141041 1.5
      vertex 34.617999993264675 46.618374548852444 1.5
    endloop
  endfacet
  facet normal 0 0 1
    outer loop
      vertex 34.617999993264675 46.618374548852444 1.5
      vertex 38.230000004172325 42.41342756152153 1.5
      vertex 34.7580000013113 46.981154300272465 1.5
    endloop
  endfacet
  facet normal 0 0 1
    outer loop
      vertex 37.936000004410744 42.38044758141041 1.5
      vertex 34.45000000298023 46.255594812333584 1.5
      vertex 37.65599999576807 42.297997646033764 1.5
    endloop
  endfacet
  facet normal 0 0 1
    outer loop
      vertex 38.230000004172325 42.41342756152153 1.5
      vertex 34.617999993264675 46.618374548852444 1.5
      vertex 37.936000004410744 42.38044758141041 1.5
    endloop
  endfacet
  facet normal 0 0 1
    outer loop
      vertex 38.50999999791384 42.41342756152153 1.5
      vertex 34.7580000013113 46.981154300272465 1.5
      vertex 38.230000004172325 42.41342756152153 1.5
    endloop
  endfacet
  facet normal 0 1 0
    outer loop
      vertex 1.3999999985098839 62 0
      vertex 1.3999999985098839 62 1.5
      vertex 76.60000000149012 62 1.5
    endloop
  endfacet
  facet normal 0 0 1
    outer loop
      vertex 1.3999999985098839 62 1.5
      vertex 28.51399999856949 46.272084794938564 1.5
      vertex 28.597999997437 47.22850412130356 1.5
    endloop
  endfacet
  facet normal 0 0 1
    outer loop
      vertex 1.3999999985098839 62 1.5
      vertex 28.597999997437 47.22850412130356 1.5
      vertex 28.626000002026558 47.65724381059408 1.5
    endloop
  endfacet
  facet normal 0 0 1
    outer loop
      vertex 1.3999999985098839 62 1.5
      vertex 28.626000002026558 47.65724381059408 1.5
      vertex 28.653999999165535 47.97055358439684 1.5
    endloop
  endfacet
  facet normal 0 0 1
    outer loop
      vertex 1.3999999985098839 62 1.5
      vertex 28.653999999165535 47.97055358439684 1.5
      vertex 28.667999997735023 48.11896348744631 1.5
    endloop
  endfacet
  facet normal 0 0 1
    outer loop
      vertex 1.3999999985098839 62 1.5
      vertex 28.667999997735023 48.11896348744631 1.5
      vertex 28.934000000357628 49.98233214765787 1.5
    endloop
  endfacet
  facet normal 0 0 1
    outer loop
      vertex 1.3999999985098839 62 1.5
      vertex 28.934000000357628 49.98233214765787 1.5
      vertex 28.961999997496605 50.19670199602842 1.5
    endloop
  endfacet
  facet normal 0 0 1
    outer loop
      vertex 1.3999999985098839 62 1.5
      vertex 28.961999997496605 50.19670199602842 1.5
      vertex 29.01799999922514 50.427561834454536 1.5
    endloop
  endfacet
  facet normal 0 0 1
    outer loop
      vertex 1.3999999985098839 62 1.5
      vertex 29.01799999922514 50.427561834454536 1.5
      vertex 29.087999999523163 50.64193168282509 1.5
    endloop
  endfacet
  facet normal 0 0 1
    outer loop
      vertex 1.3999999985098839 62 1.5
      vertex 29.087999999523163 50.64193168282509 1.5
      vertex 29.157999999821186 50.83981154114008 1.5
    endloop
  endfacet
  facet normal 0 0 1
    outer loop
      vertex 1.3999999985098839 62 1.5
      vertex 29.157999999821186 50.83981154114008 1.5
      vertex 29.241999998688698 51.05418138951063 1.5
    endloop
  endfacet
  facet normal 0 0 1
    outer loop
      vertex 1.3999999985098839 62 1.5
      vertex 29.241999998688698 51.05418138951063 1.5
      vertex 29.34000000357628 51.23557125777006 1.5
    endloop
  endfacet
  facet normal 0 0 1
    outer loop
      vertex 1.3999999985098839 62 1.5
      vertex 29.34000000357628 51.23557125777006 1.5
      vertex 29.451999999582767 51.43345111608505 1.5
    endloop
  endfacet
  facet normal 0 0 1
    outer loop
      vertex 1.3999999985098839 62 1.5
      vertex 29.451999999582767 51.43345111608505 1.5
      vertex 29.578000001609325 51.61484098434448 1.5
    endloop
  endfacet
  facet normal 0 0 1
    outer loop
      vertex 1.3999999985098839 62 1.5
      vertex 29.578000001609325 51.61484098434448 1.5
      vertex 30.207999996840954 52.48881036043167 1.5
    endloop
  endfacet
  facet normal 0 0 1
    outer loop
      vertex 1.3999999985098839 62 1.5
      vertex 30.207999996840954 52.48881036043167 1.5
      vertex 30.403999999165535 52.703180216252804 1.5
    endloop
  endfacet
  facet normal 0 0 1
    outer loop
      vertex 1.3999999985098839 62 1.5
      vertex 30.403999999165535 52.703180216252804 1.5
      vertex 30.614000000059605 52.85159009695053 1.5
    endloop
  endfacet
  facet normal 0 0 1
    outer loop
      vertex 1.3999999985098839 62 1.5
      vertex 30.614000000059605 52.85159009695053 1.5
      vertex 30.837999999523163 52.934040047228336 1.5
    endloop
  endfacet
  facet normal 0 0 1
    outer loop
      vertex 1.3999999985098839 62 1.5
      vertex 30.837999999523163 52.934040047228336 1.5
      vertex 31.07600000500679 52.96702001988888 1.5
    endloop
  endfacet
  facet normal 0 0 1
    outer loop
      vertex 1.3999999985098839 62 1.5
      vertex 31.07600000500679 52.96702001988888 1.5
      vertex 31.313999995589256 52.917550049722195 1.5
    endloop
  endfacet
  facet normal 0 0 1
    outer loop
      vertex 1.3999999985098839 62 1.5
      vertex 31.313999995589256 52.917550049722195 1.5
      vertex 33.34400000423193 52.32391047477722 1.5
    endloop
  endfacet
  facet normal 0 0 1
    outer loop
      vertex 1.3999999985098839 62 1.5
      vertex 33.34400000423193 52.32391047477722 1.5
      vertex 33.399999998509884 52.373380444943905 1.5
    endloop
  endfacet
  facet normal 0 0 1
    outer loop
      vertex 1.3999999985098839 62 1.5
      vertex 33.399999998509884 52.373380444943905 1.5
      vertex 33.46999999880791 52.40636042505503 1.5
    endloop
  endfacet
  facet normal 0 0 1
    outer loop
      vertex 1.3999999985098839 62 1.5
      vertex 33.46999999880791 52.40636042505503 1.5
      vertex 33.52600000798702 52.43934039771557 1.5
    endloop
  endfacet
  facet normal 0 0 1
    outer loop
      vertex 1.3999999985098839 62 1.5
      vertex 33.52600000798702 52.43934039771557 1.5
      vertex 33.596000000834465 52.48881036043167 1.5
    endloop
  endfacet
  facet normal 0 0 1
    outer loop
      vertex 1.3999999985098839 62 1.5
      vertex 33.596000000834465 52.48881036043167 1.5
      vertex 33.66599999368191 52.52179034054279 1.5
    endloop
  endfacet
  facet normal 0 0 1
    outer loop
      vertex 1.3999999985098839 62 1.5
      vertex 33.66599999368191 52.52179034054279 1.5
      vertex 34.505999997258186 52.95053002983332 1.5
    endloop
  endfacet
  facet normal 0 0 1
    outer loop
      vertex 1.3999999985098839 62 1.5
      vertex 34.505999997258186 52.95053002983332 1.5
      vertex 34.64599999785423 52.98351000249386 1.5
    endloop
  endfacet
  facet normal 0 0 1
    outer loop
      vertex 1.3999999985098839 62 1.5
      vertex 34.64599999785423 52.98351000249386 1.5
      vertex 34.77199999243021 53 1.5
    endloop
  endfacet
  facet normal 0 0 1
    outer loop
      vertex 1.3999999985098839 62 1.5
      vertex 34.77199999243021 53 1.5
      vertex 34.89800000190735 52.96702001988888 1.5
    endloop
  endfacet
  facet normal 0 0 1
    outer loop
      vertex 32.06999999284744 52.27444051206112 1.5
      vertex 33.14800000190735 52.191990576684475 1.5
      vertex 31.943999998271465 52.43934039771557 1.5
    endloop
  endfacet
  facet normal 0 0 1
    outer loop
      vertex 32.350000001490116 52.07656065374613 1.5
      vertex 33.14800000190735 52.191990576684475 1.5
      vertex 32.19600000232458 52.15901058912277 1.5
    endloop
  endfacet
  facet normal 0 0 1
    outer loop
      vertex 32.19600000232458 52.15901058912277 1.5
      vertex 33.14800000190735 52.191990576684475 1.5
      vertex 32.06999999284744 52.27444051206112 1.5
    endloop
  endfacet
  facet normal 0 0 1
    outer loop
      vertex 32.50400000065565 52.010600700974464 1.5
      vertex 32.671999998390675 51.994110718369484 1.5
      vertex 32.84000000357628 52.027090691030025 1.5
    endloop
  endfacet
  facet normal 0 0 1
    outer loop
      vertex 32.50400000065565 52.010600700974464 1.5
      vertex 32.994000002741814 52.07656065374613 1.5
      vertex 32.350000001490116 52.07656065374613 1.5
    endloop
  endfacet
  facet normal 0 0 1
    outer loop
      vertex 32.50400000065565 52.010600700974464 1.5
      vertex 32.84000000357628 52.027090691030025 1.5
      vertex 32.994000002741814 52.07656065374613 1.5
    endloop
  endfacet
  facet normal 0 0 1
    outer loop
      vertex 32.350000001490116 52.07656065374613 1.5
      vertex 32.994000002741814 52.07656065374613 1.5
      vertex 33.14800000190735 52.175500586628914 1.5
    endloop
  endfacet
  facet normal 0 0 1
    outer loop
      vertex 32.350000001490116 52.07656065374613 1.5
      vertex 33.14800000190735 52.175500586628914 1.5
      vertex 33.14800000190735 52.191990576684475 1.5
    endloop
  endfacet
  facet normal 0 0 1
    outer loop
      vertex 33.21799999475479 52.24146053940058 1.5
      vertex 31.943999998271465 52.43934039771557 1.5
      vertex 33.14800000190735 52.191990576684475 1.5
    endloop
  endfacet
  facet normal 0 0 1
    outer loop
      vertex 32.06999999284744 52.27444051206112 1.5
      vertex 31.943999998271465 52.43934039771557 1.5
      vertex 31.943999998271465 52.42285040766001 1.5
    endloop
  endfacet
  facet normal 0 0 1
    outer loop
      vertex 31.552000001072884 52.83510011434555 1.5
      vertex 33.34400000423193 52.32391047477722 1.5
      vertex 31.313999995589256 52.917550049722195 1.5
    endloop
  endfacet
  facet normal 0 0 1
    outer loop
      vertex 31.748000003397465 52.6702002286911 1.5
      vertex 33.34400000423193 52.32391047477722 1.5
      vertex 31.552000001072884 52.83510011434555 1.5
    endloop
  endfacet
  facet normal 0 0 1
    outer loop
      vertex 31.943999998271465 52.43934039771557 1.5
      vertex 33.34400000423193 52.32391047477722 1.5
      vertex 31.748000003397465 52.6702002286911 1.5
    endloop
  endfacet
  facet normal 0 0 1
    outer loop
      vertex 31.943999998271465 52.43934039771557 1.5
      vertex 33.21799999475479 52.24146053940058 1.5
      vertex 33.273999996483326 52.27444051206112 1.5
    endloop
  endfacet
  facet normal 0 0 1
    outer loop
      vertex 31.943999998271465 52.43934039771557 1.5
      vertex 33.273999996483326 52.27444051206112 1.5
      vertex 33.34400000423193 52.32391047477722 1.5
    endloop
  endfacet
  facet normal 0 0 1
    outer loop
      vertex 1.3999999985098839 62 1.5
      vertex 34.89800000190735 52.96702001988888 1.5
      vertex 76.60000000149012 62 1.5
    endloop
  endfacet
  facet normal 0.09801713107425283 -0.9951847275837651 0
    outer loop
      vertex 76.60000000149012 0 0
      vertex 76.87312644720078 0.026900604367256165 0
      vertex 76.60000000149012 0 1.5
    endloop
  endfacet
  facet normal 0.2902846915285437 -0.9569403314022136 0
    outer loop
      vertex 76.87312644720078 0.026900604367256165 0
      vertex 77.13575680553913 0.10656865686178207 0
      vertex 76.87312644720078 0.026900604367256165 1.5
    endloop
  endfacet
  facet normal 0.47139672966959456 -0.8819212681735322 0
    outer loop
      vertex 77.13575680553913 0.10656865686178207 0
      vertex 77.3777983263135 0.235942542552948 0
      vertex 77.13575680553913 0.10656865686178207 1.5
    endloop
  endfacet
  facet normal 0.6343932751742409 -0.7730104607401506 0
    outer loop
      vertex 77.3777983263135 0.235942542552948 0
      vertex 77.58994949609041 0.41005050390958786 0
      vertex 77.3777983263135 0.235942542552948 1.5
    endloop
  endfacet
  facet normal 0.7730104607401506 -0.6343932751742409 0
    outer loop
      vertex 77.58994949609041 0.41005050390958786 0
      vertex 77.76405745744705 0.6222016736865044 0
      vertex 77.58994949609041 0.41005050390958786 1.5
    endloop
  endfacet
  facet normal 0.8819212681735322 -0.47139672966959456 0
    outer loop
      vertex 77.76405745744705 0.6222016736865044 0
      vertex 77.89343134313822 0.8642431944608688 0
      vertex 77.76405745744705 0.6222016736865044 1.5
    endloop
  endfacet
  facet normal 0.9569403314022136 -0.2902846915285437 0
    outer loop
      vertex 77.89343134313822 0.8642431944608688 0
      vertex 77.97309939563274 1.1268735527992249 0
      vertex 77.89343134313822 0.8642431944608688 1.5
    endloop
  endfacet
  facet normal 0.9951847275837651 -0.09801713107425283 0
    outer loop
      vertex 77.97309939563274 1.1268735527992249 0
      vertex 78 1.3999999985098839 0
      vertex 77.97309939563274 1.1268735527992249 1.5
    endloop
  endfacet
  facet normal 0 0 -1
    outer loop
      vertex 76.60000000149012 0 0
      vertex 76.60000000149012 62 0
      vertex 76.87312644720078 0.026900604367256165 0
    endloop
  endfacet
  facet normal 0 0 -1
    outer loop
      vertex 76.87312644720078 0.026900604367256165 0
      vertex 76.87312644720078 61.973099395632744 0
      vertex 77.13575680553913 0.10656865686178207 0
    endloop
  endfacet
  facet normal 0 0 -1
    outer loop
      vertex 77.13575680553913 0.10656865686178207 0
      vertex 77.13575680553913 61.89343134313822 0
      vertex 77.3777983263135 0.235942542552948 0
    endloop
  endfacet
  facet normal 0 0 -1
    outer loop
      vertex 77.3777983263135 0.235942542552948 0
      vertex 77.3777983263135 61.76405745744705 0
      vertex 77.58994949609041 0.41005050390958786 0
    endloop
  endfacet
  facet normal 0 0 -1
    outer loop
      vertex 77.58994949609041 0.41005050390958786 0
      vertex 77.58994949609041 61.58994949609041 0
      vertex 77.76405745744705 0.6222016736865044 0
    endloop
  endfacet
  facet normal 0 0 -1
    outer loop
      vertex 77.76405745744705 0.6222016736865044 0
      vertex 77.76405745744705 61.377798326313496 0
      vertex 77.89343134313822 0.8642431944608688 0
    endloop
  endfacet
  facet normal 0 0 -1
    outer loop
      vertex 77.89343134313822 0.8642431944608688 0
      vertex 77.89343134313822 61.13575680553913 0
      vertex 77.97309939563274 1.1268735527992249 0
    endloop
  endfacet
  facet normal 0 0 -1
    outer loop
      vertex 77.97309939563274 1.1268735527992249 0
      vertex 77.97309939563274 60.873126447200775 0
      vertex 78 1.3999999985098839 0
    endloop
  endfacet
  facet normal 1 0 0
    outer loop
      vertex 78 1.3999999985098839 0
      vertex 78 60.600000001490116 0
      vertex 78 1.3999999985098839 1.5
    endloop
  endfacet
  facet normal 0 -1 0
    outer loop
      vertex 1.3999999985098839 0 1.5
      vertex 76.60000000149012 0 0
      vertex 76.60000000149012 0 1.5
    endloop
  endfacet
  facet normal 0 0 1
    outer loop
      vertex 1.3999999985098839 0 1.5
      vertex 76.60000000149012 0 1.5
      vertex 47.6568943336606 12.296672001481056 1.5
    endloop
  endfacet
  facet normal 0 0 1
    outer loop
      vertex 41.026602894067764 14.33077234774828 1.5
      vertex 39.92056233435869 12.296672001481056 1.5
      vertex 41.18622609227896 13.83815461397171 1.5
    endloop
  endfacet
  facet normal 0 0 1
    outer loop
      vertex 41.40969857573509 13.398827388882637 1.5
      vertex 39.92056233435869 12.296672001481056 1.5
      vertex 41.69702033698559 13.01279066503048 1.5
    endloop
  endfacet
  facet normal 0 0 1
    outer loop
      vertex 41.69702033698559 13.01279066503048 1.5
      vertex 39.92056233435869 12.296672001481056 1.5
      vertex 42.04012097418308 12.690921388566494 1.5
    endloop
  endfacet
  facet normal 0 0 1
    outer loop
      vertex 41.18622609227896 13.83815461397171 1.5
      vertex 39.92056233435869 12.296672001481056 1.5
      vertex 41.40969857573509 13.398827388882637 1.5
    endloop
  endfacet
  facet normal 0 0 1
    outer loop
      vertex 40.93082897365093 14.876680590212345 1.5
      vertex 39.92056233435869 12.296672001481056 1.5
      vertex 41.026602894067764 14.33077234774828 1.5
    endloop
  endfacet
  facet normal 0 0 1
    outer loop
      vertex 40.89890433102846 15.475879333913326 1.5
      vertex 39.92056233435869 12.296672001481056 1.5
      vertex 40.93082897365093 14.876680590212345 1.5
    endloop
  endfacet
  facet normal 0 0 1
    outer loop
      vertex 42.430930092930794 12.440578609704971 1.5
      vertex 39.92056233435869 12.296672001481056 1.5
      vertex 42.86944769322872 12.261762343347073 1.5
    endloop
  endfacet
  facet normal 0 0 1
    outer loop
      vertex 42.04012097418308 12.690921388566494 1.5
      vertex 39.92056233435869 12.296672001481056 1.5
      vertex 42.430930092930794 12.440578609704971 1.5
    endloop
  endfacet
  facet normal 0 0 1
    outer loop
      vertex 42.729682333767414 13.826685331761837 1.5
      vertex 45.29727233201265 16.603989332914352 1.5
      vertex 42.56788633018732 14.064842320978642 1.5
    endloop
  endfacet
  facet normal 0 0 1
    outer loop
      vertex 42.56788633018732 14.064842320978642 1.5
      vertex 45.29727233201265 16.603989332914352 1.5
      vertex 42.442045003175735 14.346615679562092 1.5
    endloop
  endfacet
  facet normal 0 0 1
    outer loop
      vertex 42.91921774297953 13.631971411406994 1.5
      vertex 45.29727233201265 16.603989332914352 1.5
      vertex 42.729682333767414 13.826685331761837 1.5
    endloop
  endfacet
  facet normal 0 0 1
    outer loop
      vertex 43.12822558730841 13.480527251958847 1.5
      vertex 45.29727233201265 16.603989332914352 1.5
      vertex 42.91921774297953 13.631971411406994 1.5
    endloop
  endfacet
  facet normal 0 0 1
    outer loop
      vertex 42.442045003175735 14.346615679562092 1.5
      vertex 45.29727233201265 16.603989332914352 1.5
      vertex 42.35215833038092 14.672005414962769 1.5
    endloop
  endfacet
  facet normal 0 0 1
    outer loop
      vertex 42.35215833038092 14.672005414962769 1.5
      vertex 45.29727233201265 16.603989332914352 1.5
      vertex 42.298226334154606 15.041011519730091 1.5
    endloop
  endfacet
  facet normal 0 0 1
    outer loop
      vertex 44.72666401416063 12.224710933864117 1.5
      vertex 47.6568943336606 12.296672001481056 1.5
      vertex 45.096777215600014 12.35721293091774 1.5
    endloop
  endfacet
  facet normal 0 0 1
    outer loop
      vertex 45.096777215600014 12.35721293091774 1.5
      vertex 47.6568943336606 12.296672001481056 1.5
      vertex 45.43461398780346 12.542715735733509 1.5
    endloop
  endfacet
  facet normal 0 0 1
    outer loop
      vertex 45.43461398780346 12.542715735733509 1.5
      vertex 47.6568943336606 12.296672001481056 1.5
      vertex 45.74017433077097 12.781219333410263 1.5
    endloop
  endfacet
  facet normal 0 0 1
    outer loop
      vertex 43.356705851852894 13.372352853417397 1.5
      vertex 45.29727233201265 16.603989332914352 1.5
      vertex 43.12822558730841 13.480527251958847 1.5
    endloop
  endfacet
  facet normal 0 0 1
    outer loop
      vertex 43.60465854406357 13.307448215782642 1.5
      vertex 45.29727233201265 16.603989332914352 1.5
      vertex 43.356705851852894 13.372352853417397 1.5
    endloop
  endfacet
  facet normal 0 0 1
    outer loop
      vertex 43.87208366394043 13.285813331604004 1.5
      vertex 45.29727233201265 16.603989332914352 1.5
      vertex 43.60465854406357 13.307448215782642 1.5
    endloop
  endfacet
  facet normal 0 0 1
    outer loop
      vertex 44.14272401481867 13.30440629273653 1.5
      vertex 45.29727233201265 16.603989332914352 1.5
      vertex 43.87208366394043 13.285813331604004 1.5
    endloop
  endfacet
  facet normal 0 0 1
    outer loop
      vertex 44.38635438680649 13.36018517613411 1.5
      vertex 45.29727233201265 16.603989332914352 1.5
      vertex 44.14272401481867 13.30440629273653 1.5
    endloop
  endfacet
  facet normal 0 0 1
    outer loop
      vertex 44.60297478735447 13.453149974346161 1.5
      vertex 45.29727233201265 16.603989332914352 1.5
      vertex 44.38635438680649 13.36018517613411 1.5
    endloop
  endfacet
  facet normal 0 0 1
    outer loop
      vertex 44.79258521646261 13.583300694823265 1.5
      vertex 45.29727233201265 16.603989332914352 1.5
      vertex 44.60297478735447 13.453149974346161 1.5
    endloop
  endfacet
  facet normal 0 0 1
    outer loop
      vertex 44.955185666680336 13.750637330114841 1.5
      vertex 45.29727233201265 16.603989332914352 1.5
      vertex 44.79258521646261 13.583300694823265 1.5
    endloop
  endfacet
  facet normal 0 0 1
    outer loop
      vertex 45.03483948111534 13.86061204969883 1.5
      vertex 45.29727233201265 16.603989332914352 1.5
      vertex 44.955185666680336 13.750637330114841 1.5
    endloop
  endfacet
  facet normal 0 0 1
    outer loop
      vertex 45.108875051140785 13.990586876869202 1.5
      vertex 45.29727233201265 16.603989332914352 1.5
      vertex 45.03483948111534 13.86061204969883 1.5
    endloop
  endfacet
  facet normal 0 0 1
    outer loop
      vertex 45.17729238420725 14.140561811625957 1.5
      vertex 45.29727233201265 16.603989332914352 1.5
      vertex 45.108875051140785 13.990586876869202 1.5
    endloop
  endfacet
  facet normal 0 0 1
    outer loop
      vertex 45.24009148031473 14.310536853969097 1.5
      vertex 45.29727233201265 16.603989332914352 1.5
      vertex 45.17729238420725 14.140561811625957 1.5
    endloop
  endfacet
  facet normal 0 0 1
    outer loop
      vertex 45.29727233201265 14.50051199644804 1.5
      vertex 45.29727233201265 16.603989332914352 1.5
      vertex 45.24009148031473 14.310536853969097 1.5
    endloop
  endfacet
  facet normal 0 0 1
    outer loop
      vertex 46.63477300107479 14.50051199644804 1.5
      vertex 45.29727233201265 16.603989332914352 1.5
      vertex 45.29727233201265 14.50051199644804 1.5
    endloop
  endfacet
  facet normal 0 0 1
    outer loop
      vertex 45.74017433077097 12.781219333410263 1.5
      vertex 47.6568943336606 12.296672001481056 1.5
      vertex 46.006088837981224 13.061973549425602 1.5
    endloop
  endfacet
  facet normal 0 0 1
    outer loop
      vertex 46.006088837981224 13.061973549425602 1.5
      vertex 47.6568943336606 12.296672001481056 1.5
      vertex 46.228505961596966 13.374279916286469 1.5
    endloop
  endfacet
  facet normal 0 0 1
    outer loop
      vertex 46.228505961596966 13.374279916286469 1.5
      vertex 47.6568943336606 12.296672001481056 1.5
      vertex 46.407425694167614 13.718138456344604 1.5
    endloop
  endfacet
  facet normal 0 0 1
    outer loop
      vertex 46.407425694167614 13.718138456344604 1.5
      vertex 47.6568943336606 12.296672001481056 1.5
      vertex 46.54284804314375 14.093549147248268 1.5
    endloop
  endfacet
  facet normal 0 0 1
    outer loop
      vertex 46.54284804314375 14.093549147248268 1.5
      vertex 47.6568943336606 12.296672001481056 1.5
      vertex 47.6568943336606 14.716855626711622 1.5
    endloop
  endfacet
  facet normal 0 0 1
    outer loop
      vertex 46.54284804314375 14.093549147248268 1.5
      vertex 47.6568943336606 14.716855626711622 1.5
      vertex 46.63477300107479 14.50051199644804 1.5
    endloop
  endfacet
  facet normal 0 0 1
    outer loop
      vertex 47.6568943336606 14.716855626711622 1.5
      vertex 45.29727233201265 16.603989332914352 1.5
      vertex 46.63477300107479 14.50051199644804 1.5
    endloop
  endfacet
  facet normal 0 0 1
    outer loop
      vertex 51.52027499675751 15.181322664022446 1.5
      vertex 48.99439500272274 12.296672001481056 1.5
      vertex 51.52027499675751 12.296672001481056 1.5
    endloop
  endfacet
  facet normal 0 0 1
    outer loop
      vertex 48.99439500272274 12.296672001481056 1.5
      vertex 51.52027499675751 15.181322664022446 1.5
      vertex 48.99439500272274 15.181322664022446 1.5
    endloop
  endfacet
  facet normal 0 0 1
    outer loop
      vertex 76.60000000149012 0 1.5
      vertex 48.99439500272274 12.296672001481056 1.5
      vertex 47.6568943336606 12.296672001481056 1.5
    endloop
  endfacet
  facet normal 0 0 1
    outer loop
      vertex 54.19126699864864 18.761269330978394 1.5
      vertex 52.86217299848795 12.296672001481056 1.5
      vertex 54.19126699864864 12.296672001481056 1.5
    endloop
  endfacet
  facet normal 0 0 1
    outer loop
      vertex 55.511243000626564 13.459637336432934 1.5
      vertex 59.08957300335169 13.459637336432934 1.5
      vertex 55.511243000626564 15.119242668151855 1.5
    endloop
  endfacet
  facet normal 0 0 1
    outer loop
      vertex 55.511243000626564 15.119242668151855 1.5
      vertex 59.08957300335169 13.459637336432934 1.5
      vertex 60.12048900127411 14.716855626711622 1.5
    endloop
  endfacet
  facet normal 0 0 1
    outer loop
      vertex 55.511243000626564 15.119242668151855 1.5
      vertex 60.12048900127411 14.716855626711622 1.5
      vertex 58.651003666222095 15.119242668151855 1.5
    endloop
  endfacet
  facet normal 0 0 1
    outer loop
      vertex 39.92056233435869 18.761269330978394 1.5
      vertex 39.92056233435869 12.296672001481056 1.5
      vertex 40.89890433102846 15.475879333913326 1.5
    endloop
  endfacet
  facet normal 0 0 1
    outer loop
      vertex 39.92056233435869 18.761269330978394 1.5
      vertex 40.89890433102846 15.475879333913326 1.5
      vertex 40.93521337211132 16.121547549962997 1.5
    endloop
  endfacet
  facet normal 0 0 1
    outer loop
      vertex 39.92056233435869 18.761269330978394 1.5
      vertex 40.93521337211132 16.121547549962997 1.5
      vertex 41.0441404953599 16.705156452953815 1.5
    endloop
  endfacet
  facet normal 0 0 1
    outer loop
      vertex 39.92056233435869 18.761269330978394 1.5
      vertex 41.0441404953599 16.705156452953815 1.5
      vertex 41.22568569332361 17.22670605033636 1.5
    endloop
  endfacet
  facet normal 0 0 1
    outer loop
      vertex 41.479848973453045 17.686196349561214 1.5
      vertex 39.92056233435869 18.761269330978394 1.5
      vertex 41.22568569332361 17.22670605033636 1.5
    endloop
  endfacet
  facet normal 0 0 1
    outer loop
      vertex 41.806630335748196 18.083627335727215 1.5
      vertex 39.92056233435869 18.761269330978394 1.5
      vertex 41.479848973453045 17.686196349561214 1.5
    endloop
  endfacet
  facet normal 0 0 1
    outer loop
      vertex 42.13954985141754 18.370786130428314 1.5
      vertex 39.92056233435869 18.761269330978394 1.5
      vertex 41.806630335748196 18.083627335727215 1.5
    endloop
  endfacet
  facet normal 0 0 1
    outer loop
      vertex 42.298226334154606 15.041011519730091 1.5
      vertex 45.29727233201265 16.603989332914352 1.5
      vertex 42.28024899959564 15.45363400131464 1.5
    endloop
  endfacet
  facet normal 0 0 1
    outer loop
      vertex 42.28024899959564 15.45363400131464 1.5
      vertex 45.29727233201265 16.603989332914352 1.5
      vertex 42.297261506319046 15.868380136787891 1.5
    endloop
  endfacet
  facet normal 0 0 1
    outer loop
      vertex 42.297261506319046 15.868380136787891 1.5
      vertex 45.29727233201265 16.603989332914352 1.5
      vertex 42.34829902648926 16.243705466389656 1.5
    endloop
  endfacet
  facet normal 0 0 1
    outer loop
      vertex 42.34829902648926 16.243705466389656 1.5
      vertex 43.867686331272125 17.726602666079998 1.5
      vertex 42.43336156010628 16.579609997570515 1.5
    endloop
  endfacet
  facet normal 0 0 1
    outer loop
      vertex 42.43336156010628 16.579609997570515 1.5
      vertex 43.32810766994953 17.631651304662228 1.5
      vertex 42.552449107170105 16.876093730330467 1.5
    endloop
  endfacet
  facet normal 0 0 1
    outer loop
      vertex 42.552449107170105 16.876093730330467 1.5
      vertex 43.32810766994953 17.631651304662228 1.5
      vertex 42.70556166768074 17.133156664669514 1.5
    endloop
  endfacet
  facet normal 0 0 1
    outer loop
      vertex 42.70556166768074 17.133156664669514 1.5
      vertex 43.32810766994953 17.631651304662228 1.5
      vertex 42.88816740363836 17.346797227859497 1.5
    endloop
  endfacet
  facet normal 0 0 1
    outer loop
      vertex 42.43336156010628 16.579609997570515 1.5
      vertex 43.58544220030308 17.702864825725555 1.5
      vertex 43.32810766994953 17.631651304662228 1.5
    endloop
  endfacet
  facet normal 0 0 1
    outer loop
      vertex 42.43336156010628 16.579609997570515 1.5
      vertex 43.867686331272125 17.726602666079998 1.5
      vertex 43.58544220030308 17.702864825725555 1.5
    endloop
  endfacet
  facet normal 0 0 1
    outer loop
      vertex 42.34829902648926 16.243705466389656 1.5
      vertex 44.1428999081254 17.70976346731186 1.5
      vertex 43.867686331272125 17.726602666079998 1.5
    endloop
  endfacet
  facet normal 0 0 1
    outer loop
      vertex 42.34829902648926 16.243705466389656 1.5
      vertex 44.6080756932497 17.575049869716167 1.5
      vertex 44.3896963596344 17.659245863556862 1.5
    endloop
  endfacet
  facet normal 0 0 1
    outer loop
      vertex 42.34829902648926 16.243705466389656 1.5
      vertex 44.3896963596344 17.659245863556862 1.5
      vertex 44.1428999081254 17.70976346731186 1.5
    endloop
  endfacet
  facet normal 0 0 1
    outer loop
      vertex 42.506851345300674 18.594131864607334 1.5
      vertex 39.92056233435869 18.761269330978394 1.5
      vertex 42.13954985141754 18.370786130428314 1.5
    endloop
  endfacet
  facet normal 0 0 1
    outer loop
      vertex 42.908534809947014 18.753664530813694 1.5
      vertex 39.92056233435869 18.761269330978394 1.5
      vertex 42.506851345300674 18.594131864607334 1.5
    endloop
  endfacet
  facet normal 0 0 1
    outer loop
      vertex 42.88816740363836 17.346797227859497 1.5
      vertex 43.32810766994953 17.631651304662228 1.5
      vertex 43.095682732760906 17.512962110340595 1.5
    endloop
  endfacet
  facet normal 0 0 1
    outer loop
      vertex 39.92056233435869 18.761269330978394 1.5
      vertex 40.063999995589256 25.643109545111656 1.5
      vertex 38.66201967000961 18.761269330978394 1.5
    endloop
  endfacet
  facet normal 0 0 1
    outer loop
      vertex 40.063999995589256 25.643109545111656 1.5
      vertex 39.92056233435869 18.761269330978394 1.5
      vertex 42.149999998509884 25.16489988565445 1.5
    endloop
  endfacet
  facet normal 0 0 1
    outer loop
      vertex 39.92056233435869 18.761269330978394 1.5
      vertex 42.908534809947014 18.753664530813694 1.5
      vertex 42.751999996602535 25.01648999750614 1.5
    endloop
  endfacet
  facet normal 0 0 1
    outer loop
      vertex 43.34460025280714 18.849384136497974 1.5
      vertex 42.751999996602535 25.01648999750614 1.5
      vertex 42.908534809947014 18.753664530813694 1.5
    endloop
  endfacet
  facet normal 0 0 1
    outer loop
      vertex 43.81504766643047 18.881290666759014 1.5
      vertex 42.90599999576807 25 1.5
      vertex 43.34460025280714 18.849384136497974 1.5
    endloop
  endfacet
  facet normal 0 0 1
    outer loop
      vertex 44.432479828596115 18.83843994885683 1.5
      vertex 42.90599999576807 25 1.5
      vertex 43.81504766643047 18.881290666759014 1.5
    endloop
  endfacet
  facet normal 0 0 1
    outer loop
      vertex 42.30399999767542 25.115429915487766 1.5
      vertex 39.92056233435869 18.761269330978394 1.5
      vertex 42.443999998271465 25.065959952771664 1.5
    endloop
  endfacet
  facet normal 0 0 1
    outer loop
      vertex 42.443999998271465 25.065959952771664 1.5
      vertex 39.92056233435869 18.761269330978394 1.5
      vertex 42.597999997437 25.049469970166683 1.5
    endloop
  endfacet
  facet normal 0 0 1
    outer loop
      vertex 42.149999998509884 25.16489988565445 1.5
      vertex 39.92056233435869 18.761269330978394 1.5
      vertex 42.30399999767542 25.115429915487766 1.5
    endloop
  endfacet
  facet normal 0 0 1
    outer loop
      vertex 42.597999997437 25.049469970166683 1.5
      vertex 39.92056233435869 18.761269330978394 1.5
      vertex 42.751999996602535 25.01648999750614 1.5
    endloop
  endfacet
  facet normal 0 0 1
    outer loop
      vertex 43.34460025280714 18.849384136497974 1.5
      vertex 42.90599999576807 25 1.5
      vertex 42.751999996602535 25.01648999750614 1.5
    endloop
  endfacet
  facet normal 0 0 1
    outer loop
      vertex 42.34829902648926 16.243705466389656 1.5
      vertex 45.112537771463394 17.079692855477333 1.5
      vertex 45.039040230214596 17.20177834481001 1.5
    endloop
  endfacet
  facet normal 0 0 1
    outer loop
      vertex 42.34829902648926 16.243705466389656 1.5
      vertex 45.039040230214596 17.20177834481001 1.5
      vertex 44.95958299934864 17.305622667074203 1.5
    endloop
  endfacet
  facet normal 0 0 1
    outer loop
      vertex 42.34829902648926 16.243705466389656 1.5
      vertex 45.29727233201265 16.603989332914352 1.5
      vertex 45.241653829813 16.780798345804214 1.5
    endloop
  endfacet
  facet normal 0 0 1
    outer loop
      vertex 42.34829902648926 16.243705466389656 1.5
      vertex 45.241653829813 16.780798345804214 1.5
      vertex 45.1800756379962 16.939366184175014 1.5
    endloop
  endfacet
  facet normal 0 0 1
    outer loop
      vertex 42.34829902648926 16.243705466389656 1.5
      vertex 45.1800756379962 16.939366184175014 1.5
      vertex 45.112537771463394 17.079692855477333 1.5
    endloop
  endfacet
  facet normal 0 0 1
    outer loop
      vertex 42.34829902648926 16.243705466389656 1.5
      vertex 44.79803790897131 17.457175463438034 1.5
      vertex 44.6080756932497 17.575049869716167 1.5
    endloop
  endfacet
  facet normal 0 0 1
    outer loop
      vertex 42.34829902648926 16.243705466389656 1.5
      vertex 44.95958299934864 17.305622667074203 1.5
      vertex 44.79803790897131 17.457175463438034 1.5
    endloop
  endfacet
  facet normal 0 0 1
    outer loop
      vertex 45.29727233201265 16.603989332914352 1.5
      vertex 47.6568943336606 14.716855626711622 1.5
      vertex 46.647900335490704 16.603989332914352 1.5
    endloop
  endfacet
  facet normal 0 0 1
    outer loop
      vertex 47.6568943336606 14.716855626711622 1.5
      vertex 47.6568943336606 18.761269330978394 1.5
      vertex 46.647900335490704 16.603989332914352 1.5
    endloop
  endfacet
  facet normal 0 0 1
    outer loop
      vertex 46.647900335490704 16.603989332914352 1.5
      vertex 47.6568943336606 18.761269330978394 1.5
      vertex 46.620179027318954 16.8458788767457 1.5
    endloop
  endfacet
  facet normal 0 0 1
    outer loop
      vertex 46.56158843636513 17.087426990270615 1.5
      vertex 47.6568943336606 18.761269330978394 1.5
      vertex 46.4721285700798 17.328633651137352 1.5
    endloop
  endfacet
  facet normal 0 0 1
    outer loop
      vertex 46.4721285700798 17.328633651137352 1.5
      vertex 47.6568943336606 18.761269330978394 1.5
      vertex 46.35179942846298 17.569498881697655 1.5
    endloop
  endfacet
  facet normal 0 0 1
    outer loop
      vertex 46.2006009966135 17.81002266705036 1.5
      vertex 47.6568943336606 18.761269330978394 1.5
      vertex 45.86381182819605 18.195679143071175 1.5
    endloop
  endfacet
  facet normal 0 0 1
    outer loop
      vertex 46.35179942846298 17.569498881697655 1.5
      vertex 47.6568943336606 18.761269330978394 1.5
      vertex 46.2006009966135 17.81002266705036 1.5
    endloop
  endfacet
  facet normal 0 0 1
    outer loop
      vertex 46.620179027318954 16.8458788767457 1.5
      vertex 47.6568943336606 18.761269330978394 1.5
      vertex 46.56158843636513 17.087426990270615 1.5
    endloop
  endfacet
  facet normal 0 0 1
    outer loop
      vertex 45.45686190575361 18.49563418328762 1.5
      vertex 42.90599999576807 25 1.5
      vertex 44.979751236736774 18.7098877876997 1.5
    endloop
  endfacet
  facet normal 0 0 1
    outer loop
      vertex 44.979751236736774 18.7098877876997 1.5
      vertex 42.90599999576807 25 1.5
      vertex 44.432479828596115 18.83843994885683 1.5
    endloop
  endfacet
  facet normal 0 0 1
    outer loop
      vertex 45.86381182819605 18.195679143071175 1.5
      vertex 42.90599999576807 25 1.5
      vertex 45.45686190575361 18.49563418328762 1.5
    endloop
  endfacet
  facet normal 0 0 1
    outer loop
      vertex 42.90599999576807 25 1.5
      vertex 45.86381182819605 18.195679143071175 1.5
      vertex 47.6568943336606 18.761269330978394 1.5
    endloop
  endfacet
  facet normal 0 0 1
    outer loop
      vertex 42.90599999576807 25 1.5
      vertex 47.6568943336606 18.761269330978394 1.5
      vertex 43.21399999409914 25 1.5
    endloop
  endfacet
  facet normal 0 0 1
    outer loop
      vertex 43.21399999409914 25 1.5
      vertex 47.6568943336606 18.761269330978394 1.5
      vertex 43.367999993264675 25.01648999750614 1.5
    endloop
  endfacet
  facet normal 0 0 1
    outer loop
      vertex 43.367999993264675 25.01648999750614 1.5
      vertex 47.6568943336606 18.761269330978394 1.5
      vertex 48.99439500272274 18.761269330978394 1.5
    endloop
  endfacet
  facet normal 0 0 1
    outer loop
      vertex 43.367999993264675 25.01648999750614 1.5
      vertex 48.99439500272274 18.761269330978394 1.5
      vertex 51.52027499675751 18.761269330978394 1.5
    endloop
  endfacet
  facet normal 0 0 1
    outer loop
      vertex 54.19126699864864 18.761269330978394 1.5
      vertex 46.042000003159046 25.280329801142216 1.5
      vertex 43.367999993264675 25.01648999750614 1.5
    endloop
  endfacet
  facet normal 0 0 1
    outer loop
      vertex 40.0080000013113 25.659599527716637 1.5
      vertex 38.66201967000961 18.761269330978394 1.5
      vertex 40.063999995589256 25.643109545111656 1.5
    endloop
  endfacet
  facet normal 0 0 1
    outer loop
      vertex 39.92399999499321 25.69257950782776 1.5
      vertex 38.66201967000961 18.761269330978394 1.5
      vertex 40.0080000013113 25.659599527716637 1.5
    endloop
  endfacet
  facet normal 0 0 1
    outer loop
      vertex 47.11999999731779 25.742049477994442 1.5
      vertex 48.78600000590086 26.005889281630516 1.5
      vertex 48.68800000101328 26.170789167284966 1.5
    endloop
  endfacet
  facet normal 0 0 1
    outer loop
      vertex 47.11999999731779 25.742049477994442 1.5
      vertex 48.68800000101328 26.170789167284966 1.5
      vertex 48.64599999785423 26.352179035544395 1.5
    endloop
  endfacet
  facet normal 0 0 1
    outer loop
      vertex 47.11999999731779 25.742049477994442 1.5
      vertex 48.64599999785423 26.352179035544395 1.5
      vertex 48.68800000101328 26.566548883914948 1.5
    endloop
  endfacet
  facet normal 0 0 1
    outer loop
      vertex 47.11999999731779 25.742049477994442 1.5
      vertex 48.68800000101328 26.566548883914948 1.5
      vertex 48.79329117387533 26.78358017653227 1.5
    endloop
  endfacet
  facet normal 0 0 1
    outer loop
      vertex 48.99439500272274 16.294624000787735 1.5
      vertex 51.52027499675751 16.294624000787735 1.5
      vertex 51.52027499675751 18.761269330978394 1.5
    endloop
  endfacet
  facet normal 0 0 1
    outer loop
      vertex 48.99439500272274 16.294624000787735 1.5
      vertex 51.52027499675751 18.761269330978394 1.5
      vertex 48.99439500272274 18.761269330978394 1.5
    endloop
  endfacet
  facet normal 0 0 1
    outer loop
      vertex 54.19126699864864 18.761269330978394 1.5
      vertex 52.86217299848795 18.761269330978394 1.5
      vertex 52.86217299848795 12.296672001481056 1.5
    endloop
  endfacet
  facet normal 0 0 1
    outer loop
      vertex 43.367999993264675 25.01648999750614 1.5
      vertex 51.52027499675751 18.761269330978394 1.5
      vertex 52.86217299848795 18.761269330978394 1.5
    endloop
  endfacet
  facet normal 0 0 1
    outer loop
      vertex 54.19126699864864 18.761269330978394 1.5
      vertex 43.367999993264675 25.01648999750614 1.5
      vertex 52.86217299848795 18.761269330978394 1.5
    endloop
  endfacet
  facet normal 0 0 1
    outer loop
      vertex 54.19126699864864 18.761269330978394 1.5
      vertex 46.19600000232458 25.296819783747196 1.5
      vertex 46.042000003159046 25.280329801142216 1.5
    endloop
  endfacet
  facet normal 0 0 1
    outer loop
      vertex 54.19126699864864 18.761269330978394 1.5
      vertex 46.476000003516674 25.36277973651886 1.5
      vertex 46.19600000232458 25.296819783747196 1.5
    endloop
  endfacet
  facet normal 0 0 1
    outer loop
      vertex 54.19126699864864 18.761269330978394 1.5
      vertex 46.61599999666214 25.428739704191685 1.5
      vertex 46.476000003516674 25.36277973651886 1.5
    endloop
  endfacet
  facet normal 0 0 1
    outer loop
      vertex 54.19126699864864 18.761269330978394 1.5
      vertex 46.7419999986887 25.49469965696335 1.5
      vertex 46.61599999666214 25.428739704191685 1.5
    endloop
  endfacet
  facet normal 0 0 1
    outer loop
      vertex 58.651003666222095 16.240821331739426 1.5
      vertex 55.511243000626564 17.61485866457224 1.5
      vertex 55.511243000626564 16.240821331739426 1.5
    endloop
  endfacet
  facet normal 0 0 1
    outer loop
      vertex 55.511243000626564 17.61485866457224 1.5
      vertex 58.651003666222095 16.240821331739426 1.5
      vertex 58.93165700137615 17.61485866457224 1.5
    endloop
  endfacet
  facet normal 0 0 1
    outer loop
      vertex 54.19126699864864 18.761269330978394 1.5
      vertex 46.882000006735325 25.56065960228443 1.5
      vertex 46.7419999986887 25.49469965696335 1.5
    endloop
  endfacet
  facet normal 0 0 1
    outer loop
      vertex 54.19126699864864 18.761269330978394 1.5
      vertex 47.0080000013113 25.659599527716637 1.5
      vertex 46.882000006735325 25.56065960228443 1.5
    endloop
  endfacet
  facet normal 0 0 1
    outer loop
      vertex 54.19126699864864 18.761269330978394 1.5
      vertex 47.11999999731779 25.742049477994442 1.5
      vertex 47.0080000013113 25.659599527716637 1.5
    endloop
  endfacet
  facet normal 0 0 1
    outer loop
      vertex 47.11999999731779 25.742049477994442 1.5
      vertex 54.19126699864864 18.761269330978394 1.5
      vertex 48.78600000590086 26.005889281630516 1.5
    endloop
  endfacet
  facet normal 0 0 1
    outer loop
      vertex 48.940000005066395 25.87396937608719 1.5
      vertex 54.19126699864864 18.761269330978394 1.5
      vertex 49.149999998509884 25.775029443204403 1.5
    endloop
  endfacet
  facet normal 0 0 1
    outer loop
      vertex 48.78600000590086 26.005889281630516 1.5
      vertex 54.19126699864864 18.761269330978394 1.5
      vertex 48.940000005066395 25.87396937608719 1.5
    endloop
  endfacet
  facet normal 0 0 1
    outer loop
      vertex 49.149999998509884 25.775029443204403 1.5
      vertex 54.19126699864864 18.761269330978394 1.5
      vertex 49.41599999368191 25.70906949043274 1.5
    endloop
  endfacet
  facet normal 0 0 1
    outer loop
      vertex 49.41599999368191 25.70906949043274 1.5
      vertex 54.19126699864864 18.761269330978394 1.5
      vertex 49.51399999856949 25.69257950782776 1.5
    endloop
  endfacet
  facet normal 0 0 1
    outer loop
      vertex 49.51399999856949 25.69257950782776 1.5
      vertex 54.19126699864864 18.761269330978394 1.5
      vertex 49.64000000059605 25.67608952522278 1.5
    endloop
  endfacet
  facet normal 0 0 1
    outer loop
      vertex 49.765999995172024 25.67608952522278 1.5
      vertex 54.19126699864864 18.761269330978394 1.5
      vertex 49.91999999433756 25.659599527716637 1.5
    endloop
  endfacet
  facet normal 0 0 1
    outer loop
      vertex 49.64000000059605 25.67608952522278 1.5
      vertex 54.19126699864864 18.761269330978394 1.5
      vertex 49.765999995172024 25.67608952522278 1.5
    endloop
  endfacet
  facet normal 0 0 1
    outer loop
      vertex 49.91999999433756 25.659599527716637 1.5
      vertex 54.19126699864864 18.761269330978394 1.5
      vertex 50.059999994933605 25.67608952522278 1.5
    endloop
  endfacet
  facet normal 0 0 1
    outer loop
      vertex 50.059999994933605 25.67608952522278 1.5
      vertex 54.19126699864864 18.761269330978394 1.5
      vertex 50.20000000298023 25.67608952522278 1.5
    endloop
  endfacet
  facet normal 0 0 1
    outer loop
      vertex 50.20000000298023 25.67608952522278 1.5
      vertex 54.19126699864864 18.761269330978394 1.5
      vertex 50.31199999898672 25.69257950782776 1.5
    endloop
  endfacet
  facet normal 0 0 1
    outer loop
      vertex 50.31199999898672 25.69257950782776 1.5
      vertex 54.19126699864864 18.761269330978394 1.5
      vertex 50.39599999785423 25.70906949043274 1.5
    endloop
  endfacet
  facet normal 0 0 1
    outer loop
      vertex 50.39599999785423 25.70906949043274 1.5
      vertex 54.19126699864864 18.761269330978394 1.5
      vertex 50.465999998152256 25.72555948793888 1.5
    endloop
  endfacet
  facet normal 0 0 1
    outer loop
      vertex 50.465999998152256 25.72555948793888 1.5
      vertex 54.19126699864864 18.761269330978394 1.5
      vertex 50.53600000590086 25.758539460599422 1.5
    endloop
  endfacet
  facet normal 0 0 1
    outer loop
      vertex 50.53600000590086 25.758539460599422 1.5
      vertex 54.19126699864864 18.761269330978394 1.5
      vertex 50.63400000333786 25.791519440710545 1.5
    endloop
  endfacet
  facet normal 0 0 1
    outer loop
      vertex 50.63400000333786 25.791519440710545 1.5
      vertex 54.19126699864864 18.761269330978394 1.5
      vertex 50.71799999475479 25.840989410877228 1.5
    endloop
  endfacet
  facet normal 0 0 1
    outer loop
      vertex 50.71799999475479 25.840989410877228 1.5
      vertex 54.19126699864864 18.761269330978394 1.5
      vertex 50.885999999940395 25.90694935619831 1.5
    endloop
  endfacet
  facet normal 0 0 1
    outer loop
      vertex 50.885999999940395 25.90694935619831 1.5
      vertex 54.19126699864864 18.761269330978394 1.5
      vertex 50.94200000166893 25.939929328858852 1.5
    endloop
  endfacet
  facet normal 0 0 1
    outer loop
      vertex 50.94200000166893 25.939929328858852 1.5
      vertex 54.19126699864864 18.761269330978394 1.5
      vertex 50.984000004827976 25.972909308969975 1.5
    endloop
  endfacet
  facet normal 0 0 1
    outer loop
      vertex 50.984000004827976 25.972909308969975 1.5
      vertex 54.19126699864864 18.761269330978394 1.5
      vertex 51.10999999940395 26.038869261741638 1.5
    endloop
  endfacet
  facet normal 0 0 1
    outer loop
      vertex 51.10999999940395 26.038869261741638 1.5
      vertex 54.19126699864864 18.761269330978394 1.5
      vertex 51.25 26.121319197118282 1.5
    endloop
  endfacet
  facet normal 0 0 1
    outer loop
      vertex 51.25 26.121319197118282 1.5
      vertex 54.19126699864864 18.761269330978394 1.5
      vertex 51.37600000202656 26.220259130001068 1.5
    endloop
  endfacet
  facet normal 0 0 1
    outer loop
      vertex 51.37600000202656 26.220259130001068 1.5
      vertex 54.19126699864864 18.761269330978394 1.5
      vertex 51.501999996602535 26.335689052939415 1.5
    endloop
  endfacet
  facet normal 0 0 1
    outer loop
      vertex 51.501999996602535 26.335689052939415 1.5
      vertex 54.19126699864864 18.761269330978394 1.5
      vertex 51.614000000059605 26.4346289858222 1.5
    endloop
  endfacet
  facet normal 0 0 1
    outer loop
      vertex 51.614000000059605 26.4346289858222 1.5
      vertex 54.19126699864864 18.761269330978394 1.5
      vertex 51.711999997496605 26.517078921198845 1.5
    endloop
  endfacet
  facet normal 0 0 1
    outer loop
      vertex 51.711999997496605 26.517078921198845 1.5
      vertex 54.19126699864864 18.761269330978394 1.5
      vertex 51.78200000524521 26.566548883914948 1.5
    endloop
  endfacet
  facet normal 0 0 1
    outer loop
      vertex 51.78200000524521 26.566548883914948 1.5
      vertex 54.19126699864864 18.761269330978394 1.5
      vertex 51.809999994933605 26.59952885657549 1.5
    endloop
  endfacet
  facet normal 0 0 1
    outer loop
      vertex 51.809999994933605 26.59952885657549 1.5
      vertex 54.19126699864864 18.761269330978394 1.5
      vertex 51.86599999666214 26.64899881929159 1.5
    endloop
  endfacet
  facet normal 0 0 1
    outer loop
      vertex 51.86599999666214 26.64899881929159 1.5
      vertex 54.19126699864864 18.761269330978394 1.5
      vertex 52.4539999961853 27.34157832711935 1.5
    endloop
  endfacet
  facet normal 0 0 1
    outer loop
      vertex 52.4539999961853 27.34157832711935 1.5
      vertex 54.19126699864864 18.761269330978394 1.5
      vertex 52.58000000566244 27.5064782127738 1.5
    endloop
  endfacet
  facet normal 0 0 1
    outer loop
      vertex 52.58000000566244 27.5064782127738 1.5
      vertex 54.19126699864864 18.761269330978394 1.5
      vertex 52.67800000309944 27.638398118317127 1.5
    endloop
  endfacet
  facet normal 0 0 1
    outer loop
      vertex 49.52800000458956 30.21083628386259 1.5
      vertex 49.551130428910255 29.992881663143635 1.5
      vertex 49.61199999600649 30.078916378319263 1.5
    endloop
  endfacet
  facet normal 0 0 1
    outer loop
      vertex 49.52800000458956 30.21083628386259 1.5
      vertex 49.61199999600649 30.078916378319263 1.5
      vertex 49.68200000375509 30.161366313695908 1.5
    endloop
  endfacet
  facet normal 0 0 1
    outer loop
      vertex 49.19200000166893 32.51943463087082 1.5
      vertex 49.52800000458956 30.21083628386259 1.5
      vertex 49.68200000375509 30.161366313695908 1.5
    endloop
  endfacet
  facet normal 0 0 1
    outer loop
      vertex 49.765999995172024 30.24381624907255 1.5
      vertex 49.19200000166893 32.51943463087082 1.5
      vertex 49.68200000375509 30.161366313695908 1.5
    endloop
  endfacet
  facet normal 0.09801713107425283 -0.9951847275837651 0
    outer loop
      vertex 76.87312644720078 0.026900604367256165 0
      vertex 76.87312644720078 0.026900604367256165 1.5
      vertex 76.60000000149012 0 1.5
    endloop
  endfacet
  facet normal 0.2902846915285437 -0.9569403314022136 0
    outer loop
      vertex 77.13575680553913 0.10656865686178207 0
      vertex 77.13575680553913 0.10656865686178207 1.5
      vertex 76.87312644720078 0.026900604367256165 1.5
    endloop
  endfacet
  facet normal 0.47139672966959456 -0.8819212681735322 0
    outer loop
      vertex 77.3777983263135 0.235942542552948 0
      vertex 77.3777983263135 0.235942542552948 1.5
      vertex 77.13575680553913 0.10656865686178207 1.5
    endloop
  endfacet
  facet normal 0.6343932751742409 -0.7730104607401506 0
    outer loop
      vertex 77.58994949609041 0.41005050390958786 0
      vertex 77.58994949609041 0.41005050390958786 1.5
      vertex 77.3777983263135 0.235942542552948 1.5
    endloop
  endfacet
  facet normal 0.7730104607401506 -0.6343932751742409 0
    outer loop
      vertex 77.76405745744705 0.6222016736865044 0
      vertex 77.76405745744705 0.6222016736865044 1.5
      vertex 77.58994949609041 0.41005050390958786 1.5
    endloop
  endfacet
  facet normal 0.8819212681735322 -0.47139672966959456 0
    outer loop
      vertex 77.89343134313822 0.8642431944608688 0
      vertex 77.89343134313822 0.8642431944608688 1.5
      vertex 77.76405745744705 0.6222016736865044 1.5
    endloop
  endfacet
  facet normal 0.9569403314022136 -0.2902846915285437 0
    outer loop
      vertex 77.97309939563274 1.1268735527992249 0
      vertex 77.97309939563274 1.1268735527992249 1.5
      vertex 77.89343134313822 0.8642431944608688 1.5
    endloop
  endfacet
  facet normal 0.9951847275837651 -0.09801713107425283 0
    outer loop
      vertex 78 1.3999999985098839 0
      vertex 78 1.3999999985098839 1.5
      vertex 77.97309939563274 1.1268735527992249 1.5
    endloop
  endfacet
  facet normal 0 0 1
    outer loop
      vertex 76.60000000149012 0 1.5
      vertex 51.52027499675751 12.296672001481056 1.5
      vertex 48.99439500272274 12.296672001481056 1.5
    endloop
  endfacet
  facet normal 0 0 1
    outer loop
      vertex 76.60000000149012 0 1.5
      vertex 52.86217299848795 12.296672001481056 1.5
      vertex 51.52027499675751 12.296672001481056 1.5
    endloop
  endfacet
  facet normal 0 0 1
    outer loop
      vertex 76.60000000149012 0 1.5
      vertex 54.19126699864864 12.296672001481056 1.5
      vertex 52.86217299848795 12.296672001481056 1.5
    endloop
  endfacet
  facet normal 0 0 1
    outer loop
      vertex 76.60000000149012 0 1.5
      vertex 59.08957300335169 12.296672001481056 1.5
      vertex 54.19126699864864 12.296672001481056 1.5
    endloop
  endfacet
  facet normal 0 0 1
    outer loop
      vertex 60.12048900127411 14.716855626711622 1.5
      vertex 59.08957300335169 13.459637336432934 1.5
      vertex 59.08957300335169 12.296672001481056 1.5
    endloop
  endfacet
  facet normal 0 0 1
    outer loop
      vertex 60.12048900127411 14.716855626711622 1.5
      vertex 59.08957300335169 12.296672001481056 1.5
      vertex 60.12048900127411 12.296672001481056 1.5
    endloop
  endfacet
  facet normal 0 0 1
    outer loop
      vertex 58.651003666222095 15.119242668151855 1.5
      vertex 60.12048900127411 14.716855626711622 1.5
      vertex 58.651003666222095 16.240821331739426 1.5
    endloop
  endfacet
  facet normal 0 0 1
    outer loop
      vertex 61.37903166562319 12.296672001481056 1.5
      vertex 64.01891899853945 12.296672001481056 1.5
      vertex 61.37903166562319 16.888522669672966 1.5
    endloop
  endfacet
  facet normal 0 0 1
    outer loop
      vertex 76.60000000149012 0 1.5
      vertex 60.12048900127411 12.296672001481056 1.5
      vertex 59.08957300335169 12.296672001481056 1.5
    endloop
  endfacet
  facet normal 0 0 1
    outer loop
      vertex 76.60000000149012 0 1.5
      vertex 61.37903166562319 12.296672001481056 1.5
      vertex 60.12048900127411 12.296672001481056 1.5
    endloop
  endfacet
  facet normal 0 0 1
    outer loop
      vertex 76.60000000149012 0 1.5
      vertex 64.01891899853945 12.296672001481056 1.5
      vertex 61.37903166562319 12.296672001481056 1.5
    endloop
  endfacet
  facet normal 0 0 1
    outer loop
      vertex 76.60000000149012 0 1.5
      vertex 65.3695470020175 12.296672001481056 1.5
      vertex 64.01891899853945 12.296672001481056 1.5
    endloop
  endfacet
  facet normal 0 0 1
    outer loop
      vertex 60.12048900127411 14.716855626711622 1.5
      vertex 58.93165700137615 17.61485866457224 1.5
      vertex 58.651003666222095 16.240821331739426 1.5
    endloop
  endfacet
  facet normal 0 0 1
    outer loop
      vertex 60.12048900127411 14.716855626711622 1.5
      vertex 60.12048900127411 18.761269330978394 1.5
      vertex 58.93165700137615 17.61485866457224 1.5
    endloop
  endfacet
  facet normal 0 0 1
    outer loop
      vertex 58.93165700137615 17.61485866457224 1.5
      vertex 60.12048900127411 18.761269330978394 1.5
      vertex 58.93165700137615 18.761269330978394 1.5
    endloop
  endfacet
  facet normal 0 0 1
    outer loop
      vertex 64.11100433021784 14.248311996459961 1.5
      vertex 64.11100433021784 18.761269330978394 1.5
      vertex 61.53688299655914 18.761269330978394 1.5
    endloop
  endfacet
  facet normal 0 0 1
    outer loop
      vertex 76.60000000149012 0 1.5
      vertex 76.87312644720078 0.026900604367256165 1.5
      vertex 76.60000000149012 62 1.5
    endloop
  endfacet
  facet normal 0 0 1
    outer loop
      vertex 76.87312644720078 0.026900604367256165 1.5
      vertex 77.13575680553913 0.10656865686178207 1.5
      vertex 76.87312644720078 61.973099395632744 1.5
    endloop
  endfacet
  facet normal 0 0 1
    outer loop
      vertex 77.13575680553913 0.10656865686178207 1.5
      vertex 77.3777983263135 0.235942542552948 1.5
      vertex 77.13575680553913 61.89343134313822 1.5
    endloop
  endfacet
  facet normal 0 0 1
    outer loop
      vertex 77.3777983263135 0.235942542552948 1.5
      vertex 77.58994949609041 0.41005050390958786 1.5
      vertex 77.3777983263135 61.76405745744705 1.5
    endloop
  endfacet
  facet normal 0 0 1
    outer loop
      vertex 77.58994949609041 0.41005050390958786 1.5
      vertex 77.76405745744705 0.6222016736865044 1.5
      vertex 77.58994949609041 61.58994949609041 1.5
    endloop
  endfacet
  facet normal 0 0 1
    outer loop
      vertex 77.76405745744705 0.6222016736865044 1.5
      vertex 77.89343134313822 0.8642431944608688 1.5
      vertex 77.76405745744705 61.377798326313496 1.5
    endloop
  endfacet
  facet normal 0 0 1
    outer loop
      vertex 77.89343134313822 0.8642431944608688 1.5
      vertex 77.97309939563274 1.1268735527992249 1.5
      vertex 77.89343134313822 61.13575680553913 1.5
    endloop
  endfacet
  facet normal 0 0 1
    outer loop
      vertex 77.97309939563274 1.1268735527992249 1.5
      vertex 78 1.3999999985098839 1.5
      vertex 77.97309939563274 60.873126447200775 1.5
    endloop
  endfacet
  facet normal 0 0 1
    outer loop
      vertex 76.60000000149012 0 1.5
      vertex 76.60000000149012 62 1.5
      vertex 65.3695470020175 12.296672001481056 1.5
    endloop
  endfacet
  facet normal 0 0 -1
    outer loop
      vertex 1.3999999985098839 62 0
      vertex 76.60000000149012 62 0
      vertex 76.60000000149012 0 0
    endloop
  endfacet
  facet normal 0 1 0
    outer loop
      vertex 1.3999999985098839 62 0
      vertex 76.60000000149012 62 1.5
      vertex 76.60000000149012 62 0
    endloop
  endfacet
  facet normal 0 0 -1
    outer loop
      vertex 76.87312644720078 0.026900604367256165 0
      vertex 76.60000000149012 62 0
      vertex 76.87312644720078 61.973099395632744 0
    endloop
  endfacet
  facet normal 0 0 -1
    outer loop
      vertex 77.13575680553913 0.10656865686178207 0
      vertex 76.87312644720078 61.973099395632744 0
      vertex 77.13575680553913 61.89343134313822 0
    endloop
  endfacet
  facet normal 0 0 -1
    outer loop
      vertex 77.3777983263135 0.235942542552948 0
      vertex 77.13575680553913 61.89343134313822 0
      vertex 77.3777983263135 61.76405745744705 0
    endloop
  endfacet
  facet normal 0 0 -1
    outer loop
      vertex 78 1.3999999985098839 0
      vertex 77.97309939563274 60.873126447200775 0
      vertex 78 60.600000001490116 0
    endloop
  endfacet
  facet normal 0 0 -1
    outer loop
      vertex 77.97309939563274 1.1268735527992249 0
      vertex 77.89343134313822 61.13575680553913 0
      vertex 77.97309939563274 60.873126447200775 0
    endloop
  endfacet
  facet normal 0 0 -1
    outer loop
      vertex 77.89343134313822 0.8642431944608688 0
      vertex 77.76405745744705 61.377798326313496 0
      vertex 77.89343134313822 61.13575680553913 0
    endloop
  endfacet
  facet normal 0 0 -1
    outer loop
      vertex 77.58994949609041 0.41005050390958786 0
      vertex 77.3777983263135 61.76405745744705 0
      vertex 77.58994949609041 61.58994949609041 0
    endloop
  endfacet
  facet normal 0 0 -1
    outer loop
      vertex 77.76405745744705 0.6222016736865044 0
      vertex 77.58994949609041 61.58994949609041 0
      vertex 77.76405745744705 61.377798326313496 0
    endloop
  endfacet
  facet normal 0.9951847275837651 0.09801713107425283 0
    outer loop
      vertex 78 60.600000001490116 0
      vertex 77.97309939563274 60.873126447200775 0
      vertex 78 60.600000001490116 1.5
    endloop
  endfacet
  facet normal 0.9569403314022136 0.2902846915285437 0
    outer loop
      vertex 77.97309939563274 60.873126447200775 0
      vertex 77.89343134313822 61.13575680553913 0
      vertex 77.97309939563274 60.873126447200775 1.5
    endloop
  endfacet
  facet normal 0.09801713107425283 0.9951847275837651 0
    outer loop
      vertex 76.60000000149012 62 0
      vertex 76.87312644720078 61.973099395632744 1.5
      vertex 76.87312644720078 61.973099395632744 0
    endloop
  endfacet
  facet normal 0.2902846915285437 0.9569403314022136 0
    outer loop
      vertex 76.87312644720078 61.973099395632744 0
      vertex 77.13575680553913 61.89343134313822 1.5
      vertex 77.13575680553913 61.89343134313822 0
    endloop
  endfacet
  facet normal 0.47139672966959456 0.8819212681735322 0
    outer loop
      vertex 77.13575680553913 61.89343134313822 0
      vertex 77.3777983263135 61.76405745744705 1.5
      vertex 77.3777983263135 61.76405745744705 0
    endloop
  endfacet
  facet normal 0.8819212681735322 0.47139672966959456 0
    outer loop
      vertex 77.89343134313822 61.13575680553913 0
      vertex 77.76405745744705 61.377798326313496 0
      vertex 77.89343134313822 61.13575680553913 1.5
    endloop
  endfacet
  facet normal 0.7730104607401506 0.6343932751742409 0
    outer loop
      vertex 77.76405745744705 61.377798326313496 0
      vertex 77.58994949609041 61.58994949609041 0
      vertex 77.76405745744705 61.377798326313496 1.5
    endloop
  endfacet
  facet normal 0.6343932751742409 0.7730104607401506 0
    outer loop
      vertex 77.3777983263135 61.76405745744705 0
      vertex 77.58994949609041 61.58994949609041 1.5
      vertex 77.58994949609041 61.58994949609041 0
    endloop
  endfacet
  facet normal 0 0 1
    outer loop
      vertex 49.19200000166893 32.51943463087082 1.5
      vertex 49.765999995172024 30.24381624907255 1.5
      vertex 49.83600000292063 30.293286219239235 1.5
    endloop
  endfacet
  facet normal 0 0 1
    outer loop
      vertex 49.19200000166893 32.51943463087082 1.5
      vertex 49.83600000292063 30.293286219239235 1.5
      vertex 49.90599999576807 30.326266199350357 1.5
    endloop
  endfacet
  facet normal 0 0 1
    outer loop
      vertex 49.19200000166893 32.51943463087082 1.5
      vertex 49.90599999576807 30.326266199350357 1.5
      vertex 49.99000000208616 30.3592461720109 1.5
    endloop
  endfacet
  facet normal 0 0 1
    outer loop
      vertex 49.19200000166893 32.51943463087082 1.5
      vertex 49.99000000208616 30.3592461720109 1.5
      vertex 50.073999993503094 30.37573616951704 1.5
    endloop
  endfacet
  facet normal 0 0 1
    outer loop
      vertex 49.19200000166893 32.51943463087082 1.5
      vertex 50.073999993503094 30.37573616951704 1.5
      vertex 50.31199999898672 30.37573616951704 1.5
    endloop
  endfacet
  facet normal 0 0 1
    outer loop
      vertex 49.19200000166893 32.51943463087082 1.5
      vertex 50.31199999898672 30.37573616951704 1.5
      vertex 50.39599999785423 30.342756189405918 1.5
    endloop
  endfacet
  facet normal 0 0 1
    outer loop
      vertex 50.84400000423193 30.19434628635645 1.5
      vertex 49.19200000166893 32.51943463087082 1.5
      vertex 50.39599999785423 30.342756189405918 1.5
    endloop
  endfacet
  facet normal 0 0 1
    outer loop
      vertex 76.60000000149012 62 1.5
      vertex 49.16399999707937 32.73380447924137 1.5
      vertex 49.19200000166893 32.51943463087082 1.5
    endloop
  endfacet
  facet normal 0 0 1
    outer loop
      vertex 76.60000000149012 62 1.5
      vertex 49.121999993920326 32.93168433755636 1.5
      vertex 49.16399999707937 32.73380447924137 1.5
    endloop
  endfacet
  facet normal 0 0 1
    outer loop
      vertex 76.60000000149012 62 1.5
      vertex 48.88400000333786 33.706713780760765 1.5
      vertex 48.9539999961853 33.525323912501335 1.5
    endloop
  endfacet
  facet normal 0 0 1
    outer loop
      vertex 76.60000000149012 62 1.5
      vertex 48.9539999961853 33.525323912501335 1.5
      vertex 49.121999993920326 32.93168433755636 1.5
    endloop
  endfacet
  facet normal 0 0 1
    outer loop
      vertex 76.60000000149012 62 1.5
      vertex 48.715999998152256 34.08598351478577 1.5
      vertex 48.79999999701977 33.904593631625175 1.5
    endloop
  endfacet
  facet normal 0 0 1
    outer loop
      vertex 76.60000000149012 62 1.5
      vertex 48.79999999701977 33.904593631625175 1.5
      vertex 48.88400000333786 33.706713780760765 1.5
    endloop
  endfacet
  facet normal 0 0 1
    outer loop
      vertex 76.60000000149012 62 1.5
      vertex 47.652000002563 36.229681983590126 1.5
      vertex 48.715999998152256 34.08598351478577 1.5
    endloop
  endfacet
  facet normal 0 0 1
    outer loop
      vertex 76.60000000149012 62 1.5
      vertex 47.56799999624491 36.394581861793995 1.5
      vertex 47.652000002563 36.229681983590126 1.5
    endloop
  endfacet
  facet normal 0 0 1
    outer loop
      vertex 76.60000000149012 62 1.5
      vertex 47.03600000590086 37.285041227936745 1.5
      vertex 47.11999999731779 37.136631324887276 1.5
    endloop
  endfacet
  facet normal 0 0 1
    outer loop
      vertex 76.60000000149012 62 1.5
      vertex 47.31599999964237 36.83981154114008 1.5
      vertex 47.56799999624491 36.394581861793995 1.5
    endloop
  endfacet
  facet normal 0 0 1
    outer loop
      vertex 76.60000000149012 62 1.5
      vertex 47.11999999731779 37.136631324887276 1.5
      vertex 47.31599999964237 36.83981154114008 1.5
    endloop
  endfacet
  facet normal 0 0 1
    outer loop
      vertex 76.60000000149012 62 1.5
      vertex 45.3559999987483 39.59363957494497 1.5
      vertex 46.93800000101328 37.41696112602949 1.5
    endloop
  endfacet
  facet normal 0 0 1
    outer loop
      vertex 76.60000000149012 62 1.5
      vertex 46.93800000101328 37.41696112602949 1.5
      vertex 47.03600000590086 37.285041227936745 1.5
    endloop
  endfacet
  facet normal 0 0 1
    outer loop
      vertex 76.60000000149012 62 1.5
      vertex 34.813999995589256 47.179034158587456 1.5
      vertex 34.7580000013113 46.981154300272465 1.5
    endloop
  endfacet
  facet normal 0 0 1
    outer loop
      vertex 76.60000000149012 62 1.5
      vertex 38.78999999910593 42.36395759135485 1.5
      vertex 39.06999999284744 42.26501765847206 1.5
    endloop
  endfacet
  facet normal 0 0 1
    outer loop
      vertex 76.60000000149012 62 1.5
      vertex 39.06999999284744 42.26501765847206 1.5
      vertex 39.29876943677664 42.13737988471985 1.5
    endloop
  endfacet
  facet normal 0 0 1
    outer loop
      vertex 76.60000000149012 62 1.5
      vertex 38.50999999791384 42.41342756152153 1.5
      vertex 38.78999999910593 42.36395759135485 1.5
    endloop
  endfacet
  facet normal 0 0 1
    outer loop
      vertex 76.60000000149012 62 1.5
      vertex 39.29876943677664 42.13737988471985 1.5
      vertex 41.54800000041723 42.05064782500267 1.5
    endloop
  endfacet
  facet normal 0 0 1
    outer loop
      vertex 76.60000000149012 62 1.5
      vertex 41.54800000041723 42.05064782500267 1.5
      vertex 41.7580000013113 42.03415783494711 1.5
    endloop
  endfacet
  facet normal 0 0 1
    outer loop
      vertex 76.60000000149012 62 1.5
      vertex 41.9539999961853 42.01766783744097 1.5
      vertex 42.16399999707937 41.968197874724865 1.5
    endloop
  endfacet
  facet normal 0 0 1
    outer loop
      vertex 76.60000000149012 62 1.5
      vertex 41.7580000013113 42.03415783494711 1.5
      vertex 41.9539999961853 42.01766783744097 1.5
    endloop
  endfacet
  facet normal 0 0 1
    outer loop
      vertex 76.60000000149012 62 1.5
      vertex 34.7580000013113 46.981154300272465 1.5
      vertex 38.50999999791384 42.41342756152153 1.5
    endloop
  endfacet
  facet normal 0 0 1
    outer loop
      vertex 76.60000000149012 62 1.5
      vertex 34.86999999731779 47.360424026846886 1.5
      vertex 34.813999995589256 47.179034158587456 1.5
    endloop
  endfacet
  facet normal 0 0 1
    outer loop
      vertex 76.60000000149012 62 1.5
      vertex 35.43000000715256 49.24028268456459 1.5
      vertex 34.86999999731779 47.360424026846886 1.5
    endloop
  endfacet
  facet normal 0 0 1
    outer loop
      vertex 76.60000000149012 62 1.5
      vertex 35.51399999856949 49.60306242108345 1.5
      vertex 35.43000000715256 49.24028268456459 1.5
    endloop
  endfacet
  facet normal 0 0 1
    outer loop
      vertex 76.60000000149012 62 1.5
      vertex 35.542000003159046 49.78445228934288 1.5
      vertex 35.51399999856949 49.60306242108345 1.5
    endloop
  endfacet
  facet normal 0 0 1
    outer loop
      vertex 76.60000000149012 62 1.5
      vertex 35.56999999284744 50.14723203331232 1.5
      vertex 35.542000003159046 49.78445228934288 1.5
    endloop
  endfacet
  facet normal 0 0 1
    outer loop
      vertex 76.60000000149012 62 1.5
      vertex 35.56999999284744 50.32862190157175 1.5
      vertex 35.56999999284744 50.14723203331232 1.5
    endloop
  endfacet
  facet normal 0 0 1
    outer loop
      vertex 76.60000000149012 62 1.5
      vertex 42.91999999433756 41.63839811831713 1.5
      vertex 43.10199999809265 41.52296820282936 1.5
    endloop
  endfacet
  facet normal 0 0 1
    outer loop
      vertex 76.60000000149012 62 1.5
      vertex 43.10199999809265 41.52296820282936 1.5
      vertex 44.27800000458956 40.681978806853294 1.5
    endloop
  endfacet
  facet normal 0 0 1
    outer loop
      vertex 76.60000000149012 62 1.5
      vertex 45.244000002741814 39.75853946059942 1.5
      vertex 45.3559999987483 39.59363957494497 1.5
    endloop
  endfacet
  facet normal 0 0 1
    outer loop
      vertex 76.60000000149012 62 1.5
      vertex 44.85199999809265 40.187279149889946 1.5
      vertex 44.9919999986887 40.05535924434662 1.5
    endloop
  endfacet
  facet normal 0 0 1
    outer loop
      vertex 76.60000000149012 62 1.5
      vertex 44.9919999986887 40.05535924434662 1.5
      vertex 45.244000002741814 39.75853946059942 1.5
    endloop
  endfacet
  facet normal 0 0 1
    outer loop
      vertex 76.60000000149012 62 1.5
      vertex 44.726000003516674 40.31919905543327 1.5
      vertex 44.85199999809265 40.187279149889946 1.5
    endloop
  endfacet
  facet normal 0 0 1
    outer loop
      vertex 76.60000000149012 62 1.5
      vertex 44.58600000292063 40.45111896842718 1.5
      vertex 44.726000003516674 40.31919905543327 1.5
    endloop
  endfacet
  facet normal 0 0 1
    outer loop
      vertex 76.60000000149012 62 1.5
      vertex 44.27800000458956 40.681978806853294 1.5
      vertex 44.58600000292063 40.45111896842718 1.5
    endloop
  endfacet
  facet normal 0 0 1
    outer loop
      vertex 76.60000000149012 62 1.5
      vertex 42.16399999707937 41.968197874724865 1.5
      vertex 42.35999999940395 41.9022379219532 1.5
    endloop
  endfacet
  facet normal 0 0 1
    outer loop
      vertex 76.60000000149012 62 1.5
      vertex 42.35999999940395 41.9022379219532 1.5
      vertex 42.542000003159046 41.83627796918154 1.5
    endloop
  endfacet
  facet normal 0 0 1
    outer loop
      vertex 76.60000000149012 62 1.5
      vertex 42.542000003159046 41.83627796918154 1.5
      vertex 42.73800000548363 41.73733803629875 1.5
    endloop
  endfacet
  facet normal 0 0 1
    outer loop
      vertex 76.60000000149012 62 1.5
      vertex 42.73800000548363 41.73733803629875 1.5
      vertex 42.91999999433756 41.63839811831713 1.5
    endloop
  endfacet
  facet normal 0 0 1
    outer loop
      vertex 76.60000000149012 62 1.5
      vertex 35.556000001728535 50.51001176983118 1.5
      vertex 35.56999999284744 50.32862190157175 1.5
    endloop
  endfacet
  facet normal 0 0 1
    outer loop
      vertex 76.60000000149012 62 1.5
      vertex 35.542000003159046 50.70789163559675 1.5
      vertex 35.556000001728535 50.51001176983118 1.5
    endloop
  endfacet
  facet normal 0 0 1
    outer loop
      vertex 76.60000000149012 62 1.5
      vertex 35.31799999624491 52.40636042505503 1.5
      vertex 35.542000003159046 50.70789163559675 1.5
    endloop
  endfacet
  facet normal 0 0 1
    outer loop
      vertex 76.60000000149012 62 1.5
      vertex 35.27600000798702 52.571260295808315 1.5
      vertex 35.31799999624491 52.40636042505503 1.5
    endloop
  endfacet
  facet normal 0 0 1
    outer loop
      vertex 76.60000000149012 62 1.5
      vertex 35.21999999880791 52.703180216252804 1.5
      vertex 35.27600000798702 52.571260295808315 1.5
    endloop
  endfacet
  facet normal 0 0 1
    outer loop
      vertex 76.60000000149012 62 1.5
      vertex 35.023999996483326 52.917550049722195 1.5
      vertex 35.135999999940395 52.81861013174057 1.5
    endloop
  endfacet
  facet normal 0 0 1
    outer loop
      vertex 76.60000000149012 62 1.5
      vertex 35.135999999940395 52.81861013174057 1.5
      vertex 35.21999999880791 52.703180216252804 1.5
    endloop
  endfacet
  facet normal 0 0 1
    outer loop
      vertex 76.60000000149012 62 1.5
      vertex 34.89800000190735 52.96702001988888 1.5
      vertex 35.023999996483326 52.917550049722195 1.5
    endloop
  endfacet
  facet normal 1 0 0
    outer loop
      vertex 78 1.3999999985098839 1.5
      vertex 78 60.600000001490116 0
      vertex 78 60.600000001490116 1.5
    endloop
  endfacet
  facet normal 0 0 1
    outer loop
      vertex 76.60000000149012 62 1.5
      vertex 54.19126699864864 18.761269330978394 1.5
      vertex 58.93165700137615 18.761269330978394 1.5
    endloop
  endfacet
  facet normal 0 0 1
    outer loop
      vertex 76.60000000149012 62 1.5
      vertex 52.67800000309944 27.638398118317127 1.5
      vertex 54.19126699864864 18.761269330978394 1.5
    endloop
  endfacet
  facet normal 0 0 1
    outer loop
      vertex 76.60000000149012 62 1.5
      vertex 58.93165700137615 18.761269330978394 1.5
      vertex 60.12048900127411 18.761269330978394 1.5
    endloop
  endfacet
  facet normal 0 0 1
    outer loop
      vertex 76.60000000149012 62 1.5
      vertex 60.12048900127411 18.761269330978394 1.5
      vertex 61.53688299655914 18.761269330978394 1.5
    endloop
  endfacet
  facet normal 0 0 1
    outer loop
      vertex 76.60000000149012 62 1.5
      vertex 61.53688299655914 18.761269330978394 1.5
      vertex 64.11100433021784 18.761269330978394 1.5
    endloop
  endfacet
  facet normal 0 0 1
    outer loop
      vertex 76.60000000149012 62 1.5
      vertex 52.70600000023842 27.70435807108879 1.5
      vertex 52.67800000309944 27.638398118317127 1.5
    endloop
  endfacet
  facet normal 0 0 1
    outer loop
      vertex 76.60000000149012 62 1.5
      vertex 52.70600000023842 27.737338051199913 1.5
      vertex 52.70600000023842 27.70435807108879 1.5
    endloop
  endfacet
  facet normal 0 0 1
    outer loop
      vertex 76.60000000149012 62 1.5
      vertex 52.734000004827976 27.803298003971577 1.5
      vertex 52.70600000023842 27.737338051199913 1.5
    endloop
  endfacet
  facet normal 0 0 1
    outer loop
      vertex 76.60000000149012 62 1.5
      vertex 52.78999999910593 27.902237936854362 1.5
      vertex 52.734000004827976 27.803298003971577 1.5
    endloop
  endfacet
  facet normal 0 0 1
    outer loop
      vertex 76.60000000149012 62 1.5
      vertex 52.846000000834465 28.03415783494711 1.5
      vertex 52.78999999910593 27.902237936854362 1.5
    endloop
  endfacet
  facet normal 0 0 1
    outer loop
      vertex 76.60000000149012 62 1.5
      vertex 52.902000002563 28.19905772060156 1.5
      vertex 52.846000000834465 28.03415783494711 1.5
    endloop
  endfacet
  facet normal 0 0 1
    outer loop
      vertex 76.60000000149012 62 1.5
      vertex 52.957999996840954 28.38044758886099 1.5
      vertex 52.902000002563 28.19905772060156 1.5
    endloop
  endfacet
  facet normal 0 0 1
    outer loop
      vertex 76.60000000149012 62 1.5
      vertex 52.98600000143051 28.59481742978096 1.5
      vertex 52.957999996840954 28.38044758886099 1.5
    endloop
  endfacet
  facet normal 0 0 1
    outer loop
      vertex 76.60000000149012 62 1.5
      vertex 51.347999997437 30.02944641560316 1.5
      vertex 51.47399999201298 29.99646643549204 1.5
    endloop
  endfacet
  facet normal 0 0 1
    outer loop
      vertex 76.60000000149012 62 1.5
      vertex 51.47399999201298 29.99646643549204 1.5
      vertex 51.58600000292063 29.979976445436478 1.5
    endloop
  endfacet
  facet normal 0 0 1
    outer loop
      vertex 76.60000000149012 62 1.5
      vertex 51.68400000035763 29.963486462831497 1.5
      vertex 51.76799999922514 29.930506482720375 1.5
    endloop
  endfacet
  facet normal 0 0 1
    outer loop
      vertex 76.60000000149012 62 1.5
      vertex 51.58600000292063 29.979976445436478 1.5
      vertex 51.68400000035763 29.963486462831497 1.5
    endloop
  endfacet
  facet normal 0 0 1
    outer loop
      vertex 76.60000000149012 62 1.5
      vertex 51.76799999922514 29.930506482720375 1.5
      vertex 52.426000006496906 29.617196708917618 1.5
    endloop
  endfacet
  facet normal 0 0 1
    outer loop
      vertex 76.60000000149012 62 1.5
      vertex 53 28.809187285602093 1.5
      vertex 52.98600000143051 28.59481742978096 1.5
    endloop
  endfacet
  facet normal 0 0 1
    outer loop
      vertex 76.60000000149012 62 1.5
      vertex 52.98600000143051 28.95759716629982 1.5
      vertex 53 28.809187285602093 1.5
    endloop
  endfacet
  facet normal 0 0 1
    outer loop
      vertex 76.60000000149012 62 1.5
      vertex 52.81799999624491 29.3038869202137 1.5
      vertex 52.88800000399351 29.204947002232075 1.5
    endloop
  endfacet
  facet normal 0 0 1
    outer loop
      vertex 76.60000000149012 62 1.5
      vertex 52.943999998271465 29.08951708674431 1.5
      vertex 52.98600000143051 28.95759716629982 1.5
    endloop
  endfacet
  facet normal 0 0 1
    outer loop
      vertex 76.60000000149012 62 1.5
      vertex 52.88800000399351 29.204947002232075 1.5
      vertex 52.943999998271465 29.08951708674431 1.5
    endloop
  endfacet
  facet normal 0 0 1
    outer loop
      vertex 76.60000000149012 62 1.5
      vertex 52.426000006496906 29.617196708917618 1.5
      vertex 52.538000002503395 29.534746758639812 1.5
    endloop
  endfacet
  facet normal 0 0 1
    outer loop
      vertex 76.60000000149012 62 1.5
      vertex 52.538000002503395 29.534746758639812 1.5
      vertex 52.635999999940395 29.46878680586815 1.5
    endloop
  endfacet
  facet normal 0 0 1
    outer loop
      vertex 76.60000000149012 62 1.5
      vertex 52.635999999940395 29.46878680586815 1.5
      vertex 52.734000004827976 29.386336870491505 1.5
    endloop
  endfacet
  facet normal 0 0 1
    outer loop
      vertex 76.60000000149012 62 1.5
      vertex 52.734000004827976 29.386336870491505 1.5
      vertex 52.81799999624491 29.3038869202137 1.5
    endloop
  endfacet
  facet normal 0 0 1
    outer loop
      vertex 76.60000000149012 62 1.5
      vertex 49.19200000166893 32.51943463087082 1.5
      vertex 50.84400000423193 30.19434628635645 1.5
    endloop
  endfacet
  facet normal 0 0 1
    outer loop
      vertex 76.60000000149012 62 1.5
      vertex 50.84400000423193 30.19434628635645 1.5
      vertex 50.95600000023842 30.128386333584785 1.5
    endloop
  endfacet
  facet normal 0 0 1
    outer loop
      vertex 76.60000000149012 62 1.5
      vertex 50.95600000023842 30.128386333584785 1.5
      vertex 51.08200000226498 30.078916378319263 1.5
    endloop
  endfacet
  facet normal 0 0 1
    outer loop
      vertex 76.60000000149012 62 1.5
      vertex 51.08200000226498 30.078916378319263 1.5
      vertex 51.207999996840954 30.04593639820814 1.5
    endloop
  endfacet
  facet normal 0 0 1
    outer loop
      vertex 76.60000000149012 62 1.5
      vertex 51.207999996840954 30.04593639820814 1.5
      vertex 51.347999997437 30.02944641560316 1.5
    endloop
  endfacet
  facet normal 0 0 1
    outer loop
      vertex 76.60000000149012 62 1.5
      vertex 65.3695470020175 18.761269330978394 1.5
      vertex 65.3695470020175 12.296672001481056 1.5
    endloop
  endfacet
  facet normal 0 0 1
    outer loop
      vertex 76.60000000149012 62 1.5
      vertex 64.11100433021784 18.761269330978394 1.5
      vertex 65.3695470020175 18.761269330978394 1.5
    endloop
  endfacet
  facet normal 0 0 1
    outer loop
      vertex 76.87312644720078 0.026900604367256165 1.5
      vertex 76.87312644720078 61.973099395632744 1.5
      vertex 76.60000000149012 62 1.5
    endloop
  endfacet
  facet normal 0 0 1
    outer loop
      vertex 77.13575680553913 0.10656865686178207 1.5
      vertex 77.13575680553913 61.89343134313822 1.5
      vertex 76.87312644720078 61.973099395632744 1.5
    endloop
  endfacet
  facet normal 0 0 1
    outer loop
      vertex 77.3777983263135 0.235942542552948 1.5
      vertex 77.3777983263135 61.76405745744705 1.5
      vertex 77.13575680553913 61.89343134313822 1.5
    endloop
  endfacet
  facet normal 0 0 1
    outer loop
      vertex 78 1.3999999985098839 1.5
      vertex 78 60.600000001490116 1.5
      vertex 77.97309939563274 60.873126447200775 1.5
    endloop
  endfacet
  facet normal 0 0 1
    outer loop
      vertex 77.97309939563274 1.1268735527992249 1.5
      vertex 77.97309939563274 60.873126447200775 1.5
      vertex 77.89343134313822 61.13575680553913 1.5
    endloop
  endfacet
  facet normal 0 0 1
    outer loop
      vertex 77.89343134313822 0.8642431944608688 1.5
      vertex 77.89343134313822 61.13575680553913 1.5
      vertex 77.76405745744705 61.377798326313496 1.5
    endloop
  endfacet
  facet normal 0 0 1
    outer loop
      vertex 77.58994949609041 0.41005050390958786 1.5
      vertex 77.58994949609041 61.58994949609041 1.5
      vertex 77.3777983263135 61.76405745744705 1.5
    endloop
  endfacet
  facet normal 0 0 1
    outer loop
      vertex 77.76405745744705 0.6222016736865044 1.5
      vertex 77.76405745744705 61.377798326313496 1.5
      vertex 77.58994949609041 61.58994949609041 1.5
    endloop
  endfacet
  facet normal 0.09801713107425283 0.9951847275837651 0
    outer loop
      vertex 76.60000000149012 62 0
      vertex 76.60000000149012 62 1.5
      vertex 76.87312644720078 61.973099395632744 1.5
    endloop
  endfacet
  facet normal 0.9951847275837651 0.09801713107425283 0
    outer loop
      vertex 77.97309939563274 60.873126447200775 0
      vertex 77.97309939563274 60.873126447200775 1.5
      vertex 78 60.600000001490116 1.5
    endloop
  endfacet
  facet normal 0.2902846915285437 0.9569403314022136 0
    outer loop
      vertex 76.87312644720078 61.973099395632744 0
      vertex 76.87312644720078 61.973099395632744 1.5
      vertex 77.13575680553913 61.89343134313822 1.5
    endloop
  endfacet
  facet normal 0.47139672966959456 0.8819212681735322 0
    outer loop
      vertex 77.13575680553913 61.89343134313822 0
      vertex 77.13575680553913 61.89343134313822 1.5
      vertex 77.3777983263135 61.76405745744705 1.5
    endloop
  endfacet
  facet normal 0.9569403314022136 0.2902846915285437 0
    outer loop
      vertex 77.89343134313822 61.13575680553913 0
      vertex 77.89343134313822 61.13575680553913 1.5
      vertex 77.97309939563274 60.873126447200775 1.5
    endloop
  endfacet
  facet normal 0.8819212681735322 0.47139672966959456 0
    outer loop
      vertex 77.76405745744705 61.377798326313496 0
      vertex 77.76405745744705 61.377798326313496 1.5
      vertex 77.89343134313822 61.13575680553913 1.5
    endloop
  endfacet
  facet normal 0.6343932751742409 0.7730104607401506 0
    outer loop
      vertex 77.3777983263135 61.76405745744705 0
      vertex 77.3777983263135 61.76405745744705 1.5
      vertex 77.58994949609041 61.58994949609041 1.5
    endloop
  endfacet
  facet normal 0.7730104607401506 0.6343932751742409 0
    outer loop
      vertex 77.58994949609041 61.58994949609041 0
      vertex 77.58994949609041 61.58994949609041 1.5
      vertex 77.76405745744705 61.377798326313496 1.5
    endloop
  endfacet
  facet normal 0 0 1
    outer loop
      vertex 12.761597000062466 12.296672001481056 0.901
      vertex 14.090302996337414 12.296672001481056 0.901
      vertex 14.090302996337414 14.458608001470566 0.901
    endloop
  endfacet
  facet normal 0 0 1
    outer loop
      vertex 12.761597000062466 12.296672001481056 0.901
      vertex 14.090302996337414 14.458608001470566 0.901
      vertex 14.090302996337414 16.099136665463448 0.901
    endloop
  endfacet
  facet normal 0 0 1
    outer loop
      vertex 14.090302996337414 14.458608001470566 0.901
      vertex 14.734900332987309 15.120729997754097 0.901
      vertex 14.090302996337414 16.099136665463448 0.901
    endloop
  endfacet
  facet normal 0 0 1
    outer loop
      vertex 14.734900332987309 15.120729997754097 0.901
      vertex 16.730190336704254 12.296672001481056 0.901
      vertex 15.682137668132782 16.099136665463448 0.901
    endloop
  endfacet
  facet normal 0 0 1
    outer loop
      vertex 15.682137668132782 16.099136665463448 0.901
      vertex 16.730190336704254 12.296672001481056 0.901
      vertex 18.466748997569084 12.296672001481056 0.901
    endloop
  endfacet
  facet normal 0 1 0
    outer loop
      vertex 12.761597000062466 12.296672001481056 0.901
      vertex 12.761597000062466 12.296672001481056 1.5
      vertex 14.090302996337414 12.296672001481056 0.901
    endloop
  endfacet
  facet normal -1 0 0
    outer loop
      vertex 14.090302996337414 12.296672001481056 0.901
      vertex 14.090302996337414 12.296672001481056 1.5
      vertex 14.090302996337414 14.458608001470566 0.901
    endloop
  endfacet
  facet normal -0.7165254894699257 0.6975609098422039 0
    outer loop
      vertex 14.090302996337414 14.458608001470566 0.901
      vertex 14.090302996337414 14.458608001470566 1.5
      vertex 14.734900332987309 15.120729997754097 0.901
    endloop
  endfacet
  facet normal 0.8167174518060065 0.5770377837849993 0
    outer loop
      vertex 14.734900332987309 15.120729997754097 0.901
      vertex 14.734900332987309 15.120729997754097 1.5
      vertex 16.730190336704254 12.296672001481056 0.901
    endloop
  endfacet
  facet normal 0 1 0
    outer loop
      vertex 16.730190336704254 12.296672001481056 0.901
      vertex 16.730190336704254 12.296672001481056 1.5
      vertex 18.466748997569084 12.296672001481056 0.901
    endloop
  endfacet
  facet normal 0 1 0
    outer loop
      vertex 18.76971233636141 12.296672001481056 0.901
      vertex 18.76971233636141 12.296672001481056 1.5
      vertex 20.18177367001772 12.296672001481056 0.901
    endloop
  endfacet
  facet normal -0.8067956639171676 -0.5908305651237558 -3.1460944963448815e-16
    outer loop
      vertex 15.682137668132782 16.099136665463448 0.901
      vertex 18.466748997569084 12.296672001481056 0.901
      vertex 18.466748997569084 12.296672001481056 1.5
    endloop
  endfacet
  facet normal 0 1 0
    outer loop
      vertex 14.090302996337414 12.296672001481056 0.901
      vertex 12.761597000062466 12.296672001481056 1.5
      vertex 14.090302996337414 12.296672001481056 1.5
    endloop
  endfacet
  facet normal 1 0 0
    outer loop
      vertex 12.761597000062466 12.296672001481056 0.901
      vertex 12.761597000062466 18.761269330978394 1.5
      vertex 12.761597000062466 12.296672001481056 1.5
    endloop
  endfacet
  facet normal -1 0 0
    outer loop
      vertex 14.090302996337414 14.458608001470566 0.901
      vertex 14.090302996337414 12.296672001481056 1.5
      vertex 14.090302996337414 14.458608001470566 1.5
    endloop
  endfacet
  facet normal -0.7165254894699257 0.6975609098422039 0
    outer loop
      vertex 14.734900332987309 15.120729997754097 0.901
      vertex 14.090302996337414 14.458608001470566 1.5
      vertex 14.734900332987309 15.120729997754097 1.5
    endloop
  endfacet
  facet normal 0.8167174518060065 0.5770377837849993 0
    outer loop
      vertex 16.730190336704254 12.296672001481056 0.901
      vertex 14.734900332987309 15.120729997754097 1.5
      vertex 16.730190336704254 12.296672001481056 1.5
    endloop
  endfacet
  facet normal -0.8067956639171676 -0.5908305651237558 0
    outer loop
      vertex 15.682137668132782 16.099136665463448 0.901
      vertex 18.466748997569084 12.296672001481056 1.5
      vertex 15.682137668132782 16.099136665463448 1.5
    endloop
  endfacet
  facet normal 0 1 0
    outer loop
      vertex 18.466748997569084 12.296672001481056 0.901
      vertex 16.730190336704254 12.296672001481056 1.5
      vertex 18.466748997569084 12.296672001481056 1.5
    endloop
  endfacet
  facet normal 0 0 1
    outer loop
      vertex 12.761597000062466 12.296672001481056 0.901
      vertex 14.090302996337414 16.099136665463448 0.901
      vertex 12.761597000062466 18.761269330978394 0.901
    endloop
  endfacet
  facet normal 0 0 1
    outer loop
      vertex 14.090302996337414 16.099136665463448 0.901
      vertex 14.090302996337414 18.761269330978394 0.901
      vertex 12.761597000062466 18.761269330978394 0.901
    endloop
  endfacet
  facet normal 0 0 1
    outer loop
      vertex 14.090302996337414 16.099136665463448 0.901
      vertex 14.734900332987309 15.120729997754097 0.901
      vertex 15.682137668132782 16.099136665463448 0.901
    endloop
  endfacet
  facet normal 0 0 1
    outer loop
      vertex 14.090302996337414 16.099136665463448 0.901
      vertex 15.682137668132782 16.099136665463448 0.901
      vertex 16.58546633273363 18.761269330978394 0.901
    endloop
  endfacet
  facet normal 0 0 1
    outer loop
      vertex 15.682137668132782 16.099136665463448 0.901
      vertex 18.33081966638565 18.761269330978394 0.901
      vertex 16.58546633273363 18.761269330978394 0.901
    endloop
  endfacet
  facet normal 1 0 0
    outer loop
      vertex 12.761597000062466 12.296672001481056 0.901
      vertex 12.761597000062466 18.761269330978394 0.901
      vertex 12.761597000062466 18.761269330978394 1.5
    endloop
  endfacet
  facet normal -1 0 0
    outer loop
      vertex 14.090302996337414 16.099136665463448 0.901
      vertex 14.090302996337414 16.099136665463448 1.5
      vertex 14.090302996337414 18.761269330978394 0.901
    endloop
  endfacet
  facet normal 0 -1 0
    outer loop
      vertex 12.761597000062466 18.761269330978394 0.901
      vertex 14.090302996337414 18.761269330978394 0.901
      vertex 14.090302996337414 18.761269330978394 1.5
    endloop
  endfacet
  facet normal -0.7088953925180853 0.7053136341136685 0
    outer loop
      vertex 15.682137668132782 16.099136665463448 0.901
      vertex 15.682137668132782 16.099136665463448 1.5
      vertex 18.33081966638565 18.761269330978394 0.901
    endloop
  endfacet
  facet normal 0.729617340553514 -0.6838556400027842 -1.0159652551070484e-16
    outer loop
      vertex 14.090302996337414 16.099136665463448 0.901
      vertex 16.58546633273363 18.761269330978394 0.901
      vertex 16.58546633273363 18.761269330978394 1.5
    endloop
  endfacet
  facet normal 0 -1 0
    outer loop
      vertex 16.58546633273363 18.761269330978394 0.901
      vertex 18.33081966638565 18.761269330978394 0.901
      vertex 18.33081966638565 18.761269330978394 1.5
    endloop
  endfacet
  facet normal 0 -1 0
    outer loop
      vertex 12.761597000062466 18.761269330978394 0.901
      vertex 14.090302996337414 18.761269330978394 1.5
      vertex 12.761597000062466 18.761269330978394 1.5
    endloop
  endfacet
  facet normal -1 0 0
    outer loop
      vertex 14.090302996337414 18.761269330978394 0.901
      vertex 14.090302996337414 16.099136665463448 1.5
      vertex 14.090302996337414 18.761269330978394 1.5
    endloop
  endfacet
  facet normal 0.729617340553514 -0.6838556400027842 0
    outer loop
      vertex 14.090302996337414 16.099136665463448 0.901
      vertex 16.58546633273363 18.761269330978394 1.5
      vertex 14.090302996337414 16.099136665463448 1.5
    endloop
  endfacet
  facet normal -0.7088953925180853 0.7053136341136685 0
    outer loop
      vertex 18.33081966638565 18.761269330978394 0.901
      vertex 15.682137668132782 16.099136665463448 1.5
      vertex 18.33081966638565 18.761269330978394 1.5
    endloop
  endfacet
  facet normal 0 -1 0
    outer loop
      vertex 16.58546633273363 18.761269330978394 0.901
      vertex 18.33081966638565 18.761269330978394 1.5
      vertex 16.58546633273363 18.761269330978394 1.5
    endloop
  endfacet
  facet normal 0 0 1
    outer loop
      vertex 18.76971233636141 12.296672001481056 0.901
      vertex 20.18177367001772 12.296672001481056 0.901
      vertex 20.62907300144434 13.625183999538422 0.901
    endloop
  endfacet
  facet normal 0 0 1
    outer loop
      vertex 18.76971233636141 12.296672001481056 0.901
      vertex 20.62907300144434 13.625183999538422 0.901
      vertex 21.07637233287096 18.761269330978394 0.901
    endloop
  endfacet
  facet normal 0 0 1
    outer loop
      vertex 20.62907300144434 13.625183999538422 0.901
      vertex 23.010228998959064 13.625183999538422 0.901
      vertex 20.993017002940178 14.738485336303711 0.901
    endloop
  endfacet
  facet normal 0 0 1
    outer loop
      vertex 23.010228998959064 13.625183999538422 0.901
      vertex 24.891511663794518 12.296672001481056 0.901
      vertex 22.633092999458313 14.738485336303711 0.901
    endloop
  endfacet
  facet normal 0 0 1
    outer loop
      vertex 23.426811665296555 12.296672001481056 0.901
      vertex 24.891511663794518 12.296672001481056 0.901
      vertex 23.010228998959064 13.625183999538422 0.901
    endloop
  endfacet
  facet normal 0 0 1
    outer loop
      vertex 20.993017002940178 14.738485336303711 0.901
      vertex 23.010228998959064 13.625183999538422 0.901
      vertex 22.633092999458313 14.738485336303711 0.901
    endloop
  endfacet
  facet normal 0 0 1
    outer loop
      vertex 24.891511663794518 12.296672001481056 0.901
      vertex 22.602376334369183 18.761269330978394 0.901
      vertex 22.633092999458313 14.738485336303711 0.901
    endloop
  endfacet
  facet normal 0 0 1
    outer loop
      vertex 25.69001566618681 12.296672001481056 0.901
      vertex 26.94855833053589 12.296672001481056 0.901
      vertex 26.94855833053589 16.888522669672966 0.901
    endloop
  endfacet
  facet normal 0 0 1
    outer loop
      vertex 26.94855833053589 16.888522669672966 0.901
      vertex 29.58844566345215 12.296672001481056 0.901
      vertex 29.68053100258112 14.248311996459961 0.901
    endloop
  endfacet
  facet normal -0.9477240523613772 0.31909108507717576 0
    outer loop
      vertex 20.18177367001772 12.296672001481056 0.901
      vertex 20.18177367001772 12.296672001481056 1.5
      vertex 20.62907300144434 13.625183999538422 0.901
    endloop
  endfacet
  facet normal 0 1 0
    outer loop
      vertex 20.62907300144434 13.625183999538422 0.901
      vertex 20.62907300144434 13.625183999538422 1.5
      vertex 23.010228998959064 13.625183999538422 0.901
    endloop
  endfacet
  facet normal 0.9541886160826506 0.29920575686018475 0
    outer loop
      vertex 23.426811665296555 12.296672001481056 0.901
      vertex 23.010228998959064 13.625183999538422 0.901
      vertex 23.010228998959064 13.625183999538422 1.5
    endloop
  endfacet
  facet normal 0 1 0
    outer loop
      vertex 23.426811665296555 12.296672001481056 0.901
      vertex 23.426811665296555 12.296672001481056 1.5
      vertex 24.891511663794518 12.296672001481056 0.901
    endloop
  endfacet
  facet normal 0 -1 0
    outer loop
      vertex 20.993017002940178 14.738485336303711 0.901
      vertex 22.633092999458313 14.738485336303711 0.901
      vertex 22.633092999458313 14.738485336303711 1.5
    endloop
  endfacet
  facet normal -0.9426460172825831 -0.33379407739096284 0
    outer loop
      vertex 24.891511663794518 12.296672001481056 0.901
      vertex 24.891511663794518 12.296672001481056 1.5
      vertex 22.602376334369183 18.761269330978394 0.901
    endloop
  endfacet
  facet normal 0 1 0
    outer loop
      vertex 25.69001566618681 12.296672001481056 0.901
      vertex 25.69001566618681 12.296672001481056 1.5
      vertex 26.94855833053589 12.296672001481056 0.901
    endloop
  endfacet
  facet normal -1 0 0
    outer loop
      vertex 26.94855833053589 12.296672001481056 0.901
      vertex 26.94855833053589 12.296672001481056 1.5
      vertex 26.94855833053589 16.888522669672966 0.901
    endloop
  endfacet
  facet normal 0.8669411218222628 0.4984105649899052 0
    outer loop
      vertex 26.94855833053589 16.888522669672966 0.901
      vertex 26.94855833053589 16.888522669672966 1.5
      vertex 29.58844566345215 12.296672001481056 0.901
    endloop
  endfacet
  facet normal 0 0 1
    outer loop
      vertex 29.58844566345215 12.296672001481056 0.901
      vertex 30.9390736669302 12.296672001481056 0.901
      vertex 29.68053100258112 14.248311996459961 0.901
    endloop
  endfacet
  facet normal 0 0 1
    outer loop
      vertex 29.68053100258112 14.248311996459961 0.901
      vertex 30.9390736669302 12.296672001481056 0.901
      vertex 30.9390736669302 18.761269330978394 0.901
    endloop
  endfacet
  facet normal 0 0 1
    outer loop
      vertex 32.09279166907072 12.296672001481056 0.901
      vertex 33.43468966335058 12.296672001481056 0.901
      vertex 32.09279166907072 18.761269330978394 0.901
    endloop
  endfacet
  facet normal 0 0 1
    outer loop
      vertex 34.6715043336153 12.296672001481056 0.901
      vertex 35.93004699796438 12.296672001481056 0.901
      vertex 35.93004699796438 16.888522669672966 0.901
    endloop
  endfacet
  facet normal 0 0 1
    outer loop
      vertex 38.56993433088064 12.296672001481056 0.901
      vertex 38.66201967000961 14.248311996459961 0.901
      vertex 35.93004699796438 16.888522669672966 0.901
    endloop
  endfacet
  facet normal 0 1 0
    outer loop
      vertex 29.58844566345215 12.296672001481056 0.901
      vertex 29.58844566345215 12.296672001481056 1.5
      vertex 30.9390736669302 12.296672001481056 0.901
    endloop
  endfacet
  facet normal -1 0 0
    outer loop
      vertex 30.9390736669302 12.296672001481056 0.901
      vertex 30.9390736669302 12.296672001481056 1.5
      vertex 30.9390736669302 18.761269330978394 0.901
    endloop
  endfacet
  facet normal 0 1 0
    outer loop
      vertex 32.09279166907072 12.296672001481056 0.901
      vertex 32.09279166907072 12.296672001481056 1.5
      vertex 33.43468966335058 12.296672001481056 0.901
    endloop
  endfacet
  facet normal -1 0 0
    outer loop
      vertex 33.43468966335058 12.296672001481056 0.901
      vertex 33.43468966335058 12.296672001481056 1.5
      vertex 33.43468966335058 18.761269330978394 0.901
    endloop
  endfacet
  facet normal 0 1 0
    outer loop
      vertex 34.6715043336153 12.296672001481056 0.901
      vertex 34.6715043336153 12.296672001481056 1.5
      vertex 35.93004699796438 12.296672001481056 0.901
    endloop
  endfacet
  facet normal -1 0 0
    outer loop
      vertex 35.93004699796438 12.296672001481056 0.901
      vertex 35.93004699796438 12.296672001481056 1.5
      vertex 35.93004699796438 16.888522669672966 0.901
    endloop
  endfacet
  facet normal 0.8669411218222628 0.4984105649899052 0
    outer loop
      vertex 38.56993433088064 12.296672001481056 0.901
      vertex 35.93004699796438 16.888522669672966 0.901
      vertex 35.93004699796438 16.888522669672966 1.5
    endloop
  endfacet
  facet normal 0 1 0
    outer loop
      vertex 20.18177367001772 12.296672001481056 0.901
      vertex 18.76971233636141 12.296672001481056 1.5
      vertex 20.18177367001772 12.296672001481056 1.5
    endloop
  endfacet
  facet normal -0.9477240523613772 0.31909108507717576 0
    outer loop
      vertex 20.62907300144434 13.625183999538422 0.901
      vertex 20.18177367001772 12.296672001481056 1.5
      vertex 20.62907300144434 13.625183999538422 1.5
    endloop
  endfacet
  facet normal 0.9418399225902219 -0.3360618398676726 0
    outer loop
      vertex 18.76971233636141 12.296672001481056 0.901
      vertex 21.07637233287096 18.761269330978394 1.5
      vertex 18.76971233636141 12.296672001481056 1.5
    endloop
  endfacet
  facet normal 0 -1 0
    outer loop
      vertex 20.993017002940178 14.738485336303711 0.901
      vertex 22.633092999458313 14.738485336303711 1.5
      vertex 20.993017002940178 14.738485336303711 1.5
    endloop
  endfacet
  facet normal 0.9541886160826506 0.29920575686018475 0
    outer loop
      vertex 23.426811665296555 12.296672001481056 0.901
      vertex 23.010228998959064 13.625183999538422 1.5
      vertex 23.426811665296555 12.296672001481056 1.5
    endloop
  endfacet
  facet normal 0 1 0
    outer loop
      vertex 23.010228998959064 13.625183999538422 0.901
      vertex 20.62907300144434 13.625183999538422 1.5
      vertex 23.010228998959064 13.625183999538422 1.5
    endloop
  endfacet
  facet normal 0 1 0
    outer loop
      vertex 24.891511663794518 12.296672001481056 0.901
      vertex 23.426811665296555 12.296672001481056 1.5
      vertex 24.891511663794518 12.296672001481056 1.5
    endloop
  endfacet
  facet normal 0 1 0
    outer loop
      vertex 26.94855833053589 12.296672001481056 0.901
      vertex 25.69001566618681 12.296672001481056 1.5
      vertex 26.94855833053589 12.296672001481056 1.5
    endloop
  endfacet
  facet normal 1 0 0
    outer loop
      vertex 25.69001566618681 12.296672001481056 0.901
      vertex 25.69001566618681 18.761269330978394 1.5
      vertex 25.69001566618681 12.296672001481056 1.5
    endloop
  endfacet
  facet normal -1 0 0
    outer loop
      vertex 26.94855833053589 16.888522669672966 0.901
      vertex 26.94855833053589 12.296672001481056 1.5
      vertex 26.94855833053589 16.888522669672966 1.5
    endloop
  endfacet
  facet normal 0.8669411218222628 0.4984105649899052 0
    outer loop
      vertex 29.58844566345215 12.296672001481056 0.901
      vertex 26.94855833053589 16.888522669672966 1.5
      vertex 29.58844566345215 12.296672001481056 1.5
    endloop
  endfacet
  facet normal 0 1 0
    outer loop
      vertex 30.9390736669302 12.296672001481056 0.901
      vertex 29.58844566345215 12.296672001481056 1.5
      vertex 30.9390736669302 12.296672001481056 1.5
    endloop
  endfacet
  facet normal 0 1 0
    outer loop
      vertex 33.43468966335058 12.296672001481056 0.901
      vertex 32.09279166907072 12.296672001481056 1.5
      vertex 33.43468966335058 12.296672001481056 1.5
    endloop
  endfacet
  facet normal 1 0 0
    outer loop
      vertex 32.09279166907072 12.296672001481056 0.901
      vertex 32.09279166907072 18.761269330978394 1.5
      vertex 32.09279166907072 12.296672001481056 1.5
    endloop
  endfacet
  facet normal 0 1 0
    outer loop
      vertex 35.93004699796438 12.296672001481056 0.901
      vertex 34.6715043336153 12.296672001481056 1.5
      vertex 35.93004699796438 12.296672001481056 1.5
    endloop
  endfacet
  facet normal 1 0 0
    outer loop
      vertex 34.6715043336153 12.296672001481056 0.901
      vertex 34.6715043336153 18.761269330978394 1.5
      vertex 34.6715043336153 12.296672001481056 1.5
    endloop
  endfacet
  facet normal -1 0 0
    outer loop
      vertex 35.93004699796438 16.888522669672966 0.901
      vertex 35.93004699796438 12.296672001481056 1.5
      vertex 35.93004699796438 16.888522669672966 1.5
    endloop
  endfacet
  facet normal 0.8669411218222628 0.4984105649899052 0
    outer loop
      vertex 38.56993433088064 12.296672001481056 0.901
      vertex 35.93004699796438 16.888522669672966 1.5
      vertex 38.56993433088064 12.296672001481056 1.5
    endloop
  endfacet
  facet normal 0 0 1
    outer loop
      vertex 20.62907300144434 13.625183999538422 0.901
      vertex 20.993017002940178 14.738485336303711 0.901
      vertex 21.07637233287096 18.761269330978394 0.901
    endloop
  endfacet
  facet normal 0 0 1
    outer loop
      vertex 20.993017002940178 14.738485336303711 0.901
      vertex 21.82624699920416 17.281889997422695 0.901
      vertex 21.07637233287096 18.761269330978394 0.901
    endloop
  endfacet
  facet normal 0 0 1
    outer loop
      vertex 21.82624699920416 17.281889997422695 0.901
      vertex 22.602376334369183 18.761269330978394 0.901
      vertex 21.07637233287096 18.761269330978394 0.901
    endloop
  endfacet
  facet normal 0 0 1
    outer loop
      vertex 22.633092999458313 14.738485336303711 0.901
      vertex 22.602376334369183 18.761269330978394 0.901
      vertex 21.82624699920416 17.281889997422695 0.901
    endloop
  endfacet
  facet normal 0 0 1
    outer loop
      vertex 25.69001566618681 12.296672001481056 0.901
      vertex 26.94855833053589 16.888522669672966 0.901
      vertex 25.69001566618681 18.761269330978394 0.901
    endloop
  endfacet
  facet normal 0 0 1
    outer loop
      vertex 25.69001566618681 18.761269330978394 0.901
      vertex 26.94855833053589 16.888522669672966 0.901
      vertex 27.106409668922424 18.761269330978394 0.901
    endloop
  endfacet
  facet normal 0 0 1
    outer loop
      vertex 26.94855833053589 16.888522669672966 0.901
      vertex 29.68053100258112 14.248311996459961 0.901
      vertex 27.106409668922424 18.761269330978394 0.901
    endloop
  endfacet
  facet normal 0.9418399225902219 -0.3360618398676726 -2.1602748582170544e-16
    outer loop
      vertex 18.76971233636141 12.296672001481056 0.901
      vertex 21.07637233287096 18.761269330978394 0.901
      vertex 21.07637233287096 18.761269330978394 1.5
    endloop
  endfacet
  facet normal -0.9503039750118574 0.31132355368115505 0
    outer loop
      vertex 20.993017002940178 14.738485336303711 0.901
      vertex 20.993017002940178 14.738485336303711 1.5
      vertex 21.82624699920416 17.281889997422695 0.901
    endloop
  endfacet
  facet normal 0.9531873714928819 0.30238028180833937 3.4730915291569586e-17
    outer loop
      vertex 22.633092999458313 14.738485336303711 0.901
      vertex 21.82624699920416 17.281889997422695 0.901
      vertex 21.82624699920416 17.281889997422695 1.5
    endloop
  endfacet
  facet normal 0 -1 0
    outer loop
      vertex 21.07637233287096 18.761269330978394 0.901
      vertex 22.602376334369183 18.761269330978394 0.901
      vertex 22.602376334369183 18.761269330978394 1.5
    endloop
  endfacet
  facet normal 1 0 0
    outer loop
      vertex 25.69001566618681 12.296672001481056 0.901
      vertex 25.69001566618681 18.761269330978394 0.901
      vertex 25.69001566618681 18.761269330978394 1.5
    endloop
  endfacet
  facet normal 0 -1 0
    outer loop
      vertex 25.69001566618681 18.761269330978394 0.901
      vertex 27.106409668922424 18.761269330978394 0.901
      vertex 27.106409668922424 18.761269330978394 1.5
    endloop
  endfacet
  facet normal -0.8686335093667261 -0.4954551709340067 0
    outer loop
      vertex 29.68053100258112 14.248311996459961 0.901
      vertex 29.68053100258112 14.248311996459961 1.5
      vertex 27.106409668922424 18.761269330978394 0.901
    endloop
  endfacet
  facet normal 0 0 1
    outer loop
      vertex 29.68053100258112 14.248311996459961 0.901
      vertex 30.9390736669302 18.761269330978394 0.901
      vertex 29.68053100258112 18.761269330978394 0.901
    endloop
  endfacet
  facet normal 0 0 1
    outer loop
      vertex 32.09279166907072 18.761269330978394 0.901
      vertex 33.43468966335058 12.296672001481056 0.901
      vertex 33.43468966335058 18.761269330978394 0.901
    endloop
  endfacet
  facet normal 0 0 1
    outer loop
      vertex 34.6715043336153 12.296672001481056 0.901
      vertex 35.93004699796438 16.888522669672966 0.901
      vertex 34.6715043336153 18.761269330978394 0.901
    endloop
  endfacet
  facet normal 0 0 1
    outer loop
      vertex 35.93004699796438 16.888522669672966 0.901
      vertex 36.08789833635092 18.761269330978394 0.901
      vertex 34.6715043336153 18.761269330978394 0.901
    endloop
  endfacet
  facet normal 0 0 1
    outer loop
      vertex 38.66201967000961 14.248311996459961 0.901
      vertex 36.08789833635092 18.761269330978394 0.901
      vertex 35.93004699796438 16.888522669672966 0.901
    endloop
  endfacet
  facet normal 1 0 0
    outer loop
      vertex 29.68053100258112 14.248311996459961 0.901
      vertex 29.68053100258112 18.761269330978394 0.901
      vertex 29.68053100258112 18.761269330978394 1.5
    endloop
  endfacet
  facet normal 0 -1 0
    outer loop
      vertex 29.68053100258112 18.761269330978394 0.901
      vertex 30.9390736669302 18.761269330978394 0.901
      vertex 30.9390736669302 18.761269330978394 1.5
    endloop
  endfacet
  facet normal 1 0 0
    outer loop
      vertex 32.09279166907072 12.296672001481056 0.901
      vertex 32.09279166907072 18.761269330978394 0.901
      vertex 32.09279166907072 18.761269330978394 1.5
    endloop
  endfacet
  facet normal 0 -1 0
    outer loop
      vertex 32.09279166907072 18.761269330978394 0.901
      vertex 33.43468966335058 18.761269330978394 0.901
      vertex 33.43468966335058 18.761269330978394 1.5
    endloop
  endfacet
  facet normal 1 0 0
    outer loop
      vertex 34.6715043336153 12.296672001481056 0.901
      vertex 34.6715043336153 18.761269330978394 0.901
      vertex 34.6715043336153 18.761269330978394 1.5
    endloop
  endfacet
  facet normal 0 -1 0
    outer loop
      vertex 34.6715043336153 18.761269330978394 0.901
      vertex 36.08789833635092 18.761269330978394 0.901
      vertex 36.08789833635092 18.761269330978394 1.5
    endloop
  endfacet
  facet normal -0.8686335093667261 -0.4954551709340067 0
    outer loop
      vertex 38.66201967000961 14.248311996459961 0.901
      vertex 38.66201967000961 14.248311996459961 1.5
      vertex 36.08789833635092 18.761269330978394 0.901
    endloop
  endfacet
  facet normal 1 0 0
    outer loop
      vertex 38.66201967000961 14.248311996459961 0.901
      vertex 38.66201967000961 18.761269330978394 0.901
      vertex 38.66201967000961 18.761269330978394 1.5
    endloop
  endfacet
  facet normal 0 0 1
    outer loop
      vertex 30.432000003755093 26.302709065377712 0.901
      vertex 30.54399999976158 26.63250883668661 0.901
      vertex 30.417999997735023 26.368669033050537 0.901
    endloop
  endfacet
  facet normal 0 0 1
    outer loop
      vertex 30.88000000268221 25.280329801142216 0.901
      vertex 30.907999999821186 25.263839818537235 0.901
      vertex 30.85199999809265 25.34628975391388 0.901
    endloop
  endfacet
  facet normal 0 0 1
    outer loop
      vertex 30.97800000756979 25.19787986576557 0.901
      vertex 30.907999999821186 25.263839818537235 0.901
      vertex 30.921999998390675 25.230859838426113 0.901
    endloop
  endfacet
  facet normal 0 0 1
    outer loop
      vertex 30.97800000756979 25.19787986576557 0.901
      vertex 31.005999997258186 25.19787986576557 0.901
      vertex 30.907999999821186 25.263839818537235 0.901
    endloop
  endfacet
  facet normal 0 0 1
    outer loop
      vertex 30.740000002086163 25.610129572451115 0.901
      vertex 30.809999994933605 27.077738523483276 0.901
      vertex 30.65599999576807 25.775029443204403 0.901
    endloop
  endfacet
  facet normal 0 0 1
    outer loop
      vertex 30.809999994933605 25.478209659457207 0.901
      vertex 30.96399999409914 27.259128391742706 0.901
      vertex 30.740000002086163 25.610129572451115 0.901
    endloop
  endfacet
  facet normal 0 0 1
    outer loop
      vertex 30.907999999821186 25.263839818537235 0.901
      vertex 31.552000001072884 27.753828033804893 0.901
      vertex 30.85199999809265 25.34628975391388 0.901
    endloop
  endfacet
  facet normal 0 0 1
    outer loop
      vertex 31.005999997258186 25.19787986576557 0.901
      vertex 31.034000001847744 25.18138986825943 0.901
      vertex 31.552000001072884 27.753828033804893 0.901
    endloop
  endfacet
  facet normal 0 0 1
    outer loop
      vertex 31.005999997258186 25.19787986576557 0.901
      vertex 31.552000001072884 27.753828033804893 0.901
      vertex 30.907999999821186 25.263839818537235 0.901
    endloop
  endfacet
  facet normal 0 0 1
    outer loop
      vertex 31.034000001847744 25.18138986825943 0.901
      vertex 32.378000006079674 25.01648999750614 0.901
      vertex 31.552000001072884 27.753828033804893 0.901
    endloop
  endfacet
  facet normal 0 0 1
    outer loop
      vertex 30.65599999576807 25.775029443204403 0.901
      vertex 30.54399999976158 26.63250883668661 0.901
      vertex 30.515999995172024 26.07184923440218 0.901
    endloop
  endfacet
  facet normal 0 0 1
    outer loop
      vertex 30.515999995172024 26.07184923440218 0.901
      vertex 30.54399999976158 26.63250883668661 0.901
      vertex 30.46000000089407 26.203769147396088 0.901
    endloop
  endfacet
  facet normal 0 0 1
    outer loop
      vertex 30.432000003755093 26.302709065377712 0.901
      vertex 30.46000000089407 26.203769147396088 0.901
      vertex 30.54399999976158 26.63250883668661 0.901
    endloop
  endfacet
  facet normal 0 0 1
    outer loop
      vertex 30.65599999576807 25.775029443204403 0.901
      vertex 30.66999999433756 26.879858657717705 0.901
      vertex 30.54399999976158 26.63250883668661 0.901
    endloop
  endfacet
  facet normal 0 0 1
    outer loop
      vertex 30.65599999576807 25.775029443204403 0.901
      vertex 30.809999994933605 27.077738523483276 0.901
      vertex 30.66999999433756 26.879858657717705 0.901
    endloop
  endfacet
  facet normal 0 0 1
    outer loop
      vertex 30.809999994933605 25.478209659457207 0.901
      vertex 30.85199999809265 25.34628975391388 0.901
      vertex 31.552000001072884 27.753828033804893 0.901
    endloop
  endfacet
  facet normal 0 0 1
    outer loop
      vertex 30.740000002086163 25.610129572451115 0.901
      vertex 30.96399999409914 27.259128391742706 0.901
      vertex 30.809999994933605 27.077738523483276 0.901
    endloop
  endfacet
  facet normal 0 0 1
    outer loop
      vertex 30.809999994933605 25.478209659457207 0.901
      vertex 31.117999993264675 27.424028262495995 0.901
      vertex 30.96399999409914 27.259128391742706 0.901
    endloop
  endfacet
  facet normal 0 0 1
    outer loop
      vertex 30.809999994933605 25.478209659457207 0.901
      vertex 31.258000001311302 27.555948182940483 0.901
      vertex 31.117999993264675 27.424028262495995 0.901
    endloop
  endfacet
  facet normal 0 0 1
    outer loop
      vertex 30.809999994933605 25.478209659457207 0.901
      vertex 31.412000000476837 27.67137809842825 0.901
      vertex 31.258000001311302 27.555948182940483 0.901
    endloop
  endfacet
  facet normal 0 0 1
    outer loop
      vertex 30.809999994933605 25.478209659457207 0.901
      vertex 31.552000001072884 27.753828033804893 0.901
      vertex 31.412000000476837 27.67137809842825 0.901
    endloop
  endfacet
  facet normal 0 0 1
    outer loop
      vertex 32.378000006079674 25.01648999750614 0.901
      vertex 32.559999994933605 25 0.901
      vertex 31.663999997079372 27.836277969181538 0.901
    endloop
  endfacet
  facet normal 0 0 1
    outer loop
      vertex 31.663999997079372 27.836277969181538 0.901
      vertex 32.559999994933605 25 0.901
      vertex 32.89599999785423 25 0.901
    endloop
  endfacet
  facet normal 0 0 1
    outer loop
      vertex 31.663999997079372 27.836277969181538 0.901
      vertex 32.89599999785423 25 0.901
      vertex 33.063999995589256 25.032979980111122 0.901
    endloop
  endfacet
  facet normal 0 0 1
    outer loop
      vertex 31.873999997973442 28.01766785234213 0.901
      vertex 33.063999995589256 25.032979980111122 0.901
      vertex 33.24599999934435 25.049469970166683 0.901
    endloop
  endfacet
  facet normal 0 0 1
    outer loop
      vertex 31.873999997973442 28.01766785234213 0.901
      vertex 33.24599999934435 25.049469970166683 0.901
      vertex 33.58200000226498 25.14840990304947 0.901
    endloop
  endfacet
  facet normal 0 0 1
    outer loop
      vertex 32.378000006079674 25.01648999750614 0.901
      vertex 31.663999997079372 27.836277969181538 0.901
      vertex 31.552000001072884 27.753828033804893 0.901
    endloop
  endfacet
  facet normal 0 0 1
    outer loop
      vertex 31.663999997079372 27.836277969181538 0.901
      vertex 33.063999995589256 25.032979980111122 0.901
      vertex 31.761999994516373 27.918727919459343 0.901
    endloop
  endfacet
  facet normal 0 0 1
    outer loop
      vertex 31.761999994516373 27.918727919459343 0.901
      vertex 33.063999995589256 25.032979980111122 0.901
      vertex 31.873999997973442 28.01766785234213 0.901
    endloop
  endfacet
  facet normal 0 0 1
    outer loop
      vertex 31.873999997973442 28.01766785234213 0.901
      vertex 33.58200000226498 25.14840990304947 0.901
      vertex 33.73600000143051 25.214369848370552 0.901
    endloop
  endfacet
  facet normal 0 0 1
    outer loop
      vertex 31.873999997973442 28.01766785234213 0.901
      vertex 33.73600000143051 25.214369848370552 0.901
      vertex 33.91799999773502 25.313309781253338 0.901
    endloop
  endfacet
  facet normal 0 0 1
    outer loop
      vertex 31.873999997973442 28.01766785234213 0.901
      vertex 33.91799999773502 25.313309781253338 0.901
      vertex 34.08600000292063 25.428739704191685 0.901
    endloop
  endfacet
  facet normal 0 0 1
    outer loop
      vertex 31.971999995410442 28.100117787718773 0.901
      vertex 34.08600000292063 25.428739704191685 0.901
      vertex 34.24000000208616 25.54416961967945 0.901
    endloop
  endfacet
  facet normal 0 0 1
    outer loop
      vertex 31.971999995410442 28.100117787718773 0.901
      vertex 34.24000000208616 25.54416961967945 0.901
      vertex 34.36599999666214 25.67608952522278 0.901
    endloop
  endfacet
  facet normal 0 0 1
    outer loop
      vertex 31.971999995410442 28.100117787718773 0.901
      vertex 34.36599999666214 25.67608952522278 0.901
      vertex 34.617999993264675 25.972909308969975 0.901
    endloop
  endfacet
  facet normal 0 0 1
    outer loop
      vertex 31.971999995410442 28.100117787718773 0.901
      vertex 34.617999993264675 25.972909308969975 0.901
      vertex 34.632000006735325 26.022379279136658 0.901
    endloop
  endfacet
  facet normal 0 0 1
    outer loop
      vertex 32.22399999201298 28.446407541632652 0.901
      vertex 34.632000006735325 26.022379279136658 0.901
      vertex 34.67399999499321 26.07184923440218 0.901
    endloop
  endfacet
  facet normal 0 0 1
    outer loop
      vertex 32.22399999201298 28.446407541632652 0.901
      vertex 34.67399999499321 26.07184923440218 0.901
      vertex 34.79999999701977 26.203769147396088 0.901
    endloop
  endfacet
  facet normal 0 0 1
    outer loop
      vertex 32.22399999201298 28.446407541632652 0.901
      vertex 34.79999999701977 26.203769147396088 0.901
      vertex 34.9539999961853 26.41813898831606 0.901
    endloop
  endfacet
  facet normal 0 0 1
    outer loop
      vertex 31.873999997973442 28.01766785234213 0.901
      vertex 34.08600000292063 25.428739704191685 0.901
      vertex 31.971999995410442 28.100117787718773 0.901
    endloop
  endfacet
  facet normal 0 0 1
    outer loop
      vertex 31.971999995410442 28.100117787718773 0.901
      vertex 34.632000006735325 26.022379279136658 0.901
      vertex 32.22399999201298 28.446407541632652 0.901
    endloop
  endfacet
  facet normal 0 0 1
    outer loop
      vertex 32.22399999201298 28.446407541632652 0.901
      vertex 35.149999998509884 26.681978806853294 0.901
      vertex 32.29399999976158 28.57832744717598 0.901
    endloop
  endfacet
  facet normal 0 0 1
    outer loop
      vertex 32.29399999976158 28.57832744717598 0.901
      vertex 35.37399999797344 26.97879859060049 0.901
      vertex 32.350000001490116 28.693757362663746 0.901
    endloop
  endfacet
  facet normal 0 0 1
    outer loop
      vertex 32.22399999201298 28.446407541632652 0.901
      vertex 34.9539999961853 26.41813898831606 0.901
      vertex 35.149999998509884 26.681978806853294 0.901
    endloop
  endfacet
  facet normal 0 0 1
    outer loop
      vertex 32.350000001490116 28.693757362663746 0.901
      vertex 35.597999997437 27.292108364403248 0.901
      vertex 32.40599999576807 28.842167265713215 0.901
    endloop
  endfacet
  facet normal 0 0 1
    outer loop
      vertex 32.40599999576807 28.842167265713215 0.901
      vertex 35.82199999690056 27.638398118317127 0.901
      vertex 32.447999998927116 28.990577153861523 0.901
    endloop
  endfacet
  facet normal 0 0 1
    outer loop
      vertex 32.447999998927116 28.990577153861523 0.901
      vertex 36.01799999922514 27.968197889626026 0.901
      vertex 32.461999997496605 29.155477039515972 0.901
    endloop
  endfacet
  facet normal 0 0 1
    outer loop
      vertex 32.461999997496605 29.155477039515972 0.901
      vertex 36.13000000268221 28.166077740490437 0.901
      vertex 32.461999997496605 29.3038869202137 0.901
    endloop
  endfacet
  facet normal 0 0 1
    outer loop
      vertex 32.461999997496605 29.3038869202137 0.901
      vertex 36.255999997258186 28.330977626144886 0.901
      vertex 32.43400000035763 29.46878680586815 0.901
    endloop
  endfacet
  facet normal 0 0 1
    outer loop
      vertex 32.43400000035763 29.46878680586815 0.901
      vertex 36.40999999642372 28.479387514293194 0.901
      vertex 32.39200000464916 29.617196708917618 0.901
    endloop
  endfacet
  facet normal 0 0 1
    outer loop
      vertex 32.39200000464916 29.617196708917618 0.901
      vertex 36.578000001609325 28.6113074272871 0.901
      vertex 32.32199999690056 29.765606597065926 0.901
    endloop
  endfacet
  facet normal 0 0 1
    outer loop
      vertex 32.23800000548363 29.881036512553692 0.901
      vertex 36.74599999934435 28.710247345268726 0.901
      vertex 32.18200000375509 29.946996465325356 0.901
    endloop
  endfacet
  facet normal 0 0 1
    outer loop
      vertex 32.23800000548363 29.881036512553692 0.901
      vertex 32.32199999690056 29.765606597065926 0.901
      vertex 36.74599999934435 28.710247345268726 0.901
    endloop
  endfacet
  facet normal 0 0 1
    outer loop
      vertex 32.18200000375509 29.946996465325356 0.901
      vertex 36.74599999934435 28.710247345268726 0.901
      vertex 32.097999997437 30.062426380813122 0.901
    endloop
  endfacet
  facet normal 0 0 1
    outer loop
      vertex 32.01399999856949 30.161366313695908 0.901
      vertex 32.097999997437 30.062426380813122 0.901
      vertex 36.92800000309944 28.77620729804039 0.901
    endloop
  endfacet
  facet normal 0 0 1
    outer loop
      vertex 32.01399999856949 30.161366313695908 0.901
      vertex 37.12399999797344 28.825677268207073 0.901
      vertex 31.915999993681908 30.260306246578693 0.901
    endloop
  endfacet
  facet normal 0 0 1
    outer loop
      vertex 31.734000004827976 30.441696122288704 0.901
      vertex 31.832000002264977 30.342756189405918 0.901
      vertex 37.12399999797344 28.825677268207073 0.901
    endloop
  endfacet
  facet normal 0 0 1
    outer loop
      vertex 31.915999993681908 30.260306246578693 0.901
      vertex 37.12399999797344 28.825677268207073 0.901
      vertex 31.832000002264977 30.342756189405918 0.901
    endloop
  endfacet
  facet normal 0 0 1
    outer loop
      vertex 32.29399999976158 28.57832744717598 0.901
      vertex 35.149999998509884 26.681978806853294 0.901
      vertex 35.37399999797344 26.97879859060049 0.901
    endloop
  endfacet
  facet normal 0 0 1
    outer loop
      vertex 32.350000001490116 28.693757362663746 0.901
      vertex 35.37399999797344 26.97879859060049 0.901
      vertex 35.597999997437 27.292108364403248 0.901
    endloop
  endfacet
  facet normal 0 0 1
    outer loop
      vertex 32.40599999576807 28.842167265713215 0.901
      vertex 35.597999997437 27.292108364403248 0.901
      vertex 35.82199999690056 27.638398118317127 0.901
    endloop
  endfacet
  facet normal 0 0 1
    outer loop
      vertex 32.447999998927116 28.990577153861523 0.901
      vertex 35.82199999690056 27.638398118317127 0.901
      vertex 36.01799999922514 27.968197889626026 0.901
    endloop
  endfacet
  facet normal 0 0 1
    outer loop
      vertex 32.461999997496605 29.155477039515972 0.901
      vertex 36.01799999922514 27.968197889626026 0.901
      vertex 36.13000000268221 28.166077740490437 0.901
    endloop
  endfacet
  facet normal 0 0 1
    outer loop
      vertex 32.461999997496605 29.3038869202137 0.901
      vertex 36.13000000268221 28.166077740490437 0.901
      vertex 36.255999997258186 28.330977626144886 0.901
    endloop
  endfacet
  facet normal 0 0 1
    outer loop
      vertex 32.43400000035763 29.46878680586815 0.901
      vertex 36.255999997258186 28.330977626144886 0.901
      vertex 36.40999999642372 28.479387514293194 0.901
    endloop
  endfacet
  facet normal 0 0 1
    outer loop
      vertex 32.39200000464916 29.617196708917618 0.901
      vertex 36.40999999642372 28.479387514293194 0.901
      vertex 36.578000001609325 28.6113074272871 0.901
    endloop
  endfacet
  facet normal 0 0 1
    outer loop
      vertex 32.32199999690056 29.765606597065926 0.901
      vertex 36.578000001609325 28.6113074272871 0.901
      vertex 36.74599999934435 28.710247345268726 0.901
    endloop
  endfacet
  facet normal 0 0 1
    outer loop
      vertex 32.097999997437 30.062426380813122 0.901
      vertex 36.74599999934435 28.710247345268726 0.901
      vertex 36.92800000309944 28.77620729804039 0.901
    endloop
  endfacet
  facet normal 0 0 1
    outer loop
      vertex 32.01399999856949 30.161366313695908 0.901
      vertex 36.92800000309944 28.77620729804039 0.901
      vertex 37.12399999797344 28.825677268207073 0.901
    endloop
  endfacet
  facet normal 0.1217801611778193 0.9925570977749867 0
    outer loop
      vertex 31.034000001847744 25.18138986825943 0.901
      vertex 31.034000001847744 25.18138986825943 1.5
      vertex 32.378000006079674 25.01648999750614 0.901
    endloop
  endfacet
  facet normal 0.9622108019250117 0.27230566035032355 0
    outer loop
      vertex 30.432000003755093 26.302709065377712 0.901
      vertex 30.432000003755093 26.302709065377712 1.5
      vertex 30.46000000089407 26.203769147396088 0.901
    endloop
  endfacet
  facet normal 0.9782085363194629 0.20762480456760016 0
    outer loop
      vertex 30.432000003755093 26.302709065377712 0.901
      vertex 30.417999997735023 26.368669033050537 0.901
      vertex 30.417999997735023 26.368669033050537 1.5
    endloop
  endfacet
  facet normal 0.8833443860609116 0.4687245412976274 0
    outer loop
      vertex 30.809999994933605 25.478209659457207 0.901
      vertex 30.740000002086163 25.610129572451115 0.901
      vertex 30.740000002086163 25.610129572451115 1.5
    endloop
  endfacet
  facet normal 0.5074635110523995 0.8616732472059065 0
    outer loop
      vertex 30.88000000268221 25.280329801142216 0.901
      vertex 30.88000000268221 25.280329801142216 1.5
      vertex 30.907999999821186 25.263839818537235 0.901
    endloop
  endfacet
  facet normal 0.9204965455158104 0.390750700182942 0
    outer loop
      vertex 30.921999998390675 25.230859838426113 0.901
      vertex 30.907999999821186 25.263839818537235 0.901
      vertex 30.907999999821186 25.263839818537235 1.5
    endloop
  endfacet
  facet normal 0.9204964922416835 0.39075082568147773 0
    outer loop
      vertex 30.88000000268221 25.280329801142216 0.901
      vertex 30.85199999809265 25.34628975391388 0.901
      vertex 30.85199999809265 25.34628975391388 1.5
    endloop
  endfacet
  facet normal 0 1 0
    outer loop
      vertex 30.97800000756979 25.19787986576557 0.901
      vertex 30.97800000756979 25.19787986576557 1.5
      vertex 31.005999997258186 25.19787986576557 0.901
    endloop
  endfacet
  facet normal 0.5074634959133563 0.8616732561217129 0
    outer loop
      vertex 30.97800000756979 25.19787986576557 0.901
      vertex 30.921999998390675 25.230859838426113 0.901
      vertex 30.921999998390675 25.230859838426113 1.5
    endloop
  endfacet
  facet normal 0.507463751272258 0.8616731057336581 0
    outer loop
      vertex 31.005999997258186 25.19787986576557 0.901
      vertex 31.005999997258186 25.19787986576557 1.5
      vertex 31.034000001847744 25.18138986825943 0.901
    endloop
  endfacet
  facet normal 0.9528725729403069 0.3033708287527321 0
    outer loop
      vertex 30.809999994933605 25.478209659457207 0.901
      vertex 30.809999994933605 25.478209659457207 1.5
      vertex 30.85199999809265 25.34628975391388 0.901
    endloop
  endfacet
  facet normal 0.891051709966237 0.45390180674485664 0
    outer loop
      vertex 30.740000002086163 25.610129572451115 0.901
      vertex 30.65599999576807 25.775029443204403 0.901
      vertex 30.65599999576807 25.775029443204403 1.5
    endloop
  endfacet
  facet normal 0.9044425674064499 0.4265954081600377 0
    outer loop
      vertex 30.65599999576807 25.775029443204403 0.901
      vertex 30.515999995172024 26.07184923440218 0.901
      vertex 30.515999995172024 26.07184923440218 1.5
    endloop
  endfacet
  facet normal 0.9204965375779866 0.39075071888217733 0
    outer loop
      vertex 30.515999995172024 26.07184923440218 0.901
      vertex 30.46000000089407 26.203769147396088 0.901
      vertex 30.46000000089407 26.203769147396088 1.5
    endloop
  endfacet
  facet normal 0.9023793591332413 -0.4309425625420174 0
    outer loop
      vertex 30.417999997735023 26.368669033050537 0.901
      vertex 30.54399999976158 26.63250883668661 0.901
      vertex 30.54399999976158 26.63250883668661 1.5
    endloop
  endfacet
  facet normal 0.8910517427365502 -0.45390174241366044 0
    outer loop
      vertex 30.54399999976158 26.63250883668661 0.901
      vertex 30.66999999433756 26.879858657717705 0.901
      vertex 30.66999999433756 26.879858657717705 1.5
    endloop
  endfacet
  facet normal 0.8163452395691616 -0.577564238706629 0
    outer loop
      vertex 30.66999999433756 26.879858657717705 0.901
      vertex 30.809999994933605 27.077738523483276 0.901
      vertex 30.809999994933605 27.077738523483276 1.5
    endloop
  endfacet
  facet normal 0.09023476886119614 0.9959205221746193 0
    outer loop
      vertex 32.378000006079674 25.01648999750614 0.901
      vertex 32.378000006079674 25.01648999750614 1.5
      vertex 32.559999994933605 25 0.901
    endloop
  endfacet
  facet normal 0 1 0
    outer loop
      vertex 32.559999994933605 25 0.901
      vertex 32.559999994933605 25 1.5
      vertex 32.89599999785423 25 0.901
    endloop
  endfacet
  facet normal -0.19263271531720405 0.981270929452983 0
    outer loop
      vertex 32.89599999785423 25 0.901
      vertex 32.89599999785423 25 1.5
      vertex 33.063999995589256 25.032979980111122 0.901
    endloop
  endfacet
  facet normal -0.09023472109513475 0.995920526502433 0
    outer loop
      vertex 33.063999995589256 25.032979980111122 0.901
      vertex 33.063999995589256 25.032979980111122 1.5
      vertex 33.24599999934435 25.049469970166683 0.901
    endloop
  endfacet
  facet normal -0.2824721783160024 0.9592754914399786 0
    outer loop
      vertex 33.24599999934435 25.049469970166683 0.901
      vertex 33.24599999934435 25.049469970166683 1.5
      vertex 33.58200000226498 25.14840990304947 0.901
    endloop
  endfacet
  facet normal -0.3937173028772783 0.9192315733345116 0
    outer loop
      vertex 33.58200000226498 25.14840990304947 0.901
      vertex 33.58200000226498 25.14840990304947 1.5
      vertex 33.73600000143051 25.214369848370552 0.901
    endloop
  endfacet
  facet normal -0.4776135305899355 0.8785700401205455 0
    outer loop
      vertex 33.73600000143051 25.214369848370552 0.901
      vertex 33.73600000143051 25.214369848370552 1.5
      vertex 33.91799999773502 25.313309781253338 0.901
    endloop
  endfacet
  facet normal -0.5662953354785687 0.8242023980887313 0
    outer loop
      vertex 33.91799999773502 25.313309781253338 0.901
      vertex 33.91799999773502 25.313309781253338 1.5
      vertex 34.08600000292063 25.428739704191685 0.901
    endloop
  endfacet
  facet normal 0.7623153659759899 -0.6472057499720568 0
    outer loop
      vertex 30.809999994933605 27.077738523483276 0.901
      vertex 30.96399999409914 27.259128391742706 0.901
      vertex 30.96399999409914 27.259128391742706 1.5
    endloop
  endfacet
  facet normal 0.730848630993865 -0.6825395802254939 0
    outer loop
      vertex 30.96399999409914 27.259128391742706 0.901
      vertex 31.117999993264675 27.424028262495995 0.901
      vertex 31.117999993264675 27.424028262495995 1.5
    endloop
  endfacet
  facet normal 0.6857924340421538 -0.7277971815076903 0
    outer loop
      vertex 31.117999993264675 27.424028262495995 0.901
      vertex 31.258000001311302 27.555948182940483 0.901
      vertex 31.258000001311302 27.555948182940483 1.5
    endloop
  endfacet
  facet normal 0.5997669174707153 -0.8001747588543869 0
    outer loop
      vertex 31.258000001311302 27.555948182940483 0.901
      vertex 31.412000000476837 27.67137809842825 0.901
      vertex 31.412000000476837 27.67137809842825 1.5
    endloop
  endfacet
  facet normal 0.507463573092511 -0.861673210668744 0
    outer loop
      vertex 31.412000000476837 27.67137809842825 0.901
      vertex 31.552000001072884 27.753828033804893 0.901
      vertex 31.552000001072884 27.753828033804893 1.5
    endloop
  endfacet
  facet normal 0.5928430483572568 -0.805318024146036 0
    outer loop
      vertex 31.552000001072884 27.753828033804893 0.901
      vertex 31.663999997079372 27.836277969181538 0.901
      vertex 31.663999997079372 27.836277969181538 1.5
    endloop
  endfacet
  facet normal 0.6437867577662254 0.7652049467461979 0
    outer loop
      vertex 31.440000005066395 30.689045943319798 0.901
      vertex 31.440000005066395 30.689045943319798 1.5
      vertex 31.734000004827976 30.441696122288704 0.901
    endloop
  endfacet
  facet normal 0.6437868127380797 -0.7652049004969486 0
    outer loop
      vertex 31.663999997079372 27.836277969181538 0.901
      vertex 31.761999994516373 27.918727919459343 0.901
      vertex 31.761999994516373 27.918727919459343 1.5
    endloop
  endfacet
  facet normal 0.6620594642907374 -0.7494513097880755 0
    outer loop
      vertex 31.761999994516373 27.918727919459343 0.901
      vertex 31.873999997973442 28.01766785234213 0.901
      vertex 31.873999997973442 28.01766785234213 1.5
    endloop
  endfacet
  facet normal 0.6437867446098152 -0.7652049578150266 0
    outer loop
      vertex 31.873999997973442 28.01766785234213 0.901
      vertex 31.971999995410442 28.100117787718773 0.901
      vertex 31.971999995410442 28.100117787718773 1.5
    endloop
  endfacet
  facet normal 0.8085662252608344 -0.5884051829882581 0
    outer loop
      vertex 31.971999995410442 28.100117787718773 0.901
      vertex 32.22399999201298 28.446407541632652 0.901
      vertex 32.22399999201298 28.446407541632652 1.5
    endloop
  endfacet
  facet normal 0.8833443337869535 -0.46872463981156687 0
    outer loop
      vertex 32.22399999201298 28.446407541632652 0.901
      vertex 32.29399999976158 28.57832744717598 0.901
      vertex 32.29399999976158 28.57832744717598 1.5
    endloop
  endfacet
  facet normal 0.8997101025416603 -0.436487951018668 0
    outer loop
      vertex 32.29399999976158 28.57832744717598 0.901
      vertex 32.350000001490116 28.693757362663746 0.901
      vertex 32.350000001490116 28.693757362663746 1.5
    endloop
  endfacet
  facet normal 0.9356095126338678 -0.35303659848380636 0
    outer loop
      vertex 32.350000001490116 28.693757362663746 0.901
      vertex 32.40599999576807 28.842167265713215 0.901
      vertex 32.40599999576807 28.842167265713215 1.5
    endloop
  endfacet
  facet normal 0.962210794641015 -0.27230568608882655 0
    outer loop
      vertex 32.40599999576807 28.842167265713215 0.901
      vertex 32.447999998927116 28.990577153861523 0.901
      vertex 32.447999998927116 28.990577153861523 1.5
    endloop
  endfacet
  facet normal 0.8085661944075941 0.5884052253857206 0
    outer loop
      vertex 32.18200000375509 29.946996465325356 0.901
      vertex 32.097999997437 30.062426380813122 0.901
      vertex 32.097999997437 30.062426380813122 1.5
    endloop
  endfacet
  facet normal 0.8085662440679031 0.5884051571442285 0
    outer loop
      vertex 32.23800000548363 29.881036512553692 0.901
      vertex 32.23800000548363 29.881036512553692 1.5
      vertex 32.32199999690056 29.765606597065926 0.901
    endloop
  endfacet
  facet normal 0.7623153576685116 0.6472057597570724 0
    outer loop
      vertex 32.23800000548363 29.881036512553692 0.901
      vertex 32.18200000375509 29.946996465325356 0.901
      vertex 32.18200000375509 29.946996465325356 1.5
    endloop
  endfacet
  facet normal 0.996415362859069 -0.08459565389799861 0
    outer loop
      vertex 32.447999998927116 28.990577153861523 0.901
      vertex 32.461999997496605 29.155477039515972 0.901
      vertex 32.461999997496605 29.155477039515972 1.5
    endloop
  endfacet
  facet normal 1 0 0
    outer loop
      vertex 32.461999997496605 29.155477039515972 0.901
      vertex 32.461999997496605 29.3038869202137 0.901
      vertex 32.461999997496605 29.3038869202137 1.5
    endloop
  endfacet
  facet normal 0.985888410124923 0.1674038314416722 0
    outer loop
      vertex 32.461999997496605 29.3038869202137 0.901
      vertex 32.43400000035763 29.46878680586815 0.901
      vertex 32.43400000035763 29.46878680586815 1.5
    endloop
  endfacet
  facet normal 0.9622108144615843 0.2723056160514775 0
    outer loop
      vertex 32.43400000035763 29.46878680586815 0.901
      vertex 32.39200000464916 29.617196708917618 0.901
      vertex 32.39200000464916 29.617196708917618 1.5
    endloop
  endfacet
  facet normal 0.9044425416245504 0.42659546282130495 0
    outer loop
      vertex 32.39200000464916 29.617196708917618 0.901
      vertex 32.32199999690056 29.765606597065926 0.901
      vertex 32.32199999690056 29.765606597065926 1.5
    endloop
  endfacet
  facet normal 0.7104734720574505 0.7037239838904392 0
    outer loop
      vertex 32.01399999856949 30.161366313695908 0.901
      vertex 31.915999993681908 30.260306246578693 0.901
      vertex 31.915999993681908 30.260306246578693 1.5
    endloop
  endfacet
  facet normal 0.7104734988070078 0.7037239568843232 0
    outer loop
      vertex 31.734000004827976 30.441696122288704 0.901
      vertex 31.734000004827976 30.441696122288704 1.5
      vertex 31.832000002264977 30.342756189405918 0.901
    endloop
  endfacet
  facet normal 0.7004915461124405 0.7136606993698074 0
    outer loop
      vertex 31.915999993681908 30.260306246578693 0.901
      vertex 31.832000002264977 30.342756189405918 0.901
      vertex 31.832000002264977 30.342756189405918 1.5
    endloop
  endfacet
  facet normal 0.762315383852581 0.6472057289160009 0
    outer loop
      vertex 32.01399999856949 30.161366313695908 0.901
      vertex 32.01399999856949 30.161366313695908 1.5
      vertex 32.097999997437 30.062426380813122 0.901
    endloop
  endfacet
  facet normal -0.5997669174707153 0.8001747588543869 0
    outer loop
      vertex 34.08600000292063 25.428739704191685 0.901
      vertex 34.08600000292063 25.428739704191685 1.5
      vertex 34.24000000208616 25.54416961967945 0.901
    endloop
  endfacet
  facet normal -0.7231462036532279 0.6906949892260144 0
    outer loop
      vertex 34.24000000208616 25.54416961967945 0.901
      vertex 34.24000000208616 25.54416961967945 1.5
      vertex 34.36599999666214 25.67608952522278 0.901
    endloop
  endfacet
  facet normal -0.7623153678220963 0.647205747797609 0
    outer loop
      vertex 34.36599999666214 25.67608952522278 0.901
      vertex 34.36599999666214 25.67608952522278 1.5
      vertex 34.617999993264675 25.972909308969975 0.901
    endloop
  endfacet
  facet normal -0.9622107421025693 0.27230587173695514 0
    outer loop
      vertex 34.617999993264675 25.972909308969975 0.901
      vertex 34.617999993264675 25.972909308969975 1.5
      vertex 34.632000006735325 26.022379279136658 0.901
    endloop
  endfacet
  facet normal -0.7623153966826399 0.6472057138040341 0
    outer loop
      vertex 34.632000006735325 26.022379279136658 0.901
      vertex 34.67399999499321 26.07184923440218 1.5
      vertex 34.67399999499321 26.07184923440218 0.901
    endloop
  endfacet
  facet normal -0.7231462027378022 0.6906949901844501 0
    outer loop
      vertex 34.67399999499321 26.07184923440218 0.901
      vertex 34.67399999499321 26.07184923440218 1.5
      vertex 34.79999999701977 26.203769147396088 0.901
    endloop
  endfacet
  facet normal -0.8121559774387528 0.5834403725407626 0
    outer loop
      vertex 34.79999999701977 26.203769147396088 0.901
      vertex 34.79999999701977 26.203769147396088 1.5
      vertex 34.9539999961853 26.41813898831606 0.901
    endloop
  endfacet
  facet normal -0.8027369901809923 0.5963332328448261 0
    outer loop
      vertex 34.9539999961853 26.41813898831606 0.901
      vertex 34.9539999961853 26.41813898831606 1.5
      vertex 35.149999998509884 26.681978806853294 0.901
    endloop
  endfacet
  facet normal -0.7982084574889615 0.6023813230779095 0
    outer loop
      vertex 35.149999998509884 26.681978806853294 0.901
      vertex 35.149999998509884 26.681978806853294 1.5
      vertex 35.37399999797344 26.97879859060049 0.901
    endloop
  endfacet
  facet normal -0.8134788179627562 0.5815945432394607 0
    outer loop
      vertex 35.37399999797344 26.97879859060049 0.901
      vertex 35.37399999797344 26.97879859060049 1.5
      vertex 35.597999997437 27.292108364403248 0.901
    endloop
  endfacet
  facet normal 0.8435138290680259 0.5371074568193942 0
    outer loop
      vertex 38.91599999368191 27.16018845885992 0.901
      vertex 38.91599999368191 27.16018845885992 1.5
      vertex 39.08400000631809 26.896348640322685 0.901
    endloop
  endfacet
  facet normal -0.839647386020957 0.5431319058462447 0
    outer loop
      vertex 35.597999997437 27.292108364403248 0.901
      vertex 35.597999997437 27.292108364403248 1.5
      vertex 35.82199999690056 27.638398118317127 0.901
    endloop
  endfacet
  facet normal -0.8596471181272045 0.5108882777042278 0
    outer loop
      vertex 35.82199999690056 27.638398118317127 0.901
      vertex 35.82199999690056 27.638398118317127 1.5
      vertex 36.01799999922514 27.968197889626026 0.901
    endloop
  endfacet
  facet normal -0.8702709181401422 0.49257337426977704 0
    outer loop
      vertex 36.01799999922514 27.968197889626026 0.901
      vertex 36.01799999922514 27.968197889626026 1.5
      vertex 36.13000000268221 28.166077740490437 0.901
    endloop
  endfacet
  facet normal -0.7945900984383649 0.607146255414385 0
    outer loop
      vertex 36.13000000268221 28.166077740490437 0.901
      vertex 36.13000000268221 28.166077740490437 1.5
      vertex 36.255999997258186 28.330977626144886 0.901
    endloop
  endfacet
  facet normal -0.6939172154051698 0.7200547883073448 0
    outer loop
      vertex 36.255999997258186 28.330977626144886 0.901
      vertex 36.255999997258186 28.330977626144886 1.5
      vertex 36.40999999642372 28.479387514293194 0.901
    endloop
  endfacet
  facet normal -0.6175896945402111 0.786500457213935 0
    outer loop
      vertex 36.40999999642372 28.479387514293194 0.901
      vertex 36.40999999642372 28.479387514293194 1.5
      vertex 36.578000001609325 28.6113074272871 0.901
    endloop
  endfacet
  facet normal -0.5074635627524939 0.8616732167582707 0
    outer loop
      vertex 36.578000001609325 28.6113074272871 0.901
      vertex 36.578000001609325 28.6113074272871 1.5
      vertex 36.74599999934435 28.710247345268726 0.901
    endloop
  endfacet
  facet normal -0.3407306145946211 0.9401609693440649 0
    outer loop
      vertex 36.74599999934435 28.710247345268726 0.901
      vertex 36.74599999934435 28.710247345268726 1.5
      vertex 36.92800000309944 28.77620729804039 0.901
    endloop
  endfacet
  facet normal -0.24472315235240194 0.9695929964179315 0
    outer loop
      vertex 36.92800000309944 28.77620729804039 0.901
      vertex 36.92800000309944 28.77620729804039 1.5
      vertex 37.12399999797344 28.825677268207073 0.901
    endloop
  endfacet
  facet normal -0.08383645588079007 0.9964795274692543 0
    outer loop
      vertex 37.12399999797344 28.825677268207073 0.901
      vertex 37.12399999797344 28.825677268207073 1.5
      vertex 37.31999999284744 28.842167265713215 0.901
    endloop
  endfacet
  facet normal 0 1 0
    outer loop
      vertex 37.31999999284744 28.842167265713215 0.901
      vertex 37.31999999284744 28.842167265713215 1.5
      vertex 37.53000000119209 28.842167265713215 0.901
    endloop
  endfacet
  facet normal 0.1456617437641492 0.9893344512365813 0
    outer loop
      vertex 37.53000000119209 28.842167265713215 0.901
      vertex 37.53000000119209 28.842167265713215 1.5
      vertex 37.75400000065565 28.809187285602093 0.901
    endloop
  endfacet
  facet normal 0.9204965030030953 0.39075080033068715 0
    outer loop
      vertex 38.85999999940395 27.275618381798267 0.901
      vertex 38.80399999767542 27.407538279891014 0.901
      vertex 38.80399999767542 27.407538279891014 1.5
    endloop
  endfacet
  facet normal 0.899710136411831 0.4364878812038251 0
    outer loop
      vertex 38.85999999940395 27.275618381798267 0.901
      vertex 38.85999999940395 27.275618381798267 1.5
      vertex 38.91599999368191 27.16018845885992 0.901
    endloop
  endfacet
  facet normal 0.9782085604552899 0.20762469085344692 0
    outer loop
      vertex 38.80399999767542 27.407538279891014 0.901
      vertex 38.77600000798702 27.53945818543434 0.901
      vertex 38.77600000798702 27.53945818543434 1.5
    endloop
  endfacet
  facet normal 1 0 0
    outer loop
      vertex 38.77600000798702 27.53945818543434 0.901
      vertex 38.77600000798702 27.67137809842825 0.901
      vertex 38.77600000798702 27.67137809842825 1.5
    endloop
  endfacet
  facet normal 0.9964153660095822 -0.08459561678946537 0
    outer loop
      vertex 38.77600000798702 27.67137809842825 0.901
      vertex 38.78999999910593 27.836277969181538 0.901
      vertex 38.78999999910593 27.836277969181538 1.5
    endloop
  endfacet
  facet normal 0.9690613584887721 -0.24681994142268096 0
    outer loop
      vertex 38.78999999910593 27.836277969181538 0.901
      vertex 38.83200000226498 28.001177854835987 0.901
      vertex 38.83200000226498 28.001177854835987 1.5
    endloop
  endfacet
  facet normal 0.2292949642411037 0.9733569845507202 0
    outer loop
      vertex 37.75400000065565 28.809187285602093 0.901
      vertex 37.75400000065565 28.809187285602093 1.5
      vertex 37.96399999409914 28.75971731543541 0.901
    endloop
  endfacet
  facet normal 0.2824721627651162 0.959275496019156 0
    outer loop
      vertex 38.18800000101328 28.693757362663746 0.901
      vertex 37.96399999409914 28.75971731543541 0.901
      vertex 37.96399999409914 28.75971731543541 1.5
    endloop
  endfacet
  facet normal 0.4262075150282917 0.9046254220026146 0
    outer loop
      vertex 38.18800000101328 28.693757362663746 0.901
      vertex 38.18800000101328 28.693757362663746 1.5
      vertex 38.39800000190735 28.59481742978096 0.901
    endloop
  endfacet
  facet normal 0.4816942036173607 0.8763393715915294 0
    outer loop
      vertex 38.39800000190735 28.59481742978096 0.901
      vertex 38.39800000190735 28.59481742978096 1.5
      vertex 38.60799999535084 28.479387514293194 0.901
    endloop
  endfacet
  facet normal 0.6437867302802956 0.7652049698708222 0
    outer loop
      vertex 38.60799999535084 28.479387514293194 0.901
      vertex 38.60799999535084 28.479387514293194 1.5
      vertex 38.80399999767542 28.314487643539906 0.901
    endloop
  endfacet
  facet normal 0.7360226752397308 0.6769568830678582 0
    outer loop
      vertex 38.80399999767542 28.314487643539906 0.901
      vertex 38.80399999767542 28.314487643539906 1.5
      vertex 38.926765605807304 28.181010499596596 0.901
    endloop
  endfacet
  facet normal 0.8846812029343575 -0.466196492023072 0
    outer loop
      vertex 38.83200000226498 28.001177854835987 0.901
      vertex 38.926765605807304 28.181010499596596 0.901
      vertex 38.926765605807304 28.181010499596596 1.5
    endloop
  endfacet
  facet normal -0.9503039750118574 0.31132355368115505 0
    outer loop
      vertex 21.82624699920416 17.281889997422695 0.901
      vertex 20.993017002940178 14.738485336303711 1.5
      vertex 21.82624699920416 17.281889997422695 1.5
    endloop
  endfacet
  facet normal 0 -1 0
    outer loop
      vertex 21.07637233287096 18.761269330978394 0.901
      vertex 22.602376334369183 18.761269330978394 1.5
      vertex 21.07637233287096 18.761269330978394 1.5
    endloop
  endfacet
  facet normal 0.9531873714928819 0.30238028180833937 0
    outer loop
      vertex 22.633092999458313 14.738485336303711 0.901
      vertex 21.82624699920416 17.281889997422695 1.5
      vertex 22.633092999458313 14.738485336303711 1.5
    endloop
  endfacet
  facet normal -0.9426460172825831 -0.33379407739096284 0
    outer loop
      vertex 22.602376334369183 18.761269330978394 0.901
      vertex 24.891511663794518 12.296672001481056 1.5
      vertex 22.602376334369183 18.761269330978394 1.5
    endloop
  endfacet
  facet normal 0 -1 0
    outer loop
      vertex 25.69001566618681 18.761269330978394 0.901
      vertex 27.106409668922424 18.761269330978394 1.5
      vertex 25.69001566618681 18.761269330978394 1.5
    endloop
  endfacet
  facet normal -0.8686335093667261 -0.4954551709340067 0
    outer loop
      vertex 27.106409668922424 18.761269330978394 0.901
      vertex 29.68053100258112 14.248311996459961 1.5
      vertex 27.106409668922424 18.761269330978394 1.5
    endloop
  endfacet
  facet normal 1 0 0
    outer loop
      vertex 29.68053100258112 14.248311996459961 0.901
      vertex 29.68053100258112 18.761269330978394 1.5
      vertex 29.68053100258112 14.248311996459961 1.5
    endloop
  endfacet
  facet normal -1 0 0
    outer loop
      vertex 30.9390736669302 18.761269330978394 0.901
      vertex 30.9390736669302 12.296672001481056 1.5
      vertex 30.9390736669302 18.761269330978394 1.5
    endloop
  endfacet
  facet normal 0 -1 0
    outer loop
      vertex 29.68053100258112 18.761269330978394 0.901
      vertex 30.9390736669302 18.761269330978394 1.5
      vertex 29.68053100258112 18.761269330978394 1.5
    endloop
  endfacet
  facet normal -1 0 0
    outer loop
      vertex 33.43468966335058 18.761269330978394 0.901
      vertex 33.43468966335058 12.296672001481056 1.5
      vertex 33.43468966335058 18.761269330978394 1.5
    endloop
  endfacet
  facet normal 0 -1 0
    outer loop
      vertex 32.09279166907072 18.761269330978394 0.901
      vertex 33.43468966335058 18.761269330978394 1.5
      vertex 32.09279166907072 18.761269330978394 1.5
    endloop
  endfacet
  facet normal 0 -1 0
    outer loop
      vertex 34.6715043336153 18.761269330978394 0.901
      vertex 36.08789833635092 18.761269330978394 1.5
      vertex 34.6715043336153 18.761269330978394 1.5
    endloop
  endfacet
  facet normal -0.8686335093667261 -0.4954551709340067 0
    outer loop
      vertex 36.08789833635092 18.761269330978394 0.901
      vertex 38.66201967000961 14.248311996459961 1.5
      vertex 36.08789833635092 18.761269330978394 1.5
    endloop
  endfacet
  facet normal 1 0 0
    outer loop
      vertex 38.66201967000961 14.248311996459961 0.901
      vertex 38.66201967000961 18.761269330978394 1.5
      vertex 38.66201967000961 14.248311996459961 1.5
    endloop
  endfacet
  facet normal 0.507463751272258 0.8616731057336581 0
    outer loop
      vertex 31.034000001847744 25.18138986825943 0.901
      vertex 31.005999997258186 25.19787986576557 1.5
      vertex 31.034000001847744 25.18138986825943 1.5
    endloop
  endfacet
  facet normal 0.9622108019250117 0.27230566035032355 0
    outer loop
      vertex 30.46000000089407 26.203769147396088 0.901
      vertex 30.432000003755093 26.302709065377712 1.5
      vertex 30.46000000089407 26.203769147396088 1.5
    endloop
  endfacet
  facet normal 0.9782085363194629 0.20762480456760016 0
    outer loop
      vertex 30.432000003755093 26.302709065377712 0.901
      vertex 30.417999997735023 26.368669033050537 1.5
      vertex 30.432000003755093 26.302709065377712 1.5
    endloop
  endfacet
  facet normal 0.9023793591332413 -0.4309425625420174 0
    outer loop
      vertex 30.417999997735023 26.368669033050537 0.901
      vertex 30.54399999976158 26.63250883668661 1.5
      vertex 30.417999997735023 26.368669033050537 1.5
    endloop
  endfacet
  facet normal 0.891051709966237 0.45390180674485664 0
    outer loop
      vertex 30.740000002086163 25.610129572451115 0.901
      vertex 30.65599999576807 25.775029443204403 1.5
      vertex 30.740000002086163 25.610129572451115 1.5
    endloop
  endfacet
  facet normal 0.9204965455158104 0.390750700182942 0
    outer loop
      vertex 30.921999998390675 25.230859838426113 0.901
      vertex 30.907999999821186 25.263839818537235 1.5
      vertex 30.921999998390675 25.230859838426113 1.5
    endloop
  endfacet
  facet normal 0.5074635110523995 0.8616732472059065 0
    outer loop
      vertex 30.907999999821186 25.263839818537235 0.901
      vertex 30.88000000268221 25.280329801142216 1.5
      vertex 30.907999999821186 25.263839818537235 1.5
    endloop
  endfacet
  facet normal 0.9204964922416835 0.39075082568147773 0
    outer loop
      vertex 30.88000000268221 25.280329801142216 0.901
      vertex 30.85199999809265 25.34628975391388 1.5
      vertex 30.88000000268221 25.280329801142216 1.5
    endloop
  endfacet
  facet normal 0.9528725729403069 0.3033708287527321 0
    outer loop
      vertex 30.85199999809265 25.34628975391388 0.901
      vertex 30.809999994933605 25.478209659457207 1.5
      vertex 30.85199999809265 25.34628975391388 1.5
    endloop
  endfacet
  facet normal 0.5074634959133563 0.8616732561217129 0
    outer loop
      vertex 30.97800000756979 25.19787986576557 0.901
      vertex 30.921999998390675 25.230859838426113 1.5
      vertex 30.97800000756979 25.19787986576557 1.5
    endloop
  endfacet
  facet normal 0 1 0
    outer loop
      vertex 31.005999997258186 25.19787986576557 0.901
      vertex 30.97800000756979 25.19787986576557 1.5
      vertex 31.005999997258186 25.19787986576557 1.5
    endloop
  endfacet
  facet normal 0.8833443860609116 0.4687245412976274 0
    outer loop
      vertex 30.809999994933605 25.478209659457207 0.901
      vertex 30.740000002086163 25.610129572451115 1.5
      vertex 30.809999994933605 25.478209659457207 1.5
    endloop
  endfacet
  facet normal 0.9044425674064499 0.4265954081600377 0
    outer loop
      vertex 30.65599999576807 25.775029443204403 0.901
      vertex 30.515999995172024 26.07184923440218 1.5
      vertex 30.65599999576807 25.775029443204403 1.5
    endloop
  endfacet
  facet normal 0.9204965375779866 0.39075071888217733 0
    outer loop
      vertex 30.515999995172024 26.07184923440218 0.901
      vertex 30.46000000089407 26.203769147396088 1.5
      vertex 30.515999995172024 26.07184923440218 1.5
    endloop
  endfacet
  facet normal 0.8910517427365502 -0.45390174241366044 0
    outer loop
      vertex 30.54399999976158 26.63250883668661 0.901
      vertex 30.66999999433756 26.879858657717705 1.5
      vertex 30.54399999976158 26.63250883668661 1.5
    endloop
  endfacet
  facet normal 0.8163452395691616 -0.577564238706629 0
    outer loop
      vertex 30.66999999433756 26.879858657717705 0.901
      vertex 30.809999994933605 27.077738523483276 1.5
      vertex 30.66999999433756 26.879858657717705 1.5
    endloop
  endfacet
  facet normal 0.1217801611778193 0.9925570977749867 0
    outer loop
      vertex 32.378000006079674 25.01648999750614 0.901
      vertex 31.034000001847744 25.18138986825943 1.5
      vertex 32.378000006079674 25.01648999750614 1.5
    endloop
  endfacet
  facet normal 0.09023476886119614 0.9959205221746193 0
    outer loop
      vertex 32.559999994933605 25 0.901
      vertex 32.378000006079674 25.01648999750614 1.5
      vertex 32.559999994933605 25 1.5
    endloop
  endfacet
  facet normal 0 1 0
    outer loop
      vertex 32.89599999785423 25 0.901
      vertex 32.559999994933605 25 1.5
      vertex 32.89599999785423 25 1.5
    endloop
  endfacet
  facet normal -0.19263271531720405 0.981270929452983 0
    outer loop
      vertex 33.063999995589256 25.032979980111122 0.901
      vertex 32.89599999785423 25 1.5
      vertex 33.063999995589256 25.032979980111122 1.5
    endloop
  endfacet
  facet normal -0.09023472109513475 0.995920526502433 0
    outer loop
      vertex 33.24599999934435 25.049469970166683 0.901
      vertex 33.063999995589256 25.032979980111122 1.5
      vertex 33.24599999934435 25.049469970166683 1.5
    endloop
  endfacet
  facet normal -0.2824721783160024 0.9592754914399786 0
    outer loop
      vertex 33.58200000226498 25.14840990304947 0.901
      vertex 33.24599999934435 25.049469970166683 1.5
      vertex 33.58200000226498 25.14840990304947 1.5
    endloop
  endfacet
  facet normal -0.3937173028772783 0.9192315733345116 0
    outer loop
      vertex 33.73600000143051 25.214369848370552 0.901
      vertex 33.58200000226498 25.14840990304947 1.5
      vertex 33.73600000143051 25.214369848370552 1.5
    endloop
  endfacet
  facet normal -0.4776135305899355 0.8785700401205455 0
    outer loop
      vertex 33.91799999773502 25.313309781253338 0.901
      vertex 33.73600000143051 25.214369848370552 1.5
      vertex 33.91799999773502 25.313309781253338 1.5
    endloop
  endfacet
  facet normal -0.5662953354785687 0.8242023980887313 0
    outer loop
      vertex 34.08600000292063 25.428739704191685 0.901
      vertex 33.91799999773502 25.313309781253338 1.5
      vertex 34.08600000292063 25.428739704191685 1.5
    endloop
  endfacet
  facet normal 0.7623153659759899 -0.6472057499720568 0
    outer loop
      vertex 30.809999994933605 27.077738523483276 0.901
      vertex 30.96399999409914 27.259128391742706 1.5
      vertex 30.809999994933605 27.077738523483276 1.5
    endloop
  endfacet
  facet normal 0.730848630993865 -0.6825395802254939 0
    outer loop
      vertex 30.96399999409914 27.259128391742706 0.901
      vertex 31.117999993264675 27.424028262495995 1.5
      vertex 30.96399999409914 27.259128391742706 1.5
    endloop
  endfacet
  facet normal 0.6857924340421538 -0.7277971815076903 0
    outer loop
      vertex 31.117999993264675 27.424028262495995 0.901
      vertex 31.258000001311302 27.555948182940483 1.5
      vertex 31.117999993264675 27.424028262495995 1.5
    endloop
  endfacet
  facet normal 0.5997669174707153 -0.8001747588543869 0
    outer loop
      vertex 31.258000001311302 27.555948182940483 0.901
      vertex 31.412000000476837 27.67137809842825 1.5
      vertex 31.258000001311302 27.555948182940483 1.5
    endloop
  endfacet
  facet normal 0.507463573092511 -0.861673210668744 0
    outer loop
      vertex 31.412000000476837 27.67137809842825 0.901
      vertex 31.552000001072884 27.753828033804893 1.5
      vertex 31.412000000476837 27.67137809842825 1.5
    endloop
  endfacet
  facet normal 0.5928430483572568 -0.805318024146036 0
    outer loop
      vertex 31.552000001072884 27.753828033804893 0.901
      vertex 31.663999997079372 27.836277969181538 1.5
      vertex 31.552000001072884 27.753828033804893 1.5
    endloop
  endfacet
  facet normal 0.6437867577662254 0.7652049467461979 0
    outer loop
      vertex 31.734000004827976 30.441696122288704 0.901
      vertex 31.440000005066395 30.689045943319798 1.5
      vertex 31.734000004827976 30.441696122288704 1.5
    endloop
  endfacet
  facet normal 0.6437868127380797 -0.7652049004969486 0
    outer loop
      vertex 31.663999997079372 27.836277969181538 0.901
      vertex 31.761999994516373 27.918727919459343 1.5
      vertex 31.663999997079372 27.836277969181538 1.5
    endloop
  endfacet
  facet normal 0.6620594642907374 -0.7494513097880755 0
    outer loop
      vertex 31.761999994516373 27.918727919459343 0.901
      vertex 31.873999997973442 28.01766785234213 1.5
      vertex 31.761999994516373 27.918727919459343 1.5
    endloop
  endfacet
  facet normal 0.6437867446098152 -0.7652049578150266 0
    outer loop
      vertex 31.873999997973442 28.01766785234213 0.901
      vertex 31.971999995410442 28.100117787718773 1.5
      vertex 31.873999997973442 28.01766785234213 1.5
    endloop
  endfacet
  facet normal 0.8085662252608344 -0.5884051829882581 0
    outer loop
      vertex 31.971999995410442 28.100117787718773 0.901
      vertex 32.22399999201298 28.446407541632652 1.5
      vertex 31.971999995410442 28.100117787718773 1.5
    endloop
  endfacet
  facet normal 0.8833443337869535 -0.46872463981156687 0
    outer loop
      vertex 32.22399999201298 28.446407541632652 0.901
      vertex 32.29399999976158 28.57832744717598 1.5
      vertex 32.22399999201298 28.446407541632652 1.5
    endloop
  endfacet
  facet normal 0.8997101025416603 -0.436487951018668 0
    outer loop
      vertex 32.29399999976158 28.57832744717598 0.901
      vertex 32.350000001490116 28.693757362663746 1.5
      vertex 32.29399999976158 28.57832744717598 1.5
    endloop
  endfacet
  facet normal 0.9356095126338678 -0.35303659848380636 0
    outer loop
      vertex 32.350000001490116 28.693757362663746 0.901
      vertex 32.40599999576807 28.842167265713215 1.5
      vertex 32.350000001490116 28.693757362663746 1.5
    endloop
  endfacet
  facet normal 0.962210794641015 -0.27230568608882655 0
    outer loop
      vertex 32.40599999576807 28.842167265713215 0.901
      vertex 32.447999998927116 28.990577153861523 1.5
      vertex 32.40599999576807 28.842167265713215 1.5
    endloop
  endfacet
  facet normal 0.996415362859069 -0.08459565389799861 0
    outer loop
      vertex 32.447999998927116 28.990577153861523 0.901
      vertex 32.461999997496605 29.155477039515972 1.5
      vertex 32.447999998927116 28.990577153861523 1.5
    endloop
  endfacet
  facet normal 0.7623153576685116 0.6472057597570724 0
    outer loop
      vertex 32.23800000548363 29.881036512553692 0.901
      vertex 32.18200000375509 29.946996465325356 1.5
      vertex 32.23800000548363 29.881036512553692 1.5
    endloop
  endfacet
  facet normal 0.8085662440679031 0.5884051571442285 0
    outer loop
      vertex 32.32199999690056 29.765606597065926 0.901
      vertex 32.23800000548363 29.881036512553692 1.5
      vertex 32.32199999690056 29.765606597065926 1.5
    endloop
  endfacet
  facet normal 0.8085661944075941 0.5884052253857206 0
    outer loop
      vertex 32.18200000375509 29.946996465325356 0.901
      vertex 32.097999997437 30.062426380813122 1.5
      vertex 32.18200000375509 29.946996465325356 1.5
    endloop
  endfacet
  facet normal 1 0 0
    outer loop
      vertex 32.461999997496605 29.155477039515972 0.901
      vertex 32.461999997496605 29.3038869202137 1.5
      vertex 32.461999997496605 29.155477039515972 1.5
    endloop
  endfacet
  facet normal 0.9622108144615843 0.2723056160514775 0
    outer loop
      vertex 32.43400000035763 29.46878680586815 0.901
      vertex 32.39200000464916 29.617196708917618 1.5
      vertex 32.43400000035763 29.46878680586815 1.5
    endloop
  endfacet
  facet normal 0.985888410124923 0.1674038314416722 0
    outer loop
      vertex 32.461999997496605 29.3038869202137 0.901
      vertex 32.43400000035763 29.46878680586815 1.5
      vertex 32.461999997496605 29.3038869202137 1.5
    endloop
  endfacet
  facet normal 0.9044425416245504 0.42659546282130495 0
    outer loop
      vertex 32.39200000464916 29.617196708917618 0.901
      vertex 32.32199999690056 29.765606597065926 1.5
      vertex 32.39200000464916 29.617196708917618 1.5
    endloop
  endfacet
  facet normal 0.7104734720574505 0.7037239838904392 0
    outer loop
      vertex 32.01399999856949 30.161366313695908 0.901
      vertex 31.915999993681908 30.260306246578693 1.5
      vertex 32.01399999856949 30.161366313695908 1.5
    endloop
  endfacet
  facet normal 0.7104734988070078 0.7037239568843232 0
    outer loop
      vertex 31.832000002264977 30.342756189405918 0.901
      vertex 31.734000004827976 30.441696122288704 1.5
      vertex 31.832000002264977 30.342756189405918 1.5
    endloop
  endfacet
  facet normal 0.7004915461124405 0.7136606993698074 0
    outer loop
      vertex 31.915999993681908 30.260306246578693 0.901
      vertex 31.832000002264977 30.342756189405918 1.5
      vertex 31.915999993681908 30.260306246578693 1.5
    endloop
  endfacet
  facet normal 0.762315383852581 0.6472057289160009 0
    outer loop
      vertex 32.097999997437 30.062426380813122 0.901
      vertex 32.01399999856949 30.161366313695908 1.5
      vertex 32.097999997437 30.062426380813122 1.5
    endloop
  endfacet
  facet normal -0.5997669174707153 0.8001747588543869 0
    outer loop
      vertex 34.24000000208616 25.54416961967945 0.901
      vertex 34.08600000292063 25.428739704191685 1.5
      vertex 34.24000000208616 25.54416961967945 1.5
    endloop
  endfacet
  facet normal -0.7231462036532279 0.6906949892260144 0
    outer loop
      vertex 34.36599999666214 25.67608952522278 0.901
      vertex 34.24000000208616 25.54416961967945 1.5
      vertex 34.36599999666214 25.67608952522278 1.5
    endloop
  endfacet
  facet normal -0.7623153678220963 0.647205747797609 0
    outer loop
      vertex 34.617999993264675 25.972909308969975 0.901
      vertex 34.36599999666214 25.67608952522278 1.5
      vertex 34.617999993264675 25.972909308969975 1.5
    endloop
  endfacet
  facet normal -0.9622107421025693 0.27230587173695514 0
    outer loop
      vertex 34.632000006735325 26.022379279136658 0.901
      vertex 34.617999993264675 25.972909308969975 1.5
      vertex 34.632000006735325 26.022379279136658 1.5
    endloop
  endfacet
  facet normal -0.7623153966826399 0.6472057138040341 0
    outer loop
      vertex 34.632000006735325 26.022379279136658 0.901
      vertex 34.632000006735325 26.022379279136658 1.5
      vertex 34.67399999499321 26.07184923440218 1.5
    endloop
  endfacet
  facet normal -0.7231462027378022 0.6906949901844501 0
    outer loop
      vertex 34.79999999701977 26.203769147396088 0.901
      vertex 34.67399999499321 26.07184923440218 1.5
      vertex 34.79999999701977 26.203769147396088 1.5
    endloop
  endfacet
  facet normal -0.8121559774387528 0.5834403725407626 0
    outer loop
      vertex 34.9539999961853 26.41813898831606 0.901
      vertex 34.79999999701977 26.203769147396088 1.5
      vertex 34.9539999961853 26.41813898831606 1.5
    endloop
  endfacet
  facet normal -0.8027369901809923 0.5963332328448261 0
    outer loop
      vertex 35.149999998509884 26.681978806853294 0.901
      vertex 34.9539999961853 26.41813898831606 1.5
      vertex 35.149999998509884 26.681978806853294 1.5
    endloop
  endfacet
  facet normal -0.7982084574889615 0.6023813230779095 0
    outer loop
      vertex 35.37399999797344 26.97879859060049 0.901
      vertex 35.149999998509884 26.681978806853294 1.5
      vertex 35.37399999797344 26.97879859060049 1.5
    endloop
  endfacet
  facet normal -0.8134788179627562 0.5815945432394607 0
    outer loop
      vertex 35.597999997437 27.292108364403248 0.901
      vertex 35.37399999797344 26.97879859060049 1.5
      vertex 35.597999997437 27.292108364403248 1.5
    endloop
  endfacet
  facet normal -0.839647386020957 0.5431319058462447 0
    outer loop
      vertex 35.82199999690056 27.638398118317127 0.901
      vertex 35.597999997437 27.292108364403248 1.5
      vertex 35.82199999690056 27.638398118317127 1.5
    endloop
  endfacet
  facet normal -0.8596471181272045 0.5108882777042278 0
    outer loop
      vertex 36.01799999922514 27.968197889626026 0.901
      vertex 35.82199999690056 27.638398118317127 1.5
      vertex 36.01799999922514 27.968197889626026 1.5
    endloop
  endfacet
  facet normal -0.8702709181401422 0.49257337426977704 0
    outer loop
      vertex 36.13000000268221 28.166077740490437 0.901
      vertex 36.01799999922514 27.968197889626026 1.5
      vertex 36.13000000268221 28.166077740490437 1.5
    endloop
  endfacet
  facet normal -0.7945900984383649 0.607146255414385 0
    outer loop
      vertex 36.255999997258186 28.330977626144886 0.901
      vertex 36.13000000268221 28.166077740490437 1.5
      vertex 36.255999997258186 28.330977626144886 1.5
    endloop
  endfacet
  facet normal -0.6939172154051698 0.7200547883073448 0
    outer loop
      vertex 36.40999999642372 28.479387514293194 0.901
      vertex 36.255999997258186 28.330977626144886 1.5
      vertex 36.40999999642372 28.479387514293194 1.5
    endloop
  endfacet
  facet normal -0.6175896945402111 0.786500457213935 0
    outer loop
      vertex 36.578000001609325 28.6113074272871 0.901
      vertex 36.40999999642372 28.479387514293194 1.5
      vertex 36.578000001609325 28.6113074272871 1.5
    endloop
  endfacet
  facet normal -0.5074635627524939 0.8616732167582707 0
    outer loop
      vertex 36.74599999934435 28.710247345268726 0.901
      vertex 36.578000001609325 28.6113074272871 1.5
      vertex 36.74599999934435 28.710247345268726 1.5
    endloop
  endfacet
  facet normal -0.3407306145946211 0.9401609693440649 0
    outer loop
      vertex 36.92800000309944 28.77620729804039 0.901
      vertex 36.74599999934435 28.710247345268726 1.5
      vertex 36.92800000309944 28.77620729804039 1.5
    endloop
  endfacet
  facet normal -0.24472315235240194 0.9695929964179315 0
    outer loop
      vertex 37.12399999797344 28.825677268207073 0.901
      vertex 36.92800000309944 28.77620729804039 1.5
      vertex 37.12399999797344 28.825677268207073 1.5
    endloop
  endfacet
  facet normal -0.08383645588079007 0.9964795274692543 0
    outer loop
      vertex 37.31999999284744 28.842167265713215 0.901
      vertex 37.12399999797344 28.825677268207073 1.5
      vertex 37.31999999284744 28.842167265713215 1.5
    endloop
  endfacet
  facet normal 0 1 0
    outer loop
      vertex 37.53000000119209 28.842167265713215 0.901
      vertex 37.31999999284744 28.842167265713215 1.5
      vertex 37.53000000119209 28.842167265713215 1.5
    endloop
  endfacet
  facet normal 0.1456617437641492 0.9893344512365813 0
    outer loop
      vertex 37.75400000065565 28.809187285602093 0.901
      vertex 37.53000000119209 28.842167265713215 1.5
      vertex 37.75400000065565 28.809187285602093 1.5
    endloop
  endfacet
  facet normal 0.9204965030030953 0.39075080033068715 0
    outer loop
      vertex 38.85999999940395 27.275618381798267 0.901
      vertex 38.80399999767542 27.407538279891014 1.5
      vertex 38.85999999940395 27.275618381798267 1.5
    endloop
  endfacet
  facet normal 0.899710136411831 0.4364878812038251 0
    outer loop
      vertex 38.91599999368191 27.16018845885992 0.901
      vertex 38.85999999940395 27.275618381798267 1.5
      vertex 38.91599999368191 27.16018845885992 1.5
    endloop
  endfacet
  facet normal 0.9782085604552899 0.20762469085344692 0
    outer loop
      vertex 38.80399999767542 27.407538279891014 0.901
      vertex 38.77600000798702 27.53945818543434 1.5
      vertex 38.80399999767542 27.407538279891014 1.5
    endloop
  endfacet
  facet normal 1 0 0
    outer loop
      vertex 38.77600000798702 27.53945818543434 0.901
      vertex 38.77600000798702 27.67137809842825 1.5
      vertex 38.77600000798702 27.53945818543434 1.5
    endloop
  endfacet
  facet normal 0.9964153660095822 -0.08459561678946537 0
    outer loop
      vertex 38.77600000798702 27.67137809842825 0.901
      vertex 38.78999999910593 27.836277969181538 1.5
      vertex 38.77600000798702 27.67137809842825 1.5
    endloop
  endfacet
  facet normal 0.9690613584887721 -0.24681994142268096 0
    outer loop
      vertex 38.78999999910593 27.836277969181538 0.901
      vertex 38.83200000226498 28.001177854835987 1.5
      vertex 38.78999999910593 27.836277969181538 1.5
    endloop
  endfacet
  facet normal 0.8846812029343575 -0.466196492023072 0
    outer loop
      vertex 38.83200000226498 28.001177854835987 0.901
      vertex 38.926765605807304 28.181010499596596 1.5
      vertex 38.83200000226498 28.001177854835987 1.5
    endloop
  endfacet
  facet normal 0.2292949642411037 0.9733569845507202 0
    outer loop
      vertex 37.96399999409914 28.75971731543541 0.901
      vertex 37.75400000065565 28.809187285602093 1.5
      vertex 37.96399999409914 28.75971731543541 1.5
    endloop
  endfacet
  facet normal 0.2824721627651162 0.959275496019156 0
    outer loop
      vertex 38.18800000101328 28.693757362663746 0.901
      vertex 37.96399999409914 28.75971731543541 1.5
      vertex 38.18800000101328 28.693757362663746 1.5
    endloop
  endfacet
  facet normal 0.4262075150282917 0.9046254220026146 0
    outer loop
      vertex 38.39800000190735 28.59481742978096 0.901
      vertex 38.18800000101328 28.693757362663746 1.5
      vertex 38.39800000190735 28.59481742978096 1.5
    endloop
  endfacet
  facet normal 0.4816942036173607 0.8763393715915294 0
    outer loop
      vertex 38.60799999535084 28.479387514293194 0.901
      vertex 38.39800000190735 28.59481742978096 1.5
      vertex 38.60799999535084 28.479387514293194 1.5
    endloop
  endfacet
  facet normal 0.7360226752397308 0.6769568830678582 0
    outer loop
      vertex 38.926765605807304 28.181010499596596 0.901
      vertex 38.80399999767542 28.314487643539906 1.5
      vertex 38.926765605807304 28.181010499596596 1.5
    endloop
  endfacet
  facet normal 0.6437867302802956 0.7652049698708222 0
    outer loop
      vertex 38.80399999767542 28.314487643539906 0.901
      vertex 38.60799999535084 28.479387514293194 1.5
      vertex 38.80399999767542 28.314487643539906 1.5
    endloop
  endfacet
  facet normal 0 0 1
    outer loop
      vertex 25.53200000524521 37.8951707854867 0.901
      vertex 25.587999999523163 37.845700822770596 0.901
      vertex 25.61599999666214 37.845700822770596 0.901
    endloop
  endfacet
  facet normal 0.8596471266563618 0.5108882633526249 0
    outer loop
      vertex 29.157999999821186 32.799764432013035 0.901
      vertex 29.157999999821186 32.799764432013035 1.5
      vertex 29.255999997258186 32.634864546358585 0.901
    endloop
  endfacet
  facet normal 0.8876403087371735 0.4605373842642697 0
    outer loop
      vertex 28.653999999165535 33.706713780760765 0.901
      vertex 28.5 34.00353356450796 0.901
      vertex 28.5 34.00353356450796 1.5
    endloop
  endfacet
  facet normal 0.8525011683109648 0.5227253179524024 0
    outer loop
      vertex 29.00400000065565 33.09658422321081 0.901
      vertex 28.82199999690056 33.39340400695801 0.901
      vertex 28.82199999690056 33.39340400695801 1.5
    endloop
  endfacet
  facet normal 0.8876403134628505 0.46053737515599347 0
    outer loop
      vertex 29.157999999821186 32.799764432013035 0.901
      vertex 29.00400000065565 33.09658422321081 0.901
      vertex 29.00400000065565 33.09658422321081 1.5
    endloop
  endfacet
  facet normal 0.881297863028036 0.472561188230918 0
    outer loop
      vertex 28.653999999165535 33.706713780760765 0.901
      vertex 28.653999999165535 33.706713780760765 1.5
      vertex 28.82199999690056 33.39340400695801 0.901
    endloop
  endfacet
  facet normal 0.8764552820573202 0.48148326923562296 0
    outer loop
      vertex 28.346000000834465 34.28386337310076 0.901
      vertex 28.346000000834465 34.28386337310076 1.5
      vertex 28.5 34.00353356450796 0.901
    endloop
  endfacet
  facet normal 0.8777733361037808 0.47907616349098286 0
    outer loop
      vertex 28.346000000834465 34.28386337310076 0.901
      vertex 28.219999998807907 34.51472320407629 0.901
      vertex 28.219999998807907 34.51472320407629 1.5
    endloop
  endfacet
  facet normal 0.8798050554767759 0.4753346866761431 0
    outer loop
      vertex 28.121999993920326 34.6961130797863 0.901
      vertex 28.121999993920326 34.6961130797863 1.5
      vertex 28.219999998807907 34.51472320407629 0.901
    endloop
  endfacet
  facet normal 0.9204965217023354 0.39075075628065276 0
    outer loop
      vertex 28.121999993920326 34.6961130797863 0.901
      vertex 28.065999999642372 34.82803297787905 0.901
      vertex 28.065999999642372 34.82803297787905 1.5
    endloop
  endfacet
  facet normal 0.6620594857628954 0.7494512908197374 0
    outer loop
      vertex 25.53200000524521 37.8951707854867 0.901
      vertex 25.53200000524521 37.8951707854867 1.5
      vertex 25.587999999523163 37.845700822770596 0.901
    endloop
  endfacet
  facet normal 0.6857923736781631 0.7277972383877742 0
    outer loop
      vertex 25.461999997496605 37.96113073825836 0.901
      vertex 25.461999997496605 37.96113073825836 1.5
      vertex 25.53200000524521 37.8951707854867 0.901
    endloop
  endfacet
  facet normal 0.8085662440679031 0.5884051571442285 0
    outer loop
      vertex 25.461999997496605 37.96113073825836 0.901
      vertex 25.378000006079674 38.07656065374613 0.901
      vertex 25.378000006079674 38.07656065374613 1.5
    endloop
  endfacet
  facet normal 0.8027370035132789 0.5963332148979479 0
    outer loop
      vertex 25.280000001192093 38.20848057419062 0.901
      vertex 25.280000001192093 38.20848057419062 1.5
      vertex 25.378000006079674 38.07656065374613 0.901
    endloop
  endfacet
  facet normal 0.8910517262493531 0.4539017747795748 0
    outer loop
      vertex 25.280000001192093 38.20848057419062 0.901
      vertex 25.19600000232458 38.373380444943905 0.901
      vertex 25.19600000232458 38.373380444943905 1.5
    endloop
  endfacet
  facet normal 0.9204965099997283 0.39075078384863177 0
    outer loop
      vertex 25.19600000232458 38.373380444943905 0.901
      vertex 25.11199999600649 38.57126031070948 0.901
      vertex 25.11199999600649 38.57126031070948 1.5
    endloop
  endfacet
  facet normal 0.9718173514713087 0.23573509577339294 0
    outer loop
      vertex 25.056000001728535 38.80212014913559 0.901
      vertex 25.056000001728535 38.80212014913559 1.5
      vertex 25.11199999600649 38.57126031070948 0.901
    endloop
  endfacet
  facet normal 0.38386570178950924 0.9233889337595765 0
    outer loop
      vertex 25.71399999409914 37.79623086750507 0.901
      vertex 25.71399999409914 37.79623086750507 1.5
      vertex 25.951999999582767 37.69729093462229 0.901
    endloop
  endfacet
  facet normal 0.39038276931316945 0.9206526453681544 0
    outer loop
      vertex 26.302000001072884 37.54888103157282 0.901
      vertex 25.951999999582767 37.69729093462229 0.901
      vertex 25.951999999582767 37.69729093462229 1.5
    endloop
  endfacet
  facet normal 0.3752932604972921 0.9269061271915898 0
    outer loop
      vertex 26.302000001072884 37.54888103157282 0.901
      vertex 26.302000001072884 37.54888103157282 1.5
      vertex 26.75 37.36749116331339 0.901
    endloop
  endfacet
  facet normal 0.4506350852671422 0.8927082501726281 0
    outer loop
      vertex 25.61599999666214 37.845700822770596 0.901
      vertex 25.61599999666214 37.845700822770596 1.5
      vertex 25.71399999409914 37.79623086750507 0.901
    endloop
  endfacet
  facet normal 0 1 0
    outer loop
      vertex 25.587999999523163 37.845700822770596 0.901
      vertex 25.587999999523163 37.845700822770596 1.5
      vertex 25.61599999666214 37.845700822770596 0.901
    endloop
  endfacet
  facet normal 0.9955800883029197 0.093916387147029 0
    outer loop
      vertex 28.023999996483326 35.04240283370018 0.901
      vertex 28.009999997913837 35.19081271439791 0.901
      vertex 28.009999997913837 35.19081271439791 1.5
    endloop
  endfacet
  facet normal 0.9975065761914399 0.07057358184782218 0
    outer loop
      vertex 28.009999997913837 35.19081271439791 0.901
      vertex 27.98200000077486 35.58657243847847 0.901
      vertex 27.98200000077486 35.58657243847847 1.5
    endloop
  endfacet
  facet normal 0.9978742483514573 0.06516889194250809 0
    outer loop
      vertex 27.98200000077486 35.58657243847847 0.901
      vertex 27.96799999475479 35.80094228684902 0.901
      vertex 27.96799999475479 35.80094228684902 1.5
    endloop
  endfacet
  facet normal 1 0 0
    outer loop
      vertex 27.96799999475479 35.80094228684902 0.901
      vertex 27.96799999475479 36.01531212776899 0.901
      vertex 27.96799999475479 36.01531212776899 1.5
    endloop
  endfacet
  facet normal 0.997874250754123 0.0651688551525814 0
    outer loop
      vertex 27.96799999475479 36.01531212776899 0.901
      vertex 27.953999996185303 36.229681983590126 0.901
      vertex 27.953999996185303 36.229681983590126 1.5
    endloop
  endfacet
  facet normal 0.9970347256268617 -0.07695294597459297 0
    outer loop
      vertex 27.953999996185303 36.229681983590126 0.901
      vertex 27.96799999475479 36.411071851849556 0.901
      vertex 27.96799999475479 36.411071851849556 1.5
    endloop
  endfacet
  facet normal 0.9742252388985904 -0.22557744544387542 0
    outer loop
      vertex 27.96799999475479 36.411071851849556 0.901
      vertex 28.009999997913837 36.592461720108986 0.901
      vertex 28.009999997913837 36.592461720108986 1.5
    endloop
  endfacet
  facet normal 0.9858884126215762 0.1674038167381752 0
    outer loop
      vertex 28.065999999642372 34.82803297787905 0.901
      vertex 28.052000001072884 34.91048292815685 0.901
      vertex 28.052000001072884 34.91048292815685 1.5
    endloop
  endfacet
  facet normal 0.9782085380137943 0.20762479658488606 0
    outer loop
      vertex 28.052000001072884 34.91048292815685 0.901
      vertex 28.023999996483326 35.04240283370018 0.901
      vertex 28.023999996483326 35.04240283370018 1.5
    endloop
  endfacet
  facet normal 0.9468881157242709 -0.3215632073172232 0
    outer loop
      vertex 28.009999997913837 36.592461720108986 0.901
      vertex 28.065999999642372 36.757361605763435 0.901
      vertex 28.065999999642372 36.757361605763435 1.5
    endloop
  endfacet
  facet normal 0.34861977129049615 0.9372642397239755 0
    outer loop
      vertex 27.240000002086163 37.16961131244898 0.901
      vertex 27.240000002086163 37.16961131244898 1.5
      vertex 27.77199999243021 36.97173145413399 0.901
    endloop
  endfacet
  facet normal 0.3744552963986485 0.9272449681713029 0
    outer loop
      vertex 26.75 37.36749116331339 0.901
      vertex 26.75 37.36749116331339 1.5
      vertex 27.240000002086163 37.16961131244898 0.901
    endloop
  endfacet
  facet normal 0.3386366154449491 0.9409172347661561 0
    outer loop
      vertex 27.77199999243021 36.97173145413399 0.901
      vertex 27.77199999243021 36.97173145413399 1.5
      vertex 28.12392020225525 36.84507518261671 0.901
    endloop
  endfacet
  facet normal 0.8344814854602395 -0.5510359792464301 0
    outer loop
      vertex 28.065999999642372 36.757361605763435 0.901
      vertex 28.12392020225525 36.84507518261671 0.901
      vertex 28.12392020225525 36.84507518261671 1.5
    endloop
  endfacet
  facet normal 0 0 1
    outer loop
      vertex 25.056000001728535 38.80212014913559 0.901
      vertex 33.9761530905962 41.683525547385216 0.901
      vertex 25.01399999856949 39.098939932882786 0.901
    endloop
  endfacet
  facet normal 0 0 1
    outer loop
      vertex 25.01399999856949 39.098939932882786 0.901
      vertex 33.9761530905962 41.683525547385216 0.901
      vertex 25 39.39575972408056 0.901
    endloop
  endfacet
  facet normal 0 0 1
    outer loop
      vertex 25 39.39575972408056 0.901
      vertex 33.9761530905962 41.683525547385216 0.901
      vertex 25.01399999856949 39.69257950782776 0.901
    endloop
  endfacet
  facet normal 0 0 1
    outer loop
      vertex 25.01399999856949 39.69257950782776 0.901
      vertex 33.9761530905962 41.683525547385216 0.901
      vertex 25.042000003159046 39.989399299025536 0.901
    endloop
  endfacet
  facet normal 0 0 1
    outer loop
      vertex 25.461999997496605 37.96113073825836 0.901
      vertex 25.53200000524521 37.8951707854867 0.901
      vertex 33.9761530905962 41.683525547385216 0.901
    endloop
  endfacet
  facet normal 0 0 1
    outer loop
      vertex 25.61599999666214 37.845700822770596 0.901
      vertex 25.71399999409914 37.79623086750507 0.901
      vertex 33.9761530905962 41.683525547385216 0.901
    endloop
  endfacet
  facet normal 0 0 1
    outer loop
      vertex 25.53200000524521 37.8951707854867 0.901
      vertex 25.61599999666214 37.845700822770596 0.901
      vertex 33.9761530905962 41.683525547385216 0.901
    endloop
  endfacet
  facet normal 0 0 1
    outer loop
      vertex 25.71399999409914 37.79623086750507 0.901
      vertex 25.951999999582767 37.69729093462229 0.901
      vertex 33.9761530905962 41.683525547385216 0.901
    endloop
  endfacet
  facet normal 0 0 1
    outer loop
      vertex 25.280000001192093 38.20848057419062 0.901
      vertex 33.9761530905962 41.683525547385216 0.901
      vertex 25.19600000232458 38.373380444943905 0.901
    endloop
  endfacet
  facet normal 0 0 1
    outer loop
      vertex 25.280000001192093 38.20848057419062 0.901
      vertex 25.378000006079674 38.07656065374613 0.901
      vertex 33.9761530905962 41.683525547385216 0.901
    endloop
  endfacet
  facet normal 0 0 1
    outer loop
      vertex 25.461999997496605 37.96113073825836 0.901
      vertex 33.9761530905962 41.683525547385216 0.901
      vertex 25.378000006079674 38.07656065374613 0.901
    endloop
  endfacet
  facet normal 0 0 1
    outer loop
      vertex 25.19600000232458 38.373380444943905 0.901
      vertex 33.9761530905962 41.683525547385216 0.901
      vertex 25.11199999600649 38.57126031070948 0.901
    endloop
  endfacet
  facet normal 0 0 1
    outer loop
      vertex 25.056000001728535 38.80212014913559 0.901
      vertex 25.11199999600649 38.57126031070948 0.901
      vertex 33.9761530905962 41.683525547385216 0.901
    endloop
  endfacet
  facet normal 0 0 1
    outer loop
      vertex 26.302000001072884 37.54888103157282 0.901
      vertex 33.9761530905962 41.683525547385216 0.901
      vertex 25.951999999582767 37.69729093462229 0.901
    endloop
  endfacet
  facet normal 0 0 1
    outer loop
      vertex 26.302000001072884 37.54888103157282 0.901
      vertex 26.75 37.36749116331339 0.901
      vertex 33.9761530905962 41.683525547385216 0.901
    endloop
  endfacet
  facet normal 0 0 1
    outer loop
      vertex 25.042000003159046 39.989399299025536 0.901
      vertex 33.9761530905962 41.683525547385216 0.901
      vertex 25.097999997437 40.26972910016775 0.901
    endloop
  endfacet
  facet normal 0 0 1
    outer loop
      vertex 25.097999997437 40.26972910016775 0.901
      vertex 33.9761530905962 41.683525547385216 0.901
      vertex 25.182000003755093 40.550058886408806 0.901
    endloop
  endfacet
  facet normal 0 0 1
    outer loop
      vertex 25.182000003755093 40.550058886408806 0.901
      vertex 33.9761530905962 41.683525547385216 0.901
      vertex 25.280000001192093 40.81389870494604 0.901
    endloop
  endfacet
  facet normal 0 0 1
    outer loop
      vertex 25.280000001192093 40.81389870494604 0.901
      vertex 33.9761530905962 41.683525547385216 0.901
      vertex 25.40599999576807 41.077738508582115 0.901
    endloop
  endfacet
  facet normal 0 0 1
    outer loop
      vertex 25.40599999576807 41.077738508582115 0.901
      vertex 33.9761530905962 41.683525547385216 0.901
      vertex 26.596000000834465 43.27090695500374 0.901
    endloop
  endfacet
  facet normal 0 0 1
    outer loop
      vertex 33.9761530905962 41.683525547385216 0.901
      vertex 26.680000007152557 43.402826860547066 0.901
      vertex 26.596000000834465 43.27090695500374 0.901
    endloop
  endfacet
  facet normal 0 0 1
    outer loop
      vertex 33.9761530905962 41.683525547385216 0.901
      vertex 26.76399999856949 43.55123674124479 0.901
      vertex 26.680000007152557 43.402826860547066 0.901
    endloop
  endfacet
  facet normal 0 0 1
    outer loop
      vertex 33.9761530905962 41.683525547385216 0.901
      vertex 26.86199999600649 43.68315666168928 0.901
      vertex 26.76399999856949 43.55123674124479 0.901
    endloop
  endfacet
  facet normal 0 0 1
    outer loop
      vertex 28.569999992847443 45.21672556549311 0.901
      vertex 28.667999997735023 45.200235567986965 0.901
      vertex 28.5 45.29917550086975 0.901
    endloop
  endfacet
  facet normal 0 0 1
    outer loop
      vertex 28.5 45.29917550086975 0.901
      vertex 28.780000001192093 45.23321554809809 0.901
      vertex 28.443999998271465 45.4640753865242 0.901
    endloop
  endfacet
  facet normal 0 0 1
    outer loop
      vertex 28.780000001192093 45.23321554809809 0.901
      vertex 28.457999996840954 45.57950530201197 0.901
      vertex 28.443999998271465 45.4640753865242 0.901
    endloop
  endfacet
  facet normal 0 0 1
    outer loop
      vertex 28.5 45.29917550086975 0.901
      vertex 28.667999997735023 45.200235567986965 0.901
      vertex 28.780000001192093 45.23321554809809 0.901
    endloop
  endfacet
  facet normal 0 0 1
    outer loop
      vertex 28.780000001192093 45.23321554809809 0.901
      vertex 29.03200000524521 45.365135453641415 0.901
      vertex 28.457999996840954 45.57950530201197 0.901
    endloop
  endfacet
  facet normal 0 0 1
    outer loop
      vertex 28.457999996840954 45.57950530201197 0.901
      vertex 29.03200000524521 45.365135453641415 0.901
      vertex 28.48600000143051 45.8598350957036 0.901
    endloop
  endfacet
  facet normal 0 0 1
    outer loop
      vertex 28.48600000143051 45.8598350957036 0.901
      vertex 29.03200000524521 45.365135453641415 0.901
      vertex 29.144000001251698 45.41460541635752 0.901
    endloop
  endfacet
  facet normal 0 0 1
    outer loop
      vertex 28.48600000143051 45.8598350957036 0.901
      vertex 29.241999998688698 45.4640753865242 0.901
      vertex 28.51399999856949 46.272084794938564 0.901
    endloop
  endfacet
  facet normal 0 0 1
    outer loop
      vertex 28.48600000143051 45.8598350957036 0.901
      vertex 29.144000001251698 45.41460541635752 0.901
      vertex 29.241999998688698 45.4640753865242 0.901
    endloop
  endfacet
  facet normal 0 0 1
    outer loop
      vertex 28.51399999856949 46.272084794938564 0.901
      vertex 29.241999998688698 45.4640753865242 0.901
      vertex 28.597999997437 47.22850412130356 0.901
    endloop
  endfacet
  facet normal 0.9901367420106 0.1401043615332319 0
    outer loop
      vertex 25.056000001728535 38.80212014913559 0.901
      vertex 25.01399999856949 39.098939932882786 0.901
      vertex 25.01399999856949 39.098939932882786 1.5
    endloop
  endfacet
  facet normal 0.9988895055687179 0.04711428302205441 0
    outer loop
      vertex 25.01399999856949 39.098939932882786 0.901
      vertex 25 39.39575972408056 0.901
      vertex 25 39.39575972408056 1.5
    endloop
  endfacet
  facet normal 0.9988895055130609 -0.047114284202061894 0
    outer loop
      vertex 25 39.39575972408056 0.901
      vertex 25.01399999856949 39.69257950782776 0.901
      vertex 25.01399999856949 39.69257950782776 1.5
    endloop
  endfacet
  facet normal 0.9955800868479743 -0.09391640257047751 0
    outer loop
      vertex 25.01399999856949 39.69257950782776 0.901
      vertex 25.042000003159046 39.989399299025536 0.901
      vertex 25.042000003159046 39.989399299025536 1.5
    endloop
  endfacet
  facet normal 0.9806250267954482 -0.19589424907951344 0
    outer loop
      vertex 25.042000003159046 39.989399299025536 0.901
      vertex 25.097999997437 40.26972910016775 0.901
      vertex 25.097999997437 40.26972910016775 1.5
    endloop
  endfacet
  facet normal 0.9579192773181019 -0.28703772947535183 0
    outer loop
      vertex 25.097999997437 40.26972910016775 0.901
      vertex 25.182000003755093 40.550058886408806 0.901
      vertex 25.182000003755093 40.550058886408806 1.5
    endloop
  endfacet
  facet normal 0.9374225460586059 -0.3481938686148867 0
    outer loop
      vertex 25.182000003755093 40.550058886408806 0.901
      vertex 25.280000001192093 40.81389870494604 0.901
      vertex 25.280000001192093 40.81389870494604 1.5
    endloop
  endfacet
  facet normal 0.9023793690426443 -0.4309425417920572 0
    outer loop
      vertex 25.280000001192093 40.81389870494604 0.901
      vertex 25.40599999576807 41.077738508582115 0.901
      vertex 25.40599999576807 41.077738508582115 1.5
    endloop
  endfacet
  facet normal 0.878950397646354 -0.4769131980531847 -7.428066539077949e-17
    outer loop
      vertex 25.40599999576807 41.077738508582115 0.901
      vertex 26.596000000834465 43.27090695500374 0.901
      vertex 26.596000000834465 43.27090695500374 1.5
    endloop
  endfacet
  facet normal 0.8435138221963231 -0.5371074676112312 0
    outer loop
      vertex 26.596000000834465 43.27090695500374 0.901
      vertex 26.680000007152557 43.402826860547066 0.901
      vertex 26.680000007152557 43.402826860547066 1.5
    endloop
  endfacet
  facet normal 0.8702709356327287 -0.4925733433641482 0
    outer loop
      vertex 26.680000007152557 43.402826860547066 0.901
      vertex 26.76399999856949 43.55123674124479 0.901
      vertex 26.76399999856949 43.55123674124479 1.5
    endloop
  endfacet
  facet normal 0.8027370252160556 -0.5963331856833708 0
    outer loop
      vertex 26.76399999856949 43.55123674124479 0.901
      vertex 26.86199999600649 43.68315666168928 0.901
      vertex 26.86199999600649 43.68315666168928 1.5
    endloop
  endfacet
  facet normal 0.7623153608760243 -0.6472057559790834 0
    outer loop
      vertex 26.86199999600649 43.68315666168928 0.901
      vertex 26.973999992012978 43.81507655978203 0.901
      vertex 26.973999992012978 43.81507655978203 1.5
    endloop
  endfacet
  facet normal 0.7176891868646601 -0.6963635767740463 0
    outer loop
      vertex 26.973999992012978 43.81507655978203 0.901
      vertex 27.197999998927116 44.04593639820814 0.901
      vertex 27.197999998927116 44.04593639820814 1.5
    endloop
  endfacet
  facet normal 0.6175896642271612 -0.7865004810168791 0
    outer loop
      vertex 27.197999998927116 44.04593639820814 0.901
      vertex 27.450000002980232 44.24381624907255 0.901
      vertex 27.450000002980232 44.24381624907255 1.5
    endloop
  endfacet
  facet normal 0.5319400383899148 -0.8467820236387498 0
    outer loop
      vertex 27.450000002980232 44.24381624907255 0.901
      vertex 27.65999999642372 44.37573615461588 0.901
      vertex 27.65999999642372 44.37573615461588 1.5
    endloop
  endfacet
  facet normal 0.4759502621413357 -0.8794721985188582 0
    outer loop
      vertex 27.65999999642372 44.37573615461588 0.901
      vertex 27.82320549339056 44.46405924111605 0.901
      vertex 27.82320549339056 44.46405924111605 1.5
    endloop
  endfacet
  facet normal 0.6939172838479425 -0.720054722348999 0
    outer loop
      vertex 27.82320549339056 44.46405924111605 0.901
      vertex 27.953999996185303 44.59010600298643 0.901
      vertex 27.953999996185303 44.59010600298643 1.5
    endloop
  endfacet
  facet normal 0.6175896899064236 -0.7865004608525591 0
    outer loop
      vertex 27.953999996185303 44.59010600298643 0.901
      vertex 28.121999993920326 44.72202590852976 0.901
      vertex 28.121999993920326 44.72202590852976 1.5
    endloop
  endfacet
  facet normal 0.552318711919147 -0.8336330370516599 0
    outer loop
      vertex 28.121999993920326 44.72202590852976 0.901
      vertex 29.241999998688698 45.4640753865242 0.901
      vertex 28.121999993920326 44.72202590852976 1.5
    endloop
  endfacet
  facet normal 0.7623153785109753 0.647205735207645 0
    outer loop
      vertex 28.569999992847443 45.21672556549311 0.901
      vertex 28.5 45.29917550086975 0.901
      vertex 28.5 45.29917550086975 1.5
    endloop
  endfacet
  facet normal 0.1659326262367275 0.9861370916612875 0
    outer loop
      vertex 28.569999992847443 45.21672556549311 0.901
      vertex 28.569999992847443 45.21672556549311 1.5
      vertex 28.667999997735023 45.200235567986965 0.901
    endloop
  endfacet
  facet normal 0.9468881157242709 0.3215632073172232 0
    outer loop
      vertex 28.5 45.29917550086975 0.901
      vertex 28.443999998271465 45.4640753865242 0.901
      vertex 28.443999998271465 45.4640753865242 1.5
    endloop
  endfacet
  facet normal -0.28247219212620334 0.9592754873733704 0
    outer loop
      vertex 28.667999997735023 45.200235567986965 0.901
      vertex 28.667999997735023 45.200235567986965 1.5
      vertex 28.780000001192093 45.23321554809809 0.901
    endloop
  endfacet
  facet normal -0.4637860151971771 0.8859472513121331 0
    outer loop
      vertex 28.780000001192093 45.23321554809809 0.901
      vertex 28.780000001192093 45.23321554809809 1.5
      vertex 29.03200000524521 45.365135453641415 0.901
    endloop
  endfacet
  facet normal -0.40403806125504643 0.9147421740891054 0
    outer loop
      vertex 29.03200000524521 45.365135453641415 0.901
      vertex 29.03200000524521 45.365135453641415 1.5
      vertex 29.144000001251698 45.41460541635752 0.901
    endloop
  endfacet
  facet normal -0.4506351934410836 0.8927081955669037 0
    outer loop
      vertex 29.144000001251698 45.41460541635752 0.901
      vertex 29.144000001251698 45.41460541635752 1.5
      vertex 29.241999998688698 45.4640753865242 0.901
    endloop
  endfacet
  facet normal 0.9927250533829362 -0.12040335703727954 0
    outer loop
      vertex 28.443999998271465 45.4640753865242 0.901
      vertex 28.457999996840954 45.57950530201197 0.901
      vertex 28.457999996840954 45.57950530201197 1.5
    endloop
  endfacet
  facet normal 0.9950487721860721 -0.09938783110114738 0
    outer loop
      vertex 28.457999996840954 45.57950530201197 0.901
      vertex 28.48600000143051 45.8598350957036 0.901
      vertex 28.48600000143051 45.8598350957036 1.5
    endloop
  endfacet
  facet normal 0.9977013869934765 -0.06776387231625076 0
    outer loop
      vertex 28.48600000143051 45.8598350957036 0.901
      vertex 28.51399999856949 46.272084794938564 0.901
      vertex 28.51399999856949 46.272084794938564 1.5
    endloop
  endfacet
  facet normal 0 0 1
    outer loop
      vertex 30.109999999403954 31.694935217499733 0.901
      vertex 31.440000005066395 30.689045943319798 0.901
      vertex 35.457999996840954 42.116607777774334 0.901
    endloop
  endfacet
  facet normal 0 0 1
    outer loop
      vertex 31.440000005066395 30.689045943319798 0.901
      vertex 31.734000004827976 30.441696122288704 0.901
      vertex 35.62600000202656 42.00117785483599 0.901
    endloop
  endfacet
  facet normal 0 0 1
    outer loop
      vertex 29.354000002145767 32.4864546507597 0.901
      vertex 35.457999996840954 42.116607777774334 0.901
      vertex 29.255999997258186 32.634864546358585 0.901
    endloop
  endfacet
  facet normal 0 0 1
    outer loop
      vertex 29.578000001609325 32.18963485956192 0.901
      vertex 35.457999996840954 42.116607777774334 0.901
      vertex 29.354000002145767 32.4864546507597 0.901
    endloop
  endfacet
  facet normal 0 0 1
    outer loop
      vertex 29.578000001609325 32.18963485956192 0.901
      vertex 29.703999996185303 32.05771496146917 0.901
      vertex 35.457999996840954 42.116607777774334 0.901
    endloop
  endfacet
  facet normal 0 0 1
    outer loop
      vertex 29.703999996185303 32.05771496146917 0.901
      vertex 29.84400000423193 31.925795055925846 0.901
      vertex 35.457999996840954 42.116607777774334 0.901
    endloop
  endfacet
  facet normal 0 0 1
    outer loop
      vertex 28.346000000834465 34.28386337310076 0.901
      vertex 28.5 34.00353356450796 0.901
      vertex 35.457999996840954 42.116607777774334 0.901
    endloop
  endfacet
  facet normal 0 0 1
    outer loop
      vertex 28.653999999165535 33.706713780760765 0.901
      vertex 28.82199999690056 33.39340400695801 0.901
      vertex 35.457999996840954 42.116607777774334 0.901
    endloop
  endfacet
  facet normal 0 0 1
    outer loop
      vertex 28.653999999165535 33.706713780760765 0.901
      vertex 35.457999996840954 42.116607777774334 0.901
      vertex 28.5 34.00353356450796 0.901
    endloop
  endfacet
  facet normal 0 0 1
    outer loop
      vertex 29.157999999821186 32.799764432013035 0.901
      vertex 35.457999996840954 42.116607777774334 0.901
      vertex 29.00400000065565 33.09658422321081 0.901
    endloop
  endfacet
  facet normal 0 0 1
    outer loop
      vertex 29.157999999821186 32.799764432013035 0.901
      vertex 29.255999997258186 32.634864546358585 0.901
      vertex 35.457999996840954 42.116607777774334 0.901
    endloop
  endfacet
  facet normal 0 0 1
    outer loop
      vertex 29.00400000065565 33.09658422321081 0.901
      vertex 35.457999996840954 42.116607777774334 0.901
      vertex 28.82199999690056 33.39340400695801 0.901
    endloop
  endfacet
  facet normal 0 0 1
    outer loop
      vertex 28.052000001072884 34.91048292815685 0.901
      vertex 35.28999999910593 42.26501765847206 0.901
      vertex 28.023999996483326 35.04240283370018 0.901
    endloop
  endfacet
  facet normal 0 0 1
    outer loop
      vertex 28.023999996483326 35.04240283370018 0.901
      vertex 35.28999999910593 42.26501765847206 0.901
      vertex 28.009999997913837 35.19081271439791 0.901
    endloop
  endfacet
  facet normal 0 0 1
    outer loop
      vertex 26.75 37.36749116331339 0.901
      vertex 27.240000002086163 37.16961131244898 0.901
      vertex 33.9761530905962 41.683525547385216 0.901
    endloop
  endfacet
  facet normal 0 0 1
    outer loop
      vertex 27.240000002086163 37.16961131244898 0.901
      vertex 27.77199999243021 36.97173145413399 0.901
      vertex 33.9761530905962 41.683525547385216 0.901
    endloop
  endfacet
  facet normal 0 0 1
    outer loop
      vertex 27.96799999475479 36.411071851849556 0.901
      vertex 33.9761530905962 41.683525547385216 0.901
      vertex 28.009999997913837 36.592461720108986 0.901
    endloop
  endfacet
  facet normal 0 0 1
    outer loop
      vertex 28.009999997913837 35.19081271439791 0.901
      vertex 35.00999999791384 42.57832744717598 0.901
      vertex 27.98200000077486 35.58657243847847 0.901
    endloop
  endfacet
  facet normal 0 0 1
    outer loop
      vertex 27.98200000077486 35.58657243847847 0.901
      vertex 35.00999999791384 42.57832744717598 0.901
      vertex 27.96799999475479 35.80094228684902 0.901
    endloop
  endfacet
  facet normal 0 0 1
    outer loop
      vertex 27.96799999475479 35.80094228684902 0.901
      vertex 35.00999999791384 42.57832744717598 0.901
      vertex 27.96799999475479 36.01531212776899 0.901
    endloop
  endfacet
  facet normal 0 0 1
    outer loop
      vertex 27.77199999243021 36.97173145413399 0.901
      vertex 28.12392020225525 36.84507518261671 0.901
      vertex 33.9761530905962 41.683525547385216 0.901
    endloop
  endfacet
  facet normal 0 0 1
    outer loop
      vertex 28.009999997913837 36.592461720108986 0.901
      vertex 33.9761530905962 41.683525547385216 0.901
      vertex 28.065999999642372 36.757361605763435 0.901
    endloop
  endfacet
  facet normal 0 0 1
    outer loop
      vertex 28.065999999642372 36.757361605763435 0.901
      vertex 33.9761530905962 41.683525547385216 0.901
      vertex 28.12392020225525 36.84507518261671 0.901
    endloop
  endfacet
  facet normal 0 0 1
    outer loop
      vertex 27.96799999475479 36.01531212776899 0.901
      vertex 35.00999999791384 42.57832744717598 0.901
      vertex 27.953999996185303 36.229681983590126 0.901
    endloop
  endfacet
  facet normal 0 0 1
    outer loop
      vertex 27.953999996185303 36.229681983590126 0.901
      vertex 35.00999999791384 42.57832744717598 0.901
      vertex 27.96799999475479 36.411071851849556 0.901
    endloop
  endfacet
  facet normal 0 0 1
    outer loop
      vertex 28.346000000834465 34.28386337310076 0.901
      vertex 35.457999996840954 42.116607777774334 0.901
      vertex 28.219999998807907 34.51472320407629 0.901
    endloop
  endfacet
  facet normal 0 0 1
    outer loop
      vertex 28.121999993920326 34.6961130797863 0.901
      vertex 28.219999998807907 34.51472320407629 0.901
      vertex 35.457999996840954 42.116607777774334 0.901
    endloop
  endfacet
  facet normal 0 0 1
    outer loop
      vertex 28.121999993920326 34.6961130797863 0.901
      vertex 35.28999999910593 42.26501765847206 0.901
      vertex 28.065999999642372 34.82803297787905 0.901
    endloop
  endfacet
  facet normal 0 0 1
    outer loop
      vertex 28.065999999642372 34.82803297787905 0.901
      vertex 35.28999999910593 42.26501765847206 0.901
      vertex 28.052000001072884 34.91048292815685 0.901
    endloop
  endfacet
  facet normal 0 0 1
    outer loop
      vertex 29.969999998807907 31.81036514043808 0.901
      vertex 35.457999996840954 42.116607777774334 0.901
      vertex 29.84400000423193 31.925795055925846 0.901
    endloop
  endfacet
  facet normal 0 0 1
    outer loop
      vertex 29.969999998807907 31.81036514043808 0.901
      vertex 30.109999999403954 31.694935217499733 0.901
      vertex 35.457999996840954 42.116607777774334 0.901
    endloop
  endfacet
  facet normal 0 0 1
    outer loop
      vertex 31.734000004827976 30.441696122288704 0.901
      vertex 37.12399999797344 28.825677268207073 0.901
      vertex 36.01799999922514 41.86925795674324 0.901
    endloop
  endfacet
  facet normal 0 0 1
    outer loop
      vertex 37.12399999797344 28.825677268207073 0.901
      vertex 37.31999999284744 28.842167265713215 0.901
      vertex 39.29876943677664 42.13737988471985 0.901
    endloop
  endfacet
  facet normal 0 0 1
    outer loop
      vertex 37.31999999284744 28.842167265713215 0.901
      vertex 37.53000000119209 28.842167265713215 0.901
      vertex 39.29876943677664 42.13737988471985 0.901
    endloop
  endfacet
  facet normal 0 0 1
    outer loop
      vertex 37.53000000119209 28.842167265713215 0.901
      vertex 37.75400000065565 28.809187285602093 0.901
      vertex 39.29876943677664 42.13737988471985 0.901
    endloop
  endfacet
  facet normal 0 0 1
    outer loop
      vertex 31.734000004827976 30.441696122288704 0.901
      vertex 35.82199999690056 41.91872791945934 0.901
      vertex 35.62600000202656 42.00117785483599 0.901
    endloop
  endfacet
  facet normal 0 0 1
    outer loop
      vertex 31.734000004827976 30.441696122288704 0.901
      vertex 36.01799999922514 41.86925795674324 0.901
      vertex 35.82199999690056 41.91872791945934 0.901
    endloop
  endfacet
  facet normal 0 0 1
    outer loop
      vertex 31.440000005066395 30.689045943319798 0.901
      vertex 35.62600000202656 42.00117785483599 0.901
      vertex 35.457999996840954 42.116607777774334 0.901
    endloop
  endfacet
  facet normal 0 0 1
    outer loop
      vertex 37.12399999797344 28.825677268207073 0.901
      vertex 36.22800000756979 41.8527679592371 0.901
      vertex 36.01799999922514 41.86925795674324 0.901
    endloop
  endfacet
  facet normal 0 0 1
    outer loop
      vertex 37.12399999797344 28.825677268207073 0.901
      vertex 36.42399999499321 41.86925795674324 0.901
      vertex 36.22800000756979 41.8527679592371 0.901
    endloop
  endfacet
  facet normal 0 0 1
    outer loop
      vertex 37.12399999797344 28.825677268207073 0.901
      vertex 36.63400000333786 41.91872791945934 0.901
      vertex 36.42399999499321 41.86925795674324 0.901
    endloop
  endfacet
  facet normal 0 0 1
    outer loop
      vertex 37.12399999797344 28.825677268207073 0.901
      vertex 37.031627014279366 42.06628944724798 0.901
      vertex 36.63400000333786 41.91872791945934 0.901
    endloop
  endfacet
  facet normal 0 0 1
    outer loop
      vertex 37.12399999797344 28.825677268207073 0.901
      vertex 37.41855961084366 42.209882229566574 0.901
      vertex 37.031627014279366 42.06628944724798 0.901
    endloop
  endfacet
  facet normal 0 0 1
    outer loop
      vertex 37.12399999797344 28.825677268207073 0.901
      vertex 37.65599999576807 42.297997646033764 0.901
      vertex 37.41855961084366 42.209882229566574 0.901
    endloop
  endfacet
  facet normal 0 0 1
    outer loop
      vertex 37.12399999797344 28.825677268207073 0.901
      vertex 37.936000004410744 42.38044758141041 0.901
      vertex 37.65599999576807 42.297997646033764 0.901
    endloop
  endfacet
  facet normal 0 0 1
    outer loop
      vertex 37.12399999797344 28.825677268207073 0.901
      vertex 38.230000004172325 42.41342756152153 0.901
      vertex 37.936000004410744 42.38044758141041 0.901
    endloop
  endfacet
  facet normal 0 0 1
    outer loop
      vertex 37.12399999797344 28.825677268207073 0.901
      vertex 39.29876943677664 42.13737988471985 0.901
      vertex 39.06999999284744 42.26501765847206 0.901
    endloop
  endfacet
  facet normal 0 0 1
    outer loop
      vertex 37.12399999797344 28.825677268207073 0.901
      vertex 38.50999999791384 42.41342756152153 0.901
      vertex 38.230000004172325 42.41342756152153 0.901
    endloop
  endfacet
  facet normal 0 0 1
    outer loop
      vertex 37.12399999797344 28.825677268207073 0.901
      vertex 38.78999999910593 42.36395759135485 0.901
      vertex 38.50999999791384 42.41342756152153 0.901
    endloop
  endfacet
  facet normal 0 0 1
    outer loop
      vertex 37.12399999797344 28.825677268207073 0.901
      vertex 39.06999999284744 42.26501765847206 0.901
      vertex 38.78999999910593 42.36395759135485 0.901
    endloop
  endfacet
  facet normal 0.6755017459344538 0.7373583872442931 0
    outer loop
      vertex 29.969999998807907 31.81036514043808 0.901
      vertex 29.84400000423193 31.925795055925846 0.901
      vertex 29.84400000423193 31.925795055925846 1.5
    endloop
  endfacet
  facet normal 0.6361531258430847 0.7715628298979107 0
    outer loop
      vertex 29.969999998807907 31.81036514043808 0.901
      vertex 29.969999998807907 31.81036514043808 1.5
      vertex 30.109999999403954 31.694935217499733 0.901
    endloop
  endfacet
  facet normal 0.7982084647593327 0.6023813134440253 0
    outer loop
      vertex 29.578000001609325 32.18963485956192 0.901
      vertex 29.354000002145767 32.4864546507597 0.901
      vertex 29.354000002145767 32.4864546507597 1.5
    endloop
  endfacet
  facet normal 0.7231461841692097 0.6906950096254577 0
    outer loop
      vertex 29.578000001609325 32.18963485956192 0.901
      vertex 29.578000001609325 32.18963485956192 1.5
      vertex 29.703999996185303 32.05771496146917 0.901
    endloop
  endfacet
  facet normal 0.6857923930101057 0.7277972201715753 0
    outer loop
      vertex 29.703999996185303 32.05771496146917 0.901
      vertex 29.703999996185303 32.05771496146917 1.5
      vertex 29.84400000423193 31.925795055925846 0.901
    endloop
  endfacet
  facet normal 0.8344814931984115 0.5510359675278461 0
    outer loop
      vertex 29.354000002145767 32.4864546507597 0.901
      vertex 29.255999997258186 32.634864546358585 0.901
      vertex 29.255999997258186 32.634864546358585 1.5
    endloop
  endfacet
  facet normal 0.6032149192829391 0.7975786864971237 0
    outer loop
      vertex 30.109999999403954 31.694935217499733 0.901
      vertex 30.109999999403954 31.694935217499733 1.5
      vertex 31.440000005066395 30.689045943319798 0.901
    endloop
  endfacet
  facet normal 0 0 1
    outer loop
      vertex 28.009999997913837 35.19081271439791 0.901
      vertex 35.135999999940395 42.42991754412651 0.901
      vertex 35.00999999791384 42.57832744717598 0.901
    endloop
  endfacet
  facet normal 0 0 1
    outer loop
      vertex 28.009999997913837 35.19081271439791 0.901
      vertex 35.28999999910593 42.26501765847206 0.901
      vertex 35.135999999940395 42.42991754412651 0.901
    endloop
  endfacet
  facet normal 0 0 1
    outer loop
      vertex 27.96799999475479 36.411071851849556 0.901
      vertex 35.00999999791384 42.57832744717598 0.901
      vertex 33.9761530905962 41.683525547385216 0.901
    endloop
  endfacet
  facet normal 0 0 1
    outer loop
      vertex 28.121999993920326 34.6961130797863 0.901
      vertex 35.457999996840954 42.116607777774334 0.901
      vertex 35.28999999910593 42.26501765847206 0.901
    endloop
  endfacet
  facet normal 0 0 1
    outer loop
      vertex 33.9761530905962 41.683525547385216 0.901
      vertex 26.973999992012978 43.81507655978203 0.901
      vertex 26.86199999600649 43.68315666168928 0.901
    endloop
  endfacet
  facet normal 0 0 1
    outer loop
      vertex 33.9761530905962 41.683525547385216 0.901
      vertex 27.197999998927116 44.04593639820814 0.901
      vertex 26.973999992012978 43.81507655978203 0.901
    endloop
  endfacet
  facet normal 0 0 1
    outer loop
      vertex 33.9761530905962 41.683525547385216 0.901
      vertex 27.450000002980232 44.24381624907255 0.901
      vertex 27.197999998927116 44.04593639820814 0.901
    endloop
  endfacet
  facet normal 0 0 1
    outer loop
      vertex 33.9761530905962 41.683525547385216 0.901
      vertex 27.65999999642372 44.37573615461588 0.901
      vertex 27.450000002980232 44.24381624907255 0.901
    endloop
  endfacet
  facet normal 0 0 1
    outer loop
      vertex 33.9761530905962 41.683525547385216 0.901
      vertex 27.82320549339056 44.46405924111605 0.901
      vertex 27.65999999642372 44.37573615461588 0.901
    endloop
  endfacet
  facet normal 0 0 1
    outer loop
      vertex 33.91799999773502 42.18256772309542 0.901
      vertex 27.953999996185303 44.59010600298643 0.901
      vertex 27.82320549339056 44.46405924111605 0.901
    endloop
  endfacet
  facet normal 0 0 1
    outer loop
      vertex 33.91799999773502 42.18256772309542 0.901
      vertex 28.121999993920326 44.72202590852976 0.901
      vertex 27.953999996185303 44.59010600298643 0.901
    endloop
  endfacet
  facet normal 0 0 1
    outer loop
      vertex 28.121999993920326 44.72202590852976 0.901
      vertex 33.41399999707937 44.029446400702 0.901
      vertex 29.241999998688698 45.4640753865242 0.901
    endloop
  endfacet
  facet normal 0 0 1
    outer loop
      vertex 33.9761530905962 41.683525547385216 0.901
      vertex 33.91799999773502 42.18256772309542 0.901
      vertex 27.82320549339056 44.46405924111605 0.901
    endloop
  endfacet
  facet normal 0 0 1
    outer loop
      vertex 33.91799999773502 42.18256772309542 0.901
      vertex 33.73600000143051 43.07302708923817 0.901
      vertex 28.121999993920326 44.72202590852976 0.901
    endloop
  endfacet
  facet normal 0 0 1
    outer loop
      vertex 28.121999993920326 44.72202590852976 0.901
      vertex 33.73600000143051 43.07302708923817 0.901
      vertex 33.41399999707937 44.029446400702 0.901
    endloop
  endfacet
  facet normal 0 0 1
    outer loop
      vertex 29.241999998688698 45.4640753865242 0.901
      vertex 33.41399999707937 44.029446400702 0.901
      vertex 33.399999998509884 44.07891637086868 0.901
    endloop
  endfacet
  facet normal 0 0 1
    outer loop
      vertex 33.399999998509884 44.07891637086868 0.901
      vertex 33.399999998509884 44.17785630375147 0.901
      vertex 33.385999999940395 44.21083626896143 0.901
    endloop
  endfacet
  facet normal 0 0 1
    outer loop
      vertex 29.241999998688698 45.4640753865242 0.901
      vertex 33.399999998509884 44.07891637086868 0.901
      vertex 33.385999999940395 44.21083626896143 0.901
    endloop
  endfacet
  facet normal 0 0 1
    outer loop
      vertex 29.241999998688698 45.4640753865242 0.901
      vertex 33.385999999940395 44.21083626896143 0.901
      vertex 33.385999999940395 44.276796236634254 0.901
    endloop
  endfacet
  facet normal 0 0 1
    outer loop
      vertex 29.241999998688698 45.4640753865242 0.901
      vertex 33.385999999940395 44.276796236634254 0.901
      vertex 34.28200000524521 45.909305058419704 0.901
    endloop
  endfacet
  facet normal 0 0 1
    outer loop
      vertex 29.241999998688698 45.4640753865242 0.901
      vertex 34.28200000524521 45.909305058419704 0.901
      vertex 34.36599999666214 46.090694926679134 0.901
    endloop
  endfacet
  facet normal 0 0 1
    outer loop
      vertex 29.241999998688698 45.4640753865242 0.901
      vertex 34.36599999666214 46.090694926679134 0.901
      vertex 34.45000000298023 46.255594812333584 0.901
    endloop
  endfacet
  facet normal 0 0 1
    outer loop
      vertex 29.241999998688698 45.4640753865242 0.901
      vertex 34.45000000298023 46.255594812333584 0.901
      vertex 34.617999993264675 46.618374548852444 0.901
    endloop
  endfacet
  facet normal 0 0 1
    outer loop
      vertex 29.241999998688698 45.4640753865242 0.901
      vertex 34.617999993264675 46.618374548852444 0.901
      vertex 34.7580000013113 46.981154300272465 0.901
    endloop
  endfacet
  facet normal 0 0 1
    outer loop
      vertex 33.9761530905962 41.683525547385216 0.901
      vertex 35.00999999791384 42.57832744717598 0.901
      vertex 34.100000001490116 42.18256772309542 0.901
    endloop
  endfacet
  facet normal 0 0 1
    outer loop
      vertex 34.100000001490116 42.18256772309542 0.901
      vertex 35.00999999791384 42.57832744717598 0.901
      vertex 34.16999999433756 42.36395759135485 0.901
    endloop
  endfacet
  facet normal 0 0 1
    outer loop
      vertex 34.16999999433756 42.36395759135485 0.901
      vertex 35.00999999791384 42.57832744717598 0.901
      vertex 34.28200000524521 42.512367494404316 0.901
    endloop
  endfacet
  facet normal 0 0 1
    outer loop
      vertex 34.28200000524521 42.512367494404316 0.901
      vertex 35.00999999791384 42.57832744717598 0.901
      vertex 34.407999999821186 42.61130741238594 0.901
    endloop
  endfacet
  facet normal 0 0 1
    outer loop
      vertex 34.407999999821186 42.61130741238594 0.901
      vertex 35.00999999791384 42.57832744717598 0.901
      vertex 34.56199999898672 42.677267365157604 0.901
    endloop
  endfacet
  facet normal 0 0 1
    outer loop
      vertex 37.031627014279366 42.06628944724798 0.901
      vertex 37.41855961084366 42.209882229566574 0.901
      vertex 36.84400000423193 42.2320376932621 0.901
    endloop
  endfacet
  facet normal 0 0 1
    outer loop
      vertex 34.56199999898672 42.677267365157604 0.901
      vertex 35.00999999791384 42.57832744717598 0.901
      vertex 34.715999998152256 42.693757362663746 0.901
    endloop
  endfacet
  facet normal 0 0 1
    outer loop
      vertex 34.715999998152256 42.693757362663746 0.901
      vertex 35.00999999791384 42.57832744717598 0.901
      vertex 34.86999999731779 42.660777382552624 0.901
    endloop
  endfacet
  facet normal -0.9932788214576509 -0.11574620012639747 0
    outer loop
      vertex 33.9761530905962 41.683525547385216 0.901
      vertex 33.9761530905962 41.683525547385216 1.5
      vertex 33.91799999773502 42.18256772309542 0.901
    endloop
  endfacet
  facet normal 0.9705591466471815 -0.2408629130013481 0
    outer loop
      vertex 33.9761530905962 41.683525547385216 0.901
      vertex 34.100000001490116 42.18256772309542 0.901
      vertex 34.100000001490116 42.18256772309542 1.5
    endloop
  endfacet
  facet normal -0.9797450382225379 -0.20024899519927156 0
    outer loop
      vertex 33.91799999773502 42.18256772309542 0.901
      vertex 33.73600000143051 43.07302708923817 1.5
      vertex 33.73600000143051 43.07302708923817 0.901
    endloop
  endfacet
  facet normal -0.9477296573181077 -0.3190744374588825 0
    outer loop
      vertex 33.73600000143051 43.07302708923817 0.901
      vertex 33.73600000143051 43.07302708923817 1.5
      vertex 33.41399999707937 44.029446400702 0.901
    endloop
  endfacet
  facet normal -0.9622108180434611 -0.27230560339466686 0
    outer loop
      vertex 33.41399999707937 44.029446400702 0.901
      vertex 33.41399999707937 44.029446400702 1.5
      vertex 33.399999998509884 44.07891637086868 0.901
    endloop
  endfacet
  facet normal -1 0 0
    outer loop
      vertex 33.399999998509884 44.07891637086868 0.901
      vertex 33.399999998509884 44.07891637086868 1.5
      vertex 33.399999998509884 44.17785630375147 0.901
    endloop
  endfacet
  facet normal -0.9204964820131873 -0.3907508497768699 0
    outer loop
      vertex 33.399999998509884 44.17785630375147 0.901
      vertex 33.399999998509884 44.17785630375147 1.5
      vertex 33.385999999940395 44.21083626896143 0.901
    endloop
  endfacet
  facet normal -1 0 0
    outer loop
      vertex 33.385999999940395 44.21083626896143 0.901
      vertex 33.385999999940395 44.21083626896143 1.5
      vertex 33.385999999940395 44.276796236634254 0.901
    endloop
  endfacet
  facet normal -0.876641825389978 0.48114354404577353 0
    outer loop
      vertex 33.385999999940395 44.276796236634254 0.901
      vertex 33.385999999940395 44.276796236634254 1.5
      vertex 34.28200000524521 45.909305058419704 0.901
    endloop
  endfacet
  facet normal 0.9329406340457149 -0.3600302394888231 0
    outer loop
      vertex 34.100000001490116 42.18256772309542 0.901
      vertex 34.16999999433756 42.36395759135485 0.901
      vertex 34.16999999433756 42.36395759135485 1.5
    endloop
  endfacet
  facet normal 0.7982084503984236 -0.6023813324734983 0
    outer loop
      vertex 34.16999999433756 42.36395759135485 0.901
      vertex 34.28200000524521 42.512367494404316 0.901
      vertex 34.28200000524521 42.512367494404316 1.5
    endloop
  endfacet
  facet normal 0.6175896580487752 -0.7865004858683795 0
    outer loop
      vertex 34.28200000524521 42.512367494404316 0.901
      vertex 34.407999999821186 42.61130741238594 0.901
      vertex 34.407999999821186 42.61130741238594 1.5
    endloop
  endfacet
  facet normal -0.507463573092511 -0.861673210668744 0
    outer loop
      vertex 34.86999999731779 42.660777382552624 0.901
      vertex 35.00999999791384 42.57832744717598 0.901
      vertex 35.00999999791384 42.57832744717598 1.5
    endloop
  endfacet
  facet normal -0.7308486617607045 -0.6825395472810257 0
    outer loop
      vertex 35.135999999940395 42.42991754412651 0.901
      vertex 35.28999999910593 42.26501765847206 0.901
      vertex 35.28999999910593 42.26501765847206 1.5
    endloop
  endfacet
  facet normal -0.7623153824270192 -0.6472057305951079 0
    outer loop
      vertex 35.135999999940395 42.42991754412651 0.901
      vertex 35.135999999940395 42.42991754412651 1.5
      vertex 35.00999999791384 42.57832744717598 0.901
    endloop
  endfacet
  facet normal -0.5662953354785687 -0.8242023980887313 0
    outer loop
      vertex 35.457999996840954 42.116607777774334 0.901
      vertex 35.62600000202656 42.00117785483599 0.901
      vertex 35.62600000202656 42.00117785483599 1.5
    endloop
  endfacet
  facet normal -0.24472310895689584 -0.9695930073708614 0
    outer loop
      vertex 35.82199999690056 41.91872791945934 0.901
      vertex 36.01799999922514 41.86925795674324 0.901
      vertex 36.01799999922514 41.86925795674324 1.5
    endloop
  endfacet
  facet normal -0.38775187220614254 -0.9217637905671014 0
    outer loop
      vertex 35.62600000202656 42.00117785483599 0.901
      vertex 35.82199999690056 41.91872791945934 0.901
      vertex 35.82199999690056 41.91872791945934 1.5
    endloop
  endfacet
  facet normal -0.6620594341109766 -0.7494513364486408 0
    outer loop
      vertex 35.457999996840954 42.116607777774334 0.901
      vertex 35.457999996840954 42.116607777774334 1.5
      vertex 35.28999999910593 42.26501765847206 0.901
    endloop
  endfacet
  facet normal -0.07828282002040632 -0.9969311912512581 0
    outer loop
      vertex 36.01799999922514 41.86925795674324 0.901
      vertex 36.22800000756979 41.8527679592371 0.901
      vertex 36.22800000756979 41.8527679592371 1.5
    endloop
  endfacet
  facet normal 0.0838364590452802 -0.9964795272030175 0
    outer loop
      vertex 36.22800000756979 41.8527679592371 0.901
      vertex 36.42399999499321 41.86925795674324 0.901
      vertex 36.42399999499321 41.86925795674324 1.5
    endloop
  endfacet
  facet normal 0.22929491610820363 -0.9733569958894484 0
    outer loop
      vertex 36.42399999499321 41.86925795674324 0.901
      vertex 36.63400000333786 41.91872791945934 0.901
      vertex 36.63400000333786 41.91872791945934 1.5
    endloop
  endfacet
  facet normal 0.34792025956191447 -0.9375241292822121 0
    outer loop
      vertex 36.63400000333786 41.91872791945934 0.901
      vertex 37.031627014279366 42.06628944724798 0.901
      vertex 37.031627014279366 42.06628944724798 1.5
    endloop
  endfacet
  facet normal 0.6620594712115416 0.7494513036742907 0
    outer loop
      vertex 37.031627014279366 42.06628944724798 0.901
      vertex 36.84400000423193 42.2320376932621 0.901
      vertex 36.84400000423193 42.2320376932621 1.5
    endloop
  endfacet
  facet normal -0.038532138246984336 -0.9992573614050162 0
    outer loop
      vertex 36.84400000423193 42.2320376932621 0.901
      vertex 37.41855961084366 42.209882229566574 0.901
      vertex 37.41855961084366 42.209882229566574 1.5
    endloop
  endfacet
  facet normal 0.3479202919389909 -0.9375241172669039 0
    outer loop
      vertex 37.41855961084366 42.209882229566574 0.901
      vertex 37.65599999576807 42.297997646033764 0.901
      vertex 37.65599999576807 42.297997646033764 1.5
    endloop
  endfacet
  facet normal 0.2824721451484635 -0.959275501206627 0
    outer loop
      vertex 37.65599999576807 42.297997646033764 0.901
      vertex 37.936000004410744 42.38044758141041 0.901
      vertex 37.936000004410744 42.38044758141041 1.5
    endloop
  endfacet
  facet normal 0.11147759922591866 -0.9937669469603151 0
    outer loop
      vertex 37.936000004410744 42.38044758141041 0.901
      vertex 38.230000004172325 42.41342756152153 0.901
      vertex 38.230000004172325 42.41342756152153 1.5
    endloop
  endfacet
  facet normal 0 -1 0
    outer loop
      vertex 38.230000004172325 42.41342756152153 0.901
      vertex 38.50999999791384 42.41342756152153 0.901
      vertex 38.50999999791384 42.41342756152153 1.5
    endloop
  endfacet
  facet normal -0.17398385347313586 -0.9847485053203374 0
    outer loop
      vertex 38.50999999791384 42.41342756152153 0.901
      vertex 38.78999999910593 42.36395759135485 0.901
      vertex 38.78999999910593 42.36395759135485 1.5
    endloop
  endfacet
  facet normal -0.3331686579155524 -0.9428672469561925 0
    outer loop
      vertex 38.78999999910593 42.36395759135485 0.901
      vertex 39.06999999284744 42.26501765847206 0.901
      vertex 39.06999999284744 42.26501765847206 1.5
    endloop
  endfacet
  facet normal 0.39371734045618895 -0.9192315572390373 0
    outer loop
      vertex 34.407999999821186 42.61130741238594 0.901
      vertex 34.56199999898672 42.677267365157604 0.901
      vertex 34.56199999898672 42.677267365157604 1.5
    endloop
  endfacet
  facet normal 0.10646927487135835 -0.9943159927851745 0
    outer loop
      vertex 34.56199999898672 42.677267365157604 0.901
      vertex 34.715999998152256 42.693757362663746 0.901
      vertex 34.715999998152256 42.693757362663746 1.5
    endloop
  endfacet
  facet normal -0.20940755195037478 -0.977828449773349 0
    outer loop
      vertex 34.715999998152256 42.693757362663746 0.901
      vertex 34.86999999731779 42.660777382552624 0.901
      vertex 34.86999999731779 42.660777382552624 1.5
    endloop
  endfacet
  facet normal -0.9074226531510062 0.42021914348157524 0
    outer loop
      vertex 34.28200000524521 45.909305058419704 0.901
      vertex 34.28200000524521 45.909305058419704 1.5
      vertex 34.36599999666214 46.090694926679134 0.901
    endloop
  endfacet
  facet normal -0.8910517265554765 0.45390177417862576 0
    outer loop
      vertex 34.36599999666214 46.090694926679134 0.901
      vertex 34.36599999666214 46.090694926679134 1.5
      vertex 34.45000000298023 46.255594812333584 0.901
    endloop
  endfacet
  facet normal -0.9074226460447286 0.4202191588268949 0
    outer loop
      vertex 34.45000000298023 46.255594812333584 0.901
      vertex 34.45000000298023 46.255594812333584 1.5
      vertex 34.617999993264675 46.618374548852444 0.901
    endloop
  endfacet
  facet normal 0.8596471266563618 0.5108882633526249 0
    outer loop
      vertex 29.255999997258186 32.634864546358585 0.901
      vertex 29.157999999821186 32.799764432013035 1.5
      vertex 29.255999997258186 32.634864546358585 1.5
    endloop
  endfacet
  facet normal 0.8876403134628505 0.46053737515599347 0
    outer loop
      vertex 29.157999999821186 32.799764432013035 0.901
      vertex 29.00400000065565 33.09658422321081 1.5
      vertex 29.157999999821186 32.799764432013035 1.5
    endloop
  endfacet
  facet normal 0.8876403087371735 0.4605373842642697 0
    outer loop
      vertex 28.653999999165535 33.706713780760765 0.901
      vertex 28.5 34.00353356450796 1.5
      vertex 28.653999999165535 33.706713780760765 1.5
    endloop
  endfacet
  facet normal 0.8525011683109648 0.5227253179524024 0
    outer loop
      vertex 29.00400000065565 33.09658422321081 0.901
      vertex 28.82199999690056 33.39340400695801 1.5
      vertex 29.00400000065565 33.09658422321081 1.5
    endloop
  endfacet
  facet normal 0.881297863028036 0.472561188230918 0
    outer loop
      vertex 28.82199999690056 33.39340400695801 0.901
      vertex 28.653999999165535 33.706713780760765 1.5
      vertex 28.82199999690056 33.39340400695801 1.5
    endloop
  endfacet
  facet normal 0.8777733361037808 0.47907616349098286 0
    outer loop
      vertex 28.346000000834465 34.28386337310076 0.901
      vertex 28.219999998807907 34.51472320407629 1.5
      vertex 28.346000000834465 34.28386337310076 1.5
    endloop
  endfacet
  facet normal 0.8764552820573202 0.48148326923562296 0
    outer loop
      vertex 28.5 34.00353356450796 0.901
      vertex 28.346000000834465 34.28386337310076 1.5
      vertex 28.5 34.00353356450796 1.5
    endloop
  endfacet
  facet normal 0.8798050554767759 0.4753346866761431 0
    outer loop
      vertex 28.219999998807907 34.51472320407629 0.901
      vertex 28.121999993920326 34.6961130797863 1.5
      vertex 28.219999998807907 34.51472320407629 1.5
    endloop
  endfacet
  facet normal 0.9204965217023354 0.39075075628065276 0
    outer loop
      vertex 28.121999993920326 34.6961130797863 0.901
      vertex 28.065999999642372 34.82803297787905 1.5
      vertex 28.121999993920326 34.6961130797863 1.5
    endloop
  endfacet
  facet normal 0.9858884126215762 0.1674038167381752 0
    outer loop
      vertex 28.065999999642372 34.82803297787905 0.901
      vertex 28.052000001072884 34.91048292815685 1.5
      vertex 28.065999999642372 34.82803297787905 1.5
    endloop
  endfacet
  facet normal 0.8910517262493531 0.4539017747795748 0
    outer loop
      vertex 25.280000001192093 38.20848057419062 0.901
      vertex 25.19600000232458 38.373380444943905 1.5
      vertex 25.280000001192093 38.20848057419062 1.5
    endloop
  endfacet
  facet normal 0.8085662440679031 0.5884051571442285 0
    outer loop
      vertex 25.461999997496605 37.96113073825836 0.901
      vertex 25.378000006079674 38.07656065374613 1.5
      vertex 25.461999997496605 37.96113073825836 1.5
    endloop
  endfacet
  facet normal 0.6620594857628954 0.7494512908197374 0
    outer loop
      vertex 25.587999999523163 37.845700822770596 0.901
      vertex 25.53200000524521 37.8951707854867 1.5
      vertex 25.587999999523163 37.845700822770596 1.5
    endloop
  endfacet
  facet normal 0.6857923736781631 0.7277972383877742 0
    outer loop
      vertex 25.53200000524521 37.8951707854867 0.901
      vertex 25.461999997496605 37.96113073825836 1.5
      vertex 25.53200000524521 37.8951707854867 1.5
    endloop
  endfacet
  facet normal 0.8027370035132789 0.5963332148979479 0
    outer loop
      vertex 25.378000006079674 38.07656065374613 0.901
      vertex 25.280000001192093 38.20848057419062 1.5
      vertex 25.378000006079674 38.07656065374613 1.5
    endloop
  endfacet
  facet normal 0.9204965099997283 0.39075078384863177 0
    outer loop
      vertex 25.19600000232458 38.373380444943905 0.901
      vertex 25.11199999600649 38.57126031070948 1.5
      vertex 25.19600000232458 38.373380444943905 1.5
    endloop
  endfacet
  facet normal 0.9718173514713087 0.23573509577339294 0
    outer loop
      vertex 25.11199999600649 38.57126031070948 0.901
      vertex 25.056000001728535 38.80212014913559 1.5
      vertex 25.11199999600649 38.57126031070948 1.5
    endloop
  endfacet
  facet normal 0.38386570178950924 0.9233889337595765 0
    outer loop
      vertex 25.951999999582767 37.69729093462229 0.901
      vertex 25.71399999409914 37.79623086750507 1.5
      vertex 25.951999999582767 37.69729093462229 1.5
    endloop
  endfacet
  facet normal 0.39038276931316945 0.9206526453681544 0
    outer loop
      vertex 26.302000001072884 37.54888103157282 0.901
      vertex 25.951999999582767 37.69729093462229 1.5
      vertex 26.302000001072884 37.54888103157282 1.5
    endloop
  endfacet
  facet normal 0.3752932604972921 0.9269061271915898 0
    outer loop
      vertex 26.75 37.36749116331339 0.901
      vertex 26.302000001072884 37.54888103157282 1.5
      vertex 26.75 37.36749116331339 1.5
    endloop
  endfacet
  facet normal 0 1 0
    outer loop
      vertex 25.61599999666214 37.845700822770596 0.901
      vertex 25.587999999523163 37.845700822770596 1.5
      vertex 25.61599999666214 37.845700822770596 1.5
    endloop
  endfacet
  facet normal 0.4506350852671422 0.8927082501726281 0
    outer loop
      vertex 25.71399999409914 37.79623086750507 0.901
      vertex 25.61599999666214 37.845700822770596 1.5
      vertex 25.71399999409914 37.79623086750507 1.5
    endloop
  endfacet
  facet normal 0.9955800883029197 0.093916387147029 0
    outer loop
      vertex 28.023999996483326 35.04240283370018 0.901
      vertex 28.009999997913837 35.19081271439791 1.5
      vertex 28.023999996483326 35.04240283370018 1.5
    endloop
  endfacet
  facet normal 0.9975065761914399 0.07057358184782218 0
    outer loop
      vertex 28.009999997913837 35.19081271439791 0.901
      vertex 27.98200000077486 35.58657243847847 1.5
      vertex 28.009999997913837 35.19081271439791 1.5
    endloop
  endfacet
  facet normal 0.9978742483514573 0.06516889194250809 0
    outer loop
      vertex 27.98200000077486 35.58657243847847 0.901
      vertex 27.96799999475479 35.80094228684902 1.5
      vertex 27.98200000077486 35.58657243847847 1.5
    endloop
  endfacet
  facet normal 1 0 0
    outer loop
      vertex 27.96799999475479 35.80094228684902 0.901
      vertex 27.96799999475479 36.01531212776899 1.5
      vertex 27.96799999475479 35.80094228684902 1.5
    endloop
  endfacet
  facet normal 0.997874250754123 0.0651688551525814 0
    outer loop
      vertex 27.96799999475479 36.01531212776899 0.901
      vertex 27.953999996185303 36.229681983590126 1.5
      vertex 27.96799999475479 36.01531212776899 1.5
    endloop
  endfacet
  facet normal 0.9970347256268617 -0.07695294597459297 0
    outer loop
      vertex 27.953999996185303 36.229681983590126 0.901
      vertex 27.96799999475479 36.411071851849556 1.5
      vertex 27.953999996185303 36.229681983590126 1.5
    endloop
  endfacet
  facet normal 0.9742252388985904 -0.22557744544387542 0
    outer loop
      vertex 27.96799999475479 36.411071851849556 0.901
      vertex 28.009999997913837 36.592461720108986 1.5
      vertex 27.96799999475479 36.411071851849556 1.5
    endloop
  endfacet
  facet normal 0.9468881157242709 -0.3215632073172232 0
    outer loop
      vertex 28.009999997913837 36.592461720108986 0.901
      vertex 28.065999999642372 36.757361605763435 1.5
      vertex 28.009999997913837 36.592461720108986 1.5
    endloop
  endfacet
  facet normal 0.9782085380137943 0.20762479658488606 0
    outer loop
      vertex 28.052000001072884 34.91048292815685 0.901
      vertex 28.023999996483326 35.04240283370018 1.5
      vertex 28.052000001072884 34.91048292815685 1.5
    endloop
  endfacet
  facet normal 0.8344814854602395 -0.5510359792464301 0
    outer loop
      vertex 28.065999999642372 36.757361605763435 0.901
      vertex 28.12392020225525 36.84507518261671 1.5
      vertex 28.065999999642372 36.757361605763435 1.5
    endloop
  endfacet
  facet normal 0.3744552963986485 0.9272449681713029 0
    outer loop
      vertex 27.240000002086163 37.16961131244898 0.901
      vertex 26.75 37.36749116331339 1.5
      vertex 27.240000002086163 37.16961131244898 1.5
    endloop
  endfacet
  facet normal 0.34861977129049615 0.9372642397239755 0
    outer loop
      vertex 27.77199999243021 36.97173145413399 0.901
      vertex 27.240000002086163 37.16961131244898 1.5
      vertex 27.77199999243021 36.97173145413399 1.5
    endloop
  endfacet
  facet normal 0.3386366154449491 0.9409172347661561 0
    outer loop
      vertex 28.12392020225525 36.84507518261671 0.901
      vertex 27.77199999243021 36.97173145413399 1.5
      vertex 28.12392020225525 36.84507518261671 1.5
    endloop
  endfacet
  facet normal 0.9901367420106 0.1401043615332319 0
    outer loop
      vertex 25.056000001728535 38.80212014913559 0.901
      vertex 25.01399999856949 39.098939932882786 1.5
      vertex 25.056000001728535 38.80212014913559 1.5
    endloop
  endfacet
  facet normal 0.9988895055687179 0.04711428302205441 0
    outer loop
      vertex 25.01399999856949 39.098939932882786 0.901
      vertex 25 39.39575972408056 1.5
      vertex 25.01399999856949 39.098939932882786 1.5
    endloop
  endfacet
  facet normal 0.9988895055130609 -0.047114284202061894 0
    outer loop
      vertex 25 39.39575972408056 0.901
      vertex 25.01399999856949 39.69257950782776 1.5
      vertex 25 39.39575972408056 1.5
    endloop
  endfacet
  facet normal 0.9955800868479743 -0.09391640257047751 0
    outer loop
      vertex 25.01399999856949 39.69257950782776 0.901
      vertex 25.042000003159046 39.989399299025536 1.5
      vertex 25.01399999856949 39.69257950782776 1.5
    endloop
  endfacet
  facet normal 0.9806250267954482 -0.19589424907951344 0
    outer loop
      vertex 25.042000003159046 39.989399299025536 0.901
      vertex 25.097999997437 40.26972910016775 1.5
      vertex 25.042000003159046 39.989399299025536 1.5
    endloop
  endfacet
  facet normal 0.9579192773181019 -0.28703772947535183 0
    outer loop
      vertex 25.097999997437 40.26972910016775 0.901
      vertex 25.182000003755093 40.550058886408806 1.5
      vertex 25.097999997437 40.26972910016775 1.5
    endloop
  endfacet
  facet normal 0.9374225460586059 -0.3481938686148867 0
    outer loop
      vertex 25.182000003755093 40.550058886408806 0.901
      vertex 25.280000001192093 40.81389870494604 1.5
      vertex 25.182000003755093 40.550058886408806 1.5
    endloop
  endfacet
  facet normal 0.9023793690426443 -0.4309425417920572 0
    outer loop
      vertex 25.280000001192093 40.81389870494604 0.901
      vertex 25.40599999576807 41.077738508582115 1.5
      vertex 25.280000001192093 40.81389870494604 1.5
    endloop
  endfacet
  facet normal 0.878950397646354 -0.4769131980531847 0
    outer loop
      vertex 25.40599999576807 41.077738508582115 0.901
      vertex 26.596000000834465 43.27090695500374 1.5
      vertex 25.40599999576807 41.077738508582115 1.5
    endloop
  endfacet
  facet normal 0.8435138221963231 -0.5371074676112312 0
    outer loop
      vertex 26.596000000834465 43.27090695500374 0.901
      vertex 26.680000007152557 43.402826860547066 1.5
      vertex 26.596000000834465 43.27090695500374 1.5
    endloop
  endfacet
  facet normal 0.8702709356327287 -0.4925733433641482 0
    outer loop
      vertex 26.680000007152557 43.402826860547066 0.901
      vertex 26.76399999856949 43.55123674124479 1.5
      vertex 26.680000007152557 43.402826860547066 1.5
    endloop
  endfacet
  facet normal 0.8027370252160556 -0.5963331856833708 0
    outer loop
      vertex 26.76399999856949 43.55123674124479 0.901
      vertex 26.86199999600649 43.68315666168928 1.5
      vertex 26.76399999856949 43.55123674124479 1.5
    endloop
  endfacet
  facet normal 0.7623153608760243 -0.6472057559790834 0
    outer loop
      vertex 26.86199999600649 43.68315666168928 0.901
      vertex 26.973999992012978 43.81507655978203 1.5
      vertex 26.86199999600649 43.68315666168928 1.5
    endloop
  endfacet
  facet normal 0.7176891868646601 -0.6963635767740463 0
    outer loop
      vertex 26.973999992012978 43.81507655978203 0.901
      vertex 27.197999998927116 44.04593639820814 1.5
      vertex 26.973999992012978 43.81507655978203 1.5
    endloop
  endfacet
  facet normal 0.6175896642271612 -0.7865004810168791 0
    outer loop
      vertex 27.197999998927116 44.04593639820814 0.901
      vertex 27.450000002980232 44.24381624907255 1.5
      vertex 27.197999998927116 44.04593639820814 1.5
    endloop
  endfacet
  facet normal 0.5319400383899148 -0.8467820236387498 0
    outer loop
      vertex 27.450000002980232 44.24381624907255 0.901
      vertex 27.65999999642372 44.37573615461588 1.5
      vertex 27.450000002980232 44.24381624907255 1.5
    endloop
  endfacet
  facet normal 0.4759502621413357 -0.8794721985188582 0
    outer loop
      vertex 27.65999999642372 44.37573615461588 0.901
      vertex 27.82320549339056 44.46405924111605 1.5
      vertex 27.65999999642372 44.37573615461588 1.5
    endloop
  endfacet
  facet normal 0.6939172838479425 -0.720054722348999 0
    outer loop
      vertex 27.82320549339056 44.46405924111605 0.901
      vertex 27.953999996185303 44.59010600298643 1.5
      vertex 27.82320549339056 44.46405924111605 1.5
    endloop
  endfacet
  facet normal 0.6175896899064236 -0.7865004608525591 0
    outer loop
      vertex 27.953999996185303 44.59010600298643 0.901
      vertex 28.121999993920326 44.72202590852976 1.5
      vertex 27.953999996185303 44.59010600298643 1.5
    endloop
  endfacet
  facet normal 0.7623153785109753 0.647205735207645 0
    outer loop
      vertex 28.569999992847443 45.21672556549311 0.901
      vertex 28.5 45.29917550086975 1.5
      vertex 28.569999992847443 45.21672556549311 1.5
    endloop
  endfacet
  facet normal 0.1659326262367275 0.9861370916612875 0
    outer loop
      vertex 28.667999997735023 45.200235567986965 0.901
      vertex 28.569999992847443 45.21672556549311 1.5
      vertex 28.667999997735023 45.200235567986965 1.5
    endloop
  endfacet
  facet normal 0.9468881157242709 0.3215632073172232 0
    outer loop
      vertex 28.5 45.29917550086975 0.901
      vertex 28.443999998271465 45.4640753865242 1.5
      vertex 28.5 45.29917550086975 1.5
    endloop
  endfacet
  facet normal 0.9927250533829362 -0.12040335703727954 0
    outer loop
      vertex 28.443999998271465 45.4640753865242 0.901
      vertex 28.457999996840954 45.57950530201197 1.5
      vertex 28.443999998271465 45.4640753865242 1.5
    endloop
  endfacet
  facet normal -0.28247219212620334 0.9592754873733704 0
    outer loop
      vertex 28.780000001192093 45.23321554809809 0.901
      vertex 28.667999997735023 45.200235567986965 1.5
      vertex 28.780000001192093 45.23321554809809 1.5
    endloop
  endfacet
  facet normal 0.552318711919147 -0.8336330370516599 0
    outer loop
      vertex 29.241999998688698 45.4640753865242 0.901
      vertex 29.241999998688698 45.4640753865242 1.5
      vertex 28.121999993920326 44.72202590852976 1.5
    endloop
  endfacet
  facet normal -0.4637860151971771 0.8859472513121331 0
    outer loop
      vertex 29.03200000524521 45.365135453641415 0.901
      vertex 28.780000001192093 45.23321554809809 1.5
      vertex 29.03200000524521 45.365135453641415 1.5
    endloop
  endfacet
  facet normal -0.40403806125504643 0.9147421740891054 0
    outer loop
      vertex 29.144000001251698 45.41460541635752 0.901
      vertex 29.03200000524521 45.365135453641415 1.5
      vertex 29.144000001251698 45.41460541635752 1.5
    endloop
  endfacet
  facet normal -0.4506351934410836 0.8927081955669037 0
    outer loop
      vertex 29.241999998688698 45.4640753865242 0.901
      vertex 29.144000001251698 45.41460541635752 1.5
      vertex 29.241999998688698 45.4640753865242 1.5
    endloop
  endfacet
  facet normal 0.9950487721860721 -0.09938783110114738 0
    outer loop
      vertex 28.457999996840954 45.57950530201197 0.901
      vertex 28.48600000143051 45.8598350957036 1.5
      vertex 28.457999996840954 45.57950530201197 1.5
    endloop
  endfacet
  facet normal 0.9977013869934765 -0.06776387231625076 0
    outer loop
      vertex 28.48600000143051 45.8598350957036 0.901
      vertex 28.51399999856949 46.272084794938564 1.5
      vertex 28.48600000143051 45.8598350957036 1.5
    endloop
  endfacet
  facet normal 0.6755017459344538 0.7373583872442931 0
    outer loop
      vertex 29.969999998807907 31.81036514043808 0.901
      vertex 29.84400000423193 31.925795055925846 1.5
      vertex 29.969999998807907 31.81036514043808 1.5
    endloop
  endfacet
  facet normal 0.6361531258430847 0.7715628298979107 0
    outer loop
      vertex 30.109999999403954 31.694935217499733 0.901
      vertex 29.969999998807907 31.81036514043808 1.5
      vertex 30.109999999403954 31.694935217499733 1.5
    endloop
  endfacet
  facet normal 0.7982084647593327 0.6023813134440253 0
    outer loop
      vertex 29.578000001609325 32.18963485956192 0.901
      vertex 29.354000002145767 32.4864546507597 1.5
      vertex 29.578000001609325 32.18963485956192 1.5
    endloop
  endfacet
  facet normal 0.7231461841692097 0.6906950096254577 0
    outer loop
      vertex 29.703999996185303 32.05771496146917 0.901
      vertex 29.578000001609325 32.18963485956192 1.5
      vertex 29.703999996185303 32.05771496146917 1.5
    endloop
  endfacet
  facet normal 0.6857923930101057 0.7277972201715753 0
    outer loop
      vertex 29.84400000423193 31.925795055925846 0.901
      vertex 29.703999996185303 32.05771496146917 1.5
      vertex 29.84400000423193 31.925795055925846 1.5
    endloop
  endfacet
  facet normal 0.8344814931984115 0.5510359675278461 0
    outer loop
      vertex 29.354000002145767 32.4864546507597 0.901
      vertex 29.255999997258186 32.634864546358585 1.5
      vertex 29.354000002145767 32.4864546507597 1.5
    endloop
  endfacet
  facet normal 0.6032149192829391 0.7975786864971237 0
    outer loop
      vertex 31.440000005066395 30.689045943319798 0.901
      vertex 30.109999999403954 31.694935217499733 1.5
      vertex 31.440000005066395 30.689045943319798 1.5
    endloop
  endfacet
  facet normal 0.9705591466471815 -0.2408629130013481 0
    outer loop
      vertex 33.9761530905962 41.683525547385216 0.901
      vertex 34.100000001490116 42.18256772309542 1.5
      vertex 33.9761530905962 41.683525547385216 1.5
    endloop
  endfacet
  facet normal -0.9932788214576509 -0.11574620012639747 0
    outer loop
      vertex 33.91799999773502 42.18256772309542 0.901
      vertex 33.9761530905962 41.683525547385216 1.5
      vertex 33.91799999773502 42.18256772309542 1.5
    endloop
  endfacet
  facet normal 0.9329406340457149 -0.3600302394888231 0
    outer loop
      vertex 34.100000001490116 42.18256772309542 0.901
      vertex 34.16999999433756 42.36395759135485 1.5
      vertex 34.100000001490116 42.18256772309542 1.5
    endloop
  endfacet
  facet normal -0.9797450382225379 -0.20024899519927156 0
    outer loop
      vertex 33.91799999773502 42.18256772309542 0.901
      vertex 33.91799999773502 42.18256772309542 1.5
      vertex 33.73600000143051 43.07302708923817 1.5
    endloop
  endfacet
  facet normal -0.9622108180434611 -0.27230560339466686 0
    outer loop
      vertex 33.399999998509884 44.07891637086868 0.901
      vertex 33.41399999707937 44.029446400702 1.5
      vertex 33.399999998509884 44.07891637086868 1.5
    endloop
  endfacet
  facet normal -1 0 0
    outer loop
      vertex 33.399999998509884 44.17785630375147 0.901
      vertex 33.399999998509884 44.07891637086868 1.5
      vertex 33.399999998509884 44.17785630375147 1.5
    endloop
  endfacet
  facet normal -0.9204964820131873 -0.3907508497768699 0
    outer loop
      vertex 33.385999999940395 44.21083626896143 0.901
      vertex 33.399999998509884 44.17785630375147 1.5
      vertex 33.385999999940395 44.21083626896143 1.5
    endloop
  endfacet
  facet normal -1 0 0
    outer loop
      vertex 33.385999999940395 44.276796236634254 0.901
      vertex 33.385999999940395 44.21083626896143 1.5
      vertex 33.385999999940395 44.276796236634254 1.5
    endloop
  endfacet
  facet normal -0.9477296573181077 -0.3190744374588825 0
    outer loop
      vertex 33.41399999707937 44.029446400702 0.901
      vertex 33.73600000143051 43.07302708923817 1.5
      vertex 33.41399999707937 44.029446400702 1.5
    endloop
  endfacet
  facet normal -0.876641825389978 0.48114354404577353 0
    outer loop
      vertex 34.28200000524521 45.909305058419704 0.901
      vertex 33.385999999940395 44.276796236634254 1.5
      vertex 34.28200000524521 45.909305058419704 1.5
    endloop
  endfacet
  facet normal 0.7982084503984236 -0.6023813324734983 0
    outer loop
      vertex 34.16999999433756 42.36395759135485 0.901
      vertex 34.28200000524521 42.512367494404316 1.5
      vertex 34.16999999433756 42.36395759135485 1.5
    endloop
  endfacet
  facet normal 0.6175896580487752 -0.7865004858683795 0
    outer loop
      vertex 34.28200000524521 42.512367494404316 0.901
      vertex 34.407999999821186 42.61130741238594 1.5
      vertex 34.28200000524521 42.512367494404316 1.5
    endloop
  endfacet
  facet normal -0.7308486617607045 -0.6825395472810257 0
    outer loop
      vertex 35.135999999940395 42.42991754412651 0.901
      vertex 35.28999999910593 42.26501765847206 1.5
      vertex 35.135999999940395 42.42991754412651 1.5
    endloop
  endfacet
  facet normal -0.7623153824270192 -0.6472057305951079 0
    outer loop
      vertex 35.00999999791384 42.57832744717598 0.901
      vertex 35.135999999940395 42.42991754412651 1.5
      vertex 35.00999999791384 42.57832744717598 1.5
    endloop
  endfacet
  facet normal -0.5662953354785687 -0.8242023980887313 0
    outer loop
      vertex 35.457999996840954 42.116607777774334 0.901
      vertex 35.62600000202656 42.00117785483599 1.5
      vertex 35.457999996840954 42.116607777774334 1.5
    endloop
  endfacet
  facet normal -0.38775187220614254 -0.9217637905671014 0
    outer loop
      vertex 35.62600000202656 42.00117785483599 0.901
      vertex 35.82199999690056 41.91872791945934 1.5
      vertex 35.62600000202656 42.00117785483599 1.5
    endloop
  endfacet
  facet normal -0.24472310895689584 -0.9695930073708614 0
    outer loop
      vertex 35.82199999690056 41.91872791945934 0.901
      vertex 36.01799999922514 41.86925795674324 1.5
      vertex 35.82199999690056 41.91872791945934 1.5
    endloop
  endfacet
  facet normal -0.6620594341109766 -0.7494513364486408 0
    outer loop
      vertex 35.28999999910593 42.26501765847206 0.901
      vertex 35.457999996840954 42.116607777774334 1.5
      vertex 35.28999999910593 42.26501765847206 1.5
    endloop
  endfacet
  facet normal -0.07828282002040632 -0.9969311912512581 0
    outer loop
      vertex 36.01799999922514 41.86925795674324 0.901
      vertex 36.22800000756979 41.8527679592371 1.5
      vertex 36.01799999922514 41.86925795674324 1.5
    endloop
  endfacet
  facet normal 0.0838364590452802 -0.9964795272030175 0
    outer loop
      vertex 36.22800000756979 41.8527679592371 0.901
      vertex 36.42399999499321 41.86925795674324 1.5
      vertex 36.22800000756979 41.8527679592371 1.5
    endloop
  endfacet
  facet normal 0.22929491610820363 -0.9733569958894484 0
    outer loop
      vertex 36.42399999499321 41.86925795674324 0.901
      vertex 36.63400000333786 41.91872791945934 1.5
      vertex 36.42399999499321 41.86925795674324 1.5
    endloop
  endfacet
  facet normal 0.34792025956191447 -0.9375241292822121 0
    outer loop
      vertex 36.63400000333786 41.91872791945934 0.901
      vertex 37.031627014279366 42.06628944724798 1.5
      vertex 36.63400000333786 41.91872791945934 1.5
    endloop
  endfacet
  facet normal 0.6620594712115416 0.7494513036742907 0
    outer loop
      vertex 37.031627014279366 42.06628944724798 0.901
      vertex 36.84400000423193 42.2320376932621 1.5
      vertex 37.031627014279366 42.06628944724798 1.5
    endloop
  endfacet
  facet normal -0.038532138246984336 -0.9992573614050162 0
    outer loop
      vertex 36.84400000423193 42.2320376932621 0.901
      vertex 37.41855961084366 42.209882229566574 1.5
      vertex 36.84400000423193 42.2320376932621 1.5
    endloop
  endfacet
  facet normal 0.3479202919389909 -0.9375241172669039 0
    outer loop
      vertex 37.41855961084366 42.209882229566574 0.901
      vertex 37.65599999576807 42.297997646033764 1.5
      vertex 37.41855961084366 42.209882229566574 1.5
    endloop
  endfacet
  facet normal 0.2824721451484635 -0.959275501206627 0
    outer loop
      vertex 37.65599999576807 42.297997646033764 0.901
      vertex 37.936000004410744 42.38044758141041 1.5
      vertex 37.65599999576807 42.297997646033764 1.5
    endloop
  endfacet
  facet normal 0.11147759922591866 -0.9937669469603151 0
    outer loop
      vertex 37.936000004410744 42.38044758141041 0.901
      vertex 38.230000004172325 42.41342756152153 1.5
      vertex 37.936000004410744 42.38044758141041 1.5
    endloop
  endfacet
  facet normal 0 -1 0
    outer loop
      vertex 38.230000004172325 42.41342756152153 0.901
      vertex 38.50999999791384 42.41342756152153 1.5
      vertex 38.230000004172325 42.41342756152153 1.5
    endloop
  endfacet
  facet normal -0.17398385347313586 -0.9847485053203374 0
    outer loop
      vertex 38.50999999791384 42.41342756152153 0.901
      vertex 38.78999999910593 42.36395759135485 1.5
      vertex 38.50999999791384 42.41342756152153 1.5
    endloop
  endfacet
  facet normal -0.3331686579155524 -0.9428672469561925 0
    outer loop
      vertex 38.78999999910593 42.36395759135485 0.901
      vertex 39.06999999284744 42.26501765847206 1.5
      vertex 38.78999999910593 42.36395759135485 1.5
    endloop
  endfacet
  facet normal 0.39371734045618895 -0.9192315572390373 0
    outer loop
      vertex 34.407999999821186 42.61130741238594 0.901
      vertex 34.56199999898672 42.677267365157604 1.5
      vertex 34.407999999821186 42.61130741238594 1.5
    endloop
  endfacet
  facet normal 0.10646927487135835 -0.9943159927851745 0
    outer loop
      vertex 34.56199999898672 42.677267365157604 0.901
      vertex 34.715999998152256 42.693757362663746 1.5
      vertex 34.56199999898672 42.677267365157604 1.5
    endloop
  endfacet
  facet normal -0.20940755195037478 -0.977828449773349 0
    outer loop
      vertex 34.715999998152256 42.693757362663746 0.901
      vertex 34.86999999731779 42.660777382552624 1.5
      vertex 34.715999998152256 42.693757362663746 1.5
    endloop
  endfacet
  facet normal -0.507463573092511 -0.861673210668744 0
    outer loop
      vertex 34.86999999731779 42.660777382552624 0.901
      vertex 35.00999999791384 42.57832744717598 1.5
      vertex 34.86999999731779 42.660777382552624 1.5
    endloop
  endfacet
  facet normal -0.9074226531510062 0.42021914348157524 0
    outer loop
      vertex 34.36599999666214 46.090694926679134 0.901
      vertex 34.28200000524521 45.909305058419704 1.5
      vertex 34.36599999666214 46.090694926679134 1.5
    endloop
  endfacet
  facet normal -0.8910517265554765 0.45390177417862576 0
    outer loop
      vertex 34.45000000298023 46.255594812333584 0.901
      vertex 34.36599999666214 46.090694926679134 1.5
      vertex 34.45000000298023 46.255594812333584 1.5
    endloop
  endfacet
  facet normal -0.9074226460447286 0.4202191588268949 0
    outer loop
      vertex 34.617999993264675 46.618374548852444 0.901
      vertex 34.45000000298023 46.255594812333584 1.5
      vertex 34.617999993264675 46.618374548852444 1.5
    endloop
  endfacet
  facet normal 0 0 1
    outer loop
      vertex 28.597999997437 47.22850412130356 0.901
      vertex 29.241999998688698 45.4640753865242 0.901
      vertex 28.626000002026558 47.65724381059408 0.901
    endloop
  endfacet
  facet normal 0.9961653281125853 -0.08749079418056219 0
    outer loop
      vertex 28.51399999856949 46.272084794938564 0.901
      vertex 28.597999997437 47.22850412130356 0.901
      vertex 28.597999997437 47.22850412130356 1.5
    endloop
  endfacet
  facet normal 0.9978742494054971 -0.06516887580291691 0
    outer loop
      vertex 28.597999997437 47.22850412130356 0.901
      vertex 28.626000002026558 47.65724381059408 0.901
      vertex 28.626000002026558 47.65724381059408 1.5
    endloop
  endfacet
  facet normal 0.9960304056598209 -0.08901365626201764 0
    outer loop
      vertex 28.626000002026558 47.65724381059408 0.901
      vertex 28.653999999165535 47.97055358439684 0.901
      vertex 28.653999999165535 47.97055358439684 1.5
    endloop
  endfacet
  facet normal 0.9955800896254554 -0.09391637312721432 0
    outer loop
      vertex 28.653999999165535 47.97055358439684 0.901
      vertex 28.667999997735023 48.11896348744631 0.901
      vertex 28.667999997735023 48.11896348744631 1.5
    endloop
  endfacet
  facet normal 0.9899640309729845 -0.14131955766885113 0
    outer loop
      vertex 28.667999997735023 48.11896348744631 0.901
      vertex 28.934000000357628 49.98233214765787 0.901
      vertex 28.934000000357628 49.98233214765787 1.5
    endloop
  endfacet
  facet normal 0.9915774297459219 -0.12951525322706708 0
    outer loop
      vertex 28.934000000357628 49.98233214765787 0.901
      vertex 28.961999997496605 50.19670199602842 0.901
      vertex 28.961999997496605 50.19670199602842 1.5
    endloop
  endfacet
  facet normal 0.9718173442861677 -0.23573512539411715 0
    outer loop
      vertex 28.961999997496605 50.19670199602842 0.901
      vertex 29.01799999922514 50.427561834454536 0.901
      vertex 29.01799999922514 50.427561834454536 1.5
    endloop
  endfacet
  facet normal 0.9506032550336294 -0.3104085235934551 0
    outer loop
      vertex 29.01799999922514 50.427561834454536 0.901
      vertex 29.087999999523163 50.64193168282509 0.901
      vertex 29.087999999523163 50.64193168282509 1.5
    endloop
  endfacet
  facet normal 0.9427507755193348 -0.33349808883664234 0
    outer loop
      vertex 29.087999999523163 50.64193168282509 0.901
      vertex 29.157999999821186 50.83981154114008 0.901
      vertex 29.157999999821186 50.83981154114008 1.5
    endloop
  endfacet
  facet normal 0.9310714938280565 -0.36483677635456546 0
    outer loop
      vertex 29.157999999821186 50.83981154114008 0.901
      vertex 29.241999998688698 51.05418138951063 0.901
      vertex 29.241999998688698 51.05418138951063 1.5
    endloop
  endfacet
  facet normal 0 0 1
    outer loop
      vertex 28.626000002026558 47.65724381059408 0.901
      vertex 29.241999998688698 45.4640753865242 0.901
      vertex 32.671999998390675 51.994110718369484 0.901
    endloop
  endfacet
  facet normal 0 0 1
    outer loop
      vertex 28.626000002026558 47.65724381059408 0.901
      vertex 32.671999998390675 51.994110718369484 0.901
      vertex 28.653999999165535 47.97055358439684 0.901
    endloop
  endfacet
  facet normal 0 0 1
    outer loop
      vertex 28.653999999165535 47.97055358439684 0.901
      vertex 32.671999998390675 51.994110718369484 0.901
      vertex 28.667999997735023 48.11896348744631 0.901
    endloop
  endfacet
  facet normal 0 0 1
    outer loop
      vertex 28.667999997735023 48.11896348744631 0.901
      vertex 32.50400000065565 52.010600700974464 0.901
      vertex 28.934000000357628 49.98233214765787 0.901
    endloop
  endfacet
  facet normal 0 0 1
    outer loop
      vertex 29.241999998688698 45.4640753865242 0.901
      vertex 32.84000000357628 52.027090691030025 0.901
      vertex 32.671999998390675 51.994110718369484 0.901
    endloop
  endfacet
  facet normal 0 0 1
    outer loop
      vertex 29.241999998688698 45.4640753865242 0.901
      vertex 34.7580000013113 46.981154300272465 0.901
      vertex 34.813999995589256 47.179034158587456 0.901
    endloop
  endfacet
  facet normal 0 0 1
    outer loop
      vertex 29.241999998688698 45.4640753865242 0.901
      vertex 34.813999995589256 47.179034158587456 0.901
      vertex 34.86999999731779 47.360424026846886 0.901
    endloop
  endfacet
  facet normal 0 0 1
    outer loop
      vertex 29.241999998688698 45.4640753865242 0.901
      vertex 34.86999999731779 47.360424026846886 0.901
      vertex 35.43000000715256 49.24028268456459 0.901
    endloop
  endfacet
  facet normal 0 0 1
    outer loop
      vertex 29.241999998688698 45.4640753865242 0.901
      vertex 35.43000000715256 49.24028268456459 0.901
      vertex 35.51399999856949 49.60306242108345 0.901
    endloop
  endfacet
  facet normal 0 0 1
    outer loop
      vertex 29.241999998688698 45.4640753865242 0.901
      vertex 35.51399999856949 49.60306242108345 0.901
      vertex 35.542000003159046 49.78445228934288 0.901
    endloop
  endfacet
  facet normal 0 0 1
    outer loop
      vertex 29.241999998688698 45.4640753865242 0.901
      vertex 35.556000001728535 50.51001176983118 0.901
      vertex 33.14800000190735 52.175500586628914 0.901
    endloop
  endfacet
  facet normal 0 0 1
    outer loop
      vertex 29.241999998688698 45.4640753865242 0.901
      vertex 32.994000002741814 52.07656065374613 0.901
      vertex 32.84000000357628 52.027090691030025 0.901
    endloop
  endfacet
  facet normal 0 0 1
    outer loop
      vertex 29.241999998688698 45.4640753865242 0.901
      vertex 33.14800000190735 52.175500586628914 0.901
      vertex 32.994000002741814 52.07656065374613 0.901
    endloop
  endfacet
  facet normal 0 0 1
    outer loop
      vertex 29.241999998688698 45.4640753865242 0.901
      vertex 35.542000003159046 49.78445228934288 0.901
      vertex 35.56999999284744 50.14723203331232 0.901
    endloop
  endfacet
  facet normal 0 0 1
    outer loop
      vertex 29.241999998688698 45.4640753865242 0.901
      vertex 35.56999999284744 50.14723203331232 0.901
      vertex 35.56999999284744 50.32862190157175 0.901
    endloop
  endfacet
  facet normal 0 0 1
    outer loop
      vertex 29.241999998688698 45.4640753865242 0.901
      vertex 35.56999999284744 50.32862190157175 0.901
      vertex 35.556000001728535 50.51001176983118 0.901
    endloop
  endfacet
  facet normal 0 0 1
    outer loop
      vertex 28.934000000357628 49.98233214765787 0.901
      vertex 32.350000001490116 52.07656065374613 0.901
      vertex 28.961999997496605 50.19670199602842 0.901
    endloop
  endfacet
  facet normal 0 0 1
    outer loop
      vertex 28.961999997496605 50.19670199602842 0.901
      vertex 32.350000001490116 52.07656065374613 0.901
      vertex 29.01799999922514 50.427561834454536 0.901
    endloop
  endfacet
  facet normal 0 0 1
    outer loop
      vertex 29.01799999922514 50.427561834454536 0.901
      vertex 32.350000001490116 52.07656065374613 0.901
      vertex 29.087999999523163 50.64193168282509 0.901
    endloop
  endfacet
  facet normal 0 0 1
    outer loop
      vertex 29.087999999523163 50.64193168282509 0.901
      vertex 32.350000001490116 52.07656065374613 0.901
      vertex 29.157999999821186 50.83981154114008 0.901
    endloop
  endfacet
  facet normal 0 0 1
    outer loop
      vertex 29.157999999821186 50.83981154114008 0.901
      vertex 32.350000001490116 52.07656065374613 0.901
      vertex 29.241999998688698 51.05418138951063 0.901
    endloop
  endfacet
  facet normal 0 0 1
    outer loop
      vertex 29.241999998688698 51.05418138951063 0.901
      vertex 32.350000001490116 52.07656065374613 0.901
      vertex 29.34000000357628 51.23557125777006 0.901
    endloop
  endfacet
  facet normal 0 0 1
    outer loop
      vertex 29.34000000357628 51.23557125777006 0.901
      vertex 32.19600000232458 52.15901058912277 0.901
      vertex 29.451999999582767 51.43345111608505 0.901
    endloop
  endfacet
  facet normal 0 0 1
    outer loop
      vertex 29.451999999582767 51.43345111608505 0.901
      vertex 32.19600000232458 52.15901058912277 0.901
      vertex 29.578000001609325 51.61484098434448 0.901
    endloop
  endfacet
  facet normal 0 0 1
    outer loop
      vertex 28.667999997735023 48.11896348744631 0.901
      vertex 32.671999998390675 51.994110718369484 0.901
      vertex 32.50400000065565 52.010600700974464 0.901
    endloop
  endfacet
  facet normal 0 0 1
    outer loop
      vertex 29.578000001609325 51.61484098434448 0.901
      vertex 31.943999998271465 52.42285040766001 0.901
      vertex 30.207999996840954 52.48881036043167 0.901
    endloop
  endfacet
  facet normal 0 0 1
    outer loop
      vertex 28.934000000357628 49.98233214765787 0.901
      vertex 32.50400000065565 52.010600700974464 0.901
      vertex 32.350000001490116 52.07656065374613 0.901
    endloop
  endfacet
  facet normal 0 0 1
    outer loop
      vertex 29.34000000357628 51.23557125777006 0.901
      vertex 32.350000001490116 52.07656065374613 0.901
      vertex 32.19600000232458 52.15901058912277 0.901
    endloop
  endfacet
  facet normal 0 0 1
    outer loop
      vertex 29.578000001609325 51.61484098434448 0.901
      vertex 32.19600000232458 52.15901058912277 0.901
      vertex 32.06999999284744 52.27444051206112 0.901
    endloop
  endfacet
  facet normal 0 0 1
    outer loop
      vertex 29.578000001609325 51.61484098434448 0.901
      vertex 32.06999999284744 52.27444051206112 0.901
      vertex 31.943999998271465 52.42285040766001 0.901
    endloop
  endfacet
  facet normal 0 0 1
    outer loop
      vertex 30.207999996840954 52.48881036043167 0.901
      vertex 31.943999998271465 52.42285040766001 0.901
      vertex 30.403999999165535 52.703180216252804 0.901
    endloop
  endfacet
  facet normal 0 0 1
    outer loop
      vertex 30.403999999165535 52.703180216252804 0.901
      vertex 31.943999998271465 52.42285040766001 0.901
      vertex 30.614000000059605 52.85159009695053 0.901
    endloop
  endfacet
  facet normal 0 0 1
    outer loop
      vertex 30.614000000059605 52.85159009695053 0.901
      vertex 31.943999998271465 52.42285040766001 0.901
      vertex 30.837999999523163 52.934040047228336 0.901
    endloop
  endfacet
  facet normal 0 0 1
    outer loop
      vertex 30.837999999523163 52.934040047228336 0.901
      vertex 31.943999998271465 52.42285040766001 0.901
      vertex 31.07600000500679 52.96702001988888 0.901
    endloop
  endfacet
  facet normal 0 0 1
    outer loop
      vertex 31.07600000500679 52.96702001988888 0.901
      vertex 31.943999998271465 52.42285040766001 0.901
      vertex 31.313999995589256 52.917550049722195 0.901
    endloop
  endfacet
  facet normal 0 0 1
    outer loop
      vertex 31.313999995589256 52.917550049722195 0.901
      vertex 31.943999998271465 52.42285040766001 0.901
      vertex 31.748000003397465 52.6702002286911 0.901
    endloop
  endfacet
  facet normal 0 0 1
    outer loop
      vertex 31.313999995589256 52.917550049722195 0.901
      vertex 31.748000003397465 52.6702002286911 0.901
      vertex 31.552000001072884 52.83510011434555 0.901
    endloop
  endfacet
  facet normal 0 0 1
    outer loop
      vertex 33.14800000190735 52.191990576684475 0.901
      vertex 33.14800000190735 52.175500586628914 0.901
      vertex 33.21799999475479 52.24146053940058 0.901
    endloop
  endfacet
  facet normal 0 0 1
    outer loop
      vertex 33.14800000190735 52.175500586628914 0.901
      vertex 35.542000003159046 50.70789163559675 0.901
      vertex 33.21799999475479 52.24146053940058 0.901
    endloop
  endfacet
  facet normal 0 0 1
    outer loop
      vertex 33.21799999475479 52.24146053940058 0.901
      vertex 35.542000003159046 50.70789163559675 0.901
      vertex 33.273999996483326 52.27444051206112 0.901
    endloop
  endfacet
  facet normal 0 0 1
    outer loop
      vertex 33.273999996483326 52.27444051206112 0.901
      vertex 35.542000003159046 50.70789163559675 0.901
      vertex 33.34400000423193 52.32391047477722 0.901
    endloop
  endfacet
  facet normal 0 0 1
    outer loop
      vertex 33.34400000423193 52.32391047477722 0.901
      vertex 35.542000003159046 50.70789163559675 0.901
      vertex 33.399999998509884 52.373380444943905 0.901
    endloop
  endfacet
  facet normal 0 0 1
    outer loop
      vertex 31.748000003397465 52.6702002286911 0.901
      vertex 31.943999998271465 52.42285040766001 0.901
      vertex 31.943999998271465 52.43934039771557 0.901
    endloop
  endfacet
  facet normal 0 0 1
    outer loop
      vertex 33.14800000190735 52.175500586628914 0.901
      vertex 35.556000001728535 50.51001176983118 0.901
      vertex 35.542000003159046 50.70789163559675 0.901
    endloop
  endfacet
  facet normal 0 0 1
    outer loop
      vertex 33.399999998509884 52.373380444943905 0.901
      vertex 35.542000003159046 50.70789163559675 0.901
      vertex 33.46999999880791 52.40636042505503 0.901
    endloop
  endfacet
  facet normal 0 0 1
    outer loop
      vertex 33.46999999880791 52.40636042505503 0.901
      vertex 35.542000003159046 50.70789163559675 0.901
      vertex 33.52600000798702 52.43934039771557 0.901
    endloop
  endfacet
  facet normal 0 0 1
    outer loop
      vertex 33.52600000798702 52.43934039771557 0.901
      vertex 35.542000003159046 50.70789163559675 0.901
      vertex 33.596000000834465 52.48881036043167 0.901
    endloop
  endfacet
  facet normal 0 0 1
    outer loop
      vertex 33.596000000834465 52.48881036043167 0.901
      vertex 35.542000003159046 50.70789163559675 0.901
      vertex 33.66599999368191 52.52179034054279 0.901
    endloop
  endfacet
  facet normal 0 0 1
    outer loop
      vertex 33.66599999368191 52.52179034054279 0.901
      vertex 35.542000003159046 50.70789163559675 0.901
      vertex 35.31799999624491 52.40636042505503 0.901
    endloop
  endfacet
  facet normal 0 0 1
    outer loop
      vertex 33.66599999368191 52.52179034054279 0.901
      vertex 35.27600000798702 52.571260295808315 0.901
      vertex 34.505999997258186 52.95053002983332 0.901
    endloop
  endfacet
  facet normal 0 0 1
    outer loop
      vertex 33.66599999368191 52.52179034054279 0.901
      vertex 35.31799999624491 52.40636042505503 0.901
      vertex 35.27600000798702 52.571260295808315 0.901
    endloop
  endfacet
  facet normal 0 0 1
    outer loop
      vertex 34.64599999785423 52.98351000249386 0.901
      vertex 35.27600000798702 52.571260295808315 0.901
      vertex 35.21999999880791 52.703180216252804 0.901
    endloop
  endfacet
  facet normal 0 0 1
    outer loop
      vertex 34.505999997258186 52.95053002983332 0.901
      vertex 35.27600000798702 52.571260295808315 0.901
      vertex 34.64599999785423 52.98351000249386 0.901
    endloop
  endfacet
  facet normal 0 0 1
    outer loop
      vertex 34.64599999785423 52.98351000249386 0.901
      vertex 34.89800000190735 52.96702001988888 0.901
      vertex 34.77199999243021 53 0.901
    endloop
  endfacet
  facet normal 0 0 1
    outer loop
      vertex 34.64599999785423 52.98351000249386 0.901
      vertex 35.21999999880791 52.703180216252804 0.901
      vertex 35.135999999940395 52.81861013174057 0.901
    endloop
  endfacet
  facet normal 0 0 1
    outer loop
      vertex 34.89800000190735 52.96702001988888 0.901
      vertex 35.135999999940395 52.81861013174057 0.901
      vertex 35.023999996483326 52.917550049722195 0.901
    endloop
  endfacet
  facet normal 0 0 1
    outer loop
      vertex 34.64599999785423 52.98351000249386 0.901
      vertex 35.135999999940395 52.81861013174057 0.901
      vertex 34.89800000190735 52.96702001988888 0.901
    endloop
  endfacet
  facet normal 0.8798050473116561 -0.4753347017891019 0
    outer loop
      vertex 29.241999998688698 51.05418138951063 0.901
      vertex 29.34000000357628 51.23557125777006 0.901
      vertex 29.34000000357628 51.23557125777006 1.5
    endloop
  endfacet
  facet normal 0.8702709401369756 -0.4925733354061148 0
    outer loop
      vertex 29.34000000357628 51.23557125777006 0.901
      vertex 29.451999999582767 51.43345111608505 0.901
      vertex 29.451999999582767 51.43345111608505 1.5
    endloop
  endfacet
  facet normal 0.8212961042046297 -0.5705021553143318 0
    outer loop
      vertex 29.451999999582767 51.43345111608505 0.901
      vertex 29.578000001609325 51.61484098434448 0.901
      vertex 29.578000001609325 51.61484098434448 1.5
    endloop
  endfacet
  facet normal 0.8112076178032719 -0.584758241342472 0
    outer loop
      vertex 29.578000001609325 51.61484098434448 0.901
      vertex 30.207999996840954 52.48881036043167 0.901
      vertex 30.207999996840954 52.48881036043167 1.5
    endloop
  endfacet
  facet normal 0.7380207443187755 -0.674778023467837 0
    outer loop
      vertex 30.207999996840954 52.48881036043167 0.901
      vertex 30.403999999165535 52.703180216252804 0.901
      vertex 30.403999999165535 52.703180216252804 1.5
    endloop
  endfacet
  facet normal 0.577136251365037 -0.8166478723172631 0
    outer loop
      vertex 30.403999999165535 52.703180216252804 0.901
      vertex 30.614000000059605 52.85159009695053 0.901
      vertex 30.614000000059605 52.85159009695053 1.5
    endloop
  endfacet
  facet normal 0.34542364694175637 -0.9384468573837609 0
    outer loop
      vertex 30.614000000059605 52.85159009695053 0.901
      vertex 30.837999999523163 52.934040047228336 0.901
      vertex 30.837999999523163 52.934040047228336 1.5
    endloop
  endfacet
  facet normal 0.13725974536918556 -0.9905350888793322 0
    outer loop
      vertex 30.837999999523163 52.934040047228336 0.901
      vertex 31.07600000500679 52.96702001988888 0.901
      vertex 31.07600000500679 52.96702001988888 1.5
    endloop
  endfacet
  facet normal -0.64378676434443 -0.7652049412117837 0
    outer loop
      vertex 31.552000001072884 52.83510011434555 0.901
      vertex 31.748000003397465 52.6702002286911 0.901
      vertex 31.748000003397465 52.6702002286911 1.5
    endloop
  endfacet
  facet normal -0.2035072912472443 -0.9790734305501346 0
    outer loop
      vertex 31.07600000500679 52.96702001988888 0.901
      vertex 31.313999995589256 52.917550049722195 0.901
      vertex 31.313999995589256 52.917550049722195 1.5
    endloop
  endfacet
  facet normal -0.32734213131781364 -0.9449058837071083 0
    outer loop
      vertex 31.313999995589256 52.917550049722195 0.901
      vertex 31.552000001072884 52.83510011434555 0.901
      vertex 31.552000001072884 52.83510011434555 1.5
    endloop
  endfacet
  facet normal -0.6755017262059532 -0.7373584053177786 0
    outer loop
      vertex 32.06999999284744 52.27444051206112 0.901
      vertex 32.19600000232458 52.15901058912277 0.901
      vertex 32.19600000232458 52.15901058912277 1.5
    endloop
  endfacet
  facet normal -0.39371734045618895 -0.9192315572390373 0
    outer loop
      vertex 32.350000001490116 52.07656065374613 0.901
      vertex 32.50400000065565 52.010600700974464 0.901
      vertex 32.50400000065565 52.010600700974464 1.5
    endloop
  endfacet
  facet normal -0.471998706551026 -0.8815992405930023 0
    outer loop
      vertex 32.19600000232458 52.15901058912277 0.901
      vertex 32.350000001490116 52.07656065374613 0.901
      vertex 32.350000001490116 52.07656065374613 1.5
    endloop
  endfacet
  facet normal -0.09768522147504724 -0.9952173619392756 0
    outer loop
      vertex 32.50400000065565 52.010600700974464 0.901
      vertex 32.671999998390675 51.994110718369484 0.901
      vertex 32.671999998390675 51.994110718369484 1.5
    endloop
  endfacet
  facet normal 0.19263266518796118 -0.9812709392938236 0
    outer loop
      vertex 32.671999998390675 51.994110718369484 0.901
      vertex 32.84000000357628 52.027090691030025 0.901
      vertex 32.84000000357628 52.027090691030025 1.5
    endloop
  endfacet
  facet normal 0.30584086534137145 -0.9520826461433068 0
    outer loop
      vertex 32.84000000357628 52.027090691030025 0.901
      vertex 32.994000002741814 52.07656065374613 0.901
      vertex 32.994000002741814 52.07656065374613 1.5
    endloop
  endfacet
  facet normal 0.5405253752705951 -0.8413277118273131 0
    outer loop
      vertex 32.994000002741814 52.07656065374613 0.901
      vertex 33.14800000190735 52.175500586628914 0.901
      vertex 33.14800000190735 52.175500586628914 1.5
    endloop
  endfacet
  facet normal 1 0 0
    outer loop
      vertex 33.14800000190735 52.191990576684475 0.901
      vertex 33.14800000190735 52.191990576684475 1.5
      vertex 33.14800000190735 52.175500586628914 0.901
    endloop
  endfacet
  facet normal 0.577136311655633 -0.8166478297090686 0
    outer loop
      vertex 33.14800000190735 52.191990576684475 0.901
      vertex 33.21799999475479 52.24146053940058 0.901
      vertex 33.21799999475479 52.24146053940058 1.5
    endloop
  endfacet
  facet normal 0.5074635460427082 -0.8616732265991327 0
    outer loop
      vertex 33.21799999475479 52.24146053940058 0.901
      vertex 33.273999996483326 52.27444051206112 0.901
      vertex 33.273999996483326 52.27444051206112 1.5
    endloop
  endfacet
  facet normal 0.5771362297205129 -0.8166478876137447 0
    outer loop
      vertex 33.273999996483326 52.27444051206112 0.901
      vertex 33.34400000423193 52.32391047477722 0.901
      vertex 33.34400000423193 52.32391047477722 1.5
    endloop
  endfacet
  facet normal -1 0 0
    outer loop
      vertex 31.943999998271465 52.42285040766001 0.901
      vertex 31.943999998271465 52.42285040766001 1.5
      vertex 31.943999998271465 52.43934039771557 0.901
    endloop
  endfacet
  facet normal -0.7623153707231205 -0.6472057443806192 0
    outer loop
      vertex 31.748000003397465 52.6702002286911 0.901
      vertex 31.943999998271465 52.43934039771557 0.901
      vertex 31.943999998271465 52.43934039771557 1.5
    endloop
  endfacet
  facet normal -0.7623153852781428 -0.6472057272368937 0
    outer loop
      vertex 32.06999999284744 52.27444051206112 0.901
      vertex 32.06999999284744 52.27444051206112 1.5
      vertex 31.943999998271465 52.42285040766001 0.901
    endloop
  endfacet
  facet normal 0.6620595417686079 -0.7494512413447194 0
    outer loop
      vertex 33.34400000423193 52.32391047477722 0.901
      vertex 33.399999998509884 52.373380444943905 0.901
      vertex 33.399999998509884 52.373380444943905 1.5
    endloop
  endfacet
  facet normal 0.42620754129327776 -0.9046254096280619 0
    outer loop
      vertex 33.399999998509884 52.373380444943905 0.901
      vertex 33.46999999880791 52.40636042505503 0.901
      vertex 33.46999999880791 52.40636042505503 1.5
    endloop
  endfacet
  facet normal 0.5074634959133563 -0.8616732561217129 0
    outer loop
      vertex 33.46999999880791 52.40636042505503 0.901
      vertex 33.52600000798702 52.43934039771557 0.901
      vertex 33.52600000798702 52.43934039771557 1.5
    endloop
  endfacet
  facet normal 0.577136311655633 -0.8166478297090686 0
    outer loop
      vertex 33.52600000798702 52.43934039771557 0.901
      vertex 33.596000000834465 52.48881036043167 0.901
      vertex 33.596000000834465 52.48881036043167 1.5
    endloop
  endfacet
  facet normal 0.42620757841693924 -0.9046253921375237 0
    outer loop
      vertex 33.596000000834465 52.48881036043167 0.901
      vertex 33.66599999368191 52.52179034054279 0.901
      vertex 33.66599999368191 52.52179034054279 1.5
    endloop
  endfacet
  facet normal -0.932940619705861 0.3600302766474567 0
    outer loop
      vertex 34.617999993264675 46.618374548852444 0.901
      vertex 34.617999993264675 46.618374548852444 1.5
      vertex 34.7580000013113 46.981154300272465 0.901
    endloop
  endfacet
  facet normal -0.9622108099842377 0.2723056318724924 0
    outer loop
      vertex 34.7580000013113 46.981154300272465 0.901
      vertex 34.7580000013113 46.981154300272465 1.5
      vertex 34.813999995589256 47.179034158587456 0.901
    endloop
  endfacet
  facet normal -0.9555006144125365 0.2949891114215321 0
    outer loop
      vertex 34.813999995589256 47.179034158587456 0.901
      vertex 34.813999995589256 47.179034158587456 1.5
      vertex 34.86999999731779 47.360424026846886 0.901
    endloop
  endfacet
  facet normal -0.9583798094774806 0.2854963060810208 0
    outer loop
      vertex 34.86999999731779 47.360424026846886 0.901
      vertex 34.86999999731779 47.360424026846886 1.5
      vertex 35.43000000715256 49.24028268456459 0.901
    endloop
  endfacet
  facet normal -0.974225247692692 0.2255774074638521 0
    outer loop
      vertex 35.43000000715256 49.24028268456459 0.901
      vertex 35.43000000715256 49.24028268456459 1.5
      vertex 35.51399999856949 49.60306242108345 0.901
    endloop
  endfacet
  facet normal -0.98829470573997 0.15255679141338196 0
    outer loop
      vertex 35.51399999856949 49.60306242108345 0.901
      vertex 35.51399999856949 49.60306242108345 1.5
      vertex 35.542000003159046 49.78445228934288 0.901
    endloop
  endfacet
  facet normal -0.9970347273191792 0.0769529240482121 0
    outer loop
      vertex 35.542000003159046 49.78445228934288 0.901
      vertex 35.542000003159046 49.78445228934288 1.5
      vertex 35.56999999284744 50.14723203331232 0.901
    endloop
  endfacet
  facet normal -1 0 0
    outer loop
      vertex 35.56999999284744 50.14723203331232 0.901
      vertex 35.56999999284744 50.14723203331232 1.5
      vertex 35.56999999284744 50.32862190157175 0.901
    endloop
  endfacet
  facet normal -0.9970347287689819 -0.07695290526395131 0
    outer loop
      vertex 35.56999999284744 50.32862190157175 0.901
      vertex 35.56999999284744 50.32862190157175 1.5
      vertex 35.556000001728535 50.51001176983118 0.901
    endloop
  endfacet
  facet normal -0.9975065762849715 -0.07057358052581988 0
    outer loop
      vertex 35.556000001728535 50.51001176983118 0.901
      vertex 35.556000001728535 50.51001176983118 1.5
      vertex 35.542000003159046 50.70789163559675 0.901
    endloop
  endfacet
  facet normal -0.991415198664744 -0.13075130537224425 0
    outer loop
      vertex 35.542000003159046 50.70789163559675 0.901
      vertex 35.542000003159046 50.70789163559675 1.5
      vertex 35.31799999624491 52.40636042505503 0.901
    endloop
  endfacet
  facet normal 0.45461189849862343 -0.8906896326686851 0
    outer loop
      vertex 33.66599999368191 52.52179034054279 0.901
      vertex 34.505999997258186 52.95053002983332 0.901
      vertex 34.505999997258186 52.95053002983332 1.5
    endloop
  endfacet
  facet normal 0.2292949074566128 -0.9733569979275145 0
    outer loop
      vertex 34.505999997258186 52.95053002983332 0.901
      vertex 34.64599999785423 52.98351000249386 0.901
      vertex 34.64599999785423 52.98351000249386 1.5
    endloop
  endfacet
  facet normal 0.12976641702836364 -0.9915445915396952 0
    outer loop
      vertex 34.64599999785423 52.98351000249386 0.901
      vertex 34.77199999243021 53 0.901
      vertex 34.77199999243021 53 1.5
    endloop
  endfacet
  facet normal -0.9690613740991587 -0.24681988013336836 0
    outer loop
      vertex 35.31799999624491 52.40636042505503 0.901
      vertex 35.31799999624491 52.40636042505503 1.5
      vertex 35.27600000798702 52.571260295808315 0.901
    endloop
  endfacet
  facet normal -0.9204965081173389 -0.39075078828300014 0
    outer loop
      vertex 35.27600000798702 52.571260295808315 0.901
      vertex 35.27600000798702 52.571260295808315 1.5
      vertex 35.21999999880791 52.703180216252804 0.901
    endloop
  endfacet
  facet normal -0.8085662192377485 -0.5884051912649761 0
    outer loop
      vertex 35.135999999940395 52.81861013174057 0.901
      vertex 35.21999999880791 52.703180216252804 0.901
      vertex 35.21999999880791 52.703180216252804 1.5
    endloop
  endfacet
  facet normal -0.2532155281683287 -0.9674098905295698 0
    outer loop
      vertex 34.77199999243021 53 0.901
      vertex 34.89800000190735 52.96702001988888 0.901
      vertex 34.89800000190735 52.96702001988888 1.5
    endloop
  endfacet
  facet normal -0.36546019355465115 -0.9308269693809892 0
    outer loop
      vertex 34.89800000190735 52.96702001988888 0.901
      vertex 35.023999996483326 52.917550049722195 0.901
      vertex 35.023999996483326 52.917550049722195 1.5
    endloop
  endfacet
  facet normal -0.6620594082850169 -0.7494513592630901 0
    outer loop
      vertex 35.135999999940395 52.81861013174057 0.901
      vertex 35.135999999940395 52.81861013174057 1.5
      vertex 35.023999996483326 52.917550049722195 0.901
    endloop
  endfacet
  facet normal 0.9961653281125853 -0.08749079418056219 0
    outer loop
      vertex 28.51399999856949 46.272084794938564 0.901
      vertex 28.597999997437 47.22850412130356 1.5
      vertex 28.51399999856949 46.272084794938564 1.5
    endloop
  endfacet
  facet normal 0.9978742494054971 -0.06516887580291691 0
    outer loop
      vertex 28.597999997437 47.22850412130356 0.901
      vertex 28.626000002026558 47.65724381059408 1.5
      vertex 28.597999997437 47.22850412130356 1.5
    endloop
  endfacet
  facet normal 0.9960304056598209 -0.08901365626201764 0
    outer loop
      vertex 28.626000002026558 47.65724381059408 0.901
      vertex 28.653999999165535 47.97055358439684 1.5
      vertex 28.626000002026558 47.65724381059408 1.5
    endloop
  endfacet
  facet normal 0.9955800896254554 -0.09391637312721432 0
    outer loop
      vertex 28.653999999165535 47.97055358439684 0.901
      vertex 28.667999997735023 48.11896348744631 1.5
      vertex 28.653999999165535 47.97055358439684 1.5
    endloop
  endfacet
  facet normal 0.9899640309729845 -0.14131955766885113 0
    outer loop
      vertex 28.667999997735023 48.11896348744631 0.901
      vertex 28.934000000357628 49.98233214765787 1.5
      vertex 28.667999997735023 48.11896348744631 1.5
    endloop
  endfacet
  facet normal 0.9915774297459219 -0.12951525322706708 0
    outer loop
      vertex 28.934000000357628 49.98233214765787 0.901
      vertex 28.961999997496605 50.19670199602842 1.5
      vertex 28.934000000357628 49.98233214765787 1.5
    endloop
  endfacet
  facet normal 0.9718173442861677 -0.23573512539411715 0
    outer loop
      vertex 28.961999997496605 50.19670199602842 0.901
      vertex 29.01799999922514 50.427561834454536 1.5
      vertex 28.961999997496605 50.19670199602842 1.5
    endloop
  endfacet
  facet normal 0.9506032550336294 -0.3104085235934551 0
    outer loop
      vertex 29.01799999922514 50.427561834454536 0.901
      vertex 29.087999999523163 50.64193168282509 1.5
      vertex 29.01799999922514 50.427561834454536 1.5
    endloop
  endfacet
  facet normal 0.9427507755193348 -0.33349808883664234 0
    outer loop
      vertex 29.087999999523163 50.64193168282509 0.901
      vertex 29.157999999821186 50.83981154114008 1.5
      vertex 29.087999999523163 50.64193168282509 1.5
    endloop
  endfacet
  facet normal 0.9310714938280565 -0.36483677635456546 0
    outer loop
      vertex 29.157999999821186 50.83981154114008 0.901
      vertex 29.241999998688698 51.05418138951063 1.5
      vertex 29.157999999821186 50.83981154114008 1.5
    endloop
  endfacet
  facet normal 0.8798050473116561 -0.4753347017891019 0
    outer loop
      vertex 29.241999998688698 51.05418138951063 0.901
      vertex 29.34000000357628 51.23557125777006 1.5
      vertex 29.241999998688698 51.05418138951063 1.5
    endloop
  endfacet
  facet normal 0.8702709401369756 -0.4925733354061148 0
    outer loop
      vertex 29.34000000357628 51.23557125777006 0.901
      vertex 29.451999999582767 51.43345111608505 1.5
      vertex 29.34000000357628 51.23557125777006 1.5
    endloop
  endfacet
  facet normal 0.8212961042046297 -0.5705021553143318 0
    outer loop
      vertex 29.451999999582767 51.43345111608505 0.901
      vertex 29.578000001609325 51.61484098434448 1.5
      vertex 29.451999999582767 51.43345111608505 1.5
    endloop
  endfacet
  facet normal 0.8112076178032719 -0.584758241342472 0
    outer loop
      vertex 29.578000001609325 51.61484098434448 0.901
      vertex 30.207999996840954 52.48881036043167 1.5
      vertex 29.578000001609325 51.61484098434448 1.5
    endloop
  endfacet
  facet normal 0.7380207443187755 -0.674778023467837 0
    outer loop
      vertex 30.207999996840954 52.48881036043167 0.901
      vertex 30.403999999165535 52.703180216252804 1.5
      vertex 30.207999996840954 52.48881036043167 1.5
    endloop
  endfacet
  facet normal 0.577136251365037 -0.8166478723172631 0
    outer loop
      vertex 30.403999999165535 52.703180216252804 0.901
      vertex 30.614000000059605 52.85159009695053 1.5
      vertex 30.403999999165535 52.703180216252804 1.5
    endloop
  endfacet
  facet normal 0.34542364694175637 -0.9384468573837609 0
    outer loop
      vertex 30.614000000059605 52.85159009695053 0.901
      vertex 30.837999999523163 52.934040047228336 1.5
      vertex 30.614000000059605 52.85159009695053 1.5
    endloop
  endfacet
  facet normal 0.13725974536918556 -0.9905350888793322 0
    outer loop
      vertex 30.837999999523163 52.934040047228336 0.901
      vertex 31.07600000500679 52.96702001988888 1.5
      vertex 30.837999999523163 52.934040047228336 1.5
    endloop
  endfacet
  facet normal -0.64378676434443 -0.7652049412117837 0
    outer loop
      vertex 31.552000001072884 52.83510011434555 0.901
      vertex 31.748000003397465 52.6702002286911 1.5
      vertex 31.552000001072884 52.83510011434555 1.5
    endloop
  endfacet
  facet normal -0.2035072912472443 -0.9790734305501346 0
    outer loop
      vertex 31.07600000500679 52.96702001988888 0.901
      vertex 31.313999995589256 52.917550049722195 1.5
      vertex 31.07600000500679 52.96702001988888 1.5
    endloop
  endfacet
  facet normal -0.32734213131781364 -0.9449058837071083 0
    outer loop
      vertex 31.313999995589256 52.917550049722195 0.901
      vertex 31.552000001072884 52.83510011434555 1.5
      vertex 31.313999995589256 52.917550049722195 1.5
    endloop
  endfacet
  facet normal -0.6755017262059532 -0.7373584053177786 0
    outer loop
      vertex 32.06999999284744 52.27444051206112 0.901
      vertex 32.19600000232458 52.15901058912277 1.5
      vertex 32.06999999284744 52.27444051206112 1.5
    endloop
  endfacet
  facet normal -0.471998706551026 -0.8815992405930023 0
    outer loop
      vertex 32.19600000232458 52.15901058912277 0.901
      vertex 32.350000001490116 52.07656065374613 1.5
      vertex 32.19600000232458 52.15901058912277 1.5
    endloop
  endfacet
  facet normal -0.39371734045618895 -0.9192315572390373 0
    outer loop
      vertex 32.350000001490116 52.07656065374613 0.901
      vertex 32.50400000065565 52.010600700974464 1.5
      vertex 32.350000001490116 52.07656065374613 1.5
    endloop
  endfacet
  facet normal -0.09768522147504724 -0.9952173619392756 0
    outer loop
      vertex 32.50400000065565 52.010600700974464 0.901
      vertex 32.671999998390675 51.994110718369484 1.5
      vertex 32.50400000065565 52.010600700974464 1.5
    endloop
  endfacet
  facet normal 0.19263266518796118 -0.9812709392938236 0
    outer loop
      vertex 32.671999998390675 51.994110718369484 0.901
      vertex 32.84000000357628 52.027090691030025 1.5
      vertex 32.671999998390675 51.994110718369484 1.5
    endloop
  endfacet
  facet normal 0.30584086534137145 -0.9520826461433068 0
    outer loop
      vertex 32.84000000357628 52.027090691030025 0.901
      vertex 32.994000002741814 52.07656065374613 1.5
      vertex 32.84000000357628 52.027090691030025 1.5
    endloop
  endfacet
  facet normal 0.5405253752705951 -0.8413277118273131 0
    outer loop
      vertex 32.994000002741814 52.07656065374613 0.901
      vertex 33.14800000190735 52.175500586628914 1.5
      vertex 32.994000002741814 52.07656065374613 1.5
    endloop
  endfacet
  facet normal 1 0 0
    outer loop
      vertex 33.14800000190735 52.175500586628914 0.901
      vertex 33.14800000190735 52.191990576684475 1.5
      vertex 33.14800000190735 52.175500586628914 1.5
    endloop
  endfacet
  facet normal 0.577136311655633 -0.8166478297090686 0
    outer loop
      vertex 33.14800000190735 52.191990576684475 0.901
      vertex 33.21799999475479 52.24146053940058 1.5
      vertex 33.14800000190735 52.191990576684475 1.5
    endloop
  endfacet
  facet normal 0.5074635460427082 -0.8616732265991327 0
    outer loop
      vertex 33.21799999475479 52.24146053940058 0.901
      vertex 33.273999996483326 52.27444051206112 1.5
      vertex 33.21799999475479 52.24146053940058 1.5
    endloop
  endfacet
  facet normal 0.5771362297205129 -0.8166478876137447 0
    outer loop
      vertex 33.273999996483326 52.27444051206112 0.901
      vertex 33.34400000423193 52.32391047477722 1.5
      vertex 33.273999996483326 52.27444051206112 1.5
    endloop
  endfacet
  facet normal -0.7623153852781428 -0.6472057272368937 0
    outer loop
      vertex 31.943999998271465 52.42285040766001 0.901
      vertex 32.06999999284744 52.27444051206112 1.5
      vertex 31.943999998271465 52.42285040766001 1.5
    endloop
  endfacet
  facet normal -1 0 0
    outer loop
      vertex 31.943999998271465 52.43934039771557 0.901
      vertex 31.943999998271465 52.42285040766001 1.5
      vertex 31.943999998271465 52.43934039771557 1.5
    endloop
  endfacet
  facet normal -0.7623153707231205 -0.6472057443806192 0
    outer loop
      vertex 31.748000003397465 52.6702002286911 0.901
      vertex 31.943999998271465 52.43934039771557 1.5
      vertex 31.748000003397465 52.6702002286911 1.5
    endloop
  endfacet
  facet normal 0.6620595417686079 -0.7494512413447194 0
    outer loop
      vertex 33.34400000423193 52.32391047477722 0.901
      vertex 33.399999998509884 52.373380444943905 1.5
      vertex 33.34400000423193 52.32391047477722 1.5
    endloop
  endfacet
  facet normal 0.42620754129327776 -0.9046254096280619 0
    outer loop
      vertex 33.399999998509884 52.373380444943905 0.901
      vertex 33.46999999880791 52.40636042505503 1.5
      vertex 33.399999998509884 52.373380444943905 1.5
    endloop
  endfacet
  facet normal 0.5074634959133563 -0.8616732561217129 0
    outer loop
      vertex 33.46999999880791 52.40636042505503 0.901
      vertex 33.52600000798702 52.43934039771557 1.5
      vertex 33.46999999880791 52.40636042505503 1.5
    endloop
  endfacet
  facet normal 0.577136311655633 -0.8166478297090686 0
    outer loop
      vertex 33.52600000798702 52.43934039771557 0.901
      vertex 33.596000000834465 52.48881036043167 1.5
      vertex 33.52600000798702 52.43934039771557 1.5
    endloop
  endfacet
  facet normal 0.42620757841693924 -0.9046253921375237 0
    outer loop
      vertex 33.596000000834465 52.48881036043167 0.901
      vertex 33.66599999368191 52.52179034054279 1.5
      vertex 33.596000000834465 52.48881036043167 1.5
    endloop
  endfacet
  facet normal 0.45461189849862343 -0.8906896326686851 0
    outer loop
      vertex 33.66599999368191 52.52179034054279 0.901
      vertex 34.505999997258186 52.95053002983332 1.5
      vertex 33.66599999368191 52.52179034054279 1.5
    endloop
  endfacet
  facet normal -0.932940619705861 0.3600302766474567 0
    outer loop
      vertex 34.7580000013113 46.981154300272465 0.901
      vertex 34.617999993264675 46.618374548852444 1.5
      vertex 34.7580000013113 46.981154300272465 1.5
    endloop
  endfacet
  facet normal -0.9622108099842377 0.2723056318724924 0
    outer loop
      vertex 34.813999995589256 47.179034158587456 0.901
      vertex 34.7580000013113 46.981154300272465 1.5
      vertex 34.813999995589256 47.179034158587456 1.5
    endloop
  endfacet
  facet normal -0.9555006144125365 0.2949891114215321 0
    outer loop
      vertex 34.86999999731779 47.360424026846886 0.901
      vertex 34.813999995589256 47.179034158587456 1.5
      vertex 34.86999999731779 47.360424026846886 1.5
    endloop
  endfacet
  facet normal -0.9583798094774806 0.2854963060810208 0
    outer loop
      vertex 35.43000000715256 49.24028268456459 0.901
      vertex 34.86999999731779 47.360424026846886 1.5
      vertex 35.43000000715256 49.24028268456459 1.5
    endloop
  endfacet
  facet normal -0.974225247692692 0.2255774074638521 0
    outer loop
      vertex 35.51399999856949 49.60306242108345 0.901
      vertex 35.43000000715256 49.24028268456459 1.5
      vertex 35.51399999856949 49.60306242108345 1.5
    endloop
  endfacet
  facet normal -0.98829470573997 0.15255679141338196 0
    outer loop
      vertex 35.542000003159046 49.78445228934288 0.901
      vertex 35.51399999856949 49.60306242108345 1.5
      vertex 35.542000003159046 49.78445228934288 1.5
    endloop
  endfacet
  facet normal -0.9970347273191792 0.0769529240482121 0
    outer loop
      vertex 35.56999999284744 50.14723203331232 0.901
      vertex 35.542000003159046 49.78445228934288 1.5
      vertex 35.56999999284744 50.14723203331232 1.5
    endloop
  endfacet
  facet normal -1 0 0
    outer loop
      vertex 35.56999999284744 50.32862190157175 0.901
      vertex 35.56999999284744 50.14723203331232 1.5
      vertex 35.56999999284744 50.32862190157175 1.5
    endloop
  endfacet
  facet normal -0.9970347287689819 -0.07695290526395131 0
    outer loop
      vertex 35.556000001728535 50.51001176983118 0.901
      vertex 35.56999999284744 50.32862190157175 1.5
      vertex 35.556000001728535 50.51001176983118 1.5
    endloop
  endfacet
  facet normal -0.9975065762849715 -0.07057358052581988 0
    outer loop
      vertex 35.542000003159046 50.70789163559675 0.901
      vertex 35.556000001728535 50.51001176983118 1.5
      vertex 35.542000003159046 50.70789163559675 1.5
    endloop
  endfacet
  facet normal -0.991415198664744 -0.13075130537224425 0
    outer loop
      vertex 35.31799999624491 52.40636042505503 0.901
      vertex 35.542000003159046 50.70789163559675 1.5
      vertex 35.31799999624491 52.40636042505503 1.5
    endloop
  endfacet
  facet normal 0.2292949074566128 -0.9733569979275145 0
    outer loop
      vertex 34.505999997258186 52.95053002983332 0.901
      vertex 34.64599999785423 52.98351000249386 1.5
      vertex 34.505999997258186 52.95053002983332 1.5
    endloop
  endfacet
  facet normal 0.12976641702836364 -0.9915445915396952 0
    outer loop
      vertex 34.64599999785423 52.98351000249386 0.901
      vertex 34.77199999243021 53 1.5
      vertex 34.64599999785423 52.98351000249386 1.5
    endloop
  endfacet
  facet normal -0.9690613740991587 -0.24681988013336836 0
    outer loop
      vertex 35.27600000798702 52.571260295808315 0.901
      vertex 35.31799999624491 52.40636042505503 1.5
      vertex 35.27600000798702 52.571260295808315 1.5
    endloop
  endfacet
  facet normal -0.8085662192377485 -0.5884051912649761 0
    outer loop
      vertex 35.135999999940395 52.81861013174057 0.901
      vertex 35.21999999880791 52.703180216252804 1.5
      vertex 35.135999999940395 52.81861013174057 1.5
    endloop
  endfacet
  facet normal -0.9204965081173389 -0.39075078828300014 0
    outer loop
      vertex 35.21999999880791 52.703180216252804 0.901
      vertex 35.27600000798702 52.571260295808315 1.5
      vertex 35.21999999880791 52.703180216252804 1.5
    endloop
  endfacet
  facet normal -0.2532155281683287 -0.9674098905295698 0
    outer loop
      vertex 34.77199999243021 53 0.901
      vertex 34.89800000190735 52.96702001988888 1.5
      vertex 34.77199999243021 53 1.5
    endloop
  endfacet
  facet normal -0.36546019355465115 -0.9308269693809892 0
    outer loop
      vertex 34.89800000190735 52.96702001988888 0.901
      vertex 35.023999996483326 52.917550049722195 1.5
      vertex 34.89800000190735 52.96702001988888 1.5
    endloop
  endfacet
  facet normal -0.6620594082850169 -0.7494513592630901 0
    outer loop
      vertex 35.023999996483326 52.917550049722195 0.901
      vertex 35.135999999940395 52.81861013174057 1.5
      vertex 35.023999996483326 52.917550049722195 1.5
    endloop
  endfacet
  facet normal 0 0 1
    outer loop
      vertex 38.56993433088064 12.296672001481056 0.901
      vertex 39.92056233435869 12.296672001481056 0.901
      vertex 38.66201967000961 14.248311996459961 0.901
    endloop
  endfacet
  facet normal 0 0 1
    outer loop
      vertex 38.66201967000961 14.248311996459961 0.901
      vertex 39.92056233435869 12.296672001481056 0.901
      vertex 39.92056233435869 18.761269330978394 0.901
    endloop
  endfacet
  facet normal 0 0 1
    outer loop
      vertex 41.026602894067764 14.33077234774828 0.901
      vertex 42.35215833038092 14.672005414962769 0.901
      vertex 40.93082897365093 14.876680590212345 0.901
    endloop
  endfacet
  facet normal 0 0 1
    outer loop
      vertex 40.93082897365093 14.876680590212345 0.901
      vertex 42.298226334154606 15.041011519730091 0.901
      vertex 40.89890433102846 15.475879333913326 0.901
    endloop
  endfacet
  facet normal 0 0 1
    outer loop
      vertex 41.69702033698559 13.01279066503048 0.901
      vertex 42.56788633018732 14.064842320978642 0.901
      vertex 41.40969857573509 13.398827388882637 0.901
    endloop
  endfacet
  facet normal 0 0 1
    outer loop
      vertex 42.04012097418308 12.690921388566494 0.901
      vertex 42.430930092930794 12.440578609704971 0.901
      vertex 42.91921774297953 13.631971411406994 0.901
    endloop
  endfacet
  facet normal 0 0 1
    outer loop
      vertex 42.04012097418308 12.690921388566494 0.901
      vertex 42.729682333767414 13.826685331761837 0.901
      vertex 41.69702033698559 13.01279066503048 0.901
    endloop
  endfacet
  facet normal 0 0 1
    outer loop
      vertex 42.04012097418308 12.690921388566494 0.901
      vertex 42.91921774297953 13.631971411406994 0.901
      vertex 42.729682333767414 13.826685331761837 0.901
    endloop
  endfacet
  facet normal 0 0 1
    outer loop
      vertex 43.355673775076866 12.154472589492798 0.901
      vertex 43.88960833102465 12.118709333240986 0.901
      vertex 43.60465854406357 13.307448215782642 0.901
    endloop
  endfacet
  facet normal 0 0 1
    outer loop
      vertex 42.430930092930794 12.440578609704971 0.901
      vertex 42.86944769322872 12.261762343347073 0.901
      vertex 43.12822558730841 13.480527251958847 0.901
    endloop
  endfacet
  facet normal 0 0 1
    outer loop
      vertex 42.86944769322872 12.261762343347073 0.901
      vertex 43.355673775076866 12.154472589492798 0.901
      vertex 43.356705851852894 13.372352853417397 0.901
    endloop
  endfacet
  facet normal 0 0 1
    outer loop
      vertex 42.86944769322872 12.261762343347073 0.901
      vertex 43.356705851852894 13.372352853417397 0.901
      vertex 43.12822558730841 13.480527251958847 0.901
    endloop
  endfacet
  facet normal 0 0 1
    outer loop
      vertex 42.430930092930794 12.440578609704971 0.901
      vertex 43.12822558730841 13.480527251958847 0.901
      vertex 42.91921774297953 13.631971411406994 0.901
    endloop
  endfacet
  facet normal 0 0 1
    outer loop
      vertex 43.355673775076866 12.154472589492798 0.901
      vertex 43.60465854406357 13.307448215782642 0.901
      vertex 43.356705851852894 13.372352853417397 0.901
    endloop
  endfacet
  facet normal 0 0 1
    outer loop
      vertex 43.88960833102465 12.118709333240986 0.901
      vertex 43.87208366394043 13.285813331604004 0.901
      vertex 43.60465854406357 13.307448215782642 0.901
    endloop
  endfacet
  facet normal 0 0 1
    outer loop
      vertex 41.40969857573509 13.398827388882637 0.901
      vertex 42.56788633018732 14.064842320978642 0.901
      vertex 41.18622609227896 13.83815461397171 0.901
    endloop
  endfacet
  facet normal 0 0 1
    outer loop
      vertex 41.18622609227896 13.83815461397171 0.901
      vertex 42.442045003175735 14.346615679562092 0.901
      vertex 41.026602894067764 14.33077234774828 0.901
    endloop
  endfacet
  facet normal 0 0 1
    outer loop
      vertex 41.026602894067764 14.33077234774828 0.901
      vertex 42.442045003175735 14.346615679562092 0.901
      vertex 42.35215833038092 14.672005414962769 0.901
    endloop
  endfacet
  facet normal 0 0 1
    outer loop
      vertex 41.69702033698559 13.01279066503048 0.901
      vertex 42.729682333767414 13.826685331761837 0.901
      vertex 42.56788633018732 14.064842320978642 0.901
    endloop
  endfacet
  facet normal 0 0 1
    outer loop
      vertex 41.18622609227896 13.83815461397171 0.901
      vertex 42.56788633018732 14.064842320978642 0.901
      vertex 42.442045003175735 14.346615679562092 0.901
    endloop
  endfacet
  facet normal 0 0 1
    outer loop
      vertex 42.35215833038092 14.672005414962769 0.901
      vertex 42.298226334154606 15.041011519730091 0.901
      vertex 40.93082897365093 14.876680590212345 0.901
    endloop
  endfacet
  facet normal 0 0 1
    outer loop
      vertex 40.89890433102846 15.475879333913326 0.901
      vertex 42.298226334154606 15.041011519730091 0.901
      vertex 42.28024899959564 15.45363400131464 0.901
    endloop
  endfacet
  facet normal 0 0 1
    outer loop
      vertex 43.88960833102465 12.118709333240986 0.901
      vertex 44.32427438348532 12.145209729671478 0.901
      vertex 44.14272401481867 13.30440629273653 0.901
    endloop
  endfacet
  facet normal 0 0 1
    outer loop
      vertex 44.32427438348532 12.145209729671478 0.901
      vertex 44.72666401416063 12.224710933864117 0.901
      vertex 44.38635438680649 13.36018517613411 0.901
    endloop
  endfacet
  facet normal 0 0 1
    outer loop
      vertex 43.88960833102465 12.118709333240986 0.901
      vertex 44.14272401481867 13.30440629273653 0.901
      vertex 43.87208366394043 13.285813331604004 0.901
    endloop
  endfacet
  facet normal 0 0 1
    outer loop
      vertex 44.32427438348532 12.145209729671478 0.901
      vertex 44.38635438680649 13.36018517613411 0.901
      vertex 44.14272401481867 13.30440629273653 0.901
    endloop
  endfacet
  facet normal 0 0 1
    outer loop
      vertex 44.72666401416063 12.224710933864117 0.901
      vertex 45.096777215600014 12.35721293091774 0.901
      vertex 44.38635438680649 13.36018517613411 0.901
    endloop
  endfacet
  facet normal 0 0 1
    outer loop
      vertex 44.38635438680649 13.36018517613411 0.901
      vertex 45.096777215600014 12.35721293091774 0.901
      vertex 44.60297478735447 13.453149974346161 0.901
    endloop
  endfacet
  facet normal 0 0 1
    outer loop
      vertex 45.096777215600014 12.35721293091774 0.901
      vertex 45.43461398780346 12.542715735733509 0.901
      vertex 44.60297478735447 13.453149974346161 0.901
    endloop
  endfacet
  facet normal 0 0 1
    outer loop
      vertex 45.43461398780346 12.542715735733509 0.901
      vertex 44.79258521646261 13.583300694823265 0.901
      vertex 44.60297478735447 13.453149974346161 0.901
    endloop
  endfacet
  facet normal 0 0 1
    outer loop
      vertex 45.43461398780346 12.542715735733509 0.901
      vertex 45.74017433077097 12.781219333410263 0.901
      vertex 44.79258521646261 13.583300694823265 0.901
    endloop
  endfacet
  facet normal 0 0 1
    outer loop
      vertex 44.79258521646261 13.583300694823265 0.901
      vertex 45.74017433077097 12.781219333410263 0.901
      vertex 44.955185666680336 13.750637330114841 0.901
    endloop
  endfacet
  facet normal 0 0 1
    outer loop
      vertex 44.955185666680336 13.750637330114841 0.901
      vertex 46.006088837981224 13.061973549425602 0.901
      vertex 45.03483948111534 13.86061204969883 0.901
    endloop
  endfacet
  facet normal 0 0 1
    outer loop
      vertex 44.955185666680336 13.750637330114841 0.901
      vertex 45.74017433077097 12.781219333410263 0.901
      vertex 46.006088837981224 13.061973549425602 0.901
    endloop
  endfacet
  facet normal 0 0 1
    outer loop
      vertex 45.03483948111534 13.86061204969883 0.901
      vertex 46.006088837981224 13.061973549425602 0.901
      vertex 46.228505961596966 13.374279916286469 0.901
    endloop
  endfacet
  facet normal 0 0 1
    outer loop
      vertex 45.03483948111534 13.86061204969883 0.901
      vertex 46.228505961596966 13.374279916286469 0.901
      vertex 45.108875051140785 13.990586876869202 0.901
    endloop
  endfacet
  facet normal 0 0 1
    outer loop
      vertex 45.108875051140785 13.990586876869202 0.901
      vertex 46.228505961596966 13.374279916286469 0.901
      vertex 45.17729238420725 14.140561811625957 0.901
    endloop
  endfacet
  facet normal 0 0 1
    outer loop
      vertex 45.17729238420725 14.140561811625957 0.901
      vertex 46.407425694167614 13.718138456344604 0.901
      vertex 45.24009148031473 14.310536853969097 0.901
    endloop
  endfacet
  facet normal 0 0 1
    outer loop
      vertex 45.24009148031473 14.310536853969097 0.901
      vertex 46.54284804314375 14.093549147248268 0.901
      vertex 45.29727233201265 14.50051199644804 0.901
    endloop
  endfacet
  facet normal 0 0 1
    outer loop
      vertex 45.17729238420725 14.140561811625957 0.901
      vertex 46.228505961596966 13.374279916286469 0.901
      vertex 46.407425694167614 13.718138456344604 0.901
    endloop
  endfacet
  facet normal 0 0 1
    outer loop
      vertex 45.24009148031473 14.310536853969097 0.901
      vertex 46.407425694167614 13.718138456344604 0.901
      vertex 46.54284804314375 14.093549147248268 0.901
    endloop
  endfacet
  facet normal 0 0 1
    outer loop
      vertex 45.29727233201265 14.50051199644804 0.901
      vertex 46.54284804314375 14.093549147248268 0.901
      vertex 46.63477300107479 14.50051199644804 0.901
    endloop
  endfacet
  facet normal 0 0 1
    outer loop
      vertex 47.6568943336606 12.296672001481056 0.901
      vertex 48.99439500272274 12.296672001481056 0.901
      vertex 48.99439500272274 15.181322664022446 0.901
    endloop
  endfacet
  facet normal 0 0 1
    outer loop
      vertex 47.6568943336606 12.296672001481056 0.901
      vertex 48.99439500272274 15.181322664022446 0.901
      vertex 48.99439500272274 16.294624000787735 0.901
    endloop
  endfacet
  facet normal 0 1 0
    outer loop
      vertex 38.56993433088064 12.296672001481056 0.901
      vertex 38.56993433088064 12.296672001481056 1.5
      vertex 39.92056233435869 12.296672001481056 0.901
    endloop
  endfacet
  facet normal 0.891314824897368 0.4533849169504583 0
    outer loop
      vertex 41.40969857573509 13.398827388882637 0.901
      vertex 41.18622609227896 13.83815461397171 0.901
      vertex 41.18622609227896 13.83815461397171 1.5
    endloop
  endfacet
  facet normal 0.951304795671684 0.308251821944422 0
    outer loop
      vertex 41.18622609227896 13.83815461397171 0.901
      vertex 41.026602894067764 14.33077234774828 0.901
      vertex 41.026602894067764 14.33077234774828 1.5
    endloop
  endfacet
  facet normal 0.9849568574244771 0.17280043116988525 0
    outer loop
      vertex 41.026602894067764 14.33077234774828 0.901
      vertex 40.93082897365093 14.876680590212345 0.901
      vertex 40.93082897365093 14.876680590212345 1.5
    endloop
  endfacet
  facet normal 0.9985836946319727 0.053203428603416966 0
    outer loop
      vertex 40.93082897365093 14.876680590212345 0.901
      vertex 40.89890433102846 15.475879333913326 0.901
      vertex 40.89890433102846 15.475879333913326 1.5
    endloop
  endfacet
  facet normal 0.3775883460917562 0.9259735638211773 0
    outer loop
      vertex 42.430930092930794 12.440578609704971 0.901
      vertex 42.430930092930794 12.440578609704971 1.5
      vertex 42.86944769322872 12.261762343347073 0.901
    endloop
  endfacet
  facet normal 0.6841814177007635 0.7293118589965294 0
    outer loop
      vertex 42.04012097418308 12.690921388566494 0.901
      vertex 41.69702033698559 13.01279066503048 0.901
      vertex 41.69702033698559 13.01279066503048 1.5
    endloop
  endfacet
  facet normal 0.8021947849656479 0.5970624146384682 0
    outer loop
      vertex 41.69702033698559 13.01279066503048 0.901
      vertex 41.40969857573509 13.398827388882637 0.901
      vertex 41.40969857573509 13.398827388882637 1.5
    endloop
  endfacet
  facet normal 0.5393974865823318 0.8420512760329166 0
    outer loop
      vertex 42.04012097418308 12.690921388566494 0.901
      vertex 42.04012097418308 12.690921388566494 1.5
      vertex 42.430930092930794 12.440578609704971 0.901
    endloop
  endfacet
  facet normal 0.21547477165415047 0.976509407420426 0
    outer loop
      vertex 42.86944769322872 12.261762343347073 0.901
      vertex 42.86944769322872 12.261762343347073 1.5
      vertex 43.355673775076866 12.154472589492798 0.901
    endloop
  endfacet
  facet normal 0.06683085153411313 0.9977643195079815 0
    outer loop
      vertex 43.355673775076866 12.154472589492798 0.901
      vertex 43.355673775076866 12.154472589492798 1.5
      vertex 43.88960833102465 12.118709333240986 0.901
    endloop
  endfacet
  facet normal -0.5867478112868838 -0.8097697240265602 0
    outer loop
      vertex 42.91921774297953 13.631971411406994 0.901
      vertex 43.12822558730841 13.480527251958847 0.901
      vertex 43.12822558730841 13.480527251958847 1.5
    endloop
  endfacet
  facet normal -0.42791479405701716 -0.9038190798091953 0
    outer loop
      vertex 43.356705851852894 13.372352853417397 0.901
      vertex 43.356705851852894 13.372352853417397 1.5
      vertex 43.12822558730841 13.480527251958847 0.901
    endloop
  endfacet
  facet normal -0.2532303105509992 -0.9674060211815122 0
    outer loop
      vertex 43.356705851852894 13.372352853417397 0.901
      vertex 43.60465854406357 13.307448215782642 0.901
      vertex 43.60465854406357 13.307448215782642 1.5
    endloop
  endfacet
  facet normal -0.08063726577616459 -0.9967435133313605 0
    outer loop
      vertex 43.60465854406357 13.307448215782642 0.901
      vertex 43.87208366394043 13.285813331604004 0.901
      vertex 43.87208366394043 13.285813331604004 1.5
    endloop
  endfacet
  facet normal -0.913077984035206 -0.4077849863226994 0
    outer loop
      vertex 42.442045003175735 14.346615679562092 0.901
      vertex 42.56788633018732 14.064842320978642 0.901
      vertex 42.56788633018732 14.064842320978642 1.5
    endloop
  endfacet
  facet normal -0.9638984027472951 -0.2662702934636409 0
    outer loop
      vertex 42.35215833038092 14.672005414962769 0.901
      vertex 42.442045003175735 14.346615679562092 0.901
      vertex 42.442045003175735 14.346615679562092 1.5
    endloop
  endfacet
  facet normal -0.9894875169271173 -0.14461830397777373 0
    outer loop
      vertex 42.35215833038092 14.672005414962769 0.901
      vertex 42.35215833038092 14.672005414962769 1.5
      vertex 42.298226334154606 15.041011519730091 0.901
    endloop
  endfacet
  facet normal -0.9990522428219076 -0.04352718819905689 0
    outer loop
      vertex 42.298226334154606 15.041011519730091 0.901
      vertex 42.298226334154606 15.041011519730091 1.5
      vertex 42.28024899959564 15.45363400131464 0.901
    endloop
  endfacet
  facet normal -0.7165713559852067 -0.6975137932553895 0
    outer loop
      vertex 42.729682333767414 13.826685331761837 0.901
      vertex 42.91921774297953 13.631971411406994 0.901
      vertex 42.91921774297953 13.631971411406994 1.5
    endloop
  endfacet
  facet normal -0.8271698852301208 -0.5619519383082408 0
    outer loop
      vertex 42.729682333767414 13.826685331761837 0.901
      vertex 42.729682333767414 13.826685331761837 1.5
      vertex 42.56788633018732 14.064842320978642 0.901
    endloop
  endfacet
  facet normal -0.06085426291445131 0.9981466619115342 0
    outer loop
      vertex 43.88960833102465 12.118709333240986 0.901
      vertex 43.88960833102465 12.118709333240986 1.5
      vertex 44.32427438348532 12.145209729671478 0.901
    endloop
  endfacet
  facet normal -0.19382591547296515 0.9810359394492472 0
    outer loop
      vertex 44.32427438348532 12.145209729671478 0.901
      vertex 44.32427438348532 12.145209729671478 1.5
      vertex 44.72666401416063 12.224710933864117 0.901
    endloop
  endfacet
  facet normal -0.33705531631833224 0.9414848452001493 0
    outer loop
      vertex 44.72666401416063 12.224710933864117 0.901
      vertex 44.72666401416063 12.224710933864117 1.5
      vertex 45.096777215600014 12.35721293091774 0.901
    endloop
  endfacet
  facet normal 0.06853833663535194 -0.9976484833904471 0
    outer loop
      vertex 43.87208366394043 13.285813331604004 0.901
      vertex 44.14272401481867 13.30440629273653 0.901
      vertex 44.14272401481867 13.30440629273653 1.5
    endloop
  endfacet
  facet normal 0.22317438442207713 -0.9747785359443584 0
    outer loop
      vertex 44.14272401481867 13.30440629273653 0.901
      vertex 44.38635438680649 13.36018517613411 0.901
      vertex 44.38635438680649 13.36018517613411 1.5
    endloop
  endfacet
  facet normal 0.39437614324558273 -0.9189491050317963 0
    outer loop
      vertex 44.38635438680649 13.36018517613411 0.901
      vertex 44.60297478735447 13.453149974346161 0.901
      vertex 44.60297478735447 13.453149974346161 1.5
    endloop
  endfacet
  facet normal 0.5659191024960395 -0.8244607749493466 0
    outer loop
      vertex 44.60297478735447 13.453149974346161 0.901
      vertex 44.79258521646261 13.583300694823265 0.901
      vertex 44.79258521646261 13.583300694823265 1.5
    endloop
  endfacet
  facet normal -0.48130624606898226 0.8765525069811758 0
    outer loop
      vertex 45.096777215600014 12.35721293091774 0.901
      vertex 45.096777215600014 12.35721293091774 1.5
      vertex 45.43461398780346 12.542715735733509 0.901
    endloop
  endfacet
  facet normal -0.6152988733298865 0.788293915033582 0
    outer loop
      vertex 45.43461398780346 12.542715735733509 0.901
      vertex 45.43461398780346 12.542715735733509 1.5
      vertex 45.74017433077097 12.781219333410263 0.901
    endloop
  endfacet
  facet normal -0.7260342402489564 0.687658550434822 0
    outer loop
      vertex 45.74017433077097 12.781219333410263 0.901
      vertex 45.74017433077097 12.781219333410263 1.5
      vertex 46.006088837981224 13.061973549425602 0.901
    endloop
  endfacet
  facet normal -0.8145454297055644 0.580099769820483 0
    outer loop
      vertex 46.006088837981224 13.061973549425602 0.901
      vertex 46.006088837981224 13.061973549425602 1.5
      vertex 46.228505961596966 13.374279916286469 0.901
    endloop
  endfacet
  facet normal -0.8870971379988075 0.46158278537476327 0
    outer loop
      vertex 46.228505961596966 13.374279916286469 0.901
      vertex 46.228505961596966 13.374279916286469 1.5
      vertex 46.407425694167614 13.718138456344604 0.901
    endloop
  endfacet
  facet normal 0.7171832787881972 -0.6968845992175541 0
    outer loop
      vertex 44.79258521646261 13.583300694823265 0.901
      vertex 44.955185666680336 13.750637330114841 0.901
      vertex 44.955185666680336 13.750637330114841 1.5
    endloop
  endfacet
  facet normal 0.8098828261533902 -0.5865916875491821 0
    outer loop
      vertex 44.955185666680336 13.750637330114841 0.901
      vertex 45.03483948111534 13.86061204969883 0.901
      vertex 45.03483948111534 13.86061204969883 1.5
    endloop
  endfacet
  facet normal 0.8689212757020591 -0.49495031733731243 0
    outer loop
      vertex 45.03483948111534 13.86061204969883 0.901
      vertex 45.108875051140785 13.990586876869202 0.901
      vertex 45.108875051140785 13.990586876869202 1.5
    endloop
  endfacet
  facet normal 0.9098013789797151 -0.41504391431101434 0
    outer loop
      vertex 45.108875051140785 13.990586876869202 0.901
      vertex 45.17729238420725 14.140561811625957 0.901
      vertex 45.17729238420725 14.140561811625957 1.5
    endloop
  endfacet
  facet normal 0.9380263767947729 -0.3465638706461924 0
    outer loop
      vertex 45.17729238420725 14.140561811625957 0.901
      vertex 45.24009148031473 14.310536853969097 0.901
      vertex 45.24009148031473 14.310536853969097 1.5
    endloop
  endfacet
  facet normal 0.9575646509615757 -0.2882185615619429 0
    outer loop
      vertex 45.24009148031473 14.310536853969097 0.901
      vertex 45.29727233201265 14.50051199644804 0.901
      vertex 45.29727233201265 14.50051199644804 1.5
    endloop
  endfacet
  facet normal 0 -1 0
    outer loop
      vertex 45.29727233201265 14.50051199644804 0.901
      vertex 46.63477300107479 14.50051199644804 0.901
      vertex 46.63477300107479 14.50051199644804 1.5
    endloop
  endfacet
  facet normal 0 1 0
    outer loop
      vertex 47.6568943336606 12.296672001481056 0.901
      vertex 47.6568943336606 12.296672001481056 1.5
      vertex 48.99439500272274 12.296672001481056 0.901
    endloop
  endfacet
  facet normal -0.9406680099188262 0.3393282999034345 0
    outer loop
      vertex 46.407425694167614 13.718138456344604 0.901
      vertex 46.407425694167614 13.718138456344604 1.5
      vertex 46.54284804314375 14.093549147248268 0.901
    endloop
  endfacet
  facet normal -0.9754254883811379 0.22032956364595893 0
    outer loop
      vertex 46.54284804314375 14.093549147248268 0.901
      vertex 46.54284804314375 14.093549147248268 1.5
      vertex 46.63477300107479 14.50051199644804 0.901
    endloop
  endfacet
  facet normal 1 0 0
    outer loop
      vertex 47.6568943336606 12.296672001481056 0.901
      vertex 47.6568943336606 18.761269330978394 0.901
      vertex 47.6568943336606 14.716855626711622 1.5
    endloop
  endfacet
  facet normal 0 0 1
    outer loop
      vertex 51.52027499675751 12.296672001481056 0.901
      vertex 52.86217299848795 12.296672001481056 0.901
      vertex 51.52027499675751 15.181322664022446 0.901
    endloop
  endfacet
  facet normal 0 0 1
    outer loop
      vertex 51.52027499675751 15.181322664022446 0.901
      vertex 52.86217299848795 12.296672001481056 0.901
      vertex 51.52027499675751 16.294624000787735 0.901
    endloop
  endfacet
  facet normal 0 0 1
    outer loop
      vertex 54.19126699864864 12.296672001481056 0.901
      vertex 55.511243000626564 13.459637336432934 0.901
      vertex 55.511243000626564 15.119242668151855 0.901
    endloop
  endfacet
  facet normal 0 0 1
    outer loop
      vertex 54.19126699864864 12.296672001481056 0.901
      vertex 55.511243000626564 15.119242668151855 0.901
      vertex 55.511243000626564 16.240821331739426 0.901
    endloop
  endfacet
  facet normal 0 0 1
    outer loop
      vertex 54.19126699864864 12.296672001481056 0.901
      vertex 59.08957300335169 12.296672001481056 0.901
      vertex 55.511243000626564 13.459637336432934 0.901
    endloop
  endfacet
  facet normal 0 0 1
    outer loop
      vertex 55.511243000626564 13.459637336432934 0.901
      vertex 59.08957300335169 12.296672001481056 0.901
      vertex 59.08957300335169 13.459637336432934 0.901
    endloop
  endfacet
  facet normal 0 0 1
    outer loop
      vertex 55.511243000626564 15.119242668151855 0.901
      vertex 58.651003666222095 15.119242668151855 0.901
      vertex 58.651003666222095 16.240821331739426 0.901
    endloop
  endfacet
  facet normal -1 0 0
    outer loop
      vertex 48.99439500272274 12.296672001481056 0.901
      vertex 48.99439500272274 12.296672001481056 1.5
      vertex 48.99439500272274 15.181322664022446 0.901
    endloop
  endfacet
  facet normal 0 1 0
    outer loop
      vertex 48.99439500272274 15.181322664022446 0.901
      vertex 48.99439500272274 15.181322664022446 1.5
      vertex 51.52027499675751 15.181322664022446 0.901
    endloop
  endfacet
  facet normal 0 1 0
    outer loop
      vertex 51.52027499675751 12.296672001481056 0.901
      vertex 51.52027499675751 12.296672001481056 1.5
      vertex 52.86217299848795 12.296672001481056 0.901
    endloop
  endfacet
  facet normal 1 0 0
    outer loop
      vertex 51.52027499675751 12.296672001481056 0.901
      vertex 51.52027499675751 15.181322664022446 0.901
      vertex 51.52027499675751 15.181322664022446 1.5
    endloop
  endfacet
  facet normal -1 0 0
    outer loop
      vertex 52.86217299848795 12.296672001481056 0.901
      vertex 52.86217299848795 12.296672001481056 1.5
      vertex 52.86217299848795 18.761269330978394 0.901
    endloop
  endfacet
  facet normal 0 1 0
    outer loop
      vertex 54.19126699864864 12.296672001481056 0.901
      vertex 54.19126699864864 12.296672001481056 1.5
      vertex 59.08957300335169 12.296672001481056 0.901
    endloop
  endfacet
  facet normal -1 0 0
    outer loop
      vertex 55.511243000626564 13.459637336432934 0.901
      vertex 55.511243000626564 13.459637336432934 1.5
      vertex 55.511243000626564 15.119242668151855 0.901
    endloop
  endfacet
  facet normal 0 -1 0
    outer loop
      vertex 55.511243000626564 13.459637336432934 0.901
      vertex 59.08957300335169 13.459637336432934 0.901
      vertex 59.08957300335169 13.459637336432934 1.5
    endloop
  endfacet
  facet normal 0 1 0
    outer loop
      vertex 55.511243000626564 15.119242668151855 0.901
      vertex 55.511243000626564 15.119242668151855 1.5
      vertex 58.651003666222095 15.119242668151855 0.901
    endloop
  endfacet
  facet normal 0 1 0
    outer loop
      vertex 39.92056233435869 12.296672001481056 0.901
      vertex 38.56993433088064 12.296672001481056 1.5
      vertex 39.92056233435869 12.296672001481056 1.5
    endloop
  endfacet
  facet normal 0.891314824897368 0.4533849169504583 0
    outer loop
      vertex 41.40969857573509 13.398827388882637 0.901
      vertex 41.18622609227896 13.83815461397171 1.5
      vertex 41.40969857573509 13.398827388882637 1.5
    endloop
  endfacet
  facet normal -1 0 0
    outer loop
      vertex 39.92056233435869 12.296672001481056 0.901
      vertex 39.92056233435869 12.296672001481056 1.5
      vertex 39.92056233435869 18.761269330978394 1.5
    endloop
  endfacet
  facet normal 0.951304795671684 0.308251821944422 0
    outer loop
      vertex 41.18622609227896 13.83815461397171 0.901
      vertex 41.026602894067764 14.33077234774828 1.5
      vertex 41.18622609227896 13.83815461397171 1.5
    endloop
  endfacet
  facet normal 0.9849568574244771 0.17280043116988525 0
    outer loop
      vertex 41.026602894067764 14.33077234774828 0.901
      vertex 40.93082897365093 14.876680590212345 1.5
      vertex 41.026602894067764 14.33077234774828 1.5
    endloop
  endfacet
  facet normal 0.9985836946319727 0.053203428603416966 0
    outer loop
      vertex 40.93082897365093 14.876680590212345 0.901
      vertex 40.89890433102846 15.475879333913326 1.5
      vertex 40.93082897365093 14.876680590212345 1.5
    endloop
  endfacet
  facet normal 0.5393974865823318 0.8420512760329166 0
    outer loop
      vertex 42.430930092930794 12.440578609704971 0.901
      vertex 42.04012097418308 12.690921388566494 1.5
      vertex 42.430930092930794 12.440578609704971 1.5
    endloop
  endfacet
  facet normal 0.6841814177007635 0.7293118589965294 0
    outer loop
      vertex 42.04012097418308 12.690921388566494 0.901
      vertex 41.69702033698559 13.01279066503048 1.5
      vertex 42.04012097418308 12.690921388566494 1.5
    endloop
  endfacet
  facet normal 0.8021947849656479 0.5970624146384682 0
    outer loop
      vertex 41.69702033698559 13.01279066503048 0.901
      vertex 41.40969857573509 13.398827388882637 1.5
      vertex 41.69702033698559 13.01279066503048 1.5
    endloop
  endfacet
  facet normal 0.3775883460917562 0.9259735638211773 0
    outer loop
      vertex 42.86944769322872 12.261762343347073 0.901
      vertex 42.430930092930794 12.440578609704971 1.5
      vertex 42.86944769322872 12.261762343347073 1.5
    endloop
  endfacet
  facet normal 0.21547477165415047 0.976509407420426 0
    outer loop
      vertex 43.355673775076866 12.154472589492798 0.901
      vertex 42.86944769322872 12.261762343347073 1.5
      vertex 43.355673775076866 12.154472589492798 1.5
    endloop
  endfacet
  facet normal 0.06683085153411313 0.9977643195079815 0
    outer loop
      vertex 43.88960833102465 12.118709333240986 0.901
      vertex 43.355673775076866 12.154472589492798 1.5
      vertex 43.88960833102465 12.118709333240986 1.5
    endloop
  endfacet
  facet normal -0.42791479405701716 -0.9038190798091953 0
    outer loop
      vertex 43.12822558730841 13.480527251958847 0.901
      vertex 43.356705851852894 13.372352853417397 1.5
      vertex 43.12822558730841 13.480527251958847 1.5
    endloop
  endfacet
  facet normal -0.2532303105509992 -0.9674060211815122 0
    outer loop
      vertex 43.356705851852894 13.372352853417397 0.901
      vertex 43.60465854406357 13.307448215782642 1.5
      vertex 43.356705851852894 13.372352853417397 1.5
    endloop
  endfacet
  facet normal -0.08063726577616459 -0.9967435133313605 0
    outer loop
      vertex 43.60465854406357 13.307448215782642 0.901
      vertex 43.87208366394043 13.285813331604004 1.5
      vertex 43.60465854406357 13.307448215782642 1.5
    endloop
  endfacet
  facet normal -0.8271698852301208 -0.5619519383082408 0
    outer loop
      vertex 42.56788633018732 14.064842320978642 0.901
      vertex 42.729682333767414 13.826685331761837 1.5
      vertex 42.56788633018732 14.064842320978642 1.5
    endloop
  endfacet
  facet normal -0.913077984035206 -0.4077849863226994 0
    outer loop
      vertex 42.442045003175735 14.346615679562092 0.901
      vertex 42.56788633018732 14.064842320978642 1.5
      vertex 42.442045003175735 14.346615679562092 1.5
    endloop
  endfacet
  facet normal -0.9894875169271173 -0.14461830397777373 0
    outer loop
      vertex 42.298226334154606 15.041011519730091 0.901
      vertex 42.35215833038092 14.672005414962769 1.5
      vertex 42.298226334154606 15.041011519730091 1.5
    endloop
  endfacet
  facet normal -0.9638984027472951 -0.2662702934636409 0
    outer loop
      vertex 42.35215833038092 14.672005414962769 0.901
      vertex 42.442045003175735 14.346615679562092 1.5
      vertex 42.35215833038092 14.672005414962769 1.5
    endloop
  endfacet
  facet normal -0.9990522428219076 -0.04352718819905689 0
    outer loop
      vertex 42.28024899959564 15.45363400131464 0.901
      vertex 42.298226334154606 15.041011519730091 1.5
      vertex 42.28024899959564 15.45363400131464 1.5
    endloop
  endfacet
  facet normal -0.7165713559852067 -0.6975137932553895 0
    outer loop
      vertex 42.729682333767414 13.826685331761837 0.901
      vertex 42.91921774297953 13.631971411406994 1.5
      vertex 42.729682333767414 13.826685331761837 1.5
    endloop
  endfacet
  facet normal -0.5867478112868838 -0.8097697240265602 0
    outer loop
      vertex 42.91921774297953 13.631971411406994 0.901
      vertex 43.12822558730841 13.480527251958847 1.5
      vertex 42.91921774297953 13.631971411406994 1.5
    endloop
  endfacet
  facet normal -0.06085426291445131 0.9981466619115342 0
    outer loop
      vertex 44.32427438348532 12.145209729671478 0.901
      vertex 43.88960833102465 12.118709333240986 1.5
      vertex 44.32427438348532 12.145209729671478 1.5
    endloop
  endfacet
  facet normal -0.19382591547296515 0.9810359394492472 0
    outer loop
      vertex 44.72666401416063 12.224710933864117 0.901
      vertex 44.32427438348532 12.145209729671478 1.5
      vertex 44.72666401416063 12.224710933864117 1.5
    endloop
  endfacet
  facet normal -0.33705531631833224 0.9414848452001493 0
    outer loop
      vertex 45.096777215600014 12.35721293091774 0.901
      vertex 44.72666401416063 12.224710933864117 1.5
      vertex 45.096777215600014 12.35721293091774 1.5
    endloop
  endfacet
  facet normal 0.06853833663535194 -0.9976484833904471 0
    outer loop
      vertex 43.87208366394043 13.285813331604004 0.901
      vertex 44.14272401481867 13.30440629273653 1.5
      vertex 43.87208366394043 13.285813331604004 1.5
    endloop
  endfacet
  facet normal 0.22317438442207713 -0.9747785359443584 0
    outer loop
      vertex 44.14272401481867 13.30440629273653 0.901
      vertex 44.38635438680649 13.36018517613411 1.5
      vertex 44.14272401481867 13.30440629273653 1.5
    endloop
  endfacet
  facet normal 0.39437614324558273 -0.9189491050317963 0
    outer loop
      vertex 44.38635438680649 13.36018517613411 0.901
      vertex 44.60297478735447 13.453149974346161 1.5
      vertex 44.38635438680649 13.36018517613411 1.5
    endloop
  endfacet
  facet normal 0.5659191024960395 -0.8244607749493466 0
    outer loop
      vertex 44.60297478735447 13.453149974346161 0.901
      vertex 44.79258521646261 13.583300694823265 1.5
      vertex 44.60297478735447 13.453149974346161 1.5
    endloop
  endfacet
  facet normal -0.48130624606898226 0.8765525069811758 0
    outer loop
      vertex 45.43461398780346 12.542715735733509 0.901
      vertex 45.096777215600014 12.35721293091774 1.5
      vertex 45.43461398780346 12.542715735733509 1.5
    endloop
  endfacet
  facet normal -0.6152988733298865 0.788293915033582 0
    outer loop
      vertex 45.74017433077097 12.781219333410263 0.901
      vertex 45.43461398780346 12.542715735733509 1.5
      vertex 45.74017433077097 12.781219333410263 1.5
    endloop
  endfacet
  facet normal -0.7260342402489564 0.687658550434822 0
    outer loop
      vertex 46.006088837981224 13.061973549425602 0.901
      vertex 45.74017433077097 12.781219333410263 1.5
      vertex 46.006088837981224 13.061973549425602 1.5
    endloop
  endfacet
  facet normal -0.8145454297055644 0.580099769820483 0
    outer loop
      vertex 46.228505961596966 13.374279916286469 0.901
      vertex 46.006088837981224 13.061973549425602 1.5
      vertex 46.228505961596966 13.374279916286469 1.5
    endloop
  endfacet
  facet normal 0.7171832787881972 -0.6968845992175541 0
    outer loop
      vertex 44.79258521646261 13.583300694823265 0.901
      vertex 44.955185666680336 13.750637330114841 1.5
      vertex 44.79258521646261 13.583300694823265 1.5
    endloop
  endfacet
  facet normal 0.8098828261533902 -0.5865916875491821 0
    outer loop
      vertex 44.955185666680336 13.750637330114841 0.901
      vertex 45.03483948111534 13.86061204969883 1.5
      vertex 44.955185666680336 13.750637330114841 1.5
    endloop
  endfacet
  facet normal 0.8689212757020591 -0.49495031733731243 0
    outer loop
      vertex 45.03483948111534 13.86061204969883 0.901
      vertex 45.108875051140785 13.990586876869202 1.5
      vertex 45.03483948111534 13.86061204969883 1.5
    endloop
  endfacet
  facet normal 0.9098013789797151 -0.41504391431101434 0
    outer loop
      vertex 45.108875051140785 13.990586876869202 0.901
      vertex 45.17729238420725 14.140561811625957 1.5
      vertex 45.108875051140785 13.990586876869202 1.5
    endloop
  endfacet
  facet normal 0.9380263767947729 -0.3465638706461924 0
    outer loop
      vertex 45.17729238420725 14.140561811625957 0.901
      vertex 45.24009148031473 14.310536853969097 1.5
      vertex 45.17729238420725 14.140561811625957 1.5
    endloop
  endfacet
  facet normal 0.9575646509615757 -0.2882185615619429 0
    outer loop
      vertex 45.24009148031473 14.310536853969097 0.901
      vertex 45.29727233201265 14.50051199644804 1.5
      vertex 45.24009148031473 14.310536853969097 1.5
    endloop
  endfacet
  facet normal 0 -1 0
    outer loop
      vertex 45.29727233201265 14.50051199644804 0.901
      vertex 46.63477300107479 14.50051199644804 1.5
      vertex 45.29727233201265 14.50051199644804 1.5
    endloop
  endfacet
  facet normal 0 1 0
    outer loop
      vertex 48.99439500272274 12.296672001481056 0.901
      vertex 47.6568943336606 12.296672001481056 1.5
      vertex 48.99439500272274 12.296672001481056 1.5
    endloop
  endfacet
  facet normal 1 0 0
    outer loop
      vertex 47.6568943336606 12.296672001481056 0.901
      vertex 47.6568943336606 14.716855626711622 1.5
      vertex 47.6568943336606 12.296672001481056 1.5
    endloop
  endfacet
  facet normal -0.8870971379988075 0.46158278537476327 0
    outer loop
      vertex 46.407425694167614 13.718138456344604 0.901
      vertex 46.228505961596966 13.374279916286469 1.5
      vertex 46.407425694167614 13.718138456344604 1.5
    endloop
  endfacet
  facet normal -0.9406680099188262 0.3393282999034345 0
    outer loop
      vertex 46.54284804314375 14.093549147248268 0.901
      vertex 46.407425694167614 13.718138456344604 1.5
      vertex 46.54284804314375 14.093549147248268 1.5
    endloop
  endfacet
  facet normal -0.9754254883811379 0.22032956364595893 0
    outer loop
      vertex 46.63477300107479 14.50051199644804 0.901
      vertex 46.54284804314375 14.093549147248268 1.5
      vertex 46.63477300107479 14.50051199644804 1.5
    endloop
  endfacet
  facet normal -1 0 0
    outer loop
      vertex 48.99439500272274 15.181322664022446 0.901
      vertex 48.99439500272274 12.296672001481056 1.5
      vertex 48.99439500272274 15.181322664022446 1.5
    endloop
  endfacet
  facet normal 0 1 0
    outer loop
      vertex 51.52027499675751 15.181322664022446 0.901
      vertex 48.99439500272274 15.181322664022446 1.5
      vertex 51.52027499675751 15.181322664022446 1.5
    endloop
  endfacet
  facet normal 1 0 0
    outer loop
      vertex 51.52027499675751 12.296672001481056 0.901
      vertex 51.52027499675751 15.181322664022446 1.5
      vertex 51.52027499675751 12.296672001481056 1.5
    endloop
  endfacet
  facet normal 0 1 0
    outer loop
      vertex 52.86217299848795 12.296672001481056 0.901
      vertex 51.52027499675751 12.296672001481056 1.5
      vertex 52.86217299848795 12.296672001481056 1.5
    endloop
  endfacet
  facet normal 1 0 0
    outer loop
      vertex 54.19126699864864 12.296672001481056 0.901
      vertex 54.19126699864864 18.761269330978394 1.5
      vertex 54.19126699864864 12.296672001481056 1.5
    endloop
  endfacet
  facet normal -1 0 0
    outer loop
      vertex 55.511243000626564 15.119242668151855 0.901
      vertex 55.511243000626564 13.459637336432934 1.5
      vertex 55.511243000626564 15.119242668151855 1.5
    endloop
  endfacet
  facet normal 0 -1 0
    outer loop
      vertex 55.511243000626564 13.459637336432934 0.901
      vertex 59.08957300335169 13.459637336432934 1.5
      vertex 55.511243000626564 13.459637336432934 1.5
    endloop
  endfacet
  facet normal 0 1 0
    outer loop
      vertex 59.08957300335169 12.296672001481056 0.901
      vertex 54.19126699864864 12.296672001481056 1.5
      vertex 59.08957300335169 12.296672001481056 1.5
    endloop
  endfacet
  facet normal 0 1 0
    outer loop
      vertex 58.651003666222095 15.119242668151855 0.901
      vertex 55.511243000626564 15.119242668151855 1.5
      vertex 58.651003666222095 15.119242668151855 1.5
    endloop
  endfacet
  facet normal 0 0 1
    outer loop
      vertex 38.66201967000961 14.248311996459961 0.901
      vertex 39.92056233435869 18.761269330978394 0.901
      vertex 38.66201967000961 18.761269330978394 0.901
    endloop
  endfacet
  facet normal 0 0 1
    outer loop
      vertex 40.89890433102846 15.475879333913326 0.901
      vertex 42.297261506319046 15.868380136787891 0.901
      vertex 40.93521337211132 16.121547549962997 0.901
    endloop
  endfacet
  facet normal 0 0 1
    outer loop
      vertex 40.89890433102846 15.475879333913326 0.901
      vertex 42.28024899959564 15.45363400131464 0.901
      vertex 42.297261506319046 15.868380136787891 0.901
    endloop
  endfacet
  facet normal 0 0 1
    outer loop
      vertex 40.93521337211132 16.121547549962997 0.901
      vertex 42.34829902648926 16.243705466389656 0.901
      vertex 41.0441404953599 16.705156452953815 0.901
    endloop
  endfacet
  facet normal 0 0 1
    outer loop
      vertex 42.297261506319046 15.868380136787891 0.901
      vertex 42.34829902648926 16.243705466389656 0.901
      vertex 40.93521337211132 16.121547549962997 0.901
    endloop
  endfacet
  facet normal 0 0 1
    outer loop
      vertex 41.0441404953599 16.705156452953815 0.901
      vertex 42.43336156010628 16.579609997570515 0.901
      vertex 41.22568569332361 17.22670605033636 0.901
    endloop
  endfacet
  facet normal 0 0 1
    outer loop
      vertex 41.0441404953599 16.705156452953815 0.901
      vertex 42.34829902648926 16.243705466389656 0.901
      vertex 42.43336156010628 16.579609997570515 0.901
    endloop
  endfacet
  facet normal 0 0 1
    outer loop
      vertex 41.22568569332361 17.22670605033636 0.901
      vertex 42.552449107170105 16.876093730330467 0.901
      vertex 41.479848973453045 17.686196349561214 0.901
    endloop
  endfacet
  facet normal 0 0 1
    outer loop
      vertex 41.22568569332361 17.22670605033636 0.901
      vertex 42.43336156010628 16.579609997570515 0.901
      vertex 42.552449107170105 16.876093730330467 0.901
    endloop
  endfacet
  facet normal 0 0 1
    outer loop
      vertex 42.552449107170105 16.876093730330467 0.901
      vertex 42.70556166768074 17.133156664669514 0.901
      vertex 41.479848973453045 17.686196349561214 0.901
    endloop
  endfacet
  facet normal 0 0 1
    outer loop
      vertex 42.70556166768074 17.133156664669514 0.901
      vertex 41.806630335748196 18.083627335727215 0.901
      vertex 41.479848973453045 17.686196349561214 0.901
    endloop
  endfacet
  facet normal 0 0 1
    outer loop
      vertex 42.70556166768074 17.133156664669514 0.901
      vertex 42.88816740363836 17.346797227859497 0.901
      vertex 41.806630335748196 18.083627335727215 0.901
    endloop
  endfacet
  facet normal 0 0 1
    outer loop
      vertex 41.806630335748196 18.083627335727215 0.901
      vertex 42.88816740363836 17.346797227859497 0.901
      vertex 42.13954985141754 18.370786130428314 0.901
    endloop
  endfacet
  facet normal 0 0 1
    outer loop
      vertex 42.13954985141754 18.370786130428314 0.901
      vertex 43.095682732760906 17.512962110340595 0.901
      vertex 42.506851345300674 18.594131864607334 0.901
    endloop
  endfacet
  facet normal 0 0 1
    outer loop
      vertex 42.13954985141754 18.370786130428314 0.901
      vertex 42.88816740363836 17.346797227859497 0.901
      vertex 43.095682732760906 17.512962110340595 0.901
    endloop
  endfacet
  facet normal 0 0 1
    outer loop
      vertex 43.095682732760906 17.512962110340595 0.901
      vertex 43.32810766994953 17.631651304662228 0.901
      vertex 42.506851345300674 18.594131864607334 0.901
    endloop
  endfacet
  facet normal 0 0 1
    outer loop
      vertex 43.32810766994953 17.631651304662228 0.901
      vertex 42.908534809947014 18.753664530813694 0.901
      vertex 42.506851345300674 18.594131864607334 0.901
    endloop
  endfacet
  facet normal 0 0 1
    outer loop
      vertex 43.32810766994953 17.631651304662228 0.901
      vertex 43.58544220030308 17.702864825725555 0.901
      vertex 43.34460025280714 18.849384136497974 0.901
    endloop
  endfacet
  facet normal 0 0 1
    outer loop
      vertex 43.58544220030308 17.702864825725555 0.901
      vertex 43.867686331272125 17.726602666079998 0.901
      vertex 43.81504766643047 18.881290666759014 0.901
    endloop
  endfacet
  facet normal 0 0 1
    outer loop
      vertex 43.32810766994953 17.631651304662228 0.901
      vertex 43.34460025280714 18.849384136497974 0.901
      vertex 42.908534809947014 18.753664530813694 0.901
    endloop
  endfacet
  facet normal 0 0 1
    outer loop
      vertex 43.58544220030308 17.702864825725555 0.901
      vertex 43.81504766643047 18.881290666759014 0.901
      vertex 43.34460025280714 18.849384136497974 0.901
    endloop
  endfacet
  facet normal 0 0 1
    outer loop
      vertex 45.29727233201265 16.603989332914352 0.901
      vertex 46.56158843636513 17.087426990270615 0.901
      vertex 45.241653829813 16.780798345804214 0.901
    endloop
  endfacet
  facet normal 0 0 1
    outer loop
      vertex 45.1800756379962 16.939366184175014 0.901
      vertex 45.241653829813 16.780798345804214 0.901
      vertex 46.4721285700798 17.328633651137352 0.901
    endloop
  endfacet
  facet normal 0 0 1
    outer loop
      vertex 45.1800756379962 16.939366184175014 0.901
      vertex 46.35179942846298 17.569498881697655 0.901
      vertex 45.112537771463394 17.079692855477333 0.901
    endloop
  endfacet
  facet normal 0 0 1
    outer loop
      vertex 45.112537771463394 17.079692855477333 0.901
      vertex 46.2006009966135 17.81002266705036 0.901
      vertex 45.039040230214596 17.20177834481001 0.901
    endloop
  endfacet
  facet normal 0 0 1
    outer loop
      vertex 45.29727233201265 16.603989332914352 0.901
      vertex 46.647900335490704 16.603989332914352 0.901
      vertex 46.620179027318954 16.8458788767457 0.901
    endloop
  endfacet
  facet normal 0 0 1
    outer loop
      vertex 45.29727233201265 16.603989332914352 0.901
      vertex 46.620179027318954 16.8458788767457 0.901
      vertex 46.56158843636513 17.087426990270615 0.901
    endloop
  endfacet
  facet normal 0 0 1
    outer loop
      vertex 45.1800756379962 16.939366184175014 0.901
      vertex 46.4721285700798 17.328633651137352 0.901
      vertex 46.35179942846298 17.569498881697655 0.901
    endloop
  endfacet
  facet normal 0 0 1
    outer loop
      vertex 45.241653829813 16.780798345804214 0.901
      vertex 46.56158843636513 17.087426990270615 0.901
      vertex 46.4721285700798 17.328633651137352 0.901
    endloop
  endfacet
  facet normal 0 0 1
    outer loop
      vertex 43.867686331272125 17.726602666079998 0.901
      vertex 44.1428999081254 17.70976346731186 0.901
      vertex 43.81504766643047 18.881290666759014 0.901
    endloop
  endfacet
  facet normal 0 0 1
    outer loop
      vertex 44.1428999081254 17.70976346731186 0.901
      vertex 44.3896963596344 17.659245863556862 0.901
      vertex 44.432479828596115 18.83843994885683 0.901
    endloop
  endfacet
  facet normal 0 0 1
    outer loop
      vertex 44.79803790897131 17.457175463438034 0.901
      vertex 45.45686190575361 18.49563418328762 0.901
      vertex 44.6080756932497 17.575049869716167 0.901
    endloop
  endfacet
  facet normal 0 0 1
    outer loop
      vertex 44.3896963596344 17.659245863556862 0.901
      vertex 44.6080756932497 17.575049869716167 0.901
      vertex 44.979751236736774 18.7098877876997 0.901
    endloop
  endfacet
  facet normal 0 0 1
    outer loop
      vertex 44.3896963596344 17.659245863556862 0.901
      vertex 44.979751236736774 18.7098877876997 0.901
      vertex 44.432479828596115 18.83843994885683 0.901
    endloop
  endfacet
  facet normal 0 0 1
    outer loop
      vertex 44.6080756932497 17.575049869716167 0.901
      vertex 45.45686190575361 18.49563418328762 0.901
      vertex 44.979751236736774 18.7098877876997 0.901
    endloop
  endfacet
  facet normal 0 0 1
    outer loop
      vertex 43.81504766643047 18.881290666759014 0.901
      vertex 44.1428999081254 17.70976346731186 0.901
      vertex 44.432479828596115 18.83843994885683 0.901
    endloop
  endfacet
  facet normal 0 0 1
    outer loop
      vertex 44.79803790897131 17.457175463438034 0.901
      vertex 44.95958299934864 17.305622667074203 0.901
      vertex 45.86381182819605 18.195679143071175 0.901
    endloop
  endfacet
  facet normal 0 0 1
    outer loop
      vertex 45.039040230214596 17.20177834481001 0.901
      vertex 45.86381182819605 18.195679143071175 0.901
      vertex 44.95958299934864 17.305622667074203 0.901
    endloop
  endfacet
  facet normal 0 0 1
    outer loop
      vertex 45.039040230214596 17.20177834481001 0.901
      vertex 46.2006009966135 17.81002266705036 0.901
      vertex 45.86381182819605 18.195679143071175 0.901
    endloop
  endfacet
  facet normal 0 0 1
    outer loop
      vertex 44.79803790897131 17.457175463438034 0.901
      vertex 45.86381182819605 18.195679143071175 0.901
      vertex 45.45686190575361 18.49563418328762 0.901
    endloop
  endfacet
  facet normal 0 0 1
    outer loop
      vertex 45.112537771463394 17.079692855477333 0.901
      vertex 46.35179942846298 17.569498881697655 0.901
      vertex 46.2006009966135 17.81002266705036 0.901
    endloop
  endfacet
  facet normal 0 0 1
    outer loop
      vertex 47.6568943336606 12.296672001481056 0.901
      vertex 48.99439500272274 16.294624000787735 0.901
      vertex 47.6568943336606 18.761269330978394 0.901
    endloop
  endfacet
  facet normal 0 0 1
    outer loop
      vertex 48.99439500272274 16.294624000787735 0.901
      vertex 48.99439500272274 18.761269330978394 0.901
      vertex 47.6568943336606 18.761269330978394 0.901
    endloop
  endfacet
  facet normal -1 0 0
    outer loop
      vertex 39.92056233435869 12.296672001481056 0.901
      vertex 39.92056233435869 18.761269330978394 1.5
      vertex 39.92056233435869 18.761269330978394 0.901
    endloop
  endfacet
  facet normal 0.9984225623891263 -0.05614612108001199 0
    outer loop
      vertex 40.89890433102846 15.475879333913326 0.901
      vertex 40.93521337211132 16.121547549962997 0.901
      vertex 40.93521337211132 16.121547549962997 1.5
    endloop
  endfacet
  facet normal 0.9830242607308938 -0.1834756191282095 0
    outer loop
      vertex 40.93521337211132 16.121547549962997 0.901
      vertex 41.0441404953599 16.705156452953815 0.901
      vertex 41.0441404953599 16.705156452953815 1.5
    endloop
  endfacet
  facet normal 0.9444199962336518 -0.3287413431773209 0
    outer loop
      vertex 41.0441404953599 16.705156452953815 0.901
      vertex 41.22568569332361 17.22670605033636 0.901
      vertex 41.22568569332361 17.22670605033636 1.5
    endloop
  endfacet
  facet normal 0 -1 0
    outer loop
      vertex 38.66201967000961 18.761269330978394 0.901
      vertex 39.92056233435869 18.761269330978394 0.901
      vertex 39.92056233435869 18.761269330978394 1.5
    endloop
  endfacet
  facet normal 0.8750524678805601 -0.48402807610317533 0
    outer loop
      vertex 41.22568569332361 17.22670605033636 0.901
      vertex 41.479848973453045 17.686196349561214 0.901
      vertex 41.479848973453045 17.686196349561214 1.5
    endloop
  endfacet
  facet normal -0.9991597775070481 0.04098461921338316 0
    outer loop
      vertex 42.28024899959564 15.45363400131464 0.901
      vertex 42.28024899959564 15.45363400131464 1.5
      vertex 42.297261506319046 15.868380136787891 0.901
    endloop
  endfacet
  facet normal -0.990880712857099 0.134742023466354 0
    outer loop
      vertex 42.297261506319046 15.868380136787891 0.901
      vertex 42.297261506319046 15.868380136787891 1.5
      vertex 42.34829902648926 16.243705466389656 0.901
    endloop
  endfacet
  facet normal -0.9694002976497745 0.24548536191905274 0
    outer loop
      vertex 42.34829902648926 16.243705466389656 0.901
      vertex 42.34829902648926 16.243705466389656 1.5
      vertex 42.43336156010628 16.579609997570515 0.901
    endloop
  endfacet
  facet normal -0.9279425260481572 0.37272331339931625 0
    outer loop
      vertex 42.43336156010628 16.579609997570515 0.901
      vertex 42.43336156010628 16.579609997570515 1.5
      vertex 42.552449107170105 16.876093730330467 0.901
    endloop
  endfacet
  facet normal -0.8591475590543107 0.511727927487859 0
    outer loop
      vertex 42.552449107170105 16.876093730330467 0.901
      vertex 42.552449107170105 16.876093730330467 1.5
      vertex 42.70556166768074 17.133156664669514 0.901
    endloop
  endfacet
  facet normal -0.7601608624377842 0.649734917653226 0
    outer loop
      vertex 42.70556166768074 17.133156664669514 0.901
      vertex 42.70556166768074 17.133156664669514 1.5
      vertex 42.88816740363836 17.346797227859497 0.901
    endloop
  endfacet
  facet normal -0.6250450406382865 0.7805886862961074 0
    outer loop
      vertex 42.88816740363836 17.346797227859497 0.901
      vertex 42.88816740363836 17.346797227859497 1.5
      vertex 43.095682732760906 17.512962110340595 0.901
    endloop
  endfacet
  facet normal 0.7724209345493388 -0.6351109350892377 0
    outer loop
      vertex 41.479848973453045 17.686196349561214 0.901
      vertex 41.806630335748196 18.083627335727215 0.901
      vertex 41.806630335748196 18.083627335727215 1.5
    endloop
  endfacet
  facet normal 0.6531473410287564 -0.7572308438693351 0
    outer loop
      vertex 41.806630335748196 18.083627335727215 0.901
      vertex 42.13954985141754 18.370786130428314 0.901
      vertex 42.13954985141754 18.370786130428314 1.5
    endloop
  endfacet
  facet normal 0.5195580477982695 -0.8544351555080414 0
    outer loop
      vertex 42.13954985141754 18.370786130428314 0.901
      vertex 42.506851345300674 18.594131864607334 0.901
      vertex 42.506851345300674 18.594131864607334 1.5
    endloop
  endfacet
  facet normal -0.45478967835301953 0.8905988706839668 0
    outer loop
      vertex 43.095682732760906 17.512962110340595 0.901
      vertex 43.095682732760906 17.512962110340595 1.5
      vertex 43.32810766994953 17.631651304662228 0.901
    endloop
  endfacet
  facet normal -0.26671089846995116 0.9637765802494638 0
    outer loop
      vertex 43.32810766994953 17.631651304662228 0.901
      vertex 43.32810766994953 17.631651304662228 1.5
      vertex 43.58544220030308 17.702864825725555 0.901
    endloop
  endfacet
  facet normal -0.0838080444397611 0.9964819173909696 0
    outer loop
      vertex 43.58544220030308 17.702864825725555 0.901
      vertex 43.58544220030308 17.702864825725555 1.5
      vertex 43.867686331272125 17.726602666079998 0.901
    endloop
  endfacet
  facet normal 0.3691142952336215 -0.9293840094676619 0
    outer loop
      vertex 42.506851345300674 18.594131864607334 0.901
      vertex 42.908534809947014 18.753664530813694 0.901
      vertex 42.908534809947014 18.753664530813694 1.5
    endloop
  endfacet
  facet normal 0.21440285664959302 -0.9767453173988059 0
    outer loop
      vertex 42.908534809947014 18.753664530813694 0.901
      vertex 43.34460025280714 18.849384136497974 0.901
      vertex 43.34460025280714 18.849384136497974 1.5
    endloop
  endfacet
  facet normal 0.06766622587211431 -0.9977080143389768 0
    outer loop
      vertex 43.34460025280714 18.849384136497974 0.901
      vertex 43.81504766643047 18.881290666759014 0.901
      vertex 43.81504766643047 18.881290666759014 1.5
    endloop
  endfacet
  facet normal 0.8567296171932672 0.515765802495549 0
    outer loop
      vertex 45.112537771463394 17.079692855477333 0.901
      vertex 45.039040230214596 17.20177834481001 0.901
      vertex 45.039040230214596 17.20177834481001 1.5
    endloop
  endfacet
  facet normal 0.6841916332883161 0.7293022754237549 0
    outer loop
      vertex 44.79803790897131 17.457175463438034 0.901
      vertex 44.79803790897131 17.457175463438034 1.5
      vertex 44.95958299934864 17.305622667074203 0.901
    endloop
  endfacet
  facet normal 0.794184846717304 0.6076762536454855 0
    outer loop
      vertex 45.039040230214596 17.20177834481001 0.901
      vertex 44.95958299934864 17.305622667074203 0.901
      vertex 44.95958299934864 17.305622667074203 1.5
    endloop
  endfacet
  facet normal 0.932177490137621 0.3620015564617446 0
    outer loop
      vertex 45.1800756379962 16.939366184175014 0.901
      vertex 45.1800756379962 16.939366184175014 1.5
      vertex 45.241653829813 16.780798345804214 0.901
    endloop
  endfacet
  facet normal 0.9539165944573436 0.3000718760878865 0
    outer loop
      vertex 45.29727233201265 16.603989332914352 0.901
      vertex 45.241653829813 16.780798345804214 0.901
      vertex 45.241653829813 16.780798345804214 1.5
    endloop
  endfacet
  facet normal 0.9010689909254268 0.43367577012398684 0
    outer loop
      vertex 45.1800756379962 16.939366184175014 0.901
      vertex 45.112537771463394 17.079692855477333 0.901
      vertex 45.112537771463394 17.079692855477333 1.5
    endloop
  endfacet
  facet normal 0 1 0
    outer loop
      vertex 45.29727233201265 16.603989332914352 0.901
      vertex 45.29727233201265 16.603989332914352 1.5
      vertex 46.647900335490704 16.603989332914352 0.901
    endloop
  endfacet
  facet normal 0.06107171957807396 0.9981333803995222 0
    outer loop
      vertex 43.867686331272125 17.726602666079998 0.901
      vertex 43.867686331272125 17.726602666079998 1.5
      vertex 44.1428999081254 17.70976346731186 0.901
    endloop
  endfacet
  facet normal 0.35973804057964825 0.9330533436840123 0
    outer loop
      vertex 44.3896963596344 17.659245863556862 0.901
      vertex 44.3896963596344 17.659245863556862 1.5
      vertex 44.6080756932497 17.575049869716167 0.901
    endloop
  endfacet
  facet normal 0.20053534982960758 0.9796864669212884 0
    outer loop
      vertex 44.1428999081254 17.70976346731186 0.901
      vertex 44.1428999081254 17.70976346731186 1.5
      vertex 44.3896963596344 17.659245863556862 0.901
    endloop
  endfacet
  facet normal 0.5272557316835099 0.8497066513843978 0
    outer loop
      vertex 44.79803790897131 17.457175463438034 0.901
      vertex 44.6080756932497 17.575049869716167 0.901
      vertex 44.6080756932497 17.575049869716167 1.5
    endloop
  endfacet
  facet normal -0.06923496235031477 -0.9976003809082826 0
    outer loop
      vertex 43.81504766643047 18.881290666759014 0.901
      vertex 44.432479828596115 18.83843994885683 0.901
      vertex 44.432479828596115 18.83843994885683 1.5
    endloop
  endfacet
  facet normal -0.22867257977890332 -0.9735033904703472 0
    outer loop
      vertex 44.432479828596115 18.83843994885683 0.901
      vertex 44.979751236736774 18.7098877876997 0.901
      vertex 44.979751236736774 18.7098877876997 1.5
    endloop
  endfacet
  facet normal -0.8466174345392427 -0.5322019537113625 0
    outer loop
      vertex 46.2006009966135 17.81002266705036 0.901
      vertex 46.35179942846298 17.569498881697655 0.901
      vertex 46.35179942846298 17.569498881697655 1.5
    endloop
  endfacet
  facet normal -0.5933236445605379 -0.8049640071490157 0
    outer loop
      vertex 45.45686190575361 18.49563418328762 0.901
      vertex 45.86381182819605 18.195679143071175 0.901
      vertex 45.86381182819605 18.195679143071175 1.5
    endloop
  endfacet
  facet normal -0.7532153910030923 -0.6577739541484285 0
    outer loop
      vertex 46.2006009966135 17.81002266705036 0.901
      vertex 46.2006009966135 17.81002266705036 1.5
      vertex 45.86381182819605 18.195679143071175 0.901
    endloop
  endfacet
  facet normal -0.40965508739288214 -0.9122404887819494 0
    outer loop
      vertex 45.45686190575361 18.49563418328762 0.901
      vertex 45.45686190575361 18.49563418328762 1.5
      vertex 44.979751236736774 18.7098877876997 0.901
    endloop
  endfacet
  facet normal -0.9718192622959024 -0.23572721826434875 0
    outer loop
      vertex 46.620179027318954 16.8458788767457 0.901
      vertex 46.620179027318954 16.8458788767457 1.5
      vertex 46.56158843636513 17.087426990270615 0.901
    endloop
  endfacet
  facet normal -0.9934970440346625 -0.11385790923070656 0
    outer loop
      vertex 46.647900335490704 16.603989332914352 0.901
      vertex 46.647900335490704 16.603989332914352 1.5
      vertex 46.620179027318954 16.8458788767457 0.901
    endloop
  endfacet
  facet normal -0.9375915973430592 -0.34773840252651245 0
    outer loop
      vertex 46.56158843636513 17.087426990270615 0.901
      vertex 46.56158843636513 17.087426990270615 1.5
      vertex 46.4721285700798 17.328633651137352 0.901
    endloop
  endfacet
  facet normal -0.8945808599055252 -0.44690612559092474 0
    outer loop
      vertex 46.35179942846298 17.569498881697655 0.901
      vertex 46.4721285700798 17.328633651137352 0.901
      vertex 46.4721285700798 17.328633651137352 1.5
    endloop
  endfacet
  facet normal 0 -1 0
    outer loop
      vertex 47.6568943336606 18.761269330978394 0.901
      vertex 48.99439500272274 18.761269330978394 0.901
      vertex 48.99439500272274 18.761269330978394 1.5
    endloop
  endfacet
  facet normal 0 0 1
    outer loop
      vertex 40.063999995589256 25.643109545111656 0.901
      vertex 42.149999998509884 25.16489988565445 0.901
      vertex 49.19200000166893 32.51943463087082 0.901
    endloop
  endfacet
  facet normal 0 0 1
    outer loop
      vertex 39.50400000065565 25.989399299025536 0.901
      vertex 39.573999993503094 25.939929328858852 0.901
      vertex 47.652000002563 36.229681983590126 0.901
    endloop
  endfacet
  facet normal 0 0 1
    outer loop
      vertex 39.461999997496605 26.038869261741638 0.901
      vertex 39.50400000065565 25.989399299025536 0.901
      vertex 47.652000002563 36.229681983590126 0.901
    endloop
  endfacet
  facet normal 0 0 1
    outer loop
      vertex 39.7419999986887 25.808009423315525 0.901
      vertex 47.652000002563 36.229681983590126 0.901
      vertex 39.573999993503094 25.939929328858852 0.901
    endloop
  endfacet
  facet normal 0 0 1
    outer loop
      vertex 39.7419999986887 25.808009423315525 0.901
      vertex 39.84000000357628 25.758539460599422 0.901
      vertex 47.652000002563 36.229681983590126 0.901
    endloop
  endfacet
  facet normal 0 0 1
    outer loop
      vertex 39.84000000357628 25.758539460599422 0.901
      vertex 39.92399999499321 25.69257950782776 0.901
      vertex 47.652000002563 36.229681983590126 0.901
    endloop
  endfacet
  facet normal 0 0 1
    outer loop
      vertex 40.0080000013113 25.659599527716637 0.901
      vertex 40.063999995589256 25.643109545111656 0.901
      vertex 47.652000002563 36.229681983590126 0.901
    endloop
  endfacet
  facet normal 0 0 1
    outer loop
      vertex 40.0080000013113 25.659599527716637 0.901
      vertex 47.652000002563 36.229681983590126 0.901
      vertex 39.92399999499321 25.69257950782776 0.901
    endloop
  endfacet
  facet normal 0 0 1
    outer loop
      vertex 39.461999997496605 26.038869261741638 0.901
      vertex 47.652000002563 36.229681983590126 0.901
      vertex 39.08400000631809 26.896348640322685 0.901
    endloop
  endfacet
  facet normal 0 0 1
    outer loop
      vertex 38.77600000798702 27.53945818543434 0.901
      vertex 47.652000002563 36.229681983590126 0.901
      vertex 38.77600000798702 27.67137809842825 0.901
    endloop
  endfacet
  facet normal 0 0 1
    outer loop
      vertex 38.91599999368191 27.16018845885992 0.901
      vertex 39.08400000631809 26.896348640322685 0.901
      vertex 47.652000002563 36.229681983590126 0.901
    endloop
  endfacet
  facet normal 0 0 1
    outer loop
      vertex 38.85999999940395 27.275618381798267 0.901
      vertex 38.91599999368191 27.16018845885992 0.901
      vertex 47.652000002563 36.229681983590126 0.901
    endloop
  endfacet
  facet normal 0 0 1
    outer loop
      vertex 38.85999999940395 27.275618381798267 0.901
      vertex 47.652000002563 36.229681983590126 0.901
      vertex 38.80399999767542 27.407538279891014 0.901
    endloop
  endfacet
  facet normal 0 0 1
    outer loop
      vertex 38.80399999767542 27.407538279891014 0.901
      vertex 47.652000002563 36.229681983590126 0.901
      vertex 38.77600000798702 27.53945818543434 0.901
    endloop
  endfacet
  facet normal 0 0 1
    outer loop
      vertex 38.77600000798702 27.67137809842825 0.901
      vertex 47.652000002563 36.229681983590126 0.901
      vertex 38.78999999910593 27.836277969181538 0.901
    endloop
  endfacet
  facet normal 0 0 1
    outer loop
      vertex 38.78999999910593 27.836277969181538 0.901
      vertex 47.652000002563 36.229681983590126 0.901
      vertex 38.83200000226498 28.001177854835987 0.901
    endloop
  endfacet
  facet normal 0 0 1
    outer loop
      vertex 38.83200000226498 28.001177854835987 0.901
      vertex 47.652000002563 36.229681983590126 0.901
      vertex 38.926765605807304 28.181010499596596 0.901
    endloop
  endfacet
  facet normal 0 0 1
    outer loop
      vertex 38.80399999767542 28.314487643539906 0.901
      vertex 38.926765605807304 28.181010499596596 0.901
      vertex 47.652000002563 36.229681983590126 0.901
    endloop
  endfacet
  facet normal 0 0 1
    outer loop
      vertex 48.68800000101328 26.170789167284966 0.901
      vertex 48.78600000590086 26.005889281630516 0.901
      vertex 48.68800000101328 26.566548883914948 0.901
    endloop
  endfacet
  facet normal 0 0 1
    outer loop
      vertex 48.68800000101328 26.170789167284966 0.901
      vertex 48.68800000101328 26.566548883914948 0.901
      vertex 48.64599999785423 26.352179035544395 0.901
    endloop
  endfacet
  facet normal 0 0 1
    outer loop
      vertex 42.149999998509884 25.16489988565445 0.901
      vertex 42.30399999767542 25.115429915487766 0.901
      vertex 49.19200000166893 32.51943463087082 0.901
    endloop
  endfacet
  facet normal 0 0 1
    outer loop
      vertex 42.30399999767542 25.115429915487766 0.901
      vertex 42.443999998271465 25.065959952771664 0.901
      vertex 49.19200000166893 32.51943463087082 0.901
    endloop
  endfacet
  facet normal 0 0 1
    outer loop
      vertex 42.443999998271465 25.065959952771664 0.901
      vertex 42.597999997437 25.049469970166683 0.901
      vertex 49.19200000166893 32.51943463087082 0.901
    endloop
  endfacet
  facet normal 0 0 1
    outer loop
      vertex 42.597999997437 25.049469970166683 0.901
      vertex 42.751999996602535 25.01648999750614 0.901
      vertex 49.19200000166893 32.51943463087082 0.901
    endloop
  endfacet
  facet normal 0 0 1
    outer loop
      vertex 42.751999996602535 25.01648999750614 0.901
      vertex 42.90599999576807 25 0.901
      vertex 49.19200000166893 32.51943463087082 0.901
    endloop
  endfacet
  facet normal 0 0 1
    outer loop
      vertex 42.90599999576807 25 0.901
      vertex 43.21399999409914 25 0.901
      vertex 49.19200000166893 32.51943463087082 0.901
    endloop
  endfacet
  facet normal 0 0 1
    outer loop
      vertex 43.21399999409914 25 0.901
      vertex 43.367999993264675 25.01648999750614 0.901
      vertex 49.19200000166893 32.51943463087082 0.901
    endloop
  endfacet
  facet normal 0 0 1
    outer loop
      vertex 43.367999993264675 25.01648999750614 0.901
      vertex 46.042000003159046 25.280329801142216 0.901
      vertex 49.19200000166893 32.51943463087082 0.901
    endloop
  endfacet
  facet normal 0 0 1
    outer loop
      vertex 40.063999995589256 25.643109545111656 0.901
      vertex 49.19200000166893 32.51943463087082 0.901
      vertex 49.16399999707937 32.73380447924137 0.901
    endloop
  endfacet
  facet normal 0 0 1
    outer loop
      vertex 40.063999995589256 25.643109545111656 0.901
      vertex 49.16399999707937 32.73380447924137 0.901
      vertex 49.121999993920326 32.93168433755636 0.901
    endloop
  endfacet
  facet normal 0 0 1
    outer loop
      vertex 40.063999995589256 25.643109545111656 0.901
      vertex 48.9539999961853 33.525323912501335 0.901
      vertex 48.88400000333786 33.706713780760765 0.901
    endloop
  endfacet
  facet normal 0 0 1
    outer loop
      vertex 40.063999995589256 25.643109545111656 0.901
      vertex 49.121999993920326 32.93168433755636 0.901
      vertex 48.9539999961853 33.525323912501335 0.901
    endloop
  endfacet
  facet normal 0 0 1
    outer loop
      vertex 46.042000003159046 25.280329801142216 0.901
      vertex 46.19600000232458 25.296819783747196 0.901
      vertex 49.19200000166893 32.51943463087082 0.901
    endloop
  endfacet
  facet normal 0 0 1
    outer loop
      vertex 46.19600000232458 25.296819783747196 0.901
      vertex 46.476000003516674 25.36277973651886 0.901
      vertex 49.19200000166893 32.51943463087082 0.901
    endloop
  endfacet
  facet normal 0 0 1
    outer loop
      vertex 46.476000003516674 25.36277973651886 0.901
      vertex 46.61599999666214 25.428739704191685 0.901
      vertex 49.19200000166893 32.51943463087082 0.901
    endloop
  endfacet
  facet normal 0 0 1
    outer loop
      vertex 46.61599999666214 25.428739704191685 0.901
      vertex 46.7419999986887 25.49469965696335 0.901
      vertex 49.19200000166893 32.51943463087082 0.901
    endloop
  endfacet
  facet normal 0 0 1
    outer loop
      vertex 46.7419999986887 25.49469965696335 0.901
      vertex 46.882000006735325 25.56065960228443 0.901
      vertex 49.19200000166893 32.51943463087082 0.901
    endloop
  endfacet
  facet normal 0 0 1
    outer loop
      vertex 46.882000006735325 25.56065960228443 0.901
      vertex 47.0080000013113 25.659599527716637 0.901
      vertex 49.19200000166893 32.51943463087082 0.901
    endloop
  endfacet
  facet normal 0 0 1
    outer loop
      vertex 47.0080000013113 25.659599527716637 0.901
      vertex 47.11999999731779 25.742049477994442 0.901
      vertex 49.19200000166893 32.51943463087082 0.901
    endloop
  endfacet
  facet normal 0 0 1
    outer loop
      vertex 47.11999999731779 25.742049477994442 0.901
      vertex 48.79329117387533 26.78358017653227 0.901
      vertex 49.551130428910255 29.992881663143635 0.901
    endloop
  endfacet
  facet normal 0 0 1
    outer loop
      vertex 47.11999999731779 25.742049477994442 0.901
      vertex 49.551130428910255 29.992881663143635 0.901
      vertex 49.52800000458956 30.21083628386259 0.901
    endloop
  endfacet
  facet normal 0 0 1
    outer loop
      vertex 47.11999999731779 25.742049477994442 0.901
      vertex 49.52800000458956 30.21083628386259 0.901
      vertex 49.19200000166893 32.51943463087082 0.901
    endloop
  endfacet
  facet normal 0.5771363696247287 0.8166477887415042 0
    outer loop
      vertex 39.50400000065565 25.989399299025536 0.901
      vertex 39.50400000065565 25.989399299025536 1.5
      vertex 39.573999993503094 25.939929328858852 0.901
    endloop
  endfacet
  facet normal 0.7623153314844406 0.647205790598143 0
    outer loop
      vertex 39.461999997496605 26.038869261741638 0.901
      vertex 39.461999997496605 26.038869261741638 1.5
      vertex 39.50400000065565 25.989399299025536 0.901
    endloop
  endfacet
  facet normal 0.282472109264986 0.9592755117730202 0
    outer loop
      vertex 40.0080000013113 25.659599527716637 0.901
      vertex 40.0080000013113 25.659599527716637 1.5
      vertex 40.063999995589256 25.643109545111656 0.901
    endloop
  endfacet
  facet normal 0.6175896729638712 0.7865004741564868 0
    outer loop
      vertex 39.7419999986887 25.808009423315525 0.901
      vertex 39.573999993503094 25.939929328858852 0.901
      vertex 39.573999993503094 25.939929328858852 1.5
    endloop
  endfacet
  facet normal 0.45063511205125467 0.8927082366521288 0
    outer loop
      vertex 39.7419999986887 25.808009423315525 0.901
      vertex 39.7419999986887 25.808009423315525 1.5
      vertex 39.84000000357628 25.758539460599422 0.901
    endloop
  endfacet
  facet normal 0.6175897237915299 0.7865004342447003 0
    outer loop
      vertex 39.84000000357628 25.758539460599422 0.901
      vertex 39.84000000357628 25.758539460599422 1.5
      vertex 39.92399999499321 25.69257950782776 0.901
    endloop
  endfacet
  facet normal 0.36546015610674487 0.9308269840837413 0
    outer loop
      vertex 40.0080000013113 25.659599527716637 0.901
      vertex 39.92399999499321 25.69257950782776 0.901
      vertex 39.92399999499321 25.69257950782776 1.5
    endloop
  endfacet
  facet normal 0.915035883614069 0.403372447867501 0
    outer loop
      vertex 39.461999997496605 26.038869261741638 0.901
      vertex 39.08400000631809 26.896348640322685 0.901
      vertex 39.08400000631809 26.896348640322685 1.5
    endloop
  endfacet
  facet normal 0.22345073579773092 0.9747152243970814 0
    outer loop
      vertex 40.063999995589256 25.643109545111656 0.901
      vertex 40.063999995589256 25.643109545111656 1.5
      vertex 42.149999998509884 25.16489988565445 0.901
    endloop
  endfacet
  facet normal 0.30584090709491474 0.9520826327306677 0
    outer loop
      vertex 42.149999998509884 25.16489988565445 0.901
      vertex 42.149999998509884 25.16489988565445 1.5
      vertex 42.30399999767542 25.115429915487766 0.901
    endloop
  endfacet
  facet normal 0.3331686277302114 0.9428672576223907 0
    outer loop
      vertex 42.30399999767542 25.115429915487766 0.901
      vertex 42.30399999767542 25.115429915487766 1.5
      vertex 42.443999998271465 25.065959952771664 0.901
    endloop
  endfacet
  facet normal 0.10646917975117577 0.9943160029704399 0
    outer loop
      vertex 42.443999998271465 25.065959952771664 0.901
      vertex 42.443999998271465 25.065959952771664 1.5
      vertex 42.597999997437 25.049469970166683 0.901
    endloop
  endfacet
  facet normal 0.2094075067171645 0.9778284594602985 0
    outer loop
      vertex 42.597999997437 25.049469970166683 0.901
      vertex 42.597999997437 25.049469970166683 1.5
      vertex 42.751999996602535 25.01648999750614 0.901
    endloop
  endfacet
  facet normal 0.10646927487135835 0.9943159927851745 0
    outer loop
      vertex 42.751999996602535 25.01648999750614 0.901
      vertex 42.751999996602535 25.01648999750614 1.5
      vertex 42.90599999576807 25 0.901
    endloop
  endfacet
  facet normal 0 1 0
    outer loop
      vertex 42.90599999576807 25 0.901
      vertex 42.90599999576807 25 1.5
      vertex 43.21399999409914 25 0.901
    endloop
  endfacet
  facet normal -0.10646927487135835 0.9943159927851745 0
    outer loop
      vertex 43.21399999409914 25 0.901
      vertex 43.21399999409914 25 1.5
      vertex 43.367999993264675 25.01648999750614 0.901
    endloop
  endfacet
  facet normal -0.09819177256116368 0.9951675114277478 0
    outer loop
      vertex 43.367999993264675 25.01648999750614 0.901
      vertex 43.367999993264675 25.01648999750614 1.5
      vertex 46.042000003159046 25.280329801142216 0.901
    endloop
  endfacet
  facet normal -0.10646917975117577 0.9943160029704399 0
    outer loop
      vertex 46.042000003159046 25.280329801142216 0.901
      vertex 46.042000003159046 25.280329801142216 1.5
      vertex 46.19600000232458 25.296819783747196 0.901
    endloop
  endfacet
  facet normal -0.22929493199514306 0.9733569921469423 0
    outer loop
      vertex 46.19600000232458 25.296819783747196 0.901
      vertex 46.19600000232458 25.296819783747196 1.5
      vertex 46.476000003516674 25.36277973651886 0.901
    endloop
  endfacet
  facet normal -0.42620759925258606 0.9046253823209622 0
    outer loop
      vertex 46.476000003516674 25.36277973651886 0.901
      vertex 46.476000003516674 25.36277973651886 1.5
      vertex 46.61599999666214 25.428739704191685 0.901
    endloop
  endfacet
  facet normal -0.4637860151971771 0.8859472513121331 0
    outer loop
      vertex 46.61599999666214 25.428739704191685 0.901
      vertex 46.61599999666214 25.428739704191685 1.5
      vertex 46.7419999986887 25.49469965696335 0.901
    endloop
  endfacet
  facet normal -0.4262074439364894 0.904625455496983 0
    outer loop
      vertex 46.7419999986887 25.49469965696335 0.901
      vertex 46.7419999986887 25.49469965696335 1.5
      vertex 46.882000006735325 25.56065960228443 0.901
    endloop
  endfacet
  facet normal -0.6175896868172315 0.7865004632783086 0
    outer loop
      vertex 46.882000006735325 25.56065960228443 0.901
      vertex 46.882000006735325 25.56065960228443 1.5
      vertex 47.0080000013113 25.659599527716637 0.901
    endloop
  endfacet
  facet normal -0.5928431178443784 0.8053179729923805 0
    outer loop
      vertex 47.0080000013113 25.659599527716637 0.901
      vertex 47.0080000013113 25.659599527716637 1.5
      vertex 47.11999999731779 25.742049477994442 0.901
    endloop
  endfacet
  facet normal -0.5284378488518297 0.8489719900567101 0
    outer loop
      vertex 47.11999999731779 25.742049477994442 0.901
      vertex 47.11999999731779 25.742049477994442 1.5
      vertex 48.79329117387533 26.78358017653227 0.901
    endloop
  endfacet
  facet normal 0.859647109598047 0.5108882920558302 0
    outer loop
      vertex 48.68800000101328 26.170789167284966 0.901
      vertex 48.68800000101328 26.170789167284966 1.5
      vertex 48.78600000590086 26.005889281630516 0.901
    endloop
  endfacet
  facet normal 0.9742252388985904 0.22557744544387542 0
    outer loop
      vertex 48.68800000101328 26.170789167284966 0.901
      vertex 48.64599999785423 26.352179035544395 0.901
      vertex 48.64599999785423 26.352179035544395 1.5
    endloop
  endfacet
  facet normal 0.9813425227881076 -0.19226765970353105 0
    outer loop
      vertex 48.64599999785423 26.352179035544395 0.901
      vertex 48.68800000101328 26.566548883914948 0.901
      vertex 48.68800000101328 26.566548883914948 1.5
    endloop
  endfacet
  facet normal 0 0 1
    outer loop
      vertex 48.99439500272274 15.181322664022446 0.901
      vertex 51.52027499675751 16.294624000787735 0.901
      vertex 48.99439500272274 16.294624000787735 0.901
    endloop
  endfacet
  facet normal 0 0 1
    outer loop
      vertex 48.99439500272274 15.181322664022446 0.901
      vertex 51.52027499675751 15.181322664022446 0.901
      vertex 51.52027499675751 16.294624000787735 0.901
    endloop
  endfacet
  facet normal 0 0 1
    outer loop
      vertex 51.52027499675751 16.294624000787735 0.901
      vertex 52.86217299848795 12.296672001481056 0.901
      vertex 52.86217299848795 18.761269330978394 0.901
    endloop
  endfacet
  facet normal 0 0 1
    outer loop
      vertex 51.52027499675751 16.294624000787735 0.901
      vertex 52.86217299848795 18.761269330978394 0.901
      vertex 51.52027499675751 18.761269330978394 0.901
    endloop
  endfacet
  facet normal 0 0 1
    outer loop
      vertex 54.19126699864864 12.296672001481056 0.901
      vertex 55.511243000626564 16.240821331739426 0.901
      vertex 54.19126699864864 18.761269330978394 0.901
    endloop
  endfacet
  facet normal 0 0 1
    outer loop
      vertex 55.511243000626564 16.240821331739426 0.901
      vertex 55.511243000626564 17.61485866457224 0.901
      vertex 54.19126699864864 18.761269330978394 0.901
    endloop
  endfacet
  facet normal 0 0 1
    outer loop
      vertex 55.511243000626564 15.119242668151855 0.901
      vertex 58.651003666222095 16.240821331739426 0.901
      vertex 55.511243000626564 16.240821331739426 0.901
    endloop
  endfacet
  facet normal 0 0 1
    outer loop
      vertex 54.19126699864864 18.761269330978394 0.901
      vertex 55.511243000626564 17.61485866457224 0.901
      vertex 58.93165700137615 18.761269330978394 0.901
    endloop
  endfacet
  facet normal 0 0 1
    outer loop
      vertex 55.511243000626564 17.61485866457224 0.901
      vertex 58.93165700137615 17.61485866457224 0.901
      vertex 58.93165700137615 18.761269330978394 0.901
    endloop
  endfacet
  facet normal -1 0 0
    outer loop
      vertex 48.99439500272274 16.294624000787735 0.901
      vertex 48.99439500272274 16.294624000787735 1.5
      vertex 48.99439500272274 18.761269330978394 0.901
    endloop
  endfacet
  facet normal 0 -1 0
    outer loop
      vertex 48.99439500272274 16.294624000787735 0.901
      vertex 51.52027499675751 16.294624000787735 0.901
      vertex 51.52027499675751 16.294624000787735 1.5
    endloop
  endfacet
  facet normal 1 0 0
    outer loop
      vertex 51.52027499675751 16.294624000787735 0.901
      vertex 51.52027499675751 18.761269330978394 0.901
      vertex 51.52027499675751 18.761269330978394 1.5
    endloop
  endfacet
  facet normal 0 -1 0
    outer loop
      vertex 51.52027499675751 18.761269330978394 0.901
      vertex 52.86217299848795 18.761269330978394 0.901
      vertex 52.86217299848795 18.761269330978394 1.5
    endloop
  endfacet
  facet normal 1 0 0
    outer loop
      vertex 54.19126699864864 12.296672001481056 0.901
      vertex 54.19126699864864 18.761269330978394 0.901
      vertex 54.19126699864864 18.761269330978394 1.5
    endloop
  endfacet
  facet normal -1 0 0
    outer loop
      vertex 55.511243000626564 16.240821331739426 0.901
      vertex 55.511243000626564 16.240821331739426 1.5
      vertex 55.511243000626564 17.61485866457224 0.901
    endloop
  endfacet
  facet normal 0 -1 0
    outer loop
      vertex 55.511243000626564 16.240821331739426 0.901
      vertex 58.651003666222095 16.240821331739426 0.901
      vertex 58.651003666222095 16.240821331739426 1.5
    endloop
  endfacet
  facet normal 0 1 0
    outer loop
      vertex 55.511243000626564 17.61485866457224 0.901
      vertex 55.511243000626564 17.61485866457224 1.5
      vertex 58.93165700137615 17.61485866457224 0.901
    endloop
  endfacet
  facet normal 0 -1 0
    outer loop
      vertex 54.19126699864864 18.761269330978394 0.901
      vertex 58.93165700137615 18.761269330978394 0.901
      vertex 58.93165700137615 18.761269330978394 1.5
    endloop
  endfacet
  facet normal 0 0 1
    outer loop
      vertex 48.78600000590086 26.005889281630516 0.901
      vertex 48.940000005066395 25.87396937608719 0.901
      vertex 48.68800000101328 26.566548883914948 0.901
    endloop
  endfacet
  facet normal 0 0 1
    outer loop
      vertex 48.79329117387533 26.78358017653227 0.901
      vertex 48.940000005066395 25.87396937608719 0.901
      vertex 49.149999998509884 25.775029443204403 0.901
    endloop
  endfacet
  facet normal 0 0 1
    outer loop
      vertex 48.79329117387533 26.78358017653227 0.901
      vertex 49.149999998509884 25.775029443204403 0.901
      vertex 49.41599999368191 25.70906949043274 0.901
    endloop
  endfacet
  facet normal 0 0 1
    outer loop
      vertex 48.79329117387533 26.78358017653227 0.901
      vertex 49.41599999368191 25.70906949043274 0.901
      vertex 49.51399999856949 25.69257950782776 0.901
    endloop
  endfacet
  facet normal 0 0 1
    outer loop
      vertex 48.79329117387533 26.78358017653227 0.901
      vertex 49.51399999856949 25.69257950782776 0.901
      vertex 49.64000000059605 25.67608952522278 0.901
    endloop
  endfacet
  facet normal 0 0 1
    outer loop
      vertex 48.79329117387533 26.78358017653227 0.901
      vertex 49.64000000059605 25.67608952522278 0.901
      vertex 49.765999995172024 25.67608952522278 0.901
    endloop
  endfacet
  facet normal 0 0 1
    outer loop
      vertex 48.79329117387533 26.78358017653227 0.901
      vertex 49.765999995172024 25.67608952522278 0.901
      vertex 49.91999999433756 25.659599527716637 0.901
    endloop
  endfacet
  facet normal 0 0 1
    outer loop
      vertex 48.79329117387533 26.78358017653227 0.901
      vertex 49.91999999433756 25.659599527716637 0.901
      vertex 50.059999994933605 25.67608952522278 0.901
    endloop
  endfacet
  facet normal 0 0 1
    outer loop
      vertex 48.79329117387533 26.78358017653227 0.901
      vertex 50.059999994933605 25.67608952522278 0.901
      vertex 50.20000000298023 25.67608952522278 0.901
    endloop
  endfacet
  facet normal 0 0 1
    outer loop
      vertex 48.79329117387533 26.78358017653227 0.901
      vertex 50.20000000298023 25.67608952522278 0.901
      vertex 50.31199999898672 25.69257950782776 0.901
    endloop
  endfacet
  facet normal 0 0 1
    outer loop
      vertex 48.79329117387533 26.78358017653227 0.901
      vertex 50.31199999898672 25.69257950782776 0.901
      vertex 50.39599999785423 25.70906949043274 0.901
    endloop
  endfacet
  facet normal 0 0 1
    outer loop
      vertex 48.79329117387533 26.78358017653227 0.901
      vertex 50.39599999785423 25.70906949043274 0.901
      vertex 50.465999998152256 25.72555948793888 0.901
    endloop
  endfacet
  facet normal 0 0 1
    outer loop
      vertex 48.79329117387533 26.78358017653227 0.901
      vertex 50.465999998152256 25.72555948793888 0.901
      vertex 50.53600000590086 25.758539460599422 0.901
    endloop
  endfacet
  facet normal 0 0 1
    outer loop
      vertex 48.68800000101328 26.566548883914948 0.901
      vertex 48.940000005066395 25.87396937608719 0.901
      vertex 48.79329117387533 26.78358017653227 0.901
    endloop
  endfacet
  facet normal 0 0 1
    outer loop
      vertex 48.79329117387533 26.78358017653227 0.901
      vertex 50.53600000590086 25.758539460599422 0.901
      vertex 50.63400000333786 25.791519440710545 0.901
    endloop
  endfacet
  facet normal 0 0 1
    outer loop
      vertex 48.79329117387533 26.78358017653227 0.901
      vertex 50.63400000333786 25.791519440710545 0.901
      vertex 50.71799999475479 25.840989410877228 0.901
    endloop
  endfacet
  facet normal 0 0 1
    outer loop
      vertex 48.79329117387533 26.78358017653227 0.901
      vertex 50.71799999475479 25.840989410877228 0.901
      vertex 50.885999999940395 25.90694935619831 0.901
    endloop
  endfacet
  facet normal 0 0 1
    outer loop
      vertex 48.79329117387533 26.78358017653227 0.901
      vertex 50.885999999940395 25.90694935619831 0.901
      vertex 50.94200000166893 25.939929328858852 0.901
    endloop
  endfacet
  facet normal 0 0 1
    outer loop
      vertex 48.79329117387533 26.78358017653227 0.901
      vertex 50.94200000166893 25.939929328858852 0.901
      vertex 50.984000004827976 25.972909308969975 0.901
    endloop
  endfacet
  facet normal 0 0 1
    outer loop
      vertex 48.79329117387533 26.78358017653227 0.901
      vertex 50.984000004827976 25.972909308969975 0.901
      vertex 51.10999999940395 26.038869261741638 0.901
    endloop
  endfacet
  facet normal 0 0 1
    outer loop
      vertex 48.79329117387533 26.78358017653227 0.901
      vertex 51.10999999940395 26.038869261741638 0.901
      vertex 51.25 26.121319197118282 0.901
    endloop
  endfacet
  facet normal 0 0 1
    outer loop
      vertex 48.79329117387533 26.78358017653227 0.901
      vertex 51.25 26.121319197118282 0.901
      vertex 51.37600000202656 26.220259130001068 0.901
    endloop
  endfacet
  facet normal 0 0 1
    outer loop
      vertex 48.79329117387533 26.78358017653227 0.901
      vertex 51.37600000202656 26.220259130001068 0.901
      vertex 51.501999996602535 26.335689052939415 0.901
    endloop
  endfacet
  facet normal 0 0 1
    outer loop
      vertex 48.79329117387533 26.78358017653227 0.901
      vertex 51.501999996602535 26.335689052939415 0.901
      vertex 51.614000000059605 26.4346289858222 0.901
    endloop
  endfacet
  facet normal 0 0 1
    outer loop
      vertex 48.79329117387533 26.78358017653227 0.901
      vertex 51.614000000059605 26.4346289858222 0.901
      vertex 51.711999997496605 26.517078921198845 0.901
    endloop
  endfacet
  facet normal 0 0 1
    outer loop
      vertex 48.79329117387533 26.78358017653227 0.901
      vertex 51.711999997496605 26.517078921198845 0.901
      vertex 51.78200000524521 26.566548883914948 0.901
    endloop
  endfacet
  facet normal 0 0 1
    outer loop
      vertex 48.79329117387533 26.78358017653227 0.901
      vertex 51.78200000524521 26.566548883914948 0.901
      vertex 51.809999994933605 26.59952885657549 0.901
    endloop
  endfacet
  facet normal 0 0 1
    outer loop
      vertex 48.79329117387533 26.78358017653227 0.901
      vertex 51.809999994933605 26.59952885657549 0.901
      vertex 51.86599999666214 26.64899881929159 0.901
    endloop
  endfacet
  facet normal 0 0 1
    outer loop
      vertex 48.79329117387533 26.78358017653227 0.901
      vertex 51.86599999666214 26.64899881929159 0.901
      vertex 52.4539999961853 27.34157832711935 0.901
    endloop
  endfacet
  facet normal 0 0 1
    outer loop
      vertex 48.79329117387533 26.78358017653227 0.901
      vertex 49.61199999600649 30.078916378319263 0.901
      vertex 49.551130428910255 29.992881663143635 0.901
    endloop
  endfacet
  facet normal 0 0 1
    outer loop
      vertex 48.79329117387533 26.78358017653227 0.901
      vertex 49.68200000375509 30.161366313695908 0.901
      vertex 49.61199999600649 30.078916378319263 0.901
    endloop
  endfacet
  facet normal 0 0 1
    outer loop
      vertex 48.79329117387533 26.78358017653227 0.901
      vertex 50.95600000023842 30.128386333584785 0.901
      vertex 50.84400000423193 30.19434628635645 0.901
    endloop
  endfacet
  facet normal 0 0 1
    outer loop
      vertex 48.79329117387533 26.78358017653227 0.901
      vertex 51.08200000226498 30.078916378319263 0.901
      vertex 50.95600000023842 30.128386333584785 0.901
    endloop
  endfacet
  facet normal 0 0 1
    outer loop
      vertex 48.79329117387533 26.78358017653227 0.901
      vertex 51.207999996840954 30.04593639820814 0.901
      vertex 51.08200000226498 30.078916378319263 0.901
    endloop
  endfacet
  facet normal 0 0 1
    outer loop
      vertex 48.79329117387533 26.78358017653227 0.901
      vertex 51.47399999201298 29.99646643549204 0.901
      vertex 51.347999997437 30.02944641560316 0.901
    endloop
  endfacet
  facet normal 0 0 1
    outer loop
      vertex 48.79329117387533 26.78358017653227 0.901
      vertex 51.347999997437 30.02944641560316 0.901
      vertex 51.207999996840954 30.04593639820814 0.901
    endloop
  endfacet
  facet normal 0 0 1
    outer loop
      vertex 48.79329117387533 26.78358017653227 0.901
      vertex 51.58600000292063 29.979976445436478 0.901
      vertex 51.47399999201298 29.99646643549204 0.901
    endloop
  endfacet
  facet normal 0 0 1
    outer loop
      vertex 48.79329117387533 26.78358017653227 0.901
      vertex 51.68400000035763 29.963486462831497 0.901
      vertex 51.58600000292063 29.979976445436478 0.901
    endloop
  endfacet
  facet normal 0 0 1
    outer loop
      vertex 48.79329117387533 26.78358017653227 0.901
      vertex 51.76799999922514 29.930506482720375 0.901
      vertex 51.68400000035763 29.963486462831497 0.901
    endloop
  endfacet
  facet normal 0 0 1
    outer loop
      vertex 48.79329117387533 26.78358017653227 0.901
      vertex 52.426000006496906 29.617196708917618 0.901
      vertex 51.76799999922514 29.930506482720375 0.901
    endloop
  endfacet
  facet normal 0 0 1
    outer loop
      vertex 48.79329117387533 26.78358017653227 0.901
      vertex 49.765999995172024 30.24381624907255 0.901
      vertex 49.68200000375509 30.161366313695908 0.901
    endloop
  endfacet
  facet normal 0 0 1
    outer loop
      vertex 48.79329117387533 26.78358017653227 0.901
      vertex 49.83600000292063 30.293286219239235 0.901
      vertex 49.765999995172024 30.24381624907255 0.901
    endloop
  endfacet
  facet normal 0 0 1
    outer loop
      vertex 48.79329117387533 26.78358017653227 0.901
      vertex 49.90599999576807 30.326266199350357 0.901
      vertex 49.83600000292063 30.293286219239235 0.901
    endloop
  endfacet
  facet normal 0 0 1
    outer loop
      vertex 48.79329117387533 26.78358017653227 0.901
      vertex 49.99000000208616 30.3592461720109 0.901
      vertex 49.90599999576807 30.326266199350357 0.901
    endloop
  endfacet
  facet normal 0 0 1
    outer loop
      vertex 48.79329117387533 26.78358017653227 0.901
      vertex 50.073999993503094 30.37573616951704 0.901
      vertex 49.99000000208616 30.3592461720109 0.901
    endloop
  endfacet
  facet normal 0 0 1
    outer loop
      vertex 48.79329117387533 26.78358017653227 0.901
      vertex 50.31199999898672 30.37573616951704 0.901
      vertex 50.073999993503094 30.37573616951704 0.901
    endloop
  endfacet
  facet normal 0 0 1
    outer loop
      vertex 48.79329117387533 26.78358017653227 0.901
      vertex 50.39599999785423 30.342756189405918 0.901
      vertex 50.31199999898672 30.37573616951704 0.901
    endloop
  endfacet
  facet normal 0 0 1
    outer loop
      vertex 48.79329117387533 26.78358017653227 0.901
      vertex 50.84400000423193 30.19434628635645 0.901
      vertex 50.39599999785423 30.342756189405918 0.901
    endloop
  endfacet
  facet normal 0 0 1
    outer loop
      vertex 48.79329117387533 26.78358017653227 0.901
      vertex 52.4539999961853 27.34157832711935 0.901
      vertex 52.58000000566244 27.5064782127738 0.901
    endloop
  endfacet
  facet normal 0 0 1
    outer loop
      vertex 48.79329117387533 26.78358017653227 0.901
      vertex 52.58000000566244 27.5064782127738 0.901
      vertex 52.67800000309944 27.638398118317127 0.901
    endloop
  endfacet
  facet normal 0 0 1
    outer loop
      vertex 48.79329117387533 26.78358017653227 0.901
      vertex 52.67800000309944 27.638398118317127 0.901
      vertex 52.70600000023842 27.70435807108879 0.901
    endloop
  endfacet
  facet normal 0 0 1
    outer loop
      vertex 48.79329117387533 26.78358017653227 0.901
      vertex 52.70600000023842 27.70435807108879 0.901
      vertex 52.70600000023842 27.737338051199913 0.901
    endloop
  endfacet
  facet normal 0 0 1
    outer loop
      vertex 48.79329117387533 26.78358017653227 0.901
      vertex 52.70600000023842 27.737338051199913 0.901
      vertex 52.734000004827976 27.803298003971577 0.901
    endloop
  endfacet
  facet normal 0 0 1
    outer loop
      vertex 48.79329117387533 26.78358017653227 0.901
      vertex 52.734000004827976 27.803298003971577 0.901
      vertex 52.78999999910593 27.902237936854362 0.901
    endloop
  endfacet
  facet normal 0 0 1
    outer loop
      vertex 48.79329117387533 26.78358017653227 0.901
      vertex 52.78999999910593 27.902237936854362 0.901
      vertex 52.846000000834465 28.03415783494711 0.901
    endloop
  endfacet
  facet normal 0 0 1
    outer loop
      vertex 48.79329117387533 26.78358017653227 0.901
      vertex 52.846000000834465 28.03415783494711 0.901
      vertex 52.902000002563 28.19905772060156 0.901
    endloop
  endfacet
  facet normal 0 0 1
    outer loop
      vertex 48.79329117387533 26.78358017653227 0.901
      vertex 52.902000002563 28.19905772060156 0.901
      vertex 52.957999996840954 28.38044758886099 0.901
    endloop
  endfacet
  facet normal 0 0 1
    outer loop
      vertex 48.79329117387533 26.78358017653227 0.901
      vertex 52.957999996840954 28.38044758886099 0.901
      vertex 52.98600000143051 28.59481742978096 0.901
    endloop
  endfacet
  facet normal 0 0 1
    outer loop
      vertex 48.79329117387533 26.78358017653227 0.901
      vertex 52.98600000143051 28.59481742978096 0.901
      vertex 53 28.809187285602093 0.901
    endloop
  endfacet
  facet normal 0 0 1
    outer loop
      vertex 48.79329117387533 26.78358017653227 0.901
      vertex 52.734000004827976 29.386336870491505 0.901
      vertex 52.635999999940395 29.46878680586815 0.901
    endloop
  endfacet
  facet normal 0 0 1
    outer loop
      vertex 48.79329117387533 26.78358017653227 0.901
      vertex 52.81799999624491 29.3038869202137 0.901
      vertex 52.734000004827976 29.386336870491505 0.901
    endloop
  endfacet
  facet normal 0 0 1
    outer loop
      vertex 48.79329117387533 26.78358017653227 0.901
      vertex 53 28.809187285602093 0.901
      vertex 52.98600000143051 28.95759716629982 0.901
    endloop
  endfacet
  facet normal 0 0 1
    outer loop
      vertex 48.79329117387533 26.78358017653227 0.901
      vertex 52.98600000143051 28.95759716629982 0.901
      vertex 52.943999998271465 29.08951708674431 0.901
    endloop
  endfacet
  facet normal 0 0 1
    outer loop
      vertex 48.79329117387533 26.78358017653227 0.901
      vertex 52.943999998271465 29.08951708674431 0.901
      vertex 52.88800000399351 29.204947002232075 0.901
    endloop
  endfacet
  facet normal 0 0 1
    outer loop
      vertex 48.79329117387533 26.78358017653227 0.901
      vertex 52.88800000399351 29.204947002232075 0.901
      vertex 52.81799999624491 29.3038869202137 0.901
    endloop
  endfacet
  facet normal 0 0 1
    outer loop
      vertex 48.79329117387533 26.78358017653227 0.901
      vertex 52.538000002503395 29.534746758639812 0.901
      vertex 52.426000006496906 29.617196708917618 0.901
    endloop
  endfacet
  facet normal 0 0 1
    outer loop
      vertex 48.79329117387533 26.78358017653227 0.901
      vertex 52.635999999940395 29.46878680586815 0.901
      vertex 52.538000002503395 29.534746758639812 0.901
    endloop
  endfacet
  facet normal 0.4262075274028444 0.9046254161724363 0
    outer loop
      vertex 49.149999998509884 25.775029443204403 0.901
      vertex 48.940000005066395 25.87396937608719 0.901
      vertex 48.940000005066395 25.87396937608719 1.5
    endloop
  endfacet
  facet normal 0.6505636482986296 0.7594517361309914 0
    outer loop
      vertex 48.78600000590086 26.005889281630516 0.901
      vertex 48.78600000590086 26.005889281630516 1.5
      vertex 48.940000005066395 25.87396937608719 0.901
    endloop
  endfacet
  facet normal 0.2406805297395939 0.9706043903693556 0
    outer loop
      vertex 49.149999998509884 25.775029443204403 0.901
      vertex 49.149999998509884 25.775029443204403 1.5
      vertex 49.41599999368191 25.70906949043274 0.901
    endloop
  endfacet
  facet normal 0.10646927487135835 0.9943159927851745 0
    outer loop
      vertex 49.765999995172024 25.67608952522278 0.901
      vertex 49.765999995172024 25.67608952522278 1.5
      vertex 49.91999999433756 25.659599527716637 0.901
    endloop
  endfacet
  facet normal -0.1169770521619852 0.9931346178980431 0
    outer loop
      vertex 49.91999999433756 25.659599527716637 0.901
      vertex 49.91999999433756 25.659599527716637 1.5
      vertex 50.059999994933605 25.67608952522278 0.901
    endloop
  endfacet
  facet normal 0.16593248042048112 0.9861371161970869 0
    outer loop
      vertex 49.41599999368191 25.70906949043274 0.901
      vertex 49.41599999368191 25.70906949043274 1.5
      vertex 49.51399999856949 25.69257950782776 0.901
    endloop
  endfacet
  facet normal 0.12976629419569355 0.9915446076151677 0
    outer loop
      vertex 49.51399999856949 25.69257950782776 0.901
      vertex 49.51399999856949 25.69257950782776 1.5
      vertex 49.64000000059605 25.67608952522278 0.901
    endloop
  endfacet
  facet normal 0 1 0
    outer loop
      vertex 49.64000000059605 25.67608952522278 0.901
      vertex 49.64000000059605 25.67608952522278 1.5
      vertex 49.765999995172024 25.67608952522278 0.901
    endloop
  endfacet
  facet normal 0.8997101247783262 -0.4364879051833723 0
    outer loop
      vertex 48.68800000101328 26.566548883914948 0.901
      vertex 48.79329117387533 26.78358017653227 0.901
      vertex 48.79329117387533 26.78358017653227 1.5
    endloop
  endfacet
  facet normal 0 1 0
    outer loop
      vertex 50.059999994933605 25.67608952522278 0.901
      vertex 50.059999994933605 25.67608952522278 1.5
      vertex 50.20000000298023 25.67608952522278 0.901
    endloop
  endfacet
  facet normal -0.14566168408913288 0.9893344600226546 0
    outer loop
      vertex 50.20000000298023 25.67608952522278 0.901
      vertex 50.20000000298023 25.67608952522278 1.5
      vertex 50.31199999898672 25.69257950782776 0.901
    endloop
  endfacet
  facet normal -0.19263263151071508 0.9812709459049815 0
    outer loop
      vertex 50.31199999898672 25.69257950782776 0.901
      vertex 50.31199999898672 25.69257950782776 1.5
      vertex 50.39599999785423 25.70906949043274 0.901
    endloop
  endfacet
  facet normal -0.2292950546877877 0.9733569632440734 0
    outer loop
      vertex 50.39599999785423 25.70906949043274 0.901
      vertex 50.39599999785423 25.70906949043274 1.5
      vertex 50.465999998152256 25.72555948793888 0.901
    endloop
  endfacet
  facet normal -0.4262074253746642 0.9046254642422464 0
    outer loop
      vertex 50.465999998152256 25.72555948793888 0.901
      vertex 50.465999998152256 25.72555948793888 1.5
      vertex 50.53600000590086 25.758539460599422 0.901
    endloop
  endfacet
  facet normal -0.3189535513867293 0.9477703477413677 0
    outer loop
      vertex 50.53600000590086 25.758539460599422 0.901
      vertex 50.53600000590086 25.758539460599422 1.5
      vertex 50.63400000333786 25.791519440710545 0.901
    endloop
  endfacet
  facet normal -0.507463681291722 0.8616731469471783 0
    outer loop
      vertex 50.63400000333786 25.791519440710545 0.901
      vertex 50.63400000333786 25.791519440710545 1.5
      vertex 50.71799999475479 25.840989410877228 0.901
    endloop
  endfacet
  facet normal -0.3654600986148502 0.9308270066561369 0
    outer loop
      vertex 50.71799999475479 25.840989410877228 0.901
      vertex 50.71799999475479 25.840989410877228 1.5
      vertex 50.885999999940395 25.90694935619831 0.901
    endloop
  endfacet
  facet normal -0.5074635460427082 0.8616732265991327 0
    outer loop
      vertex 50.885999999940395 25.90694935619831 0.901
      vertex 50.885999999940395 25.90694935619831 1.5
      vertex 50.94200000166893 25.939929328858852 0.901
    endloop
  endfacet
  facet normal -0.6175896991739982 0.7865004535753113 0
    outer loop
      vertex 50.94200000166893 25.939929328858852 0.901
      vertex 50.94200000166893 25.939929328858852 1.5
      vertex 50.984000004827976 25.972909308969975 0.901
    endloop
  endfacet
  facet normal -0.4637860367226629 0.8859472400437199 0
    outer loop
      vertex 50.984000004827976 25.972909308969975 0.901
      vertex 50.984000004827976 25.972909308969975 1.5
      vertex 51.10999999940395 26.038869261741638 0.901
    endloop
  endfacet
  facet normal -0.507463573092511 0.861673210668744 0
    outer loop
      vertex 51.10999999940395 26.038869261741638 0.901
      vertex 51.10999999940395 26.038869261741638 1.5
      vertex 51.25 26.121319197118282 0.901
    endloop
  endfacet
  facet normal -0.6175896929956152 0.7865004584268096 0
    outer loop
      vertex 51.25 26.121319197118282 0.901
      vertex 51.25 26.121319197118282 1.5
      vertex 51.37600000202656 26.220259130001068 0.901
    endloop
  endfacet
  facet normal -0.675501769640299 0.737358365527119 0
    outer loop
      vertex 51.37600000202656 26.220259130001068 0.901
      vertex 51.37600000202656 26.220259130001068 1.5
      vertex 51.501999996602535 26.335689052939415 0.901
    endloop
  endfacet
  facet normal -0.6620594642907374 0.7494513097880755 0
    outer loop
      vertex 51.501999996602535 26.335689052939415 0.901
      vertex 51.501999996602535 26.335689052939415 1.5
      vertex 51.614000000059605 26.4346289858222 0.901
    endloop
  endfacet
  facet normal -0.6437867446098152 0.7652049578150266 0
    outer loop
      vertex 51.614000000059605 26.4346289858222 0.901
      vertex 51.614000000059605 26.4346289858222 1.5
      vertex 51.711999997496605 26.517078921198845 0.901
    endloop
  endfacet
  facet normal -0.5771362297205129 0.8166478876137447 0
    outer loop
      vertex 51.711999997496605 26.517078921198845 0.901
      vertex 51.711999997496605 26.517078921198845 1.5
      vertex 51.78200000524521 26.566548883914948 0.901
    endloop
  endfacet
  facet normal -0.7623154490507859 0.6472056521218726 0
    outer loop
      vertex 51.78200000524521 26.566548883914948 0.901
      vertex 51.78200000524521 26.566548883914948 1.5
      vertex 51.809999994933605 26.59952885657549 0.901
    endloop
  endfacet
  facet normal -0.6620594362878784 0.7494513345255825 0
    outer loop
      vertex 51.809999994933605 26.59952885657549 0.901
      vertex 51.809999994933605 26.59952885657549 1.5
      vertex 51.86599999666214 26.64899881929159 0.901
    endloop
  endfacet
  facet normal -0.7623153695012108 0.6472057458198534 0
    outer loop
      vertex 51.86599999666214 26.64899881929159 0.901
      vertex 51.86599999666214 26.64899881929159 1.5
      vertex 52.4539999961853 27.34157832711935 0.901
    endloop
  endfacet
  facet normal -0.9944158714004426 -0.10553233962581554 0
    outer loop
      vertex 49.551130428910255 29.992881663143635 0.901
      vertex 49.52800000458956 30.21083628386259 1.5
      vertex 49.52800000458956 30.21083628386259 0.901
    endloop
  endfacet
  facet normal 0.8163452036138273 -0.5775642895268881 0
    outer loop
      vertex 49.551130428910255 29.992881663143635 0.901
      vertex 49.61199999600649 30.078916378319263 0.901
      vertex 49.61199999600649 30.078916378319263 1.5
    endloop
  endfacet
  facet normal 0.7623153105371829 -0.6472058152709987 0
    outer loop
      vertex 49.61199999600649 30.078916378319263 0.901
      vertex 49.68200000375509 30.161366313695908 0.901
      vertex 49.68200000375509 30.161366313695908 1.5
    endloop
  endfacet
  facet normal 0.7004915138730927 -0.7136607310142424 0
    outer loop
      vertex 49.68200000375509 30.161366313695908 0.901
      vertex 49.765999995172024 30.24381624907255 0.901
      vertex 49.765999995172024 30.24381624907255 1.5
    endloop
  endfacet
  facet normal 0.5771362876896086 -0.816647846646189 0
    outer loop
      vertex 49.765999995172024 30.24381624907255 0.901
      vertex 49.83600000292063 30.293286219239235 0.901
      vertex 49.83600000292063 30.293286219239235 1.5
    endloop
  endfacet
  facet normal 0.42620757841693924 -0.9046253921375237 0
    outer loop
      vertex 49.83600000292063 30.293286219239235 0.901
      vertex 49.90599999576807 30.326266199350357 0.901
      vertex 49.90599999576807 30.326266199350357 1.5
    endloop
  endfacet
  facet normal 0.36546008457188806 -0.9308270121696665 0
    outer loop
      vertex 49.90599999576807 30.326266199350357 0.901
      vertex 49.99000000208616 30.3592461720109 0.901
      vertex 49.99000000208616 30.3592461720109 1.5
    endloop
  endfacet
  facet normal 0.19263281557569858 -0.9812709097712918 0
    outer loop
      vertex 49.99000000208616 30.3592461720109 0.901
      vertex 50.073999993503094 30.37573616951704 0.901
      vertex 50.073999993503094 30.37573616951704 1.5
    endloop
  endfacet
  facet normal 0 -1 0
    outer loop
      vertex 50.073999993503094 30.37573616951704 0.901
      vertex 50.31199999898672 30.37573616951704 0.901
      vertex 50.31199999898672 30.37573616951704 1.5
    endloop
  endfacet
  facet normal -0.3654601841926739 -0.9308269730566776 0
    outer loop
      vertex 50.31199999898672 30.37573616951704 0.901
      vertex 50.39599999785423 30.342756189405918 0.901
      vertex 50.39599999785423 30.342756189405918 1.5
    endloop
  endfacet
  facet normal -0.31446622367815286 -0.9492686627955238 0
    outer loop
      vertex 50.39599999785423 30.342756189405918 0.901
      vertex 50.84400000423193 30.19434628635645 0.901
      vertex 50.84400000423193 30.19434628635645 1.5
    endloop
  endfacet
  facet normal -0.5074636136672153 -0.861673186773159 0
    outer loop
      vertex 50.95600000023842 30.128386333584785 0.901
      vertex 50.95600000023842 30.128386333584785 1.5
      vertex 50.84400000423193 30.19434628635645 0.901
    endloop
  endfacet
  facet normal -0.3654600794508832 -0.9308270141802687 0
    outer loop
      vertex 50.95600000023842 30.128386333584785 0.901
      vertex 51.08200000226498 30.078916378319263 0.901
      vertex 51.08200000226498 30.078916378319263 1.5
    endloop
  endfacet
  facet normal -0.2532155561943187 -0.9674098831938828 0
    outer loop
      vertex 51.08200000226498 30.078916378319263 0.901
      vertex 51.207999996840954 30.04593639820814 0.901
      vertex 51.207999996840954 30.04593639820814 1.5
    endloop
  endfacet
  facet normal -0.7945900637982459 0.6071463007489212 0
    outer loop
      vertex 52.4539999961853 27.34157832711935 0.901
      vertex 52.4539999961853 27.34157832711935 1.5
      vertex 52.58000000566244 27.5064782127738 0.901
    endloop
  endfacet
  facet normal -0.802736992971156 0.5963332290889267 0
    outer loop
      vertex 52.58000000566244 27.5064782127738 0.901
      vertex 52.58000000566244 27.5064782127738 1.5
      vertex 52.67800000309944 27.638398118317127 0.901
    endloop
  endfacet
  facet normal -0.9204965296401615 0.3907507375814142 0
    outer loop
      vertex 52.67800000309944 27.638398118317127 0.901
      vertex 52.67800000309944 27.638398118317127 1.5
      vertex 52.70600000023842 27.70435807108879 0.901
    endloop
  endfacet
  facet normal -1 0 0
    outer loop
      vertex 52.70600000023842 27.70435807108879 0.901
      vertex 52.70600000023842 27.70435807108879 1.5
      vertex 52.70600000023842 27.737338051199913 0.901
    endloop
  endfacet
  facet normal -0.9204964922416835 0.39075082568147773 0
    outer loop
      vertex 52.70600000023842 27.737338051199913 0.901
      vertex 52.70600000023842 27.737338051199913 1.5
      vertex 52.734000004827976 27.803298003971577 0.901
    endloop
  endfacet
  facet normal -0.8702709621338066 0.4925732965424523 0
    outer loop
      vertex 52.734000004827976 27.803298003971577 0.901
      vertex 52.734000004827976 27.803298003971577 1.5
      vertex 52.78999999910593 27.902237936854362 0.901
    endloop
  endfacet
  facet normal -0.9204965030030953 0.39075080033068715 0
    outer loop
      vertex 52.78999999910593 27.902237936854362 0.901
      vertex 52.78999999910593 27.902237936854362 1.5
      vertex 52.846000000834465 28.03415783494711 0.901
    endloop
  endfacet
  facet normal -0.9468881157242709 0.3215632073172232 0
    outer loop
      vertex 52.846000000834465 28.03415783494711 0.901
      vertex 52.846000000834465 28.03415783494711 1.5
      vertex 52.902000002563 28.19905772060156 0.901
    endloop
  endfacet
  facet normal -0.9555006254748255 0.2949890755896178 0
    outer loop
      vertex 52.902000002563 28.19905772060156 0.901
      vertex 52.902000002563 28.19905772060156 1.5
      vertex 52.957999996840954 28.38044758886099 0.901
    endloop
  endfacet
  facet normal -0.9915774247419419 0.1295152915378663 0
    outer loop
      vertex 52.957999996840954 28.38044758886099 0.901
      vertex 52.957999996840954 28.38044758886099 1.5
      vertex 52.98600000143051 28.59481742978096 0.901
    endloop
  endfacet
  facet normal -0.997874250754123 0.0651688551525814 0
    outer loop
      vertex 52.98600000143051 28.59481742978096 0.901
      vertex 52.98600000143051 28.59481742978096 1.5
      vertex 53 28.809187285602093 0.901
    endloop
  endfacet
  facet normal -0.9955800883029197 -0.093916387147029 0
    outer loop
      vertex 53 28.809187285602093 0.901
      vertex 53 28.809187285602093 1.5
      vertex 52.98600000143051 28.95759716629982 0.901
    endloop
  endfacet
  facet normal -0.9528725828461667 -0.30337079763892105 0
    outer loop
      vertex 52.98600000143051 28.95759716629982 0.901
      vertex 52.98600000143051 28.95759716629982 1.5
      vertex 52.943999998271465 29.08951708674431 0.901
    endloop
  endfacet
  facet normal -0.2532155561943187 -0.9674098831938828 0
    outer loop
      vertex 51.47399999201298 29.99646643549204 0.901
      vertex 51.47399999201298 29.99646643549204 1.5
      vertex 51.347999997437 30.02944641560316 0.901
    endloop
  endfacet
  facet normal -0.14566172953774703 -0.9893344533311635 0
    outer loop
      vertex 51.47399999201298 29.99646643549204 0.901
      vertex 51.58600000292063 29.979976445436478 0.901
      vertex 51.58600000292063 29.979976445436478 1.5
    endloop
  endfacet
  facet normal -0.16593249268837654 -0.9861371141328278 0
    outer loop
      vertex 51.58600000292063 29.979976445436478 0.901
      vertex 51.68400000035763 29.963486462831497 0.901
      vertex 51.68400000035763 29.963486462831497 1.5
    endloop
  endfacet
  facet normal -0.3654601841926739 -0.9308269730566776 0
    outer loop
      vertex 51.68400000035763 29.963486462831497 0.901
      vertex 51.76799999922514 29.930506482720375 0.901
      vertex 51.76799999922514 29.930506482720375 1.5
    endloop
  endfacet
  facet normal -0.4299072246287468 -0.9028730687156463 0
    outer loop
      vertex 51.76799999922514 29.930506482720375 0.901
      vertex 52.426000006496906 29.617196708917618 0.901
      vertex 52.426000006496906 29.617196708917618 1.5
    endloop
  endfacet
  facet normal -0.1169769479022915 -0.9931346301783381 0
    outer loop
      vertex 51.207999996840954 30.04593639820814 0.901
      vertex 51.347999997437 30.02944641560316 0.901
      vertex 51.347999997437 30.02944641560316 1.5
    endloop
  endfacet
  facet normal -0.6437867159507764 -0.765204981926617 0
    outer loop
      vertex 52.635999999940395 29.46878680586815 0.901
      vertex 52.734000004827976 29.386336870491505 0.901
      vertex 52.734000004827976 29.386336870491505 1.5
    endloop
  endfacet
  facet normal -0.5583671405106241 -0.829593958752105 0
    outer loop
      vertex 52.538000002503395 29.534746758639812 0.901
      vertex 52.635999999940395 29.46878680586815 0.901
      vertex 52.635999999940395 29.46878680586815 1.5
    endloop
  endfacet
  facet normal -0.8997101253476636 -0.4364879040098267 0
    outer loop
      vertex 52.88800000399351 29.204947002232075 0.901
      vertex 52.943999998271465 29.08951708674431 0.901
      vertex 52.943999998271465 29.08951708674431 1.5
    endloop
  endfacet
  facet normal -0.8163451695714693 -0.577564337643287 0
    outer loop
      vertex 52.81799999624491 29.3038869202137 0.901
      vertex 52.88800000399351 29.204947002232075 0.901
      vertex 52.88800000399351 29.204947002232075 1.5
    endloop
  endfacet
  facet normal -0.700491578351784 -0.7136606677253737 0
    outer loop
      vertex 52.81799999624491 29.3038869202137 0.901
      vertex 52.81799999624491 29.3038869202137 1.5
      vertex 52.734000004827976 29.386336870491505 0.901
    endloop
  endfacet
  facet normal -0.5928431178443784 -0.8053179729923805 0
    outer loop
      vertex 52.426000006496906 29.617196708917618 0.901
      vertex 52.538000002503395 29.534746758639812 0.901
      vertex 52.538000002503395 29.534746758639812 1.5
    endloop
  endfacet
  facet normal 0.9984225623891263 -0.05614612108001199 0
    outer loop
      vertex 40.89890433102846 15.475879333913326 0.901
      vertex 40.93521337211132 16.121547549962997 1.5
      vertex 40.89890433102846 15.475879333913326 1.5
    endloop
  endfacet
  facet normal 0.9830242607308938 -0.1834756191282095 0
    outer loop
      vertex 40.93521337211132 16.121547549962997 0.901
      vertex 41.0441404953599 16.705156452953815 1.5
      vertex 40.93521337211132 16.121547549962997 1.5
    endloop
  endfacet
  facet normal 0.9444199962336518 -0.3287413431773209 0
    outer loop
      vertex 41.0441404953599 16.705156452953815 0.901
      vertex 41.22568569332361 17.22670605033636 1.5
      vertex 41.0441404953599 16.705156452953815 1.5
    endloop
  endfacet
  facet normal 0.8750524678805601 -0.48402807610317533 0
    outer loop
      vertex 41.22568569332361 17.22670605033636 0.901
      vertex 41.479848973453045 17.686196349561214 1.5
      vertex 41.22568569332361 17.22670605033636 1.5
    endloop
  endfacet
  facet normal 0 -1 0
    outer loop
      vertex 38.66201967000961 18.761269330978394 0.901
      vertex 39.92056233435869 18.761269330978394 1.5
      vertex 38.66201967000961 18.761269330978394 1.5
    endloop
  endfacet
  facet normal -0.9991597775070481 0.04098461921338316 0
    outer loop
      vertex 42.297261506319046 15.868380136787891 0.901
      vertex 42.28024899959564 15.45363400131464 1.5
      vertex 42.297261506319046 15.868380136787891 1.5
    endloop
  endfacet
  facet normal -0.990880712857099 0.134742023466354 0
    outer loop
      vertex 42.34829902648926 16.243705466389656 0.901
      vertex 42.297261506319046 15.868380136787891 1.5
      vertex 42.34829902648926 16.243705466389656 1.5
    endloop
  endfacet
  facet normal -0.9694002976497745 0.24548536191905274 0
    outer loop
      vertex 42.43336156010628 16.579609997570515 0.901
      vertex 42.34829902648926 16.243705466389656 1.5
      vertex 42.43336156010628 16.579609997570515 1.5
    endloop
  endfacet
  facet normal -0.9279425260481572 0.37272331339931625 0
    outer loop
      vertex 42.552449107170105 16.876093730330467 0.901
      vertex 42.43336156010628 16.579609997570515 1.5
      vertex 42.552449107170105 16.876093730330467 1.5
    endloop
  endfacet
  facet normal -0.8591475590543107 0.511727927487859 0
    outer loop
      vertex 42.70556166768074 17.133156664669514 0.901
      vertex 42.552449107170105 16.876093730330467 1.5
      vertex 42.70556166768074 17.133156664669514 1.5
    endloop
  endfacet
  facet normal -0.7601608624377842 0.649734917653226 0
    outer loop
      vertex 42.88816740363836 17.346797227859497 0.901
      vertex 42.70556166768074 17.133156664669514 1.5
      vertex 42.88816740363836 17.346797227859497 1.5
    endloop
  endfacet
  facet normal 0.7724209345493388 -0.6351109350892377 0
    outer loop
      vertex 41.479848973453045 17.686196349561214 0.901
      vertex 41.806630335748196 18.083627335727215 1.5
      vertex 41.479848973453045 17.686196349561214 1.5
    endloop
  endfacet
  facet normal 0.6531473410287564 -0.7572308438693351 0
    outer loop
      vertex 41.806630335748196 18.083627335727215 0.901
      vertex 42.13954985141754 18.370786130428314 1.5
      vertex 41.806630335748196 18.083627335727215 1.5
    endloop
  endfacet
  facet normal 0.5195580477982695 -0.8544351555080414 0
    outer loop
      vertex 42.13954985141754 18.370786130428314 0.901
      vertex 42.506851345300674 18.594131864607334 1.5
      vertex 42.13954985141754 18.370786130428314 1.5
    endloop
  endfacet
  facet normal 0.3691142952336215 -0.9293840094676619 0
    outer loop
      vertex 42.506851345300674 18.594131864607334 0.901
      vertex 42.908534809947014 18.753664530813694 1.5
      vertex 42.506851345300674 18.594131864607334 1.5
    endloop
  endfacet
  facet normal -0.6250450406382865 0.7805886862961074 0
    outer loop
      vertex 43.095682732760906 17.512962110340595 0.901
      vertex 42.88816740363836 17.346797227859497 1.5
      vertex 43.095682732760906 17.512962110340595 1.5
    endloop
  endfacet
  facet normal -0.45478967835301953 0.8905988706839668 0
    outer loop
      vertex 43.32810766994953 17.631651304662228 0.901
      vertex 43.095682732760906 17.512962110340595 1.5
      vertex 43.32810766994953 17.631651304662228 1.5
    endloop
  endfacet
  facet normal -0.26671089846995116 0.9637765802494638 0
    outer loop
      vertex 43.58544220030308 17.702864825725555 0.901
      vertex 43.32810766994953 17.631651304662228 1.5
      vertex 43.58544220030308 17.702864825725555 1.5
    endloop
  endfacet
  facet normal -0.0838080444397611 0.9964819173909696 0
    outer loop
      vertex 43.867686331272125 17.726602666079998 0.901
      vertex 43.58544220030308 17.702864825725555 1.5
      vertex 43.867686331272125 17.726602666079998 1.5
    endloop
  endfacet
  facet normal 0.21440285664959302 -0.9767453173988059 0
    outer loop
      vertex 42.908534809947014 18.753664530813694 0.901
      vertex 43.34460025280714 18.849384136497974 1.5
      vertex 42.908534809947014 18.753664530813694 1.5
    endloop
  endfacet
  facet normal 0.06766622587211431 -0.9977080143389768 0
    outer loop
      vertex 43.34460025280714 18.849384136497974 0.901
      vertex 43.81504766643047 18.881290666759014 1.5
      vertex 43.34460025280714 18.849384136497974 1.5
    endloop
  endfacet
  facet normal 0.8567296171932672 0.515765802495549 0
    outer loop
      vertex 45.112537771463394 17.079692855477333 0.901
      vertex 45.039040230214596 17.20177834481001 1.5
      vertex 45.112537771463394 17.079692855477333 1.5
    endloop
  endfacet
  facet normal 0.6841916332883161 0.7293022754237549 0
    outer loop
      vertex 44.95958299934864 17.305622667074203 0.901
      vertex 44.79803790897131 17.457175463438034 1.5
      vertex 44.95958299934864 17.305622667074203 1.5
    endloop
  endfacet
  facet normal 0.794184846717304 0.6076762536454855 0
    outer loop
      vertex 45.039040230214596 17.20177834481001 0.901
      vertex 44.95958299934864 17.305622667074203 1.5
      vertex 45.039040230214596 17.20177834481001 1.5
    endloop
  endfacet
  facet normal 0.9539165944573436 0.3000718760878865 0
    outer loop
      vertex 45.29727233201265 16.603989332914352 0.901
      vertex 45.241653829813 16.780798345804214 1.5
      vertex 45.29727233201265 16.603989332914352 1.5
    endloop
  endfacet
  facet normal 0.932177490137621 0.3620015564617446 0
    outer loop
      vertex 45.241653829813 16.780798345804214 0.901
      vertex 45.1800756379962 16.939366184175014 1.5
      vertex 45.241653829813 16.780798345804214 1.5
    endloop
  endfacet
  facet normal 0.9010689909254268 0.43367577012398684 0
    outer loop
      vertex 45.1800756379962 16.939366184175014 0.901
      vertex 45.112537771463394 17.079692855477333 1.5
      vertex 45.1800756379962 16.939366184175014 1.5
    endloop
  endfacet
  facet normal 0 1 0
    outer loop
      vertex 46.647900335490704 16.603989332914352 0.901
      vertex 45.29727233201265 16.603989332914352 1.5
      vertex 46.647900335490704 16.603989332914352 1.5
    endloop
  endfacet
  facet normal 0.06107171957807396 0.9981333803995222 0
    outer loop
      vertex 44.1428999081254 17.70976346731186 0.901
      vertex 43.867686331272125 17.726602666079998 1.5
      vertex 44.1428999081254 17.70976346731186 1.5
    endloop
  endfacet
  facet normal 0.20053534982960758 0.9796864669212884 0
    outer loop
      vertex 44.3896963596344 17.659245863556862 0.901
      vertex 44.1428999081254 17.70976346731186 1.5
      vertex 44.3896963596344 17.659245863556862 1.5
    endloop
  endfacet
  facet normal 0.35973804057964825 0.9330533436840123 0
    outer loop
      vertex 44.6080756932497 17.575049869716167 0.901
      vertex 44.3896963596344 17.659245863556862 1.5
      vertex 44.6080756932497 17.575049869716167 1.5
    endloop
  endfacet
  facet normal 0.5272557316835099 0.8497066513843978 0
    outer loop
      vertex 44.79803790897131 17.457175463438034 0.901
      vertex 44.6080756932497 17.575049869716167 1.5
      vertex 44.79803790897131 17.457175463438034 1.5
    endloop
  endfacet
  facet normal -0.06923496235031477 -0.9976003809082826 0
    outer loop
      vertex 43.81504766643047 18.881290666759014 0.901
      vertex 44.432479828596115 18.83843994885683 1.5
      vertex 43.81504766643047 18.881290666759014 1.5
    endloop
  endfacet
  facet normal -0.22867257977890332 -0.9735033904703472 0
    outer loop
      vertex 44.432479828596115 18.83843994885683 0.901
      vertex 44.979751236736774 18.7098877876997 1.5
      vertex 44.432479828596115 18.83843994885683 1.5
    endloop
  endfacet
  facet normal -0.5933236445605379 -0.8049640071490157 0
    outer loop
      vertex 45.45686190575361 18.49563418328762 0.901
      vertex 45.86381182819605 18.195679143071175 1.5
      vertex 45.45686190575361 18.49563418328762 1.5
    endloop
  endfacet
  facet normal -0.8466174345392427 -0.5322019537113625 0
    outer loop
      vertex 46.2006009966135 17.81002266705036 0.901
      vertex 46.35179942846298 17.569498881697655 1.5
      vertex 46.2006009966135 17.81002266705036 1.5
    endloop
  endfacet
  facet normal -0.7532153910030923 -0.6577739541484285 0
    outer loop
      vertex 45.86381182819605 18.195679143071175 0.901
      vertex 46.2006009966135 17.81002266705036 1.5
      vertex 45.86381182819605 18.195679143071175 1.5
    endloop
  endfacet
  facet normal -0.40965508739288214 -0.9122404887819494 0
    outer loop
      vertex 44.979751236736774 18.7098877876997 0.901
      vertex 45.45686190575361 18.49563418328762 1.5
      vertex 44.979751236736774 18.7098877876997 1.5
    endloop
  endfacet
  facet normal -0.9934970440346625 -0.11385790923070656 0
    outer loop
      vertex 46.620179027318954 16.8458788767457 0.901
      vertex 46.647900335490704 16.603989332914352 1.5
      vertex 46.620179027318954 16.8458788767457 1.5
    endloop
  endfacet
  facet normal -0.9718192622959024 -0.23572721826434875 0
    outer loop
      vertex 46.56158843636513 17.087426990270615 0.901
      vertex 46.620179027318954 16.8458788767457 1.5
      vertex 46.56158843636513 17.087426990270615 1.5
    endloop
  endfacet
  facet normal -0.9375915973430592 -0.34773840252651245 0
    outer loop
      vertex 46.4721285700798 17.328633651137352 0.901
      vertex 46.56158843636513 17.087426990270615 1.5
      vertex 46.4721285700798 17.328633651137352 1.5
    endloop
  endfacet
  facet normal 1 0 0
    outer loop
      vertex 47.6568943336606 18.761269330978394 0.901
      vertex 47.6568943336606 18.761269330978394 1.5
      vertex 47.6568943336606 14.716855626711622 1.5
    endloop
  endfacet
  facet normal -0.8945808599055252 -0.44690612559092474 0
    outer loop
      vertex 46.35179942846298 17.569498881697655 0.901
      vertex 46.4721285700798 17.328633651137352 1.5
      vertex 46.35179942846298 17.569498881697655 1.5
    endloop
  endfacet
  facet normal 0 -1 0
    outer loop
      vertex 47.6568943336606 18.761269330978394 0.901
      vertex 48.99439500272274 18.761269330978394 1.5
      vertex 47.6568943336606 18.761269330978394 1.5
    endloop
  endfacet
  facet normal 0.7623153314844406 0.647205790598143 0
    outer loop
      vertex 39.50400000065565 25.989399299025536 0.901
      vertex 39.461999997496605 26.038869261741638 1.5
      vertex 39.50400000065565 25.989399299025536 1.5
    endloop
  endfacet
  facet normal 0.5771363696247287 0.8166477887415042 0
    outer loop
      vertex 39.573999993503094 25.939929328858852 0.901
      vertex 39.50400000065565 25.989399299025536 1.5
      vertex 39.573999993503094 25.939929328858852 1.5
    endloop
  endfacet
  facet normal 0.36546015610674487 0.9308269840837413 0
    outer loop
      vertex 40.0080000013113 25.659599527716637 0.901
      vertex 39.92399999499321 25.69257950782776 1.5
      vertex 40.0080000013113 25.659599527716637 1.5
    endloop
  endfacet
  facet normal 0.282472109264986 0.9592755117730202 0
    outer loop
      vertex 40.063999995589256 25.643109545111656 0.901
      vertex 40.0080000013113 25.659599527716637 1.5
      vertex 40.063999995589256 25.643109545111656 1.5
    endloop
  endfacet
  facet normal 0.6175896729638712 0.7865004741564868 0
    outer loop
      vertex 39.7419999986887 25.808009423315525 0.901
      vertex 39.573999993503094 25.939929328858852 1.5
      vertex 39.7419999986887 25.808009423315525 1.5
    endloop
  endfacet
  facet normal 0.45063511205125467 0.8927082366521288 0
    outer loop
      vertex 39.84000000357628 25.758539460599422 0.901
      vertex 39.7419999986887 25.808009423315525 1.5
      vertex 39.84000000357628 25.758539460599422 1.5
    endloop
  endfacet
  facet normal 0.6175897237915299 0.7865004342447003 0
    outer loop
      vertex 39.92399999499321 25.69257950782776 0.901
      vertex 39.84000000357628 25.758539460599422 1.5
      vertex 39.92399999499321 25.69257950782776 1.5
    endloop
  endfacet
  facet normal 0.915035883614069 0.403372447867501 0
    outer loop
      vertex 39.461999997496605 26.038869261741638 0.901
      vertex 39.08400000631809 26.896348640322685 1.5
      vertex 39.461999997496605 26.038869261741638 1.5
    endloop
  endfacet
  facet normal 0.8435138290680259 0.5371074568193942 0
    outer loop
      vertex 39.08400000631809 26.896348640322685 0.901
      vertex 38.91599999368191 27.16018845885992 1.5
      vertex 39.08400000631809 26.896348640322685 1.5
    endloop
  endfacet
  facet normal 0.30584090709491474 0.9520826327306677 0
    outer loop
      vertex 42.30399999767542 25.115429915487766 0.901
      vertex 42.149999998509884 25.16489988565445 1.5
      vertex 42.30399999767542 25.115429915487766 1.5
    endloop
  endfacet
  facet normal 0.3331686277302114 0.9428672576223907 0
    outer loop
      vertex 42.443999998271465 25.065959952771664 0.901
      vertex 42.30399999767542 25.115429915487766 1.5
      vertex 42.443999998271465 25.065959952771664 1.5
    endloop
  endfacet
  facet normal 0.10646917975117577 0.9943160029704399 0
    outer loop
      vertex 42.597999997437 25.049469970166683 0.901
      vertex 42.443999998271465 25.065959952771664 1.5
      vertex 42.597999997437 25.049469970166683 1.5
    endloop
  endfacet
  facet normal 0.2094075067171645 0.9778284594602985 0
    outer loop
      vertex 42.751999996602535 25.01648999750614 0.901
      vertex 42.597999997437 25.049469970166683 1.5
      vertex 42.751999996602535 25.01648999750614 1.5
    endloop
  endfacet
  facet normal 0.10646927487135835 0.9943159927851745 0
    outer loop
      vertex 42.90599999576807 25 0.901
      vertex 42.751999996602535 25.01648999750614 1.5
      vertex 42.90599999576807 25 1.5
    endloop
  endfacet
  facet normal 0 1 0
    outer loop
      vertex 43.21399999409914 25 0.901
      vertex 42.90599999576807 25 1.5
      vertex 43.21399999409914 25 1.5
    endloop
  endfacet
  facet normal -0.10646927487135835 0.9943159927851745 0
    outer loop
      vertex 43.367999993264675 25.01648999750614 0.901
      vertex 43.21399999409914 25 1.5
      vertex 43.367999993264675 25.01648999750614 1.5
    endloop
  endfacet
  facet normal 0.22345073579773092 0.9747152243970814 0
    outer loop
      vertex 42.149999998509884 25.16489988565445 0.901
      vertex 40.063999995589256 25.643109545111656 1.5
      vertex 42.149999998509884 25.16489988565445 1.5
    endloop
  endfacet
  facet normal -0.09819177256116368 0.9951675114277478 0
    outer loop
      vertex 46.042000003159046 25.280329801142216 0.901
      vertex 43.367999993264675 25.01648999750614 1.5
      vertex 46.042000003159046 25.280329801142216 1.5
    endloop
  endfacet
  facet normal -0.10646917975117577 0.9943160029704399 0
    outer loop
      vertex 46.19600000232458 25.296819783747196 0.901
      vertex 46.042000003159046 25.280329801142216 1.5
      vertex 46.19600000232458 25.296819783747196 1.5
    endloop
  endfacet
  facet normal -0.22929493199514306 0.9733569921469423 0
    outer loop
      vertex 46.476000003516674 25.36277973651886 0.901
      vertex 46.19600000232458 25.296819783747196 1.5
      vertex 46.476000003516674 25.36277973651886 1.5
    endloop
  endfacet
  facet normal -0.42620759925258606 0.9046253823209622 0
    outer loop
      vertex 46.61599999666214 25.428739704191685 0.901
      vertex 46.476000003516674 25.36277973651886 1.5
      vertex 46.61599999666214 25.428739704191685 1.5
    endloop
  endfacet
  facet normal -0.4637860151971771 0.8859472513121331 0
    outer loop
      vertex 46.7419999986887 25.49469965696335 0.901
      vertex 46.61599999666214 25.428739704191685 1.5
      vertex 46.7419999986887 25.49469965696335 1.5
    endloop
  endfacet
  facet normal -0.4262074439364894 0.904625455496983 0
    outer loop
      vertex 46.882000006735325 25.56065960228443 0.901
      vertex 46.7419999986887 25.49469965696335 1.5
      vertex 46.882000006735325 25.56065960228443 1.5
    endloop
  endfacet
  facet normal -0.6175896868172315 0.7865004632783086 0
    outer loop
      vertex 47.0080000013113 25.659599527716637 0.901
      vertex 46.882000006735325 25.56065960228443 1.5
      vertex 47.0080000013113 25.659599527716637 1.5
    endloop
  endfacet
  facet normal -0.5928431178443784 0.8053179729923805 0
    outer loop
      vertex 47.11999999731779 25.742049477994442 0.901
      vertex 47.0080000013113 25.659599527716637 1.5
      vertex 47.11999999731779 25.742049477994442 1.5
    endloop
  endfacet
  facet normal -0.5284378488518297 0.8489719900567101 0
    outer loop
      vertex 48.79329117387533 26.78358017653227 0.901
      vertex 47.11999999731779 25.742049477994442 1.5
      vertex 48.79329117387533 26.78358017653227 1.5
    endloop
  endfacet
  facet normal 0.9742252388985904 0.22557744544387542 0
    outer loop
      vertex 48.68800000101328 26.170789167284966 0.901
      vertex 48.64599999785423 26.352179035544395 1.5
      vertex 48.68800000101328 26.170789167284966 1.5
    endloop
  endfacet
  facet normal 0.9813425227881076 -0.19226765970353105 0
    outer loop
      vertex 48.64599999785423 26.352179035544395 0.901
      vertex 48.68800000101328 26.566548883914948 1.5
      vertex 48.64599999785423 26.352179035544395 1.5
    endloop
  endfacet
  facet normal 0.8997101247783262 -0.4364879051833723 0
    outer loop
      vertex 48.68800000101328 26.566548883914948 0.901
      vertex 48.79329117387533 26.78358017653227 1.5
      vertex 48.68800000101328 26.566548883914948 1.5
    endloop
  endfacet
  facet normal 0 -1 0
    outer loop
      vertex 48.99439500272274 16.294624000787735 0.901
      vertex 51.52027499675751 16.294624000787735 1.5
      vertex 48.99439500272274 16.294624000787735 1.5
    endloop
  endfacet
  facet normal -1 0 0
    outer loop
      vertex 48.99439500272274 18.761269330978394 0.901
      vertex 48.99439500272274 16.294624000787735 1.5
      vertex 48.99439500272274 18.761269330978394 1.5
    endloop
  endfacet
  facet normal 1 0 0
    outer loop
      vertex 51.52027499675751 16.294624000787735 0.901
      vertex 51.52027499675751 18.761269330978394 1.5
      vertex 51.52027499675751 16.294624000787735 1.5
    endloop
  endfacet
  facet normal -1 0 0
    outer loop
      vertex 52.86217299848795 18.761269330978394 0.901
      vertex 52.86217299848795 12.296672001481056 1.5
      vertex 52.86217299848795 18.761269330978394 1.5
    endloop
  endfacet
  facet normal 0 -1 0
    outer loop
      vertex 51.52027499675751 18.761269330978394 0.901
      vertex 52.86217299848795 18.761269330978394 1.5
      vertex 51.52027499675751 18.761269330978394 1.5
    endloop
  endfacet
  facet normal -1 0 0
    outer loop
      vertex 55.511243000626564 17.61485866457224 0.901
      vertex 55.511243000626564 16.240821331739426 1.5
      vertex 55.511243000626564 17.61485866457224 1.5
    endloop
  endfacet
  facet normal 0 -1 0
    outer loop
      vertex 54.19126699864864 18.761269330978394 0.901
      vertex 58.93165700137615 18.761269330978394 1.5
      vertex 54.19126699864864 18.761269330978394 1.5
    endloop
  endfacet
  facet normal 0 -1 0
    outer loop
      vertex 55.511243000626564 16.240821331739426 0.901
      vertex 58.651003666222095 16.240821331739426 1.5
      vertex 55.511243000626564 16.240821331739426 1.5
    endloop
  endfacet
  facet normal 0 1 0
    outer loop
      vertex 58.93165700137615 17.61485866457224 0.901
      vertex 55.511243000626564 17.61485866457224 1.5
      vertex 58.93165700137615 17.61485866457224 1.5
    endloop
  endfacet
  facet normal 0.6505636482986296 0.7594517361309914 0
    outer loop
      vertex 48.940000005066395 25.87396937608719 0.901
      vertex 48.78600000590086 26.005889281630516 1.5
      vertex 48.940000005066395 25.87396937608719 1.5
    endloop
  endfacet
  facet normal 0.859647109598047 0.5108882920558302 0
    outer loop
      vertex 48.78600000590086 26.005889281630516 0.901
      vertex 48.68800000101328 26.170789167284966 1.5
      vertex 48.78600000590086 26.005889281630516 1.5
    endloop
  endfacet
  facet normal 0.4262075274028444 0.9046254161724363 0
    outer loop
      vertex 49.149999998509884 25.775029443204403 0.901
      vertex 48.940000005066395 25.87396937608719 1.5
      vertex 49.149999998509884 25.775029443204403 1.5
    endloop
  endfacet
  facet normal 0.2406805297395939 0.9706043903693556 0
    outer loop
      vertex 49.41599999368191 25.70906949043274 0.901
      vertex 49.149999998509884 25.775029443204403 1.5
      vertex 49.41599999368191 25.70906949043274 1.5
    endloop
  endfacet
  facet normal 0.10646927487135835 0.9943159927851745 0
    outer loop
      vertex 49.91999999433756 25.659599527716637 0.901
      vertex 49.765999995172024 25.67608952522278 1.5
      vertex 49.91999999433756 25.659599527716637 1.5
    endloop
  endfacet
  facet normal 0.16593248042048112 0.9861371161970869 0
    outer loop
      vertex 49.51399999856949 25.69257950782776 0.901
      vertex 49.41599999368191 25.70906949043274 1.5
      vertex 49.51399999856949 25.69257950782776 1.5
    endloop
  endfacet
  facet normal 0.12976629419569355 0.9915446076151677 0
    outer loop
      vertex 49.64000000059605 25.67608952522278 0.901
      vertex 49.51399999856949 25.69257950782776 1.5
      vertex 49.64000000059605 25.67608952522278 1.5
    endloop
  endfacet
  facet normal 0 1 0
    outer loop
      vertex 49.765999995172024 25.67608952522278 0.901
      vertex 49.64000000059605 25.67608952522278 1.5
      vertex 49.765999995172024 25.67608952522278 1.5
    endloop
  endfacet
  facet normal -0.1169770521619852 0.9931346178980431 0
    outer loop
      vertex 50.059999994933605 25.67608952522278 0.901
      vertex 49.91999999433756 25.659599527716637 1.5
      vertex 50.059999994933605 25.67608952522278 1.5
    endloop
  endfacet
  facet normal 0 1 0
    outer loop
      vertex 50.20000000298023 25.67608952522278 0.901
      vertex 50.059999994933605 25.67608952522278 1.5
      vertex 50.20000000298023 25.67608952522278 1.5
    endloop
  endfacet
  facet normal -0.14566168408913288 0.9893344600226546 0
    outer loop
      vertex 50.31199999898672 25.69257950782776 0.901
      vertex 50.20000000298023 25.67608952522278 1.5
      vertex 50.31199999898672 25.69257950782776 1.5
    endloop
  endfacet
  facet normal -0.19263263151071508 0.9812709459049815 0
    outer loop
      vertex 50.39599999785423 25.70906949043274 0.901
      vertex 50.31199999898672 25.69257950782776 1.5
      vertex 50.39599999785423 25.70906949043274 1.5
    endloop
  endfacet
  facet normal -0.2292950546877877 0.9733569632440734 0
    outer loop
      vertex 50.465999998152256 25.72555948793888 0.901
      vertex 50.39599999785423 25.70906949043274 1.5
      vertex 50.465999998152256 25.72555948793888 1.5
    endloop
  endfacet
  facet normal -0.4262074253746642 0.9046254642422464 0
    outer loop
      vertex 50.53600000590086 25.758539460599422 0.901
      vertex 50.465999998152256 25.72555948793888 1.5
      vertex 50.53600000590086 25.758539460599422 1.5
    endloop
  endfacet
  facet normal -0.3189535513867293 0.9477703477413677 0
    outer loop
      vertex 50.63400000333786 25.791519440710545 0.901
      vertex 50.53600000590086 25.758539460599422 1.5
      vertex 50.63400000333786 25.791519440710545 1.5
    endloop
  endfacet
  facet normal -0.507463681291722 0.8616731469471783 0
    outer loop
      vertex 50.71799999475479 25.840989410877228 0.901
      vertex 50.63400000333786 25.791519440710545 1.5
      vertex 50.71799999475479 25.840989410877228 1.5
    endloop
  endfacet
  facet normal -0.3654600986148502 0.9308270066561369 0
    outer loop
      vertex 50.885999999940395 25.90694935619831 0.901
      vertex 50.71799999475479 25.840989410877228 1.5
      vertex 50.885999999940395 25.90694935619831 1.5
    endloop
  endfacet
  facet normal -0.5074635460427082 0.8616732265991327 0
    outer loop
      vertex 50.94200000166893 25.939929328858852 0.901
      vertex 50.885999999940395 25.90694935619831 1.5
      vertex 50.94200000166893 25.939929328858852 1.5
    endloop
  endfacet
  facet normal -0.6175896991739982 0.7865004535753113 0
    outer loop
      vertex 50.984000004827976 25.972909308969975 0.901
      vertex 50.94200000166893 25.939929328858852 1.5
      vertex 50.984000004827976 25.972909308969975 1.5
    endloop
  endfacet
  facet normal -0.4637860367226629 0.8859472400437199 0
    outer loop
      vertex 51.10999999940395 26.038869261741638 0.901
      vertex 50.984000004827976 25.972909308969975 1.5
      vertex 51.10999999940395 26.038869261741638 1.5
    endloop
  endfacet
  facet normal -0.507463573092511 0.861673210668744 0
    outer loop
      vertex 51.25 26.121319197118282 0.901
      vertex 51.10999999940395 26.038869261741638 1.5
      vertex 51.25 26.121319197118282 1.5
    endloop
  endfacet
  facet normal -0.6175896929956152 0.7865004584268096 0
    outer loop
      vertex 51.37600000202656 26.220259130001068 0.901
      vertex 51.25 26.121319197118282 1.5
      vertex 51.37600000202656 26.220259130001068 1.5
    endloop
  endfacet
  facet normal -0.675501769640299 0.737358365527119 0
    outer loop
      vertex 51.501999996602535 26.335689052939415 0.901
      vertex 51.37600000202656 26.220259130001068 1.5
      vertex 51.501999996602535 26.335689052939415 1.5
    endloop
  endfacet
  facet normal -0.6620594642907374 0.7494513097880755 0
    outer loop
      vertex 51.614000000059605 26.4346289858222 0.901
      vertex 51.501999996602535 26.335689052939415 1.5
      vertex 51.614000000059605 26.4346289858222 1.5
    endloop
  endfacet
  facet normal -0.6437867446098152 0.7652049578150266 0
    outer loop
      vertex 51.711999997496605 26.517078921198845 0.901
      vertex 51.614000000059605 26.4346289858222 1.5
      vertex 51.711999997496605 26.517078921198845 1.5
    endloop
  endfacet
  facet normal -0.5771362297205129 0.8166478876137447 0
    outer loop
      vertex 51.78200000524521 26.566548883914948 0.901
      vertex 51.711999997496605 26.517078921198845 1.5
      vertex 51.78200000524521 26.566548883914948 1.5
    endloop
  endfacet
  facet normal -0.7623154490507859 0.6472056521218726 0
    outer loop
      vertex 51.809999994933605 26.59952885657549 0.901
      vertex 51.78200000524521 26.566548883914948 1.5
      vertex 51.809999994933605 26.59952885657549 1.5
    endloop
  endfacet
  facet normal -0.6620594362878784 0.7494513345255825 0
    outer loop
      vertex 51.86599999666214 26.64899881929159 0.901
      vertex 51.809999994933605 26.59952885657549 1.5
      vertex 51.86599999666214 26.64899881929159 1.5
    endloop
  endfacet
  facet normal -0.7623153695012108 0.6472057458198534 0
    outer loop
      vertex 52.4539999961853 27.34157832711935 0.901
      vertex 51.86599999666214 26.64899881929159 1.5
      vertex 52.4539999961853 27.34157832711935 1.5
    endloop
  endfacet
  facet normal 0.8163452036138273 -0.5775642895268881 0
    outer loop
      vertex 49.551130428910255 29.992881663143635 0.901
      vertex 49.61199999600649 30.078916378319263 1.5
      vertex 49.551130428910255 29.992881663143635 1.5
    endloop
  endfacet
  facet normal -0.9944158714004426 -0.10553233962581554 0
    outer loop
      vertex 49.551130428910255 29.992881663143635 0.901
      vertex 49.551130428910255 29.992881663143635 1.5
      vertex 49.52800000458956 30.21083628386259 1.5
    endloop
  endfacet
  facet normal 0.7623153105371829 -0.6472058152709987 0
    outer loop
      vertex 49.61199999600649 30.078916378319263 0.901
      vertex 49.68200000375509 30.161366313695908 1.5
      vertex 49.61199999600649 30.078916378319263 1.5
    endloop
  endfacet
  facet normal 0.7004915138730927 -0.7136607310142424 0
    outer loop
      vertex 49.68200000375509 30.161366313695908 0.901
      vertex 49.765999995172024 30.24381624907255 1.5
      vertex 49.68200000375509 30.161366313695908 1.5
    endloop
  endfacet
  facet normal 0.5771362876896086 -0.816647846646189 0
    outer loop
      vertex 49.765999995172024 30.24381624907255 0.901
      vertex 49.83600000292063 30.293286219239235 1.5
      vertex 49.765999995172024 30.24381624907255 1.5
    endloop
  endfacet
  facet normal 0.42620757841693924 -0.9046253921375237 0
    outer loop
      vertex 49.83600000292063 30.293286219239235 0.901
      vertex 49.90599999576807 30.326266199350357 1.5
      vertex 49.83600000292063 30.293286219239235 1.5
    endloop
  endfacet
  facet normal 0.36546008457188806 -0.9308270121696665 0
    outer loop
      vertex 49.90599999576807 30.326266199350357 0.901
      vertex 49.99000000208616 30.3592461720109 1.5
      vertex 49.90599999576807 30.326266199350357 1.5
    endloop
  endfacet
  facet normal -0.9895739873228478 -0.14402542697024157 0
    outer loop
      vertex 49.52800000458956 30.21083628386259 0.901
      vertex 49.52800000458956 30.21083628386259 1.5
      vertex 49.19200000166893 32.51943463087082 1.5
    endloop
  endfacet
  facet normal 0.19263281557569858 -0.9812709097712918 0
    outer loop
      vertex 49.99000000208616 30.3592461720109 0.901
      vertex 50.073999993503094 30.37573616951704 1.5
      vertex 49.99000000208616 30.3592461720109 1.5
    endloop
  endfacet
  facet normal 0 -1 0
    outer loop
      vertex 50.073999993503094 30.37573616951704 0.901
      vertex 50.31199999898672 30.37573616951704 1.5
      vertex 50.073999993503094 30.37573616951704 1.5
    endloop
  endfacet
  facet normal -0.3654601841926739 -0.9308269730566776 0
    outer loop
      vertex 50.31199999898672 30.37573616951704 0.901
      vertex 50.39599999785423 30.342756189405918 1.5
      vertex 50.31199999898672 30.37573616951704 1.5
    endloop
  endfacet
  facet normal -0.31446622367815286 -0.9492686627955238 0
    outer loop
      vertex 50.39599999785423 30.342756189405918 0.901
      vertex 50.84400000423193 30.19434628635645 1.5
      vertex 50.39599999785423 30.342756189405918 1.5
    endloop
  endfacet
  facet normal -0.5074636136672153 -0.861673186773159 0
    outer loop
      vertex 50.84400000423193 30.19434628635645 0.901
      vertex 50.95600000023842 30.128386333584785 1.5
      vertex 50.84400000423193 30.19434628635645 1.5
    endloop
  endfacet
  facet normal -0.3654600794508832 -0.9308270141802687 0
    outer loop
      vertex 50.95600000023842 30.128386333584785 0.901
      vertex 51.08200000226498 30.078916378319263 1.5
      vertex 50.95600000023842 30.128386333584785 1.5
    endloop
  endfacet
  facet normal -0.2532155561943187 -0.9674098831938828 0
    outer loop
      vertex 51.08200000226498 30.078916378319263 0.901
      vertex 51.207999996840954 30.04593639820814 1.5
      vertex 51.08200000226498 30.078916378319263 1.5
    endloop
  endfacet
  facet normal -0.7945900637982459 0.6071463007489212 0
    outer loop
      vertex 52.58000000566244 27.5064782127738 0.901
      vertex 52.4539999961853 27.34157832711935 1.5
      vertex 52.58000000566244 27.5064782127738 1.5
    endloop
  endfacet
  facet normal -0.802736992971156 0.5963332290889267 0
    outer loop
      vertex 52.67800000309944 27.638398118317127 0.901
      vertex 52.58000000566244 27.5064782127738 1.5
      vertex 52.67800000309944 27.638398118317127 1.5
    endloop
  endfacet
  facet normal -0.9204965296401615 0.3907507375814142 0
    outer loop
      vertex 52.70600000023842 27.70435807108879 0.901
      vertex 52.67800000309944 27.638398118317127 1.5
      vertex 52.70600000023842 27.70435807108879 1.5
    endloop
  endfacet
  facet normal -1 0 0
    outer loop
      vertex 52.70600000023842 27.737338051199913 0.901
      vertex 52.70600000023842 27.70435807108879 1.5
      vertex 52.70600000023842 27.737338051199913 1.5
    endloop
  endfacet
  facet normal -0.9204964922416835 0.39075082568147773 0
    outer loop
      vertex 52.734000004827976 27.803298003971577 0.901
      vertex 52.70600000023842 27.737338051199913 1.5
      vertex 52.734000004827976 27.803298003971577 1.5
    endloop
  endfacet
  facet normal -0.8702709621338066 0.4925732965424523 0
    outer loop
      vertex 52.78999999910593 27.902237936854362 0.901
      vertex 52.734000004827976 27.803298003971577 1.5
      vertex 52.78999999910593 27.902237936854362 1.5
    endloop
  endfacet
  facet normal -0.9204965030030953 0.39075080033068715 0
    outer loop
      vertex 52.846000000834465 28.03415783494711 0.901
      vertex 52.78999999910593 27.902237936854362 1.5
      vertex 52.846000000834465 28.03415783494711 1.5
    endloop
  endfacet
  facet normal -0.9468881157242709 0.3215632073172232 0
    outer loop
      vertex 52.902000002563 28.19905772060156 0.901
      vertex 52.846000000834465 28.03415783494711 1.5
      vertex 52.902000002563 28.19905772060156 1.5
    endloop
  endfacet
  facet normal -0.9555006254748255 0.2949890755896178 0
    outer loop
      vertex 52.957999996840954 28.38044758886099 0.901
      vertex 52.902000002563 28.19905772060156 1.5
      vertex 52.957999996840954 28.38044758886099 1.5
    endloop
  endfacet
  facet normal -0.9915774247419419 0.1295152915378663 0
    outer loop
      vertex 52.98600000143051 28.59481742978096 0.901
      vertex 52.957999996840954 28.38044758886099 1.5
      vertex 52.98600000143051 28.59481742978096 1.5
    endloop
  endfacet
  facet normal -0.997874250754123 0.0651688551525814 0
    outer loop
      vertex 53 28.809187285602093 0.901
      vertex 52.98600000143051 28.59481742978096 1.5
      vertex 53 28.809187285602093 1.5
    endloop
  endfacet
  facet normal -0.9955800883029197 -0.093916387147029 0
    outer loop
      vertex 52.98600000143051 28.95759716629982 0.901
      vertex 53 28.809187285602093 1.5
      vertex 52.98600000143051 28.95759716629982 1.5
    endloop
  endfacet
  facet normal -0.9528725828461667 -0.30337079763892105 0
    outer loop
      vertex 52.943999998271465 29.08951708674431 0.901
      vertex 52.98600000143051 28.95759716629982 1.5
      vertex 52.943999998271465 29.08951708674431 1.5
    endloop
  endfacet
  facet normal -0.2532155561943187 -0.9674098831938828 0
    outer loop
      vertex 51.347999997437 30.02944641560316 0.901
      vertex 51.47399999201298 29.99646643549204 1.5
      vertex 51.347999997437 30.02944641560316 1.5
    endloop
  endfacet
  facet normal -0.14566172953774703 -0.9893344533311635 0
    outer loop
      vertex 51.47399999201298 29.99646643549204 0.901
      vertex 51.58600000292063 29.979976445436478 1.5
      vertex 51.47399999201298 29.99646643549204 1.5
    endloop
  endfacet
  facet normal -0.16593249268837654 -0.9861371141328278 0
    outer loop
      vertex 51.58600000292063 29.979976445436478 0.901
      vertex 51.68400000035763 29.963486462831497 1.5
      vertex 51.58600000292063 29.979976445436478 1.5
    endloop
  endfacet
  facet normal -0.3654601841926739 -0.9308269730566776 0
    outer loop
      vertex 51.68400000035763 29.963486462831497 0.901
      vertex 51.76799999922514 29.930506482720375 1.5
      vertex 51.68400000035763 29.963486462831497 1.5
    endloop
  endfacet
  facet normal -0.4299072246287468 -0.9028730687156463 0
    outer loop
      vertex 51.76799999922514 29.930506482720375 0.901
      vertex 52.426000006496906 29.617196708917618 1.5
      vertex 51.76799999922514 29.930506482720375 1.5
    endloop
  endfacet
  facet normal -0.1169769479022915 -0.9931346301783381 0
    outer loop
      vertex 51.207999996840954 30.04593639820814 0.901
      vertex 51.347999997437 30.02944641560316 1.5
      vertex 51.207999996840954 30.04593639820814 1.5
    endloop
  endfacet
  facet normal -0.5583671405106241 -0.829593958752105 0
    outer loop
      vertex 52.538000002503395 29.534746758639812 0.901
      vertex 52.635999999940395 29.46878680586815 1.5
      vertex 52.538000002503395 29.534746758639812 1.5
    endloop
  endfacet
  facet normal -0.6437867159507764 -0.765204981926617 0
    outer loop
      vertex 52.635999999940395 29.46878680586815 0.901
      vertex 52.734000004827976 29.386336870491505 1.5
      vertex 52.635999999940395 29.46878680586815 1.5
    endloop
  endfacet
  facet normal -0.8163451695714693 -0.577564337643287 0
    outer loop
      vertex 52.81799999624491 29.3038869202137 0.901
      vertex 52.88800000399351 29.204947002232075 1.5
      vertex 52.81799999624491 29.3038869202137 1.5
    endloop
  endfacet
  facet normal -0.8997101253476636 -0.4364879040098267 0
    outer loop
      vertex 52.88800000399351 29.204947002232075 0.901
      vertex 52.943999998271465 29.08951708674431 1.5
      vertex 52.88800000399351 29.204947002232075 1.5
    endloop
  endfacet
  facet normal -0.700491578351784 -0.7136606677253737 0
    outer loop
      vertex 52.734000004827976 29.386336870491505 0.901
      vertex 52.81799999624491 29.3038869202137 1.5
      vertex 52.734000004827976 29.386336870491505 1.5
    endloop
  endfacet
  facet normal -0.5928431178443784 -0.8053179729923805 0
    outer loop
      vertex 52.426000006496906 29.617196708917618 0.901
      vertex 52.538000002503395 29.534746758639812 1.5
      vertex 52.426000006496906 29.617196708917618 1.5
    endloop
  endfacet
  facet normal 0 0 1
    outer loop
      vertex 60.12048900127411 12.296672001481056 0.901
      vertex 61.37903166562319 12.296672001481056 0.901
      vertex 61.37903166562319 16.888522669672966 0.901
    endloop
  endfacet
  facet normal 0 0 1
    outer loop
      vertex 61.37903166562319 16.888522669672966 0.901
      vertex 64.01891899853945 12.296672001481056 0.901
      vertex 64.11100433021784 14.248311996459961 0.901
    endloop
  endfacet
  facet normal 0 0 1
    outer loop
      vertex 64.01891899853945 12.296672001481056 0.901
      vertex 65.3695470020175 12.296672001481056 0.901
      vertex 64.11100433021784 14.248311996459961 0.901
    endloop
  endfacet
  facet normal 0 0 1
    outer loop
      vertex 65.3695470020175 12.296672001481056 0.901
      vertex 65.3695470020175 18.761269330978394 0.901
      vertex 64.11100433021784 14.248311996459961 0.901
    endloop
  endfacet
  facet normal -1 0 0
    outer loop
      vertex 59.08957300335169 12.296672001481056 0.901
      vertex 59.08957300335169 12.296672001481056 1.5
      vertex 59.08957300335169 13.459637336432934 0.901
    endloop
  endfacet
  facet normal 0 1 0
    outer loop
      vertex 60.12048900127411 12.296672001481056 0.901
      vertex 60.12048900127411 12.296672001481056 1.5
      vertex 61.37903166562319 12.296672001481056 0.901
    endloop
  endfacet
  facet normal -1 0 0
    outer loop
      vertex 58.651003666222095 15.119242668151855 0.901
      vertex 58.651003666222095 15.119242668151855 1.5
      vertex 58.651003666222095 16.240821331739426 0.901
    endloop
  endfacet
  facet normal 1 0 0
    outer loop
      vertex 60.12048900127411 12.296672001481056 0.901
      vertex 60.12048900127411 18.761269330978394 0.901
      vertex 60.12048900127411 14.716855626711622 1.5
    endloop
  endfacet
  facet normal -1 0 0
    outer loop
      vertex 61.37903166562319 12.296672001481056 0.901
      vertex 61.37903166562319 12.296672001481056 1.5
      vertex 61.37903166562319 16.888522669672966 0.901
    endloop
  endfacet
  facet normal 0.8669411218222628 0.4984105649899052 0
    outer loop
      vertex 61.37903166562319 16.888522669672966 0.901
      vertex 61.37903166562319 16.888522669672966 1.5
      vertex 64.01891899853945 12.296672001481056 0.901
    endloop
  endfacet
  facet normal 0 1 0
    outer loop
      vertex 64.01891899853945 12.296672001481056 0.901
      vertex 64.01891899853945 12.296672001481056 1.5
      vertex 65.3695470020175 12.296672001481056 0.901
    endloop
  endfacet
  facet normal -1 0 0
    outer loop
      vertex 65.3695470020175 12.296672001481056 0.901
      vertex 65.3695470020175 12.296672001481056 1.5
      vertex 65.3695470020175 18.761269330978394 0.901
    endloop
  endfacet
  facet normal -1 0 0
    outer loop
      vertex 59.08957300335169 13.459637336432934 0.901
      vertex 59.08957300335169 12.296672001481056 1.5
      vertex 59.08957300335169 13.459637336432934 1.5
    endloop
  endfacet
  facet normal 1 0 0
    outer loop
      vertex 60.12048900127411 12.296672001481056 0.901
      vertex 60.12048900127411 14.716855626711622 1.5
      vertex 60.12048900127411 12.296672001481056 1.5
    endloop
  endfacet
  facet normal 0 1 0
    outer loop
      vertex 61.37903166562319 12.296672001481056 0.901
      vertex 60.12048900127411 12.296672001481056 1.5
      vertex 61.37903166562319 12.296672001481056 1.5
    endloop
  endfacet
  facet normal -1 0 0
    outer loop
      vertex 61.37903166562319 16.888522669672966 0.901
      vertex 61.37903166562319 12.296672001481056 1.5
      vertex 61.37903166562319 16.888522669672966 1.5
    endloop
  endfacet
  facet normal 0.8669411218222628 0.4984105649899052 0
    outer loop
      vertex 64.01891899853945 12.296672001481056 0.901
      vertex 61.37903166562319 16.888522669672966 1.5
      vertex 64.01891899853945 12.296672001481056 1.5
    endloop
  endfacet
  facet normal 0 1 0
    outer loop
      vertex 65.3695470020175 12.296672001481056 0.901
      vertex 64.01891899853945 12.296672001481056 1.5
      vertex 65.3695470020175 12.296672001481056 1.5
    endloop
  endfacet
  facet normal 0 0 1
    outer loop
      vertex 60.12048900127411 12.296672001481056 0.901
      vertex 61.37903166562319 16.888522669672966 0.901
      vertex 60.12048900127411 18.761269330978394 0.901
    endloop
  endfacet
  facet normal 0 0 1
    outer loop
      vertex 61.37903166562319 16.888522669672966 0.901
      vertex 64.11100433021784 14.248311996459961 0.901
      vertex 61.53688299655914 18.761269330978394 0.901
    endloop
  endfacet
  facet normal 0 0 1
    outer loop
      vertex 61.37903166562319 16.888522669672966 0.901
      vertex 61.53688299655914 18.761269330978394 0.901
      vertex 60.12048900127411 18.761269330978394 0.901
    endloop
  endfacet
  facet normal 0 0 1
    outer loop
      vertex 64.11100433021784 14.248311996459961 0.901
      vertex 65.3695470020175 18.761269330978394 0.901
      vertex 64.11100433021784 18.761269330978394 0.901
    endloop
  endfacet
  facet normal -1 0 0
    outer loop
      vertex 58.93165700137615 17.61485866457224 0.901
      vertex 58.93165700137615 17.61485866457224 1.5
      vertex 58.93165700137615 18.761269330978394 0.901
    endloop
  endfacet
  facet normal -0.8686335093667261 -0.4954551709340067 0
    outer loop
      vertex 64.11100433021784 14.248311996459961 0.901
      vertex 64.11100433021784 14.248311996459961 1.5
      vertex 61.53688299655914 18.761269330978394 0.901
    endloop
  endfacet
  facet normal 0 -1 0
    outer loop
      vertex 60.12048900127411 18.761269330978394 0.901
      vertex 61.53688299655914 18.761269330978394 0.901
      vertex 61.53688299655914 18.761269330978394 1.5
    endloop
  endfacet
  facet normal 1 0 0
    outer loop
      vertex 64.11100433021784 14.248311996459961 0.901
      vertex 64.11100433021784 18.761269330978394 0.901
      vertex 64.11100433021784 18.761269330978394 1.5
    endloop
  endfacet
  facet normal 0 -1 0
    outer loop
      vertex 64.11100433021784 18.761269330978394 0.901
      vertex 65.3695470020175 18.761269330978394 0.901
      vertex 65.3695470020175 18.761269330978394 1.5
    endloop
  endfacet
  facet normal -1 0 0
    outer loop
      vertex 58.651003666222095 16.240821331739426 0.901
      vertex 58.651003666222095 15.119242668151855 1.5
      vertex 58.651003666222095 16.240821331739426 1.5
    endloop
  endfacet
  facet normal 1 0 0
    outer loop
      vertex 60.12048900127411 18.761269330978394 0.901
      vertex 60.12048900127411 18.761269330978394 1.5
      vertex 60.12048900127411 14.716855626711622 1.5
    endloop
  endfacet
  facet normal -1 0 0
    outer loop
      vertex 58.93165700137615 18.761269330978394 0.901
      vertex 58.93165700137615 17.61485866457224 1.5
      vertex 58.93165700137615 18.761269330978394 1.5
    endloop
  endfacet
  facet normal 0 -1 0
    outer loop
      vertex 60.12048900127411 18.761269330978394 0.901
      vertex 61.53688299655914 18.761269330978394 1.5
      vertex 60.12048900127411 18.761269330978394 1.5
    endloop
  endfacet
  facet normal -0.8686335093667261 -0.4954551709340067 0
    outer loop
      vertex 61.53688299655914 18.761269330978394 0.901
      vertex 64.11100433021784 14.248311996459961 1.5
      vertex 61.53688299655914 18.761269330978394 1.5
    endloop
  endfacet
  facet normal 1 0 0
    outer loop
      vertex 64.11100433021784 14.248311996459961 0.901
      vertex 64.11100433021784 18.761269330978394 1.5
      vertex 64.11100433021784 14.248311996459961 1.5
    endloop
  endfacet
  facet normal -1 0 0
    outer loop
      vertex 65.3695470020175 18.761269330978394 0.901
      vertex 65.3695470020175 12.296672001481056 1.5
      vertex 65.3695470020175 18.761269330978394 1.5
    endloop
  endfacet
  facet normal 0 -1 0
    outer loop
      vertex 64.11100433021784 18.761269330978394 0.901
      vertex 65.3695470020175 18.761269330978394 1.5
      vertex 64.11100433021784 18.761269330978394 1.5
    endloop
  endfacet
  facet normal 0 0 1
    outer loop
      vertex 38.39800000190735 28.59481742978096 0.901
      vertex 38.60799999535084 28.479387514293194 0.901
      vertex 47.11999999731779 37.136631324887276 0.901
    endloop
  endfacet
  facet normal 0 0 1
    outer loop
      vertex 37.75400000065565 28.809187285602093 0.901
      vertex 37.96399999409914 28.75971731543541 0.901
      vertex 45.3559999987483 39.59363957494497 0.901
    endloop
  endfacet
  facet normal 0 0 1
    outer loop
      vertex 38.18800000101328 28.693757362663746 0.901
      vertex 45.3559999987483 39.59363957494497 0.901
      vertex 37.96399999409914 28.75971731543541 0.901
    endloop
  endfacet
  facet normal 0 0 1
    outer loop
      vertex 38.18800000101328 28.693757362663746 0.901
      vertex 38.39800000190735 28.59481742978096 0.901
      vertex 45.3559999987483 39.59363957494497 0.901
    endloop
  endfacet
  facet normal 0 0 1
    outer loop
      vertex 38.60799999535084 28.479387514293194 0.901
      vertex 38.80399999767542 28.314487643539906 0.901
      vertex 47.652000002563 36.229681983590126 0.901
    endloop
  endfacet
  facet normal 0 0 1
    outer loop
      vertex 37.75400000065565 28.809187285602093 0.901
      vertex 41.54800000041723 42.05064782500267 0.901
      vertex 39.29876943677664 42.13737988471985 0.901
    endloop
  endfacet
  facet normal 0 0 1
    outer loop
      vertex 37.75400000065565 28.809187285602093 0.901
      vertex 41.7580000013113 42.03415783494711 0.901
      vertex 41.54800000041723 42.05064782500267 0.901
    endloop
  endfacet
  facet normal 0 0 1
    outer loop
      vertex 37.75400000065565 28.809187285602093 0.901
      vertex 41.9539999961853 42.01766783744097 0.901
      vertex 41.7580000013113 42.03415783494711 0.901
    endloop
  endfacet
  facet normal 0 0 1
    outer loop
      vertex 37.75400000065565 28.809187285602093 0.901
      vertex 42.16399999707937 41.968197874724865 0.901
      vertex 41.9539999961853 42.01766783744097 0.901
    endloop
  endfacet
  facet normal 0 0 1
    outer loop
      vertex 37.75400000065565 28.809187285602093 0.901
      vertex 42.35999999940395 41.9022379219532 0.901
      vertex 42.16399999707937 41.968197874724865 0.901
    endloop
  endfacet
  facet normal 0 0 1
    outer loop
      vertex 37.75400000065565 28.809187285602093 0.901
      vertex 42.542000003159046 41.83627796918154 0.901
      vertex 42.35999999940395 41.9022379219532 0.901
    endloop
  endfacet
  facet normal 0 0 1
    outer loop
      vertex 37.75400000065565 28.809187285602093 0.901
      vertex 42.73800000548363 41.73733803629875 0.901
      vertex 42.542000003159046 41.83627796918154 0.901
    endloop
  endfacet
  facet normal 0 0 1
    outer loop
      vertex 37.75400000065565 28.809187285602093 0.901
      vertex 42.91999999433756 41.63839811831713 0.901
      vertex 42.73800000548363 41.73733803629875 0.901
    endloop
  endfacet
  facet normal 0 0 1
    outer loop
      vertex 37.75400000065565 28.809187285602093 0.901
      vertex 43.10199999809265 41.52296820282936 0.901
      vertex 42.91999999433756 41.63839811831713 0.901
    endloop
  endfacet
  facet normal 0 0 1
    outer loop
      vertex 37.75400000065565 28.809187285602093 0.901
      vertex 44.58600000292063 40.45111896842718 0.901
      vertex 44.27800000458956 40.681978806853294 0.901
    endloop
  endfacet
  facet normal 0 0 1
    outer loop
      vertex 37.75400000065565 28.809187285602093 0.901
      vertex 44.85199999809265 40.187279149889946 0.901
      vertex 44.726000003516674 40.31919905543327 0.901
    endloop
  endfacet
  facet normal 0 0 1
    outer loop
      vertex 37.75400000065565 28.809187285602093 0.901
      vertex 44.726000003516674 40.31919905543327 0.901
      vertex 44.58600000292063 40.45111896842718 0.901
    endloop
  endfacet
  facet normal 0 0 1
    outer loop
      vertex 37.75400000065565 28.809187285602093 0.901
      vertex 44.9919999986887 40.05535924434662 0.901
      vertex 44.85199999809265 40.187279149889946 0.901
    endloop
  endfacet
  facet normal 0 0 1
    outer loop
      vertex 38.39800000190735 28.59481742978096 0.901
      vertex 46.93800000101328 37.41696112602949 0.901
      vertex 45.3559999987483 39.59363957494497 0.901
    endloop
  endfacet
  facet normal 0 0 1
    outer loop
      vertex 37.75400000065565 28.809187285602093 0.901
      vertex 45.3559999987483 39.59363957494497 0.901
      vertex 45.244000002741814 39.75853946059942 0.901
    endloop
  endfacet
  facet normal 0 0 1
    outer loop
      vertex 37.75400000065565 28.809187285602093 0.901
      vertex 45.244000002741814 39.75853946059942 0.901
      vertex 44.9919999986887 40.05535924434662 0.901
    endloop
  endfacet
  facet normal 0 0 1
    outer loop
      vertex 37.75400000065565 28.809187285602093 0.901
      vertex 44.27800000458956 40.681978806853294 0.901
      vertex 43.10199999809265 41.52296820282936 0.901
    endloop
  endfacet
  facet normal 0 0 1
    outer loop
      vertex 40.063999995589256 25.643109545111656 0.901
      vertex 48.88400000333786 33.706713780760765 0.901
      vertex 48.79999999701977 33.904593631625175 0.901
    endloop
  endfacet
  facet normal 0 0 1
    outer loop
      vertex 40.063999995589256 25.643109545111656 0.901
      vertex 48.79999999701977 33.904593631625175 0.901
      vertex 48.715999998152256 34.08598351478577 0.901
    endloop
  endfacet
  facet normal 0 0 1
    outer loop
      vertex 40.063999995589256 25.643109545111656 0.901
      vertex 48.715999998152256 34.08598351478577 0.901
      vertex 47.652000002563 36.229681983590126 0.901
    endloop
  endfacet
  facet normal 0 0 1
    outer loop
      vertex 38.60799999535084 28.479387514293194 0.901
      vertex 47.652000002563 36.229681983590126 0.901
      vertex 47.56799999624491 36.394581861793995 0.901
    endloop
  endfacet
  facet normal 0 0 1
    outer loop
      vertex 38.60799999535084 28.479387514293194 0.901
      vertex 47.56799999624491 36.394581861793995 0.901
      vertex 47.31599999964237 36.83981154114008 0.901
    endloop
  endfacet
  facet normal 0 0 1
    outer loop
      vertex 38.39800000190735 28.59481742978096 0.901
      vertex 47.11999999731779 37.136631324887276 0.901
      vertex 47.03600000590086 37.285041227936745 0.901
    endloop
  endfacet
  facet normal 0 0 1
    outer loop
      vertex 38.60799999535084 28.479387514293194 0.901
      vertex 47.31599999964237 36.83981154114008 0.901
      vertex 47.11999999731779 37.136631324887276 0.901
    endloop
  endfacet
  facet normal 0 0 1
    outer loop
      vertex 38.39800000190735 28.59481742978096 0.901
      vertex 47.03600000590086 37.285041227936745 0.901
      vertex 46.93800000101328 37.41696112602949 0.901
    endloop
  endfacet
  facet normal -0.8957352508546728 -0.44458785450832583 0
    outer loop
      vertex 48.715999998152256 34.08598351478577 0.901
      vertex 48.715999998152256 34.08598351478577 1.5
      vertex 47.652000002563 36.229681983590126 0.901
    endloop
  endfacet
  facet normal -0.8702709345714367 -0.49257334523922247 0
    outer loop
      vertex 47.56799999624491 36.394581861793995 0.901
      vertex 47.56799999624491 36.394581861793995 1.5
      vertex 47.31599999964237 36.83981154114008 0.901
    endloop
  endfacet
  facet normal -0.8910517182608572 -0.4539017904617407 0
    outer loop
      vertex 47.652000002563 36.229681983590126 0.901
      vertex 47.652000002563 36.229681983590126 1.5
      vertex 47.56799999624491 36.394581861793995 0.901
    endloop
  endfacet
  facet normal -0.8702709674340212 -0.49257328717811405 0
    outer loop
      vertex 47.03600000590086 37.285041227936745 0.901
      vertex 47.11999999731779 37.136631324887276 0.901
      vertex 47.11999999731779 37.136631324887276 1.5
    endloop
  endfacet
  facet normal -0.8344814964700367 -0.5510359625733409 0
    outer loop
      vertex 47.11999999731779 37.136631324887276 0.901
      vertex 47.31599999964237 36.83981154114008 0.901
      vertex 47.31599999964237 36.83981154114008 1.5
    endloop
  endfacet
  facet normal -0.8027369551459234 -0.596333280006283 0
    outer loop
      vertex 47.03600000590086 37.285041227936745 0.901
      vertex 47.03600000590086 37.285041227936745 1.5
      vertex 46.93800000101328 37.41696112602949 0.901
    endloop
  endfacet
  facet normal -0.808919691587374 -0.5879191547842166 0
    outer loop
      vertex 45.3559999987483 39.59363957494497 0.901
      vertex 46.93800000101328 37.41696112602949 0.901
      vertex 46.93800000101328 37.41696112602949 1.5
    endloop
  endfacet
  facet normal -0.4872279089858026 -0.8732748506085141 0
    outer loop
      vertex 39.29876943677664 42.13737988471985 0.901
      vertex 39.29876943677664 42.13737988471985 1.5
      vertex 39.06999999284744 42.26501765847206 0.901
    endloop
  endfacet
  facet normal -0.03853213208278033 -0.9992573616427127 0
    outer loop
      vertex 39.29876943677664 42.13737988471985 0.901
      vertex 41.54800000041723 42.05064782500267 0.901
      vertex 41.54800000041723 42.05064782500267 1.5
    endloop
  endfacet
  facet normal -0.07828278762745638 -0.9969311937948748 0
    outer loop
      vertex 41.54800000041723 42.05064782500267 0.901
      vertex 41.7580000013113 42.03415783494711 0.901
      vertex 41.7580000013113 42.03415783494711 1.5
    endloop
  endfacet
  facet normal -0.08383645588079007 -0.9964795274692543 0
    outer loop
      vertex 41.7580000013113 42.03415783494711 0.901
      vertex 41.9539999961853 42.01766783744097 0.901
      vertex 41.9539999961853 42.01766783744097 1.5
    endloop
  endfacet
  facet normal -0.22929492381563302 -0.9733569940737997 0
    outer loop
      vertex 41.9539999961853 42.01766783744097 0.901
      vertex 42.16399999707937 41.968197874724865 0.901
      vertex 42.16399999707937 41.968197874724865 1.5
    endloop
  endfacet
  facet normal -0.3189535081331304 -0.9477703622975183 0
    outer loop
      vertex 42.16399999707937 41.968197874724865 0.901
      vertex 42.35999999940395 41.9022379219532 0.901
      vertex 42.35999999940395 41.9022379219532 1.5
    endloop
  endfacet
  facet normal -0.3407306145946211 -0.9401609693440649 0
    outer loop
      vertex 42.35999999940395 41.9022379219532 0.901
      vertex 42.542000003159046 41.83627796918154 0.901
      vertex 42.542000003159046 41.83627796918154 1.5
    endloop
  endfacet
  facet normal -0.5355925856840659 -0.8444765136818527 0
    outer loop
      vertex 42.91999999433756 41.63839811831713 0.901
      vertex 43.10199999809265 41.52296820282936 0.901
      vertex 43.10199999809265 41.52296820282936 1.5
    endloop
  endfacet
  facet normal -0.45063515274616894 -0.8927082161095174 0
    outer loop
      vertex 42.73800000548363 41.73733803629875 0.901
      vertex 42.73800000548363 41.73733803629875 1.5
      vertex 42.542000003159046 41.83627796918154 0.901
    endloop
  endfacet
  facet normal -0.4776134901583424 -0.87857006210021 0
    outer loop
      vertex 42.73800000548363 41.73733803629875 0.901
      vertex 42.91999999433756 41.63839811831713 0.901
      vertex 42.91999999433756 41.63839811831713 1.5
    endloop
  endfacet
  facet normal -0.5997669298642143 -0.8001747495649026 0
    outer loop
      vertex 44.27800000458956 40.681978806853294 0.901
      vertex 44.58600000292063 40.45111896842718 0.901
      vertex 44.58600000292063 40.45111896842718 1.5
    endloop
  endfacet
  facet normal -0.685792412342049 -0.727797201955375 0
    outer loop
      vertex 44.9919999986887 40.05535924434662 0.901
      vertex 44.9919999986887 40.05535924434662 1.5
      vertex 44.85199999809265 40.187279149889946 0.901
    endloop
  endfacet
  facet normal -0.6857924328580733 -0.7277971826234317 0
    outer loop
      vertex 44.58600000292063 40.45111896842718 0.901
      vertex 44.726000003516674 40.31919905543327 0.901
      vertex 44.726000003516674 40.31919905543327 1.5
    endloop
  endfacet
  facet normal -0.7231462036532279 -0.6906949892260144 0
    outer loop
      vertex 44.85199999809265 40.187279149889946 0.901
      vertex 44.85199999809265 40.187279149889946 1.5
      vertex 44.726000003516674 40.31919905543327 0.901
    endloop
  endfacet
  facet normal -0.827234116849504 -0.5618573804091402 0
    outer loop
      vertex 45.3559999987483 39.59363957494497 0.901
      vertex 45.3559999987483 39.59363957494497 1.5
      vertex 45.244000002741814 39.75853946059942 0.901
    endloop
  endfacet
  facet normal -0.7623153583812922 -0.6472057589175194 0
    outer loop
      vertex 44.9919999986887 40.05535924434662 0.901
      vertex 45.244000002741814 39.75853946059942 0.901
      vertex 45.244000002741814 39.75853946059942 1.5
    endloop
  endfacet
  facet normal -0.5816912457581319 -0.8134096720646692 0
    outer loop
      vertex 43.10199999809265 41.52296820282936 0.901
      vertex 44.27800000458956 40.681978806853294 0.901
      vertex 44.27800000458956 40.681978806853294 1.5
    endloop
  endfacet
  facet normal -0.9895739873228478 -0.14402542697024157 -3.9724030070932305e-17
    outer loop
      vertex 49.52800000458956 30.21083628386259 0.901
      vertex 49.19200000166893 32.51943463087082 1.5
      vertex 49.19200000166893 32.51943463087082 0.901
    endloop
  endfacet
  facet normal -0.9915774253200315 -0.12951528711197519 0
    outer loop
      vertex 49.19200000166893 32.51943463087082 0.901
      vertex 49.19200000166893 32.51943463087082 1.5
      vertex 49.16399999707937 32.73380447924137 0.901
    endloop
  endfacet
  facet normal -0.9782085417540443 -0.20762477896298004 0
    outer loop
      vertex 49.16399999707937 32.73380447924137 0.901
      vertex 49.16399999707937 32.73380447924137 1.5
      vertex 49.121999993920326 32.93168433755636 0.901
    endloop
  endfacet
  facet normal -0.962210803655831 -0.2723056542343541 0
    outer loop
      vertex 49.121999993920326 32.93168433755636 0.901
      vertex 49.121999993920326 32.93168433755636 1.5
      vertex 48.9539999961853 33.525323912501335 0.901
    endloop
  endfacet
  facet normal -0.9329406340457149 -0.3600302394888231 0
    outer loop
      vertex 48.88400000333786 33.706713780760765 0.901
      vertex 48.9539999961853 33.525323912501335 0.901
      vertex 48.9539999961853 33.525323912501335 1.5
    endloop
  endfacet
  facet normal -0.9204964994159579 -0.39075080878095114 0
    outer loop
      vertex 48.88400000333786 33.706713780760765 0.901
      vertex 48.88400000333786 33.706713780760765 1.5
      vertex 48.79999999701977 33.904593631625175 0.901
    endloop
  endfacet
  facet normal -0.9074226521018601 -0.42021914574710484 0
    outer loop
      vertex 48.715999998152256 34.08598351478577 0.901
      vertex 48.79999999701977 33.904593631625175 0.901
      vertex 48.79999999701977 33.904593631625175 1.5
    endloop
  endfacet
  facet normal -0.9074226521018601 -0.42021914574710484 0
    outer loop
      vertex 48.715999998152256 34.08598351478577 0.901
      vertex 48.79999999701977 33.904593631625175 1.5
      vertex 48.715999998152256 34.08598351478577 1.5
    endloop
  endfacet
  facet normal -0.8702709345714367 -0.49257334523922247 0
    outer loop
      vertex 47.31599999964237 36.83981154114008 0.901
      vertex 47.56799999624491 36.394581861793995 1.5
      vertex 47.31599999964237 36.83981154114008 1.5
    endloop
  endfacet
  facet normal -0.8957352508546728 -0.44458785450832583 0
    outer loop
      vertex 47.652000002563 36.229681983590126 0.901
      vertex 48.715999998152256 34.08598351478577 1.5
      vertex 47.652000002563 36.229681983590126 1.5
    endloop
  endfacet
  facet normal -0.8910517182608572 -0.4539017904617407 0
    outer loop
      vertex 47.56799999624491 36.394581861793995 0.901
      vertex 47.652000002563 36.229681983590126 1.5
      vertex 47.56799999624491 36.394581861793995 1.5
    endloop
  endfacet
  facet normal -0.8344814964700367 -0.5510359625733409 0
    outer loop
      vertex 47.11999999731779 37.136631324887276 0.901
      vertex 47.31599999964237 36.83981154114008 1.5
      vertex 47.11999999731779 37.136631324887276 1.5
    endloop
  endfacet
  facet normal -0.8702709674340212 -0.49257328717811405 0
    outer loop
      vertex 47.03600000590086 37.285041227936745 0.901
      vertex 47.11999999731779 37.136631324887276 1.5
      vertex 47.03600000590086 37.285041227936745 1.5
    endloop
  endfacet
  facet normal -0.8027369551459234 -0.596333280006283 0
    outer loop
      vertex 46.93800000101328 37.41696112602949 0.901
      vertex 47.03600000590086 37.285041227936745 1.5
      vertex 46.93800000101328 37.41696112602949 1.5
    endloop
  endfacet
  facet normal -0.4872279089858026 -0.8732748506085141 0
    outer loop
      vertex 39.06999999284744 42.26501765847206 0.901
      vertex 39.29876943677664 42.13737988471985 1.5
      vertex 39.06999999284744 42.26501765847206 1.5
    endloop
  endfacet
  facet normal -0.03853213208278033 -0.9992573616427127 0
    outer loop
      vertex 39.29876943677664 42.13737988471985 0.901
      vertex 41.54800000041723 42.05064782500267 1.5
      vertex 39.29876943677664 42.13737988471985 1.5
    endloop
  endfacet
  facet normal -0.07828278762745638 -0.9969311937948748 0
    outer loop
      vertex 41.54800000041723 42.05064782500267 0.901
      vertex 41.7580000013113 42.03415783494711 1.5
      vertex 41.54800000041723 42.05064782500267 1.5
    endloop
  endfacet
  facet normal -0.08383645588079007 -0.9964795274692543 0
    outer loop
      vertex 41.7580000013113 42.03415783494711 0.901
      vertex 41.9539999961853 42.01766783744097 1.5
      vertex 41.7580000013113 42.03415783494711 1.5
    endloop
  endfacet
  facet normal -0.22929492381563302 -0.9733569940737997 0
    outer loop
      vertex 41.9539999961853 42.01766783744097 0.901
      vertex 42.16399999707937 41.968197874724865 1.5
      vertex 41.9539999961853 42.01766783744097 1.5
    endloop
  endfacet
  facet normal -0.3189535081331304 -0.9477703622975183 0
    outer loop
      vertex 42.16399999707937 41.968197874724865 0.901
      vertex 42.35999999940395 41.9022379219532 1.5
      vertex 42.16399999707937 41.968197874724865 1.5
    endloop
  endfacet
  facet normal -0.3407306145946211 -0.9401609693440649 0
    outer loop
      vertex 42.35999999940395 41.9022379219532 0.901
      vertex 42.542000003159046 41.83627796918154 1.5
      vertex 42.35999999940395 41.9022379219532 1.5
    endloop
  endfacet
  facet normal -0.45063515274616894 -0.8927082161095174 0
    outer loop
      vertex 42.542000003159046 41.83627796918154 0.901
      vertex 42.73800000548363 41.73733803629875 1.5
      vertex 42.542000003159046 41.83627796918154 1.5
    endloop
  endfacet
  facet normal -0.5355925856840659 -0.8444765136818527 0
    outer loop
      vertex 42.91999999433756 41.63839811831713 0.901
      vertex 43.10199999809265 41.52296820282936 1.5
      vertex 42.91999999433756 41.63839811831713 1.5
    endloop
  endfacet
  facet normal -0.5816912457581319 -0.8134096720646692 0
    outer loop
      vertex 43.10199999809265 41.52296820282936 0.901
      vertex 44.27800000458956 40.681978806853294 1.5
      vertex 43.10199999809265 41.52296820282936 1.5
    endloop
  endfacet
  facet normal -0.4776134901583424 -0.87857006210021 0
    outer loop
      vertex 42.73800000548363 41.73733803629875 0.901
      vertex 42.91999999433756 41.63839811831713 1.5
      vertex 42.73800000548363 41.73733803629875 1.5
    endloop
  endfacet
  facet normal -0.5997669298642143 -0.8001747495649026 0
    outer loop
      vertex 44.27800000458956 40.681978806853294 0.901
      vertex 44.58600000292063 40.45111896842718 1.5
      vertex 44.27800000458956 40.681978806853294 1.5
    endloop
  endfacet
  facet normal -0.7623153583812922 -0.6472057589175194 0
    outer loop
      vertex 44.9919999986887 40.05535924434662 0.901
      vertex 45.244000002741814 39.75853946059942 1.5
      vertex 44.9919999986887 40.05535924434662 1.5
    endloop
  endfacet
  facet normal -0.685792412342049 -0.727797201955375 0
    outer loop
      vertex 44.85199999809265 40.187279149889946 0.901
      vertex 44.9919999986887 40.05535924434662 1.5
      vertex 44.85199999809265 40.187279149889946 1.5
    endloop
  endfacet
  facet normal -0.6857924328580733 -0.7277971826234317 0
    outer loop
      vertex 44.58600000292063 40.45111896842718 0.901
      vertex 44.726000003516674 40.31919905543327 1.5
      vertex 44.58600000292063 40.45111896842718 1.5
    endloop
  endfacet
  facet normal -0.7231462036532279 -0.6906949892260144 0
    outer loop
      vertex 44.726000003516674 40.31919905543327 0.901
      vertex 44.85199999809265 40.187279149889946 1.5
      vertex 44.726000003516674 40.31919905543327 1.5
    endloop
  endfacet
  facet normal -0.827234116849504 -0.5618573804091402 0
    outer loop
      vertex 45.244000002741814 39.75853946059942 0.901
      vertex 45.3559999987483 39.59363957494497 1.5
      vertex 45.244000002741814 39.75853946059942 1.5
    endloop
  endfacet
  facet normal -0.808919691587374 -0.5879191547842166 0
    outer loop
      vertex 45.3559999987483 39.59363957494497 0.901
      vertex 46.93800000101328 37.41696112602949 1.5
      vertex 45.3559999987483 39.59363957494497 1.5
    endloop
  endfacet
  facet normal -0.9915774253200315 -0.12951528711197519 0
    outer loop
      vertex 49.16399999707937 32.73380447924137 0.901
      vertex 49.19200000166893 32.51943463087082 1.5
      vertex 49.16399999707937 32.73380447924137 1.5
    endloop
  endfacet
  facet normal -0.9782085417540443 -0.20762477896298004 0
    outer loop
      vertex 49.121999993920326 32.93168433755636 0.901
      vertex 49.16399999707937 32.73380447924137 1.5
      vertex 49.121999993920326 32.93168433755636 1.5
    endloop
  endfacet
  facet normal -0.962210803655831 -0.2723056542343541 0
    outer loop
      vertex 48.9539999961853 33.525323912501335 0.901
      vertex 49.121999993920326 32.93168433755636 1.5
      vertex 48.9539999961853 33.525323912501335 1.5
    endloop
  endfacet
  facet normal -0.9329406340457149 -0.3600302394888231 0
    outer loop
      vertex 48.88400000333786 33.706713780760765 0.901
      vertex 48.9539999961853 33.525323912501335 1.5
      vertex 48.88400000333786 33.706713780760765 1.5
    endloop
  endfacet
  facet normal -0.9204964994159579 -0.39075080878095114 0
    outer loop
      vertex 48.79999999701977 33.904593631625175 0.901
      vertex 48.88400000333786 33.706713780760765 1.5
      vertex 48.79999999701977 33.904593631625175 1.5
    endloop
  endfacet
endsolid OpenSCAD_Model
