solid OpenSCAD_Model
  facet normal 0 1 0
    outer loop
      vertex 48.22024415433407 24.054457880556583 0.9
      vertex 50.20410815626383 24.054457880556583 1.5
      vertex 50.20410815626383 24.054457880556583 0.9
    endloop
  endfacet
  facet normal 0 1 0
    outer loop
      vertex 48.22024415433407 24.054457880556583 0.9
      vertex 48.22024415433407 24.054457880556583 1.5
      vertex 50.20410815626383 24.054457880556583 1.5
    endloop
  endfacet
  facet normal 1 0 0
    outer loop
      vertex 48.22024415433407 30.839036360383034 0.9
      vertex 48.22024415433407 24.054457880556583 1.5
      vertex 48.22024415433407 24.054457880556583 0.9
    endloop
  endfacet
  facet normal 1 0 0
    outer loop
      vertex 48.22024415433407 30.839036360383034 0.9
      vertex 48.22024415433407 30.839036360383034 1.5
      vertex 48.22024415433407 24.054457880556583 1.5
    endloop
  endfacet
  facet normal 0.6973204273221949 -0.7167595284606906 0
    outer loop
      vertex 48.524946458637714 31.135474890470505 0.9
      vertex 48.22024415433407 30.839036360383034 1.5
      vertex 48.22024415433407 30.839036360383034 0.9
    endloop
  endfacet
  facet normal 0.6973204273221949 -0.7167595284606906 0
    outer loop
      vertex 48.524946458637714 31.135474890470505 0.9
      vertex 48.524946458637714 31.135474890470505 1.5
      vertex 48.22024415433407 30.839036360383034 1.5
    endloop
  endfacet
  facet normal 0.822199333033168 -0.5691996633518102 0
    outer loop
      vertex 49.55881632119417 32.62888250499964 0.9
      vertex 48.524946458637714 31.135474890470505 1.5
      vertex 48.524946458637714 31.135474890470505 0.9
    endloop
  endfacet
  facet normal 0.822199333033168 -0.5691996633518102 0
    outer loop
      vertex 49.55881632119417 32.62888250499964 0.9
      vertex 49.55881632119417 32.62888250499964 1.5
      vertex 48.524946458637714 31.135474890470505 1.5
    endloop
  endfacet
  facet normal 0.9116174751730138 -0.41103963185948345 0
    outer loop
      vertex 50.32705093175173 34.33269897848368 0.9
      vertex 49.55881632119417 32.62888250499964 1.5
      vertex 49.55881632119417 32.62888250499964 0.9
    endloop
  endfacet
  facet normal 0.9116174751730138 -0.41103963185948345 0
    outer loop
      vertex 50.32705093175173 34.33269897848368 0.9
      vertex 50.32705093175173 34.33269897848368 1.5
      vertex 49.55881632119417 32.62888250499964 1.5
    endloop
  endfacet
  facet normal 0.9687849797339869 -0.2479025273001842 -4.8481776144135213e-17
    outer loop
      vertex 50.80012747645378 36.181447580456734 0.9
      vertex 50.32705093175173 34.33269897848368 1.5
      vertex 50.32705093175173 34.33269897848368 0.9
    endloop
  endfacet
  facet normal 0.9687849797339869 -0.2479025273001842 0
    outer loop
      vertex 50.80012747645378 36.181447580456734 0.9
      vertex 50.80012747645378 36.181447580456734 1.5
      vertex 50.32705093175173 34.33269897848368 1.5
    endloop
  endfacet
  facet normal 0.9965663666746245 -0.08279780681236559 0
    outer loop
      vertex 50.95986586809158 38.10408194363117 0.9
      vertex 50.80012747645378 36.181447580456734 1.5
      vertex 50.80012747645378 36.181447580456734 0.9
    endloop
  endfacet
  facet normal 0.9965663666746245 -0.08279780681236559 0
    outer loop
      vertex 50.95986586809158 38.10408194363117 0.9
      vertex 50.95986586809158 38.10408194363117 1.5
      vertex 50.80012747645378 36.181447580456734 1.5
    endloop
  endfacet
  facet normal 0.9965663666481495 0.0827978071310235 0
    outer loop
      vertex 50.80012747645378 40.02671629935503 0.9
      vertex 50.95986586809158 38.10408194363117 1.5
      vertex 50.95986586809158 38.10408194363117 0.9
    endloop
  endfacet
  facet normal 0.9965663666481495 0.0827978071310235 0
    outer loop
      vertex 50.80012747645378 40.02671629935503 0.9
      vertex 50.80012747645378 40.02671629935503 1.5
      vertex 50.95986586809158 38.10408194363117 1.5
    endloop
  endfacet
  facet normal 0.9687849795325881 0.24790252808723603 0
    outer loop
      vertex 50.433713652193546 41.45863477140665 0.9
      vertex 50.80012747645378 40.02671629935503 1.5
      vertex 50.80012747645378 40.02671629935503 0.9
    endloop
  endfacet
  facet normal 0.9687849795325881 0.24790252808723603 0
    outer loop
      vertex 50.433713652193546 41.45863477140665 0.9
      vertex 50.433713652193546 41.45863477140665 1.5
      vertex 50.80012747645378 40.02671629935503 1.5
    endloop
  endfacet
  facet normal 0.10555007457175909 -0.9944139891201733 0
    outer loop
      vertex 50.66958098858595 41.48367043584585 0.9
      vertex 50.433713652193546 41.45863477140665 1.5
      vertex 50.433713652193546 41.45863477140665 0.9
    endloop
  endfacet
  facet normal 0.10555007457175909 -0.9944139891201733 0
    outer loop
      vertex 50.66958098858595 41.48367043584585 0.9
      vertex 50.66958098858595 41.48367043584585 1.5
      vertex 50.433713652193546 41.45863477140665 1.5
    endloop
  endfacet
  facet normal 0.31073023901282903 -0.9504981423248707 0
    outer loop
      vertex 51.20123701542616 41.65747572481632 0.9
      vertex 50.66958098858595 41.48367043584585 1.5
      vertex 50.66958098858595 41.48367043584585 0.9
    endloop
  endfacet
  facet normal 0.31073023901282903 -0.9504981423248707 0
    outer loop
      vertex 51.20123701542616 41.65747572481632 0.9
      vertex 51.20123701542616 41.65747572481632 1.5
      vertex 50.66958098858595 41.48367043584585 1.5
    endloop
  endfacet
  facet normal 0.4991457461116955 -0.8665180460547829 0
    outer loop
      vertex 51.69121401757002 41.93972020596266 0.9
      vertex 51.20123701542616 41.65747572481632 1.5
      vertex 51.20123701542616 41.65747572481632 0.9
    endloop
  endfacet
  facet normal 0.4991457461116955 -0.8665180460547829 0
    outer loop
      vertex 51.69121401757002 41.93972020596266 0.9
      vertex 51.69121401757002 41.93972020596266 1.5
      vertex 51.20123701542616 41.65747572481632 1.5
    endloop
  endfacet
  facet normal 0.6624983436512237 -0.749063378266075 0
    outer loop
      vertex 51.964501574635506 42.18142545968294 0.9
      vertex 51.69121401757002 41.93972020596266 1.5
      vertex 51.69121401757002 41.93972020596266 0.9
    endloop
  endfacet
  facet normal 0.6624983436512237 -0.749063378266075 0
    outer loop
      vertex 51.964501574635506 42.18142545968294 0.9
      vertex 51.964501574635506 42.18142545968294 1.5
      vertex 51.69121401757002 41.93972020596266 1.5
    endloop
  endfacet
  facet normal -0.7955799683737163 -0.6058485899319042 0
    outer loop
      vertex 52.02473586052656 42.102327823638916 0.9
      vertex 51.964501574635506 42.18142545968294 1.5
      vertex 51.964501574635506 42.18142545968294 0.9
    endloop
  endfacet
  facet normal -0.7955799683737163 -0.6058485899319042 0
    outer loop
      vertex 52.02473586052656 42.102327823638916 0.9
      vertex 52.02473586052656 42.102327823638916 1.5
      vertex 51.964501574635506 42.18142545968294 1.5
    endloop
  endfacet
  facet normal -0.662498342489975 -0.7490633792931249 0
    outer loop
      vertex 52.28241691738367 41.874425515532494 0.9
      vertex 52.02473586052656 42.102327823638916 1.5
      vertex 52.02473586052656 42.102327823638916 0.9
    endloop
  endfacet
  facet normal -0.662498342489975 -0.7490633792931249 0
    outer loop
      vertex 52.28241691738367 41.874425515532494 0.9
      vertex 52.28241691738367 41.874425515532494 1.5
      vertex 52.02473586052656 42.102327823638916 1.5
    endloop
  endfacet
  facet normal -0.49914576589857196 -0.8665180346568258 0
    outer loop
      vertex 52.57640311866999 41.705078817903996 0.9
      vertex 52.28241691738367 41.874425515532494 1.5
      vertex 52.28241691738367 41.874425515532494 0.9
    endloop
  endfacet
  facet normal -0.49914576589857196 -0.8665180346568258 0
    outer loop
      vertex 52.57640311866999 41.705078817903996 0.9
      vertex 52.57640311866999 41.705078817903996 1.5
      vertex 52.28241691738367 41.874425515532494 1.5
    endloop
  endfacet
  facet normal -0.31073024965828816 -0.9504981388447311 0
    outer loop
      vertex 52.89539673179388 41.60079564154148 0.9
      vertex 52.57640311866999 41.705078817903996 1.5
      vertex 52.57640311866999 41.705078817903996 0.9
    endloop
  endfacet
  facet normal -0.31073024965828816 -0.9504981388447311 0
    outer loop
      vertex 52.89539673179388 41.60079564154148 0.9
      vertex 52.89539673179388 41.60079564154148 1.5
      vertex 52.57640311866999 41.705078817903996 1.5
    endloop
  endfacet
  facet normal -0.10555006060538634 -0.9944139906026056 0
    outer loop
      vertex 53.22713902592659 41.565583527088165 0.9
      vertex 52.89539673179388 41.60079564154148 1.5
      vertex 52.89539673179388 41.60079564154148 0.9
    endloop
  endfacet
  facet normal -0.10555006060538634 -0.9944139906026056 0
    outer loop
      vertex 53.22713902592659 41.565583527088165 0.9
      vertex 53.22713902592659 41.565583527088165 1.5
      vertex 52.89539673179388 41.60079564154148 1.5
    endloop
  endfacet
  facet normal 0.10555006294951921 -0.9944139903537925 0
    outer loop
      vertex 53.55888131260872 41.60079564154148 0.9
      vertex 53.22713902592659 41.565583527088165 1.5
      vertex 53.22713902592659 41.565583527088165 0.9
    endloop
  endfacet
  facet normal 0.10555006294951921 -0.9944139903537925 0
    outer loop
      vertex 53.55888131260872 41.60079564154148 0.9
      vertex 53.55888131260872 41.60079564154148 1.5
      vertex 53.22713902592659 41.565583527088165 1.5
    endloop
  endfacet
  facet normal 0.3107302431014541 -0.9504981409882458 0
    outer loop
      vertex 53.87787493318319 41.705078817903996 0.9
      vertex 53.55888131260872 41.60079564154148 1.5
      vertex 53.55888131260872 41.60079564154148 0.9
    endloop
  endfacet
  facet normal 0.3107302431014541 -0.9504981409882458 0
    outer loop
      vertex 53.87787493318319 41.705078817903996 0.9
      vertex 53.87787493318319 41.705078817903996 1.5
      vertex 53.55888131260872 41.60079564154148 1.5
    endloop
  endfacet
  facet normal 0.4991457753968697 -0.8665180291854622 0
    outer loop
      vertex 54.17186112701893 41.874425515532494 0.9
      vertex 53.87787493318319 41.705078817903996 1.5
      vertex 53.87787493318319 41.705078817903996 0.9
    endloop
  endfacet
  facet normal 0.4991457753968697 -0.8665180291854622 0
    outer loop
      vertex 54.17186112701893 41.874425515532494 0.9
      vertex 54.17186112701893 41.874425515532494 1.5
      vertex 53.87787493318319 41.705078817903996 1.5
    endloop
  endfacet
  facet normal 0.662498342489975 -0.7490633792931249 0
    outer loop
      vertex 54.42954218387604 42.102327823638916 0.9
      vertex 54.17186112701893 41.874425515532494 1.5
      vertex 54.17186112701893 41.874425515532494 0.9
    endloop
  endfacet
  facet normal 0.662498342489975 -0.7490633792931249 0
    outer loop
      vertex 54.42954218387604 42.102327823638916 0.9
      vertex 54.42954218387604 42.102327823638916 1.5
      vertex 54.17186112701893 41.874425515532494 1.5
    endloop
  endfacet
  facet normal 0.7955800053715141 -0.6058485413476389 0
    outer loop
      vertex 54.64101556688547 42.38002758473158 0.9
      vertex 54.42954218387604 42.102327823638916 1.5
      vertex 54.42954218387604 42.102327823638916 0.9
    endloop
  endfacet
  facet normal 0.7955800053715141 -0.6058485413476389 0
    outer loop
      vertex 54.64101556688547 42.38002758473158 0.9
      vertex 54.64101556688547 42.38002758473158 1.5
      vertex 54.42954218387604 42.102327823638916 1.5
    endloop
  endfacet
  facet normal 0.8958632763990373 -0.4443298211909506 0
    outer loop
      vertex 54.79815445840359 42.69685295969248 0.9
      vertex 54.64101556688547 42.38002758473158 1.5
      vertex 54.64101556688547 42.38002758473158 0.9
    endloop
  endfacet
  facet normal 0.8958632763990373 -0.4443298211909506 0
    outer loop
      vertex 54.79815445840359 42.69685295969248 0.9
      vertex 54.79815445840359 42.69685295969248 1.5
      vertex 54.64101556688547 42.38002758473158 1.5
    endloop
  endfacet
  facet normal 0.9625934197072333 -0.2709500107701311 0
    outer loop
      vertex 54.894920125603676 43.04062853008509 0.9
      vertex 54.79815445840359 42.69685295969248 1.5
      vertex 54.79815445840359 42.69685295969248 0.9
    endloop
  endfacet
  facet normal 0.9625934197072333 -0.2709500107701311 0
    outer loop
      vertex 54.894920125603676 43.04062853008509 0.9
      vertex 54.894920125603676 43.04062853008509 1.5
      vertex 54.79815445840359 42.69685295969248 1.5
    endloop
  endfacet
  facet normal 0.9958497870849499 -0.09101209569535117 0
    outer loop
      vertex 54.927593886852264 43.39814318716526 0.9
      vertex 54.894920125603676 43.04062853008509 1.5
      vertex 54.894920125603676 43.04062853008509 0.9
    endloop
  endfacet
  facet normal 0.9958497870849499 -0.09101209569535117 0
    outer loop
      vertex 54.927593886852264 43.39814318716526 0.9
      vertex 54.927593886852264 43.39814318716526 1.5
      vertex 54.894920125603676 43.04062853008509 1.5
    endloop
  endfacet
  facet normal 0.9974622918710087 0.07119674357324682 0
    outer loop
      vertex 54.549715019762516 48.69220443069935 0.9
      vertex 54.927593886852264 43.39814318716526 1.5
      vertex 54.927593886852264 43.39814318716526 0.9
    endloop
  endfacet
  facet normal 0.9974622918710087 0.07119674357324682 0
    outer loop
      vertex 54.549715019762516 48.69220443069935 0.9
      vertex 54.549715019762516 48.69220443069935 1.5
      vertex 54.927593886852264 43.39814318716526 1.5
    endloop
  endfacet
  facet normal 0.9958497884529318 0.09101208072696178 0
    outer loop
      vertex 54.509780429303646 49.129166789352894 0.9
      vertex 54.549715019762516 48.69220443069935 1.5
      vertex 54.549715019762516 48.69220443069935 0.9
    endloop
  endfacet
  facet normal 0.9958497884529318 0.09101208072696178 0
    outer loop
      vertex 54.509780429303646 49.129166789352894 0.9
      vertex 54.509780429303646 49.129166789352894 1.5
      vertex 54.549715019762516 48.69220443069935 1.5
    endloop
  endfacet
  facet normal 0.9625934296148826 0.27094997557161404 0
    outer loop
      vertex 54.39151129871607 49.549336925148964 0.9
      vertex 54.509780429303646 49.129166789352894 1.5
      vertex 54.509780429303646 49.129166789352894 0.9
    endloop
  endfacet
  facet normal 0.9625934296148826 0.27094997557161404 0
    outer loop
      vertex 54.39151129871607 49.549336925148964 0.9
      vertex 54.39151129871607 49.549336925148964 1.5
      vertex 54.509780429303646 49.129166789352894 1.5
    endloop
  endfacet
  facet normal 0.8958631315215907 0.44433011329452904 0
    outer loop
      vertex 54.37252210825682 49.58762313425541 0.9
      vertex 54.39151129871607 49.549336925148964 1.5
      vertex 54.39151129871607 49.549336925148964 0.9
    endloop
  endfacet
  facet normal 0.8958631315215907 0.44433011329452904 0
    outer loop
      vertex 54.37252210825682 49.58762313425541 0.9
      vertex 54.37252210825682 49.58762313425541 1.5
      vertex 54.39151129871607 49.549336925148964 1.5
    endloop
  endfacet
  facet normal 0.5067603815123563 -0.8620869536940292 -1.211496907110412e-16
    outer loop
      vertex 57.00592760741711 51.135617300868034 0.9
      vertex 54.37252210825682 49.58762313425541 1.5
      vertex 54.37252210825682 49.58762313425541 0.9
    endloop
  endfacet
  facet normal 0.5067603815123563 -0.8620869536940292 0
    outer loop
      vertex 57.00592760741711 51.135617300868034 0.9
      vertex 57.00592760741711 51.135617300868034 1.5
      vertex 54.37252210825682 49.58762313425541 1.5
    endloop
  endfacet
  facet normal 0.5067603775272777 0.862086956036577 0
    outer loop
      vertex 53.4764936119318 53.21032367646694 0.9
      vertex 57.00592760741711 51.135617300868034 1.5
      vertex 57.00592760741711 51.135617300868034 0.9
    endloop
  endfacet
  facet normal 0.5067603775272777 0.862086956036577 0
    outer loop
      vertex 53.4764936119318 53.21032367646694 0.9
      vertex 53.4764936119318 53.21032367646694 1.5
      vertex 57.00592760741711 51.135617300868034 1.5
    endloop
  endfacet
  facet normal 0.8958632751741469 0.4443298236605896 0
    outer loop
      vertex 53.12527456879616 53.918455846607685 0.9
      vertex 53.4764936119318 53.21032367646694 1.5
      vertex 53.4764936119318 53.21032367646694 0.9
    endloop
  endfacet
  facet normal 0.8958632751741469 0.4443298236605896 0
    outer loop
      vertex 53.12527456879616 53.918455846607685 0.9
      vertex 53.12527456879616 53.918455846607685 1.5
      vertex 53.4764936119318 53.21032367646694 1.5
    endloop
  endfacet
  facet normal 0.7955800120870365 0.6058485325290397 0
    outer loop
      vertex 52.63183667510748 54.56642197072506 0.9
      vertex 53.12527456879616 53.918455846607685 1.5
      vertex 53.12527456879616 53.918455846607685 0.9
    endloop
  endfacet
  facet normal 0.7955800120870365 0.6058485325290397 0
    outer loop
      vertex 52.63183667510748 54.56642197072506 0.9
      vertex 52.63183667510748 54.56642197072506 1.5
      vertex 53.12527456879616 53.918455846607685 1.5
    endloop
  endfacet
  facet normal 0.6624983405532858 0.7490633810060018 0
    outer loop
      vertex 52.03058087825775 55.098194018006325 0.9
      vertex 52.63183667510748 54.56642197072506 1.5
      vertex 52.63183667510748 54.56642197072506 0.9
    endloop
  endfacet
  facet normal 0.6624983405532858 0.7490633810060018 0
    outer loop
      vertex 52.03058087825775 55.098194018006325 0.9
      vertex 52.03058087825775 55.098194018006325 1.5
      vertex 52.63183667510748 54.56642197072506 1.5
    endloop
  endfacet
  facet normal 0.4991457547611315 0.8665180410723947 0
    outer loop
      vertex 51.34461306780577 55.49333630502224 0.9
      vertex 52.03058087825775 55.098194018006325 1.5
      vertex 52.03058087825775 55.098194018006325 0.9
    endloop
  endfacet
  facet normal 0.4991457547611315 0.8665180410723947 0
    outer loop
      vertex 51.34461306780577 55.49333630502224 0.9
      vertex 51.34461306780577 55.49333630502224 1.5
      vertex 52.03058087825775 55.098194018006325 1.5
    endloop
  endfacet
  facet normal 0.31073024585633846 0.9504981400876382 0
    outer loop
      vertex 50.60029463469982 55.73666371405125 0.9
      vertex 51.34461306780577 55.49333630502224 1.5
      vertex 51.34461306780577 55.49333630502224 0.9
    endloop
  endfacet
  facet normal 0.31073024585633846 0.9504981400876382 0
    outer loop
      vertex 50.60029463469982 55.73666371405125 0.9
      vertex 50.60029463469982 55.73666371405125 1.5
      vertex 51.34461306780577 55.49333630502224 1.5
    endloop
  endfacet
  facet normal 0.10555008684963982 0.9944139878169622 0
    outer loop
      vertex 49.82622928917408 55.81882533431053 0.9
      vertex 50.60029463469982 55.73666371405125 1.5
      vertex 50.60029463469982 55.73666371405125 0.9
    endloop
  endfacet
  facet normal 0.10555008684963982 0.9944139878169622 0
    outer loop
      vertex 49.82622928917408 55.81882533431053 0.9
      vertex 49.82622928917408 55.81882533431053 1.5
      vertex 50.60029463469982 55.73666371405125 1.5
    endloop
  endfacet
  facet normal -0.10555008885889705 0.9944139876036936 0
    outer loop
      vertex 49.0521639585495 55.73666371405125 0.9
      vertex 49.82622928917408 55.81882533431053 1.5
      vertex 49.82622928917408 55.81882533431053 0.9
    endloop
  endfacet
  facet normal -0.10555008885889705 0.9944139876036936 0
    outer loop
      vertex 49.0521639585495 55.73666371405125 0.9
      vertex 49.0521639585495 55.73666371405125 1.5
      vertex 49.82622928917408 55.81882533431053 1.5
    endloop
  endfacet
  facet normal -0.31073024585633846 0.9504981400876382 0
    outer loop
      vertex 48.307845525443554 55.49333630502224 0.9
      vertex 49.0521639585495 55.73666371405125 1.5
      vertex 49.0521639585495 55.73666371405125 0.9
    endloop
  endfacet
  facet normal -0.31073024585633846 0.9504981400876382 0
    outer loop
      vertex 48.307845525443554 55.49333630502224 0.9
      vertex 48.307845525443554 55.49333630502224 1.5
      vertex 49.0521639585495 55.73666371405125 1.5
    endloop
  endfacet
  facet normal -0.4991457547611315 0.8665180410723947 0
    outer loop
      vertex 47.62187771499157 55.098194018006325 0.9
      vertex 48.307845525443554 55.49333630502224 1.5
      vertex 48.307845525443554 55.49333630502224 0.9
    endloop
  endfacet
  facet normal -0.4991457547611315 0.8665180410723947 0
    outer loop
      vertex 47.62187771499157 55.098194018006325 0.9
      vertex 47.62187771499157 55.098194018006325 1.5
      vertex 48.307845525443554 55.49333630502224 1.5
    endloop
  endfacet
  facet normal -0.6624983405532858 0.7490633810060018 0
    outer loop
      vertex 47.02062191814184 54.56642197072506 0.9
      vertex 47.62187771499157 55.098194018006325 1.5
      vertex 47.62187771499157 55.098194018006325 0.9
    endloop
  endfacet
  facet normal -0.6624983405532858 0.7490633810060018 0
    outer loop
      vertex 47.02062191814184 54.56642197072506 0.9
      vertex 47.02062191814184 54.56642197072506 1.5
      vertex 47.62187771499157 55.098194018006325 1.5
    endloop
  endfacet
  facet normal -0.7955800120870365 0.6058485325290397 0
    outer loop
      vertex 46.52718402445316 53.918455846607685 0.9
      vertex 47.02062191814184 54.56642197072506 1.5
      vertex 47.02062191814184 54.56642197072506 0.9
    endloop
  endfacet
  facet normal -0.7955800120870365 0.6058485325290397 0
    outer loop
      vertex 46.52718402445316 53.918455846607685 0.9
      vertex 46.52718402445316 53.918455846607685 1.5
      vertex 47.02062191814184 54.56642197072506 1.5
    endloop
  endfacet
  facet normal -0.895863272017235 0.44432983002559445 0
    outer loop
      vertex 46.35688551515341 53.575097896158695 0.9
      vertex 46.52718402445316 53.918455846607685 1.5
      vertex 46.52718402445316 53.918455846607685 0.9
    endloop
  endfacet
  facet normal -0.895863272017235 0.44432983002559445 0
    outer loop
      vertex 46.35688551515341 53.575097896158695 0.9
      vertex 46.35688551515341 53.575097896158695 1.5
      vertex 46.52718402445316 53.918455846607685 1.5
    endloop
  endfacet
  facet normal 0.10555033611155967 0.994413961359522 0
    outer loop
      vertex 46.333809569478035 53.57754725217819 0.9
      vertex 46.35688551515341 53.575097896158695 1.5
      vertex 46.35688551515341 53.575097896158695 0.9
    endloop
  endfacet
  facet normal 0.10555033611155967 0.994413961359522 0
    outer loop
      vertex 46.333809569478035 53.57754725217819 0.9
      vertex 46.333809569478035 53.57754725217819 1.5
      vertex 46.35688551515341 53.575097896158695 1.5
    endloop
  endfacet
  facet normal -0.10555007967960373 0.9944139885780113 0
    outer loop
      vertex 45.7809057533741 53.51886038482189 0.9
      vertex 46.333809569478035 53.57754725217819 1.5
      vertex 46.333809569478035 53.57754725217819 0.9
    endloop
  endfacet
  facet normal -0.10555007967960373 0.9944139885780113 0
    outer loop
      vertex 45.7809057533741 53.51886038482189 0.9
      vertex 45.7809057533741 53.51886038482189 1.5
      vertex 46.333809569478035 53.57754725217819 1.5
    endloop
  endfacet
  facet normal -0.3107302549810178 0.9504981371046615 0
    outer loop
      vertex 45.24924973398447 53.34505508840084 0.9
      vertex 45.7809057533741 53.51886038482189 1.5
      vertex 45.7809057533741 53.51886038482189 0.9
    endloop
  endfacet
  facet normal -0.3107302549810178 0.9504981371046615 0
    outer loop
      vertex 45.24924973398447 53.34505508840084 0.9
      vertex 45.24924973398447 53.34505508840084 1.5
      vertex 45.7809057533741 53.51886038482189 1.5
    endloop
  endfacet
  facet normal -0.49914573471373874 0.8665180526204184 0
    outer loop
      vertex 44.75927271693945 53.062810607254505 0.9
      vertex 45.24924973398447 53.34505508840084 1.5
      vertex 45.24924973398447 53.34505508840084 0.9
    endloop
  endfacet
  facet normal -0.49914573471373874 0.8665180526204184 0
    outer loop
      vertex 44.75927271693945 53.062810607254505 0.9
      vertex 44.75927271693945 53.062810607254505 1.5
      vertex 45.24924973398447 53.34505508840084 1.5
    endloop
  endfacet
  facet normal -0.6624983379098783 0.7490633833439254 0
    outer loop
      vertex 44.32980428636074 52.68297342956066 0.9
      vertex 44.75927271693945 53.062810607254505 1.5
      vertex 44.75927271693945 53.062810607254505 0.9
    endloop
  endfacet
  facet normal -0.6624983379098783 0.7490633833439254 0
    outer loop
      vertex 44.32980428636074 52.68297342956066 0.9
      vertex 44.32980428636074 52.68297342956066 1.5
      vertex 44.75927271693945 53.062810607254505 1.5
    endloop
  endfacet
  facet normal -0.7955800224184186 0.6058485189622143 0
    outer loop
      vertex 43.977348662912846 52.22014048695564 0.9
      vertex 44.32980428636074 52.68297342956066 1.5
      vertex 44.32980428636074 52.68297342956066 0.9
    endloop
  endfacet
  facet normal -0.7955800224184186 0.6058485189622143 0
    outer loop
      vertex 43.977348662912846 52.22014048695564 0.9
      vertex 43.977348662912846 52.22014048695564 1.5
      vertex 44.32980428636074 52.68297342956066 1.5
    endloop
  endfacet
  facet normal -0.8958632621359549 0.44432984994835234 0
    outer loop
      vertex 43.71545048803091 51.69209819287062 0.9
      vertex 43.977348662912846 52.22014048695564 1.5
      vertex 43.977348662912846 52.22014048695564 0.9
    endloop
  endfacet
  facet normal -0.8958632621359549 0.44432984994835234 0
    outer loop
      vertex 43.71545048803091 51.69209819287062 0.9
      vertex 43.71545048803091 51.69209819287062 1.5
      vertex 43.977348662912846 52.22014048695564 1.5
    endloop
  endfacet
  facet normal -0.9625934302832031 0.27094997319729786 0
    outer loop
      vertex 43.55417440086603 51.11913891136646 0.9
      vertex 43.71545048803091 51.69209819287062 1.5
      vertex 43.71545048803091 51.69209819287062 0.9
    endloop
  endfacet
  facet normal -0.9625934302832031 0.27094997319729786 0
    outer loop
      vertex 43.55417440086603 51.11913891136646 0.9
      vertex 43.55417440086603 51.11913891136646 1.5
      vertex 43.71545048803091 51.69209819287062 1.5
    endloop
  endfacet
  facet normal -0.995849786708755 0.09101209981165825 0
    outer loop
      vertex 43.49971812963486 50.523281149566174 0.9
      vertex 43.55417440086603 51.11913891136646 1.5
      vertex 43.55417440086603 51.11913891136646 0.9
    endloop
  endfacet
  facet normal -0.995849786708755 0.09101209981165825 0
    outer loop
      vertex 43.49971812963486 50.523281149566174 0.9
      vertex 43.49971812963486 50.523281149566174 1.5
      vertex 43.55417440086603 51.11913891136646 1.5
    endloop
  endfacet
  facet normal -0.9958497865024691 -0.09101210206882857 0
    outer loop
      vertex 43.55417440086603 49.927423402667046 0.9
      vertex 43.49971812963486 50.523281149566174 1.5
      vertex 43.49971812963486 50.523281149566174 0.9
    endloop
  endfacet
  facet normal -0.9958497865024691 -0.09101210206882857 0
    outer loop
      vertex 43.55417440086603 49.927423402667046 0.9
      vertex 43.55417440086603 49.927423402667046 1.5
      vertex 43.49971812963486 50.523281149566174 1.5
    endloop
  endfacet
  facet normal -0.9625934302832031 -0.27094997319729786 0
    outer loop
      vertex 43.71545048803091 49.35446412116289 0.9
      vertex 43.55417440086603 49.927423402667046 1.5
      vertex 43.55417440086603 49.927423402667046 0.9
    endloop
  endfacet
  facet normal -0.9625934302832031 -0.27094997319729786 0
    outer loop
      vertex 43.71545048803091 49.35446412116289 0.9
      vertex 43.71545048803091 49.35446412116289 1.5
      vertex 43.55417440086603 49.927423402667046 1.5
    endloop
  endfacet
  facet normal -0.8958632621359549 -0.44432984994835234 0
    outer loop
      vertex 43.977348662912846 48.826421827077866 0.9
      vertex 43.71545048803091 49.35446412116289 1.5
      vertex 43.71545048803091 49.35446412116289 0.9
    endloop
  endfacet
  facet normal -0.8958632621359549 -0.44432984994835234 0
    outer loop
      vertex 43.977348662912846 48.826421827077866 0.9
      vertex 43.977348662912846 48.826421827077866 1.5
      vertex 43.71545048803091 49.35446412116289 1.5
    endloop
  endfacet
  facet normal -0.7955800612739997 -0.6058484679383609 0
    outer loop
      vertex 44.19702823460102 48.53794591873884 0.9
      vertex 43.977348662912846 48.826421827077866 1.5
      vertex 43.977348662912846 48.826421827077866 0.9
    endloop
  endfacet
  facet normal -0.7955800612739997 -0.6058484679383609 0
    outer loop
      vertex 44.19702823460102 48.53794591873884 0.9
      vertex 44.19702823460102 48.53794591873884 1.5
      vertex 43.977348662912846 48.826421827077866 1.5
    endloop
  endfacet
  facet normal -0.8553382844687665 0.5180698979114957 0
    outer loop
      vertex 43.767221964895725 47.82833171635866 0.9
      vertex 44.19702823460102 48.53794591873884 1.5
      vertex 44.19702823460102 48.53794591873884 0.9
    endloop
  endfacet
  facet normal -0.8553382844687665 0.5180698979114957 0
    outer loop
      vertex 43.767221964895725 47.82833171635866 0.9
      vertex 43.767221964895725 47.82833171635866 1.5
      vertex 44.19702823460102 48.53794591873884 1.5
    endloop
  endfacet
  facet normal 0.11596950723682385 0.9932527741674062 0
    outer loop
      vertex 42.646530985832214 47.95918056368828 0.9
      vertex 43.767221964895725 47.82833171635866 1.5
      vertex 43.767221964895725 47.82833171635866 0.9
    endloop
  endfacet
  facet normal 0.11596950723682385 0.9932527741674062 0
    outer loop
      vertex 42.646530985832214 47.95918056368828 0.9
      vertex 42.646530985832214 47.95918056368828 1.5
      vertex 43.767221964895725 47.82833171635866 1.5
    endloop
  endfacet
  facet normal -0.11596950326587045 0.9932527746310439 0
    outer loop
      vertex 41.02467980235815 47.76981761306524 0.9
      vertex 42.646530985832214 47.95918056368828 1.5
      vertex 42.646530985832214 47.95918056368828 0.9
    endloop
  endfacet
  facet normal -0.11596950326587045 0.9932527746310439 0
    outer loop
      vertex 41.02467980235815 47.76981761306524 0.9
      vertex 41.02467980235815 47.76981761306524 1.5
      vertex 42.646530985832214 47.95918056368828 1.5
    endloop
  endfacet
  facet normal -0.3383898713295919 0.9410060015651028 0
    outer loop
      vertex 39.46515545248985 47.2090058401227 0.9
      vertex 41.02467980235815 47.76981761306524 1.5
      vertex 41.02467980235815 47.76981761306524 0.9
    endloop
  endfacet
  facet normal -0.3383898713295919 0.9410060015651028 0
    outer loop
      vertex 39.46515545248985 47.2090058401227 0.9
      vertex 39.46515545248985 47.2090058401227 1.5
      vertex 41.02467980235815 47.76981761306524 1.5
    endloop
  endfacet
  facet normal -0.5352368327266409 0.844702037935717 -1.0874903453517564e-16
    outer loop
      vertex 38.02788958698511 46.298296980559826 0.9
      vertex 39.46515545248985 47.2090058401227 1.5
      vertex 39.46515545248985 47.2090058401227 0.9
    endloop
  endfacet
  facet normal -0.5352368327266409 0.844702037935717 0
    outer loop
      vertex 38.02788958698511 46.298296980559826 0.9
      vertex 38.02788958698511 46.298296980559826 1.5
      vertex 39.46515545248985 47.2090058401227 1.5
    endloop
  endfacet
  facet normal -0.697320422862877 0.7167595327990682 -5.263926208255036e-17
    outer loop
      vertex 36.768115505576134 45.072689011693 0.9
      vertex 38.02788958698511 46.298296980559826 1.5
      vertex 38.02788958698511 46.298296980559826 0.9
    endloop
  endfacet
  facet normal -0.697320422862877 0.7167595327990682 0
    outer loop
      vertex 36.768115505576134 45.072689011693 0.9
      vertex 36.768115505576134 45.072689011693 1.5
      vertex 38.02788958698511 46.298296980559826 1.5
    endloop
  endfacet
  facet normal -0.8221993389397929 0.5691996548197895 0
    outer loop
      vertex 35.73424565047026 43.579281374812126 0.9
      vertex 36.768115505576134 45.072689011693 1.5
      vertex 36.768115505576134 45.072689011693 0.9
    endloop
  endfacet
  facet normal -0.8221993389397929 0.5691996548197895 0
    outer loop
      vertex 35.73424565047026 43.579281374812126 0.9
      vertex 35.73424565047026 43.579281374812126 1.5
      vertex 36.768115505576134 45.072689011693 1.5
    endloop
  endfacet
  facet normal -0.9116174730057544 0.4110396366661042 -4.950155177892047e-17
    outer loop
      vertex 34.96601103246212 41.87546490877867 0.9
      vertex 35.73424565047026 43.579281374812126 1.5
      vertex 35.73424565047026 43.579281374812126 0.9
    endloop
  endfacet
  facet normal -0.9116174730057544 0.4110396366661042 0
    outer loop
      vertex 34.96601103246212 41.87546490877867 0.9
      vertex 34.96601103246212 41.87546490877867 1.5
      vertex 35.73424565047026 43.579281374812126 1.5
    endloop
  endfacet
  facet normal -0.9687849809115918 0.2479025226981896 0
    outer loop
      vertex 34.49293449521065 40.02671629935503 0.9
      vertex 34.96601103246212 41.87546490877867 1.5
      vertex 34.96601103246212 41.87546490877867 0.9
    endloop
  endfacet
  facet normal -0.9687849809115918 0.2479025226981896 0
    outer loop
      vertex 34.49293449521065 40.02671629935503 0.9
      vertex 34.49293449521065 40.02671629935503 1.5
      vertex 34.96601103246212 41.87546490877867 1.5
    endloop
  endfacet
  facet normal -0.9965663666481495 0.0827978071310235 0
    outer loop
      vertex 34.333196103572845 38.10408194363117 0.9
      vertex 34.49293449521065 40.02671629935503 1.5
      vertex 34.49293449521065 40.02671629935503 0.9
    endloop
  endfacet
  facet normal -0.9965663666481495 0.0827978071310235 0
    outer loop
      vertex 34.333196103572845 38.10408194363117 0.9
      vertex 34.333196103572845 38.10408194363117 1.5
      vertex 34.49293449521065 40.02671629935503 1.5
    endloop
  endfacet
  facet normal -0.9965663666746245 -0.08279780681236559 0
    outer loop
      vertex 34.49293449521065 36.181447580456734 0.9
      vertex 34.333196103572845 38.10408194363117 1.5
      vertex 34.333196103572845 38.10408194363117 0.9
    endloop
  endfacet
  facet normal -0.9965663666746245 -0.08279780681236559 0
    outer loop
      vertex 34.49293449521065 36.181447580456734 0.9
      vertex 34.49293449521065 36.181447580456734 1.5
      vertex 34.333196103572845 38.10408194363117 1.5
    endloop
  endfacet
  facet normal -0.9687849806716525 -0.24790252363585524 0
    outer loop
      vertex 34.96601103246212 34.33269897848368 0.9
      vertex 34.49293449521065 36.181447580456734 1.5
      vertex 34.49293449521065 36.181447580456734 0.9
    endloop
  endfacet
  facet normal -0.9687849806716525 -0.24790252363585524 0
    outer loop
      vertex 34.96601103246212 34.33269897848368 0.9
      vertex 34.96601103246212 34.33269897848368 1.5
      vertex 34.49293449521065 36.181447580456734 1.5
    endloop
  endfacet
  facet normal -0.9116174736792694 -0.4110396351723598 0
    outer loop
      vertex 35.73424565047026 32.62888250499964 0.9
      vertex 34.96601103246212 34.33269897848368 1.5
      vertex 34.96601103246212 34.33269897848368 0.9
    endloop
  endfacet
  facet normal -0.9116174736792694 -0.4110396351723598 0
    outer loop
      vertex 35.73424565047026 32.62888250499964 0.9
      vertex 35.73424565047026 32.62888250499964 1.5
      vertex 34.96601103246212 34.33269897848368 1.5
    endloop
  endfacet
  facet normal -0.8221993349528557 -0.5691996605788532 5.093634091229912e-17
    outer loop
      vertex 36.768115505576134 31.135474890470505 0.9
      vertex 35.73424565047026 32.62888250499964 1.5
      vertex 35.73424565047026 32.62888250499964 0.9
    endloop
  endfacet
  facet normal -0.8221993349528557 -0.5691996605788532 0
    outer loop
      vertex 36.768115505576134 31.135474890470505 0.9
      vertex 36.768115505576134 31.135474890470505 1.5
      vertex 35.73424565047026 32.62888250499964 1.5
    endloop
  endfacet
  facet normal -0.697320422862877 -0.7167595327990682 5.263926208255036e-17
    outer loop
      vertex 38.02788958698511 29.90986692160368 0.9
      vertex 36.768115505576134 31.135474890470505 1.5
      vertex 36.768115505576134 31.135474890470505 0.9
    endloop
  endfacet
  facet normal -0.697320422862877 -0.7167595327990682 0
    outer loop
      vertex 38.02788958698511 29.90986692160368 0.9
      vertex 38.02788958698511 29.90986692160368 1.5
      vertex 36.768115505576134 31.135474890470505 1.5
    endloop
  endfacet
  facet normal -0.5352368381110205 -0.8447020345239599 0
    outer loop
      vertex 38.96221210807562 29.317842975258827 0.9
      vertex 38.02788958698511 29.90986692160368 1.5
      vertex 38.02788958698511 29.90986692160368 0.9
    endloop
  endfacet
  facet normal -0.5352368381110205 -0.8447020345239599 0
    outer loop
      vertex 38.96221210807562 29.317842975258827 0.9
      vertex 38.96221210807562 29.317842975258827 1.5
      vertex 38.02788958698511 29.90986692160368 1.5
    endloop
  endfacet
  facet normal -1 0 0
    outer loop
      vertex 38.96221210807562 24.054457880556583 0.9
      vertex 38.96221210807562 29.317842975258827 1.5
      vertex 38.96221210807562 29.317842975258827 0.9
    endloop
  endfacet
  facet normal -1 0 0
    outer loop
      vertex 38.96221210807562 24.054457880556583 0.9
      vertex 38.96221210807562 24.054457880556583 1.5
      vertex 38.96221210807562 29.317842975258827 1.5
    endloop
  endfacet
  facet normal 0 1 0
    outer loop
      vertex 36.97834810614586 24.054457880556583 0.9
      vertex 38.96221210807562 24.054457880556583 1.5
      vertex 38.96221210807562 24.054457880556583 0.9
    endloop
  endfacet
  facet normal 0 1 0
    outer loop
      vertex 36.97834810614586 24.054457880556583 0.9
      vertex 36.97834810614586 24.054457880556583 1.5
      vertex 38.96221210807562 24.054457880556583 1.5
    endloop
  endfacet
  facet normal 1 0 0
    outer loop
      vertex 36.97834810614586 28.330430425703526 0.9
      vertex 36.97834810614586 24.054457880556583 1.5
      vertex 36.97834810614586 24.054457880556583 0.9
    endloop
  endfacet
  facet normal 1 0 0
    outer loop
      vertex 36.97834810614586 28.330430425703526 0.9
      vertex 36.97834810614586 28.330430425703526 1.5
      vertex 36.97834810614586 24.054457880556583 1.5
    endloop
  endfacet
  facet normal 0.10555007399185538 0.9944139891817262 0
    outer loop
      vertex 34.987894386053085 28.54170313477516 0.9
      vertex 36.97834810614586 28.330430425703526 1.5
      vertex 36.97834810614586 28.330430425703526 0.9
    endloop
  endfacet
  facet normal 0.10555007399185538 0.9944139891817262 0
    outer loop
      vertex 34.987894386053085 28.54170313477516 0.9
      vertex 34.987894386053085 28.54170313477516 1.5
      vertex 36.97834810614586 28.330430425703526 1.5
    endloop
  endfacet
  facet normal 0.3107302519726699 0.9504981380881297 0
    outer loop
      vertex 33.0739326775074 29.16740220785141 0.9
      vertex 34.987894386053085 28.54170313477516 1.5
      vertex 34.987894386053085 28.54170313477516 0.9
    endloop
  endfacet
  facet normal 0.3107302519726699 0.9504981380881297 0
    outer loop
      vertex 33.0739326775074 29.16740220785141 0.9
      vertex 33.0739326775074 29.16740220785141 1.5
      vertex 34.987894386053085 28.54170313477516 1.5
    endloop
  endfacet
  facet normal 0.49914575648891246 0.8665180400771304 9.089885088341094e-17
    outer loop
      vertex 31.310015477240086 30.183482363820076 0.9
      vertex 33.0739326775074 29.16740220785141 1.5
      vertex 33.0739326775074 29.16740220785141 0.9
    endloop
  endfacet
  facet normal 0.49914575648891246 0.8665180400771304 0
    outer loop
      vertex 31.310015477240086 30.183482363820076 0.9
      vertex 31.310015477240086 30.183482363820076 1.5
      vertex 33.0739326775074 29.16740220785141 1.5
    endloop
  endfacet
  facet normal 0.6624983389072927 0.7490633824617768 0
    outer loop
      vertex 29.76392912119627 31.55089621245861 0.9
      vertex 31.310015477240086 30.183482363820076 1.5
      vertex 31.310015477240086 30.183482363820076 0.9
    endloop
  endfacet
  facet normal 0.6624983389072927 0.7490633824617768 0
    outer loop
      vertex 29.76392912119627 31.55089621245861 0.9
      vertex 29.76392912119627 31.55089621245861 1.5
      vertex 31.310015477240086 30.183482363820076 1.5
    endloop
  endfacet
  facet normal 0.7955800114125614 0.6058485334147378 0
    outer loop
      vertex 28.49508883804083 33.21709479391575 0.9
      vertex 29.76392912119627 31.55089621245861 1.5
      vertex 29.76392912119627 31.55089621245861 0.9
    endloop
  endfacet
  facet normal 0.7955800114125614 0.6058485334147378 0
    outer loop
      vertex 28.49508883804083 33.21709479391575 0.9
      vertex 28.49508883804083 33.21709479391575 1.5
      vertex 29.76392912119627 31.55089621245861 1.5
    endloop
  endfacet
  facet normal 0.8958632673084959 0.44432983951941185 -4.3601306595431376e-17
    outer loop
      vertex 27.55225543677807 35.118047051131725 0.9
      vertex 28.49508883804083 33.21709479391575 1.5
      vertex 28.49508883804083 33.21709479391575 0.9
    endloop
  endfacet
  facet normal 0.8958632673084959 0.44432983951941185 0
    outer loop
      vertex 27.55225543677807 35.118047051131725 0.9
      vertex 27.55225543677807 35.118047051131725 1.5
      vertex 28.49508883804083 33.21709479391575 1.5
    endloop
  endfacet
  facet normal 0.9625934282652803 0.2709499803662937 0
    outer loop
      vertex 26.971661508083344 37.180700458586216 0.9
      vertex 27.55225543677807 35.118047051131725 1.5
      vertex 27.55225543677807 35.118047051131725 0.9
    endloop
  endfacet
  facet normal 0.9625934282652803 0.2709499803662937 0
    outer loop
      vertex 26.971661508083344 37.180700458586216 0.9
      vertex 26.971661508083344 37.180700458586216 1.5
      vertex 27.55225543677807 35.118047051131725 1.5
    endloop
  endfacet
  facet normal 0.9958497867141525 0.09101209975259882 0
    outer loop
      vertex 26.77561893314123 39.325788386166096 0.9
      vertex 26.971661508083344 37.180700458586216 1.5
      vertex 26.971661508083344 37.180700458586216 0.9
    endloop
  endfacet
  facet normal 0.9958497867141525 0.09101209975259882 0
    outer loop
      vertex 26.77561893314123 39.325788386166096 0.9
      vertex 26.77561893314123 39.325788386166096 1.5
      vertex 26.971661508083344 37.180700458586216 1.5
    endloop
  endfacet
  facet normal 0.9958497867141525 -0.09101209975259882 0
    outer loop
      vertex 26.971661508083344 41.470876313745975 0.9
      vertex 26.77561893314123 39.325788386166096 1.5
      vertex 26.77561893314123 39.325788386166096 0.9
    endloop
  endfacet
  facet normal 0.9958497867141525 -0.09101209975259882 0
    outer loop
      vertex 26.971661508083344 41.470876313745975 0.9
      vertex 26.971661508083344 41.470876313745975 1.5
      vertex 26.77561893314123 39.325788386166096 1.5
    endloop
  endfacet
  facet normal 0.9625934280100189 -0.2709499812731506 -8.635263904311758e-17
    outer loop
      vertex 27.55225543677807 43.533529713749886 0.9
      vertex 26.971661508083344 41.470876313745975 1.5
      vertex 26.971661508083344 41.470876313745975 0.9
    endloop
  endfacet
  facet normal 0.9625934280100189 -0.2709499812731506 0
    outer loop
      vertex 27.55225543677807 43.533529713749886 0.9
      vertex 27.55225543677807 43.533529713749886 1.5
      vertex 26.971661508083344 41.470876313745975 1.5
    endloop
  endfacet
  facet normal 0.8958632673084959 -0.44432983951941185 4.3601306595431376e-17
    outer loop
      vertex 28.49508883804083 45.43448197096586 0.9
      vertex 27.55225543677807 43.533529713749886 1.5
      vertex 27.55225543677807 43.533529713749886 0.9
    endloop
  endfacet
  facet normal 0.8958632673084959 -0.44432983951941185 0
    outer loop
      vertex 28.49508883804083 45.43448197096586 0.9
      vertex 28.49508883804083 45.43448197096586 1.5
      vertex 27.55225543677807 43.533529713749886 1.5
    endloop
  endfacet
  facet normal 0.7955800114125614 -0.6058485334147378 0
    outer loop
      vertex 29.76392912119627 47.100680552423 0.9
      vertex 28.49508883804083 45.43448197096586 1.5
      vertex 28.49508883804083 45.43448197096586 0.9
    endloop
  endfacet
  facet normal 0.7955800114125614 -0.6058485334147378 0
    outer loop
      vertex 29.76392912119627 47.100680552423 0.9
      vertex 29.76392912119627 47.100680552423 1.5
      vertex 28.49508883804083 45.43448197096586 1.5
    endloop
  endfacet
  facet normal 0.6624983389072927 -0.7490633824617768 0
    outer loop
      vertex 31.310015477240086 48.468094401061535 0.9
      vertex 29.76392912119627 47.100680552423 1.5
      vertex 29.76392912119627 47.100680552423 0.9
    endloop
  endfacet
  facet normal 0.6624983389072927 -0.7490633824617768 0
    outer loop
      vertex 31.310015477240086 48.468094401061535 0.9
      vertex 31.310015477240086 48.468094401061535 1.5
      vertex 29.76392912119627 47.100680552423 1.5
    endloop
  endfacet
  facet normal 0.4991457592370897 -0.8665180384940807 4.5449425358673504e-17
    outer loop
      vertex 33.0739326775074 49.48417456448078 0.9
      vertex 31.310015477240086 48.468094401061535 1.5
      vertex 31.310015477240086 48.468094401061535 0.9
    endloop
  endfacet
  facet normal 0.4991457592370897 -0.8665180384940807 0
    outer loop
      vertex 33.0739326775074 49.48417456448078 0.9
      vertex 33.0739326775074 49.48417456448078 1.5
      vertex 31.310015477240086 48.468094401061535 1.5
    endloop
  endfacet
  facet normal 0.31073024862986764 -0.9504981391809353 0
    outer loop
      vertex 34.987894386053085 50.10987363010645 0.9
      vertex 33.0739326775074 49.48417456448078 1.5
      vertex 33.0739326775074 49.48417456448078 0.9
    endloop
  endfacet
  facet normal 0.31073024862986764 -0.9504981391809353 0
    outer loop
      vertex 34.987894386053085 50.10987363010645 0.9
      vertex 34.987894386053085 50.10987363010645 1.5
      vertex 33.0739326775074 49.48417456448078 1.5
    endloop
  endfacet
  facet normal 0.10555007767263407 -0.9944139887910373 0
    outer loop
      vertex 36.97834810614586 50.321146346628666 0.9
      vertex 34.987894386053085 50.10987363010645 1.5
      vertex 34.987894386053085 50.10987363010645 0.9
    endloop
  endfacet
  facet normal 0.10555007767263407 -0.9944139887910373 0
    outer loop
      vertex 36.97834810614586 50.321146346628666 0.9
      vertex 36.97834810614586 50.321146346628666 1.5
      vertex 34.987894386053085 50.10987363010645 1.5
    endloop
  endfacet
  facet normal 1 0 0
    outer loop
      vertex 36.97834810614586 56.42967854440212 0.9
      vertex 36.97834810614586 50.321146346628666 1.5
      vertex 36.97834810614586 50.321146346628666 0.9
    endloop
  endfacet
  facet normal 1 0 0
    outer loop
      vertex 36.97834810614586 56.42967854440212 0.9
      vertex 36.97834810614586 56.42967854440212 1.5
      vertex 36.97834810614586 50.321146346628666 1.5
    endloop
  endfacet
  facet normal -0.10555008377914475 0.9944139881428736 0
    outer loop
      vertex 35.420477628707886 56.264321498572826 0.9
      vertex 36.97834810614586 56.42967854440212 1.5
      vertex 36.97834810614586 56.42967854440212 0.9
    endloop
  endfacet
  facet normal -0.10555008377914475 0.9944139881428736 0
    outer loop
      vertex 35.420477628707886 56.264321498572826 0.9
      vertex 35.420477628707886 56.264321498572826 1.5
      vertex 36.97834810614586 56.42967854440212 1.5
    endloop
  endfacet
  facet normal 0.6624983373725488 0.7490633838191587 0
    outer loop
      vertex 35.170449659228325 56.48545514047146 0.9
      vertex 35.420477628707886 56.264321498572826 1.5
      vertex 35.420477628707886 56.264321498572826 0.9
    endloop
  endfacet
  facet normal 0.6624983373725488 0.7490633838191587 0
    outer loop
      vertex 35.170449659228325 56.48545514047146 0.9
      vertex 35.170449659228325 56.48545514047146 1.5
      vertex 35.420477628707886 56.264321498572826 1.5
    endloop
  endfacet
  facet normal 0.49914575181067405 0.8665180427719651 0
    outer loop
      vertex 34.680472664535046 56.767699621617794 0.9
      vertex 35.170449659228325 56.48545514047146 1.5
      vertex 35.170449659228325 56.48545514047146 0.9
    endloop
  endfacet
  facet normal 0.49914575181067405 0.8665180427719651 0
    outer loop
      vertex 34.680472664535046 56.767699621617794 0.9
      vertex 34.680472664535046 56.767699621617794 1.5
      vertex 35.170449659228325 56.48545514047146 1.5
    endloop
  endfacet
  facet normal 0.3107302429469295 0.9504981410387621 0
    outer loop
      vertex 34.148816645145416 56.941504910588264 0.9
      vertex 34.680472664535046 56.767699621617794 1.5
      vertex 34.680472664535046 56.767699621617794 0.9
    endloop
  endfacet
  facet normal 0.3107302429469295 0.9504981410387621 0
    outer loop
      vertex 34.148816645145416 56.941504910588264 0.9
      vertex 34.148816645145416 56.941504910588264 1.5
      vertex 34.680472664535046 56.767699621617794 1.5
    endloop
  endfacet
  facet normal 0.10555007967960373 0.9944139885780113 0
    outer loop
      vertex 33.59591282904148 57.000191777944565 0.9
      vertex 34.148816645145416 56.941504910588264 1.5
      vertex 34.148816645145416 56.941504910588264 0.9
    endloop
  endfacet
  facet normal 0.10555007967960373 0.9944139885780113 0
    outer loop
      vertex 33.59591282904148 57.000191777944565 0.9
      vertex 33.59591282904148 57.000191777944565 1.5
      vertex 34.148816645145416 56.941504910588264 1.5
    endloop
  endfacet
  facet normal -0.10555007967960373 0.9944139885780113 0
    outer loop
      vertex 33.043009012937546 56.941504910588264 0.9
      vertex 33.59591282904148 57.000191777944565 1.5
      vertex 33.59591282904148 57.000191777944565 0.9
    endloop
  endfacet
  facet normal -0.10555007967960373 0.9944139885780113 0
    outer loop
      vertex 33.043009012937546 56.941504910588264 0.9
      vertex 33.043009012937546 56.941504910588264 1.5
      vertex 33.59591282904148 57.000191777944565 1.5
    endloop
  endfacet
  facet normal -0.3107302429469295 0.9504981410387621 0
    outer loop
      vertex 32.511352993547916 56.767699621617794 0.9
      vertex 33.043009012937546 56.941504910588264 1.5
      vertex 33.043009012937546 56.941504910588264 0.9
    endloop
  endfacet
  facet normal -0.3107302429469295 0.9504981410387621 0
    outer loop
      vertex 32.511352993547916 56.767699621617794 0.9
      vertex 32.511352993547916 56.767699621617794 1.5
      vertex 33.043009012937546 56.941504910588264 1.5
    endloop
  endfacet
  facet normal -0.499145740412717 0.8665180493376006 0
    outer loop
      vertex 32.021375983953476 56.48545514047146 0.9
      vertex 32.511352993547916 56.767699621617794 1.5
      vertex 32.511352993547916 56.767699621617794 0.9
    endloop
  endfacet
  facet normal -0.499145740412717 0.8665180493376006 0
    outer loop
      vertex 32.021375983953476 56.48545514047146 0.9
      vertex 32.021375983953476 56.48545514047146 1.5
      vertex 32.511352993547916 56.767699621617794 1.5
    endloop
  endfacet
  facet normal -0.6624983314610503 0.7490633890474987 0
    outer loop
      vertex 31.591907545924187 56.105617962777615 0.9
      vertex 32.021375983953476 56.48545514047146 1.5
      vertex 32.021375983953476 56.48545514047146 0.9
    endloop
  endfacet
  facet normal -0.6624983314610503 0.7490633890474987 0
    outer loop
      vertex 31.591907545924187 56.105617962777615 0.9
      vertex 31.591907545924187 56.105617962777615 1.5
      vertex 32.021375983953476 56.48545514047146 1.5
    endloop
  endfacet
  facet normal -0.7955800147732455 0.6058485290016001 0
    outer loop
      vertex 31.23945190757513 55.642785012722015 0.9
      vertex 31.591907545924187 56.105617962777615 1.5
      vertex 31.591907545924187 56.105617962777615 0.9
    endloop
  endfacet
  facet normal -0.7955800147732455 0.6058485290016001 0
    outer loop
      vertex 31.23945190757513 55.642785012722015 0.9
      vertex 31.23945190757513 55.642785012722015 1.5
      vertex 31.591907545924187 56.105617962777615 1.5
    endloop
  endfacet
  facet normal -0.8958632911093498 0.4443297915318356 0
    outer loop
      vertex 30.999314039945602 55.15861603617668 0.9
      vertex 31.23945190757513 55.642785012722015 1.5
      vertex 31.23945190757513 55.642785012722015 0.9
    endloop
  endfacet
  facet normal -0.8958632911093498 0.4443297915318356 0
    outer loop
      vertex 30.999314039945602 55.15861603617668 0.9
      vertex 30.999314039945602 55.15861603617668 1.5
      vertex 31.23945190757513 55.642785012722015 1.5
    endloop
  endfacet
  facet normal -0.31073013568931274 0.9504981761026694 0
    outer loop
      vertex 30.90481300652027 55.127722427248955 0.9
      vertex 30.999314039945602 55.15861603617668 1.5
      vertex 30.999314039945602 55.15861603617668 0.9
    endloop
  endfacet
  facet normal -0.31073013568931274 0.9504981761026694 0
    outer loop
      vertex 30.90481300652027 55.127722427248955 0.9
      vertex 30.90481300652027 55.127722427248955 1.5
      vertex 30.999314039945602 55.15861603617668 1.5
    endloop
  endfacet
  facet normal -0.4991457527827635 0.8665180422120062 1.1686995124744954e-16
    outer loop
      vertex 28.160941801965237 53.54715330898762 0.9
      vertex 30.90481300652027 55.127722427248955 1.5
      vertex 30.90481300652027 55.127722427248955 0.9
    endloop
  endfacet
  facet normal -0.4991457527827635 0.8665180422120062 0
    outer loop
      vertex 28.160941801965237 53.54715330898762 0.9
      vertex 28.160941801965237 53.54715330898762 1.5
      vertex 30.90481300652027 55.127722427248955 1.5
    endloop
  endfacet
  facet normal -0.6624985135735322 0.749063227980696 0
    outer loop
      vertex 28.133970864117146 53.52329923957586 0.9
      vertex 28.160941801965237 53.54715330898762 1.5
      vertex 28.160941801965237 53.54715330898762 0.9
    endloop
  endfacet
  facet normal -0.6624985135735322 0.749063227980696 0
    outer loop
      vertex 28.133970864117146 53.52329923957586 0.9
      vertex 28.133970864117146 53.52329923957586 1.5
      vertex 28.160941801965237 53.54715330898762 1.5
    endloop
  endfacet
  facet normal 0.10555008565657839 0.9944139879435973 0
    outer loop
      vertex 27.622886650264263 53.57754725217819 0.9
      vertex 28.133970864117146 53.52329923957586 1.5
      vertex 28.133970864117146 53.52329923957586 0.9
    endloop
  endfacet
  facet normal 0.10555008565657839 0.9944139879435973 0
    outer loop
      vertex 27.622886650264263 53.57754725217819 0.9
      vertex 27.622886650264263 53.57754725217819 1.5
      vertex 28.133970864117146 53.52329923957586 1.5
    endloop
  endfacet
  facet normal -0.10555007967960373 0.9944139885780113 0
    outer loop
      vertex 27.069982834160328 53.51886038482189 0.9
      vertex 27.622886650264263 53.57754725217819 1.5
      vertex 27.622886650264263 53.57754725217819 0.9
    endloop
  endfacet
  facet normal -0.10555007967960373 0.9944139885780113 0
    outer loop
      vertex 27.069982834160328 53.51886038482189 0.9
      vertex 27.069982834160328 53.51886038482189 1.5
      vertex 27.622886650264263 53.57754725217819 1.5
    endloop
  endfacet
  facet normal -0.3107302549810178 0.9504981371046615 0
    outer loop
      vertex 26.5383268147707 53.34505508840084 0.9
      vertex 27.069982834160328 53.51886038482189 1.5
      vertex 27.069982834160328 53.51886038482189 0.9
    endloop
  endfacet
  facet normal -0.3107302549810178 0.9504981371046615 0
    outer loop
      vertex 26.5383268147707 53.34505508840084 0.9
      vertex 26.5383268147707 53.34505508840084 1.5
      vertex 27.069982834160328 53.51886038482189 1.5
    endloop
  endfacet
  facet normal -0.499145740412717 0.8665180493376006 0
    outer loop
      vertex 26.048349805176258 53.062810607254505 0.9
      vertex 26.5383268147707 53.34505508840084 1.5
      vertex 26.5383268147707 53.34505508840084 0.9
    endloop
  endfacet
  facet normal -0.499145740412717 0.8665180493376006 0
    outer loop
      vertex 26.048349805176258 53.062810607254505 0.9
      vertex 26.048349805176258 53.062810607254505 1.5
      vertex 26.5383268147707 53.34505508840084 1.5
    endloop
  endfacet
  facet normal -0.6624983443587064 0.749063377640352 0
    outer loop
      vertex 25.61888138204813 52.68297342956066 0.9
      vertex 26.048349805176258 53.062810607254505 1.5
      vertex 26.048349805176258 53.062810607254505 0.9
    endloop
  endfacet
  facet normal -0.6624983443587064 0.749063377640352 0
    outer loop
      vertex 25.61888138204813 52.68297342956066 0.9
      vertex 25.61888138204813 52.68297342956066 1.5
      vertex 26.048349805176258 53.062810607254505 1.5
    endloop
  endfacet
  facet normal -0.7955800100723798 0.6058485351746193 0
    outer loop
      vertex 25.266425743699074 52.22014048695564 0.9
      vertex 25.61888138204813 52.68297342956066 1.5
      vertex 25.61888138204813 52.68297342956066 0.9
    endloop
  endfacet
  facet normal -0.7955800100723798 0.6058485351746193 0
    outer loop
      vertex 25.266425743699074 52.22014048695564 0.9
      vertex 25.266425743699074 52.22014048695564 1.5
      vertex 25.61888138204813 52.68297342956066 1.5
    endloop
  endfacet
  facet normal -0.8958632621359549 0.44432984994835234 0
    outer loop
      vertex 25.00452756881714 51.69209819287062 0.9
      vertex 25.266425743699074 52.22014048695564 1.5
      vertex 25.266425743699074 52.22014048695564 0.9
    endloop
  endfacet
  facet normal -0.8958632621359549 0.44432984994835234 0
    outer loop
      vertex 25.00452756881714 51.69209819287062 0.9
      vertex 25.00452756881714 51.69209819287062 1.5
      vertex 25.266425743699074 52.22014048695564 1.5
    endloop
  endfacet
  facet normal -0.9625934302832031 0.27094997319729786 0
    outer loop
      vertex 24.84325148165226 51.11913891136646 0.9
      vertex 25.00452756881714 51.69209819287062 1.5
      vertex 25.00452756881714 51.69209819287062 0.9
    endloop
  endfacet
  facet normal -0.9625934302832031 0.27094997319729786 0
    outer loop
      vertex 24.84325148165226 51.11913891136646 0.9
      vertex 24.84325148165226 51.11913891136646 1.5
      vertex 25.00452756881714 51.69209819287062 1.5
    endloop
  endfacet
  facet normal -0.995849786708755 0.09101209981165825 0
    outer loop
      vertex 24.788795210421085 50.523281149566174 0.9
      vertex 24.84325148165226 51.11913891136646 1.5
      vertex 24.84325148165226 51.11913891136646 0.9
    endloop
  endfacet
  facet normal -0.995849786708755 0.09101209981165825 0
    outer loop
      vertex 24.788795210421085 50.523281149566174 0.9
      vertex 24.788795210421085 50.523281149566174 1.5
      vertex 24.84325148165226 51.11913891136646 1.5
    endloop
  endfacet
  facet normal -0.9958497840479199 -0.09101212892637647 0
    outer loop
      vertex 24.819248631596565 50.19006146490574 0.9
      vertex 24.788795210421085 50.523281149566174 1.5
      vertex 24.788795210421085 50.523281149566174 0.9
    endloop
  endfacet
  facet normal -0.9958497840479199 -0.09101212892637647 0
    outer loop
      vertex 24.819248631596565 50.19006146490574 0.9
      vertex 24.819248631596565 50.19006146490574 1.5
      vertex 24.788795210421085 50.523281149566174 1.5
    endloop
  endfacet
  facet normal -0.7955800082749126 0.6058485375349931 0
    outer loop
      vertex 23.78216701745987 48.82820062339306 0.9
      vertex 24.819248631596565 50.19006146490574 1.5
      vertex 24.819248631596565 50.19006146490574 0.9
    endloop
  endfacet
  facet normal -0.7955800082749126 0.6058485375349931 0
    outer loop
      vertex 23.78216701745987 48.82820062339306 0.9
      vertex 23.78216701745987 48.82820062339306 1.5
      vertex 24.819248631596565 50.19006146490574 1.5
    endloop
  endfacet
  facet normal -0.8958632717089056 0.44432983064725196 1.1656415651847045e-16
    outer loop
      vertex 23.07682553678751 47.406082451343536 0.9
      vertex 23.78216701745987 48.82820062339306 1.5
      vertex 23.78216701745987 48.82820062339306 0.9
    endloop
  endfacet
  facet normal -0.8958632717089056 0.44432983064725196 0
    outer loop
      vertex 23.07682553678751 47.406082451343536 0.9
      vertex 23.07682553678751 47.406082451343536 1.5
      vertex 23.78216701745987 48.82820062339306 1.5
    endloop
  endfacet
  facet normal -0.3107302619003154 0.9504981348426527 0
    outer loop
      vertex 22.75545919686556 47.301023595035076 0.9
      vertex 23.07682553678751 47.406082451343536 1.5
      vertex 23.07682553678751 47.406082451343536 0.9
    endloop
  endfacet
  facet normal -0.3107302619003154 0.9504981348426527 0
    outer loop
      vertex 22.75545919686556 47.301023595035076 0.9
      vertex 22.75545919686556 47.301023595035076 1.5
      vertex 23.07682553678751 47.406082451343536 1.5
    endloop
  endfacet
  facet normal -0.49914575181067405 0.8665180427719651 0
    outer loop
      vertex 22.26548220217228 47.01877911388874 0.9
      vertex 22.75545919686556 47.301023595035076 1.5
      vertex 22.75545919686556 47.301023595035076 0.9
    endloop
  endfacet
  facet normal -0.49914575181067405 0.8665180427719651 0
    outer loop
      vertex 22.26548220217228 47.01877911388874 0.9
      vertex 22.26548220217228 47.01877911388874 1.5
      vertex 22.75545919686556 47.301023595035076 1.5
    endloop
  endfacet
  facet normal -0.6624983314610503 0.7490633890474987 0
    outer loop
      vertex 21.83601376414299 46.6389419361949 0.9
      vertex 22.26548220217228 47.01877911388874 1.5
      vertex 22.26548220217228 47.01877911388874 0.9
    endloop
  endfacet
  facet normal -0.6624983314610503 0.7490633890474987 0
    outer loop
      vertex 21.83601376414299 46.6389419361949 0.9
      vertex 21.83601376414299 46.6389419361949 1.5
      vertex 22.26548220217228 47.01877911388874 1.5
    endloop
  endfacet
  facet normal -0.7955800147732455 0.6058485290016001 0
    outer loop
      vertex 21.483558125793934 46.1761089861393 0.9
      vertex 21.83601376414299 46.6389419361949 1.5
      vertex 21.83601376414299 46.6389419361949 0.9
    endloop
  endfacet
  facet normal -0.7955800147732455 0.6058485290016001 0
    outer loop
      vertex 21.483558125793934 46.1761089861393 0.9
      vertex 21.483558125793934 46.1761089861393 1.5
      vertex 21.83601376414299 46.6389419361949 1.5
    endloop
  endfacet
  facet normal -0.8958632697036583 0.44432983469025616 0
    outer loop
      vertex 21.22165996581316 45.64806669950485 0.9
      vertex 21.483558125793934 46.1761089861393 1.5
      vertex 21.483558125793934 46.1761089861393 0.9
    endloop
  endfacet
  facet normal -0.8958632697036583 0.44432983469025616 0
    outer loop
      vertex 21.22165996581316 45.64806669950485 0.9
      vertex 21.22165996581316 45.64806669950485 1.5
      vertex 21.483558125793934 46.1761089861393 1.5
    endloop
  endfacet
  facet normal -0.9625934302832031 0.27094997319729786 0
    outer loop
      vertex 21.06038387864828 45.0751074180007 0.9
      vertex 21.22165996581316 45.64806669950485 1.5
      vertex 21.22165996581316 45.64806669950485 0.9
    endloop
  endfacet
  facet normal -0.9625934302832031 0.27094997319729786 0
    outer loop
      vertex 21.06038387864828 45.0751074180007 0.9
      vertex 21.06038387864828 45.0751074180007 1.5
      vertex 21.22165996581316 45.64806669950485 1.5
    endloop
  endfacet
  facet normal -0.9958497865024691 0.09101210206882857 0
    outer loop
      vertex 21.005927607417107 44.47924967110157 0.9
      vertex 21.06038387864828 45.0751074180007 1.5
      vertex 21.06038387864828 45.0751074180007 0.9
    endloop
  endfacet
  facet normal -0.9958497865024691 0.09101210206882857 0
    outer loop
      vertex 21.005927607417107 44.47924967110157 0.9
      vertex 21.005927607417107 44.47924967110157 1.5
      vertex 21.06038387864828 45.0751074180007 1.5
    endloop
  endfacet
  facet normal -0.995849786708755 -0.09101209981165825 0
    outer loop
      vertex 21.06038387864828 43.88339190930128 0.9
      vertex 21.005927607417107 44.47924967110157 1.5
      vertex 21.005927607417107 44.47924967110157 0.9
    endloop
  endfacet
  facet normal -0.995849786708755 -0.09101209981165825 0
    outer loop
      vertex 21.06038387864828 43.88339190930128 0.9
      vertex 21.06038387864828 43.88339190930128 1.5
      vertex 21.005927607417107 44.47924967110157 1.5
    endloop
  endfacet
  facet normal -0.9625934312021437 -0.27094996993261306 0
    outer loop
      vertex 21.22165996581316 43.310432620346546 0.9
      vertex 21.06038387864828 43.88339190930128 1.5
      vertex 21.06038387864828 43.88339190930128 0.9
    endloop
  endfacet
  facet normal -0.9625934312021437 -0.27094996993261306 0
    outer loop
      vertex 21.22165996581316 43.310432620346546 0.9
      vertex 21.22165996581316 43.310432620346546 1.5
      vertex 21.06038387864828 43.88339190930128 1.5
    endloop
  endfacet
  facet normal -0.8958632679820522 -0.44432983816137955 0
    outer loop
      vertex 21.45966935902834 42.83055516332388 0.9
      vertex 21.22165996581316 43.310432620346546 1.5
      vertex 21.22165996581316 43.310432620346546 0.9
    endloop
  endfacet
  facet normal -0.8958632679820522 -0.44432983816137955 0
    outer loop
      vertex 21.45966935902834 42.83055516332388 0.9
      vertex 21.45966935902834 42.83055516332388 1.5
      vertex 21.22165996581316 43.310432620346546 1.5
    endloop
  endfacet
  facet normal -0.9625934137954644 0.2709500317726386 0
    outer loop
      vertex 21.412391170859337 42.66259182244539 0.9
      vertex 21.45966935902834 42.83055516332388 1.5
      vertex 21.45966935902834 42.83055516332388 0.9
    endloop
  endfacet
  facet normal -0.9625934137954644 0.2709500317726386 0
    outer loop
      vertex 21.412391170859337 42.66259182244539 0.9
      vertex 21.412391170859337 42.66259182244539 1.5
      vertex 21.45966935902834 42.83055516332388 1.5
    endloop
  endfacet
  facet normal -0.9958497866753879 0.0910121001767576 0
    outer loop
      vertex 21.107436053454876 39.325788386166096 0.9
      vertex 21.412391170859337 42.66259182244539 1.5
      vertex 21.412391170859337 42.66259182244539 0.9
    endloop
  endfacet
  facet normal -0.9958497866753879 0.0910121001767576 0
    outer loop
      vertex 21.107436053454876 39.325788386166096 0.9
      vertex 21.107436053454876 39.325788386166096 1.5
      vertex 21.412391170859337 42.66259182244539 1.5
    endloop
  endfacet
  facet normal -0.9958497866938063 -0.09101209997522451 2.761163942527728e-17
    outer loop
      vertex 21.412391170859337 35.98898494243622 0.9
      vertex 21.107436053454876 39.325788386166096 1.5
      vertex 21.107436053454876 39.325788386166096 0.9
    endloop
  endfacet
  facet normal -0.9958497866938063 -0.09101209997522451 0
    outer loop
      vertex 21.412391170859337 35.98898494243622 0.9
      vertex 21.412391170859337 35.98898494243622 1.5
      vertex 21.107436053454876 39.325788386166096 1.5
    endloop
  endfacet
  facet normal -0.9625934269088354 -0.27094998518528185 5.551241074992788e-17
    outer loop
      vertex 22.31553729623556 32.78041298687458 0.9
      vertex 21.412391170859337 35.98898494243622 1.5
      vertex 21.412391170859337 35.98898494243622 0.9
    endloop
  endfacet
  facet normal -0.9625934269088354 -0.27094998518528185 0
    outer loop
      vertex 22.31553729623556 32.78041298687458 0.9
      vertex 22.31553729623556 32.78041298687458 1.5
      vertex 21.412391170859337 35.98898494243622 1.5
    endloop
  endfacet
  facet normal -0.895863269055195 -0.4443298359976959 -8.408823428874094e-17
    outer loop
      vertex 23.78216701745987 29.823376141488552 0.9
      vertex 22.31553729623556 32.78041298687458 1.5
      vertex 22.31553729623556 32.78041298687458 0.9
    endloop
  endfacet
  facet normal -0.895863269055195 -0.4443298359976959 0
    outer loop
      vertex 23.78216701745987 29.823376141488552 0.9
      vertex 23.78216701745987 29.823376141488552 1.5
      vertex 22.31553729623556 32.78041298687458 1.5
    endloop
  endfacet
  facet normal -0.7955800128756904 -0.605848531493406 -2.8398837241378346e-17
    outer loop
      vertex 25.755918569862843 27.231511667370796 0.9
      vertex 23.78216701745987 29.823376141488552 1.5
      vertex 23.78216701745987 29.823376141488552 0.9
    endloop
  endfacet
  facet normal -0.7955800128756904 -0.605848531493406 0
    outer loop
      vertex 25.755918569862843 27.231511667370796 0.9
      vertex 25.755918569862843 27.231511667370796 1.5
      vertex 23.78216701745987 29.823376141488552 1.5
    endloop
  endfacet
  facet normal -0.6624983362479203 -0.7490633848138204 -1.1526256179473925e-16
    outer loop
      vertex 28.160941801965237 25.104423463344574 0.9
      vertex 25.755918569862843 27.231511667370796 1.5
      vertex 25.755918569862843 27.231511667370796 0.9
    endloop
  endfacet
  facet normal -0.6624983362479203 -0.7490633848138204 0
    outer loop
      vertex 28.160941801965237 25.104423463344574 0.9
      vertex 28.160941801965237 25.104423463344574 1.5
      vertex 25.755918569862843 27.231511667370796 1.5
    endloop
  endfacet
  facet normal -0.49914575454944893 -0.8665180411943316 -8.765246333264448e-17
    outer loop
      vertex 30.90481300652027 23.523854337632656 0.9
      vertex 28.160941801965237 25.104423463344574 1.5
      vertex 28.160941801965237 25.104423463344574 0.9
    endloop
  endfacet
  facet normal -0.49914575454944893 -0.8665180411943316 0
    outer loop
      vertex 30.90481300652027 23.523854337632656 0.9
      vertex 30.90481300652027 23.523854337632656 1.5
      vertex 28.160941801965237 25.104423463344574 1.5
    endloop
  endfacet
  facet normal -0.310730251642044 -0.9504981381962156 0
    outer loop
      vertex 33.882086768746376 22.550544671714306 0.9
      vertex 30.90481300652027 23.523854337632656 1.5
      vertex 30.90481300652027 23.523854337632656 0.9
    endloop
  endfacet
  facet normal -0.310730251642044 -0.9504981381962156 0
    outer loop
      vertex 33.882086768746376 22.550544671714306 0.9
      vertex 33.882086768746376 22.550544671714306 1.5
      vertex 30.90481300652027 23.523854337632656 1.5
    endloop
  endfacet
  facet normal -0.10555007889172321 -0.9944139886616393 0
    outer loop
      vertex 36.97834810614586 22.22189822047949 0.9
      vertex 33.882086768746376 22.550544671714306 1.5
      vertex 33.882086768746376 22.550544671714306 0.9
    endloop
  endfacet
  facet normal -0.10555007889172321 -0.9944139886616393 0
    outer loop
      vertex 36.97834810614586 22.22189822047949 0.9
      vertex 36.97834810614586 22.22189822047949 1.5
      vertex 33.882086768746376 22.550544671714306 1.5
    endloop
  endfacet
  facet normal -1 0 0
    outer loop
      vertex 36.97834810614586 21.000191777944565 0.9
      vertex 36.97834810614586 22.22189822047949 1.5
      vertex 36.97834810614586 22.22189822047949 0.9
    endloop
  endfacet
  facet normal -1 0 0
    outer loop
      vertex 36.97834810614586 21.000191777944565 0.9
      vertex 36.97834810614586 21.000191777944565 1.5
      vertex 36.97834810614586 22.22189822047949 1.5
    endloop
  endfacet
  facet normal 0 -1 0
    outer loop
      vertex 50.20410815626383 21.000191777944565 0.9
      vertex 36.97834810614586 21.000191777944565 1.5
      vertex 36.97834810614586 21.000191777944565 0.9
    endloop
  endfacet
  facet normal 0 -1 0
    outer loop
      vertex 50.20410815626383 21.000191777944565 0.9
      vertex 50.20410815626383 21.000191777944565 1.5
      vertex 36.97834810614586 21.000191777944565 1.5
    endloop
  endfacet
  facet normal 1 0 0
    outer loop
      vertex 50.20410815626383 24.054457880556583 0.9
      vertex 50.20410815626383 21.000191777944565 1.5
      vertex 50.20410815626383 21.000191777944565 0.9
    endloop
  endfacet
  facet normal 1 0 0
    outer loop
      vertex 50.20410815626383 24.054457880556583 0.9
      vertex 50.20410815626383 24.054457880556583 1.5
      vertex 50.20410815626383 21.000191777944565 1.5
    endloop
  endfacet
  facet normal -0.11596963935247037 -0.9932527587419318 0
    outer loop
      vertex 42.646530985832214 28.248983331024647 0.9
      vertex 42.646530985832214 28.248983331024647 1.5
      vertex 42.55206127464771 28.26001337170601 0.9
    endloop
  endfacet
  facet normal -0.11596963935247037 -0.9932527587419318 0
    outer loop
      vertex 42.55206127464771 28.26001337170601 1.5
      vertex 42.55206127464771 28.26001337170601 0.9
      vertex 42.646530985832214 28.248983331024647 1.5
    endloop
  endfacet
  facet normal 0.11596950829296754 -0.9932527740440936 0
    outer loop
      vertex 44.2683821618557 28.438346289098263 0.9
      vertex 44.2683821618557 28.438346289098263 1.5
      vertex 42.646530985832214 28.248983331024647 0.9
    endloop
  endfacet
  facet normal 0.11596950829296754 -0.9932527740440936 0
    outer loop
      vertex 42.646530985832214 28.248983331024647 1.5
      vertex 42.646530985832214 28.248983331024647 0.9
      vertex 44.2683821618557 28.438346289098263 1.5
    endloop
  endfacet
  facet normal 0.3383898883685073 -0.9410059954378343 0
    outer loop
      vertex 44.630394987761974 28.568527691066265 0.9
      vertex 44.630394987761974 28.568527691066265 1.5
      vertex 44.2683821618557 28.438346289098263 0.9
    endloop
  endfacet
  facet normal 0.3383898883685073 -0.9410059954378343 0
    outer loop
      vertex 44.2683821618557 28.438346289098263 1.5
      vertex 44.2683821618557 28.438346289098263 0.9
      vertex 44.630394987761974 28.568527691066265 1.5
    endloop
  endfacet
  facet normal -1 0 0
    outer loop
      vertex 44.630394987761974 24.054457880556583 0.9
      vertex 44.630394987761974 24.054457880556583 1.5
      vertex 44.630394987761974 28.568527691066265 0.9
    endloop
  endfacet
  facet normal -1 0 0
    outer loop
      vertex 44.630394987761974 28.568527691066265 1.5
      vertex 44.630394987761974 28.568527691066265 0.9
      vertex 44.630394987761974 24.054457880556583 1.5
    endloop
  endfacet
  facet normal 0 1 0
    outer loop
      vertex 42.55206127464771 24.054457880556583 0.9
      vertex 42.55206127464771 24.054457880556583 1.5
      vertex 44.630394987761974 24.054457880556583 0.9
    endloop
  endfacet
  facet normal 0 1 0
    outer loop
      vertex 44.630394987761974 24.054457880556583 1.5
      vertex 44.630394987761974 24.054457880556583 0.9
      vertex 42.55206127464771 24.054457880556583 1.5
    endloop
  endfacet
  facet normal 1 0 0
    outer loop
      vertex 42.55206127464771 28.26001337170601 0.9
      vertex 42.55206127464771 28.26001337170601 1.5
      vertex 42.55206127464771 24.054457880556583 0.9
    endloop
  endfacet
  facet normal 1 0 0
    outer loop
      vertex 42.55206127464771 24.054457880556583 1.5
      vertex 42.55206127464771 24.054457880556583 0.9
      vertex 42.55206127464771 28.26001337170601 1.5
    endloop
  endfacet
  facet normal 0.310730267015106 -0.9504981331705608 0
    outer loop
      vertex 41.4453432187438 51.12415175139904 0.9
      vertex 40.91368719935417 50.95034644752741 1.5
      vertex 40.91368719935417 50.95034644752741 0.9
    endloop
  endfacet
  facet normal 0.310730267015106 -0.9504981331705608 0
    outer loop
      vertex 41.4453432187438 51.12415175139904 0.9
      vertex 41.4453432187438 51.12415175139904 1.5
      vertex 40.91368719935417 50.95034644752741 1.5
    endloop
  endfacet
  facet normal 0.499145740412717 -0.8665180493376006 0
    outer loop
      vertex 41.93532022833824 51.406396232545376 0.9
      vertex 41.4453432187438 51.12415175139904 1.5
      vertex 41.4453432187438 51.12415175139904 0.9
    endloop
  endfacet
  facet normal 0.499145740412717 -0.8665180493376006 0
    outer loop
      vertex 41.93532022833824 51.406396232545376 0.9
      vertex 41.93532022833824 51.406396232545376 1.5
      vertex 41.4453432187438 51.12415175139904 1.5
    endloop
  endfacet
  facet normal 0.6624983387525116 -0.7490633825986707 0
    outer loop
      vertex 42.36478866636753 51.7862334176898 0.9
      vertex 41.93532022833824 51.406396232545376 1.5
      vertex 41.93532022833824 51.406396232545376 0.9
    endloop
  endfacet
  facet normal 0.6624983387525116 -0.7490633825986707 0
    outer loop
      vertex 42.36478866636753 51.7862334176898 0.9
      vertex 42.36478866636753 51.7862334176898 1.5
      vertex 41.93532022833824 51.406396232545376 1.5
    endloop
  endfacet
  facet normal 0.7955800100723798 -0.6058485351746193 0
    outer loop
      vertex 42.71724430471659 52.24906636029482 0.9
      vertex 42.36478866636753 51.7862334176898 1.5
      vertex 42.36478866636753 51.7862334176898 0.9
    endloop
  endfacet
  facet normal 0.7955800100723798 -0.6058485351746193 0
    outer loop
      vertex 42.71724430471659 52.24906636029482 0.9
      vertex 42.71724430471659 52.24906636029482 1.5
      vertex 42.36478866636753 51.7862334176898 1.5
    endloop
  endfacet
  facet normal 0.8958632697036583 -0.44432983469025616 0
    outer loop
      vertex 42.97914246469736 52.777108646929264 0.9
      vertex 42.71724430471659 52.24906636029482 1.5
      vertex 42.71724430471659 52.24906636029482 0.9
    endloop
  endfacet
  facet normal 0.8958632697036583 -0.44432983469025616 0
    outer loop
      vertex 42.97914246469736 52.777108646929264 0.9
      vertex 42.97914246469736 52.777108646929264 1.5
      vertex 42.71724430471659 52.24906636029482 1.5
    endloop
  endfacet
  facet normal 0.9625934312021437 -0.27094996993261306 0
    outer loop
      vertex 43.14041855186224 53.350067935884 0.9
      vertex 42.97914246469736 52.777108646929264 1.5
      vertex 42.97914246469736 52.777108646929264 0.9
    endloop
  endfacet
  facet normal 0.9625934312021437 -0.27094996993261306 0
    outer loop
      vertex 43.14041855186224 53.350067935884 0.9
      vertex 43.14041855186224 53.350067935884 1.5
      vertex 42.97914246469736 52.777108646929264 1.5
    endloop
  endfacet
  facet normal 0.9958497865024691 -0.09101210206882857 0
    outer loop
      vertex 43.194874823093414 53.94592568278313 0.9
      vertex 43.14041855186224 53.350067935884 1.5
      vertex 43.14041855186224 53.350067935884 0.9
    endloop
  endfacet
  facet normal 0.9958497865024691 -0.09101210206882857 0
    outer loop
      vertex 43.194874823093414 53.94592568278313 0.9
      vertex 43.194874823093414 53.94592568278313 1.5
      vertex 43.14041855186224 53.350067935884 1.5
    endloop
  endfacet
  facet normal 0.995849786708755 0.09101209981165825 0
    outer loop
      vertex 43.14041855186224 54.541783444583416 0.9
      vertex 43.194874823093414 53.94592568278313 1.5
      vertex 43.194874823093414 53.94592568278313 0.9
    endloop
  endfacet
  facet normal 0.995849786708755 0.09101209981165825 0
    outer loop
      vertex 43.14041855186224 54.541783444583416 0.9
      vertex 43.14041855186224 54.541783444583416 1.5
      vertex 43.194874823093414 53.94592568278313 1.5
    endloop
  endfacet
  facet normal 0.9625934284453217 0.27094997972666757 0
    outer loop
      vertex 42.97914246469736 55.11474271118641 0.9
      vertex 43.14041855186224 54.541783444583416 1.5
      vertex 43.14041855186224 54.541783444583416 0.9
    endloop
  endfacet
  facet normal 0.9625934284453217 0.27094997972666757 0
    outer loop
      vertex 42.97914246469736 55.11474271118641 0.9
      vertex 42.97914246469736 55.11474271118641 1.5
      vertex 43.14041855186224 54.541783444583416 1.5
    endloop
  endfacet
  facet normal 0.8958632746948479 0.4443298246269581 0
    outer loop
      vertex 42.71724430471659 55.642785012722015 0.9
      vertex 42.97914246469736 55.11474271118641 1.5
      vertex 42.97914246469736 55.11474271118641 0.9
    endloop
  endfacet
  facet normal 0.8958632746948479 0.4443298246269581 0
    outer loop
      vertex 42.71724430471659 55.642785012722015 0.9
      vertex 42.71724430471659 55.642785012722015 1.5
      vertex 42.97914246469736 55.11474271118641 1.5
    endloop
  endfacet
  facet normal 0.7955800147732455 0.6058485290016001 0
    outer loop
      vertex 42.36478866636753 56.105617962777615 0.9
      vertex 42.71724430471659 55.642785012722015 1.5
      vertex 42.71724430471659 55.642785012722015 0.9
    endloop
  endfacet
  facet normal 0.7955800147732455 0.6058485290016001 0
    outer loop
      vertex 42.36478866636753 56.105617962777615 0.9
      vertex 42.36478866636753 56.105617962777615 1.5
      vertex 42.71724430471659 55.642785012722015 1.5
    endloop
  endfacet
  facet normal 0.6624983314610503 0.7490633890474987 0
    outer loop
      vertex 41.93532022833824 56.48545514047146 0.9
      vertex 42.36478866636753 56.105617962777615 1.5
      vertex 42.36478866636753 56.105617962777615 0.9
    endloop
  endfacet
  facet normal 0.6624983314610503 0.7490633890474987 0
    outer loop
      vertex 41.93532022833824 56.48545514047146 0.9
      vertex 41.93532022833824 56.48545514047146 1.5
      vertex 42.36478866636753 56.105617962777615 1.5
    endloop
  endfacet
  facet normal 0.499145740412717 0.8665180493376006 0
    outer loop
      vertex 41.4453432187438 56.767699621617794 0.9
      vertex 41.93532022833824 56.48545514047146 1.5
      vertex 41.93532022833824 56.48545514047146 0.9
    endloop
  endfacet
  facet normal 0.499145740412717 0.8665180493376006 0
    outer loop
      vertex 41.4453432187438 56.767699621617794 0.9
      vertex 41.4453432187438 56.767699621617794 1.5
      vertex 41.93532022833824 56.48545514047146 1.5
    endloop
  endfacet
  facet normal 0.3107302429469295 0.9504981410387621 0
    outer loop
      vertex 40.91368719935417 56.941504910588264 0.9
      vertex 41.4453432187438 56.767699621617794 1.5
      vertex 41.4453432187438 56.767699621617794 0.9
    endloop
  endfacet
  facet normal 0.3107302429469295 0.9504981410387621 0
    outer loop
      vertex 40.91368719935417 56.941504910588264 0.9
      vertex 40.91368719935417 56.941504910588264 1.5
      vertex 41.4453432187438 56.767699621617794 1.5
    endloop
  endfacet
  facet normal 0.10555007967960373 0.9944139885780113 0
    outer loop
      vertex 40.36078338325024 57.000191777944565 0.9
      vertex 40.91368719935417 56.941504910588264 1.5
      vertex 40.91368719935417 56.941504910588264 0.9
    endloop
  endfacet
  facet normal 0.10555007967960373 0.9944139885780113 0
    outer loop
      vertex 40.36078338325024 57.000191777944565 0.9
      vertex 40.36078338325024 57.000191777944565 1.5
      vertex 40.91368719935417 56.941504910588264 1.5
    endloop
  endfacet
  facet normal -0.10555007967960373 0.9944139885780113 0
    outer loop
      vertex 39.8078795671463 56.941504910588264 0.9
      vertex 40.36078338325024 57.000191777944565 1.5
      vertex 40.36078338325024 57.000191777944565 0.9
    endloop
  endfacet
  facet normal -0.10555007967960373 0.9944139885780113 0
    outer loop
      vertex 39.8078795671463 56.941504910588264 0.9
      vertex 39.8078795671463 56.941504910588264 1.5
      vertex 40.36078338325024 57.000191777944565 1.5
    endloop
  endfacet
  facet normal -0.3107302429469295 0.9504981410387621 0
    outer loop
      vertex 39.27622354775667 56.767699621617794 0.9
      vertex 39.8078795671463 56.941504910588264 1.5
      vertex 39.8078795671463 56.941504910588264 0.9
    endloop
  endfacet
  facet normal -0.3107302429469295 0.9504981410387621 0
    outer loop
      vertex 39.27622354775667 56.767699621617794 0.9
      vertex 39.27622354775667 56.767699621617794 1.5
      vertex 39.8078795671463 56.941504910588264 1.5
    endloop
  endfacet
  facet normal -0.49914575181067405 0.8665180427719651 0
    outer loop
      vertex 38.78624655306339 56.48545514047146 0.9
      vertex 39.27622354775667 56.767699621617794 1.5
      vertex 39.27622354775667 56.767699621617794 0.9
    endloop
  endfacet
  facet normal -0.49914575181067405 0.8665180427719651 0
    outer loop
      vertex 38.78624655306339 56.48545514047146 0.9
      vertex 38.78624655306339 56.48545514047146 1.5
      vertex 39.27622354775667 56.767699621617794 1.5
    endloop
  endfacet
  facet normal -0.6624983314610503 0.7490633890474987 0
    outer loop
      vertex 38.3567781150341 56.105617962777615 0.9
      vertex 38.78624655306339 56.48545514047146 1.5
      vertex 38.78624655306339 56.48545514047146 0.9
    endloop
  endfacet
  facet normal -0.6624983314610503 0.7490633890474987 0
    outer loop
      vertex 38.3567781150341 56.105617962777615 0.9
      vertex 38.3567781150341 56.105617962777615 1.5
      vertex 38.78624655306339 56.48545514047146 1.5
    endloop
  endfacet
  facet normal -0.7955800209462647 0.6058485208953975 0
    outer loop
      vertex 38.00432248413563 55.642785012722015 0.9
      vertex 38.3567781150341 56.105617962777615 1.5
      vertex 38.3567781150341 56.105617962777615 0.9
    endloop
  endfacet
  facet normal -0.7955800209462647 0.6058485208953975 0
    outer loop
      vertex 38.00432248413563 55.642785012722015 0.9
      vertex 38.00432248413563 55.642785012722015 1.5
      vertex 38.3567781150341 56.105617962777615 1.5
    endloop
  endfacet
  facet normal -0.89586326463155 0.4443298449167032 0
    outer loop
      vertex 37.74242430925369 55.11474271118641 0.9
      vertex 38.00432248413563 55.642785012722015 1.5
      vertex 38.00432248413563 55.642785012722015 0.9
    endloop
  endfacet
  facet normal -0.89586326463155 0.4443298449167032 0
    outer loop
      vertex 37.74242430925369 55.11474271118641 0.9
      vertex 37.74242430925369 55.11474271118641 1.5
      vertex 38.00432248413563 55.642785012722015 1.5
    endloop
  endfacet
  facet normal -0.9625934284453217 0.27094997972666757 0
    outer loop
      vertex 37.581148222088814 54.541783444583416 0.9
      vertex 37.74242430925369 55.11474271118641 1.5
      vertex 37.74242430925369 55.11474271118641 0.9
    endloop
  endfacet
  facet normal -0.9625934284453217 0.27094997972666757 0
    outer loop
      vertex 37.581148222088814 54.541783444583416 0.9
      vertex 37.581148222088814 54.541783444583416 1.5
      vertex 37.74242430925369 55.11474271118641 1.5
    endloop
  endfacet
  facet normal -0.995849786708755 0.09101209981165825 0
    outer loop
      vertex 37.52669195085764 53.94592568278313 0.9
      vertex 37.581148222088814 54.541783444583416 1.5
      vertex 37.581148222088814 54.541783444583416 0.9
    endloop
  endfacet
  facet normal -0.995849786708755 0.09101209981165825 0
    outer loop
      vertex 37.52669195085764 53.94592568278313 0.9
      vertex 37.52669195085764 53.94592568278313 1.5
      vertex 37.581148222088814 54.541783444583416 1.5
    endloop
  endfacet
  facet normal -0.9958497865024691 -0.09101210206882857 0
    outer loop
      vertex 37.581148222088814 53.350067935884 0.9
      vertex 37.52669195085764 53.94592568278313 1.5
      vertex 37.52669195085764 53.94592568278313 0.9
    endloop
  endfacet
  facet normal -0.9958497865024691 -0.09101210206882857 0
    outer loop
      vertex 37.581148222088814 53.350067935884 0.9
      vertex 37.581148222088814 53.350067935884 1.5
      vertex 37.52669195085764 53.94592568278313 1.5
    endloop
  endfacet
  facet normal -0.9625934312021437 -0.27094996993261306 0
    outer loop
      vertex 37.74242430925369 52.777108646929264 0.9
      vertex 37.581148222088814 53.350067935884 1.5
      vertex 37.581148222088814 53.350067935884 0.9
    endloop
  endfacet
  facet normal -0.9625934312021437 -0.27094996993261306 0
    outer loop
      vertex 37.74242430925369 52.777108646929264 0.9
      vertex 37.74242430925369 52.777108646929264 1.5
      vertex 37.581148222088814 53.350067935884 1.5
    endloop
  endfacet
  facet normal -0.8958632596403598 -0.4443298549800015 0
    outer loop
      vertex 38.00432248413563 52.24906636029482 0.9
      vertex 37.74242430925369 52.777108646929264 1.5
      vertex 37.74242430925369 52.777108646929264 0.9
    endloop
  endfacet
  facet normal -0.8958632596403598 -0.4443298549800015 0
    outer loop
      vertex 38.00432248413563 52.24906636029482 0.9
      vertex 38.00432248413563 52.24906636029482 1.5
      vertex 37.74242430925369 52.777108646929264 1.5
    endloop
  endfacet
  facet normal -0.7955800162453992 -0.6058485270684169 0
    outer loop
      vertex 38.3567781150341 51.7862334176898 0.9
      vertex 38.00432248413563 52.24906636029482 1.5
      vertex 38.00432248413563 52.24906636029482 0.9
    endloop
  endfacet
  facet normal -0.7955800162453992 -0.6058485270684169 0
    outer loop
      vertex 38.3567781150341 51.7862334176898 0.9
      vertex 38.3567781150341 51.7862334176898 1.5
      vertex 38.00432248413563 52.24906636029482 1.5
    endloop
  endfacet
  facet normal -0.6624983387525116 -0.7490633825986707 0
    outer loop
      vertex 38.78624655306339 51.406396232545376 0.9
      vertex 38.3567781150341 51.7862334176898 1.5
      vertex 38.3567781150341 51.7862334176898 0.9
    endloop
  endfacet
  facet normal -0.6624983387525116 -0.7490633825986707 0
    outer loop
      vertex 38.78624655306339 51.406396232545376 0.9
      vertex 38.78624655306339 51.406396232545376 1.5
      vertex 38.3567781150341 51.7862334176898 1.5
    endloop
  endfacet
  facet normal -0.49914575181067405 -0.8665180427719651 0
    outer loop
      vertex 39.27622354775667 51.12415175139904 0.9
      vertex 38.78624655306339 51.406396232545376 1.5
      vertex 38.78624655306339 51.406396232545376 0.9
    endloop
  endfacet
  facet normal -0.49914575181067405 -0.8665180427719651 0
    outer loop
      vertex 39.27622354775667 51.12415175139904 0.9
      vertex 39.27622354775667 51.12415175139904 1.5
      vertex 38.78624655306339 51.406396232545376 1.5
    endloop
  endfacet
  facet normal -0.310730267015106 -0.9504981331705608 0
    outer loop
      vertex 39.8078795671463 50.95034644752741 0.9
      vertex 39.27622354775667 51.12415175139904 1.5
      vertex 39.27622354775667 51.12415175139904 0.9
    endloop
  endfacet
  facet normal -0.310730267015106 -0.9504981331705608 0
    outer loop
      vertex 39.8078795671463 50.95034644752741 0.9
      vertex 39.8078795671463 50.95034644752741 1.5
      vertex 39.27622354775667 51.12415175139904 1.5
    endloop
  endfacet
  facet normal -0.10555007967960373 -0.9944139885780113 0
    outer loop
      vertex 40.36078338325024 50.89165958017111 0.9
      vertex 39.8078795671463 50.95034644752741 1.5
      vertex 39.8078795671463 50.95034644752741 0.9
    endloop
  endfacet
  facet normal -0.10555007967960373 -0.9944139885780113 0
    outer loop
      vertex 40.36078338325024 50.89165958017111 0.9
      vertex 40.36078338325024 50.89165958017111 1.5
      vertex 39.8078795671463 50.95034644752741 1.5
    endloop
  endfacet
  facet normal 0.10555007967960373 -0.9944139885780113 0
    outer loop
      vertex 40.91368719935417 50.95034644752741 0.9
      vertex 40.36078338325024 50.89165958017111 1.5
      vertex 40.36078338325024 50.89165958017111 0.9
    endloop
  endfacet
  facet normal 0.10555007967960373 -0.9944139885780113 0
    outer loop
      vertex 40.91368719935417 50.95034644752741 0.9
      vertex 40.91368719935417 50.95034644752741 1.5
      vertex 40.36078338325024 50.89165958017111 1.5
    endloop
  endfacet
  facet normal 0 -1 0
    outer loop
      vertex 16.82747270911932 13.957816176116467 0.9
      vertex 14.635768488049507 13.957816176116467 1.5
      vertex 14.635768488049507 13.957816176116467 0.9
    endloop
  endfacet
  facet normal 0 -1 0
    outer loop
      vertex 16.82747270911932 13.957816176116467 0.9
      vertex 16.82747270911932 13.957816176116467 1.5
      vertex 14.635768488049507 13.957816176116467 1.5
    endloop
  endfacet
  facet normal 1 0 0
    outer loop
      vertex 16.82747270911932 15.257081598043442 0.9
      vertex 16.82747270911932 13.957816176116467 1.5
      vertex 16.82747270911932 13.957816176116467 0.9
    endloop
  endfacet
  facet normal 1 0 0
    outer loop
      vertex 16.82747270911932 15.257081598043442 0.9
      vertex 16.82747270911932 15.257081598043442 1.5
      vertex 16.82747270911932 13.957816176116467 1.5
    endloop
  endfacet
  facet normal 0 1 0
    outer loop
      vertex 10.893417954444885 15.257081598043442 0.9
      vertex 16.82747270911932 15.257081598043442 1.5
      vertex 16.82747270911932 15.257081598043442 0.9
    endloop
  endfacet
  facet normal 0 1 0
    outer loop
      vertex 10.893417954444885 15.257081598043442 0.9
      vertex 10.893417954444885 15.257081598043442 1.5
      vertex 16.82747270911932 15.257081598043442 1.5
    endloop
  endfacet
  facet normal -1 0 0
    outer loop
      vertex 10.893417954444885 13.957816176116467 0.9
      vertex 10.893417954444885 15.257081598043442 1.5
      vertex 10.893417954444885 15.257081598043442 0.9
    endloop
  endfacet
  facet normal -1 0 0
    outer loop
      vertex 10.893417954444885 13.957816176116467 0.9
      vertex 10.893417954444885 13.957816176116467 1.5
      vertex 10.893417954444885 15.257081598043442 1.5
    endloop
  endfacet
  facet normal 0 -1 0
    outer loop
      vertex 13.095089465379715 13.957816176116467 0.9
      vertex 10.893417954444885 13.957816176116467 1.5
      vertex 10.893417954444885 13.957816176116467 0.9
    endloop
  endfacet
  facet normal 0 -1 0
    outer loop
      vertex 13.095089465379715 13.957816176116467 0.9
      vertex 13.095089465379715 13.957816176116467 1.5
      vertex 10.893417954444885 13.957816176116467 1.5
    endloop
  endfacet
  facet normal -1 0 0
    outer loop
      vertex 13.095089465379715 7.9305379539728165 0.9
      vertex 13.095089465379715 13.957816176116467 1.5
      vertex 13.095089465379715 13.957816176116467 0.9
    endloop
  endfacet
  facet normal -1 0 0
    outer loop
      vertex 13.095089465379715 7.9305379539728165 0.9
      vertex 13.095089465379715 7.9305379539728165 1.5
      vertex 13.095089465379715 13.957816176116467 1.5
    endloop
  endfacet
  facet normal 0 -1 0
    outer loop
      vertex 14.635768488049507 7.9305379539728165 0.9
      vertex 13.095089465379715 7.9305379539728165 1.5
      vertex 13.095089465379715 7.9305379539728165 0.9
    endloop
  endfacet
  facet normal 0 -1 0
    outer loop
      vertex 14.635768488049507 7.9305379539728165 0.9
      vertex 14.635768488049507 7.9305379539728165 1.5
      vertex 13.095089465379715 7.9305379539728165 1.5
    endloop
  endfacet
  facet normal 1 0 0
    outer loop
      vertex 14.635768488049507 13.957816176116467 0.9
      vertex 14.635768488049507 7.9305379539728165 1.5
      vertex 14.635768488049507 7.9305379539728165 0.9
    endloop
  endfacet
  facet normal 1 0 0
    outer loop
      vertex 14.635768488049507 13.957816176116467 0.9
      vertex 14.635768488049507 13.957816176116467 1.5
      vertex 14.635768488049507 7.9305379539728165 1.5
    endloop
  endfacet
  facet normal 0 -1 0
    outer loop
      vertex 20.833663247525692 10.801117151975632 0.9
      vertex 19.253188356757164 10.801117151975632 1.5
      vertex 19.253188356757164 10.801117151975632 0.9
    endloop
  endfacet
  facet normal 0 -1 0
    outer loop
      vertex 20.833663247525692 10.801117151975632 0.9
      vertex 20.833663247525692 10.801117151975632 1.5
      vertex 19.253188356757164 10.801117151975632 1.5
    endloop
  endfacet
  facet normal -0.03685755973449202 -0.9993205293049965 0
    outer loop
      vertex 21.08681772649288 10.791780151426792 0.9
      vertex 20.833663247525692 10.801117151975632 1.5
      vertex 20.833663247525692 10.801117151975632 0.9
    endloop
  endfacet
  facet normal -0.03685755973449202 -0.9993205293049965 0
    outer loop
      vertex 21.08681772649288 10.791780151426792 0.9
      vertex 21.08681772649288 10.791780151426792 1.5
      vertex 20.833663247525692 10.801117151975632 1.5
    endloop
  endfacet
  facet normal -0.12700338426066024 -0.9919022836884382 0
    outer loop
      vertex 21.30558505654335 10.763769134879112 0.9
      vertex 21.08681772649288 10.791780151426792 1.5
      vertex 21.08681772649288 10.791780151426792 0.9
    endloop
  endfacet
  facet normal -0.12700338426066024 -0.9919022836884382 0
    outer loop
      vertex 21.30558505654335 10.763769134879112 0.9
      vertex 21.30558505654335 10.763769134879112 1.5
      vertex 21.08681772649288 10.791780151426792 1.5
    endloop
  endfacet
  facet normal -0.2454539283159351 -0.9694082571725269 0
    outer loop
      vertex 21.489965245127678 10.717084117233753 0.9
      vertex 21.30558505654335 10.763769134879112 1.5
      vertex 21.30558505654335 10.763769134879112 0.9
    endloop
  endfacet
  facet normal -0.2454539283159351 -0.9694082571725269 0
    outer loop
      vertex 21.489965245127678 10.717084117233753 0.9
      vertex 21.489965245127678 10.717084117233753 1.5
      vertex 21.30558505654335 10.763769134879112 1.5
    endloop
  endfacet
  facet normal -0.3994696110850559 -0.9167464370367383 0
    outer loop
      vertex 21.639958284795284 10.651725083589554 0.9
      vertex 21.489965245127678 10.717084117233753 1.5
      vertex 21.489965245127678 10.717084117233753 0.9
    endloop
  endfacet
  facet normal -0.3994696110850559 -0.9167464370367383 0
    outer loop
      vertex 21.639958284795284 10.651725083589554 0.9
      vertex 21.639958284795284 10.651725083589554 1.5
      vertex 21.489965245127678 10.717084117233753 1.5
    endloop
  endfacet
  facet normal -0.5879704608122914 -0.8088824001127617 0
    outer loop
      vertex 21.75556417554617 10.567692041397095 0.9
      vertex 21.639958284795284 10.651725083589554 1.5
      vertex 21.639958284795284 10.651725083589554 0.9
    endloop
  endfacet
  facet normal -0.5879704608122914 -0.8088824001127617 0
    outer loop
      vertex 21.75556417554617 10.567692041397095 0.9
      vertex 21.75556417554617 10.567692041397095 1.5
      vertex 21.639958284795284 10.651725083589554 1.5
    endloop
  endfacet
  facet normal -0.7831425184117611 -0.6218422596251273 0
    outer loop
      vertex 21.844531029462814 10.455647990107536 0.9
      vertex 21.75556417554617 10.567692041397095 1.5
      vertex 21.75556417554617 10.567692041397095 0.9
    endloop
  endfacet
  facet normal -0.7831425184117611 -0.6218422596251273 0
    outer loop
      vertex 21.844531029462814 10.455647990107536 0.9
      vertex 21.844531029462814 10.455647990107536 1.5
      vertex 21.75556417554617 10.567692041397095 1.5
    endloop
  endfacet
  facet normal -0.9053462575246166 -0.42467417391003487 0
    outer loop
      vertex 21.91460692882538 10.306255921721458 0.9
      vertex 21.844531029462814 10.455647990107536 1.5
      vertex 21.844531029462814 10.455647990107536 0.9
    endloop
  endfacet
  facet normal -0.9053462575246166 -0.42467417391003487 0
    outer loop
      vertex 21.91460692882538 10.306255921721458 0.9
      vertex 21.91460692882538 10.306255921721458 1.5
      vertex 21.844531029462814 10.455647990107536 1.5
    endloop
  endfacet
  facet normal -0.9644276266194299 -0.26434703140609245 0
    outer loop
      vertex 21.965791888535023 10.11951582878828 0.9
      vertex 21.91460692882538 10.306255921721458 1.5
      vertex 21.91460692882538 10.306255921721458 0.9
    endloop
  endfacet
  facet normal -0.9644276266194299 -0.26434703140609245 0
    outer loop
      vertex 21.965791888535023 10.11951582878828 0.9
      vertex 21.965791888535023 10.11951582878828 1.5
      vertex 21.91460692882538 10.306255921721458 1.5
    endloop
  endfacet
  facet normal -0.9897747149203316 -0.14263945353364235 0
    outer loop
      vertex 21.998085908591747 9.895427726209164 0.9
      vertex 21.965791888535023 10.11951582878828 1.5
      vertex 21.965791888535023 10.11951582878828 0.9
    endloop
  endfacet
  facet normal -0.9897747149203316 -0.14263945353364235 0
    outer loop
      vertex 21.998085908591747 9.895427726209164 0.9
      vertex 21.998085908591747 9.895427726209164 1.5
      vertex 21.965791888535023 10.11951582878828 1.5
    endloop
  endfacet
  facet normal -0.9986884283672421 -0.05119983442715259 0
    outer loop
      vertex 22.01148897409439 9.633991599082947 0.9
      vertex 21.998085908591747 9.895427726209164 1.5
      vertex 21.998085908591747 9.895427726209164 0.9
    endloop
  endfacet
  facet normal -0.9986884283672421 -0.05119983442715259 0
    outer loop
      vertex 22.01148897409439 9.633991599082947 0.9
      vertex 22.01148897409439 9.633991599082947 1.5
      vertex 21.998085908591747 9.895427726209164 1.5
    endloop
  endfacet
  facet normal -0.9998926996087748 -0.01464886579487637 0
    outer loop
      vertex 22.021456263959408 8.95365084707737 0.9
      vertex 22.01148897409439 9.633991599082947 1.5
      vertex 22.01148897409439 9.633991599082947 0.9
    endloop
  endfacet
  facet normal -0.9998926996087748 -0.01464886579487637 0
    outer loop
      vertex 22.021456263959408 8.95365084707737 0.9
      vertex 22.021456263959408 8.95365084707737 1.5
      vertex 22.01148897409439 9.633991599082947 1.5
    endloop
  endfacet
  facet normal -0.9994723135444856 -0.032482217566436086 0
    outer loop
      vertex 22.025633729994297 8.82511092722416 0.9
      vertex 22.021456263959408 8.95365084707737 1.5
      vertex 22.021456263959408 8.95365084707737 0.9
    endloop
  endfacet
  facet normal -0.9994723135444856 -0.032482217566436086 0
    outer loop
      vertex 22.025633729994297 8.82511092722416 0.9
      vertex 22.025633729994297 8.82511092722416 1.5
      vertex 22.021456263959408 8.95365084707737 1.5
    endloop
  endfacet
  facet normal -0.9977561994558013 -0.06695197119962337 0
    outer loop
      vertex 22.034179218113422 8.697761222720146 0.9
      vertex 22.025633729994297 8.82511092722416 1.5
      vertex 22.025633729994297 8.82511092722416 0.9
    endloop
  endfacet
  facet normal -0.9977561994558013 -0.06695197119962337 0
    outer loop
      vertex 22.034179218113422 8.697761222720146 0.9
      vertex 22.034179218113422 8.697761222720146 1.5
      vertex 22.025633729994297 8.82511092722416 1.5
    endloop
  endfacet
  facet normal -0.994802172748288 -0.10182650487611385 0
    outer loop
      vertex 22.047092720866203 8.57160172611475 0.9
      vertex 22.034179218113422 8.697761222720146 1.5
      vertex 22.034179218113422 8.697761222720146 0.9
    endloop
  endfacet
  facet normal -0.994802172748288 -0.10182650487611385 0
    outer loop
      vertex 22.047092720866203 8.57160172611475 0.9
      vertex 22.047092720866203 8.57160172611475 1.5
      vertex 22.034179218113422 8.697761222720146 1.5
    endloop
  endfacet
  facet normal -0.9905734588680039 -0.1369825630738416 0
    outer loop
      vertex 22.06437423825264 8.446632444858551 0.9
      vertex 22.047092720866203 8.57160172611475 1.5
      vertex 22.047092720866203 8.57160172611475 0.9
    endloop
  endfacet
  facet normal -0.9905734588680039 -0.1369825630738416 0
    outer loop
      vertex 22.06437423825264 8.446632444858551 0.9
      vertex 22.06437423825264 8.446632444858551 1.5
      vertex 22.047092720866203 8.57160172611475 1.5
    endloop
  endfacet
  facet normal -0.9850464041347289 -0.17228923849515534 0
    outer loop
      vertex 22.086023777723312 8.32285337895155 0.9
      vertex 22.06437423825264 8.446632444858551 1.5
      vertex 22.06437423825264 8.446632444858551 0.9
    endloop
  endfacet
  facet normal -0.9850464041347289 -0.17228923849515534 0
    outer loop
      vertex 22.086023777723312 8.32285337895155 0.9
      vertex 22.086023777723312 8.32285337895155 1.5
      vertex 22.06437423825264 8.446632444858551 1.5
    endloop
  endfacet
  facet normal -0.9779893780249936 -0.20865468235888213 0
    outer loop
      vertex 22.09954411536455 8.259481944143772 0.9
      vertex 22.086023777723312 8.32285337895155 1.5
      vertex 22.086023777723312 8.32285337895155 0.9
    endloop
  endfacet
  facet normal -0.9779893780249936 -0.20865468235888213 0
    outer loop
      vertex 22.09954411536455 8.259481944143772 0.9
      vertex 22.09954411536455 8.259481944143772 1.5
      vertex 22.086023777723312 8.32285337895155 1.5
    endloop
  endfacet
  facet normal -0.9733812856725252 -0.22919178148987357 0
    outer loop
      vertex 22.11624225229025 8.18856468051672 0.9
      vertex 22.09954411536455 8.259481944143772 1.5
      vertex 22.09954411536455 8.259481944143772 0.9
    endloop
  endfacet
  facet normal -0.9733812856725252 -0.22919178148987357 0
    outer loop
      vertex 22.11624225229025 8.18856468051672 0.9
      vertex 22.11624225229025 8.18856468051672 1.5
      vertex 22.09954411536455 8.259481944143772 1.5
    endloop
  endfacet
  facet normal -0.9693814700799356 -0.2455596983742709 0
    outer loop
      vertex 22.136118195950985 8.110101595520973 0.9
      vertex 22.11624225229025 8.18856468051672 1.5
      vertex 22.11624225229025 8.18856468051672 0.9
    endloop
  endfacet
  facet normal -0.9693814700799356 -0.2455596983742709 0
    outer loop
      vertex 22.136118195950985 8.110101595520973 0.9
      vertex 22.136118195950985 8.110101595520973 1.5
      vertex 22.11624225229025 8.18856468051672 1.5
    endloop
  endfacet
  facet normal -0.9659040899222628 -0.2589001527064926 0
    outer loop
      vertex 22.15917195379734 8.024092689156532 0.9
      vertex 22.136118195950985 8.110101595520973 1.5
      vertex 22.136118195950985 8.110101595520973 0.9
    endloop
  endfacet
  facet normal -0.9659040899222628 -0.2589001527064926 0
    outer loop
      vertex 22.15917195379734 8.024092689156532 0.9
      vertex 22.15917195379734 8.024092689156532 1.5
      vertex 22.136118195950985 8.110101595520973 1.5
    endloop
  endfacet
  facet normal -0.9628671382259308 -0.2699756917291006 0
    outer loop
      vertex 22.185403510928154 7.9305379539728165 0.9
      vertex 22.15917195379734 8.024092689156532 1.5
      vertex 22.15917195379734 8.024092689156532 0.9
    endloop
  endfacet
  facet normal -0.9628671382259308 -0.2699756917291006 0
    outer loop
      vertex 22.185403510928154 7.9305379539728165 0.9
      vertex 22.185403510928154 7.9305379539728165 1.5
      vertex 22.15917195379734 8.024092689156532 1.5
    endloop
  endfacet
  facet normal 0 -1 0
    outer loop
      vertex 23.87024177610874 7.9305379539728165 0.9
      vertex 22.185403510928154 7.9305379539728165 1.5
      vertex 22.185403510928154 7.9305379539728165 0.9
    endloop
  endfacet
  facet normal 0 -1 0
    outer loop
      vertex 23.87024177610874 7.9305379539728165 0.9
      vertex 23.87024177610874 7.9305379539728165 1.5
      vertex 22.185403510928154 7.9305379539728165 1.5
    endloop
  endfacet
  facet normal 1 0 0
    outer loop
      vertex 23.87024177610874 8.114346489310265 0.9
      vertex 23.87024177610874 7.9305379539728165 1.5
      vertex 23.87024177610874 7.9305379539728165 0.9
    endloop
  endfacet
  facet normal 1 0 0
    outer loop
      vertex 23.87024177610874 8.114346489310265 0.9
      vertex 23.87024177610874 8.114346489310265 1.5
      vertex 23.87024177610874 7.9305379539728165 1.5
    endloop
  endfacet
  facet normal 0.5923415627146541 0.8056869572487577 0
    outer loop
      vertex 23.78912563621998 8.173983126878738 0.9
      vertex 23.87024177610874 8.114346489310265 1.5
      vertex 23.87024177610874 8.114346489310265 0.9
    endloop
  endfacet
  facet normal 0.5923415627146541 0.8056869572487577 0
    outer loop
      vertex 23.78912563621998 8.173983126878738 0.9
      vertex 23.78912563621998 8.173983126878738 1.5
      vertex 23.87024177610874 8.114346489310265 1.5
    endloop
  endfacet
  facet normal 0.7229042075114347 0.690948266342904 0
    outer loop
      vertex 23.72073244303465 8.245539464056492 0.9
      vertex 23.78912563621998 8.173983126878738 1.5
      vertex 23.78912563621998 8.173983126878738 0.9
    endloop
  endfacet
  facet normal 0.7229042075114347 0.690948266342904 0
    outer loop
      vertex 23.72073244303465 8.245539464056492 0.9
      vertex 23.72073244303465 8.245539464056492 1.5
      vertex 23.78912563621998 8.173983126878738 1.5
    endloop
  endfacet
  facet normal 0.8319603880890982 0.5548350319244785 0
    outer loop
      vertex 23.665062204003334 8.329015508294106 0.9
      vertex 23.72073244303465 8.245539464056492 1.5
      vertex 23.72073244303465 8.245539464056492 0.9
    endloop
  endfacet
  facet normal 0.8319603880890982 0.5548350319244785 0
    outer loop
      vertex 23.665062204003334 8.329015508294106 0.9
      vertex 23.665062204003334 8.329015508294106 1.5
      vertex 23.72073244303465 8.245539464056492 1.5
    endloop
  endfacet
  facet normal 0.9118528248132515 0.4105172662386976 0
    outer loop
      vertex 23.622114919126034 8.42441125959158 0.9
      vertex 23.665062204003334 8.329015508294106 1.5
      vertex 23.665062204003334 8.329015508294106 0.9
    endloop
  endfacet
  facet normal 0.9118528248132515 0.4105172662386976 0
    outer loop
      vertex 23.622114919126034 8.42441125959158 0.9
      vertex 23.622114919126034 8.42441125959158 1.5
      vertex 23.665062204003334 8.329015508294106 1.5
    endloop
  endfacet
  facet normal 0.9625530024861196 0.2710935583981223 0
    outer loop
      vertex 23.591890580952168 8.531726710498333 0.9
      vertex 23.622114919126034 8.42441125959158 1.5
      vertex 23.622114919126034 8.42441125959158 0.9
    endloop
  endfacet
  facet normal 0.9625530024861196 0.2710935583981223 0
    outer loop
      vertex 23.591890580952168 8.531726710498333 0.9
      vertex 23.591890580952168 8.531726710498333 1.5
      vertex 23.622114919126034 8.42441125959158 1.5
    endloop
  endfacet
  facet normal 0.9859727387075056 0.16690643644156133 0
    outer loop
      vertex 23.577590450644493 8.616202414035797 0.9
      vertex 23.591890580952168 8.531726710498333 1.5
      vertex 23.591890580952168 8.531726710498333 0.9
    endloop
  endfacet
  facet normal 0.9859727387075056 0.16690643644156133 0
    outer loop
      vertex 23.577590450644493 8.616202414035797 0.9
      vertex 23.577590450644493 8.616202414035797 1.5
      vertex 23.591890580952168 8.531726710498333 1.5
    endloop
  endfacet
  facet normal 0.9949551714962008 0.10032051989979565 0
    outer loop
      vertex 23.566468127071857 8.726510986685753 0.9
      vertex 23.577590450644493 8.616202414035797 1.5
      vertex 23.577590450644493 8.616202414035797 0.9
    endloop
  endfacet
  facet normal 0.9949551714962008 0.10032051989979565 0
    outer loop
      vertex 23.566468127071857 8.726510986685753 0.9
      vertex 23.566468127071857 8.726510986685753 1.5
      vertex 23.577590450644493 8.616202414035797 1.5
    endloop
  endfacet
  facet normal 0.998301690473197 0.058255770515524344 0
    outer loop
      vertex 23.55852361023426 8.8626524284482 0.9
      vertex 23.566468127071857 8.726510986685753 1.5
      vertex 23.566468127071857 8.726510986685753 0.9
    endloop
  endfacet
  facet normal 0.998301690473197 0.058255770515524344 0
    outer loop
      vertex 23.55852361023426 8.8626524284482 0.9
      vertex 23.55852361023426 8.8626524284482 1.5
      vertex 23.566468127071857 8.726510986685753 1.5
    endloop
  endfacet
  facet normal 0.9995672538399751 0.029416067901928633 0
    outer loop
      vertex 23.553756900131702 9.02462673932314 0.9
      vertex 23.55852361023426 8.8626524284482 1.5
      vertex 23.55852361023426 8.8626524284482 0.9
    endloop
  endfacet
  facet normal 0.9995672538399751 0.029416067901928633 0
    outer loop
      vertex 23.553756900131702 9.02462673932314 0.9
      vertex 23.553756900131702 9.02462673932314 1.5
      vertex 23.55852361023426 8.8626524284482 1.5
    endloop
  endfacet
  facet normal 0.9999642136575624 0.008459988428650764 0
    outer loop
      vertex 23.552167996764183 9.21243391185999 0.9
      vertex 23.553756900131702 9.02462673932314 1.5
      vertex 23.553756900131702 9.02462673932314 0.9
    endloop
  endfacet
  facet normal 0.9999642136575624 0.008459988428650764 0
    outer loop
      vertex 23.552167996764183 9.21243391185999 0.9
      vertex 23.552167996764183 9.21243391185999 1.5
      vertex 23.553756900131702 9.02462673932314 1.5
    endloop
  endfacet
  facet normal 1 0 0
    outer loop
      vertex 23.552167996764183 9.704348936676979 0.9
      vertex 23.552167996764183 9.21243391185999 1.5
      vertex 23.552167996764183 9.21243391185999 0.9
    endloop
  endfacet
  facet normal 1 0 0
    outer loop
      vertex 23.552167996764183 9.704348936676979 0.9
      vertex 23.552167996764183 9.704348936676979 1.5
      vertex 23.552167996764183 9.21243391185999 1.5
    endloop
  endfacet
  facet normal 0.999582378755295 0.02889754456534159 0
    outer loop
      vertex 23.54371925443411 9.996595703065395 0.9
      vertex 23.552167996764183 9.704348936676979 1.5
      vertex 23.552167996764183 9.704348936676979 0.9
    endloop
  endfacet
  facet normal 0.999582378755295 0.02889754456534159 0
    outer loop
      vertex 23.54371925443411 9.996595703065395 0.9
      vertex 23.54371925443411 9.996595703065395 1.5
      vertex 23.552167996764183 9.704348936676979 1.5
    endloop
  endfacet
  facet normal 0.9953050361067838 0.09678783549844293 0
    outer loop
      vertex 23.518373027443886 10.257240310311317 0.9
      vertex 23.54371925443411 9.996595703065395 1.5
      vertex 23.54371925443411 9.996595703065395 0.9
    endloop
  endfacet
  facet normal 0.9953050361067838 0.09678783549844293 0
    outer loop
      vertex 23.518373027443886 10.257240310311317 0.9
      vertex 23.518373027443886 10.257240310311317 1.5
      vertex 23.54371925443411 9.996595703065395 1.5
    endloop
  endfacet
  facet normal 0.9834136225944697 0.18137708481399167 0
    outer loop
      vertex 23.476129308342934 10.486282743513584 0.9
      vertex 23.518373027443886 10.257240310311317 1.5
      vertex 23.518373027443886 10.257240310311317 0.9
    endloop
  endfacet
  facet normal 0.9834136225944697 0.18137708481399167 0
    outer loop
      vertex 23.476129308342934 10.486282743513584 0.9
      vertex 23.476129308342934 10.486282743513584 1.5
      vertex 23.518373027443886 10.257240310311317 1.5
    endloop
  endfacet
  facet normal 0.9579475628821836 0.2869433162979838 0
    outer loop
      vertex 23.416988112032413 10.683723010122776 0.9
      vertex 23.476129308342934 10.486282743513584 1.5
      vertex 23.476129308342934 10.486282743513584 0.9
    endloop
  endfacet
  facet normal 0.9579475628821836 0.2869433162979838 0
    outer loop
      vertex 23.416988112032413 10.683723010122776 0.9
      vertex 23.416988112032413 10.683723010122776 1.5
      vertex 23.476129308342934 10.486282743513584 1.5
    endloop
  endfacet
  facet normal 0.9090034445018174 0.41678860095236697 0
    outer loop
      vertex 23.340949423611164 10.849561110138893 0.9
      vertex 23.416988112032413 10.683723010122776 1.5
      vertex 23.416988112032413 10.683723010122776 0.9
    endloop
  endfacet
  facet normal 0.9090034445018174 0.41678860095236697 0
    outer loop
      vertex 23.340949423611164 10.849561110138893 0.9
      vertex 23.340949423611164 10.849561110138893 1.5
      vertex 23.416988112032413 10.683723010122776 1.5
    endloop
  endfacet
  facet normal 0.8297881907359826 0.5580784519358407 0
    outer loop
      vertex 23.2446331679821 10.992770530283451 0.9
      vertex 23.340949423611164 10.849561110138893 1.5
      vertex 23.340949423611164 10.849561110138893 0.9
    endloop
  endfacet
  facet normal 0.8297881907359826 0.5580784519358407 0
    outer loop
      vertex 23.2446331679821 10.992770530283451 0.9
      vertex 23.2446331679821 10.992770530283451 1.5
      vertex 23.340949423611164 10.849561110138893 1.5
    endloop
  endfacet
  facet normal 0.7335613403340425 0.6796232485482843 0
    outer loop
      vertex 23.12465925514698 11.122266136109829 0.9
      vertex 23.2446331679821 10.992770530283451 1.5
      vertex 23.2446331679821 10.992770530283451 0.9
    endloop
  endfacet
  facet normal 0.7335613403340425 0.6796232485482843 0
    outer loop
      vertex 23.12465925514698 11.122266136109829 0.9
      vertex 23.12465925514698 11.122266136109829 1.5
      vertex 23.2446331679821 10.992770530283451 1.5
    endloop
  endfacet
  facet normal 0.6275878194895955 0.778545778248328 0
    outer loop
      vertex 22.98102769255638 11.238047920167446 0.9
      vertex 23.12465925514698 11.122266136109829 1.5
      vertex 23.12465925514698 11.122266136109829 0.9
    endloop
  endfacet
  facet normal 0.6275878194895955 0.778545778248328 0
    outer loop
      vertex 22.98102769255638 11.238047920167446 0.9
      vertex 22.98102769255638 11.238047920167446 1.5
      vertex 23.12465925514698 11.122266136109829 1.5
    endloop
  endfacet
  facet normal 0.5208393284846181 0.8536547275706332 0
    outer loop
      vertex 22.813738472759724 11.340115889906883 0.9
      vertex 22.98102769255638 11.238047920167446 1.5
      vertex 22.98102769255638 11.238047920167446 0.9
    endloop
  endfacet
  facet normal 0.5208393284846181 0.8536547275706332 0
    outer loop
      vertex 22.813738472759724 11.340115889906883 0.9
      vertex 22.813738472759724 11.340115889906883 1.5
      vertex 22.98102769255638 11.238047920167446 1.5
    endloop
  endfacet
  facet normal 0.41993892403194827 0.9075523676807248 0
    outer loop
      vertex 22.622791603207588 11.42847004532814 0.9
      vertex 22.813738472759724 11.340115889906883 1.5
      vertex 22.813738472759724 11.340115889906883 0.9
    endloop
  endfacet
  facet normal 0.41993892403194827 0.9075523676807248 0
    outer loop
      vertex 22.622791603207588 11.42847004532814 0.9
      vertex 22.622791603207588 11.42847004532814 1.5
      vertex 22.813738472759724 11.340115889906883 1.5
    endloop
  endfacet
  facet normal 0.38467332518448905 -0.923052779038939 0
    outer loop
      vertex 22.85160244256258 11.523824751377106 0.9
      vertex 22.622791603207588 11.42847004532814 1.5
      vertex 22.622791603207588 11.42847004532814 0.9
    endloop
  endfacet
  facet normal 0.38467332518448905 -0.923052779038939 0
    outer loop
      vertex 22.85160244256258 11.523824751377106 0.9
      vertex 22.85160244256258 11.523824751377106 1.5
      vertex 22.622791603207588 11.42847004532814 1.5
    endloop
  endfacet
  facet normal 0.5088192498322778 -0.8608733768680027 0
    outer loop
      vertex 23.052979789674282 11.64284884184599 0.9
      vertex 22.85160244256258 11.523824751377106 1.5
      vertex 22.85160244256258 11.523824751377106 0.9
    endloop
  endfacet
  facet normal 0.5088192498322778 -0.8608733768680027 0
    outer loop
      vertex 23.052979789674282 11.64284884184599 0.9
      vertex 23.052979789674282 11.64284884184599 1.5
      vertex 22.85160244256258 11.523824751377106 1.5
    endloop
  endfacet
  facet normal 0.6342377421448111 -0.7731380772145764 0
    outer loop
      vertex 23.226923637092113 11.78554230928421 0.9
      vertex 23.052979789674282 11.64284884184599 1.5
      vertex 23.052979789674282 11.64284884184599 0.9
    endloop
  endfacet
  facet normal 0.6342377421448111 -0.7731380772145764 0
    outer loop
      vertex 23.226923637092113 11.78554230928421 0.9
      vertex 23.226923637092113 11.78554230928421 1.5
      vertex 23.052979789674282 11.64284884184599 1.5
    endloop
  endfacet
  facet normal 0.7504650178295542 -0.6609101731809602 0
    outer loop
      vertex 23.373433992266655 11.951905153691769 0.9
      vertex 23.226923637092113 11.78554230928421 1.5
      vertex 23.226923637092113 11.78554230928421 0.9
    endloop
  endfacet
  facet normal 0.7504650178295542 -0.6609101731809602 0
    outer loop
      vertex 23.373433992266655 11.951905153691769 0.9
      vertex 23.373433992266655 11.951905153691769 1.5
      vertex 23.226923637092113 11.78554230928421 1.5
    endloop
  endfacet
  facet normal 0.8473830374686575 -0.5309820974481076 0
    outer loop
      vertex 23.492510847747326 12.141937375068665 0.9
      vertex 23.373433992266655 11.951905153691769 1.5
      vertex 23.373433992266655 11.951905153691769 0.9
    endloop
  endfacet
  facet normal 0.8473830374686575 -0.5309820974481076 0
    outer loop
      vertex 23.492510847747326 12.141937375068665 0.9
      vertex 23.492510847747326 12.141937375068665 1.5
      vertex 23.373433992266655 11.951905153691769 1.5
    endloop
  endfacet
  facet normal 0.9056977328659359 -0.4239240694764853 0
    outer loop
      vertex 23.58733493834734 12.344525456428528 0.9
      vertex 23.492510847747326 12.141937375068665 1.5
      vertex 23.492510847747326 12.141937375068665 0.9
    endloop
  endfacet
  facet normal 0.9056977328659359 -0.4239240694764853 0
    outer loop
      vertex 23.58733493834734 12.344525456428528 0.9
      vertex 23.58733493834734 12.344525456428528 1.5
      vertex 23.492510847747326 12.141937375068665 1.5
    endloop
  endfacet
  facet normal 0.9404130124476937 -0.3400343600565299 0
    outer loop
      vertex 23.66108701378107 12.54849722981453 0.9
      vertex 23.58733493834734 12.344525456428528 1.5
      vertex 23.58733493834734 12.344525456428528 0.9
    endloop
  endfacet
  facet normal 0.9404130124476937 -0.3400343600565299 0
    outer loop
      vertex 23.66108701378107 12.54849722981453 0.9
      vertex 23.66108701378107 12.54849722981453 1.5
      vertex 23.58733493834734 12.344525456428528 1.5
    endloop
  endfacet
  facet normal 0.9686357097284232 -0.24848513404007513 0
    outer loop
      vertex 23.71376706659794 12.75385269522667 0.9
      vertex 23.66108701378107 12.54849722981453 1.5
      vertex 23.66108701378107 12.54849722981453 0.9
    endloop
  endfacet
  facet normal 0.9686357097284232 -0.24848513404007513 0
    outer loop
      vertex 23.71376706659794 12.75385269522667 0.9
      vertex 23.71376706659794 12.75385269522667 1.5
      vertex 23.66108701378107 12.54849722981453 1.5
    endloop
  endfacet
  facet normal 0.9885135434579452 -0.15113230759905957 0
    outer loop
      vertex 23.745375096797943 12.960591852664948 0.9
      vertex 23.71376706659794 12.75385269522667 1.5
      vertex 23.71376706659794 12.75385269522667 0.9
    endloop
  endfacet
  facet normal 0.9885135434579452 -0.15113230759905957 0
    outer loop
      vertex 23.745375096797943 12.960591852664948 0.9
      vertex 23.745375096797943 12.960591852664948 1.5
      vertex 23.71376706659794 12.75385269522667 1.5
    endloop
  endfacet
  facet normal 0.9987210621680501 -0.050559271967878995 0
    outer loop
      vertex 23.755911111831665 13.168714709579945 0.9
      vertex 23.745375096797943 12.960591852664948 1.5
      vertex 23.745375096797943 12.960591852664948 0.9
    endloop
  endfacet
  facet normal 0.9987210621680501 -0.050559271967878995 0
    outer loop
      vertex 23.755911111831665 13.168714709579945 0.9
      vertex 23.755911111831665 13.168714709579945 1.5
      vertex 23.745375096797943 12.960591852664948 1.5
    endloop
  endfacet
  facet normal 0.9994596018505775 0.0328710247586715 0
    outer loop
      vertex 23.750344090163708 13.33798272907734 0.9
      vertex 23.755911111831665 13.168714709579945 1.5
      vertex 23.755911111831665 13.168714709579945 0.9
    endloop
  endfacet
  facet normal 0.9994596018505775 0.0328710247586715 0
    outer loop
      vertex 23.750344090163708 13.33798272907734 0.9
      vertex 23.750344090163708 13.33798272907734 1.5
      vertex 23.755911111831665 13.168714709579945 1.5
    endloop
  endfacet
  facet normal 0.9947087737579264 0.10273487922318472 0
    outer loop
      vertex 23.733643017709255 13.49968733638525 0.9
      vertex 23.750344090163708 13.33798272907734 1.5
      vertex 23.750344090163708 13.33798272907734 0.9
    endloop
  endfacet
  facet normal 0.9947087737579264 0.10273487922318472 0
    outer loop
      vertex 23.733643017709255 13.49968733638525 0.9
      vertex 23.733643017709255 13.49968733638525 1.5
      vertex 23.750344090163708 13.33798272907734 1.5
    endloop
  endfacet
  facet normal 0.9840833112188921 0.17770772797056672 0
    outer loop
      vertex 23.705807894468307 13.653828524053097 0.9
      vertex 23.733643017709255 13.49968733638525 1.5
      vertex 23.733643017709255 13.49968733638525 0.9
    endloop
  endfacet
  facet normal 0.9840833112188921 0.17770772797056672 0
    outer loop
      vertex 23.705807894468307 13.653828524053097 0.9
      vertex 23.705807894468307 13.653828524053097 1.5
      vertex 23.733643017709255 13.49968733638525 1.5
    endloop
  endfacet
  facet normal 0.9664287545730907 0.25693474333827415 0
    outer loop
      vertex 23.666838727891445 13.80040629953146 0.9
      vertex 23.705807894468307 13.653828524053097 1.5
      vertex 23.705807894468307 13.653828524053097 0.9
    endloop
  endfacet
  facet normal 0.9664287545730907 0.25693474333827415 0
    outer loop
      vertex 23.666838727891445 13.80040629953146 0.9
      vertex 23.666838727891445 13.80040629953146 1.5
      vertex 23.705807894468307 13.653828524053097 1.5
    endloop
  endfacet
  facet normal 0.9407621619663888 0.3390671830365274 0
    outer loop
      vertex 23.616735510528088 13.93942067027092 0.9
      vertex 23.666838727891445 13.80040629953146 1.5
      vertex 23.666838727891445 13.80040629953146 0.9
    endloop
  endfacet
  facet normal 0.9407621619663888 0.3390671830365274 0
    outer loop
      vertex 23.616735510528088 13.93942067027092 0.9
      vertex 23.616735510528088 13.93942067027092 1.5
      vertex 23.666838727891445 13.80040629953146 1.5
    endloop
  endfacet
  facet normal 0.912367280428079 0.40937262439527033 0
    outer loop
      vertex 23.557116463780403 14.072293423116207 0.9
      vertex 23.616735510528088 13.93942067027092 1.5
      vertex 23.616735510528088 13.93942067027092 0.9
    endloop
  endfacet
  facet normal 0.912367280428079 0.40937262439527033 0
    outer loop
      vertex 23.557116463780403 14.072293423116207 0.9
      vertex 23.557116463780403 14.072293423116207 1.5
      vertex 23.616735510528088 13.93942067027092 1.5
    endloop
  endfacet
  facet normal 0.8844703883388307 0.4665963267662508 0
    outer loop
      vertex 23.489541180431843 14.200387738645077 0.9
      vertex 23.557116463780403 14.072293423116207 1.5
      vertex 23.557116463780403 14.072293423116207 0.9
    endloop
  endfacet
  facet normal 0.8844703883388307 0.4665963267662508 0
    outer loop
      vertex 23.489541180431843 14.200387738645077 0.9
      vertex 23.489541180431843 14.200387738645077 1.5
      vertex 23.557116463780403 14.072293423116207 1.5
    endloop
  endfacet
  facet normal 0.8527527287214557 0.5223148319338745 0
    outer loop
      vertex 23.414009653031826 14.32370362430811 0.9
      vertex 23.489541180431843 14.200387738645077 1.5
      vertex 23.489541180431843 14.200387738645077 0.9
    endloop
  endfacet
  facet normal 0.8527527287214557 0.5223148319338745 0
    outer loop
      vertex 23.414009653031826 14.32370362430811 0.9
      vertex 23.414009653031826 14.32370362430811 1.5
      vertex 23.489541180431843 14.200387738645077 1.5
    endloop
  endfacet
  facet normal 0.8175709117917138 0.5758279293261711 0
    outer loop
      vertex 23.330521881580353 14.442241072654724 0.9
      vertex 23.414009653031826 14.32370362430811 1.5
      vertex 23.414009653031826 14.32370362430811 0.9
    endloop
  endfacet
  facet normal 0.8175709117917138 0.5758279293261711 0
    outer loop
      vertex 23.330521881580353 14.442241072654724 0.9
      vertex 23.330521881580353 14.442241072654724 1.5
      vertex 23.414009653031826 14.32370362430811 1.5
    endloop
  endfacet
  facet normal 0.779406828523025 0.6265181526912686 0
    outer loop
      vertex 23.239077866077423 14.556000091135502 0.9
      vertex 23.330521881580353 14.442241072654724 1.5
      vertex 23.330521881580353 14.442241072654724 0.9
    endloop
  endfacet
  facet normal 0.779406828523025 0.6265181526912686 0
    outer loop
      vertex 23.239077866077423 14.556000091135502 0.9
      vertex 23.239077866077423 14.556000091135502 1.5
      vertex 23.330521881580353 14.442241072654724 1.5
    endloop
  endfacet
  facet normal 0.7302657842354493 0.683163146235937 0
    outer loop
      vertex 23.118708193302155 14.684668995440006 0.9
      vertex 23.239077866077423 14.556000091135502 1.5
      vertex 23.239077866077423 14.556000091135502 0.9
    endloop
  endfacet
  facet normal 0.7302657842354493 0.683163146235937 0
    outer loop
      vertex 23.118708193302155 14.684668995440006 0.9
      vertex 23.118708193302155 14.684668995440006 1.5
      vertex 23.239077866077423 14.556000091135502 1.5
    endloop
  endfacet
  facet normal 0.6628561696574702 0.7487467518106689 0
    outer loop
      vertex 22.988195344805717 14.800210393965244 0.9
      vertex 23.118708193302155 14.684668995440006 1.5
      vertex 23.118708193302155 14.684668995440006 0.9
    endloop
  endfacet
  facet normal 0.6628561696574702 0.7487467518106689 0
    outer loop
      vertex 22.988195344805717 14.800210393965244 0.9
      vertex 22.988195344805717 14.800210393965244 1.5
      vertex 23.118708193302155 14.684668995440006 1.5
    endloop
  endfacet
  facet normal 0.588617409978852 0.8084117420410146 0
    outer loop
      vertex 22.84753930568695 14.902624286711216 0.9
      vertex 22.988195344805717 14.800210393965244 1.5
      vertex 22.988195344805717 14.800210393965244 0.9
    endloop
  endfacet
  facet normal 0.588617409978852 0.8084117420410146 0
    outer loop
      vertex 22.84753930568695 14.902624286711216 0.9
      vertex 22.84753930568695 14.902624286711216 1.5
      vertex 22.988195344805717 14.800210393965244 1.5
    endloop
  endfacet
  facet normal 0.5094809296173268 0.8604819477224752 0
    outer loop
      vertex 22.696740090847015 14.991910673677921 0.9
      vertex 22.84753930568695 14.902624286711216 1.5
      vertex 22.84753930568695 14.902624286711216 0.9
    endloop
  endfacet
  facet normal 0.5094809296173268 0.8604819477224752 0
    outer loop
      vertex 22.696740090847015 14.991910673677921 0.9
      vertex 22.696740090847015 14.991910673677921 1.5
      vertex 22.84753930568695 14.902624286711216 1.5
    endloop
  endfacet
  facet normal 0.42773312866474594 0.9039050672734764 0
    outer loop
      vertex 22.53579768538475 15.06806955486536 0.9
      vertex 22.696740090847015 14.991910673677921 1.5
      vertex 22.696740090847015 14.991910673677921 0.9
    endloop
  endfacet
  facet normal 0.42773312866474594 0.9039050672734764 0
    outer loop
      vertex 22.53579768538475 15.06806955486536 0.9
      vertex 22.53579768538475 15.06806955486536 1.5
      vertex 22.696740090847015 14.991910673677921 1.5
    endloop
  endfacet
  facet normal 0.3312371105840826 0.9435475486544959 0
    outer loop
      vertex 22.355597898364067 15.131329596042633 0.9
      vertex 22.53579768538475 15.06806955486536 1.5
      vertex 22.53579768538475 15.06806955486536 0.9
    endloop
  endfacet
  facet normal 0.3312371105840826 0.9435475486544959 0
    outer loop
      vertex 22.355597898364067 15.131329596042633 0.9
      vertex 22.355597898364067 15.131329596042633 1.5
      vertex 22.53579768538475 15.06806955486536 1.5
    endloop
  endfacet
  facet normal 0.23539873029125477 0.9718988824858609 0
    outer loop
      vertex 22.146967887878418 15.181860819458961 0.9
      vertex 22.355597898364067 15.131329596042633 1.5
      vertex 22.355597898364067 15.131329596042633 0.9
    endloop
  endfacet
  facet normal 0.23539873029125477 0.9718988824858609 0
    outer loop
      vertex 22.146967887878418 15.181860819458961 0.9
      vertex 22.146967887878418 15.181860819458961 1.5
      vertex 22.355597898364067 15.131329596042633 1.5
    endloop
  endfacet
  facet normal 0.1574736940809679 0.9875231823468722 0
    outer loop
      vertex 21.909907646477222 15.219663225114346 0.9
      vertex 22.146967887878418 15.181860819458961 1.5
      vertex 22.146967887878418 15.181860819458961 0.9
    endloop
  endfacet
  facet normal 0.1574736940809679 0.9875231823468722 0
    outer loop
      vertex 21.909907646477222 15.219663225114346 0.9
      vertex 21.909907646477222 15.219663225114346 1.5
      vertex 22.146967887878418 15.181860819458961 1.5
    endloop
  endfacet
  facet normal 0.0940241572393317 0.9955699161060629 0
    outer loop
      vertex 21.64441718161106 15.244736820459366 0.9
      vertex 21.909907646477222 15.219663225114346 1.5
      vertex 21.909907646477222 15.219663225114346 0.9
    endloop
  endfacet
  facet normal 0.0940241572393317 0.9955699161060629 0
    outer loop
      vertex 21.64441718161106 15.244736820459366 0.9
      vertex 21.64441718161106 15.244736820459366 1.5
      vertex 21.909907646477222 15.219663225114346 1.5
    endloop
  endfacet
  facet normal 0.041963372639011 0.9991191497297804 0
    outer loop
      vertex 21.350496485829353 15.257081598043442 0.9
      vertex 21.64441718161106 15.244736820459366 1.5
      vertex 21.64441718161106 15.244736820459366 0.9
    endloop
  endfacet
  facet normal 0.041963372639011 0.9991191497297804 0
    outer loop
      vertex 21.350496485829353 15.257081598043442 0.9
      vertex 21.350496485829353 15.257081598043442 1.5
      vertex 21.64441718161106 15.244736820459366 1.5
    endloop
  endfacet
  facet normal 0 1 0
    outer loop
      vertex 17.757215552031994 15.257081598043442 0.9
      vertex 21.350496485829353 15.257081598043442 1.5
      vertex 21.350496485829353 15.257081598043442 0.9
    endloop
  endfacet
  facet normal 0 1 0
    outer loop
      vertex 17.757215552031994 15.257081598043442 0.9
      vertex 17.757215552031994 15.257081598043442 1.5
      vertex 21.350496485829353 15.257081598043442 1.5
    endloop
  endfacet
  facet normal -1 0 0
    outer loop
      vertex 17.757215552031994 7.9305379539728165 0.9
      vertex 17.757215552031994 15.257081598043442 1.5
      vertex 17.757215552031994 15.257081598043442 0.9
    endloop
  endfacet
  facet normal -1 0 0
    outer loop
      vertex 17.757215552031994 7.9305379539728165 0.9
      vertex 17.757215552031994 7.9305379539728165 1.5
      vertex 17.757215552031994 15.257081598043442 1.5
    endloop
  endfacet
  facet normal 0 -1 0
    outer loop
      vertex 19.253188356757164 7.9305379539728165 0.9
      vertex 17.757215552031994 7.9305379539728165 1.5
      vertex 17.757215552031994 7.9305379539728165 0.9
    endloop
  endfacet
  facet normal 0 -1 0
    outer loop
      vertex 19.253188356757164 7.9305379539728165 0.9
      vertex 19.253188356757164 7.9305379539728165 1.5
      vertex 17.757215552031994 7.9305379539728165 1.5
    endloop
  endfacet
  facet normal 1 0 0
    outer loop
      vertex 19.253188356757164 10.801117151975632 0.9
      vertex 19.253188356757164 7.9305379539728165 1.5
      vertex 19.253188356757164 7.9305379539728165 0.9
    endloop
  endfacet
  facet normal 1 0 0
    outer loop
      vertex 19.253188356757164 10.801117151975632 0.9
      vertex 19.253188356757164 10.801117151975632 1.5
      vertex 19.253188356757164 7.9305379539728165 1.5
    endloop
  endfacet
  facet normal 0 -1 0
    outer loop
      vertex 21.032422713935375 13.985959112644196 0.9
      vertex 21.032422713935375 13.985959112644196 1.5
      vertex 19.253188356757164 13.985959112644196 0.9
    endloop
  endfacet
  facet normal 0 -1 0
    outer loop
      vertex 19.253188356757164 13.985959112644196 1.5
      vertex 19.253188356757164 13.985959112644196 0.9
      vertex 21.032422713935375 13.985959112644196 1.5
    endloop
  endfacet
  facet normal -0.027388055300803314 -0.999624876854733 0
    outer loop
      vertex 21.22127351909876 13.98078491538763 0.9
      vertex 21.22127351909876 13.98078491538763 1.5
      vertex 21.032422713935375 13.985959112644196 0.9
    endloop
  endfacet
  facet normal -0.027388055300803314 -0.999624876854733 0
    outer loop
      vertex 21.032422713935375 13.985959112644196 1.5
      vertex 21.032422713935375 13.985959112644196 0.9
      vertex 21.22127351909876 13.98078491538763 1.5
    endloop
  endfacet
  facet normal -0.09147810127085883 -0.9958070882394232 0
    outer loop
      vertex 21.390248380601406 13.965262331068516 0.9
      vertex 21.390248380601406 13.965262331068516 1.5
      vertex 21.22127351909876 13.98078491538763 0.9
    endloop
  endfacet
  facet normal -0.09147810127085883 -0.9958070882394232 0
    outer loop
      vertex 21.22127351909876 13.98078491538763 1.5
      vertex 21.22127351909876 13.98078491538763 0.9
      vertex 21.390248380601406 13.965262331068516 1.5
    endloop
  endfacet
  facet normal -0.17096100603320755 -0.9852777955562144 0
    outer loop
      vertex 21.539347298443317 13.939391352236271 0.9
      vertex 21.539347298443317 13.939391352236271 1.5
      vertex 21.390248380601406 13.965262331068516 0.9
    endloop
  endfacet
  facet normal -0.17096100603320755 -0.9852777955562144 0
    outer loop
      vertex 21.390248380601406 13.965262331068516 1.5
      vertex 21.390248380601406 13.965262331068516 0.9
      vertex 21.539347298443317 13.939391352236271 1.5
    endloop
  endfacet
  facet normal -0.26988517818077684 -0.9628925124843014 0
    outer loop
      vertex 21.668570265173912 13.903171978890896 0.9
      vertex 21.668570265173912 13.903171978890896 1.5
      vertex 21.539347298443317 13.939391352236271 0.9
    endloop
  endfacet
  facet normal -0.26988517818077684 -0.9628925124843014 0
    outer loop
      vertex 21.539347298443317 13.939391352236271 1.5
      vertex 21.539347298443317 13.939391352236271 0.9
      vertex 21.668570265173912 13.903171978890896 1.5
    endloop
  endfacet
  facet normal -0.39181948190737154 -0.9200421151218237 0
    outer loop
      vertex 21.77791728824377 13.856604225933552 0.9
      vertex 21.77791728824377 13.856604225933552 1.5
      vertex 21.668570265173912 13.903171978890896 0.9
    endloop
  endfacet
  facet normal -0.39181948190737154 -0.9200421151218237 0
    outer loop
      vertex 21.668570265173912 13.903171978890896 1.5
      vertex 21.668570265173912 13.903171978890896 0.9
      vertex 21.77791728824377 13.856604225933552 1.5
    endloop
  endfacet
  facet normal -0.5650057360673381 -0.8250869761491848 0
    outer loop
      vertex 21.937144726514816 13.74756794422865 0.9
      vertex 21.937144726514816 13.74756794422865 1.5
      vertex 21.77791728824377 13.856604225933552 0.9
    endloop
  endfacet
  facet normal -0.5650057360673381 -0.8250869761491848 0
    outer loop
      vertex 21.77791728824377 13.856604225933552 1.5
      vertex 21.77791728824377 13.856604225933552 0.9
      vertex 21.937144726514816 13.74756794422865 1.5
    endloop
  endfacet
  facet normal -0.7583157825893438 -0.6518873935549843 0
    outer loop
      vertex 22.060988292098045 13.603505440056324 0.9
      vertex 22.060988292098045 13.603505440056324 1.5
      vertex 21.937144726514816 13.74756794422865 0.9
    endloop
  endfacet
  facet normal -0.7583157825893438 -0.6518873935549843 0
    outer loop
      vertex 21.937144726514816 13.74756794422865 1.5
      vertex 21.937144726514816 13.74756794422865 0.9
      vertex 22.060988292098045 13.603505440056324 1.5
    endloop
  endfacet
  facet normal -0.8965887560549484 -0.44286409034357277 0
    outer loop
      vertex 22.149447984993458 13.424416713416576 0.9
      vertex 22.149447984993458 13.424416713416576 1.5
      vertex 22.060988292098045 13.603505440056324 0.9
    endloop
  endfacet
  facet normal -0.8965887560549484 -0.44286409034357277 0
    outer loop
      vertex 22.060988292098045 13.603505440056324 1.5
      vertex 22.060988292098045 13.603505440056324 0.9
      vertex 22.149447984993458 13.424416713416576 1.5
    endloop
  endfacet
  facet normal -0.9706236816979081 -0.24060271928471255 0
    outer loop
      vertex 22.202523797750473 13.210301756858826 0.9
      vertex 22.202523797750473 13.210301756858826 1.5
      vertex 22.149447984993458 13.424416713416576 0.9
    endloop
  endfacet
  facet normal -0.9706236816979081 -0.24060271928471255 0
    outer loop
      vertex 22.149447984993458 13.424416713416576 1.5
      vertex 22.149447984993458 13.424416713416576 0.9
      vertex 22.202523797750473 13.210301756858826 1.5
    endloop
  endfacet
  facet normal -0.9974881667096304 -0.07083330624967657 0
    outer loop
      vertex 22.22021573036909 12.961160577833652 0.9
      vertex 22.22021573036909 12.961160577833652 1.5
      vertex 22.202523797750473 13.210301756858826 0.9
    endloop
  endfacet
  facet normal -0.9974881667096304 -0.07083330624967657 0
    outer loop
      vertex 22.202523797750473 13.210301756858826 1.5
      vertex 22.202523797750473 13.210301756858826 0.9
      vertex 22.22021573036909 12.961160577833652 1.5
    endloop
  endfacet
  facet normal -0.9968648049694352 0.0791237044965015 0
    outer loop
      vertex 22.20192575454712 12.730728581547737 0.9
      vertex 22.20192575454712 12.730728581547737 1.5
      vertex 22.22021573036909 12.961160577833652 0.9
    endloop
  endfacet
  facet normal -0.9968648049694352 0.0791237044965015 0
    outer loop
      vertex 22.22021573036909 12.961160577833652 1.5
      vertex 22.22021573036909 12.961160577833652 0.9
      vertex 22.20192575454712 12.730728581547737 1.5
    endloop
  endfacet
  facet normal -0.9636107478467826 0.2673094211474119 0
    outer loop
      vertex 22.147055834531784 12.532930672168732 0.9
      vertex 22.147055834531784 12.532930672168732 1.5
      vertex 22.20192575454712 12.730728581547737 0.9
    endloop
  endfacet
  facet normal -0.9636107478467826 0.2673094211474119 0
    outer loop
      vertex 22.20192575454712 12.730728581547737 1.5
      vertex 22.20192575454712 12.730728581547737 0.9
      vertex 22.147055834531784 12.532930672168732 1.5
    endloop
  endfacet
  facet normal -0.8748485550131179 0.48439653775750674 0
    outer loop
      vertex 22.055605955421925 12.367766827344894 0.9
      vertex 22.055605955421925 12.367766827344894 1.5
      vertex 22.147055834531784 12.532930672168732 0.9
    endloop
  endfacet
  facet normal -0.8748485550131179 0.48439653775750674 0
    outer loop
      vertex 22.147055834531784 12.532930672168732 1.5
      vertex 22.147055834531784 12.532930672168732 0.9
      vertex 22.055605955421925 12.367766827344894 1.5
    endloop
  endfacet
  facet normal -0.719211477712409 0.6947912278711735 0
    outer loop
      vertex 21.927576132118702 12.235237061977386 0.9
      vertex 21.927576132118702 12.235237061977386 1.5
      vertex 22.055605955421925 12.367766827344894 0.9
    endloop
  endfacet
  facet normal -0.719211477712409 0.6947912278711735 0
    outer loop
      vertex 22.055605955421925 12.367766827344894 1.5
      vertex 22.055605955421925 12.367766827344894 0.9
      vertex 21.927576132118702 12.235237061977386 1.5
    endloop
  endfacet
  facet normal -0.5188037089348732 0.8548933919474517 0
    outer loop
      vertex 21.762966357171535 12.135341376066208 0.9
      vertex 21.762966357171535 12.135341376066208 1.5
      vertex 21.927576132118702 12.235237061977386 0.9
    endloop
  endfacet
  facet normal -0.5188037089348732 0.8548933919474517 0
    outer loop
      vertex 21.927576132118702 12.235237061977386 1.5
      vertex 21.927576132118702 12.235237061977386 0.9
      vertex 21.762966357171535 12.135341376066208 1.5
    endloop
  endfacet
  facet normal -0.3535801420832315 0.9354042351435029 0
    outer loop
      vertex 21.6492630392313 12.092361845076084 0.9
      vertex 21.6492630392313 12.092361845076084 1.5
      vertex 21.762966357171535 12.135341376066208 0.9
    endloop
  endfacet
  facet normal -0.3535801420832315 0.9354042351435029 0
    outer loop
      vertex 21.762966357171535 12.135341376066208 1.5
      vertex 21.762966357171535 12.135341376066208 0.9
      vertex 21.6492630392313 12.092361845076084 1.5
    endloop
  endfacet
  facet normal -0.24140973446729014 0.9704232788347734 0
    outer loop
      vertex 21.514886401593685 12.058933310210705 0.9
      vertex 21.514886401593685 12.058933310210705 1.5
      vertex 21.6492630392313 12.092361845076084 0.9
    endloop
  endfacet
  facet normal -0.24140973446729014 0.9704232788347734 0
    outer loop
      vertex 21.6492630392313 12.092361845076084 1.5
      vertex 21.6492630392313 12.092361845076084 0.9
      vertex 21.514886401593685 12.058933310210705 1.5
    endloop
  endfacet
  facet normal -0.15220459669609188 0.98834900755987 0
    outer loop
      vertex 21.359836421906948 12.035055793821812 0.9
      vertex 21.359836421906948 12.035055793821812 1.5
      vertex 21.514886401593685 12.058933310210705 0.9
    endloop
  endfacet
  facet normal -0.15220459669609188 0.98834900755987 0
    outer loop
      vertex 21.514886401593685 12.058933310210705 1.5
      vertex 21.514886401593685 12.058933310210705 0.9
      vertex 21.359836421906948 12.035055793821812 1.5
    endloop
  endfacet
  facet normal -0.0812592019825595 0.9966930029317741 0
    outer loop
      vertex 21.18411312252283 12.020729281008244 0.9
      vertex 21.18411312252283 12.020729281008244 1.5
      vertex 21.359836421906948 12.035055793821812 0.9
    endloop
  endfacet
  facet normal -0.0812592019825595 0.9966930029317741 0
    outer loop
      vertex 21.359836421906948 12.035055793821812 1.5
      vertex 21.359836421906948 12.035055793821812 0.9
      vertex 21.18411312252283 12.020729281008244 1.5
    endloop
  endfacet
  facet normal -0.024308413860171126 0.9997045068497005 0
    outer loop
      vertex 20.987716488540173 12.015953779220581 0.9
      vertex 20.987716488540173 12.015953779220581 1.5
      vertex 21.18411312252283 12.020729281008244 0.9
    endloop
  endfacet
  facet normal -0.024308413860171126 0.9997045068497005 0
    outer loop
      vertex 21.18411312252283 12.020729281008244 1.5
      vertex 21.18411312252283 12.020729281008244 0.9
      vertex 20.987716488540173 12.015953779220581 1.5
    endloop
  endfacet
  facet normal 0 1 0
    outer loop
      vertex 19.253188356757164 12.015953779220581 0.9
      vertex 19.253188356757164 12.015953779220581 1.5
      vertex 20.987716488540173 12.015953779220581 0.9
    endloop
  endfacet
  facet normal 0 1 0
    outer loop
      vertex 20.987716488540173 12.015953779220581 1.5
      vertex 20.987716488540173 12.015953779220581 0.9
      vertex 19.253188356757164 12.015953779220581 1.5
    endloop
  endfacet
  facet normal 1 0 0
    outer loop
      vertex 19.253188356757164 13.985959112644196 0.9
      vertex 19.253188356757164 13.985959112644196 1.5
      vertex 19.253188356757164 12.015953779220581 0.9
    endloop
  endfacet
  facet normal 1 0 0
    outer loop
      vertex 19.253188356757164 12.015953779220581 1.5
      vertex 19.253188356757164 12.015953779220581 0.9
      vertex 19.253188356757164 13.985959112644196 1.5
    endloop
  endfacet
  facet normal 0.22698696149057776 -0.9738977971600896 0
    outer loop
      vertex 29.3469562754035 7.933750942349434 0.9
      vertex 28.732874542474747 7.790626533329487 1.5
      vertex 28.732874542474747 7.790626533329487 0.9
    endloop
  endfacet
  facet normal 0.22698696149057776 -0.9738977971600896 0
    outer loop
      vertex 29.3469562754035 7.933750942349434 0.9
      vertex 29.3469562754035 7.933750942349434 1.5
      vertex 28.732874542474747 7.790626533329487 1.5
    endloop
  endfacet
  facet normal 0.41969915871163654 -0.9076632724621749 0
    outer loop
      vertex 29.86283676326275 8.172291614115238 0.9
      vertex 29.3469562754035 7.933750942349434 1.5
      vertex 29.3469562754035 7.933750942349434 0.9
    endloop
  endfacet
  facet normal 0.41969915871163654 -0.9076632724621749 0
    outer loop
      vertex 29.86283676326275 8.172291614115238 0.9
      vertex 29.86283676326275 8.172291614115238 1.5
      vertex 29.3469562754035 7.933750942349434 1.5
    endloop
  endfacet
  facet normal 0.624482437643084 -0.7810388499142357 0
    outer loop
      vertex 30.280516006052494 8.506248563528061 0.9
      vertex 29.86283676326275 8.172291614115238 1.5
      vertex 29.86283676326275 8.172291614115238 0.9
    endloop
  endfacet
  facet normal 0.624482437643084 -0.7810388499142357 0
    outer loop
      vertex 30.280516006052494 8.506248563528061 0.9
      vertex 30.280516006052494 8.506248563528061 1.5
      vertex 29.86283676326275 8.172291614115238 1.5
    endloop
  endfacet
  facet normal 0.8022829418931139 -0.5969439514287169 0
    outer loop
      vertex 30.599993996322155 8.93562177568674 0.9
      vertex 30.280516006052494 8.506248563528061 1.5
      vertex 30.280516006052494 8.506248563528061 0.9
    endloop
  endfacet
  facet normal 0.8022829418931139 -0.5969439514287169 0
    outer loop
      vertex 30.599993996322155 8.93562177568674 0.9
      vertex 30.599993996322155 8.93562177568674 1.5
      vertex 30.280516006052494 8.506248563528061 1.5
    endloop
  endfacet
  facet normal 0.9068900987929847 -0.4213672373491448 0
    outer loop
      vertex 30.73059479892254 9.216708116233349 0.9
      vertex 30.599993996322155 8.93562177568674 1.5
      vertex 30.599993996322155 8.93562177568674 0.9
    endloop
  endfacet
  facet normal 0.9068900987929847 -0.4213672373491448 0
    outer loop
      vertex 30.73059479892254 9.216708116233349 0.9
      vertex 30.73059479892254 9.216708116233349 1.5
      vertex 30.599993996322155 8.93562177568674 1.5
    endloop
  endfacet
  facet normal 0.9537900356579001 -0.3004739054888154 0
    outer loop
      vertex 30.832173198461533 9.539146982133389 0.9
      vertex 30.73059479892254 9.216708116233349 1.5
      vertex 30.73059479892254 9.216708116233349 0.9
    endloop
  endfacet
  facet normal 0.9537900356579001 -0.3004739054888154 0
    outer loop
      vertex 30.832173198461533 9.539146982133389 0.9
      vertex 30.832173198461533 9.539146982133389 1.5
      vertex 30.73059479892254 9.216708116233349 1.5
    endloop
  endfacet
  facet normal 0.9806853966913297 -0.19559180125038303 0
    outer loop
      vertex 30.904729202389717 9.90293837338686 0.9
      vertex 30.832173198461533 9.539146982133389 1.5
      vertex 30.832173198461533 9.539146982133389 0.9
    endloop
  endfacet
  facet normal 0.9806853966913297 -0.19559180125038303 0
    outer loop
      vertex 30.904729202389717 9.90293837338686 0.9
      vertex 30.904729202389717 9.90293837338686 1.5
      vertex 30.832173198461533 9.539146982133389 1.5
    endloop
  endfacet
  facet normal 0.9942765281594591 -0.10683719179748322 0
    outer loop
      vertex 30.94826280325651 10.308082282543182 0.9
      vertex 30.904729202389717 9.90293837338686 1.5
      vertex 30.904729202389717 9.90293837338686 0.9
    endloop
  endfacet
  facet normal 0.9942765281594591 -0.10683719179748322 0
    outer loop
      vertex 30.94826280325651 10.308082282543182 0.9
      vertex 30.94826280325651 10.308082282543182 1.5
      vertex 30.904729202389717 9.90293837338686 1.5
    endloop
  endfacet
  facet normal 0.9994722883603552 -0.032482992468594665 0
    outer loop
      vertex 30.962774001061916 10.754578709602356 0.9
      vertex 30.94826280325651 10.308082282543182 1.5
      vertex 30.94826280325651 10.308082282543182 0.9
    endloop
  endfacet
  facet normal 0.9994722883603552 -0.032482992468594665 0
    outer loop
      vertex 30.962774001061916 10.754578709602356 0.9
      vertex 30.962774001061916 10.754578709602356 1.5
      vertex 30.94826280325651 10.308082282543182 1.5
    endloop
  endfacet
  facet normal 1 0 0
    outer loop
      vertex 30.962774001061916 15.257081598043442 0.9
      vertex 30.962774001061916 10.754578709602356 1.5
      vertex 30.962774001061916 10.754578709602356 0.9
    endloop
  endfacet
  facet normal 1 0 0
    outer loop
      vertex 30.962774001061916 15.257081598043442 0.9
      vertex 30.962774001061916 15.257081598043442 1.5
      vertex 30.962774001061916 10.754578709602356 1.5
    endloop
  endfacet
  facet normal 0 1 0
    outer loop
      vertex 29.40714404731989 15.257081598043442 0.9
      vertex 30.962774001061916 15.257081598043442 1.5
      vertex 30.962774001061916 15.257081598043442 0.9
    endloop
  endfacet
  facet normal 0 1 0
    outer loop
      vertex 29.40714404731989 15.257081598043442 0.9
      vertex 29.40714404731989 15.257081598043442 1.5
      vertex 30.962774001061916 15.257081598043442 1.5
    endloop
  endfacet
  facet normal -1 0 0
    outer loop
      vertex 29.40714404731989 10.752966359257698 0.9
      vertex 29.40714404731989 15.257081598043442 1.5
      vertex 29.40714404731989 15.257081598043442 0.9
    endloop
  endfacet
  facet normal -1 0 0
    outer loop
      vertex 29.40714404731989 10.752966359257698 0.9
      vertex 29.40714404731989 10.752966359257698 1.5
      vertex 29.40714404731989 15.257081598043442 1.5
    endloop
  endfacet
  facet normal -0.9996870567727933 0.02501576544800955 0
    outer loop
      vertex 29.399988114833832 10.466998971998692 0.9
      vertex 29.40714404731989 10.752966359257698 1.5
      vertex 29.40714404731989 10.752966359257698 0.9
    endloop
  endfacet
  facet normal -0.9996870567727933 0.02501576544800955 0
    outer loop
      vertex 29.399988114833832 10.466998971998692 0.9
      vertex 29.399988114833832 10.466998971998692 1.5
      vertex 29.40714404731989 10.752966359257698 1.5
    endloop
  endfacet
  facet normal -0.9964293402286764 0.0844308588813634 0
    outer loop
      vertex 29.37852033227682 10.213642217218876 0.9
      vertex 29.399988114833832 10.466998971998692 1.5
      vertex 29.399988114833832 10.466998971998692 0.9
    endloop
  endfacet
  facet normal -0.9964293402286764 0.0844308588813634 0
    outer loop
      vertex 29.37852033227682 10.213642217218876 0.9
      vertex 29.37852033227682 10.213642217218876 1.5
      vertex 29.399988114833832 10.466998971998692 1.5
    endloop
  endfacet
  facet normal -0.9871175136084972 0.15999691974340716 0
    outer loop
      vertex 29.342740699648857 9.99289608001709 0.9
      vertex 29.37852033227682 10.213642217218876 1.5
      vertex 29.37852033227682 10.213642217218876 0.9
    endloop
  endfacet
  facet normal -0.9871175136084972 0.15999691974340716 0
    outer loop
      vertex 29.342740699648857 9.99289608001709 0.9
      vertex 29.342740699648857 9.99289608001709 1.5
      vertex 29.37852033227682 10.213642217218876 1.5
    endloop
  endfacet
  facet normal -0.966334582548713 0.2572886988781369 0
    outer loop
      vertex 29.29264920949936 9.804760575294495 0.9
      vertex 29.342740699648857 9.99289608001709 1.5
      vertex 29.342740699648857 9.99289608001709 0.9
    endloop
  endfacet
  facet normal -0.966334582548713 0.2572886988781369 0
    outer loop
      vertex 29.29264920949936 9.804760575294495 0.9
      vertex 29.29264920949936 9.804760575294495 1.5
      vertex 29.342740699648857 9.99289608001709 1.5
    endloop
  endfacet
  facet normal -0.9239156064388989 0.3825963305870062 0
    outer loop
      vertex 29.228245869278908 9.649235688149929 0.9
      vertex 29.29264920949936 9.804760575294495 1.5
      vertex 29.29264920949936 9.804760575294495 0.9
    endloop
  endfacet
  facet normal -0.9239156064388989 0.3825963305870062 0
    outer loop
      vertex 29.228245869278908 9.649235688149929 0.9
      vertex 29.228245869278908 9.649235688149929 1.5
      vertex 29.29264920949936 9.804760575294495 1.5
    endloop
  endfacet
  facet normal -0.8502565211526889 0.526368547918022 0
    outer loop
      vertex 29.09086437523365 9.42731986194849 0.9
      vertex 29.228245869278908 9.649235688149929 1.5
      vertex 29.228245869278908 9.649235688149929 0.9
    endloop
  endfacet
  facet normal -0.8502565211526889 0.526368547918022 0
    outer loop
      vertex 29.09086437523365 9.42731986194849 0.9
      vertex 29.09086437523365 9.42731986194849 1.5
      vertex 29.228245869278908 9.649235688149929 1.5
    endloop
  endfacet
  facet normal -0.6734449890677227 0.7392373412508157 0
    outer loop
      vertex 28.90140087157488 9.25471866875887 0.9
      vertex 29.09086437523365 9.42731986194849 1.5
      vertex 29.09086437523365 9.42731986194849 0.9
    endloop
  endfacet
  facet normal -0.6734449890677227 0.7392373412508157 0
    outer loop
      vertex 28.90140087157488 9.25471866875887 0.9
      vertex 28.90140087157488 9.25471866875887 1.5
      vertex 29.09086437523365 9.42731986194849 1.5
    endloop
  endfacet
  facet normal -0.45461387986959095 0.8906886213654674 0
    outer loop
      vertex 28.659855358302593 9.131432101130486 0.9
      vertex 28.90140087157488 9.25471866875887 1.5
      vertex 28.90140087157488 9.25471866875887 0.9
    endloop
  endfacet
  facet normal -0.45461387986959095 0.8906886213654674 0
    outer loop
      vertex 28.659855358302593 9.131432101130486 0.9
      vertex 28.659855358302593 9.131432101130486 1.5
      vertex 28.90140087157488 9.25471866875887 1.5
    endloop
  endfacet
  facet normal -0.2442915539811882 0.9697018287357492 0
    outer loop
      vertex 28.366227820515633 9.05746015906334 0.9
      vertex 28.659855358302593 9.131432101130486 1.5
      vertex 28.659855358302593 9.131432101130486 0.9
    endloop
  endfacet
  facet normal -0.2442915539811882 0.9697018287357492 0
    outer loop
      vertex 28.366227820515633 9.05746015906334 0.9
      vertex 28.366227820515633 9.05746015906334 1.5
      vertex 28.659855358302593 9.131432101130486 1.5
    endloop
  endfacet
  facet normal -0.07114306655201957 0.9974661217713486 0
    outer loop
      vertex 28.020518265664577 9.03280284255743 0.9
      vertex 28.366227820515633 9.05746015906334 1.5
      vertex 28.366227820515633 9.05746015906334 0.9
    endloop
  endfacet
  facet normal -0.07114306655201957 0.9974661217713486 0
    outer loop
      vertex 28.020518265664577 9.03280284255743 0.9
      vertex 28.020518265664577 9.03280284255743 1.5
      vertex 28.366227820515633 9.05746015906334 1.5
    endloop
  endfacet
  facet normal 0.07078295764344182 0.9974917407714445 0
    outer loop
      vertex 27.673040986061096 9.05746015906334 0.9
      vertex 28.020518265664577 9.03280284255743 1.5
      vertex 28.020518265664577 9.03280284255743 0.9
    endloop
  endfacet
  facet normal 0.07078295764344182 0.9974917407714445 0
    outer loop
      vertex 27.673040986061096 9.05746015906334 0.9
      vertex 27.673040986061096 9.05746015906334 1.5
      vertex 28.020518265664577 9.03280284255743 1.5
    endloop
  endfacet
  facet normal 0.24322049977293148 0.9699710245621801 0
    outer loop
      vertex 27.3780385479331 9.131432101130486 0.9
      vertex 27.673040986061096 9.05746015906334 1.5
      vertex 27.673040986061096 9.05746015906334 0.9
    endloop
  endfacet
  facet normal 0.24322049977293148 0.9699710245621801 0
    outer loop
      vertex 27.3780385479331 9.131432101130486 0.9
      vertex 27.3780385479331 9.131432101130486 1.5
      vertex 27.673040986061096 9.05746015906334 1.5
    endloop
  endfacet
  facet normal 0.453151624300399 0.8914334553930034 0
    outer loop
      vertex 27.135510958731174 9.25471866875887 0.9
      vertex 27.3780385479331 9.131432101130486 1.5
      vertex 27.3780385479331 9.131432101130486 0.9
    endloop
  endfacet
  facet normal 0.453151624300399 0.8914334553930034 0
    outer loop
      vertex 27.135510958731174 9.25471866875887 0.9
      vertex 27.135510958731174 9.25471866875887 1.5
      vertex 27.3780385479331 9.131432101130486 1.5
    endloop
  endfacet
  facet normal 0.6723015652640139 0.7402773840551642 0
    outer loop
      vertex 26.945458211004734 9.42731986194849 0.9
      vertex 27.135510958731174 9.25471866875887 1.5
      vertex 27.135510958731174 9.25471866875887 0.9
    endloop
  endfacet
  facet normal 0.6723015652640139 0.7402773840551642 0
    outer loop
      vertex 26.945458211004734 9.42731986194849 0.9
      vertex 26.945458211004734 9.42731986194849 1.5
      vertex 27.135510958731174 9.25471866875887 1.5
    endloop
  endfacet
  facet normal 0.8499196950036693 0.5269122432102618 0
    outer loop
      vertex 26.80788031220436 9.649235688149929 0.9
      vertex 26.945458211004734 9.42731986194849 1.5
      vertex 26.945458211004734 9.42731986194849 0.9
    endloop
  endfacet
  facet normal 0.8499196950036693 0.5269122432102618 0
    outer loop
      vertex 26.80788031220436 9.649235688149929 0.9
      vertex 26.80788031220436 9.649235688149929 1.5
      vertex 26.945458211004734 9.42731986194849 1.5
    endloop
  endfacet
  facet normal 0.9239155907931758 0.3825963683691956 0
    outer loop
      vertex 26.74347696453333 9.804760575294495 0.9
      vertex 26.80788031220436 9.649235688149929 1.5
      vertex 26.80788031220436 9.649235688149929 0.9
    endloop
  endfacet
  facet normal 0.9239155907931758 0.3825963683691956 0
    outer loop
      vertex 26.74347696453333 9.804760575294495 0.9
      vertex 26.74347696453333 9.804760575294495 1.5
      vertex 26.80788031220436 9.649235688149929 1.5
    endloop
  endfacet
  facet normal 0.966334582548713 0.2572886988781369 0
    outer loop
      vertex 26.69338547438383 9.99289608001709 0.9
      vertex 26.74347696453333 9.804760575294495 1.5
      vertex 26.74347696453333 9.804760575294495 0.9
    endloop
  endfacet
  facet normal 0.966334582548713 0.2572886988781369 0
    outer loop
      vertex 26.69338547438383 9.99289608001709 0.9
      vertex 26.69338547438383 9.99289608001709 1.5
      vertex 26.74347696453333 9.804760575294495 1.5
    endloop
  endfacet
  facet normal 0.9871175136084972 0.15999691974340716 0
    outer loop
      vertex 26.657605841755867 10.213642217218876 0.9
      vertex 26.69338547438383 9.99289608001709 1.5
      vertex 26.69338547438383 9.99289608001709 0.9
    endloop
  endfacet
  facet normal 0.9871175136084972 0.15999691974340716 0
    outer loop
      vertex 26.657605841755867 10.213642217218876 0.9
      vertex 26.657605841755867 10.213642217218876 1.5
      vertex 26.69338547438383 9.99289608001709 1.5
    endloop
  endfacet
  facet normal 0.9964293402286764 0.0844308588813634 0
    outer loop
      vertex 26.636138059198856 10.466998971998692 0.9
      vertex 26.657605841755867 10.213642217218876 1.5
      vertex 26.657605841755867 10.213642217218876 0.9
    endloop
  endfacet
  facet normal 0.9964293402286764 0.0844308588813634 0
    outer loop
      vertex 26.636138059198856 10.466998971998692 0.9
      vertex 26.636138059198856 10.466998971998692 1.5
      vertex 26.657605841755867 10.213642217218876 1.5
    endloop
  endfacet
  facet normal 0.9996870574241448 0.025015739418510038 0
    outer loop
      vertex 26.62898213416338 10.752966359257698 0.9
      vertex 26.636138059198856 10.466998971998692 1.5
      vertex 26.636138059198856 10.466998971998692 0.9
    endloop
  endfacet
  facet normal 0.9996870574241448 0.025015739418510038 0
    outer loop
      vertex 26.62898213416338 10.752966359257698 0.9
      vertex 26.62898213416338 10.752966359257698 1.5
      vertex 26.636138059198856 10.466998971998692 1.5
    endloop
  endfacet
  facet normal 1 0 0
    outer loop
      vertex 26.62898213416338 15.257081598043442 0.9
      vertex 26.62898213416338 10.752966359257698 1.5
      vertex 26.62898213416338 10.752966359257698 0.9
    endloop
  endfacet
  facet normal 1 0 0
    outer loop
      vertex 26.62898213416338 15.257081598043442 0.9
      vertex 26.62898213416338 15.257081598043442 1.5
      vertex 26.62898213416338 10.752966359257698 1.5
    endloop
  endfacet
  facet normal 0 1 0
    outer loop
      vertex 25.073425464332104 15.257081598043442 0.9
      vertex 26.62898213416338 15.257081598043442 1.5
      vertex 26.62898213416338 15.257081598043442 0.9
    endloop
  endfacet
  facet normal 0 1 0
    outer loop
      vertex 25.073425464332104 15.257081598043442 0.9
      vertex 25.073425464332104 15.257081598043442 1.5
      vertex 26.62898213416338 15.257081598043442 1.5
    endloop
  endfacet
  facet normal -1 0 0
    outer loop
      vertex 25.073425464332104 10.754578709602356 0.9
      vertex 25.073425464332104 15.257081598043442 1.5
      vertex 25.073425464332104 15.257081598043442 0.9
    endloop
  endfacet
  facet normal -1 0 0
    outer loop
      vertex 25.073425464332104 10.754578709602356 0.9
      vertex 25.073425464332104 10.754578709602356 1.5
      vertex 25.073425464332104 15.257081598043442 1.5
    endloop
  endfacet
  facet normal -0.9994722878188911 -0.032483009128955395 0
    outer loop
      vertex 25.08793666958809 10.308082282543182 0.9
      vertex 25.073425464332104 10.754578709602356 1.5
      vertex 25.073425464332104 10.754578709602356 0.9
    endloop
  endfacet
  facet normal -0.9994722878188911 -0.032483009128955395 0
    outer loop
      vertex 25.08793666958809 10.308082282543182 0.9
      vertex 25.08793666958809 10.308082282543182 1.5
      vertex 25.073425464332104 10.754578709602356 1.5
    endloop
  endfacet
  facet normal -0.9942765301017649 -0.10683717372148184 0
    outer loop
      vertex 25.131470263004303 9.90293837338686 0.9
      vertex 25.08793666958809 10.308082282543182 1.5
      vertex 25.08793666958809 10.308082282543182 0.9
    endloop
  endfacet
  facet normal -0.9942765301017649 -0.10683717372148184 0
    outer loop
      vertex 25.131470263004303 9.90293837338686 0.9
      vertex 25.131470263004303 9.90293837338686 1.5
      vertex 25.08793666958809 10.308082282543182 1.5
    endloop
  endfacet
  facet normal -0.9806853966913297 -0.19559180125038303 0
    outer loop
      vertex 25.204026266932487 9.539146982133389 0.9
      vertex 25.131470263004303 9.90293837338686 1.5
      vertex 25.131470263004303 9.90293837338686 0.9
    endloop
  endfacet
  facet normal -0.9806853966913297 -0.19559180125038303 0
    outer loop
      vertex 25.204026266932487 9.539146982133389 0.9
      vertex 25.204026266932487 9.539146982133389 1.5
      vertex 25.131470263004303 9.90293837338686 1.5
    endloop
  endfacet
  facet normal -0.9537900356579001 -0.3004739054888154 0
    outer loop
      vertex 25.30560466647148 9.216708116233349 0.9
      vertex 25.204026266932487 9.539146982133389 1.5
      vertex 25.204026266932487 9.539146982133389 0.9
    endloop
  endfacet
  facet normal -0.9537900356579001 -0.3004739054888154 0
    outer loop
      vertex 25.30560466647148 9.216708116233349 0.9
      vertex 25.30560466647148 9.216708116233349 1.5
      vertex 25.204026266932487 9.539146982133389 1.5
    endloop
  endfacet
  facet normal -0.9068900987929847 -0.4213672373491448 0
    outer loop
      vertex 25.436205469071865 8.93562177568674 0.9
      vertex 25.30560466647148 9.216708116233349 1.5
      vertex 25.30560466647148 9.216708116233349 0.9
    endloop
  endfacet
  facet normal -0.9068900987929847 -0.4213672373491448 0
    outer loop
      vertex 25.436205469071865 8.93562177568674 0.9
      vertex 25.436205469071865 8.93562177568674 1.5
      vertex 25.30560466647148 9.216708116233349 1.5
    endloop
  endfacet
  facet normal -0.800677787584632 -0.5990952181987259 0
    outer loop
      vertex 25.757477574050426 8.506248563528061 0.9
      vertex 25.436205469071865 8.93562177568674 1.5
      vertex 25.436205469071865 8.93562177568674 0.9
    endloop
  endfacet
  facet normal -0.800677787584632 -0.5990952181987259 0
    outer loop
      vertex 25.757477574050426 8.506248563528061 0.9
      vertex 25.757477574050426 8.506248563528061 1.5
      vertex 25.436205469071865 8.93562177568674 1.5
    endloop
  endfacet
  facet normal -0.6232114983901381 -0.7820533410671672 0
    outer loop
      vertex 26.17655223608017 8.172291614115238 0.9
      vertex 25.757477574050426 8.506248563528061 1.5
      vertex 25.757477574050426 8.506248563528061 0.9
    endloop
  endfacet
  facet normal -0.6232114983901381 -0.7820533410671672 0
    outer loop
      vertex 26.17655223608017 8.172291614115238 0.9
      vertex 26.17655223608017 8.172291614115238 1.5
      vertex 25.757477574050426 8.506248563528061 1.5
    endloop
  endfacet
  facet normal -0.4190320505412338 -0.9079714426231746 0
    outer loop
      vertex 26.693429447710514 7.933750942349434 0.9
      vertex 26.17655223608017 8.172291614115238 1.5
      vertex 26.17655223608017 8.172291614115238 0.9
    endloop
  endfacet
  facet normal -0.4190320505412338 -0.9079714426231746 0
    outer loop
      vertex 26.693429447710514 7.933750942349434 0.9
      vertex 26.693429447710514 7.933750942349434 1.5
      vertex 26.17655223608017 8.172291614115238 1.5
    endloop
  endfacet
  facet normal -0.2267774808179402 -0.9739465971981569 0
    outer loop
      vertex 27.30810922384262 7.790626533329487 0.9
      vertex 26.693429447710514 7.933750942349434 1.5
      vertex 26.693429447710514 7.933750942349434 0.9
    endloop
  endfacet
  facet normal -0.2267774808179402 -0.9739465971981569 0
    outer loop
      vertex 27.30810922384262 7.790626533329487 0.9
      vertex 27.30810922384262 7.790626533329487 1.5
      vertex 26.693429447710514 7.933750942349434 1.5
    endloop
  endfacet
  facet normal -0.06681082883126814 -0.9977656604388021 0
    outer loop
      vertex 28.02059155702591 7.742918401956558 0.9
      vertex 27.30810922384262 7.790626533329487 1.5
      vertex 27.30810922384262 7.790626533329487 0.9
    endloop
  endfacet
  facet normal -0.06681082883126814 -0.9977656604388021 0
    outer loop
      vertex 28.02059155702591 7.742918401956558 0.9
      vertex 28.02059155702591 7.742918401956558 1.5
      vertex 27.30810922384262 7.790626533329487 1.5
    endloop
  endfacet
  facet normal 0.06682944378176328 -0.9977644137990792 0
    outer loop
      vertex 28.732874542474747 7.790626533329487 0.9
      vertex 28.02059155702591 7.742918401956558 1.5
      vertex 28.02059155702591 7.742918401956558 0.9
    endloop
  endfacet
  facet normal 0.06682944378176328 -0.9977644137990792 0
    outer loop
      vertex 28.732874542474747 7.790626533329487 0.9
      vertex 28.732874542474747 7.790626533329487 1.5
      vertex 28.02059155702591 7.742918401956558 1.5
    endloop
  endfacet
  facet normal 0 -1 0
    outer loop
      vertex 37.74712644517422 13.957816176116467 0.9
      vertex 35.555422224104404 13.957816176116467 1.5
      vertex 35.555422224104404 13.957816176116467 0.9
    endloop
  endfacet
  facet normal 0 -1 0
    outer loop
      vertex 37.74712644517422 13.957816176116467 0.9
      vertex 37.74712644517422 13.957816176116467 1.5
      vertex 35.555422224104404 13.957816176116467 1.5
    endloop
  endfacet
  facet normal 1 0 0
    outer loop
      vertex 37.74712644517422 15.257081598043442 0.9
      vertex 37.74712644517422 13.957816176116467 1.5
      vertex 37.74712644517422 13.957816176116467 0.9
    endloop
  endfacet
  facet normal 1 0 0
    outer loop
      vertex 37.74712644517422 15.257081598043442 0.9
      vertex 37.74712644517422 15.257081598043442 1.5
      vertex 37.74712644517422 13.957816176116467 1.5
    endloop
  endfacet
  facet normal 0 1 0
    outer loop
      vertex 31.813071690499783 15.257081598043442 0.9
      vertex 37.74712644517422 15.257081598043442 1.5
      vertex 37.74712644517422 15.257081598043442 0.9
    endloop
  endfacet
  facet normal 0 1 0
    outer loop
      vertex 31.813071690499783 15.257081598043442 0.9
      vertex 31.813071690499783 15.257081598043442 1.5
      vertex 37.74712644517422 15.257081598043442 1.5
    endloop
  endfacet
  facet normal -1 0 0
    outer loop
      vertex 31.813071690499783 13.957816176116467 0.9
      vertex 31.813071690499783 15.257081598043442 1.5
      vertex 31.813071690499783 15.257081598043442 0.9
    endloop
  endfacet
  facet normal -1 0 0
    outer loop
      vertex 31.813071690499783 13.957816176116467 0.9
      vertex 31.813071690499783 13.957816176116467 1.5
      vertex 31.813071690499783 15.257081598043442 1.5
    endloop
  endfacet
  facet normal 0 -1 0
    outer loop
      vertex 34.01474320143461 13.957816176116467 0.9
      vertex 31.813071690499783 13.957816176116467 1.5
      vertex 31.813071690499783 13.957816176116467 0.9
    endloop
  endfacet
  facet normal 0 -1 0
    outer loop
      vertex 34.01474320143461 13.957816176116467 0.9
      vertex 34.01474320143461 13.957816176116467 1.5
      vertex 31.813071690499783 13.957816176116467 1.5
    endloop
  endfacet
  facet normal -1 0 0
    outer loop
      vertex 34.01474320143461 7.9305379539728165 0.9
      vertex 34.01474320143461 13.957816176116467 1.5
      vertex 34.01474320143461 13.957816176116467 0.9
    endloop
  endfacet
  facet normal -1 0 0
    outer loop
      vertex 34.01474320143461 7.9305379539728165 0.9
      vertex 34.01474320143461 7.9305379539728165 1.5
      vertex 34.01474320143461 13.957816176116467 1.5
    endloop
  endfacet
  facet normal 0 -1 0
    outer loop
      vertex 35.555422224104404 7.9305379539728165 0.9
      vertex 34.01474320143461 7.9305379539728165 1.5
      vertex 34.01474320143461 7.9305379539728165 0.9
    endloop
  endfacet
  facet normal 0 -1 0
    outer loop
      vertex 35.555422224104404 7.9305379539728165 0.9
      vertex 35.555422224104404 7.9305379539728165 1.5
      vertex 34.01474320143461 7.9305379539728165 1.5
    endloop
  endfacet
  facet normal 1 0 0
    outer loop
      vertex 35.555422224104404 13.957816176116467 0.9
      vertex 35.555422224104404 7.9305379539728165 1.5
      vertex 35.555422224104404 7.9305379539728165 0.9
    endloop
  endfacet
  facet normal 1 0 0
    outer loop
      vertex 35.555422224104404 13.957816176116467 0.9
      vertex 35.555422224104404 13.957816176116467 1.5
      vertex 35.555422224104404 7.9305379539728165 1.5
    endloop
  endfacet
  facet normal 0 -1 0
    outer loop
      vertex 43.01066115498543 11.199808709323406 0.9
      vertex 40.14799715578556 11.199808709323406 1.5
      vertex 40.14799715578556 11.199808709323406 0.9
    endloop
  endfacet
  facet normal 0 -1 0
    outer loop
      vertex 43.01066115498543 11.199808709323406 0.9
      vertex 43.01066115498543 11.199808709323406 1.5
      vertex 40.14799715578556 11.199808709323406 1.5
    endloop
  endfacet
  facet normal -1 0 0
    outer loop
      vertex 43.01066115498543 7.9305379539728165 0.9
      vertex 43.01066115498543 11.199808709323406 1.5
      vertex 43.01066115498543 11.199808709323406 0.9
    endloop
  endfacet
  facet normal -1 0 0
    outer loop
      vertex 43.01066115498543 7.9305379539728165 0.9
      vertex 43.01066115498543 7.9305379539728165 1.5
      vertex 43.01066115498543 11.199808709323406 1.5
    endloop
  endfacet
  facet normal 0 -1 0
    outer loop
      vertex 44.53147888928652 7.9305379539728165 0.9
      vertex 43.01066115498543 7.9305379539728165 1.5
      vertex 43.01066115498543 7.9305379539728165 0.9
    endloop
  endfacet
  facet normal 0 -1 0
    outer loop
      vertex 44.53147888928652 7.9305379539728165 0.9
      vertex 44.53147888928652 7.9305379539728165 1.5
      vertex 43.01066115498543 7.9305379539728165 1.5
    endloop
  endfacet
  facet normal 1 0 0
    outer loop
      vertex 44.53147888928652 15.257081598043442 0.9
      vertex 44.53147888928652 7.9305379539728165 1.5
      vertex 44.53147888928652 7.9305379539728165 0.9
    endloop
  endfacet
  facet normal 1 0 0
    outer loop
      vertex 44.53147888928652 15.257081598043442 0.9
      vertex 44.53147888928652 15.257081598043442 1.5
      vertex 44.53147888928652 7.9305379539728165 1.5
    endloop
  endfacet
  facet normal 0 1 0
    outer loop
      vertex 43.01066115498543 15.257081598043442 0.9
      vertex 44.53147888928652 15.257081598043442 1.5
      vertex 44.53147888928652 15.257081598043442 0.9
    endloop
  endfacet
  facet normal 0 1 0
    outer loop
      vertex 43.01066115498543 15.257081598043442 0.9
      vertex 43.01066115498543 15.257081598043442 1.5
      vertex 44.53147888928652 15.257081598043442 1.5
    endloop
  endfacet
  facet normal -1 0 0
    outer loop
      vertex 43.01066115498543 12.46155022084713 0.9
      vertex 43.01066115498543 15.257081598043442 1.5
      vertex 43.01066115498543 15.257081598043442 0.9
    endloop
  endfacet
  facet normal -1 0 0
    outer loop
      vertex 43.01066115498543 12.46155022084713 0.9
      vertex 43.01066115498543 12.46155022084713 1.5
      vertex 43.01066115498543 15.257081598043442 1.5
    endloop
  endfacet
  facet normal 0 1 0
    outer loop
      vertex 40.14799715578556 12.46155022084713 0.9
      vertex 43.01066115498543 12.46155022084713 1.5
      vertex 43.01066115498543 12.46155022084713 0.9
    endloop
  endfacet
  facet normal 0 1 0
    outer loop
      vertex 40.14799715578556 12.46155022084713 0.9
      vertex 40.14799715578556 12.46155022084713 1.5
      vertex 43.01066115498543 12.46155022084713 1.5
    endloop
  endfacet
  facet normal 1 0 0
    outer loop
      vertex 40.14799715578556 15.257081598043442 0.9
      vertex 40.14799715578556 12.46155022084713 1.5
      vertex 40.14799715578556 12.46155022084713 0.9
    endloop
  endfacet
  facet normal 1 0 0
    outer loop
      vertex 40.14799715578556 15.257081598043442 0.9
      vertex 40.14799715578556 15.257081598043442 1.5
      vertex 40.14799715578556 12.46155022084713 1.5
    endloop
  endfacet
  facet normal 0 1 0
    outer loop
      vertex 38.63216307014227 15.257081598043442 0.9
      vertex 40.14799715578556 15.257081598043442 1.5
      vertex 40.14799715578556 15.257081598043442 0.9
    endloop
  endfacet
  facet normal 0 1 0
    outer loop
      vertex 38.63216307014227 15.257081598043442 0.9
      vertex 38.63216307014227 15.257081598043442 1.5
      vertex 40.14799715578556 15.257081598043442 1.5
    endloop
  endfacet
  facet normal -1 0 0
    outer loop
      vertex 38.63216307014227 7.9305379539728165 0.9
      vertex 38.63216307014227 15.257081598043442 1.5
      vertex 38.63216307014227 15.257081598043442 0.9
    endloop
  endfacet
  facet normal -1 0 0
    outer loop
      vertex 38.63216307014227 7.9305379539728165 0.9
      vertex 38.63216307014227 7.9305379539728165 1.5
      vertex 38.63216307014227 15.257081598043442 1.5
    endloop
  endfacet
  facet normal 0 -1 0
    outer loop
      vertex 40.14799715578556 7.9305379539728165 0.9
      vertex 38.63216307014227 7.9305379539728165 1.5
      vertex 38.63216307014227 7.9305379539728165 0.9
    endloop
  endfacet
  facet normal 0 -1 0
    outer loop
      vertex 40.14799715578556 7.9305379539728165 0.9
      vertex 40.14799715578556 7.9305379539728165 1.5
      vertex 38.63216307014227 7.9305379539728165 1.5
    endloop
  endfacet
  facet normal 1 0 0
    outer loop
      vertex 40.14799715578556 11.199808709323406 0.9
      vertex 40.14799715578556 7.9305379539728165 1.5
      vertex 40.14799715578556 7.9305379539728165 0.9
    endloop
  endfacet
  facet normal 1 0 0
    outer loop
      vertex 40.14799715578556 11.199808709323406 0.9
      vertex 40.14799715578556 11.199808709323406 1.5
      vertex 40.14799715578556 7.9305379539728165 1.5
    endloop
  endfacet
  facet normal 0 -1 0
    outer loop
      vertex 50.282091557979584 9.436184890568256 0.9
      vertex 47.583448089659214 9.436184890568256 1.5
      vertex 47.583448089659214 9.436184890568256 0.9
    endloop
  endfacet
  facet normal 0 -1 0
    outer loop
      vertex 50.282091557979584 9.436184890568256 0.9
      vertex 50.282091557979584 9.436184890568256 1.5
      vertex 47.583448089659214 9.436184890568256 1.5
    endloop
  endfacet
  facet normal -0.9541886166622465 -0.29920575501181174 0
    outer loop
      vertex 50.75421857833862 7.9305379539728165 0.9
      vertex 50.282091557979584 9.436184890568256 1.5
      vertex 50.282091557979584 9.436184890568256 0.9
    endloop
  endfacet
  facet normal -0.9541886166622465 -0.29920575501181174 0
    outer loop
      vertex 50.75421857833862 7.9305379539728165 0.9
      vertex 50.75421857833862 7.9305379539728165 1.5
      vertex 50.282091557979584 9.436184890568256 1.5
    endloop
  endfacet
  facet normal 0 -1 0
    outer loop
      vertex 52.41421191394329 7.9305379539728165 0.9
      vertex 50.75421857833862 7.9305379539728165 1.5
      vertex 50.75421857833862 7.9305379539728165 0.9
    endloop
  endfacet
  facet normal 0 -1 0
    outer loop
      vertex 52.41421191394329 7.9305379539728165 0.9
      vertex 52.41421191394329 7.9305379539728165 1.5
      vertex 50.75421857833862 7.9305379539728165 1.5
    endloop
  endfacet
  facet normal 0.9426460171585715 0.3337940777411755 1.9045766792869975e-16
    outer loop
      vertex 49.81985853612423 15.257081598043442 0.9
      vertex 52.41421191394329 7.9305379539728165 1.5
      vertex 52.41421191394329 7.9305379539728165 0.9
    endloop
  endfacet
  facet normal 0.9426460171585715 0.3337940777411755 0
    outer loop
      vertex 49.81985853612423 15.257081598043442 0.9
      vertex 49.81985853612423 15.257081598043442 1.5
      vertex 52.41421191394329 7.9305379539728165 1.5
    endloop
  endfacet
  facet normal 0 1 0
    outer loop
      vertex 48.09038733690977 15.257081598043442 0.9
      vertex 49.81985853612423 15.257081598043442 1.5
      vertex 49.81985853612423 15.257081598043442 0.9
    endloop
  endfacet
  facet normal 0 1 0
    outer loop
      vertex 48.09038733690977 15.257081598043442 0.9
      vertex 48.09038733690977 15.257081598043442 1.5
      vertex 49.81985853612423 15.257081598043442 1.5
    endloop
  endfacet
  facet normal -0.9418399222032853 0.3360618409520923 2.378684997865036e-16
    outer loop
      vertex 45.47617266327143 7.9305379539728165 0.9
      vertex 48.09038733690977 15.257081598043442 1.5
      vertex 48.09038733690977 15.257081598043442 0.9
    endloop
  endfacet
  facet normal -0.9418399222032853 0.3360618409520923 0
    outer loop
      vertex 45.47617266327143 7.9305379539728165 0.9
      vertex 45.47617266327143 7.9305379539728165 1.5
      vertex 48.09038733690977 15.257081598043442 1.5
    endloop
  endfacet
  facet normal 0 -1 0
    outer loop
      vertex 47.07650884240866 7.9305379539728165 0.9
      vertex 45.47617266327143 7.9305379539728165 1.5
      vertex 45.47617266327143 7.9305379539728165 0.9
    endloop
  endfacet
  facet normal 0 -1 0
    outer loop
      vertex 47.07650884240866 7.9305379539728165 0.9
      vertex 47.07650884240866 7.9305379539728165 1.5
      vertex 45.47617266327143 7.9305379539728165 1.5
    endloop
  endfacet
  facet normal 0.9477240517660639 -0.3190910868453006 0
    outer loop
      vertex 47.583448089659214 9.436184890568256 0.9
      vertex 47.07650884240866 7.9305379539728165 1.5
      vertex 47.07650884240866 7.9305379539728165 0.9
    endloop
  endfacet
  facet normal 0.9477240517660639 -0.3190910868453006 0
    outer loop
      vertex 47.583448089659214 9.436184890568256 0.9
      vertex 47.583448089659214 9.436184890568256 1.5
      vertex 47.07650884240866 7.9305379539728165 1.5
    endloop
  endfacet
  facet normal -0.9531873713590165 -0.30238028223032026 0
    outer loop
      vertex 49.85467075556517 10.69792640209198 0.9
      vertex 49.85467075556517 10.69792640209198 1.5
      vertex 48.940245285630226 13.58045168966055 0.9
    endloop
  endfacet
  facet normal -0.9531873713590165 -0.30238028223032026 0
    outer loop
      vertex 48.940245285630226 13.58045168966055 1.5
      vertex 48.940245285630226 13.58045168966055 0.9
      vertex 49.85467075556517 10.69792640209198 1.5
    endloop
  endfacet
  facet normal 0 1 0
    outer loop
      vertex 47.995917953550816 10.69792640209198 0.9
      vertex 47.995917953550816 10.69792640209198 1.5
      vertex 49.85467075556517 10.69792640209198 0.9
    endloop
  endfacet
  facet normal 0 1 0
    outer loop
      vertex 49.85467075556517 10.69792640209198 1.5
      vertex 49.85467075556517 10.69792640209198 0.9
      vertex 47.995917953550816 10.69792640209198 1.5
    endloop
  endfacet
  facet normal 0.950303974879891 -0.31132355408397766 0
    outer loop
      vertex 48.940245285630226 13.58045168966055 0.9
      vertex 48.940245285630226 13.58045168966055 1.5
      vertex 47.995917953550816 10.69792640209198 0.9
    endloop
  endfacet
  facet normal 0.950303974879891 -0.31132355408397766 0
    outer loop
      vertex 47.995917953550816 10.69792640209198 1.5
      vertex 47.995917953550816 10.69792640209198 0.9
      vertex 48.940245285630226 13.58045168966055 1.5
    endloop
  endfacet
  facet normal 0 -1 0
    outer loop
      vertex 57.71255884319544 11.199808709323406 0.9
      vertex 54.84989484399557 11.199808709323406 1.5
      vertex 54.84989484399557 11.199808709323406 0.9
    endloop
  endfacet
  facet normal 0 -1 0
    outer loop
      vertex 57.71255884319544 11.199808709323406 0.9
      vertex 57.71255884319544 11.199808709323406 1.5
      vertex 54.84989484399557 11.199808709323406 1.5
    endloop
  endfacet
  facet normal -1 0 0
    outer loop
      vertex 57.71255884319544 7.9305379539728165 0.9
      vertex 57.71255884319544 11.199808709323406 1.5
      vertex 57.71255884319544 11.199808709323406 0.9
    endloop
  endfacet
  facet normal -1 0 0
    outer loop
      vertex 57.71255884319544 7.9305379539728165 0.9
      vertex 57.71255884319544 7.9305379539728165 1.5
      vertex 57.71255884319544 11.199808709323406 1.5
    endloop
  endfacet
  facet normal 0 -1 0
    outer loop
      vertex 59.23337657749653 7.9305379539728165 0.9
      vertex 57.71255884319544 7.9305379539728165 1.5
      vertex 57.71255884319544 7.9305379539728165 0.9
    endloop
  endfacet
  facet normal 0 -1 0
    outer loop
      vertex 59.23337657749653 7.9305379539728165 0.9
      vertex 59.23337657749653 7.9305379539728165 1.5
      vertex 57.71255884319544 7.9305379539728165 1.5
    endloop
  endfacet
  facet normal 1 0 0
    outer loop
      vertex 59.23337657749653 15.257081598043442 0.9
      vertex 59.23337657749653 7.9305379539728165 1.5
      vertex 59.23337657749653 7.9305379539728165 0.9
    endloop
  endfacet
  facet normal 1 0 0
    outer loop
      vertex 59.23337657749653 15.257081598043442 0.9
      vertex 59.23337657749653 15.257081598043442 1.5
      vertex 59.23337657749653 7.9305379539728165 1.5
    endloop
  endfacet
  facet normal 0 1 0
    outer loop
      vertex 57.71255884319544 15.257081598043442 0.9
      vertex 59.23337657749653 15.257081598043442 1.5
      vertex 59.23337657749653 15.257081598043442 0.9
    endloop
  endfacet
  facet normal 0 1 0
    outer loop
      vertex 57.71255884319544 15.257081598043442 0.9
      vertex 57.71255884319544 15.257081598043442 1.5
      vertex 59.23337657749653 15.257081598043442 1.5
    endloop
  endfacet
  facet normal -1 0 0
    outer loop
      vertex 57.71255884319544 12.46155022084713 0.9
      vertex 57.71255884319544 15.257081598043442 1.5
      vertex 57.71255884319544 15.257081598043442 0.9
    endloop
  endfacet
  facet normal -1 0 0
    outer loop
      vertex 57.71255884319544 12.46155022084713 0.9
      vertex 57.71255884319544 12.46155022084713 1.5
      vertex 57.71255884319544 15.257081598043442 1.5
    endloop
  endfacet
  facet normal 0 1 0
    outer loop
      vertex 54.84989484399557 12.46155022084713 0.9
      vertex 57.71255884319544 12.46155022084713 1.5
      vertex 57.71255884319544 12.46155022084713 0.9
    endloop
  endfacet
  facet normal 0 1 0
    outer loop
      vertex 54.84989484399557 12.46155022084713 0.9
      vertex 54.84989484399557 12.46155022084713 1.5
      vertex 57.71255884319544 12.46155022084713 1.5
    endloop
  endfacet
  facet normal 1 0 0
    outer loop
      vertex 54.84989484399557 15.257081598043442 0.9
      vertex 54.84989484399557 12.46155022084713 1.5
      vertex 54.84989484399557 12.46155022084713 0.9
    endloop
  endfacet
  facet normal 1 0 0
    outer loop
      vertex 54.84989484399557 15.257081598043442 0.9
      vertex 54.84989484399557 15.257081598043442 1.5
      vertex 54.84989484399557 12.46155022084713 1.5
    endloop
  endfacet
  facet normal 0 1 0
    outer loop
      vertex 53.33406075835228 15.257081598043442 0.9
      vertex 54.84989484399557 15.257081598043442 1.5
      vertex 54.84989484399557 15.257081598043442 0.9
    endloop
  endfacet
  facet normal 0 1 0
    outer loop
      vertex 53.33406075835228 15.257081598043442 0.9
      vertex 53.33406075835228 15.257081598043442 1.5
      vertex 54.84989484399557 15.257081598043442 1.5
    endloop
  endfacet
  facet normal -1 0 0
    outer loop
      vertex 53.33406075835228 7.9305379539728165 0.9
      vertex 53.33406075835228 15.257081598043442 1.5
      vertex 53.33406075835228 15.257081598043442 0.9
    endloop
  endfacet
  facet normal -1 0 0
    outer loop
      vertex 53.33406075835228 7.9305379539728165 0.9
      vertex 53.33406075835228 7.9305379539728165 1.5
      vertex 53.33406075835228 15.257081598043442 1.5
    endloop
  endfacet
  facet normal 0 -1 0
    outer loop
      vertex 54.84989484399557 7.9305379539728165 0.9
      vertex 53.33406075835228 7.9305379539728165 1.5
      vertex 53.33406075835228 7.9305379539728165 0.9
    endloop
  endfacet
  facet normal 0 -1 0
    outer loop
      vertex 54.84989484399557 7.9305379539728165 0.9
      vertex 54.84989484399557 7.9305379539728165 1.5
      vertex 53.33406075835228 7.9305379539728165 1.5
    endloop
  endfacet
  facet normal 1 0 0
    outer loop
      vertex 54.84989484399557 11.199808709323406 0.9
      vertex 54.84989484399557 7.9305379539728165 1.5
      vertex 54.84989484399557 7.9305379539728165 0.9
    endloop
  endfacet
  facet normal 1 0 0
    outer loop
      vertex 54.84989484399557 11.199808709323406 0.9
      vertex 54.84989484399557 11.199808709323406 1.5
      vertex 54.84989484399557 7.9305379539728165 1.5
    endloop
  endfacet
  facet normal -0.8669411219661478 -0.49841056473962997 0
    outer loop
      vertex 65.08835262060165 7.9305379539728165 0.9
      vertex 62.096480309963226 13.134635381400585 1.5
      vertex 62.096480309963226 13.134635381400585 0.9
    endloop
  endfacet
  facet normal -0.8669411219661478 -0.49841056473962997 0
    outer loop
      vertex 65.08835262060165 7.9305379539728165 0.9
      vertex 65.08835262060165 7.9305379539728165 1.5
      vertex 62.096480309963226 13.134635381400585 1.5
    endloop
  endfacet
  facet normal 0 -1 0
    outer loop
      vertex 66.61906435340643 7.9305379539728165 0.9
      vertex 65.08835262060165 7.9305379539728165 1.5
      vertex 65.08835262060165 7.9305379539728165 0.9
    endloop
  endfacet
  facet normal 0 -1 0
    outer loop
      vertex 66.61906435340643 7.9305379539728165 0.9
      vertex 66.61906435340643 7.9305379539728165 1.5
      vertex 65.08835262060165 7.9305379539728165 1.5
    endloop
  endfacet
  facet normal 1 0 0
    outer loop
      vertex 66.61906435340643 15.257081598043442 0.9
      vertex 66.61906435340643 7.9305379539728165 1.5
      vertex 66.61906435340643 7.9305379539728165 0.9
    endloop
  endfacet
  facet normal 1 0 0
    outer loop
      vertex 66.61906435340643 15.257081598043442 0.9
      vertex 66.61906435340643 15.257081598043442 1.5
      vertex 66.61906435340643 7.9305379539728165 1.5
    endloop
  endfacet
  facet normal 0 1 0
    outer loop
      vertex 65.1927160024643 15.257081598043442 0.9
      vertex 66.61906435340643 15.257081598043442 1.5
      vertex 66.61906435340643 15.257081598043442 0.9
    endloop
  endfacet
  facet normal 0 1 0
    outer loop
      vertex 65.1927160024643 15.257081598043442 0.9
      vertex 65.1927160024643 15.257081598043442 1.5
      vertex 66.61906435340643 15.257081598043442 1.5
    endloop
  endfacet
  facet normal -1 0 0
    outer loop
      vertex 65.1927160024643 10.142396621406078 0.9
      vertex 65.1927160024643 15.257081598043442 1.5
      vertex 65.1927160024643 15.257081598043442 0.9
    endloop
  endfacet
  facet normal -1 0 0
    outer loop
      vertex 65.1927160024643 10.142396621406078 0.9
      vertex 65.1927160024643 10.142396621406078 1.5
      vertex 65.1927160024643 15.257081598043442 1.5
    endloop
  endfacet
  facet normal 0.8686335090453635 0.4954551714974203 2.356882501337194e-16
    outer loop
      vertex 62.27537848800421 15.257081598043442 0.9
      vertex 65.1927160024643 10.142396621406078 1.5
      vertex 65.1927160024643 10.142396621406078 0.9
    endloop
  endfacet
  facet normal 0.8686335090453635 0.4954551714974203 0
    outer loop
      vertex 62.27537848800421 15.257081598043442 0.9
      vertex 62.27537848800421 15.257081598043442 1.5
      vertex 65.1927160024643 10.142396621406078 1.5
    endloop
  endfacet
  facet normal 0 1 0
    outer loop
      vertex 60.67013195902109 15.257081598043442 0.9
      vertex 62.27537848800421 15.257081598043442 1.5
      vertex 62.27537848800421 15.257081598043442 0.9
    endloop
  endfacet
  facet normal 0 1 0
    outer loop
      vertex 60.67013195902109 15.257081598043442 0.9
      vertex 60.67013195902109 15.257081598043442 1.5
      vertex 62.27537848800421 15.257081598043442 1.5
    endloop
  endfacet
  facet normal -1 0 0
    outer loop
      vertex 60.67013195902109 7.9305379539728165 0.9
      vertex 60.67013195902109 15.257081598043442 1.5
      vertex 60.67013195902109 15.257081598043442 0.9
    endloop
  endfacet
  facet normal -1 0 0
    outer loop
      vertex 60.67013195902109 7.9305379539728165 0.9
      vertex 60.67013195902109 7.9305379539728165 1.5
      vertex 60.67013195902109 15.257081598043442 1.5
    endloop
  endfacet
  facet normal 0 -1 0
    outer loop
      vertex 62.096480309963226 7.9305379539728165 0.9
      vertex 60.67013195902109 7.9305379539728165 1.5
      vertex 60.67013195902109 7.9305379539728165 0.9
    endloop
  endfacet
  facet normal 0 -1 0
    outer loop
      vertex 62.096480309963226 7.9305379539728165 0.9
      vertex 62.096480309963226 7.9305379539728165 1.5
      vertex 60.67013195902109 7.9305379539728165 1.5
    endloop
  endfacet
  facet normal 1 0 0
    outer loop
      vertex 62.096480309963226 13.134635381400585 0.9
      vertex 62.096480309963226 7.9305379539728165 1.5
      vertex 62.096480309963226 7.9305379539728165 0.9
    endloop
  endfacet
  facet normal 1 0 0
    outer loop
      vertex 62.096480309963226 13.134635381400585 0.9
      vertex 62.096480309963226 13.134635381400585 1.5
      vertex 62.096480309963226 7.9305379539728165 1.5
    endloop
  endfacet
  facet normal 0 0 1
    outer loop
      vertex 36.97834810614586 50.321146346628666 1.5
      vertex 36.97834810614586 56.42967854440212 1.5
      vertex 35.420477628707886 56.264321498572826 1.5
    endloop
  endfacet
  facet normal 0 0 1
    outer loop
      vertex 34.987894386053085 50.10987363010645 1.5
      vertex 36.97834810614586 50.321146346628666 1.5
      vertex 35.420477628707886 56.264321498572826 1.5
    endloop
  endfacet
  facet normal 0 0 1
    outer loop
      vertex 54.37252210825682 49.58762313425541 1.5
      vertex 57.00592760741711 51.135617300868034 1.5
      vertex 53.4764936119318 53.21032367646694 1.5
    endloop
  endfacet
  facet normal 0 0 1
    outer loop
      vertex 50.20410815626383 21.000191777944565 1.5
      vertex 50.20410815626383 24.054457880556583 1.5
      vertex 48.22024415433407 24.054457880556583 1.5
    endloop
  endfacet
  facet normal 0 0 1
    outer loop
      vertex 48.22024415433407 24.054457880556583 1.5
      vertex 48.22024415433407 30.839036360383034 1.5
      vertex 44.630394987761974 28.568527691066265 1.5
    endloop
  endfacet
  facet normal 0 0 1
    outer loop
      vertex 48.22024415433407 24.054457880556583 1.5
      vertex 44.630394987761974 28.568527691066265 1.5
      vertex 44.630394987761974 24.054457880556583 1.5
    endloop
  endfacet
  facet normal 0 0 1
    outer loop
      vertex 36.97834810614586 24.054457880556583 1.5
      vertex 36.97834810614586 28.330430425703526 1.5
      vertex 34.987894386053085 28.54170313477516 1.5
    endloop
  endfacet
  facet normal 0 0 1
    outer loop
      vertex 33.0739326775074 49.48417456448078 1.5
      vertex 34.987894386053085 50.10987363010645 1.5
      vertex 35.420477628707886 56.264321498572826 1.5
    endloop
  endfacet
  facet normal 0 0 1
    outer loop
      vertex 33.0739326775074 49.48417456448078 1.5
      vertex 35.420477628707886 56.264321498572826 1.5
      vertex 35.170449659228325 56.48545514047146 1.5
    endloop
  endfacet
  facet normal 0 0 1
    outer loop
      vertex 33.0739326775074 49.48417456448078 1.5
      vertex 35.170449659228325 56.48545514047146 1.5
      vertex 34.680472664535046 56.767699621617794 1.5
    endloop
  endfacet
  facet normal 0 0 1
    outer loop
      vertex 33.0739326775074 49.48417456448078 1.5
      vertex 34.680472664535046 56.767699621617794 1.5
      vertex 34.148816645145416 56.941504910588264 1.5
    endloop
  endfacet
  facet normal 0 0 1
    outer loop
      vertex 33.0739326775074 49.48417456448078 1.5
      vertex 34.148816645145416 56.941504910588264 1.5
      vertex 33.59591282904148 57.000191777944565 1.5
    endloop
  endfacet
  facet normal 0 0 1
    outer loop
      vertex 33.0739326775074 49.48417456448078 1.5
      vertex 33.59591282904148 57.000191777944565 1.5
      vertex 33.043009012937546 56.941504910588264 1.5
    endloop
  endfacet
  facet normal 0 0 1
    outer loop
      vertex 33.0739326775074 49.48417456448078 1.5
      vertex 33.043009012937546 56.941504910588264 1.5
      vertex 32.511352993547916 56.767699621617794 1.5
    endloop
  endfacet
  facet normal 0 0 1
    outer loop
      vertex 33.0739326775074 49.48417456448078 1.5
      vertex 32.511352993547916 56.767699621617794 1.5
      vertex 32.021375983953476 56.48545514047146 1.5
    endloop
  endfacet
  facet normal 0 0 1
    outer loop
      vertex 33.0739326775074 49.48417456448078 1.5
      vertex 32.021375983953476 56.48545514047146 1.5
      vertex 31.591907545924187 56.105617962777615 1.5
    endloop
  endfacet
  facet normal 0 0 1
    outer loop
      vertex 33.0739326775074 49.48417456448078 1.5
      vertex 31.591907545924187 56.105617962777615 1.5
      vertex 31.23945190757513 55.642785012722015 1.5
    endloop
  endfacet
  facet normal 0 0 1
    outer loop
      vertex 33.0739326775074 49.48417456448078 1.5
      vertex 31.23945190757513 55.642785012722015 1.5
      vertex 30.999314039945602 55.15861603617668 1.5
    endloop
  endfacet
  facet normal 0 0 1
    outer loop
      vertex 33.0739326775074 49.48417456448078 1.5
      vertex 30.999314039945602 55.15861603617668 1.5
      vertex 30.90481300652027 55.127722427248955 1.5
    endloop
  endfacet
  facet normal 0 0 1
    outer loop
      vertex 33.0739326775074 49.48417456448078 1.5
      vertex 30.90481300652027 55.127722427248955 1.5
      vertex 28.160941801965237 53.54715330898762 1.5
    endloop
  endfacet
  facet normal 0 0 1
    outer loop
      vertex 31.310015477240086 48.468094401061535 1.5
      vertex 33.0739326775074 49.48417456448078 1.5
      vertex 28.160941801965237 53.54715330898762 1.5
    endloop
  endfacet
  facet normal 0 0 1
    outer loop
      vertex 31.310015477240086 48.468094401061535 1.5
      vertex 28.160941801965237 53.54715330898762 1.5
      vertex 28.133970864117146 53.52329923957586 1.5
    endloop
  endfacet
  facet normal 0 0 1
    outer loop
      vertex 29.76392912119627 47.100680552423 1.5
      vertex 31.310015477240086 48.468094401061535 1.5
      vertex 28.133970864117146 53.52329923957586 1.5
    endloop
  endfacet
  facet normal 0 0 1
    outer loop
      vertex 29.76392912119627 47.100680552423 1.5
      vertex 28.133970864117146 53.52329923957586 1.5
      vertex 27.622886650264263 53.57754725217819 1.5
    endloop
  endfacet
  facet normal 0 0 1
    outer loop
      vertex 29.76392912119627 47.100680552423 1.5
      vertex 27.622886650264263 53.57754725217819 1.5
      vertex 27.069982834160328 53.51886038482189 1.5
    endloop
  endfacet
  facet normal 0 0 1
    outer loop
      vertex 29.76392912119627 47.100680552423 1.5
      vertex 27.069982834160328 53.51886038482189 1.5
      vertex 26.5383268147707 53.34505508840084 1.5
    endloop
  endfacet
  facet normal 0 0 1
    outer loop
      vertex 29.76392912119627 47.100680552423 1.5
      vertex 26.5383268147707 53.34505508840084 1.5
      vertex 26.048349805176258 53.062810607254505 1.5
    endloop
  endfacet
  facet normal 0 0 1
    outer loop
      vertex 29.76392912119627 47.100680552423 1.5
      vertex 26.048349805176258 53.062810607254505 1.5
      vertex 25.61888138204813 52.68297342956066 1.5
    endloop
  endfacet
  facet normal 0 0 1
    outer loop
      vertex 29.76392912119627 47.100680552423 1.5
      vertex 25.61888138204813 52.68297342956066 1.5
      vertex 25.266425743699074 52.22014048695564 1.5
    endloop
  endfacet
  facet normal 0 0 1
    outer loop
      vertex 29.76392912119627 47.100680552423 1.5
      vertex 25.266425743699074 52.22014048695564 1.5
      vertex 25.00452756881714 51.69209819287062 1.5
    endloop
  endfacet
  facet normal 0 0 1
    outer loop
      vertex 29.76392912119627 47.100680552423 1.5
      vertex 25.00452756881714 51.69209819287062 1.5
      vertex 24.84325148165226 51.11913891136646 1.5
    endloop
  endfacet
  facet normal 0 0 1
    outer loop
      vertex 29.76392912119627 47.100680552423 1.5
      vertex 24.84325148165226 51.11913891136646 1.5
      vertex 24.788795210421085 50.523281149566174 1.5
    endloop
  endfacet
  facet normal 0 0 1
    outer loop
      vertex 29.76392912119627 47.100680552423 1.5
      vertex 24.788795210421085 50.523281149566174 1.5
      vertex 24.819248631596565 50.19006146490574 1.5
    endloop
  endfacet
  facet normal 0 0 1
    outer loop
      vertex 28.49508883804083 45.43448197096586 1.5
      vertex 29.76392912119627 47.100680552423 1.5
      vertex 24.819248631596565 50.19006146490574 1.5
    endloop
  endfacet
  facet normal 0 0 1
    outer loop
      vertex 28.49508883804083 45.43448197096586 1.5
      vertex 24.819248631596565 50.19006146490574 1.5
      vertex 23.78216701745987 48.82820062339306 1.5
    endloop
  endfacet
  facet normal 0 0 1
    outer loop
      vertex 28.49508883804083 45.43448197096586 1.5
      vertex 23.78216701745987 48.82820062339306 1.5
      vertex 23.07682553678751 47.406082451343536 1.5
    endloop
  endfacet
  facet normal 0 0 1
    outer loop
      vertex 27.55225543677807 43.533529713749886 1.5
      vertex 28.49508883804083 45.43448197096586 1.5
      vertex 23.07682553678751 47.406082451343536 1.5
    endloop
  endfacet
  facet normal 0 0 1
    outer loop
      vertex 26.971661508083344 41.470876313745975 1.5
      vertex 27.55225543677807 43.533529713749886 1.5
      vertex 23.07682553678751 47.406082451343536 1.5
    endloop
  endfacet
  facet normal 0 0 1
    outer loop
      vertex 26.971661508083344 41.470876313745975 1.5
      vertex 23.07682553678751 47.406082451343536 1.5
      vertex 22.75545919686556 47.301023595035076 1.5
    endloop
  endfacet
  facet normal 0 0 1
    outer loop
      vertex 26.971661508083344 41.470876313745975 1.5
      vertex 22.75545919686556 47.301023595035076 1.5
      vertex 22.26548220217228 47.01877911388874 1.5
    endloop
  endfacet
  facet normal 0 0 1
    outer loop
      vertex 26.971661508083344 41.470876313745975 1.5
      vertex 22.26548220217228 47.01877911388874 1.5
      vertex 21.83601376414299 46.6389419361949 1.5
    endloop
  endfacet
  facet normal 0 0 1
    outer loop
      vertex 26.971661508083344 41.470876313745975 1.5
      vertex 21.83601376414299 46.6389419361949 1.5
      vertex 21.483558125793934 46.1761089861393 1.5
    endloop
  endfacet
  facet normal 0 0 1
    outer loop
      vertex 26.971661508083344 41.470876313745975 1.5
      vertex 21.483558125793934 46.1761089861393 1.5
      vertex 21.22165996581316 45.64806669950485 1.5
    endloop
  endfacet
  facet normal 0 0 1
    outer loop
      vertex 26.971661508083344 41.470876313745975 1.5
      vertex 21.22165996581316 45.64806669950485 1.5
      vertex 21.06038387864828 45.0751074180007 1.5
    endloop
  endfacet
  facet normal 0 0 1
    outer loop
      vertex 26.971661508083344 41.470876313745975 1.5
      vertex 21.06038387864828 45.0751074180007 1.5
      vertex 21.005927607417107 44.47924967110157 1.5
    endloop
  endfacet
  facet normal 0 0 1
    outer loop
      vertex 26.971661508083344 41.470876313745975 1.5
      vertex 21.005927607417107 44.47924967110157 1.5
      vertex 21.06038387864828 43.88339190930128 1.5
    endloop
  endfacet
  facet normal 0 0 1
    outer loop
      vertex 26.971661508083344 41.470876313745975 1.5
      vertex 21.06038387864828 43.88339190930128 1.5
      vertex 21.22165996581316 43.310432620346546 1.5
    endloop
  endfacet
  facet normal 0 0 1
    outer loop
      vertex 26.971661508083344 41.470876313745975 1.5
      vertex 21.22165996581316 43.310432620346546 1.5
      vertex 21.45966935902834 42.83055516332388 1.5
    endloop
  endfacet
  facet normal 0 0 1
    outer loop
      vertex 26.971661508083344 41.470876313745975 1.5
      vertex 21.45966935902834 42.83055516332388 1.5
      vertex 21.412391170859337 42.66259182244539 1.5
    endloop
  endfacet
  facet normal 0 0 1
    outer loop
      vertex 26.971661508083344 41.470876313745975 1.5
      vertex 21.412391170859337 42.66259182244539 1.5
      vertex 21.107436053454876 39.325788386166096 1.5
    endloop
  endfacet
  facet normal 0 0 1
    outer loop
      vertex 26.77561893314123 39.325788386166096 1.5
      vertex 26.971661508083344 41.470876313745975 1.5
      vertex 21.107436053454876 39.325788386166096 1.5
    endloop
  endfacet
  facet normal 0 0 1
    outer loop
      vertex 26.971661508083344 37.180700458586216 1.5
      vertex 26.77561893314123 39.325788386166096 1.5
      vertex 21.107436053454876 39.325788386166096 1.5
    endloop
  endfacet
  facet normal 0 0 1
    outer loop
      vertex 26.971661508083344 37.180700458586216 1.5
      vertex 21.107436053454876 39.325788386166096 1.5
      vertex 21.412391170859337 35.98898494243622 1.5
    endloop
  endfacet
  facet normal 0 0 1
    outer loop
      vertex 27.55225543677807 35.118047051131725 1.5
      vertex 26.971661508083344 37.180700458586216 1.5
      vertex 21.412391170859337 35.98898494243622 1.5
    endloop
  endfacet
  facet normal 0 0 1
    outer loop
      vertex 27.55225543677807 35.118047051131725 1.5
      vertex 21.412391170859337 35.98898494243622 1.5
      vertex 22.31553729623556 32.78041298687458 1.5
    endloop
  endfacet
  facet normal 0 0 1
    outer loop
      vertex 28.49508883804083 33.21709479391575 1.5
      vertex 27.55225543677807 35.118047051131725 1.5
      vertex 22.31553729623556 32.78041298687458 1.5
    endloop
  endfacet
  facet normal 0 0 1
    outer loop
      vertex 28.49508883804083 33.21709479391575 1.5
      vertex 22.31553729623556 32.78041298687458 1.5
      vertex 23.78216701745987 29.823376141488552 1.5
    endloop
  endfacet
  facet normal 0 0 1
    outer loop
      vertex 29.76392912119627 31.55089621245861 1.5
      vertex 28.49508883804083 33.21709479391575 1.5
      vertex 23.78216701745987 29.823376141488552 1.5
    endloop
  endfacet
  facet normal 0 0 1
    outer loop
      vertex 29.76392912119627 31.55089621245861 1.5
      vertex 23.78216701745987 29.823376141488552 1.5
      vertex 25.755918569862843 27.231511667370796 1.5
    endloop
  endfacet
  facet normal 0 0 1
    outer loop
      vertex 31.310015477240086 30.183482363820076 1.5
      vertex 29.76392912119627 31.55089621245861 1.5
      vertex 25.755918569862843 27.231511667370796 1.5
    endloop
  endfacet
  facet normal 0 0 1
    outer loop
      vertex 31.310015477240086 30.183482363820076 1.5
      vertex 25.755918569862843 27.231511667370796 1.5
      vertex 28.160941801965237 25.104423463344574 1.5
    endloop
  endfacet
  facet normal 0 0 1
    outer loop
      vertex 33.0739326775074 29.16740220785141 1.5
      vertex 31.310015477240086 30.183482363820076 1.5
      vertex 28.160941801965237 25.104423463344574 1.5
    endloop
  endfacet
  facet normal 0 0 1
    outer loop
      vertex 33.0739326775074 29.16740220785141 1.5
      vertex 28.160941801965237 25.104423463344574 1.5
      vertex 30.90481300652027 23.523854337632656 1.5
    endloop
  endfacet
  facet normal 0 0 1
    outer loop
      vertex 34.987894386053085 28.54170313477516 1.5
      vertex 33.0739326775074 29.16740220785141 1.5
      vertex 30.90481300652027 23.523854337632656 1.5
    endloop
  endfacet
  facet normal 0 0 1
    outer loop
      vertex 34.987894386053085 28.54170313477516 1.5
      vertex 30.90481300652027 23.523854337632656 1.5
      vertex 33.882086768746376 22.550544671714306 1.5
    endloop
  endfacet
  facet normal 0 0 1
    outer loop
      vertex 36.97834810614586 24.054457880556583 1.5
      vertex 34.987894386053085 28.54170313477516 1.5
      vertex 33.882086768746376 22.550544671714306 1.5
    endloop
  endfacet
  facet normal 0 0 1
    outer loop
      vertex 36.97834810614586 24.054457880556583 1.5
      vertex 33.882086768746376 22.550544671714306 1.5
      vertex 36.97834810614586 22.22189822047949 1.5
    endloop
  endfacet
  facet normal 0 0 1
    outer loop
      vertex 38.96221210807562 24.054457880556583 1.5
      vertex 36.97834810614586 24.054457880556583 1.5
      vertex 36.97834810614586 22.22189822047949 1.5
    endloop
  endfacet
  facet normal 0 0 1
    outer loop
      vertex 50.20410815626383 21.000191777944565 1.5
      vertex 48.22024415433407 24.054457880556583 1.5
      vertex 44.630394987761974 24.054457880556583 1.5
    endloop
  endfacet
  facet normal 0 0 1
    outer loop
      vertex 38.96221210807562 24.054457880556583 1.5
      vertex 36.97834810614586 22.22189822047949 1.5
      vertex 36.97834810614586 21.000191777944565 1.5
    endloop
  endfacet
  facet normal 0 0 1
    outer loop
      vertex 36.97834810614586 21.000191777944565 1.5
      vertex 50.20410815626383 21.000191777944565 1.5
      vertex 44.630394987761974 24.054457880556583 1.5
    endloop
  endfacet
  facet normal 0 0 1
    outer loop
      vertex 36.97834810614586 21.000191777944565 1.5
      vertex 44.630394987761974 24.054457880556583 1.5
      vertex 42.55206127464771 24.054457880556583 1.5
    endloop
  endfacet
  facet normal 0 0 1
    outer loop
      vertex 38.96221210807562 24.054457880556583 1.5
      vertex 36.97834810614586 21.000191777944565 1.5
      vertex 42.55206127464771 24.054457880556583 1.5
    endloop
  endfacet
  facet normal 0 0 1
    outer loop
      vertex 38.96221210807562 24.054457880556583 1.5
      vertex 42.55206127464771 24.054457880556583 1.5
      vertex 42.55206127464771 28.26001337170601 1.5
    endloop
  endfacet
  facet normal 0 0 1
    outer loop
      vertex 38.96221210807562 29.317842975258827 1.5
      vertex 38.96221210807562 24.054457880556583 1.5
      vertex 42.55206127464771 28.26001337170601 1.5
    endloop
  endfacet
  facet normal 0 0 1
    outer loop
      vertex 38.02788958698511 29.90986692160368 1.5
      vertex 38.96221210807562 29.317842975258827 1.5
      vertex 42.55206127464771 28.26001337170601 1.5
    endloop
  endfacet
  facet normal 0 0 1
    outer loop
      vertex 36.768115505576134 31.135474890470505 1.5
      vertex 38.02788958698511 29.90986692160368 1.5
      vertex 42.55206127464771 28.26001337170601 1.5
    endloop
  endfacet
  facet normal 0 0 1
    outer loop
      vertex 35.73424565047026 32.62888250499964 1.5
      vertex 36.768115505576134 31.135474890470505 1.5
      vertex 42.55206127464771 28.26001337170601 1.5
    endloop
  endfacet
  facet normal 0 0 1
    outer loop
      vertex 34.96601103246212 34.33269897848368 1.5
      vertex 35.73424565047026 32.62888250499964 1.5
      vertex 42.55206127464771 28.26001337170601 1.5
    endloop
  endfacet
  facet normal 0 0 1
    outer loop
      vertex 34.49293449521065 36.181447580456734 1.5
      vertex 34.96601103246212 34.33269897848368 1.5
      vertex 42.55206127464771 28.26001337170601 1.5
    endloop
  endfacet
  facet normal 0 0 1
    outer loop
      vertex 34.333196103572845 38.10408194363117 1.5
      vertex 34.49293449521065 36.181447580456734 1.5
      vertex 42.55206127464771 28.26001337170601 1.5
    endloop
  endfacet
  facet normal 0 0 1
    outer loop
      vertex 34.49293449521065 40.02671629935503 1.5
      vertex 34.333196103572845 38.10408194363117 1.5
      vertex 42.55206127464771 28.26001337170601 1.5
    endloop
  endfacet
  facet normal 0 0 1
    outer loop
      vertex 34.49293449521065 40.02671629935503 1.5
      vertex 42.55206127464771 28.26001337170601 1.5
      vertex 42.646530985832214 28.248983331024647 1.5
    endloop
  endfacet
  facet normal 0 0 1
    outer loop
      vertex 34.49293449521065 40.02671629935503 1.5
      vertex 42.646530985832214 28.248983331024647 1.5
      vertex 44.2683821618557 28.438346289098263 1.5
    endloop
  endfacet
  facet normal 0 0 1
    outer loop
      vertex 34.49293449521065 40.02671629935503 1.5
      vertex 44.2683821618557 28.438346289098263 1.5
      vertex 44.630394987761974 28.568527691066265 1.5
    endloop
  endfacet
  facet normal 0 0 1
    outer loop
      vertex 34.49293449521065 40.02671629935503 1.5
      vertex 44.630394987761974 28.568527691066265 1.5
      vertex 48.22024415433407 30.839036360383034 1.5
    endloop
  endfacet
  facet normal 0 0 1
    outer loop
      vertex 34.49293449521065 40.02671629935503 1.5
      vertex 48.22024415433407 30.839036360383034 1.5
      vertex 48.524946458637714 31.135474890470505 1.5
    endloop
  endfacet
  facet normal 0 0 1
    outer loop
      vertex 34.49293449521065 40.02671629935503 1.5
      vertex 48.524946458637714 31.135474890470505 1.5
      vertex 49.55881632119417 32.62888250499964 1.5
    endloop
  endfacet
  facet normal 0 0 1
    outer loop
      vertex 34.49293449521065 40.02671629935503 1.5
      vertex 49.55881632119417 32.62888250499964 1.5
      vertex 50.32705093175173 34.33269897848368 1.5
    endloop
  endfacet
  facet normal 0 0 1
    outer loop
      vertex 34.49293449521065 40.02671629935503 1.5
      vertex 50.32705093175173 34.33269897848368 1.5
      vertex 50.80012747645378 36.181447580456734 1.5
    endloop
  endfacet
  facet normal 0 0 1
    outer loop
      vertex 34.49293449521065 40.02671629935503 1.5
      vertex 50.80012747645378 36.181447580456734 1.5
      vertex 50.95986586809158 38.10408194363117 1.5
    endloop
  endfacet
  facet normal 0 0 1
    outer loop
      vertex 34.49293449521065 40.02671629935503 1.5
      vertex 50.95986586809158 38.10408194363117 1.5
      vertex 50.80012747645378 40.02671629935503 1.5
    endloop
  endfacet
  facet normal 0 0 1
    outer loop
      vertex 34.49293449521065 40.02671629935503 1.5
      vertex 50.80012747645378 40.02671629935503 1.5
      vertex 50.433713652193546 41.45863477140665 1.5
    endloop
  endfacet
  facet normal 0 0 1
    outer loop
      vertex 34.96601103246212 41.87546490877867 1.5
      vertex 34.49293449521065 40.02671629935503 1.5
      vertex 50.433713652193546 41.45863477140665 1.5
    endloop
  endfacet
  facet normal 0 0 1
    outer loop
      vertex 35.73424565047026 43.579281374812126 1.5
      vertex 34.96601103246212 41.87546490877867 1.5
      vertex 50.433713652193546 41.45863477140665 1.5
    endloop
  endfacet
  facet normal 0 0 1
    outer loop
      vertex 36.768115505576134 45.072689011693 1.5
      vertex 35.73424565047026 43.579281374812126 1.5
      vertex 50.433713652193546 41.45863477140665 1.5
    endloop
  endfacet
  facet normal 0 0 1
    outer loop
      vertex 38.02788958698511 46.298296980559826 1.5
      vertex 36.768115505576134 45.072689011693 1.5
      vertex 50.433713652193546 41.45863477140665 1.5
    endloop
  endfacet
  facet normal 0 0 1
    outer loop
      vertex 39.46515545248985 47.2090058401227 1.5
      vertex 38.02788958698511 46.298296980559826 1.5
      vertex 50.433713652193546 41.45863477140665 1.5
    endloop
  endfacet
  facet normal 0 0 1
    outer loop
      vertex 41.02467980235815 47.76981761306524 1.5
      vertex 39.46515545248985 47.2090058401227 1.5
      vertex 50.433713652193546 41.45863477140665 1.5
    endloop
  endfacet
  facet normal 0 0 1
    outer loop
      vertex 42.646530985832214 47.95918056368828 1.5
      vertex 41.02467980235815 47.76981761306524 1.5
      vertex 50.433713652193546 41.45863477140665 1.5
    endloop
  endfacet
  facet normal 0 0 1
    outer loop
      vertex 43.767221964895725 47.82833171635866 1.5
      vertex 42.646530985832214 47.95918056368828 1.5
      vertex 50.433713652193546 41.45863477140665 1.5
    endloop
  endfacet
  facet normal 0 0 1
    outer loop
      vertex 44.19702823460102 48.53794591873884 1.5
      vertex 43.767221964895725 47.82833171635866 1.5
      vertex 50.433713652193546 41.45863477140665 1.5
    endloop
  endfacet
  facet normal 0 0 1
    outer loop
      vertex 44.19702823460102 48.53794591873884 1.5
      vertex 50.433713652193546 41.45863477140665 1.5
      vertex 50.66958098858595 41.48367043584585 1.5
    endloop
  endfacet
  facet normal 0 0 1
    outer loop
      vertex 44.19702823460102 48.53794591873884 1.5
      vertex 50.66958098858595 41.48367043584585 1.5
      vertex 51.20123701542616 41.65747572481632 1.5
    endloop
  endfacet
  facet normal 0 0 1
    outer loop
      vertex 44.19702823460102 48.53794591873884 1.5
      vertex 51.20123701542616 41.65747572481632 1.5
      vertex 51.69121401757002 41.93972020596266 1.5
    endloop
  endfacet
  facet normal 0 0 1
    outer loop
      vertex 44.19702823460102 48.53794591873884 1.5
      vertex 51.69121401757002 41.93972020596266 1.5
      vertex 51.964501574635506 42.18142545968294 1.5
    endloop
  endfacet
  facet normal 0 0 1
    outer loop
      vertex 43.977348662912846 48.826421827077866 1.5
      vertex 44.19702823460102 48.53794591873884 1.5
      vertex 51.964501574635506 42.18142545968294 1.5
    endloop
  endfacet
  facet normal 0 0 1
    outer loop
      vertex 43.71545048803091 49.35446412116289 1.5
      vertex 43.977348662912846 48.826421827077866 1.5
      vertex 51.964501574635506 42.18142545968294 1.5
    endloop
  endfacet
  facet normal 0 0 1
    outer loop
      vertex 43.55417440086603 49.927423402667046 1.5
      vertex 43.71545048803091 49.35446412116289 1.5
      vertex 51.964501574635506 42.18142545968294 1.5
    endloop
  endfacet
  facet normal 0 0 1
    outer loop
      vertex 43.49971812963486 50.523281149566174 1.5
      vertex 43.55417440086603 49.927423402667046 1.5
      vertex 51.964501574635506 42.18142545968294 1.5
    endloop
  endfacet
  facet normal 0 0 1
    outer loop
      vertex 43.55417440086603 51.11913891136646 1.5
      vertex 43.49971812963486 50.523281149566174 1.5
      vertex 51.964501574635506 42.18142545968294 1.5
    endloop
  endfacet
  facet normal 0 0 1
    outer loop
      vertex 43.71545048803091 51.69209819287062 1.5
      vertex 43.55417440086603 51.11913891136646 1.5
      vertex 51.964501574635506 42.18142545968294 1.5
    endloop
  endfacet
  facet normal 0 0 1
    outer loop
      vertex 43.977348662912846 52.22014048695564 1.5
      vertex 43.71545048803091 51.69209819287062 1.5
      vertex 51.964501574635506 42.18142545968294 1.5
    endloop
  endfacet
  facet normal 0 0 1
    outer loop
      vertex 44.32980428636074 52.68297342956066 1.5
      vertex 43.977348662912846 52.22014048695564 1.5
      vertex 51.964501574635506 42.18142545968294 1.5
    endloop
  endfacet
  facet normal 0 0 1
    outer loop
      vertex 44.75927271693945 53.062810607254505 1.5
      vertex 44.32980428636074 52.68297342956066 1.5
      vertex 51.964501574635506 42.18142545968294 1.5
    endloop
  endfacet
  facet normal 0 0 1
    outer loop
      vertex 45.24924973398447 53.34505508840084 1.5
      vertex 44.75927271693945 53.062810607254505 1.5
      vertex 51.964501574635506 42.18142545968294 1.5
    endloop
  endfacet
  facet normal 0 0 1
    outer loop
      vertex 45.7809057533741 53.51886038482189 1.5
      vertex 45.24924973398447 53.34505508840084 1.5
      vertex 51.964501574635506 42.18142545968294 1.5
    endloop
  endfacet
  facet normal 0 0 1
    outer loop
      vertex 46.333809569478035 53.57754725217819 1.5
      vertex 45.7809057533741 53.51886038482189 1.5
      vertex 51.964501574635506 42.18142545968294 1.5
    endloop
  endfacet
  facet normal 0 0 1
    outer loop
      vertex 46.35688551515341 53.575097896158695 1.5
      vertex 46.333809569478035 53.57754725217819 1.5
      vertex 51.964501574635506 42.18142545968294 1.5
    endloop
  endfacet
  facet normal 0 0 1
    outer loop
      vertex 46.52718402445316 53.918455846607685 1.5
      vertex 46.35688551515341 53.575097896158695 1.5
      vertex 51.964501574635506 42.18142545968294 1.5
    endloop
  endfacet
  facet normal 0 0 1
    outer loop
      vertex 47.02062191814184 54.56642197072506 1.5
      vertex 46.52718402445316 53.918455846607685 1.5
      vertex 51.964501574635506 42.18142545968294 1.5
    endloop
  endfacet
  facet normal 0 0 1
    outer loop
      vertex 47.62187771499157 55.098194018006325 1.5
      vertex 47.02062191814184 54.56642197072506 1.5
      vertex 51.964501574635506 42.18142545968294 1.5
    endloop
  endfacet
  facet normal 0 0 1
    outer loop
      vertex 48.307845525443554 55.49333630502224 1.5
      vertex 47.62187771499157 55.098194018006325 1.5
      vertex 51.964501574635506 42.18142545968294 1.5
    endloop
  endfacet
  facet normal 0 0 1
    outer loop
      vertex 49.0521639585495 55.73666371405125 1.5
      vertex 48.307845525443554 55.49333630502224 1.5
      vertex 51.964501574635506 42.18142545968294 1.5
    endloop
  endfacet
  facet normal 0 0 1
    outer loop
      vertex 49.82622928917408 55.81882533431053 1.5
      vertex 49.0521639585495 55.73666371405125 1.5
      vertex 51.964501574635506 42.18142545968294 1.5
    endloop
  endfacet
  facet normal 0 0 1
    outer loop
      vertex 50.60029463469982 55.73666371405125 1.5
      vertex 49.82622928917408 55.81882533431053 1.5
      vertex 51.964501574635506 42.18142545968294 1.5
    endloop
  endfacet
  facet normal 0 0 1
    outer loop
      vertex 51.34461306780577 55.49333630502224 1.5
      vertex 50.60029463469982 55.73666371405125 1.5
      vertex 51.964501574635506 42.18142545968294 1.5
    endloop
  endfacet
  facet normal 0 0 1
    outer loop
      vertex 51.34461306780577 55.49333630502224 1.5
      vertex 51.964501574635506 42.18142545968294 1.5
      vertex 52.02473586052656 42.102327823638916 1.5
    endloop
  endfacet
  facet normal 0 0 1
    outer loop
      vertex 51.34461306780577 55.49333630502224 1.5
      vertex 52.02473586052656 42.102327823638916 1.5
      vertex 52.28241691738367 41.874425515532494 1.5
    endloop
  endfacet
  facet normal 0 0 1
    outer loop
      vertex 51.34461306780577 55.49333630502224 1.5
      vertex 52.28241691738367 41.874425515532494 1.5
      vertex 52.57640311866999 41.705078817903996 1.5
    endloop
  endfacet
  facet normal 0 0 1
    outer loop
      vertex 51.34461306780577 55.49333630502224 1.5
      vertex 52.57640311866999 41.705078817903996 1.5
      vertex 52.89539673179388 41.60079564154148 1.5
    endloop
  endfacet
  facet normal 0 0 1
    outer loop
      vertex 51.34461306780577 55.49333630502224 1.5
      vertex 52.89539673179388 41.60079564154148 1.5
      vertex 53.22713902592659 41.565583527088165 1.5
    endloop
  endfacet
  facet normal 0 0 1
    outer loop
      vertex 51.34461306780577 55.49333630502224 1.5
      vertex 53.22713902592659 41.565583527088165 1.5
      vertex 53.55888131260872 41.60079564154148 1.5
    endloop
  endfacet
  facet normal 0 0 1
    outer loop
      vertex 51.34461306780577 55.49333630502224 1.5
      vertex 53.55888131260872 41.60079564154148 1.5
      vertex 53.87787493318319 41.705078817903996 1.5
    endloop
  endfacet
  facet normal 0 0 1
    outer loop
      vertex 51.34461306780577 55.49333630502224 1.5
      vertex 53.87787493318319 41.705078817903996 1.5
      vertex 54.17186112701893 41.874425515532494 1.5
    endloop
  endfacet
  facet normal 0 0 1
    outer loop
      vertex 51.34461306780577 55.49333630502224 1.5
      vertex 54.17186112701893 41.874425515532494 1.5
      vertex 54.42954218387604 42.102327823638916 1.5
    endloop
  endfacet
  facet normal 0 0 1
    outer loop
      vertex 51.34461306780577 55.49333630502224 1.5
      vertex 54.42954218387604 42.102327823638916 1.5
      vertex 54.64101556688547 42.38002758473158 1.5
    endloop
  endfacet
  facet normal 0 0 1
    outer loop
      vertex 51.34461306780577 55.49333630502224 1.5
      vertex 54.64101556688547 42.38002758473158 1.5
      vertex 54.79815445840359 42.69685295969248 1.5
    endloop
  endfacet
  facet normal 0 0 1
    outer loop
      vertex 51.34461306780577 55.49333630502224 1.5
      vertex 54.79815445840359 42.69685295969248 1.5
      vertex 54.894920125603676 43.04062853008509 1.5
    endloop
  endfacet
  facet normal 0 0 1
    outer loop
      vertex 51.34461306780577 55.49333630502224 1.5
      vertex 54.894920125603676 43.04062853008509 1.5
      vertex 54.927593886852264 43.39814318716526 1.5
    endloop
  endfacet
  facet normal 0 0 1
    outer loop
      vertex 51.34461306780577 55.49333630502224 1.5
      vertex 54.927593886852264 43.39814318716526 1.5
      vertex 54.549715019762516 48.69220443069935 1.5
    endloop
  endfacet
  facet normal 0 0 1
    outer loop
      vertex 52.03058087825775 55.098194018006325 1.5
      vertex 51.34461306780577 55.49333630502224 1.5
      vertex 54.549715019762516 48.69220443069935 1.5
    endloop
  endfacet
  facet normal 0 0 1
    outer loop
      vertex 52.63183667510748 54.56642197072506 1.5
      vertex 52.03058087825775 55.098194018006325 1.5
      vertex 54.549715019762516 48.69220443069935 1.5
    endloop
  endfacet
  facet normal 0 0 1
    outer loop
      vertex 53.12527456879616 53.918455846607685 1.5
      vertex 52.63183667510748 54.56642197072506 1.5
      vertex 54.549715019762516 48.69220443069935 1.5
    endloop
  endfacet
  facet normal 0 0 1
    outer loop
      vertex 53.4764936119318 53.21032367646694 1.5
      vertex 53.12527456879616 53.918455846607685 1.5
      vertex 54.549715019762516 48.69220443069935 1.5
    endloop
  endfacet
  facet normal 0 0 1
    outer loop
      vertex 54.509780429303646 49.129166789352894 1.5
      vertex 54.39151129871607 49.549336925148964 1.5
      vertex 54.37252210825682 49.58762313425541 1.5
    endloop
  endfacet
  facet normal 0 0 1
    outer loop
      vertex 54.549715019762516 48.69220443069935 1.5
      vertex 54.509780429303646 49.129166789352894 1.5
      vertex 54.37252210825682 49.58762313425541 1.5
    endloop
  endfacet
  facet normal 0 0 1
    outer loop
      vertex 53.4764936119318 53.21032367646694 1.5
      vertex 54.549715019762516 48.69220443069935 1.5
      vertex 54.37252210825682 49.58762313425541 1.5
    endloop
  endfacet
  facet normal 0 0 1
    outer loop
      vertex 40.91368719935417 56.941504910588264 1.5
      vertex 40.36078338325024 57.000191777944565 1.5
      vertex 39.8078795671463 56.941504910588264 1.5
    endloop
  endfacet
  facet normal 0 0 1
    outer loop
      vertex 41.4453432187438 56.767699621617794 1.5
      vertex 40.91368719935417 56.941504910588264 1.5
      vertex 39.8078795671463 56.941504910588264 1.5
    endloop
  endfacet
  facet normal 0 0 1
    outer loop
      vertex 41.4453432187438 56.767699621617794 1.5
      vertex 39.8078795671463 56.941504910588264 1.5
      vertex 39.27622354775667 56.767699621617794 1.5
    endloop
  endfacet
  facet normal 0 0 1
    outer loop
      vertex 41.4453432187438 56.767699621617794 1.5
      vertex 39.27622354775667 56.767699621617794 1.5
      vertex 38.78624655306339 56.48545514047146 1.5
    endloop
  endfacet
  facet normal 0 0 1
    outer loop
      vertex 41.93532022833824 56.48545514047146 1.5
      vertex 41.4453432187438 56.767699621617794 1.5
      vertex 38.78624655306339 56.48545514047146 1.5
    endloop
  endfacet
  facet normal 0 0 1
    outer loop
      vertex 42.36478866636753 56.105617962777615 1.5
      vertex 41.93532022833824 56.48545514047146 1.5
      vertex 38.78624655306339 56.48545514047146 1.5
    endloop
  endfacet
  facet normal 0 0 1
    outer loop
      vertex 42.36478866636753 56.105617962777615 1.5
      vertex 38.78624655306339 56.48545514047146 1.5
      vertex 38.3567781150341 56.105617962777615 1.5
    endloop
  endfacet
  facet normal 0 0 1
    outer loop
      vertex 42.36478866636753 56.105617962777615 1.5
      vertex 38.3567781150341 56.105617962777615 1.5
      vertex 38.00432248413563 55.642785012722015 1.5
    endloop
  endfacet
  facet normal 0 0 1
    outer loop
      vertex 42.71724430471659 55.642785012722015 1.5
      vertex 42.36478866636753 56.105617962777615 1.5
      vertex 38.00432248413563 55.642785012722015 1.5
    endloop
  endfacet
  facet normal 0 0 1
    outer loop
      vertex 42.97914246469736 55.11474271118641 1.5
      vertex 42.71724430471659 55.642785012722015 1.5
      vertex 38.00432248413563 55.642785012722015 1.5
    endloop
  endfacet
  facet normal 0 0 1
    outer loop
      vertex 42.97914246469736 55.11474271118641 1.5
      vertex 38.00432248413563 55.642785012722015 1.5
      vertex 37.74242430925369 55.11474271118641 1.5
    endloop
  endfacet
  facet normal 0 0 1
    outer loop
      vertex 43.14041855186224 54.541783444583416 1.5
      vertex 42.97914246469736 55.11474271118641 1.5
      vertex 37.74242430925369 55.11474271118641 1.5
    endloop
  endfacet
  facet normal 0 0 1
    outer loop
      vertex 43.14041855186224 54.541783444583416 1.5
      vertex 37.74242430925369 55.11474271118641 1.5
      vertex 37.581148222088814 54.541783444583416 1.5
    endloop
  endfacet
  facet normal 0 0 1
    outer loop
      vertex 43.194874823093414 53.94592568278313 1.5
      vertex 43.14041855186224 54.541783444583416 1.5
      vertex 37.581148222088814 54.541783444583416 1.5
    endloop
  endfacet
  facet normal 0 0 1
    outer loop
      vertex 43.194874823093414 53.94592568278313 1.5
      vertex 37.581148222088814 54.541783444583416 1.5
      vertex 37.52669195085764 53.94592568278313 1.5
    endloop
  endfacet
  facet normal 0 0 1
    outer loop
      vertex 43.194874823093414 53.94592568278313 1.5
      vertex 37.52669195085764 53.94592568278313 1.5
      vertex 37.581148222088814 53.350067935884 1.5
    endloop
  endfacet
  facet normal 0 0 1
    outer loop
      vertex 43.14041855186224 53.350067935884 1.5
      vertex 43.194874823093414 53.94592568278313 1.5
      vertex 37.581148222088814 53.350067935884 1.5
    endloop
  endfacet
  facet normal 0 0 1
    outer loop
      vertex 42.97914246469736 52.777108646929264 1.5
      vertex 43.14041855186224 53.350067935884 1.5
      vertex 37.581148222088814 53.350067935884 1.5
    endloop
  endfacet
  facet normal 0 0 1
    outer loop
      vertex 42.97914246469736 52.777108646929264 1.5
      vertex 37.581148222088814 53.350067935884 1.5
      vertex 37.74242430925369 52.777108646929264 1.5
    endloop
  endfacet
  facet normal 0 0 1
    outer loop
      vertex 42.97914246469736 52.777108646929264 1.5
      vertex 37.74242430925369 52.777108646929264 1.5
      vertex 38.00432248413563 52.24906636029482 1.5
    endloop
  endfacet
  facet normal 0 0 1
    outer loop
      vertex 42.71724430471659 52.24906636029482 1.5
      vertex 42.97914246469736 52.777108646929264 1.5
      vertex 38.00432248413563 52.24906636029482 1.5
    endloop
  endfacet
  facet normal 0 0 1
    outer loop
      vertex 42.36478866636753 51.7862334176898 1.5
      vertex 42.71724430471659 52.24906636029482 1.5
      vertex 38.00432248413563 52.24906636029482 1.5
    endloop
  endfacet
  facet normal 0 0 1
    outer loop
      vertex 42.36478866636753 51.7862334176898 1.5
      vertex 38.00432248413563 52.24906636029482 1.5
      vertex 38.3567781150341 51.7862334176898 1.5
    endloop
  endfacet
  facet normal 0 0 1
    outer loop
      vertex 41.93532022833824 51.406396232545376 1.5
      vertex 42.36478866636753 51.7862334176898 1.5
      vertex 38.3567781150341 51.7862334176898 1.5
    endloop
  endfacet
  facet normal 0 0 1
    outer loop
      vertex 41.93532022833824 51.406396232545376 1.5
      vertex 38.3567781150341 51.7862334176898 1.5
      vertex 38.78624655306339 51.406396232545376 1.5
    endloop
  endfacet
  facet normal 0 0 1
    outer loop
      vertex 41.4453432187438 51.12415175139904 1.5
      vertex 41.93532022833824 51.406396232545376 1.5
      vertex 38.78624655306339 51.406396232545376 1.5
    endloop
  endfacet
  facet normal 0 0 1
    outer loop
      vertex 41.4453432187438 51.12415175139904 1.5
      vertex 38.78624655306339 51.406396232545376 1.5
      vertex 39.27622354775667 51.12415175139904 1.5
    endloop
  endfacet
  facet normal 0 0 1
    outer loop
      vertex 40.91368719935417 50.95034644752741 1.5
      vertex 41.4453432187438 51.12415175139904 1.5
      vertex 39.27622354775667 51.12415175139904 1.5
    endloop
  endfacet
  facet normal 0 0 1
    outer loop
      vertex 39.8078795671463 50.95034644752741 1.5
      vertex 40.36078338325024 50.89165958017111 1.5
      vertex 40.91368719935417 50.95034644752741 1.5
    endloop
  endfacet
  facet normal 0 0 1
    outer loop
      vertex 39.8078795671463 50.95034644752741 1.5
      vertex 40.91368719935417 50.95034644752741 1.5
      vertex 39.27622354775667 51.12415175139904 1.5
    endloop
  endfacet
  facet normal 0 0 1
    outer loop
      vertex 14.635768488049507 13.957816176116467 1.5
      vertex 16.82747270911932 13.957816176116467 1.5
      vertex 16.82747270911932 15.257081598043442 1.5
    endloop
  endfacet
  facet normal 0 0 1
    outer loop
      vertex 10.893417954444885 15.257081598043442 1.5
      vertex 10.893417954444885 13.957816176116467 1.5
      vertex 13.095089465379715 13.957816176116467 1.5
    endloop
  endfacet
  facet normal 0 0 1
    outer loop
      vertex 13.095089465379715 13.957816176116467 1.5
      vertex 13.095089465379715 7.9305379539728165 1.5
      vertex 14.635768488049507 7.9305379539728165 1.5
    endloop
  endfacet
  facet normal 0 0 1
    outer loop
      vertex 13.095089465379715 13.957816176116467 1.5
      vertex 14.635768488049507 7.9305379539728165 1.5
      vertex 14.635768488049507 13.957816176116467 1.5
    endloop
  endfacet
  facet normal 0 0 1
    outer loop
      vertex 13.095089465379715 13.957816176116467 1.5
      vertex 14.635768488049507 13.957816176116467 1.5
      vertex 16.82747270911932 15.257081598043442 1.5
    endloop
  endfacet
  facet normal 0 0 1
    outer loop
      vertex 13.095089465379715 13.957816176116467 1.5
      vertex 16.82747270911932 15.257081598043442 1.5
      vertex 10.893417954444885 15.257081598043442 1.5
    endloop
  endfacet
  facet normal 0 0 1
    outer loop
      vertex 23.71376706659794 12.75385269522667 1.5
      vertex 23.745375096797943 12.960591852664948 1.5
      vertex 22.22021573036909 12.961160577833652 1.5
    endloop
  endfacet
  facet normal 0 0 1
    outer loop
      vertex 17.757215552031994 7.9305379539728165 1.5
      vertex 19.253188356757164 7.9305379539728165 1.5
      vertex 19.253188356757164 10.801117151975632 1.5
    endloop
  endfacet
  facet normal 0 0 1
    outer loop
      vertex 23.66108701378107 12.54849722981453 1.5
      vertex 23.71376706659794 12.75385269522667 1.5
      vertex 22.22021573036909 12.961160577833652 1.5
    endloop
  endfacet
  facet normal 0 0 1
    outer loop
      vertex 23.66108701378107 12.54849722981453 1.5
      vertex 22.22021573036909 12.961160577833652 1.5
      vertex 22.20192575454712 12.730728581547737 1.5
    endloop
  endfacet
  facet normal 0 0 1
    outer loop
      vertex 23.58733493834734 12.344525456428528 1.5
      vertex 23.66108701378107 12.54849722981453 1.5
      vertex 22.20192575454712 12.730728581547737 1.5
    endloop
  endfacet
  facet normal 0 0 1
    outer loop
      vertex 23.492510847747326 12.141937375068665 1.5
      vertex 23.58733493834734 12.344525456428528 1.5
      vertex 22.20192575454712 12.730728581547737 1.5
    endloop
  endfacet
  facet normal 0 0 1
    outer loop
      vertex 22.22021573036909 12.961160577833652 1.5
      vertex 23.745375096797943 12.960591852664948 1.5
      vertex 23.755911111831665 13.168714709579945 1.5
    endloop
  endfacet
  facet normal 0 0 1
    outer loop
      vertex 22.202523797750473 13.210301756858826 1.5
      vertex 22.22021573036909 12.961160577833652 1.5
      vertex 23.755911111831665 13.168714709579945 1.5
    endloop
  endfacet
  facet normal 0 0 1
    outer loop
      vertex 22.202523797750473 13.210301756858826 1.5
      vertex 23.755911111831665 13.168714709579945 1.5
      vertex 23.750344090163708 13.33798272907734 1.5
    endloop
  endfacet
  facet normal 0 0 1
    outer loop
      vertex 22.202523797750473 13.210301756858826 1.5
      vertex 23.750344090163708 13.33798272907734 1.5
      vertex 23.733643017709255 13.49968733638525 1.5
    endloop
  endfacet
  facet normal 0 0 1
    outer loop
      vertex 22.202523797750473 13.210301756858826 1.5
      vertex 23.733643017709255 13.49968733638525 1.5
      vertex 23.705807894468307 13.653828524053097 1.5
    endloop
  endfacet
  facet normal 0 0 1
    outer loop
      vertex 22.149447984993458 13.424416713416576 1.5
      vertex 22.202523797750473 13.210301756858826 1.5
      vertex 23.705807894468307 13.653828524053097 1.5
    endloop
  endfacet
  facet normal 0 0 1
    outer loop
      vertex 22.149447984993458 13.424416713416576 1.5
      vertex 23.705807894468307 13.653828524053097 1.5
      vertex 23.666838727891445 13.80040629953146 1.5
    endloop
  endfacet
  facet normal 0 0 1
    outer loop
      vertex 22.149447984993458 13.424416713416576 1.5
      vertex 23.666838727891445 13.80040629953146 1.5
      vertex 23.616735510528088 13.93942067027092 1.5
    endloop
  endfacet
  facet normal 0 0 1
    outer loop
      vertex 22.149447984993458 13.424416713416576 1.5
      vertex 23.616735510528088 13.93942067027092 1.5
      vertex 23.557116463780403 14.072293423116207 1.5
    endloop
  endfacet
  facet normal 0 0 1
    outer loop
      vertex 22.149447984993458 13.424416713416576 1.5
      vertex 23.557116463780403 14.072293423116207 1.5
      vertex 23.489541180431843 14.200387738645077 1.5
    endloop
  endfacet
  facet normal 0 0 1
    outer loop
      vertex 22.149447984993458 13.424416713416576 1.5
      vertex 23.489541180431843 14.200387738645077 1.5
      vertex 23.414009653031826 14.32370362430811 1.5
    endloop
  endfacet
  facet normal 0 0 1
    outer loop
      vertex 22.060988292098045 13.603505440056324 1.5
      vertex 22.149447984993458 13.424416713416576 1.5
      vertex 23.414009653031826 14.32370362430811 1.5
    endloop
  endfacet
  facet normal 0 0 1
    outer loop
      vertex 22.060988292098045 13.603505440056324 1.5
      vertex 23.414009653031826 14.32370362430811 1.5
      vertex 23.330521881580353 14.442241072654724 1.5
    endloop
  endfacet
  facet normal 0 0 1
    outer loop
      vertex 22.060988292098045 13.603505440056324 1.5
      vertex 23.330521881580353 14.442241072654724 1.5
      vertex 23.239077866077423 14.556000091135502 1.5
    endloop
  endfacet
  facet normal 0 0 1
    outer loop
      vertex 22.060988292098045 13.603505440056324 1.5
      vertex 23.239077866077423 14.556000091135502 1.5
      vertex 23.118708193302155 14.684668995440006 1.5
    endloop
  endfacet
  facet normal 0 0 1
    outer loop
      vertex 21.937144726514816 13.74756794422865 1.5
      vertex 22.060988292098045 13.603505440056324 1.5
      vertex 23.118708193302155 14.684668995440006 1.5
    endloop
  endfacet
  facet normal 0 0 1
    outer loop
      vertex 21.937144726514816 13.74756794422865 1.5
      vertex 23.118708193302155 14.684668995440006 1.5
      vertex 22.988195344805717 14.800210393965244 1.5
    endloop
  endfacet
  facet normal 0 0 1
    outer loop
      vertex 21.937144726514816 13.74756794422865 1.5
      vertex 22.988195344805717 14.800210393965244 1.5
      vertex 22.84753930568695 14.902624286711216 1.5
    endloop
  endfacet
  facet normal 0 0 1
    outer loop
      vertex 21.937144726514816 13.74756794422865 1.5
      vertex 22.84753930568695 14.902624286711216 1.5
      vertex 22.696740090847015 14.991910673677921 1.5
    endloop
  endfacet
  facet normal 0 0 1
    outer loop
      vertex 21.937144726514816 13.74756794422865 1.5
      vertex 22.696740090847015 14.991910673677921 1.5
      vertex 22.53579768538475 15.06806955486536 1.5
    endloop
  endfacet
  facet normal 0 0 1
    outer loop
      vertex 21.77791728824377 13.856604225933552 1.5
      vertex 21.937144726514816 13.74756794422865 1.5
      vertex 22.53579768538475 15.06806955486536 1.5
    endloop
  endfacet
  facet normal 0 0 1
    outer loop
      vertex 21.77791728824377 13.856604225933552 1.5
      vertex 22.53579768538475 15.06806955486536 1.5
      vertex 22.355597898364067 15.131329596042633 1.5
    endloop
  endfacet
  facet normal 0 0 1
    outer loop
      vertex 21.77791728824377 13.856604225933552 1.5
      vertex 22.355597898364067 15.131329596042633 1.5
      vertex 22.146967887878418 15.181860819458961 1.5
    endloop
  endfacet
  facet normal 0 0 1
    outer loop
      vertex 21.668570265173912 13.903171978890896 1.5
      vertex 21.77791728824377 13.856604225933552 1.5
      vertex 22.146967887878418 15.181860819458961 1.5
    endloop
  endfacet
  facet normal 0 0 1
    outer loop
      vertex 21.668570265173912 13.903171978890896 1.5
      vertex 22.146967887878418 15.181860819458961 1.5
      vertex 21.909907646477222 15.219663225114346 1.5
    endloop
  endfacet
  facet normal 0 0 1
    outer loop
      vertex 21.539347298443317 13.939391352236271 1.5
      vertex 21.668570265173912 13.903171978890896 1.5
      vertex 21.909907646477222 15.219663225114346 1.5
    endloop
  endfacet
  facet normal 0 0 1
    outer loop
      vertex 21.539347298443317 13.939391352236271 1.5
      vertex 21.909907646477222 15.219663225114346 1.5
      vertex 21.64441718161106 15.244736820459366 1.5
    endloop
  endfacet
  facet normal 0 0 1
    outer loop
      vertex 21.390248380601406 13.965262331068516 1.5
      vertex 21.539347298443317 13.939391352236271 1.5
      vertex 21.64441718161106 15.244736820459366 1.5
    endloop
  endfacet
  facet normal 0 0 1
    outer loop
      vertex 21.390248380601406 13.965262331068516 1.5
      vertex 21.64441718161106 15.244736820459366 1.5
      vertex 21.350496485829353 15.257081598043442 1.5
    endloop
  endfacet
  facet normal 0 0 1
    outer loop
      vertex 21.22127351909876 13.98078491538763 1.5
      vertex 21.390248380601406 13.965262331068516 1.5
      vertex 21.350496485829353 15.257081598043442 1.5
    endloop
  endfacet
  facet normal 0 0 1
    outer loop
      vertex 23.492510847747326 12.141937375068665 1.5
      vertex 22.20192575454712 12.730728581547737 1.5
      vertex 22.147055834531784 12.532930672168732 1.5
    endloop
  endfacet
  facet normal 0 0 1
    outer loop
      vertex 21.032422713935375 13.985959112644196 1.5
      vertex 21.22127351909876 13.98078491538763 1.5
      vertex 21.350496485829353 15.257081598043442 1.5
    endloop
  endfacet
  facet normal 0 0 1
    outer loop
      vertex 23.373433992266655 11.951905153691769 1.5
      vertex 23.492510847747326 12.141937375068665 1.5
      vertex 22.147055834531784 12.532930672168732 1.5
    endloop
  endfacet
  facet normal 0 0 1
    outer loop
      vertex 23.226923637092113 11.78554230928421 1.5
      vertex 23.373433992266655 11.951905153691769 1.5
      vertex 22.147055834531784 12.532930672168732 1.5
    endloop
  endfacet
  facet normal 0 0 1
    outer loop
      vertex 23.052979789674282 11.64284884184599 1.5
      vertex 23.226923637092113 11.78554230928421 1.5
      vertex 22.147055834531784 12.532930672168732 1.5
    endloop
  endfacet
  facet normal 0 0 1
    outer loop
      vertex 23.052979789674282 11.64284884184599 1.5
      vertex 22.147055834531784 12.532930672168732 1.5
      vertex 22.055605955421925 12.367766827344894 1.5
    endloop
  endfacet
  facet normal 0 0 1
    outer loop
      vertex 22.85160244256258 11.523824751377106 1.5
      vertex 23.052979789674282 11.64284884184599 1.5
      vertex 22.055605955421925 12.367766827344894 1.5
    endloop
  endfacet
  facet normal 0 0 1
    outer loop
      vertex 22.622791603207588 11.42847004532814 1.5
      vertex 22.85160244256258 11.523824751377106 1.5
      vertex 22.055605955421925 12.367766827344894 1.5
    endloop
  endfacet
  facet normal 0 0 1
    outer loop
      vertex 22.622791603207588 11.42847004532814 1.5
      vertex 22.055605955421925 12.367766827344894 1.5
      vertex 21.927576132118702 12.235237061977386 1.5
    endloop
  endfacet
  facet normal 0 0 1
    outer loop
      vertex 22.622791603207588 11.42847004532814 1.5
      vertex 21.927576132118702 12.235237061977386 1.5
      vertex 21.762966357171535 12.135341376066208 1.5
    endloop
  endfacet
  facet normal 0 0 1
    outer loop
      vertex 19.253188356757164 13.985959112644196 1.5
      vertex 21.032422713935375 13.985959112644196 1.5
      vertex 21.350496485829353 15.257081598043442 1.5
    endloop
  endfacet
  facet normal 0 0 1
    outer loop
      vertex 19.253188356757164 13.985959112644196 1.5
      vertex 21.350496485829353 15.257081598043442 1.5
      vertex 17.757215552031994 15.257081598043442 1.5
    endloop
  endfacet
  facet normal 0 0 1
    outer loop
      vertex 22.15917195379734 8.024092689156532 1.5
      vertex 22.185403510928154 7.9305379539728165 1.5
      vertex 23.87024177610874 7.9305379539728165 1.5
    endloop
  endfacet
  facet normal 0 0 1
    outer loop
      vertex 22.136118195950985 8.110101595520973 1.5
      vertex 22.15917195379734 8.024092689156532 1.5
      vertex 23.87024177610874 7.9305379539728165 1.5
    endloop
  endfacet
  facet normal 0 0 1
    outer loop
      vertex 22.11624225229025 8.18856468051672 1.5
      vertex 22.136118195950985 8.110101595520973 1.5
      vertex 23.87024177610874 7.9305379539728165 1.5
    endloop
  endfacet
  facet normal 0 0 1
    outer loop
      vertex 22.09954411536455 8.259481944143772 1.5
      vertex 22.11624225229025 8.18856468051672 1.5
      vertex 23.87024177610874 7.9305379539728165 1.5
    endloop
  endfacet
  facet normal 0 0 1
    outer loop
      vertex 22.086023777723312 8.32285337895155 1.5
      vertex 22.09954411536455 8.259481944143772 1.5
      vertex 23.87024177610874 7.9305379539728165 1.5
    endloop
  endfacet
  facet normal 0 0 1
    outer loop
      vertex 22.086023777723312 8.32285337895155 1.5
      vertex 23.87024177610874 7.9305379539728165 1.5
      vertex 23.87024177610874 8.114346489310265 1.5
    endloop
  endfacet
  facet normal 0 0 1
    outer loop
      vertex 22.086023777723312 8.32285337895155 1.5
      vertex 23.87024177610874 8.114346489310265 1.5
      vertex 23.78912563621998 8.173983126878738 1.5
    endloop
  endfacet
  facet normal 0 0 1
    outer loop
      vertex 22.086023777723312 8.32285337895155 1.5
      vertex 23.78912563621998 8.173983126878738 1.5
      vertex 23.72073244303465 8.245539464056492 1.5
    endloop
  endfacet
  facet normal 0 0 1
    outer loop
      vertex 22.086023777723312 8.32285337895155 1.5
      vertex 23.72073244303465 8.245539464056492 1.5
      vertex 23.665062204003334 8.329015508294106 1.5
    endloop
  endfacet
  facet normal 0 0 1
    outer loop
      vertex 22.086023777723312 8.32285337895155 1.5
      vertex 23.665062204003334 8.329015508294106 1.5
      vertex 23.622114919126034 8.42441125959158 1.5
    endloop
  endfacet
  facet normal 0 0 1
    outer loop
      vertex 22.086023777723312 8.32285337895155 1.5
      vertex 23.622114919126034 8.42441125959158 1.5
      vertex 23.591890580952168 8.531726710498333 1.5
    endloop
  endfacet
  facet normal 0 0 1
    outer loop
      vertex 22.086023777723312 8.32285337895155 1.5
      vertex 23.591890580952168 8.531726710498333 1.5
      vertex 23.577590450644493 8.616202414035797 1.5
    endloop
  endfacet
  facet normal 0 0 1
    outer loop
      vertex 22.06437423825264 8.446632444858551 1.5
      vertex 22.086023777723312 8.32285337895155 1.5
      vertex 23.577590450644493 8.616202414035797 1.5
    endloop
  endfacet
  facet normal 0 0 1
    outer loop
      vertex 22.06437423825264 8.446632444858551 1.5
      vertex 23.577590450644493 8.616202414035797 1.5
      vertex 23.566468127071857 8.726510986685753 1.5
    endloop
  endfacet
  facet normal 0 0 1
    outer loop
      vertex 22.047092720866203 8.57160172611475 1.5
      vertex 22.06437423825264 8.446632444858551 1.5
      vertex 23.566468127071857 8.726510986685753 1.5
    endloop
  endfacet
  facet normal 0 0 1
    outer loop
      vertex 22.034179218113422 8.697761222720146 1.5
      vertex 22.047092720866203 8.57160172611475 1.5
      vertex 23.566468127071857 8.726510986685753 1.5
    endloop
  endfacet
  facet normal 0 0 1
    outer loop
      vertex 22.034179218113422 8.697761222720146 1.5
      vertex 23.566468127071857 8.726510986685753 1.5
      vertex 23.55852361023426 8.8626524284482 1.5
    endloop
  endfacet
  facet normal 0 0 1
    outer loop
      vertex 22.025633729994297 8.82511092722416 1.5
      vertex 22.034179218113422 8.697761222720146 1.5
      vertex 23.55852361023426 8.8626524284482 1.5
    endloop
  endfacet
  facet normal 0 0 1
    outer loop
      vertex 22.025633729994297 8.82511092722416 1.5
      vertex 23.55852361023426 8.8626524284482 1.5
      vertex 23.553756900131702 9.02462673932314 1.5
    endloop
  endfacet
  facet normal 0 0 1
    outer loop
      vertex 22.021456263959408 8.95365084707737 1.5
      vertex 22.025633729994297 8.82511092722416 1.5
      vertex 23.553756900131702 9.02462673932314 1.5
    endloop
  endfacet
  facet normal 0 0 1
    outer loop
      vertex 22.021456263959408 8.95365084707737 1.5
      vertex 23.553756900131702 9.02462673932314 1.5
      vertex 23.552167996764183 9.21243391185999 1.5
    endloop
  endfacet
  facet normal 0 0 1
    outer loop
      vertex 22.01148897409439 9.633991599082947 1.5
      vertex 22.021456263959408 8.95365084707737 1.5
      vertex 23.552167996764183 9.21243391185999 1.5
    endloop
  endfacet
  facet normal 0 0 1
    outer loop
      vertex 22.01148897409439 9.633991599082947 1.5
      vertex 23.552167996764183 9.21243391185999 1.5
      vertex 23.552167996764183 9.704348936676979 1.5
    endloop
  endfacet
  facet normal 0 0 1
    outer loop
      vertex 21.998085908591747 9.895427726209164 1.5
      vertex 22.01148897409439 9.633991599082947 1.5
      vertex 23.552167996764183 9.704348936676979 1.5
    endloop
  endfacet
  facet normal 0 0 1
    outer loop
      vertex 21.998085908591747 9.895427726209164 1.5
      vertex 23.552167996764183 9.704348936676979 1.5
      vertex 23.54371925443411 9.996595703065395 1.5
    endloop
  endfacet
  facet normal 0 0 1
    outer loop
      vertex 21.998085908591747 9.895427726209164 1.5
      vertex 23.54371925443411 9.996595703065395 1.5
      vertex 23.518373027443886 10.257240310311317 1.5
    endloop
  endfacet
  facet normal 0 0 1
    outer loop
      vertex 21.965791888535023 10.11951582878828 1.5
      vertex 21.998085908591747 9.895427726209164 1.5
      vertex 23.518373027443886 10.257240310311317 1.5
    endloop
  endfacet
  facet normal 0 0 1
    outer loop
      vertex 21.965791888535023 10.11951582878828 1.5
      vertex 23.518373027443886 10.257240310311317 1.5
      vertex 23.476129308342934 10.486282743513584 1.5
    endloop
  endfacet
  facet normal 0 0 1
    outer loop
      vertex 21.965791888535023 10.11951582878828 1.5
      vertex 23.476129308342934 10.486282743513584 1.5
      vertex 23.416988112032413 10.683723010122776 1.5
    endloop
  endfacet
  facet normal 0 0 1
    outer loop
      vertex 21.91460692882538 10.306255921721458 1.5
      vertex 21.965791888535023 10.11951582878828 1.5
      vertex 23.416988112032413 10.683723010122776 1.5
    endloop
  endfacet
  facet normal 0 0 1
    outer loop
      vertex 21.91460692882538 10.306255921721458 1.5
      vertex 23.416988112032413 10.683723010122776 1.5
      vertex 23.340949423611164 10.849561110138893 1.5
    endloop
  endfacet
  facet normal 0 0 1
    outer loop
      vertex 21.91460692882538 10.306255921721458 1.5
      vertex 23.340949423611164 10.849561110138893 1.5
      vertex 23.2446331679821 10.992770530283451 1.5
    endloop
  endfacet
  facet normal 0 0 1
    outer loop
      vertex 21.91460692882538 10.306255921721458 1.5
      vertex 23.2446331679821 10.992770530283451 1.5
      vertex 23.12465925514698 11.122266136109829 1.5
    endloop
  endfacet
  facet normal 0 0 1
    outer loop
      vertex 21.91460692882538 10.306255921721458 1.5
      vertex 23.12465925514698 11.122266136109829 1.5
      vertex 22.98102769255638 11.238047920167446 1.5
    endloop
  endfacet
  facet normal 0 0 1
    outer loop
      vertex 21.91460692882538 10.306255921721458 1.5
      vertex 22.98102769255638 11.238047920167446 1.5
      vertex 22.813738472759724 11.340115889906883 1.5
    endloop
  endfacet
  facet normal 0 0 1
    outer loop
      vertex 21.844531029462814 10.455647990107536 1.5
      vertex 21.91460692882538 10.306255921721458 1.5
      vertex 22.813738472759724 11.340115889906883 1.5
    endloop
  endfacet
  facet normal 0 0 1
    outer loop
      vertex 21.844531029462814 10.455647990107536 1.5
      vertex 22.813738472759724 11.340115889906883 1.5
      vertex 22.622791603207588 11.42847004532814 1.5
    endloop
  endfacet
  facet normal 0 0 1
    outer loop
      vertex 21.75556417554617 10.567692041397095 1.5
      vertex 21.844531029462814 10.455647990107536 1.5
      vertex 22.622791603207588 11.42847004532814 1.5
    endloop
  endfacet
  facet normal 0 0 1
    outer loop
      vertex 21.639958284795284 10.651725083589554 1.5
      vertex 21.75556417554617 10.567692041397095 1.5
      vertex 22.622791603207588 11.42847004532814 1.5
    endloop
  endfacet
  facet normal 0 0 1
    outer loop
      vertex 21.639958284795284 10.651725083589554 1.5
      vertex 22.622791603207588 11.42847004532814 1.5
      vertex 21.762966357171535 12.135341376066208 1.5
    endloop
  endfacet
  facet normal 0 0 1
    outer loop
      vertex 21.639958284795284 10.651725083589554 1.5
      vertex 21.762966357171535 12.135341376066208 1.5
      vertex 21.6492630392313 12.092361845076084 1.5
    endloop
  endfacet
  facet normal 0 0 1
    outer loop
      vertex 21.489965245127678 10.717084117233753 1.5
      vertex 21.639958284795284 10.651725083589554 1.5
      vertex 21.6492630392313 12.092361845076084 1.5
    endloop
  endfacet
  facet normal 0 0 1
    outer loop
      vertex 21.489965245127678 10.717084117233753 1.5
      vertex 21.6492630392313 12.092361845076084 1.5
      vertex 21.514886401593685 12.058933310210705 1.5
    endloop
  endfacet
  facet normal 0 0 1
    outer loop
      vertex 21.30558505654335 10.763769134879112 1.5
      vertex 21.489965245127678 10.717084117233753 1.5
      vertex 21.514886401593685 12.058933310210705 1.5
    endloop
  endfacet
  facet normal 0 0 1
    outer loop
      vertex 21.30558505654335 10.763769134879112 1.5
      vertex 21.514886401593685 12.058933310210705 1.5
      vertex 21.359836421906948 12.035055793821812 1.5
    endloop
  endfacet
  facet normal 0 0 1
    outer loop
      vertex 21.30558505654335 10.763769134879112 1.5
      vertex 21.359836421906948 12.035055793821812 1.5
      vertex 21.18411312252283 12.020729281008244 1.5
    endloop
  endfacet
  facet normal 0 0 1
    outer loop
      vertex 21.08681772649288 10.791780151426792 1.5
      vertex 21.30558505654335 10.763769134879112 1.5
      vertex 21.18411312252283 12.020729281008244 1.5
    endloop
  endfacet
  facet normal 0 0 1
    outer loop
      vertex 21.08681772649288 10.791780151426792 1.5
      vertex 21.18411312252283 12.020729281008244 1.5
      vertex 20.987716488540173 12.015953779220581 1.5
    endloop
  endfacet
  facet normal 0 0 1
    outer loop
      vertex 20.833663247525692 10.801117151975632 1.5
      vertex 21.08681772649288 10.791780151426792 1.5
      vertex 20.987716488540173 12.015953779220581 1.5
    endloop
  endfacet
  facet normal 0 0 1
    outer loop
      vertex 20.833663247525692 10.801117151975632 1.5
      vertex 20.987716488540173 12.015953779220581 1.5
      vertex 19.253188356757164 12.015953779220581 1.5
    endloop
  endfacet
  facet normal 0 0 1
    outer loop
      vertex 19.253188356757164 10.801117151975632 1.5
      vertex 20.833663247525692 10.801117151975632 1.5
      vertex 19.253188356757164 12.015953779220581 1.5
    endloop
  endfacet
  facet normal 0 0 1
    outer loop
      vertex 19.253188356757164 12.015953779220581 1.5
      vertex 19.253188356757164 13.985959112644196 1.5
      vertex 17.757215552031994 15.257081598043442 1.5
    endloop
  endfacet
  facet normal 0 0 1
    outer loop
      vertex 17.757215552031994 15.257081598043442 1.5
      vertex 17.757215552031994 7.9305379539728165 1.5
      vertex 19.253188356757164 10.801117151975632 1.5
    endloop
  endfacet
  facet normal 0 0 1
    outer loop
      vertex 19.253188356757164 12.015953779220581 1.5
      vertex 17.757215552031994 15.257081598043442 1.5
      vertex 19.253188356757164 10.801117151975632 1.5
    endloop
  endfacet
  facet normal 0 0 1
    outer loop
      vertex 26.62898213416338 15.257081598043442 1.5
      vertex 25.073425464332104 15.257081598043442 1.5
      vertex 25.073425464332104 10.754578709602356 1.5
    endloop
  endfacet
  facet normal 0 0 1
    outer loop
      vertex 26.62898213416338 10.752966359257698 1.5
      vertex 26.62898213416338 15.257081598043442 1.5
      vertex 25.073425464332104 10.754578709602356 1.5
    endloop
  endfacet
  facet normal 0 0 1
    outer loop
      vertex 30.962774001061916 10.754578709602356 1.5
      vertex 30.962774001061916 15.257081598043442 1.5
      vertex 29.40714404731989 15.257081598043442 1.5
    endloop
  endfacet
  facet normal 0 0 1
    outer loop
      vertex 30.962774001061916 10.754578709602356 1.5
      vertex 29.40714404731989 15.257081598043442 1.5
      vertex 29.40714404731989 10.752966359257698 1.5
    endloop
  endfacet
  facet normal 0 0 1
    outer loop
      vertex 30.962774001061916 10.754578709602356 1.5
      vertex 29.40714404731989 10.752966359257698 1.5
      vertex 29.399988114833832 10.466998971998692 1.5
    endloop
  endfacet
  facet normal 0 0 1
    outer loop
      vertex 30.94826280325651 10.308082282543182 1.5
      vertex 30.962774001061916 10.754578709602356 1.5
      vertex 29.399988114833832 10.466998971998692 1.5
    endloop
  endfacet
  facet normal 0 0 1
    outer loop
      vertex 30.94826280325651 10.308082282543182 1.5
      vertex 29.399988114833832 10.466998971998692 1.5
      vertex 29.37852033227682 10.213642217218876 1.5
    endloop
  endfacet
  facet normal 0 0 1
    outer loop
      vertex 30.904729202389717 9.90293837338686 1.5
      vertex 30.94826280325651 10.308082282543182 1.5
      vertex 29.37852033227682 10.213642217218876 1.5
    endloop
  endfacet
  facet normal 0 0 1
    outer loop
      vertex 30.904729202389717 9.90293837338686 1.5
      vertex 29.37852033227682 10.213642217218876 1.5
      vertex 29.342740699648857 9.99289608001709 1.5
    endloop
  endfacet
  facet normal 0 0 1
    outer loop
      vertex 30.832173198461533 9.539146982133389 1.5
      vertex 30.904729202389717 9.90293837338686 1.5
      vertex 29.342740699648857 9.99289608001709 1.5
    endloop
  endfacet
  facet normal 0 0 1
    outer loop
      vertex 30.832173198461533 9.539146982133389 1.5
      vertex 29.342740699648857 9.99289608001709 1.5
      vertex 29.29264920949936 9.804760575294495 1.5
    endloop
  endfacet
  facet normal 0 0 1
    outer loop
      vertex 30.73059479892254 9.216708116233349 1.5
      vertex 30.832173198461533 9.539146982133389 1.5
      vertex 29.29264920949936 9.804760575294495 1.5
    endloop
  endfacet
  facet normal 0 0 1
    outer loop
      vertex 30.73059479892254 9.216708116233349 1.5
      vertex 29.29264920949936 9.804760575294495 1.5
      vertex 29.228245869278908 9.649235688149929 1.5
    endloop
  endfacet
  facet normal 0 0 1
    outer loop
      vertex 30.599993996322155 8.93562177568674 1.5
      vertex 30.73059479892254 9.216708116233349 1.5
      vertex 29.228245869278908 9.649235688149929 1.5
    endloop
  endfacet
  facet normal 0 0 1
    outer loop
      vertex 26.636138059198856 10.466998971998692 1.5
      vertex 26.62898213416338 10.752966359257698 1.5
      vertex 25.073425464332104 10.754578709602356 1.5
    endloop
  endfacet
  facet normal 0 0 1
    outer loop
      vertex 26.636138059198856 10.466998971998692 1.5
      vertex 25.073425464332104 10.754578709602356 1.5
      vertex 25.08793666958809 10.308082282543182 1.5
    endloop
  endfacet
  facet normal 0 0 1
    outer loop
      vertex 26.657605841755867 10.213642217218876 1.5
      vertex 26.636138059198856 10.466998971998692 1.5
      vertex 25.08793666958809 10.308082282543182 1.5
    endloop
  endfacet
  facet normal 0 0 1
    outer loop
      vertex 26.657605841755867 10.213642217218876 1.5
      vertex 25.08793666958809 10.308082282543182 1.5
      vertex 25.131470263004303 9.90293837338686 1.5
    endloop
  endfacet
  facet normal 0 0 1
    outer loop
      vertex 26.69338547438383 9.99289608001709 1.5
      vertex 26.657605841755867 10.213642217218876 1.5
      vertex 25.131470263004303 9.90293837338686 1.5
    endloop
  endfacet
  facet normal 0 0 1
    outer loop
      vertex 26.69338547438383 9.99289608001709 1.5
      vertex 25.131470263004303 9.90293837338686 1.5
      vertex 25.204026266932487 9.539146982133389 1.5
    endloop
  endfacet
  facet normal 0 0 1
    outer loop
      vertex 26.74347696453333 9.804760575294495 1.5
      vertex 26.69338547438383 9.99289608001709 1.5
      vertex 25.204026266932487 9.539146982133389 1.5
    endloop
  endfacet
  facet normal 0 0 1
    outer loop
      vertex 26.74347696453333 9.804760575294495 1.5
      vertex 25.204026266932487 9.539146982133389 1.5
      vertex 25.30560466647148 9.216708116233349 1.5
    endloop
  endfacet
  facet normal 0 0 1
    outer loop
      vertex 26.80788031220436 9.649235688149929 1.5
      vertex 26.74347696453333 9.804760575294495 1.5
      vertex 25.30560466647148 9.216708116233349 1.5
    endloop
  endfacet
  facet normal 0 0 1
    outer loop
      vertex 26.80788031220436 9.649235688149929 1.5
      vertex 25.30560466647148 9.216708116233349 1.5
      vertex 25.436205469071865 8.93562177568674 1.5
    endloop
  endfacet
  facet normal 0 0 1
    outer loop
      vertex 30.280516006052494 8.506248563528061 1.5
      vertex 30.599993996322155 8.93562177568674 1.5
      vertex 29.228245869278908 9.649235688149929 1.5
    endloop
  endfacet
  facet normal 0 0 1
    outer loop
      vertex 30.280516006052494 8.506248563528061 1.5
      vertex 29.228245869278908 9.649235688149929 1.5
      vertex 29.09086437523365 9.42731986194849 1.5
    endloop
  endfacet
  facet normal 0 0 1
    outer loop
      vertex 29.86283676326275 8.172291614115238 1.5
      vertex 30.280516006052494 8.506248563528061 1.5
      vertex 29.09086437523365 9.42731986194849 1.5
    endloop
  endfacet
  facet normal 0 0 1
    outer loop
      vertex 29.86283676326275 8.172291614115238 1.5
      vertex 29.09086437523365 9.42731986194849 1.5
      vertex 28.90140087157488 9.25471866875887 1.5
    endloop
  endfacet
  facet normal 0 0 1
    outer loop
      vertex 29.3469562754035 7.933750942349434 1.5
      vertex 29.86283676326275 8.172291614115238 1.5
      vertex 28.90140087157488 9.25471866875887 1.5
    endloop
  endfacet
  facet normal 0 0 1
    outer loop
      vertex 29.3469562754035 7.933750942349434 1.5
      vertex 28.90140087157488 9.25471866875887 1.5
      vertex 28.659855358302593 9.131432101130486 1.5
    endloop
  endfacet
  facet normal 0 0 1
    outer loop
      vertex 28.732874542474747 7.790626533329487 1.5
      vertex 29.3469562754035 7.933750942349434 1.5
      vertex 28.659855358302593 9.131432101130486 1.5
    endloop
  endfacet
  facet normal 0 0 1
    outer loop
      vertex 28.732874542474747 7.790626533329487 1.5
      vertex 28.659855358302593 9.131432101130486 1.5
      vertex 28.366227820515633 9.05746015906334 1.5
    endloop
  endfacet
  facet normal 0 0 1
    outer loop
      vertex 26.80788031220436 9.649235688149929 1.5
      vertex 25.436205469071865 8.93562177568674 1.5
      vertex 25.757477574050426 8.506248563528061 1.5
    endloop
  endfacet
  facet normal 0 0 1
    outer loop
      vertex 26.945458211004734 9.42731986194849 1.5
      vertex 26.80788031220436 9.649235688149929 1.5
      vertex 25.757477574050426 8.506248563528061 1.5
    endloop
  endfacet
  facet normal 0 0 1
    outer loop
      vertex 26.945458211004734 9.42731986194849 1.5
      vertex 25.757477574050426 8.506248563528061 1.5
      vertex 26.17655223608017 8.172291614115238 1.5
    endloop
  endfacet
  facet normal 0 0 1
    outer loop
      vertex 27.135510958731174 9.25471866875887 1.5
      vertex 26.945458211004734 9.42731986194849 1.5
      vertex 26.17655223608017 8.172291614115238 1.5
    endloop
  endfacet
  facet normal 0 0 1
    outer loop
      vertex 27.135510958731174 9.25471866875887 1.5
      vertex 26.17655223608017 8.172291614115238 1.5
      vertex 26.693429447710514 7.933750942349434 1.5
    endloop
  endfacet
  facet normal 0 0 1
    outer loop
      vertex 27.3780385479331 9.131432101130486 1.5
      vertex 27.135510958731174 9.25471866875887 1.5
      vertex 26.693429447710514 7.933750942349434 1.5
    endloop
  endfacet
  facet normal 0 0 1
    outer loop
      vertex 27.3780385479331 9.131432101130486 1.5
      vertex 26.693429447710514 7.933750942349434 1.5
      vertex 27.30810922384262 7.790626533329487 1.5
    endloop
  endfacet
  facet normal 0 0 1
    outer loop
      vertex 27.673040986061096 9.05746015906334 1.5
      vertex 27.3780385479331 9.131432101130486 1.5
      vertex 27.30810922384262 7.790626533329487 1.5
    endloop
  endfacet
  facet normal 0 0 1
    outer loop
      vertex 28.02059155702591 7.742918401956558 1.5
      vertex 28.732874542474747 7.790626533329487 1.5
      vertex 28.366227820515633 9.05746015906334 1.5
    endloop
  endfacet
  facet normal 0 0 1
    outer loop
      vertex 28.02059155702591 7.742918401956558 1.5
      vertex 28.366227820515633 9.05746015906334 1.5
      vertex 28.020518265664577 9.03280284255743 1.5
    endloop
  endfacet
  facet normal 0 0 1
    outer loop
      vertex 27.673040986061096 9.05746015906334 1.5
      vertex 27.30810922384262 7.790626533329487 1.5
      vertex 28.02059155702591 7.742918401956558 1.5
    endloop
  endfacet
  facet normal 0 0 1
    outer loop
      vertex 27.673040986061096 9.05746015906334 1.5
      vertex 28.02059155702591 7.742918401956558 1.5
      vertex 28.020518265664577 9.03280284255743 1.5
    endloop
  endfacet
  facet normal 0 0 1
    outer loop
      vertex 35.555422224104404 13.957816176116467 1.5
      vertex 37.74712644517422 13.957816176116467 1.5
      vertex 37.74712644517422 15.257081598043442 1.5
    endloop
  endfacet
  facet normal 0 0 1
    outer loop
      vertex 31.813071690499783 15.257081598043442 1.5
      vertex 31.813071690499783 13.957816176116467 1.5
      vertex 34.01474320143461 13.957816176116467 1.5
    endloop
  endfacet
  facet normal 0 0 1
    outer loop
      vertex 34.01474320143461 13.957816176116467 1.5
      vertex 34.01474320143461 7.9305379539728165 1.5
      vertex 35.555422224104404 7.9305379539728165 1.5
    endloop
  endfacet
  facet normal 0 0 1
    outer loop
      vertex 34.01474320143461 13.957816176116467 1.5
      vertex 35.555422224104404 7.9305379539728165 1.5
      vertex 35.555422224104404 13.957816176116467 1.5
    endloop
  endfacet
  facet normal 0 0 1
    outer loop
      vertex 34.01474320143461 13.957816176116467 1.5
      vertex 35.555422224104404 13.957816176116467 1.5
      vertex 37.74712644517422 15.257081598043442 1.5
    endloop
  endfacet
  facet normal 0 0 1
    outer loop
      vertex 34.01474320143461 13.957816176116467 1.5
      vertex 37.74712644517422 15.257081598043442 1.5
      vertex 31.813071690499783 15.257081598043442 1.5
    endloop
  endfacet
  facet normal 0 0 1
    outer loop
      vertex 43.01066115498543 11.199808709323406 1.5
      vertex 43.01066115498543 7.9305379539728165 1.5
      vertex 44.53147888928652 7.9305379539728165 1.5
    endloop
  endfacet
  facet normal 0 0 1
    outer loop
      vertex 44.53147888928652 15.257081598043442 1.5
      vertex 43.01066115498543 15.257081598043442 1.5
      vertex 43.01066115498543 12.46155022084713 1.5
    endloop
  endfacet
  facet normal 0 0 1
    outer loop
      vertex 40.14799715578556 12.46155022084713 1.5
      vertex 40.14799715578556 15.257081598043442 1.5
      vertex 38.63216307014227 15.257081598043442 1.5
    endloop
  endfacet
  facet normal 0 0 1
    outer loop
      vertex 38.63216307014227 7.9305379539728165 1.5
      vertex 40.14799715578556 7.9305379539728165 1.5
      vertex 40.14799715578556 11.199808709323406 1.5
    endloop
  endfacet
  facet normal 0 0 1
    outer loop
      vertex 44.53147888928652 7.9305379539728165 1.5
      vertex 44.53147888928652 15.257081598043442 1.5
      vertex 43.01066115498543 12.46155022084713 1.5
    endloop
  endfacet
  facet normal 0 0 1
    outer loop
      vertex 43.01066115498543 11.199808709323406 1.5
      vertex 44.53147888928652 7.9305379539728165 1.5
      vertex 43.01066115498543 12.46155022084713 1.5
    endloop
  endfacet
  facet normal 0 0 1
    outer loop
      vertex 40.14799715578556 11.199808709323406 1.5
      vertex 43.01066115498543 11.199808709323406 1.5
      vertex 43.01066115498543 12.46155022084713 1.5
    endloop
  endfacet
  facet normal 0 0 1
    outer loop
      vertex 40.14799715578556 11.199808709323406 1.5
      vertex 43.01066115498543 12.46155022084713 1.5
      vertex 40.14799715578556 12.46155022084713 1.5
    endloop
  endfacet
  facet normal 0 0 1
    outer loop
      vertex 40.14799715578556 12.46155022084713 1.5
      vertex 38.63216307014227 15.257081598043442 1.5
      vertex 38.63216307014227 7.9305379539728165 1.5
    endloop
  endfacet
  facet normal 0 0 1
    outer loop
      vertex 40.14799715578556 12.46155022084713 1.5
      vertex 38.63216307014227 7.9305379539728165 1.5
      vertex 40.14799715578556 11.199808709323406 1.5
    endloop
  endfacet
  facet normal 0 0 1
    outer loop
      vertex 50.282091557979584 9.436184890568256 1.5
      vertex 50.75421857833862 7.9305379539728165 1.5
      vertex 52.41421191394329 7.9305379539728165 1.5
    endloop
  endfacet
  facet normal 0 0 1
    outer loop
      vertex 50.282091557979584 9.436184890568256 1.5
      vertex 52.41421191394329 7.9305379539728165 1.5
      vertex 49.85467075556517 10.69792640209198 1.5
    endloop
  endfacet
  facet normal 0 0 1
    outer loop
      vertex 45.47617266327143 7.9305379539728165 1.5
      vertex 47.07650884240866 7.9305379539728165 1.5
      vertex 47.583448089659214 9.436184890568256 1.5
    endloop
  endfacet
  facet normal 0 0 1
    outer loop
      vertex 50.282091557979584 9.436184890568256 1.5
      vertex 49.85467075556517 10.69792640209198 1.5
      vertex 47.995917953550816 10.69792640209198 1.5
    endloop
  endfacet
  facet normal 0 0 1
    outer loop
      vertex 47.583448089659214 9.436184890568256 1.5
      vertex 50.282091557979584 9.436184890568256 1.5
      vertex 47.995917953550816 10.69792640209198 1.5
    endloop
  endfacet
  facet normal 0 0 1
    outer loop
      vertex 48.09038733690977 15.257081598043442 1.5
      vertex 45.47617266327143 7.9305379539728165 1.5
      vertex 47.583448089659214 9.436184890568256 1.5
    endloop
  endfacet
  facet normal 0 0 1
    outer loop
      vertex 49.85467075556517 10.69792640209198 1.5
      vertex 52.41421191394329 7.9305379539728165 1.5
      vertex 49.81985853612423 15.257081598043442 1.5
    endloop
  endfacet
  facet normal 0 0 1
    outer loop
      vertex 48.940245285630226 13.58045168966055 1.5
      vertex 49.85467075556517 10.69792640209198 1.5
      vertex 49.81985853612423 15.257081598043442 1.5
    endloop
  endfacet
  facet normal 0 0 1
    outer loop
      vertex 48.940245285630226 13.58045168966055 1.5
      vertex 49.81985853612423 15.257081598043442 1.5
      vertex 48.09038733690977 15.257081598043442 1.5
    endloop
  endfacet
  facet normal 0 0 1
    outer loop
      vertex 47.995917953550816 10.69792640209198 1.5
      vertex 48.940245285630226 13.58045168966055 1.5
      vertex 48.09038733690977 15.257081598043442 1.5
    endloop
  endfacet
  facet normal 0 0 1
    outer loop
      vertex 47.995917953550816 10.69792640209198 1.5
      vertex 48.09038733690977 15.257081598043442 1.5
      vertex 47.583448089659214 9.436184890568256 1.5
    endloop
  endfacet
  facet normal 0 0 1
    outer loop
      vertex 57.71255884319544 11.199808709323406 1.5
      vertex 57.71255884319544 7.9305379539728165 1.5
      vertex 59.23337657749653 7.9305379539728165 1.5
    endloop
  endfacet
  facet normal 0 0 1
    outer loop
      vertex 59.23337657749653 15.257081598043442 1.5
      vertex 57.71255884319544 15.257081598043442 1.5
      vertex 57.71255884319544 12.46155022084713 1.5
    endloop
  endfacet
  facet normal 0 0 1
    outer loop
      vertex 54.84989484399557 12.46155022084713 1.5
      vertex 54.84989484399557 15.257081598043442 1.5
      vertex 53.33406075835228 15.257081598043442 1.5
    endloop
  endfacet
  facet normal 0 0 1
    outer loop
      vertex 53.33406075835228 7.9305379539728165 1.5
      vertex 54.84989484399557 7.9305379539728165 1.5
      vertex 54.84989484399557 11.199808709323406 1.5
    endloop
  endfacet
  facet normal 0 0 1
    outer loop
      vertex 59.23337657749653 7.9305379539728165 1.5
      vertex 59.23337657749653 15.257081598043442 1.5
      vertex 57.71255884319544 12.46155022084713 1.5
    endloop
  endfacet
  facet normal 0 0 1
    outer loop
      vertex 57.71255884319544 11.199808709323406 1.5
      vertex 59.23337657749653 7.9305379539728165 1.5
      vertex 57.71255884319544 12.46155022084713 1.5
    endloop
  endfacet
  facet normal 0 0 1
    outer loop
      vertex 54.84989484399557 11.199808709323406 1.5
      vertex 57.71255884319544 11.199808709323406 1.5
      vertex 57.71255884319544 12.46155022084713 1.5
    endloop
  endfacet
  facet normal 0 0 1
    outer loop
      vertex 54.84989484399557 11.199808709323406 1.5
      vertex 57.71255884319544 12.46155022084713 1.5
      vertex 54.84989484399557 12.46155022084713 1.5
    endloop
  endfacet
  facet normal 0 0 1
    outer loop
      vertex 54.84989484399557 12.46155022084713 1.5
      vertex 53.33406075835228 15.257081598043442 1.5
      vertex 53.33406075835228 7.9305379539728165 1.5
    endloop
  endfacet
  facet normal 0 0 1
    outer loop
      vertex 54.84989484399557 12.46155022084713 1.5
      vertex 53.33406075835228 7.9305379539728165 1.5
      vertex 54.84989484399557 11.199808709323406 1.5
    endloop
  endfacet
  facet normal 0 0 1
    outer loop
      vertex 60.67013195902109 7.9305379539728165 1.5
      vertex 62.096480309963226 7.9305379539728165 1.5
      vertex 62.096480309963226 13.134635381400585 1.5
    endloop
  endfacet
  facet normal 0 0 1
    outer loop
      vertex 60.67013195902109 15.257081598043442 1.5
      vertex 60.67013195902109 7.9305379539728165 1.5
      vertex 62.096480309963226 13.134635381400585 1.5
    endloop
  endfacet
  facet normal 0 0 1
    outer loop
      vertex 62.27537848800421 15.257081598043442 1.5
      vertex 60.67013195902109 15.257081598043442 1.5
      vertex 62.096480309963226 13.134635381400585 1.5
    endloop
  endfacet
  facet normal 0 0 1
    outer loop
      vertex 65.1927160024643 10.142396621406078 1.5
      vertex 62.27537848800421 15.257081598043442 1.5
      vertex 62.096480309963226 13.134635381400585 1.5
    endloop
  endfacet
  facet normal 0 0 1
    outer loop
      vertex 65.1927160024643 10.142396621406078 1.5
      vertex 62.096480309963226 13.134635381400585 1.5
      vertex 65.08835262060165 7.9305379539728165 1.5
    endloop
  endfacet
  facet normal 0 0 1
    outer loop
      vertex 65.1927160024643 10.142396621406078 1.5
      vertex 65.08835262060165 7.9305379539728165 1.5
      vertex 66.61906435340643 7.9305379539728165 1.5
    endloop
  endfacet
  facet normal 0 0 1
    outer loop
      vertex 66.61906435340643 15.257081598043442 1.5
      vertex 65.1927160024643 15.257081598043442 1.5
      vertex 65.1927160024643 10.142396621406078 1.5
    endloop
  endfacet
  facet normal 0 0 1
    outer loop
      vertex 66.61906435340643 7.9305379539728165 1.5
      vertex 66.61906435340643 15.257081598043442 1.5
      vertex 65.1927160024643 10.142396621406078 1.5
    endloop
  endfacet
  facet normal 0 0 -1
    outer loop
      vertex 35.420477628707886 56.264321498572826 0.9
      vertex 36.97834810614586 56.42967854440212 0.9
      vertex 36.97834810614586 50.321146346628666 0.9
    endloop
  endfacet
  facet normal 0 0 -1
    outer loop
      vertex 35.420477628707886 56.264321498572826 0.9
      vertex 36.97834810614586 50.321146346628666 0.9
      vertex 34.987894386053085 50.10987363010645 0.9
    endloop
  endfacet
  facet normal 0 0 -1
    outer loop
      vertex 53.4764936119318 53.21032367646694 0.9
      vertex 57.00592760741711 51.135617300868034 0.9
      vertex 54.37252210825682 49.58762313425541 0.9
    endloop
  endfacet
  facet normal 0 0 -1
    outer loop
      vertex 48.22024415433407 24.054457880556583 0.9
      vertex 50.20410815626383 24.054457880556583 0.9
      vertex 50.20410815626383 21.000191777944565 0.9
    endloop
  endfacet
  facet normal 0 0 -1
    outer loop
      vertex 44.630394987761974 28.568527691066265 0.9
      vertex 48.22024415433407 30.839036360383034 0.9
      vertex 48.22024415433407 24.054457880556583 0.9
    endloop
  endfacet
  facet normal 0 0 -1
    outer loop
      vertex 44.630394987761974 24.054457880556583 0.9
      vertex 44.630394987761974 28.568527691066265 0.9
      vertex 48.22024415433407 24.054457880556583 0.9
    endloop
  endfacet
  facet normal 0 0 -1
    outer loop
      vertex 34.987894386053085 28.54170313477516 0.9
      vertex 36.97834810614586 28.330430425703526 0.9
      vertex 36.97834810614586 24.054457880556583 0.9
    endloop
  endfacet
  facet normal 0 0 -1
    outer loop
      vertex 35.420477628707886 56.264321498572826 0.9
      vertex 34.987894386053085 50.10987363010645 0.9
      vertex 33.0739326775074 49.48417456448078 0.9
    endloop
  endfacet
  facet normal 0 0 -1
    outer loop
      vertex 35.170449659228325 56.48545514047146 0.9
      vertex 35.420477628707886 56.264321498572826 0.9
      vertex 33.0739326775074 49.48417456448078 0.9
    endloop
  endfacet
  facet normal 0 0 -1
    outer loop
      vertex 34.680472664535046 56.767699621617794 0.9
      vertex 35.170449659228325 56.48545514047146 0.9
      vertex 33.0739326775074 49.48417456448078 0.9
    endloop
  endfacet
  facet normal 0 0 -1
    outer loop
      vertex 34.148816645145416 56.941504910588264 0.9
      vertex 34.680472664535046 56.767699621617794 0.9
      vertex 33.0739326775074 49.48417456448078 0.9
    endloop
  endfacet
  facet normal 0 0 -1
    outer loop
      vertex 33.59591282904148 57.000191777944565 0.9
      vertex 34.148816645145416 56.941504910588264 0.9
      vertex 33.0739326775074 49.48417456448078 0.9
    endloop
  endfacet
  facet normal 0 0 -1
    outer loop
      vertex 33.043009012937546 56.941504910588264 0.9
      vertex 33.59591282904148 57.000191777944565 0.9
      vertex 33.0739326775074 49.48417456448078 0.9
    endloop
  endfacet
  facet normal 0 0 -1
    outer loop
      vertex 32.511352993547916 56.767699621617794 0.9
      vertex 33.043009012937546 56.941504910588264 0.9
      vertex 33.0739326775074 49.48417456448078 0.9
    endloop
  endfacet
  facet normal 0 0 -1
    outer loop
      vertex 32.021375983953476 56.48545514047146 0.9
      vertex 32.511352993547916 56.767699621617794 0.9
      vertex 33.0739326775074 49.48417456448078 0.9
    endloop
  endfacet
  facet normal 0 0 -1
    outer loop
      vertex 31.591907545924187 56.105617962777615 0.9
      vertex 32.021375983953476 56.48545514047146 0.9
      vertex 33.0739326775074 49.48417456448078 0.9
    endloop
  endfacet
  facet normal 0 0 -1
    outer loop
      vertex 31.23945190757513 55.642785012722015 0.9
      vertex 31.591907545924187 56.105617962777615 0.9
      vertex 33.0739326775074 49.48417456448078 0.9
    endloop
  endfacet
  facet normal 0 0 -1
    outer loop
      vertex 30.999314039945602 55.15861603617668 0.9
      vertex 31.23945190757513 55.642785012722015 0.9
      vertex 33.0739326775074 49.48417456448078 0.9
    endloop
  endfacet
  facet normal 0 0 -1
    outer loop
      vertex 30.90481300652027 55.127722427248955 0.9
      vertex 30.999314039945602 55.15861603617668 0.9
      vertex 33.0739326775074 49.48417456448078 0.9
    endloop
  endfacet
  facet normal 0 0 -1
    outer loop
      vertex 28.160941801965237 53.54715330898762 0.9
      vertex 30.90481300652027 55.127722427248955 0.9
      vertex 33.0739326775074 49.48417456448078 0.9
    endloop
  endfacet
  facet normal 0 0 -1
    outer loop
      vertex 28.160941801965237 53.54715330898762 0.9
      vertex 33.0739326775074 49.48417456448078 0.9
      vertex 31.310015477240086 48.468094401061535 0.9
    endloop
  endfacet
  facet normal 0 0 -1
    outer loop
      vertex 28.133970864117146 53.52329923957586 0.9
      vertex 28.160941801965237 53.54715330898762 0.9
      vertex 31.310015477240086 48.468094401061535 0.9
    endloop
  endfacet
  facet normal 0 0 -1
    outer loop
      vertex 28.133970864117146 53.52329923957586 0.9
      vertex 31.310015477240086 48.468094401061535 0.9
      vertex 29.76392912119627 47.100680552423 0.9
    endloop
  endfacet
  facet normal 0 0 -1
    outer loop
      vertex 27.622886650264263 53.57754725217819 0.9
      vertex 28.133970864117146 53.52329923957586 0.9
      vertex 29.76392912119627 47.100680552423 0.9
    endloop
  endfacet
  facet normal 0 0 -1
    outer loop
      vertex 27.069982834160328 53.51886038482189 0.9
      vertex 27.622886650264263 53.57754725217819 0.9
      vertex 29.76392912119627 47.100680552423 0.9
    endloop
  endfacet
  facet normal 0 0 -1
    outer loop
      vertex 26.5383268147707 53.34505508840084 0.9
      vertex 27.069982834160328 53.51886038482189 0.9
      vertex 29.76392912119627 47.100680552423 0.9
    endloop
  endfacet
  facet normal 0 0 -1
    outer loop
      vertex 26.048349805176258 53.062810607254505 0.9
      vertex 26.5383268147707 53.34505508840084 0.9
      vertex 29.76392912119627 47.100680552423 0.9
    endloop
  endfacet
  facet normal 0 0 -1
    outer loop
      vertex 25.61888138204813 52.68297342956066 0.9
      vertex 26.048349805176258 53.062810607254505 0.9
      vertex 29.76392912119627 47.100680552423 0.9
    endloop
  endfacet
  facet normal 0 0 -1
    outer loop
      vertex 25.266425743699074 52.22014048695564 0.9
      vertex 25.61888138204813 52.68297342956066 0.9
      vertex 29.76392912119627 47.100680552423 0.9
    endloop
  endfacet
  facet normal 0 0 -1
    outer loop
      vertex 25.00452756881714 51.69209819287062 0.9
      vertex 25.266425743699074 52.22014048695564 0.9
      vertex 29.76392912119627 47.100680552423 0.9
    endloop
  endfacet
  facet normal 0 0 -1
    outer loop
      vertex 24.84325148165226 51.11913891136646 0.9
      vertex 25.00452756881714 51.69209819287062 0.9
      vertex 29.76392912119627 47.100680552423 0.9
    endloop
  endfacet
  facet normal 0 0 -1
    outer loop
      vertex 24.788795210421085 50.523281149566174 0.9
      vertex 24.84325148165226 51.11913891136646 0.9
      vertex 29.76392912119627 47.100680552423 0.9
    endloop
  endfacet
  facet normal 0 0 -1
    outer loop
      vertex 24.819248631596565 50.19006146490574 0.9
      vertex 24.788795210421085 50.523281149566174 0.9
      vertex 29.76392912119627 47.100680552423 0.9
    endloop
  endfacet
  facet normal 0 0 -1
    outer loop
      vertex 24.819248631596565 50.19006146490574 0.9
      vertex 29.76392912119627 47.100680552423 0.9
      vertex 28.49508883804083 45.43448197096586 0.9
    endloop
  endfacet
  facet normal 0 0 -1
    outer loop
      vertex 23.78216701745987 48.82820062339306 0.9
      vertex 24.819248631596565 50.19006146490574 0.9
      vertex 28.49508883804083 45.43448197096586 0.9
    endloop
  endfacet
  facet normal 0 0 -1
    outer loop
      vertex 23.07682553678751 47.406082451343536 0.9
      vertex 23.78216701745987 48.82820062339306 0.9
      vertex 28.49508883804083 45.43448197096586 0.9
    endloop
  endfacet
  facet normal 0 0 -1
    outer loop
      vertex 23.07682553678751 47.406082451343536 0.9
      vertex 28.49508883804083 45.43448197096586 0.9
      vertex 27.55225543677807 43.533529713749886 0.9
    endloop
  endfacet
  facet normal 0 0 -1
    outer loop
      vertex 23.07682553678751 47.406082451343536 0.9
      vertex 27.55225543677807 43.533529713749886 0.9
      vertex 26.971661508083344 41.470876313745975 0.9
    endloop
  endfacet
  facet normal 0 0 -1
    outer loop
      vertex 22.75545919686556 47.301023595035076 0.9
      vertex 23.07682553678751 47.406082451343536 0.9
      vertex 26.971661508083344 41.470876313745975 0.9
    endloop
  endfacet
  facet normal 0 0 -1
    outer loop
      vertex 22.26548220217228 47.01877911388874 0.9
      vertex 22.75545919686556 47.301023595035076 0.9
      vertex 26.971661508083344 41.470876313745975 0.9
    endloop
  endfacet
  facet normal 0 0 -1
    outer loop
      vertex 21.83601376414299 46.6389419361949 0.9
      vertex 22.26548220217228 47.01877911388874 0.9
      vertex 26.971661508083344 41.470876313745975 0.9
    endloop
  endfacet
  facet normal 0 0 -1
    outer loop
      vertex 21.483558125793934 46.1761089861393 0.9
      vertex 21.83601376414299 46.6389419361949 0.9
      vertex 26.971661508083344 41.470876313745975 0.9
    endloop
  endfacet
  facet normal 0 0 -1
    outer loop
      vertex 21.22165996581316 45.64806669950485 0.9
      vertex 21.483558125793934 46.1761089861393 0.9
      vertex 26.971661508083344 41.470876313745975 0.9
    endloop
  endfacet
  facet normal 0 0 -1
    outer loop
      vertex 21.06038387864828 45.0751074180007 0.9
      vertex 21.22165996581316 45.64806669950485 0.9
      vertex 26.971661508083344 41.470876313745975 0.9
    endloop
  endfacet
  facet normal 0 0 -1
    outer loop
      vertex 21.005927607417107 44.47924967110157 0.9
      vertex 21.06038387864828 45.0751074180007 0.9
      vertex 26.971661508083344 41.470876313745975 0.9
    endloop
  endfacet
  facet normal 0 0 -1
    outer loop
      vertex 21.06038387864828 43.88339190930128 0.9
      vertex 21.005927607417107 44.47924967110157 0.9
      vertex 26.971661508083344 41.470876313745975 0.9
    endloop
  endfacet
  facet normal 0 0 -1
    outer loop
      vertex 21.22165996581316 43.310432620346546 0.9
      vertex 21.06038387864828 43.88339190930128 0.9
      vertex 26.971661508083344 41.470876313745975 0.9
    endloop
  endfacet
  facet normal 0 0 -1
    outer loop
      vertex 21.45966935902834 42.83055516332388 0.9
      vertex 21.22165996581316 43.310432620346546 0.9
      vertex 26.971661508083344 41.470876313745975 0.9
    endloop
  endfacet
  facet normal 0 0 -1
    outer loop
      vertex 21.412391170859337 42.66259182244539 0.9
      vertex 21.45966935902834 42.83055516332388 0.9
      vertex 26.971661508083344 41.470876313745975 0.9
    endloop
  endfacet
  facet normal 0 0 -1
    outer loop
      vertex 21.107436053454876 39.325788386166096 0.9
      vertex 21.412391170859337 42.66259182244539 0.9
      vertex 26.971661508083344 41.470876313745975 0.9
    endloop
  endfacet
  facet normal 0 0 -1
    outer loop
      vertex 21.107436053454876 39.325788386166096 0.9
      vertex 26.971661508083344 41.470876313745975 0.9
      vertex 26.77561893314123 39.325788386166096 0.9
    endloop
  endfacet
  facet normal 0 0 -1
    outer loop
      vertex 21.107436053454876 39.325788386166096 0.9
      vertex 26.77561893314123 39.325788386166096 0.9
      vertex 26.971661508083344 37.180700458586216 0.9
    endloop
  endfacet
  facet normal 0 0 -1
    outer loop
      vertex 21.412391170859337 35.98898494243622 0.9
      vertex 21.107436053454876 39.325788386166096 0.9
      vertex 26.971661508083344 37.180700458586216 0.9
    endloop
  endfacet
  facet normal 0 0 -1
    outer loop
      vertex 21.412391170859337 35.98898494243622 0.9
      vertex 26.971661508083344 37.180700458586216 0.9
      vertex 27.55225543677807 35.118047051131725 0.9
    endloop
  endfacet
  facet normal 0 0 -1
    outer loop
      vertex 22.31553729623556 32.78041298687458 0.9
      vertex 21.412391170859337 35.98898494243622 0.9
      vertex 27.55225543677807 35.118047051131725 0.9
    endloop
  endfacet
  facet normal 0 0 -1
    outer loop
      vertex 22.31553729623556 32.78041298687458 0.9
      vertex 27.55225543677807 35.118047051131725 0.9
      vertex 28.49508883804083 33.21709479391575 0.9
    endloop
  endfacet
  facet normal 0 0 -1
    outer loop
      vertex 23.78216701745987 29.823376141488552 0.9
      vertex 22.31553729623556 32.78041298687458 0.9
      vertex 28.49508883804083 33.21709479391575 0.9
    endloop
  endfacet
  facet normal 0 0 -1
    outer loop
      vertex 23.78216701745987 29.823376141488552 0.9
      vertex 28.49508883804083 33.21709479391575 0.9
      vertex 29.76392912119627 31.55089621245861 0.9
    endloop
  endfacet
  facet normal 0 0 -1
    outer loop
      vertex 25.755918569862843 27.231511667370796 0.9
      vertex 23.78216701745987 29.823376141488552 0.9
      vertex 29.76392912119627 31.55089621245861 0.9
    endloop
  endfacet
  facet normal 0 0 -1
    outer loop
      vertex 25.755918569862843 27.231511667370796 0.9
      vertex 29.76392912119627 31.55089621245861 0.9
      vertex 31.310015477240086 30.183482363820076 0.9
    endloop
  endfacet
  facet normal 0 0 -1
    outer loop
      vertex 28.160941801965237 25.104423463344574 0.9
      vertex 25.755918569862843 27.231511667370796 0.9
      vertex 31.310015477240086 30.183482363820076 0.9
    endloop
  endfacet
  facet normal 0 0 -1
    outer loop
      vertex 28.160941801965237 25.104423463344574 0.9
      vertex 31.310015477240086 30.183482363820076 0.9
      vertex 33.0739326775074 29.16740220785141 0.9
    endloop
  endfacet
  facet normal 0 0 -1
    outer loop
      vertex 30.90481300652027 23.523854337632656 0.9
      vertex 28.160941801965237 25.104423463344574 0.9
      vertex 33.0739326775074 29.16740220785141 0.9
    endloop
  endfacet
  facet normal 0 0 -1
    outer loop
      vertex 30.90481300652027 23.523854337632656 0.9
      vertex 33.0739326775074 29.16740220785141 0.9
      vertex 34.987894386053085 28.54170313477516 0.9
    endloop
  endfacet
  facet normal 0 0 -1
    outer loop
      vertex 33.882086768746376 22.550544671714306 0.9
      vertex 30.90481300652027 23.523854337632656 0.9
      vertex 34.987894386053085 28.54170313477516 0.9
    endloop
  endfacet
  facet normal 0 0 -1
    outer loop
      vertex 33.882086768746376 22.550544671714306 0.9
      vertex 34.987894386053085 28.54170313477516 0.9
      vertex 36.97834810614586 24.054457880556583 0.9
    endloop
  endfacet
  facet normal 0 0 -1
    outer loop
      vertex 36.97834810614586 22.22189822047949 0.9
      vertex 33.882086768746376 22.550544671714306 0.9
      vertex 36.97834810614586 24.054457880556583 0.9
    endloop
  endfacet
  facet normal 0 0 -1
    outer loop
      vertex 36.97834810614586 22.22189822047949 0.9
      vertex 36.97834810614586 24.054457880556583 0.9
      vertex 38.96221210807562 24.054457880556583 0.9
    endloop
  endfacet
  facet normal 0 0 -1
    outer loop
      vertex 44.630394987761974 24.054457880556583 0.9
      vertex 48.22024415433407 24.054457880556583 0.9
      vertex 50.20410815626383 21.000191777944565 0.9
    endloop
  endfacet
  facet normal 0 0 -1
    outer loop
      vertex 36.97834810614586 21.000191777944565 0.9
      vertex 36.97834810614586 22.22189822047949 0.9
      vertex 38.96221210807562 24.054457880556583 0.9
    endloop
  endfacet
  facet normal 0 0 -1
    outer loop
      vertex 44.630394987761974 24.054457880556583 0.9
      vertex 50.20410815626383 21.000191777944565 0.9
      vertex 36.97834810614586 21.000191777944565 0.9
    endloop
  endfacet
  facet normal 0 0 -1
    outer loop
      vertex 42.55206127464771 24.054457880556583 0.9
      vertex 44.630394987761974 24.054457880556583 0.9
      vertex 36.97834810614586 21.000191777944565 0.9
    endloop
  endfacet
  facet normal 0 0 -1
    outer loop
      vertex 42.55206127464771 24.054457880556583 0.9
      vertex 36.97834810614586 21.000191777944565 0.9
      vertex 38.96221210807562 24.054457880556583 0.9
    endloop
  endfacet
  facet normal 0 0 -1
    outer loop
      vertex 42.55206127464771 28.26001337170601 0.9
      vertex 42.55206127464771 24.054457880556583 0.9
      vertex 38.96221210807562 24.054457880556583 0.9
    endloop
  endfacet
  facet normal 0 0 -1
    outer loop
      vertex 42.55206127464771 28.26001337170601 0.9
      vertex 38.96221210807562 24.054457880556583 0.9
      vertex 38.96221210807562 29.317842975258827 0.9
    endloop
  endfacet
  facet normal 0 0 -1
    outer loop
      vertex 42.55206127464771 28.26001337170601 0.9
      vertex 38.96221210807562 29.317842975258827 0.9
      vertex 38.02788958698511 29.90986692160368 0.9
    endloop
  endfacet
  facet normal 0 0 -1
    outer loop
      vertex 42.55206127464771 28.26001337170601 0.9
      vertex 38.02788958698511 29.90986692160368 0.9
      vertex 36.768115505576134 31.135474890470505 0.9
    endloop
  endfacet
  facet normal 0 0 -1
    outer loop
      vertex 42.55206127464771 28.26001337170601 0.9
      vertex 36.768115505576134 31.135474890470505 0.9
      vertex 35.73424565047026 32.62888250499964 0.9
    endloop
  endfacet
  facet normal 0 0 -1
    outer loop
      vertex 42.55206127464771 28.26001337170601 0.9
      vertex 35.73424565047026 32.62888250499964 0.9
      vertex 34.96601103246212 34.33269897848368 0.9
    endloop
  endfacet
  facet normal 0 0 -1
    outer loop
      vertex 42.55206127464771 28.26001337170601 0.9
      vertex 34.96601103246212 34.33269897848368 0.9
      vertex 34.49293449521065 36.181447580456734 0.9
    endloop
  endfacet
  facet normal 0 0 -1
    outer loop
      vertex 42.55206127464771 28.26001337170601 0.9
      vertex 34.49293449521065 36.181447580456734 0.9
      vertex 34.333196103572845 38.10408194363117 0.9
    endloop
  endfacet
  facet normal 0 0 -1
    outer loop
      vertex 42.55206127464771 28.26001337170601 0.9
      vertex 34.333196103572845 38.10408194363117 0.9
      vertex 34.49293449521065 40.02671629935503 0.9
    endloop
  endfacet
  facet normal 0 0 -1
    outer loop
      vertex 42.646530985832214 28.248983331024647 0.9
      vertex 42.55206127464771 28.26001337170601 0.9
      vertex 34.49293449521065 40.02671629935503 0.9
    endloop
  endfacet
  facet normal 0 0 -1
    outer loop
      vertex 44.2683821618557 28.438346289098263 0.9
      vertex 42.646530985832214 28.248983331024647 0.9
      vertex 34.49293449521065 40.02671629935503 0.9
    endloop
  endfacet
  facet normal 0 0 -1
    outer loop
      vertex 44.630394987761974 28.568527691066265 0.9
      vertex 44.2683821618557 28.438346289098263 0.9
      vertex 34.49293449521065 40.02671629935503 0.9
    endloop
  endfacet
  facet normal 0 0 -1
    outer loop
      vertex 48.22024415433407 30.839036360383034 0.9
      vertex 44.630394987761974 28.568527691066265 0.9
      vertex 34.49293449521065 40.02671629935503 0.9
    endloop
  endfacet
  facet normal 0 0 -1
    outer loop
      vertex 48.524946458637714 31.135474890470505 0.9
      vertex 48.22024415433407 30.839036360383034 0.9
      vertex 34.49293449521065 40.02671629935503 0.9
    endloop
  endfacet
  facet normal 0 0 -1
    outer loop
      vertex 49.55881632119417 32.62888250499964 0.9
      vertex 48.524946458637714 31.135474890470505 0.9
      vertex 34.49293449521065 40.02671629935503 0.9
    endloop
  endfacet
  facet normal 0 0 -1
    outer loop
      vertex 50.32705093175173 34.33269897848368 0.9
      vertex 49.55881632119417 32.62888250499964 0.9
      vertex 34.49293449521065 40.02671629935503 0.9
    endloop
  endfacet
  facet normal 0 0 -1
    outer loop
      vertex 50.80012747645378 36.181447580456734 0.9
      vertex 50.32705093175173 34.33269897848368 0.9
      vertex 34.49293449521065 40.02671629935503 0.9
    endloop
  endfacet
  facet normal 0 0 -1
    outer loop
      vertex 50.95986586809158 38.10408194363117 0.9
      vertex 50.80012747645378 36.181447580456734 0.9
      vertex 34.49293449521065 40.02671629935503 0.9
    endloop
  endfacet
  facet normal 0 0 -1
    outer loop
      vertex 50.80012747645378 40.02671629935503 0.9
      vertex 50.95986586809158 38.10408194363117 0.9
      vertex 34.49293449521065 40.02671629935503 0.9
    endloop
  endfacet
  facet normal 0 0 -1
    outer loop
      vertex 50.433713652193546 41.45863477140665 0.9
      vertex 50.80012747645378 40.02671629935503 0.9
      vertex 34.49293449521065 40.02671629935503 0.9
    endloop
  endfacet
  facet normal 0 0 -1
    outer loop
      vertex 50.433713652193546 41.45863477140665 0.9
      vertex 34.49293449521065 40.02671629935503 0.9
      vertex 34.96601103246212 41.87546490877867 0.9
    endloop
  endfacet
  facet normal 0 0 -1
    outer loop
      vertex 50.433713652193546 41.45863477140665 0.9
      vertex 34.96601103246212 41.87546490877867 0.9
      vertex 35.73424565047026 43.579281374812126 0.9
    endloop
  endfacet
  facet normal 0 0 -1
    outer loop
      vertex 50.433713652193546 41.45863477140665 0.9
      vertex 35.73424565047026 43.579281374812126 0.9
      vertex 36.768115505576134 45.072689011693 0.9
    endloop
  endfacet
  facet normal 0 0 -1
    outer loop
      vertex 50.433713652193546 41.45863477140665 0.9
      vertex 36.768115505576134 45.072689011693 0.9
      vertex 38.02788958698511 46.298296980559826 0.9
    endloop
  endfacet
  facet normal 0 0 -1
    outer loop
      vertex 50.433713652193546 41.45863477140665 0.9
      vertex 38.02788958698511 46.298296980559826 0.9
      vertex 39.46515545248985 47.2090058401227 0.9
    endloop
  endfacet
  facet normal 0 0 -1
    outer loop
      vertex 50.433713652193546 41.45863477140665 0.9
      vertex 39.46515545248985 47.2090058401227 0.9
      vertex 41.02467980235815 47.76981761306524 0.9
    endloop
  endfacet
  facet normal 0 0 -1
    outer loop
      vertex 50.433713652193546 41.45863477140665 0.9
      vertex 41.02467980235815 47.76981761306524 0.9
      vertex 42.646530985832214 47.95918056368828 0.9
    endloop
  endfacet
  facet normal 0 0 -1
    outer loop
      vertex 50.433713652193546 41.45863477140665 0.9
      vertex 42.646530985832214 47.95918056368828 0.9
      vertex 43.767221964895725 47.82833171635866 0.9
    endloop
  endfacet
  facet normal 0 0 -1
    outer loop
      vertex 50.433713652193546 41.45863477140665 0.9
      vertex 43.767221964895725 47.82833171635866 0.9
      vertex 44.19702823460102 48.53794591873884 0.9
    endloop
  endfacet
  facet normal 0 0 -1
    outer loop
      vertex 50.66958098858595 41.48367043584585 0.9
      vertex 50.433713652193546 41.45863477140665 0.9
      vertex 44.19702823460102 48.53794591873884 0.9
    endloop
  endfacet
  facet normal 0 0 -1
    outer loop
      vertex 51.20123701542616 41.65747572481632 0.9
      vertex 50.66958098858595 41.48367043584585 0.9
      vertex 44.19702823460102 48.53794591873884 0.9
    endloop
  endfacet
  facet normal 0 0 -1
    outer loop
      vertex 51.69121401757002 41.93972020596266 0.9
      vertex 51.20123701542616 41.65747572481632 0.9
      vertex 44.19702823460102 48.53794591873884 0.9
    endloop
  endfacet
  facet normal 0 0 -1
    outer loop
      vertex 51.964501574635506 42.18142545968294 0.9
      vertex 51.69121401757002 41.93972020596266 0.9
      vertex 44.19702823460102 48.53794591873884 0.9
    endloop
  endfacet
  facet normal 0 0 -1
    outer loop
      vertex 51.964501574635506 42.18142545968294 0.9
      vertex 44.19702823460102 48.53794591873884 0.9
      vertex 43.977348662912846 48.826421827077866 0.9
    endloop
  endfacet
  facet normal 0 0 -1
    outer loop
      vertex 51.964501574635506 42.18142545968294 0.9
      vertex 43.977348662912846 48.826421827077866 0.9
      vertex 43.71545048803091 49.35446412116289 0.9
    endloop
  endfacet
  facet normal 0 0 -1
    outer loop
      vertex 51.964501574635506 42.18142545968294 0.9
      vertex 43.71545048803091 49.35446412116289 0.9
      vertex 43.55417440086603 49.927423402667046 0.9
    endloop
  endfacet
  facet normal 0 0 -1
    outer loop
      vertex 51.964501574635506 42.18142545968294 0.9
      vertex 43.55417440086603 49.927423402667046 0.9
      vertex 43.49971812963486 50.523281149566174 0.9
    endloop
  endfacet
  facet normal 0 0 -1
    outer loop
      vertex 51.964501574635506 42.18142545968294 0.9
      vertex 43.49971812963486 50.523281149566174 0.9
      vertex 43.55417440086603 51.11913891136646 0.9
    endloop
  endfacet
  facet normal 0 0 -1
    outer loop
      vertex 51.964501574635506 42.18142545968294 0.9
      vertex 43.55417440086603 51.11913891136646 0.9
      vertex 43.71545048803091 51.69209819287062 0.9
    endloop
  endfacet
  facet normal 0 0 -1
    outer loop
      vertex 51.964501574635506 42.18142545968294 0.9
      vertex 43.71545048803091 51.69209819287062 0.9
      vertex 43.977348662912846 52.22014048695564 0.9
    endloop
  endfacet
  facet normal 0 0 -1
    outer loop
      vertex 51.964501574635506 42.18142545968294 0.9
      vertex 43.977348662912846 52.22014048695564 0.9
      vertex 44.32980428636074 52.68297342956066 0.9
    endloop
  endfacet
  facet normal 0 0 -1
    outer loop
      vertex 51.964501574635506 42.18142545968294 0.9
      vertex 44.32980428636074 52.68297342956066 0.9
      vertex 44.75927271693945 53.062810607254505 0.9
    endloop
  endfacet
  facet normal 0 0 -1
    outer loop
      vertex 51.964501574635506 42.18142545968294 0.9
      vertex 44.75927271693945 53.062810607254505 0.9
      vertex 45.24924973398447 53.34505508840084 0.9
    endloop
  endfacet
  facet normal 0 0 -1
    outer loop
      vertex 51.964501574635506 42.18142545968294 0.9
      vertex 45.24924973398447 53.34505508840084 0.9
      vertex 45.7809057533741 53.51886038482189 0.9
    endloop
  endfacet
  facet normal 0 0 -1
    outer loop
      vertex 51.964501574635506 42.18142545968294 0.9
      vertex 45.7809057533741 53.51886038482189 0.9
      vertex 46.333809569478035 53.57754725217819 0.9
    endloop
  endfacet
  facet normal 0 0 -1
    outer loop
      vertex 51.964501574635506 42.18142545968294 0.9
      vertex 46.333809569478035 53.57754725217819 0.9
      vertex 46.35688551515341 53.575097896158695 0.9
    endloop
  endfacet
  facet normal 0 0 -1
    outer loop
      vertex 51.964501574635506 42.18142545968294 0.9
      vertex 46.35688551515341 53.575097896158695 0.9
      vertex 46.52718402445316 53.918455846607685 0.9
    endloop
  endfacet
  facet normal 0 0 -1
    outer loop
      vertex 51.964501574635506 42.18142545968294 0.9
      vertex 46.52718402445316 53.918455846607685 0.9
      vertex 47.02062191814184 54.56642197072506 0.9
    endloop
  endfacet
  facet normal 0 0 -1
    outer loop
      vertex 51.964501574635506 42.18142545968294 0.9
      vertex 47.02062191814184 54.56642197072506 0.9
      vertex 47.62187771499157 55.098194018006325 0.9
    endloop
  endfacet
  facet normal 0 0 -1
    outer loop
      vertex 51.964501574635506 42.18142545968294 0.9
      vertex 47.62187771499157 55.098194018006325 0.9
      vertex 48.307845525443554 55.49333630502224 0.9
    endloop
  endfacet
  facet normal 0 0 -1
    outer loop
      vertex 51.964501574635506 42.18142545968294 0.9
      vertex 48.307845525443554 55.49333630502224 0.9
      vertex 49.0521639585495 55.73666371405125 0.9
    endloop
  endfacet
  facet normal 0 0 -1
    outer loop
      vertex 51.964501574635506 42.18142545968294 0.9
      vertex 49.0521639585495 55.73666371405125 0.9
      vertex 49.82622928917408 55.81882533431053 0.9
    endloop
  endfacet
  facet normal 0 0 -1
    outer loop
      vertex 51.964501574635506 42.18142545968294 0.9
      vertex 49.82622928917408 55.81882533431053 0.9
      vertex 50.60029463469982 55.73666371405125 0.9
    endloop
  endfacet
  facet normal 0 0 -1
    outer loop
      vertex 51.964501574635506 42.18142545968294 0.9
      vertex 50.60029463469982 55.73666371405125 0.9
      vertex 51.34461306780577 55.49333630502224 0.9
    endloop
  endfacet
  facet normal 0 0 -1
    outer loop
      vertex 52.02473586052656 42.102327823638916 0.9
      vertex 51.964501574635506 42.18142545968294 0.9
      vertex 51.34461306780577 55.49333630502224 0.9
    endloop
  endfacet
  facet normal 0 0 -1
    outer loop
      vertex 52.28241691738367 41.874425515532494 0.9
      vertex 52.02473586052656 42.102327823638916 0.9
      vertex 51.34461306780577 55.49333630502224 0.9
    endloop
  endfacet
  facet normal 0 0 -1
    outer loop
      vertex 52.57640311866999 41.705078817903996 0.9
      vertex 52.28241691738367 41.874425515532494 0.9
      vertex 51.34461306780577 55.49333630502224 0.9
    endloop
  endfacet
  facet normal 0 0 -1
    outer loop
      vertex 52.89539673179388 41.60079564154148 0.9
      vertex 52.57640311866999 41.705078817903996 0.9
      vertex 51.34461306780577 55.49333630502224 0.9
    endloop
  endfacet
  facet normal 0 0 -1
    outer loop
      vertex 53.22713902592659 41.565583527088165 0.9
      vertex 52.89539673179388 41.60079564154148 0.9
      vertex 51.34461306780577 55.49333630502224 0.9
    endloop
  endfacet
  facet normal 0 0 -1
    outer loop
      vertex 53.55888131260872 41.60079564154148 0.9
      vertex 53.22713902592659 41.565583527088165 0.9
      vertex 51.34461306780577 55.49333630502224 0.9
    endloop
  endfacet
  facet normal 0 0 -1
    outer loop
      vertex 53.87787493318319 41.705078817903996 0.9
      vertex 53.55888131260872 41.60079564154148 0.9
      vertex 51.34461306780577 55.49333630502224 0.9
    endloop
  endfacet
  facet normal 0 0 -1
    outer loop
      vertex 54.17186112701893 41.874425515532494 0.9
      vertex 53.87787493318319 41.705078817903996 0.9
      vertex 51.34461306780577 55.49333630502224 0.9
    endloop
  endfacet
  facet normal 0 0 -1
    outer loop
      vertex 54.42954218387604 42.102327823638916 0.9
      vertex 54.17186112701893 41.874425515532494 0.9
      vertex 51.34461306780577 55.49333630502224 0.9
    endloop
  endfacet
  facet normal 0 0 -1
    outer loop
      vertex 54.64101556688547 42.38002758473158 0.9
      vertex 54.42954218387604 42.102327823638916 0.9
      vertex 51.34461306780577 55.49333630502224 0.9
    endloop
  endfacet
  facet normal 0 0 -1
    outer loop
      vertex 54.79815445840359 42.69685295969248 0.9
      vertex 54.64101556688547 42.38002758473158 0.9
      vertex 51.34461306780577 55.49333630502224 0.9
    endloop
  endfacet
  facet normal 0 0 -1
    outer loop
      vertex 54.894920125603676 43.04062853008509 0.9
      vertex 54.79815445840359 42.69685295969248 0.9
      vertex 51.34461306780577 55.49333630502224 0.9
    endloop
  endfacet
  facet normal 0 0 -1
    outer loop
      vertex 54.927593886852264 43.39814318716526 0.9
      vertex 54.894920125603676 43.04062853008509 0.9
      vertex 51.34461306780577 55.49333630502224 0.9
    endloop
  endfacet
  facet normal 0 0 -1
    outer loop
      vertex 54.549715019762516 48.69220443069935 0.9
      vertex 54.927593886852264 43.39814318716526 0.9
      vertex 51.34461306780577 55.49333630502224 0.9
    endloop
  endfacet
  facet normal 0 0 -1
    outer loop
      vertex 54.549715019762516 48.69220443069935 0.9
      vertex 51.34461306780577 55.49333630502224 0.9
      vertex 52.03058087825775 55.098194018006325 0.9
    endloop
  endfacet
  facet normal 0 0 -1
    outer loop
      vertex 54.549715019762516 48.69220443069935 0.9
      vertex 52.03058087825775 55.098194018006325 0.9
      vertex 52.63183667510748 54.56642197072506 0.9
    endloop
  endfacet
  facet normal 0 0 -1
    outer loop
      vertex 54.549715019762516 48.69220443069935 0.9
      vertex 52.63183667510748 54.56642197072506 0.9
      vertex 53.12527456879616 53.918455846607685 0.9
    endloop
  endfacet
  facet normal 0 0 -1
    outer loop
      vertex 54.549715019762516 48.69220443069935 0.9
      vertex 53.12527456879616 53.918455846607685 0.9
      vertex 53.4764936119318 53.21032367646694 0.9
    endloop
  endfacet
  facet normal 0 0 -1
    outer loop
      vertex 54.37252210825682 49.58762313425541 0.9
      vertex 54.39151129871607 49.549336925148964 0.9
      vertex 54.509780429303646 49.129166789352894 0.9
    endloop
  endfacet
  facet normal 0 0 -1
    outer loop
      vertex 54.37252210825682 49.58762313425541 0.9
      vertex 54.509780429303646 49.129166789352894 0.9
      vertex 54.549715019762516 48.69220443069935 0.9
    endloop
  endfacet
  facet normal 0 0 -1
    outer loop
      vertex 54.37252210825682 49.58762313425541 0.9
      vertex 54.549715019762516 48.69220443069935 0.9
      vertex 53.4764936119318 53.21032367646694 0.9
    endloop
  endfacet
  facet normal 0 0 -1
    outer loop
      vertex 39.8078795671463 56.941504910588264 0.9
      vertex 40.36078338325024 57.000191777944565 0.9
      vertex 40.91368719935417 56.941504910588264 0.9
    endloop
  endfacet
  facet normal 0 0 -1
    outer loop
      vertex 39.8078795671463 56.941504910588264 0.9
      vertex 40.91368719935417 56.941504910588264 0.9
      vertex 41.4453432187438 56.767699621617794 0.9
    endloop
  endfacet
  facet normal 0 0 -1
    outer loop
      vertex 39.27622354775667 56.767699621617794 0.9
      vertex 39.8078795671463 56.941504910588264 0.9
      vertex 41.4453432187438 56.767699621617794 0.9
    endloop
  endfacet
  facet normal 0 0 -1
    outer loop
      vertex 38.78624655306339 56.48545514047146 0.9
      vertex 39.27622354775667 56.767699621617794 0.9
      vertex 41.4453432187438 56.767699621617794 0.9
    endloop
  endfacet
  facet normal 0 0 -1
    outer loop
      vertex 38.78624655306339 56.48545514047146 0.9
      vertex 41.4453432187438 56.767699621617794 0.9
      vertex 41.93532022833824 56.48545514047146 0.9
    endloop
  endfacet
  facet normal 0 0 -1
    outer loop
      vertex 38.78624655306339 56.48545514047146 0.9
      vertex 41.93532022833824 56.48545514047146 0.9
      vertex 42.36478866636753 56.105617962777615 0.9
    endloop
  endfacet
  facet normal 0 0 -1
    outer loop
      vertex 38.3567781150341 56.105617962777615 0.9
      vertex 38.78624655306339 56.48545514047146 0.9
      vertex 42.36478866636753 56.105617962777615 0.9
    endloop
  endfacet
  facet normal 0 0 -1
    outer loop
      vertex 38.00432248413563 55.642785012722015 0.9
      vertex 38.3567781150341 56.105617962777615 0.9
      vertex 42.36478866636753 56.105617962777615 0.9
    endloop
  endfacet
  facet normal 0 0 -1
    outer loop
      vertex 38.00432248413563 55.642785012722015 0.9
      vertex 42.36478866636753 56.105617962777615 0.9
      vertex 42.71724430471659 55.642785012722015 0.9
    endloop
  endfacet
  facet normal 0 0 -1
    outer loop
      vertex 38.00432248413563 55.642785012722015 0.9
      vertex 42.71724430471659 55.642785012722015 0.9
      vertex 42.97914246469736 55.11474271118641 0.9
    endloop
  endfacet
  facet normal 0 0 -1
    outer loop
      vertex 37.74242430925369 55.11474271118641 0.9
      vertex 38.00432248413563 55.642785012722015 0.9
      vertex 42.97914246469736 55.11474271118641 0.9
    endloop
  endfacet
  facet normal 0 0 -1
    outer loop
      vertex 37.74242430925369 55.11474271118641 0.9
      vertex 42.97914246469736 55.11474271118641 0.9
      vertex 43.14041855186224 54.541783444583416 0.9
    endloop
  endfacet
  facet normal 0 0 -1
    outer loop
      vertex 37.581148222088814 54.541783444583416 0.9
      vertex 37.74242430925369 55.11474271118641 0.9
      vertex 43.14041855186224 54.541783444583416 0.9
    endloop
  endfacet
  facet normal 0 0 -1
    outer loop
      vertex 37.581148222088814 54.541783444583416 0.9
      vertex 43.14041855186224 54.541783444583416 0.9
      vertex 43.194874823093414 53.94592568278313 0.9
    endloop
  endfacet
  facet normal 0 0 -1
    outer loop
      vertex 37.52669195085764 53.94592568278313 0.9
      vertex 37.581148222088814 54.541783444583416 0.9
      vertex 43.194874823093414 53.94592568278313 0.9
    endloop
  endfacet
  facet normal 0 0 -1
    outer loop
      vertex 37.581148222088814 53.350067935884 0.9
      vertex 37.52669195085764 53.94592568278313 0.9
      vertex 43.194874823093414 53.94592568278313 0.9
    endloop
  endfacet
  facet normal 0 0 -1
    outer loop
      vertex 37.581148222088814 53.350067935884 0.9
      vertex 43.194874823093414 53.94592568278313 0.9
      vertex 43.14041855186224 53.350067935884 0.9
    endloop
  endfacet
  facet normal 0 0 -1
    outer loop
      vertex 37.581148222088814 53.350067935884 0.9
      vertex 43.14041855186224 53.350067935884 0.9
      vertex 42.97914246469736 52.777108646929264 0.9
    endloop
  endfacet
  facet normal 0 0 -1
    outer loop
      vertex 37.74242430925369 52.777108646929264 0.9
      vertex 37.581148222088814 53.350067935884 0.9
      vertex 42.97914246469736 52.777108646929264 0.9
    endloop
  endfacet
  facet normal 0 0 -1
    outer loop
      vertex 38.00432248413563 52.24906636029482 0.9
      vertex 37.74242430925369 52.777108646929264 0.9
      vertex 42.97914246469736 52.777108646929264 0.9
    endloop
  endfacet
  facet normal 0 0 -1
    outer loop
      vertex 38.00432248413563 52.24906636029482 0.9
      vertex 42.97914246469736 52.777108646929264 0.9
      vertex 42.71724430471659 52.24906636029482 0.9
    endloop
  endfacet
  facet normal 0 0 -1
    outer loop
      vertex 38.00432248413563 52.24906636029482 0.9
      vertex 42.71724430471659 52.24906636029482 0.9
      vertex 42.36478866636753 51.7862334176898 0.9
    endloop
  endfacet
  facet normal 0 0 -1
    outer loop
      vertex 38.3567781150341 51.7862334176898 0.9
      vertex 38.00432248413563 52.24906636029482 0.9
      vertex 42.36478866636753 51.7862334176898 0.9
    endloop
  endfacet
  facet normal 0 0 -1
    outer loop
      vertex 38.3567781150341 51.7862334176898 0.9
      vertex 42.36478866636753 51.7862334176898 0.9
      vertex 41.93532022833824 51.406396232545376 0.9
    endloop
  endfacet
  facet normal 0 0 -1
    outer loop
      vertex 38.78624655306339 51.406396232545376 0.9
      vertex 38.3567781150341 51.7862334176898 0.9
      vertex 41.93532022833824 51.406396232545376 0.9
    endloop
  endfacet
  facet normal 0 0 -1
    outer loop
      vertex 38.78624655306339 51.406396232545376 0.9
      vertex 41.93532022833824 51.406396232545376 0.9
      vertex 41.4453432187438 51.12415175139904 0.9
    endloop
  endfacet
  facet normal 0 0 -1
    outer loop
      vertex 39.27622354775667 51.12415175139904 0.9
      vertex 38.78624655306339 51.406396232545376 0.9
      vertex 41.4453432187438 51.12415175139904 0.9
    endloop
  endfacet
  facet normal 0 0 -1
    outer loop
      vertex 39.27622354775667 51.12415175139904 0.9
      vertex 41.4453432187438 51.12415175139904 0.9
      vertex 40.91368719935417 50.95034644752741 0.9
    endloop
  endfacet
  facet normal 0 0 -1
    outer loop
      vertex 40.91368719935417 50.95034644752741 0.9
      vertex 40.36078338325024 50.89165958017111 0.9
      vertex 39.8078795671463 50.95034644752741 0.9
    endloop
  endfacet
  facet normal 0 0 -1
    outer loop
      vertex 39.27622354775667 51.12415175139904 0.9
      vertex 40.91368719935417 50.95034644752741 0.9
      vertex 39.8078795671463 50.95034644752741 0.9
    endloop
  endfacet
  facet normal 0 0 -1
    outer loop
      vertex 16.82747270911932 15.257081598043442 0.9
      vertex 16.82747270911932 13.957816176116467 0.9
      vertex 14.635768488049507 13.957816176116467 0.9
    endloop
  endfacet
  facet normal 0 0 -1
    outer loop
      vertex 13.095089465379715 13.957816176116467 0.9
      vertex 10.893417954444885 13.957816176116467 0.9
      vertex 10.893417954444885 15.257081598043442 0.9
    endloop
  endfacet
  facet normal 0 0 -1
    outer loop
      vertex 14.635768488049507 7.9305379539728165 0.9
      vertex 13.095089465379715 7.9305379539728165 0.9
      vertex 13.095089465379715 13.957816176116467 0.9
    endloop
  endfacet
  facet normal 0 0 -1
    outer loop
      vertex 14.635768488049507 13.957816176116467 0.9
      vertex 14.635768488049507 7.9305379539728165 0.9
      vertex 13.095089465379715 13.957816176116467 0.9
    endloop
  endfacet
  facet normal 0 0 -1
    outer loop
      vertex 16.82747270911932 15.257081598043442 0.9
      vertex 14.635768488049507 13.957816176116467 0.9
      vertex 13.095089465379715 13.957816176116467 0.9
    endloop
  endfacet
  facet normal 0 0 -1
    outer loop
      vertex 10.893417954444885 15.257081598043442 0.9
      vertex 16.82747270911932 15.257081598043442 0.9
      vertex 13.095089465379715 13.957816176116467 0.9
    endloop
  endfacet
  facet normal 0 0 -1
    outer loop
      vertex 22.22021573036909 12.961160577833652 0.9
      vertex 23.745375096797943 12.960591852664948 0.9
      vertex 23.71376706659794 12.75385269522667 0.9
    endloop
  endfacet
  facet normal 0 0 -1
    outer loop
      vertex 19.253188356757164 10.801117151975632 0.9
      vertex 19.253188356757164 7.9305379539728165 0.9
      vertex 17.757215552031994 7.9305379539728165 0.9
    endloop
  endfacet
  facet normal 0 0 -1
    outer loop
      vertex 22.22021573036909 12.961160577833652 0.9
      vertex 23.71376706659794 12.75385269522667 0.9
      vertex 23.66108701378107 12.54849722981453 0.9
    endloop
  endfacet
  facet normal 0 0 -1
    outer loop
      vertex 22.20192575454712 12.730728581547737 0.9
      vertex 22.22021573036909 12.961160577833652 0.9
      vertex 23.66108701378107 12.54849722981453 0.9
    endloop
  endfacet
  facet normal 0 0 -1
    outer loop
      vertex 22.20192575454712 12.730728581547737 0.9
      vertex 23.66108701378107 12.54849722981453 0.9
      vertex 23.58733493834734 12.344525456428528 0.9
    endloop
  endfacet
  facet normal 0 0 -1
    outer loop
      vertex 22.20192575454712 12.730728581547737 0.9
      vertex 23.58733493834734 12.344525456428528 0.9
      vertex 23.492510847747326 12.141937375068665 0.9
    endloop
  endfacet
  facet normal 0 0 -1
    outer loop
      vertex 23.755911111831665 13.168714709579945 0.9
      vertex 23.745375096797943 12.960591852664948 0.9
      vertex 22.22021573036909 12.961160577833652 0.9
    endloop
  endfacet
  facet normal 0 0 -1
    outer loop
      vertex 23.755911111831665 13.168714709579945 0.9
      vertex 22.22021573036909 12.961160577833652 0.9
      vertex 22.202523797750473 13.210301756858826 0.9
    endloop
  endfacet
  facet normal 0 0 -1
    outer loop
      vertex 23.750344090163708 13.33798272907734 0.9
      vertex 23.755911111831665 13.168714709579945 0.9
      vertex 22.202523797750473 13.210301756858826 0.9
    endloop
  endfacet
  facet normal 0 0 -1
    outer loop
      vertex 23.733643017709255 13.49968733638525 0.9
      vertex 23.750344090163708 13.33798272907734 0.9
      vertex 22.202523797750473 13.210301756858826 0.9
    endloop
  endfacet
  facet normal 0 0 -1
    outer loop
      vertex 23.705807894468307 13.653828524053097 0.9
      vertex 23.733643017709255 13.49968733638525 0.9
      vertex 22.202523797750473 13.210301756858826 0.9
    endloop
  endfacet
  facet normal 0 0 -1
    outer loop
      vertex 23.705807894468307 13.653828524053097 0.9
      vertex 22.202523797750473 13.210301756858826 0.9
      vertex 22.149447984993458 13.424416713416576 0.9
    endloop
  endfacet
  facet normal 0 0 -1
    outer loop
      vertex 23.666838727891445 13.80040629953146 0.9
      vertex 23.705807894468307 13.653828524053097 0.9
      vertex 22.149447984993458 13.424416713416576 0.9
    endloop
  endfacet
  facet normal 0 0 -1
    outer loop
      vertex 23.616735510528088 13.93942067027092 0.9
      vertex 23.666838727891445 13.80040629953146 0.9
      vertex 22.149447984993458 13.424416713416576 0.9
    endloop
  endfacet
  facet normal 0 0 -1
    outer loop
      vertex 23.557116463780403 14.072293423116207 0.9
      vertex 23.616735510528088 13.93942067027092 0.9
      vertex 22.149447984993458 13.424416713416576 0.9
    endloop
  endfacet
  facet normal 0 0 -1
    outer loop
      vertex 23.489541180431843 14.200387738645077 0.9
      vertex 23.557116463780403 14.072293423116207 0.9
      vertex 22.149447984993458 13.424416713416576 0.9
    endloop
  endfacet
  facet normal 0 0 -1
    outer loop
      vertex 23.414009653031826 14.32370362430811 0.9
      vertex 23.489541180431843 14.200387738645077 0.9
      vertex 22.149447984993458 13.424416713416576 0.9
    endloop
  endfacet
  facet normal 0 0 -1
    outer loop
      vertex 23.414009653031826 14.32370362430811 0.9
      vertex 22.149447984993458 13.424416713416576 0.9
      vertex 22.060988292098045 13.603505440056324 0.9
    endloop
  endfacet
  facet normal 0 0 -1
    outer loop
      vertex 23.330521881580353 14.442241072654724 0.9
      vertex 23.414009653031826 14.32370362430811 0.9
      vertex 22.060988292098045 13.603505440056324 0.9
    endloop
  endfacet
  facet normal 0 0 -1
    outer loop
      vertex 23.239077866077423 14.556000091135502 0.9
      vertex 23.330521881580353 14.442241072654724 0.9
      vertex 22.060988292098045 13.603505440056324 0.9
    endloop
  endfacet
  facet normal 0 0 -1
    outer loop
      vertex 23.118708193302155 14.684668995440006 0.9
      vertex 23.239077866077423 14.556000091135502 0.9
      vertex 22.060988292098045 13.603505440056324 0.9
    endloop
  endfacet
  facet normal 0 0 -1
    outer loop
      vertex 23.118708193302155 14.684668995440006 0.9
      vertex 22.060988292098045 13.603505440056324 0.9
      vertex 21.937144726514816 13.74756794422865 0.9
    endloop
  endfacet
  facet normal 0 0 -1
    outer loop
      vertex 22.988195344805717 14.800210393965244 0.9
      vertex 23.118708193302155 14.684668995440006 0.9
      vertex 21.937144726514816 13.74756794422865 0.9
    endloop
  endfacet
  facet normal 0 0 -1
    outer loop
      vertex 22.84753930568695 14.902624286711216 0.9
      vertex 22.988195344805717 14.800210393965244 0.9
      vertex 21.937144726514816 13.74756794422865 0.9
    endloop
  endfacet
  facet normal 0 0 -1
    outer loop
      vertex 22.696740090847015 14.991910673677921 0.9
      vertex 22.84753930568695 14.902624286711216 0.9
      vertex 21.937144726514816 13.74756794422865 0.9
    endloop
  endfacet
  facet normal 0 0 -1
    outer loop
      vertex 22.53579768538475 15.06806955486536 0.9
      vertex 22.696740090847015 14.991910673677921 0.9
      vertex 21.937144726514816 13.74756794422865 0.9
    endloop
  endfacet
  facet normal 0 0 -1
    outer loop
      vertex 22.53579768538475 15.06806955486536 0.9
      vertex 21.937144726514816 13.74756794422865 0.9
      vertex 21.77791728824377 13.856604225933552 0.9
    endloop
  endfacet
  facet normal 0 0 -1
    outer loop
      vertex 22.355597898364067 15.131329596042633 0.9
      vertex 22.53579768538475 15.06806955486536 0.9
      vertex 21.77791728824377 13.856604225933552 0.9
    endloop
  endfacet
  facet normal 0 0 -1
    outer loop
      vertex 22.146967887878418 15.181860819458961 0.9
      vertex 22.355597898364067 15.131329596042633 0.9
      vertex 21.77791728824377 13.856604225933552 0.9
    endloop
  endfacet
  facet normal 0 0 -1
    outer loop
      vertex 22.146967887878418 15.181860819458961 0.9
      vertex 21.77791728824377 13.856604225933552 0.9
      vertex 21.668570265173912 13.903171978890896 0.9
    endloop
  endfacet
  facet normal 0 0 -1
    outer loop
      vertex 21.909907646477222 15.219663225114346 0.9
      vertex 22.146967887878418 15.181860819458961 0.9
      vertex 21.668570265173912 13.903171978890896 0.9
    endloop
  endfacet
  facet normal 0 0 -1
    outer loop
      vertex 21.909907646477222 15.219663225114346 0.9
      vertex 21.668570265173912 13.903171978890896 0.9
      vertex 21.539347298443317 13.939391352236271 0.9
    endloop
  endfacet
  facet normal 0 0 -1
    outer loop
      vertex 21.64441718161106 15.244736820459366 0.9
      vertex 21.909907646477222 15.219663225114346 0.9
      vertex 21.539347298443317 13.939391352236271 0.9
    endloop
  endfacet
  facet normal 0 0 -1
    outer loop
      vertex 21.64441718161106 15.244736820459366 0.9
      vertex 21.539347298443317 13.939391352236271 0.9
      vertex 21.390248380601406 13.965262331068516 0.9
    endloop
  endfacet
  facet normal 0 0 -1
    outer loop
      vertex 21.350496485829353 15.257081598043442 0.9
      vertex 21.64441718161106 15.244736820459366 0.9
      vertex 21.390248380601406 13.965262331068516 0.9
    endloop
  endfacet
  facet normal 0 0 -1
    outer loop
      vertex 21.350496485829353 15.257081598043442 0.9
      vertex 21.390248380601406 13.965262331068516 0.9
      vertex 21.22127351909876 13.98078491538763 0.9
    endloop
  endfacet
  facet normal 0 0 -1
    outer loop
      vertex 22.147055834531784 12.532930672168732 0.9
      vertex 22.20192575454712 12.730728581547737 0.9
      vertex 23.492510847747326 12.141937375068665 0.9
    endloop
  endfacet
  facet normal 0 0 -1
    outer loop
      vertex 21.350496485829353 15.257081598043442 0.9
      vertex 21.22127351909876 13.98078491538763 0.9
      vertex 21.032422713935375 13.985959112644196 0.9
    endloop
  endfacet
  facet normal 0 0 -1
    outer loop
      vertex 22.147055834531784 12.532930672168732 0.9
      vertex 23.492510847747326 12.141937375068665 0.9
      vertex 23.373433992266655 11.951905153691769 0.9
    endloop
  endfacet
  facet normal 0 0 -1
    outer loop
      vertex 22.147055834531784 12.532930672168732 0.9
      vertex 23.373433992266655 11.951905153691769 0.9
      vertex 23.226923637092113 11.78554230928421 0.9
    endloop
  endfacet
  facet normal 0 0 -1
    outer loop
      vertex 22.147055834531784 12.532930672168732 0.9
      vertex 23.226923637092113 11.78554230928421 0.9
      vertex 23.052979789674282 11.64284884184599 0.9
    endloop
  endfacet
  facet normal 0 0 -1
    outer loop
      vertex 22.055605955421925 12.367766827344894 0.9
      vertex 22.147055834531784 12.532930672168732 0.9
      vertex 23.052979789674282 11.64284884184599 0.9
    endloop
  endfacet
  facet normal 0 0 -1
    outer loop
      vertex 22.055605955421925 12.367766827344894 0.9
      vertex 23.052979789674282 11.64284884184599 0.9
      vertex 22.85160244256258 11.523824751377106 0.9
    endloop
  endfacet
  facet normal 0 0 -1
    outer loop
      vertex 22.055605955421925 12.367766827344894 0.9
      vertex 22.85160244256258 11.523824751377106 0.9
      vertex 22.622791603207588 11.42847004532814 0.9
    endloop
  endfacet
  facet normal 0 0 -1
    outer loop
      vertex 21.927576132118702 12.235237061977386 0.9
      vertex 22.055605955421925 12.367766827344894 0.9
      vertex 22.622791603207588 11.42847004532814 0.9
    endloop
  endfacet
  facet normal 0 0 -1
    outer loop
      vertex 21.762966357171535 12.135341376066208 0.9
      vertex 21.927576132118702 12.235237061977386 0.9
      vertex 22.622791603207588 11.42847004532814 0.9
    endloop
  endfacet
  facet normal 0 0 -1
    outer loop
      vertex 21.350496485829353 15.257081598043442 0.9
      vertex 21.032422713935375 13.985959112644196 0.9
      vertex 19.253188356757164 13.985959112644196 0.9
    endloop
  endfacet
  facet normal 0 0 -1
    outer loop
      vertex 17.757215552031994 15.257081598043442 0.9
      vertex 21.350496485829353 15.257081598043442 0.9
      vertex 19.253188356757164 13.985959112644196 0.9
    endloop
  endfacet
  facet normal 0 0 -1
    outer loop
      vertex 23.87024177610874 7.9305379539728165 0.9
      vertex 22.185403510928154 7.9305379539728165 0.9
      vertex 22.15917195379734 8.024092689156532 0.9
    endloop
  endfacet
  facet normal 0 0 -1
    outer loop
      vertex 23.87024177610874 7.9305379539728165 0.9
      vertex 22.15917195379734 8.024092689156532 0.9
      vertex 22.136118195950985 8.110101595520973 0.9
    endloop
  endfacet
  facet normal 0 0 -1
    outer loop
      vertex 23.87024177610874 7.9305379539728165 0.9
      vertex 22.136118195950985 8.110101595520973 0.9
      vertex 22.11624225229025 8.18856468051672 0.9
    endloop
  endfacet
  facet normal 0 0 -1
    outer loop
      vertex 23.87024177610874 7.9305379539728165 0.9
      vertex 22.11624225229025 8.18856468051672 0.9
      vertex 22.09954411536455 8.259481944143772 0.9
    endloop
  endfacet
  facet normal 0 0 -1
    outer loop
      vertex 23.87024177610874 7.9305379539728165 0.9
      vertex 22.09954411536455 8.259481944143772 0.9
      vertex 22.086023777723312 8.32285337895155 0.9
    endloop
  endfacet
  facet normal 0 0 -1
    outer loop
      vertex 23.87024177610874 8.114346489310265 0.9
      vertex 23.87024177610874 7.9305379539728165 0.9
      vertex 22.086023777723312 8.32285337895155 0.9
    endloop
  endfacet
  facet normal 0 0 -1
    outer loop
      vertex 23.78912563621998 8.173983126878738 0.9
      vertex 23.87024177610874 8.114346489310265 0.9
      vertex 22.086023777723312 8.32285337895155 0.9
    endloop
  endfacet
  facet normal 0 0 -1
    outer loop
      vertex 23.72073244303465 8.245539464056492 0.9
      vertex 23.78912563621998 8.173983126878738 0.9
      vertex 22.086023777723312 8.32285337895155 0.9
    endloop
  endfacet
  facet normal 0 0 -1
    outer loop
      vertex 23.665062204003334 8.329015508294106 0.9
      vertex 23.72073244303465 8.245539464056492 0.9
      vertex 22.086023777723312 8.32285337895155 0.9
    endloop
  endfacet
  facet normal 0 0 -1
    outer loop
      vertex 23.622114919126034 8.42441125959158 0.9
      vertex 23.665062204003334 8.329015508294106 0.9
      vertex 22.086023777723312 8.32285337895155 0.9
    endloop
  endfacet
  facet normal 0 0 -1
    outer loop
      vertex 23.591890580952168 8.531726710498333 0.9
      vertex 23.622114919126034 8.42441125959158 0.9
      vertex 22.086023777723312 8.32285337895155 0.9
    endloop
  endfacet
  facet normal 0 0 -1
    outer loop
      vertex 23.577590450644493 8.616202414035797 0.9
      vertex 23.591890580952168 8.531726710498333 0.9
      vertex 22.086023777723312 8.32285337895155 0.9
    endloop
  endfacet
  facet normal 0 0 -1
    outer loop
      vertex 23.577590450644493 8.616202414035797 0.9
      vertex 22.086023777723312 8.32285337895155 0.9
      vertex 22.06437423825264 8.446632444858551 0.9
    endloop
  endfacet
  facet normal 0 0 -1
    outer loop
      vertex 23.566468127071857 8.726510986685753 0.9
      vertex 23.577590450644493 8.616202414035797 0.9
      vertex 22.06437423825264 8.446632444858551 0.9
    endloop
  endfacet
  facet normal 0 0 -1
    outer loop
      vertex 23.566468127071857 8.726510986685753 0.9
      vertex 22.06437423825264 8.446632444858551 0.9
      vertex 22.047092720866203 8.57160172611475 0.9
    endloop
  endfacet
  facet normal 0 0 -1
    outer loop
      vertex 23.566468127071857 8.726510986685753 0.9
      vertex 22.047092720866203 8.57160172611475 0.9
      vertex 22.034179218113422 8.697761222720146 0.9
    endloop
  endfacet
  facet normal 0 0 -1
    outer loop
      vertex 23.55852361023426 8.8626524284482 0.9
      vertex 23.566468127071857 8.726510986685753 0.9
      vertex 22.034179218113422 8.697761222720146 0.9
    endloop
  endfacet
  facet normal 0 0 -1
    outer loop
      vertex 23.55852361023426 8.8626524284482 0.9
      vertex 22.034179218113422 8.697761222720146 0.9
      vertex 22.025633729994297 8.82511092722416 0.9
    endloop
  endfacet
  facet normal 0 0 -1
    outer loop
      vertex 23.553756900131702 9.02462673932314 0.9
      vertex 23.55852361023426 8.8626524284482 0.9
      vertex 22.025633729994297 8.82511092722416 0.9
    endloop
  endfacet
  facet normal 0 0 -1
    outer loop
      vertex 23.553756900131702 9.02462673932314 0.9
      vertex 22.025633729994297 8.82511092722416 0.9
      vertex 22.021456263959408 8.95365084707737 0.9
    endloop
  endfacet
  facet normal 0 0 -1
    outer loop
      vertex 23.552167996764183 9.21243391185999 0.9
      vertex 23.553756900131702 9.02462673932314 0.9
      vertex 22.021456263959408 8.95365084707737 0.9
    endloop
  endfacet
  facet normal 0 0 -1
    outer loop
      vertex 23.552167996764183 9.21243391185999 0.9
      vertex 22.021456263959408 8.95365084707737 0.9
      vertex 22.01148897409439 9.633991599082947 0.9
    endloop
  endfacet
  facet normal 0 0 -1
    outer loop
      vertex 23.552167996764183 9.704348936676979 0.9
      vertex 23.552167996764183 9.21243391185999 0.9
      vertex 22.01148897409439 9.633991599082947 0.9
    endloop
  endfacet
  facet normal 0 0 -1
    outer loop
      vertex 23.552167996764183 9.704348936676979 0.9
      vertex 22.01148897409439 9.633991599082947 0.9
      vertex 21.998085908591747 9.895427726209164 0.9
    endloop
  endfacet
  facet normal 0 0 -1
    outer loop
      vertex 23.54371925443411 9.996595703065395 0.9
      vertex 23.552167996764183 9.704348936676979 0.9
      vertex 21.998085908591747 9.895427726209164 0.9
    endloop
  endfacet
  facet normal 0 0 -1
    outer loop
      vertex 23.518373027443886 10.257240310311317 0.9
      vertex 23.54371925443411 9.996595703065395 0.9
      vertex 21.998085908591747 9.895427726209164 0.9
    endloop
  endfacet
  facet normal 0 0 -1
    outer loop
      vertex 23.518373027443886 10.257240310311317 0.9
      vertex 21.998085908591747 9.895427726209164 0.9
      vertex 21.965791888535023 10.11951582878828 0.9
    endloop
  endfacet
  facet normal 0 0 -1
    outer loop
      vertex 23.476129308342934 10.486282743513584 0.9
      vertex 23.518373027443886 10.257240310311317 0.9
      vertex 21.965791888535023 10.11951582878828 0.9
    endloop
  endfacet
  facet normal 0 0 -1
    outer loop
      vertex 23.416988112032413 10.683723010122776 0.9
      vertex 23.476129308342934 10.486282743513584 0.9
      vertex 21.965791888535023 10.11951582878828 0.9
    endloop
  endfacet
  facet normal 0 0 -1
    outer loop
      vertex 23.416988112032413 10.683723010122776 0.9
      vertex 21.965791888535023 10.11951582878828 0.9
      vertex 21.91460692882538 10.306255921721458 0.9
    endloop
  endfacet
  facet normal 0 0 -1
    outer loop
      vertex 23.340949423611164 10.849561110138893 0.9
      vertex 23.416988112032413 10.683723010122776 0.9
      vertex 21.91460692882538 10.306255921721458 0.9
    endloop
  endfacet
  facet normal 0 0 -1
    outer loop
      vertex 23.2446331679821 10.992770530283451 0.9
      vertex 23.340949423611164 10.849561110138893 0.9
      vertex 21.91460692882538 10.306255921721458 0.9
    endloop
  endfacet
  facet normal 0 0 -1
    outer loop
      vertex 23.12465925514698 11.122266136109829 0.9
      vertex 23.2446331679821 10.992770530283451 0.9
      vertex 21.91460692882538 10.306255921721458 0.9
    endloop
  endfacet
  facet normal 0 0 -1
    outer loop
      vertex 22.98102769255638 11.238047920167446 0.9
      vertex 23.12465925514698 11.122266136109829 0.9
      vertex 21.91460692882538 10.306255921721458 0.9
    endloop
  endfacet
  facet normal 0 0 -1
    outer loop
      vertex 22.813738472759724 11.340115889906883 0.9
      vertex 22.98102769255638 11.238047920167446 0.9
      vertex 21.91460692882538 10.306255921721458 0.9
    endloop
  endfacet
  facet normal 0 0 -1
    outer loop
      vertex 22.813738472759724 11.340115889906883 0.9
      vertex 21.91460692882538 10.306255921721458 0.9
      vertex 21.844531029462814 10.455647990107536 0.9
    endloop
  endfacet
  facet normal 0 0 -1
    outer loop
      vertex 22.622791603207588 11.42847004532814 0.9
      vertex 22.813738472759724 11.340115889906883 0.9
      vertex 21.844531029462814 10.455647990107536 0.9
    endloop
  endfacet
  facet normal 0 0 -1
    outer loop
      vertex 22.622791603207588 11.42847004532814 0.9
      vertex 21.844531029462814 10.455647990107536 0.9
      vertex 21.75556417554617 10.567692041397095 0.9
    endloop
  endfacet
  facet normal 0 0 -1
    outer loop
      vertex 22.622791603207588 11.42847004532814 0.9
      vertex 21.75556417554617 10.567692041397095 0.9
      vertex 21.639958284795284 10.651725083589554 0.9
    endloop
  endfacet
  facet normal 0 0 -1
    outer loop
      vertex 21.762966357171535 12.135341376066208 0.9
      vertex 22.622791603207588 11.42847004532814 0.9
      vertex 21.639958284795284 10.651725083589554 0.9
    endloop
  endfacet
  facet normal 0 0 -1
    outer loop
      vertex 21.6492630392313 12.092361845076084 0.9
      vertex 21.762966357171535 12.135341376066208 0.9
      vertex 21.639958284795284 10.651725083589554 0.9
    endloop
  endfacet
  facet normal 0 0 -1
    outer loop
      vertex 21.6492630392313 12.092361845076084 0.9
      vertex 21.639958284795284 10.651725083589554 0.9
      vertex 21.489965245127678 10.717084117233753 0.9
    endloop
  endfacet
  facet normal 0 0 -1
    outer loop
      vertex 21.514886401593685 12.058933310210705 0.9
      vertex 21.6492630392313 12.092361845076084 0.9
      vertex 21.489965245127678 10.717084117233753 0.9
    endloop
  endfacet
  facet normal 0 0 -1
    outer loop
      vertex 21.514886401593685 12.058933310210705 0.9
      vertex 21.489965245127678 10.717084117233753 0.9
      vertex 21.30558505654335 10.763769134879112 0.9
    endloop
  endfacet
  facet normal 0 0 -1
    outer loop
      vertex 21.359836421906948 12.035055793821812 0.9
      vertex 21.514886401593685 12.058933310210705 0.9
      vertex 21.30558505654335 10.763769134879112 0.9
    endloop
  endfacet
  facet normal 0 0 -1
    outer loop
      vertex 21.18411312252283 12.020729281008244 0.9
      vertex 21.359836421906948 12.035055793821812 0.9
      vertex 21.30558505654335 10.763769134879112 0.9
    endloop
  endfacet
  facet normal 0 0 -1
    outer loop
      vertex 21.18411312252283 12.020729281008244 0.9
      vertex 21.30558505654335 10.763769134879112 0.9
      vertex 21.08681772649288 10.791780151426792 0.9
    endloop
  endfacet
  facet normal 0 0 -1
    outer loop
      vertex 20.987716488540173 12.015953779220581 0.9
      vertex 21.18411312252283 12.020729281008244 0.9
      vertex 21.08681772649288 10.791780151426792 0.9
    endloop
  endfacet
  facet normal 0 0 -1
    outer loop
      vertex 20.987716488540173 12.015953779220581 0.9
      vertex 21.08681772649288 10.791780151426792 0.9
      vertex 20.833663247525692 10.801117151975632 0.9
    endloop
  endfacet
  facet normal 0 0 -1
    outer loop
      vertex 19.253188356757164 12.015953779220581 0.9
      vertex 20.987716488540173 12.015953779220581 0.9
      vertex 20.833663247525692 10.801117151975632 0.9
    endloop
  endfacet
  facet normal 0 0 -1
    outer loop
      vertex 19.253188356757164 12.015953779220581 0.9
      vertex 20.833663247525692 10.801117151975632 0.9
      vertex 19.253188356757164 10.801117151975632 0.9
    endloop
  endfacet
  facet normal 0 0 -1
    outer loop
      vertex 17.757215552031994 15.257081598043442 0.9
      vertex 19.253188356757164 13.985959112644196 0.9
      vertex 19.253188356757164 12.015953779220581 0.9
    endloop
  endfacet
  facet normal 0 0 -1
    outer loop
      vertex 19.253188356757164 10.801117151975632 0.9
      vertex 17.757215552031994 7.9305379539728165 0.9
      vertex 17.757215552031994 15.257081598043442 0.9
    endloop
  endfacet
  facet normal 0 0 -1
    outer loop
      vertex 19.253188356757164 10.801117151975632 0.9
      vertex 17.757215552031994 15.257081598043442 0.9
      vertex 19.253188356757164 12.015953779220581 0.9
    endloop
  endfacet
  facet normal 0 0 -1
    outer loop
      vertex 25.073425464332104 10.754578709602356 0.9
      vertex 25.073425464332104 15.257081598043442 0.9
      vertex 26.62898213416338 15.257081598043442 0.9
    endloop
  endfacet
  facet normal 0 0 -1
    outer loop
      vertex 25.073425464332104 10.754578709602356 0.9
      vertex 26.62898213416338 15.257081598043442 0.9
      vertex 26.62898213416338 10.752966359257698 0.9
    endloop
  endfacet
  facet normal 0 0 -1
    outer loop
      vertex 29.40714404731989 15.257081598043442 0.9
      vertex 30.962774001061916 15.257081598043442 0.9
      vertex 30.962774001061916 10.754578709602356 0.9
    endloop
  endfacet
  facet normal 0 0 -1
    outer loop
      vertex 29.40714404731989 10.752966359257698 0.9
      vertex 29.40714404731989 15.257081598043442 0.9
      vertex 30.962774001061916 10.754578709602356 0.9
    endloop
  endfacet
  facet normal 0 0 -1
    outer loop
      vertex 29.399988114833832 10.466998971998692 0.9
      vertex 29.40714404731989 10.752966359257698 0.9
      vertex 30.962774001061916 10.754578709602356 0.9
    endloop
  endfacet
  facet normal 0 0 -1
    outer loop
      vertex 29.399988114833832 10.466998971998692 0.9
      vertex 30.962774001061916 10.754578709602356 0.9
      vertex 30.94826280325651 10.308082282543182 0.9
    endloop
  endfacet
  facet normal 0 0 -1
    outer loop
      vertex 29.37852033227682 10.213642217218876 0.9
      vertex 29.399988114833832 10.466998971998692 0.9
      vertex 30.94826280325651 10.308082282543182 0.9
    endloop
  endfacet
  facet normal 0 0 -1
    outer loop
      vertex 29.37852033227682 10.213642217218876 0.9
      vertex 30.94826280325651 10.308082282543182 0.9
      vertex 30.904729202389717 9.90293837338686 0.9
    endloop
  endfacet
  facet normal 0 0 -1
    outer loop
      vertex 29.342740699648857 9.99289608001709 0.9
      vertex 29.37852033227682 10.213642217218876 0.9
      vertex 30.904729202389717 9.90293837338686 0.9
    endloop
  endfacet
  facet normal 0 0 -1
    outer loop
      vertex 29.342740699648857 9.99289608001709 0.9
      vertex 30.904729202389717 9.90293837338686 0.9
      vertex 30.832173198461533 9.539146982133389 0.9
    endloop
  endfacet
  facet normal 0 0 -1
    outer loop
      vertex 29.29264920949936 9.804760575294495 0.9
      vertex 29.342740699648857 9.99289608001709 0.9
      vertex 30.832173198461533 9.539146982133389 0.9
    endloop
  endfacet
  facet normal 0 0 -1
    outer loop
      vertex 29.29264920949936 9.804760575294495 0.9
      vertex 30.832173198461533 9.539146982133389 0.9
      vertex 30.73059479892254 9.216708116233349 0.9
    endloop
  endfacet
  facet normal 0 0 -1
    outer loop
      vertex 29.228245869278908 9.649235688149929 0.9
      vertex 29.29264920949936 9.804760575294495 0.9
      vertex 30.73059479892254 9.216708116233349 0.9
    endloop
  endfacet
  facet normal 0 0 -1
    outer loop
      vertex 29.228245869278908 9.649235688149929 0.9
      vertex 30.73059479892254 9.216708116233349 0.9
      vertex 30.599993996322155 8.93562177568674 0.9
    endloop
  endfacet
  facet normal 0 0 -1
    outer loop
      vertex 25.073425464332104 10.754578709602356 0.9
      vertex 26.62898213416338 10.752966359257698 0.9
      vertex 26.636138059198856 10.466998971998692 0.9
    endloop
  endfacet
  facet normal 0 0 -1
    outer loop
      vertex 25.08793666958809 10.308082282543182 0.9
      vertex 25.073425464332104 10.754578709602356 0.9
      vertex 26.636138059198856 10.466998971998692 0.9
    endloop
  endfacet
  facet normal 0 0 -1
    outer loop
      vertex 25.08793666958809 10.308082282543182 0.9
      vertex 26.636138059198856 10.466998971998692 0.9
      vertex 26.657605841755867 10.213642217218876 0.9
    endloop
  endfacet
  facet normal 0 0 -1
    outer loop
      vertex 25.131470263004303 9.90293837338686 0.9
      vertex 25.08793666958809 10.308082282543182 0.9
      vertex 26.657605841755867 10.213642217218876 0.9
    endloop
  endfacet
  facet normal 0 0 -1
    outer loop
      vertex 25.131470263004303 9.90293837338686 0.9
      vertex 26.657605841755867 10.213642217218876 0.9
      vertex 26.69338547438383 9.99289608001709 0.9
    endloop
  endfacet
  facet normal 0 0 -1
    outer loop
      vertex 25.204026266932487 9.539146982133389 0.9
      vertex 25.131470263004303 9.90293837338686 0.9
      vertex 26.69338547438383 9.99289608001709 0.9
    endloop
  endfacet
  facet normal 0 0 -1
    outer loop
      vertex 25.204026266932487 9.539146982133389 0.9
      vertex 26.69338547438383 9.99289608001709 0.9
      vertex 26.74347696453333 9.804760575294495 0.9
    endloop
  endfacet
  facet normal 0 0 -1
    outer loop
      vertex 25.30560466647148 9.216708116233349 0.9
      vertex 25.204026266932487 9.539146982133389 0.9
      vertex 26.74347696453333 9.804760575294495 0.9
    endloop
  endfacet
  facet normal 0 0 -1
    outer loop
      vertex 25.30560466647148 9.216708116233349 0.9
      vertex 26.74347696453333 9.804760575294495 0.9
      vertex 26.80788031220436 9.649235688149929 0.9
    endloop
  endfacet
  facet normal 0 0 -1
    outer loop
      vertex 25.436205469071865 8.93562177568674 0.9
      vertex 25.30560466647148 9.216708116233349 0.9
      vertex 26.80788031220436 9.649235688149929 0.9
    endloop
  endfacet
  facet normal 0 0 -1
    outer loop
      vertex 29.228245869278908 9.649235688149929 0.9
      vertex 30.599993996322155 8.93562177568674 0.9
      vertex 30.280516006052494 8.506248563528061 0.9
    endloop
  endfacet
  facet normal 0 0 -1
    outer loop
      vertex 29.09086437523365 9.42731986194849 0.9
      vertex 29.228245869278908 9.649235688149929 0.9
      vertex 30.280516006052494 8.506248563528061 0.9
    endloop
  endfacet
  facet normal 0 0 -1
    outer loop
      vertex 29.09086437523365 9.42731986194849 0.9
      vertex 30.280516006052494 8.506248563528061 0.9
      vertex 29.86283676326275 8.172291614115238 0.9
    endloop
  endfacet
  facet normal 0 0 -1
    outer loop
      vertex 28.90140087157488 9.25471866875887 0.9
      vertex 29.09086437523365 9.42731986194849 0.9
      vertex 29.86283676326275 8.172291614115238 0.9
    endloop
  endfacet
  facet normal 0 0 -1
    outer loop
      vertex 28.90140087157488 9.25471866875887 0.9
      vertex 29.86283676326275 8.172291614115238 0.9
      vertex 29.3469562754035 7.933750942349434 0.9
    endloop
  endfacet
  facet normal 0 0 -1
    outer loop
      vertex 28.659855358302593 9.131432101130486 0.9
      vertex 28.90140087157488 9.25471866875887 0.9
      vertex 29.3469562754035 7.933750942349434 0.9
    endloop
  endfacet
  facet normal 0 0 -1
    outer loop
      vertex 28.659855358302593 9.131432101130486 0.9
      vertex 29.3469562754035 7.933750942349434 0.9
      vertex 28.732874542474747 7.790626533329487 0.9
    endloop
  endfacet
  facet normal 0 0 -1
    outer loop
      vertex 28.366227820515633 9.05746015906334 0.9
      vertex 28.659855358302593 9.131432101130486 0.9
      vertex 28.732874542474747 7.790626533329487 0.9
    endloop
  endfacet
  facet normal 0 0 -1
    outer loop
      vertex 25.757477574050426 8.506248563528061 0.9
      vertex 25.436205469071865 8.93562177568674 0.9
      vertex 26.80788031220436 9.649235688149929 0.9
    endloop
  endfacet
  facet normal 0 0 -1
    outer loop
      vertex 25.757477574050426 8.506248563528061 0.9
      vertex 26.80788031220436 9.649235688149929 0.9
      vertex 26.945458211004734 9.42731986194849 0.9
    endloop
  endfacet
  facet normal 0 0 -1
    outer loop
      vertex 26.17655223608017 8.172291614115238 0.9
      vertex 25.757477574050426 8.506248563528061 0.9
      vertex 26.945458211004734 9.42731986194849 0.9
    endloop
  endfacet
  facet normal 0 0 -1
    outer loop
      vertex 26.17655223608017 8.172291614115238 0.9
      vertex 26.945458211004734 9.42731986194849 0.9
      vertex 27.135510958731174 9.25471866875887 0.9
    endloop
  endfacet
  facet normal 0 0 -1
    outer loop
      vertex 26.693429447710514 7.933750942349434 0.9
      vertex 26.17655223608017 8.172291614115238 0.9
      vertex 27.135510958731174 9.25471866875887 0.9
    endloop
  endfacet
  facet normal 0 0 -1
    outer loop
      vertex 26.693429447710514 7.933750942349434 0.9
      vertex 27.135510958731174 9.25471866875887 0.9
      vertex 27.3780385479331 9.131432101130486 0.9
    endloop
  endfacet
  facet normal 0 0 -1
    outer loop
      vertex 27.30810922384262 7.790626533329487 0.9
      vertex 26.693429447710514 7.933750942349434 0.9
      vertex 27.3780385479331 9.131432101130486 0.9
    endloop
  endfacet
  facet normal 0 0 -1
    outer loop
      vertex 27.30810922384262 7.790626533329487 0.9
      vertex 27.3780385479331 9.131432101130486 0.9
      vertex 27.673040986061096 9.05746015906334 0.9
    endloop
  endfacet
  facet normal 0 0 -1
    outer loop
      vertex 28.366227820515633 9.05746015906334 0.9
      vertex 28.732874542474747 7.790626533329487 0.9
      vertex 28.02059155702591 7.742918401956558 0.9
    endloop
  endfacet
  facet normal 0 0 -1
    outer loop
      vertex 28.020518265664577 9.03280284255743 0.9
      vertex 28.366227820515633 9.05746015906334 0.9
      vertex 28.02059155702591 7.742918401956558 0.9
    endloop
  endfacet
  facet normal 0 0 -1
    outer loop
      vertex 28.02059155702591 7.742918401956558 0.9
      vertex 27.30810922384262 7.790626533329487 0.9
      vertex 27.673040986061096 9.05746015906334 0.9
    endloop
  endfacet
  facet normal 0 0 -1
    outer loop
      vertex 28.020518265664577 9.03280284255743 0.9
      vertex 28.02059155702591 7.742918401956558 0.9
      vertex 27.673040986061096 9.05746015906334 0.9
    endloop
  endfacet
  facet normal 0 0 -1
    outer loop
      vertex 37.74712644517422 15.257081598043442 0.9
      vertex 37.74712644517422 13.957816176116467 0.9
      vertex 35.555422224104404 13.957816176116467 0.9
    endloop
  endfacet
  facet normal 0 0 -1
    outer loop
      vertex 34.01474320143461 13.957816176116467 0.9
      vertex 31.813071690499783 13.957816176116467 0.9
      vertex 31.813071690499783 15.257081598043442 0.9
    endloop
  endfacet
  facet normal 0 0 -1
    outer loop
      vertex 35.555422224104404 7.9305379539728165 0.9
      vertex 34.01474320143461 7.9305379539728165 0.9
      vertex 34.01474320143461 13.957816176116467 0.9
    endloop
  endfacet
  facet normal 0 0 -1
    outer loop
      vertex 35.555422224104404 13.957816176116467 0.9
      vertex 35.555422224104404 7.9305379539728165 0.9
      vertex 34.01474320143461 13.957816176116467 0.9
    endloop
  endfacet
  facet normal 0 0 -1
    outer loop
      vertex 37.74712644517422 15.257081598043442 0.9
      vertex 35.555422224104404 13.957816176116467 0.9
      vertex 34.01474320143461 13.957816176116467 0.9
    endloop
  endfacet
  facet normal 0 0 -1
    outer loop
      vertex 31.813071690499783 15.257081598043442 0.9
      vertex 37.74712644517422 15.257081598043442 0.9
      vertex 34.01474320143461 13.957816176116467 0.9
    endloop
  endfacet
  facet normal 0 0 -1
    outer loop
      vertex 44.53147888928652 7.9305379539728165 0.9
      vertex 43.01066115498543 7.9305379539728165 0.9
      vertex 43.01066115498543 11.199808709323406 0.9
    endloop
  endfacet
  facet normal 0 0 -1
    outer loop
      vertex 43.01066115498543 12.46155022084713 0.9
      vertex 43.01066115498543 15.257081598043442 0.9
      vertex 44.53147888928652 15.257081598043442 0.9
    endloop
  endfacet
  facet normal 0 0 -1
    outer loop
      vertex 38.63216307014227 15.257081598043442 0.9
      vertex 40.14799715578556 15.257081598043442 0.9
      vertex 40.14799715578556 12.46155022084713 0.9
    endloop
  endfacet
  facet normal 0 0 -1
    outer loop
      vertex 40.14799715578556 11.199808709323406 0.9
      vertex 40.14799715578556 7.9305379539728165 0.9
      vertex 38.63216307014227 7.9305379539728165 0.9
    endloop
  endfacet
  facet normal 0 0 -1
    outer loop
      vertex 43.01066115498543 12.46155022084713 0.9
      vertex 44.53147888928652 15.257081598043442 0.9
      vertex 44.53147888928652 7.9305379539728165 0.9
    endloop
  endfacet
  facet normal 0 0 -1
    outer loop
      vertex 43.01066115498543 12.46155022084713 0.9
      vertex 44.53147888928652 7.9305379539728165 0.9
      vertex 43.01066115498543 11.199808709323406 0.9
    endloop
  endfacet
  facet normal 0 0 -1
    outer loop
      vertex 43.01066115498543 12.46155022084713 0.9
      vertex 43.01066115498543 11.199808709323406 0.9
      vertex 40.14799715578556 11.199808709323406 0.9
    endloop
  endfacet
  facet normal 0 0 -1
    outer loop
      vertex 40.14799715578556 12.46155022084713 0.9
      vertex 43.01066115498543 12.46155022084713 0.9
      vertex 40.14799715578556 11.199808709323406 0.9
    endloop
  endfacet
  facet normal 0 0 -1
    outer loop
      vertex 38.63216307014227 7.9305379539728165 0.9
      vertex 38.63216307014227 15.257081598043442 0.9
      vertex 40.14799715578556 12.46155022084713 0.9
    endloop
  endfacet
  facet normal 0 0 -1
    outer loop
      vertex 40.14799715578556 11.199808709323406 0.9
      vertex 38.63216307014227 7.9305379539728165 0.9
      vertex 40.14799715578556 12.46155022084713 0.9
    endloop
  endfacet
  facet normal 0 0 -1
    outer loop
      vertex 52.41421191394329 7.9305379539728165 0.9
      vertex 50.75421857833862 7.9305379539728165 0.9
      vertex 50.282091557979584 9.436184890568256 0.9
    endloop
  endfacet
  facet normal 0 0 -1
    outer loop
      vertex 49.85467075556517 10.69792640209198 0.9
      vertex 52.41421191394329 7.9305379539728165 0.9
      vertex 50.282091557979584 9.436184890568256 0.9
    endloop
  endfacet
  facet normal 0 0 -1
    outer loop
      vertex 47.583448089659214 9.436184890568256 0.9
      vertex 47.07650884240866 7.9305379539728165 0.9
      vertex 45.47617266327143 7.9305379539728165 0.9
    endloop
  endfacet
  facet normal 0 0 -1
    outer loop
      vertex 47.995917953550816 10.69792640209198 0.9
      vertex 49.85467075556517 10.69792640209198 0.9
      vertex 50.282091557979584 9.436184890568256 0.9
    endloop
  endfacet
  facet normal 0 0 -1
    outer loop
      vertex 47.995917953550816 10.69792640209198 0.9
      vertex 50.282091557979584 9.436184890568256 0.9
      vertex 47.583448089659214 9.436184890568256 0.9
    endloop
  endfacet
  facet normal 0 0 -1
    outer loop
      vertex 47.583448089659214 9.436184890568256 0.9
      vertex 45.47617266327143 7.9305379539728165 0.9
      vertex 48.09038733690977 15.257081598043442 0.9
    endloop
  endfacet
  facet normal 0 0 -1
    outer loop
      vertex 49.81985853612423 15.257081598043442 0.9
      vertex 52.41421191394329 7.9305379539728165 0.9
      vertex 49.85467075556517 10.69792640209198 0.9
    endloop
  endfacet
  facet normal 0 0 -1
    outer loop
      vertex 49.81985853612423 15.257081598043442 0.9
      vertex 49.85467075556517 10.69792640209198 0.9
      vertex 48.940245285630226 13.58045168966055 0.9
    endloop
  endfacet
  facet normal 0 0 -1
    outer loop
      vertex 48.09038733690977 15.257081598043442 0.9
      vertex 49.81985853612423 15.257081598043442 0.9
      vertex 48.940245285630226 13.58045168966055 0.9
    endloop
  endfacet
  facet normal 0 0 -1
    outer loop
      vertex 48.09038733690977 15.257081598043442 0.9
      vertex 48.940245285630226 13.58045168966055 0.9
      vertex 47.995917953550816 10.69792640209198 0.9
    endloop
  endfacet
  facet normal 0 0 -1
    outer loop
      vertex 47.583448089659214 9.436184890568256 0.9
      vertex 48.09038733690977 15.257081598043442 0.9
      vertex 47.995917953550816 10.69792640209198 0.9
    endloop
  endfacet
  facet normal 0 0 -1
    outer loop
      vertex 59.23337657749653 7.9305379539728165 0.9
      vertex 57.71255884319544 7.9305379539728165 0.9
      vertex 57.71255884319544 11.199808709323406 0.9
    endloop
  endfacet
  facet normal 0 0 -1
    outer loop
      vertex 57.71255884319544 12.46155022084713 0.9
      vertex 57.71255884319544 15.257081598043442 0.9
      vertex 59.23337657749653 15.257081598043442 0.9
    endloop
  endfacet
  facet normal 0 0 -1
    outer loop
      vertex 53.33406075835228 15.257081598043442 0.9
      vertex 54.84989484399557 15.257081598043442 0.9
      vertex 54.84989484399557 12.46155022084713 0.9
    endloop
  endfacet
  facet normal 0 0 -1
    outer loop
      vertex 54.84989484399557 11.199808709323406 0.9
      vertex 54.84989484399557 7.9305379539728165 0.9
      vertex 53.33406075835228 7.9305379539728165 0.9
    endloop
  endfacet
  facet normal 0 0 -1
    outer loop
      vertex 57.71255884319544 12.46155022084713 0.9
      vertex 59.23337657749653 15.257081598043442 0.9
      vertex 59.23337657749653 7.9305379539728165 0.9
    endloop
  endfacet
  facet normal 0 0 -1
    outer loop
      vertex 57.71255884319544 12.46155022084713 0.9
      vertex 59.23337657749653 7.9305379539728165 0.9
      vertex 57.71255884319544 11.199808709323406 0.9
    endloop
  endfacet
  facet normal 0 0 -1
    outer loop
      vertex 57.71255884319544 12.46155022084713 0.9
      vertex 57.71255884319544 11.199808709323406 0.9
      vertex 54.84989484399557 11.199808709323406 0.9
    endloop
  endfacet
  facet normal 0 0 -1
    outer loop
      vertex 54.84989484399557 12.46155022084713 0.9
      vertex 57.71255884319544 12.46155022084713 0.9
      vertex 54.84989484399557 11.199808709323406 0.9
    endloop
  endfacet
  facet normal 0 0 -1
    outer loop
      vertex 53.33406075835228 7.9305379539728165 0.9
      vertex 53.33406075835228 15.257081598043442 0.9
      vertex 54.84989484399557 12.46155022084713 0.9
    endloop
  endfacet
  facet normal 0 0 -1
    outer loop
      vertex 54.84989484399557 11.199808709323406 0.9
      vertex 53.33406075835228 7.9305379539728165 0.9
      vertex 54.84989484399557 12.46155022084713 0.9
    endloop
  endfacet
  facet normal 0 0 -1
    outer loop
      vertex 62.096480309963226 13.134635381400585 0.9
      vertex 62.096480309963226 7.9305379539728165 0.9
      vertex 60.67013195902109 7.9305379539728165 0.9
    endloop
  endfacet
  facet normal 0 0 -1
    outer loop
      vertex 62.096480309963226 13.134635381400585 0.9
      vertex 60.67013195902109 7.9305379539728165 0.9
      vertex 60.67013195902109 15.257081598043442 0.9
    endloop
  endfacet
  facet normal 0 0 -1
    outer loop
      vertex 62.096480309963226 13.134635381400585 0.9
      vertex 60.67013195902109 15.257081598043442 0.9
      vertex 62.27537848800421 15.257081598043442 0.9
    endloop
  endfacet
  facet normal 0 0 -1
    outer loop
      vertex 62.096480309963226 13.134635381400585 0.9
      vertex 62.27537848800421 15.257081598043442 0.9
      vertex 65.1927160024643 10.142396621406078 0.9
    endloop
  endfacet
  facet normal 0 0 -1
    outer loop
      vertex 65.08835262060165 7.9305379539728165 0.9
      vertex 62.096480309963226 13.134635381400585 0.9
      vertex 65.1927160024643 10.142396621406078 0.9
    endloop
  endfacet
  facet normal 0 0 -1
    outer loop
      vertex 66.61906435340643 7.9305379539728165 0.9
      vertex 65.08835262060165 7.9305379539728165 0.9
      vertex 65.1927160024643 10.142396621406078 0.9
    endloop
  endfacet
  facet normal 0 0 -1
    outer loop
      vertex 65.1927160024643 10.142396621406078 0.9
      vertex 65.1927160024643 15.257081598043442 0.9
      vertex 66.61906435340643 15.257081598043442 0.9
    endloop
  endfacet
  facet normal 0 0 -1
    outer loop
      vertex 65.1927160024643 10.142396621406078 0.9
      vertex 66.61906435340643 15.257081598043442 0.9
      vertex 66.61906435340643 7.9305379539728165 0.9
    endloop
  endfacet
endsolid OpenSCAD_Model
