solid OpenSCAD_Model
  facet normal -0.6343932751742409 -0.7730104607401506 0
    outer loop
      vertex 0.41005050390958786 0.41005050390958786 0
      vertex 0.6222016736865044 0.235942542552948 0
      vertex 0.41005050390958786 0.41005050390958786 1.5
    endloop
  endfacet
  facet normal -0.7730104607401506 -0.6343932751742409 0
    outer loop
      vertex 0.41005050390958786 0.41005050390958786 0
      vertex 0.235942542552948 0.6222016736865044 1.5
      vertex 0.235942542552948 0.6222016736865044 0
    endloop
  endfacet
  facet normal -0.8819212681735322 -0.47139672966959456 0
    outer loop
      vertex 0.235942542552948 0.6222016736865044 0
      vertex 0.10656865686178207 0.8642431944608688 1.5
      vertex 0.10656865686178207 0.8642431944608688 0
    endloop
  endfacet
  facet normal -0.47139672966959456 -0.8819212681735322 0
    outer loop
      vertex 0.6222016736865044 0.235942542552948 0
      vertex 0.8642431944608688 0.10656865686178207 0
      vertex 0.6222016736865044 0.235942542552948 1.5
    endloop
  endfacet
  facet normal -0.2902846915285437 -0.9569403314022136 0
    outer loop
      vertex 0.8642431944608688 0.10656865686178207 0
      vertex 1.1268735527992249 0.026900604367256165 0
      vertex 0.8642431944608688 0.10656865686178207 1.5
    endloop
  endfacet
  facet normal -0.09801713107425283 -0.9951847275837651 0
    outer loop
      vertex 1.1268735527992249 0.026900604367256165 0
      vertex 1.3999999985098839 0 0
      vertex 1.1268735527992249 0.026900604367256165 1.5
    endloop
  endfacet
  facet normal -0.9569403314022136 -0.2902846915285437 0
    outer loop
      vertex 0.10656865686178207 0.8642431944608688 0
      vertex 0.026900604367256165 1.1268735527992249 1.5
      vertex 0.026900604367256165 1.1268735527992249 0
    endloop
  endfacet
  facet normal -0.9951847275837651 -0.09801713107425283 0
    outer loop
      vertex 0.026900604367256165 1.1268735527992249 0
      vertex 0 1.3999999985098839 1.5
      vertex 0 1.3999999985098839 0
    endloop
  endfacet
  facet normal 0 0 -1
    outer loop
      vertex 0.41005050390958786 0.41005050390958786 0
      vertex 0.235942542552948 0.6222016736865044 0
      vertex 0.235942542552948 61.377798326313496 0
    endloop
  endfacet
  facet normal 0 0 -1
    outer loop
      vertex 0.41005050390958786 0.41005050390958786 0
      vertex 0.41005050390958786 61.58994949609041 0
      vertex 0.6222016736865044 0.235942542552948 0
    endloop
  endfacet
  facet normal 0 0 -1
    outer loop
      vertex 0.235942542552948 0.6222016736865044 0
      vertex 0.10656865686178207 0.8642431944608688 0
      vertex 0.10656865686178207 61.13575680553913 0
    endloop
  endfacet
  facet normal 0 0 -1
    outer loop
      vertex 0.10656865686178207 0.8642431944608688 0
      vertex 0.026900604367256165 1.1268735527992249 0
      vertex 0.026900604367256165 60.873126447200775 0
    endloop
  endfacet
  facet normal 0 0 -1
    outer loop
      vertex 0.026900604367256165 1.1268735527992249 0
      vertex 0 1.3999999985098839 0
      vertex 0 60.600000001490116 0
    endloop
  endfacet
  facet normal 0 0 -1
    outer loop
      vertex 0.6222016736865044 0.235942542552948 0
      vertex 0.6222016736865044 61.76405745744705 0
      vertex 0.8642431944608688 0.10656865686178207 0
    endloop
  endfacet
  facet normal 0 0 -1
    outer loop
      vertex 0.8642431944608688 0.10656865686178207 0
      vertex 0.8642431944608688 61.89343134313822 0
      vertex 1.1268735527992249 0.026900604367256165 0
    endloop
  endfacet
  facet normal 0 0 -1
    outer loop
      vertex 1.1268735527992249 0.026900604367256165 0
      vertex 1.1268735527992249 61.973099395632744 0
      vertex 1.3999999985098839 0 0
    endloop
  endfacet
  facet normal 0 -1 0
    outer loop
      vertex 1.3999999985098839 0 0
      vertex 76.60000000149012 0 0
      vertex 1.3999999985098839 0 1.5
    endloop
  endfacet
  facet normal 0 0 -1
    outer loop
      vertex 1.3999999985098839 0 0
      vertex 1.3999999985098839 62 0
      vertex 76.60000000149012 0 0
    endloop
  endfacet
  facet normal -0.7730104607401506 -0.6343932751742409 0
    outer loop
      vertex 0.41005050390958786 0.41005050390958786 0
      vertex 0.41005050390958786 0.41005050390958786 1.5
      vertex 0.235942542552948 0.6222016736865044 1.5
    endloop
  endfacet
  facet normal -0.6343932751742409 -0.7730104607401506 0
    outer loop
      vertex 0.6222016736865044 0.235942542552948 0
      vertex 0.6222016736865044 0.235942542552948 1.5
      vertex 0.41005050390958786 0.41005050390958786 1.5
    endloop
  endfacet
  facet normal -0.8819212681735322 -0.47139672966959456 0
    outer loop
      vertex 0.235942542552948 0.6222016736865044 0
      vertex 0.235942542552948 0.6222016736865044 1.5
      vertex 0.10656865686178207 0.8642431944608688 1.5
    endloop
  endfacet
  facet normal -0.9569403314022136 -0.2902846915285437 0
    outer loop
      vertex 0.10656865686178207 0.8642431944608688 0
      vertex 0.10656865686178207 0.8642431944608688 1.5
      vertex 0.026900604367256165 1.1268735527992249 1.5
    endloop
  endfacet
  facet normal -0.47139672966959456 -0.8819212681735322 0
    outer loop
      vertex 0.8642431944608688 0.10656865686178207 0
      vertex 0.8642431944608688 0.10656865686178207 1.5
      vertex 0.6222016736865044 0.235942542552948 1.5
    endloop
  endfacet
  facet normal -0.2902846915285437 -0.9569403314022136 0
    outer loop
      vertex 1.1268735527992249 0.026900604367256165 0
      vertex 1.1268735527992249 0.026900604367256165 1.5
      vertex 0.8642431944608688 0.10656865686178207 1.5
    endloop
  endfacet
  facet normal -0.9951847275837651 -0.09801713107425283 0
    outer loop
      vertex 0.026900604367256165 1.1268735527992249 0
      vertex 0.026900604367256165 1.1268735527992249 1.5
      vertex 0 1.3999999985098839 1.5
    endloop
  endfacet
  facet normal -0.09801713107425283 -0.9951847275837651 0
    outer loop
      vertex 1.3999999985098839 0 0
      vertex 1.3999999985098839 0 1.5
      vertex 1.1268735527992249 0.026900604367256165 1.5
    endloop
  endfacet
  facet normal 0 0 1
    outer loop
      vertex 1.3999999985098839 0 1.5
      vertex 13.502539046108723 7.832037687301636 1.5
      vertex 11.96186002343893 7.832037687301636 1.5
    endloop
  endfacet
  facet normal 0 0 1
    outer loop
      vertex 1.3999999985098839 0 1.5
      vertex 11.96186002343893 7.832037687301636 1.5
      vertex 9.7601885125041 13.859315909445286 1.5
    endloop
  endfacet
  facet normal 0 0 1
    outer loop
      vertex 1.3999999985098839 0 1.5
      vertex 9.7601885125041 13.859315909445286 1.5
      vertex 9.7601885125041 15.158581331372261 1.5
    endloop
  endfacet
  facet normal 0 0 1
    outer loop
      vertex 1.3999999985098839 0 1.5
      vertex 16.579279892146587 7.832037687301636 1.5
      vertex 13.502539046108723 7.832037687301636 1.5
    endloop
  endfacet
  facet normal 0 0 1
    outer loop
      vertex 1.3999999985098839 0 1.5
      vertex 18.09511397778988 7.832037687301636 1.5
      vertex 16.579279892146587 7.832037687301636 1.5
    endloop
  endfacet
  facet normal 0 0 1
    outer loop
      vertex 1.3999999985098839 0 1.5
      vertex 20.957777976989746 7.832037687301636 1.5
      vertex 18.09511397778988 7.832037687301636 1.5
    endloop
  endfacet
  facet normal 0 0 1
    outer loop
      vertex 1.3999999985098839 0 1.5
      vertex 22.478595711290836 7.832037687301636 1.5
      vertex 20.957777976989746 7.832037687301636 1.5
    endloop
  endfacet
  facet normal 0 0 1
    outer loop
      vertex 1.3999999985098839 0 1.5
      vertex 26.174879781901836 7.692126266658306 1.5
      vertex 22.478595711290836 7.832037687301636 1.5
    endloop
  endfacet
  facet normal 0 0 1
    outer loop
      vertex 1.3999999985098839 0 1.5
      vertex 26.887362107634544 7.6444181352853775 1.5
      vertex 26.174879781901836 7.692126266658306 1.5
    endloop
  endfacet
  facet normal 0 0 1
    outer loop
      vertex 1.3999999985098839 0 1.5
      vertex 27.59964509308338 7.692126266658306 1.5
      vertex 26.887362107634544 7.6444181352853775 1.5
    endloop
  endfacet
  facet normal 0 0 1
    outer loop
      vertex 13.502539046108723 7.832037687301636 1.5
      vertex 16.579279892146587 7.832037687301636 1.5
      vertex 13.502539046108723 13.859315909445286 1.5
    endloop
  endfacet
  facet normal 0 0 1
    outer loop
      vertex 11.96186002343893 13.859315909445286 1.5
      vertex 9.7601885125041 13.859315909445286 1.5
      vertex 11.96186002343893 7.832037687301636 1.5
    endloop
  endfacet
  facet normal 0 0 1
    outer loop
      vertex 18.09511397778988 7.832037687301636 1.5
      vertex 20.957777976989746 11.101308442652225 1.5
      vertex 18.09511397778988 11.101308442652225 1.5
    endloop
  endfacet
  facet normal 0 0 1
    outer loop
      vertex 16.579279892146587 7.832037687301636 1.5
      vertex 15.694243267178535 13.859315909445286 1.5
      vertex 13.502539046108723 13.859315909445286 1.5
    endloop
  endfacet
  facet normal 0 0 1
    outer loop
      vertex 16.579279892146587 7.832037687301636 1.5
      vertex 16.579279892146587 15.158581331372261 1.5
      vertex 15.694243267178535 13.859315909445286 1.5
    endloop
  endfacet
  facet normal 0 0 1
    outer loop
      vertex 15.694243267178535 13.859315909445286 1.5
      vertex 16.579279892146587 15.158581331372261 1.5
      vertex 15.694243267178535 15.158581331372261 1.5
    endloop
  endfacet
  facet normal 0 0 1
    outer loop
      vertex 18.09511397778988 12.363049954175949 1.5
      vertex 20.957777976989746 15.158581331372261 1.5
      vertex 18.09511397778988 15.158581331372261 1.5
    endloop
  endfacet
  facet normal -1 0 0
    outer loop
      vertex 0 1.3999999985098839 0
      vertex 0 1.3999999985098839 1.5
      vertex 0 60.600000001490116 1.5
    endloop
  endfacet
  facet normal 0 0 1
    outer loop
      vertex 0.41005050390958786 0.41005050390958786 1.5
      vertex 0.235942542552948 61.377798326313496 1.5
      vertex 0.235942542552948 0.6222016736865044 1.5
    endloop
  endfacet
  facet normal 0 0 1
    outer loop
      vertex 0.41005050390958786 0.41005050390958786 1.5
      vertex 0.6222016736865044 0.235942542552948 1.5
      vertex 0.41005050390958786 61.58994949609041 1.5
    endloop
  endfacet
  facet normal 0 0 1
    outer loop
      vertex 0.235942542552948 0.6222016736865044 1.5
      vertex 0.10656865686178207 61.13575680553913 1.5
      vertex 0.10656865686178207 0.8642431944608688 1.5
    endloop
  endfacet
  facet normal 0 0 1
    outer loop
      vertex 0.10656865686178207 0.8642431944608688 1.5
      vertex 0.026900604367256165 60.873126447200775 1.5
      vertex 0.026900604367256165 1.1268735527992249 1.5
    endloop
  endfacet
  facet normal 0 0 1
    outer loop
      vertex 0.026900604367256165 1.1268735527992249 1.5
      vertex 0 60.600000001490116 1.5
      vertex 0 1.3999999985098839 1.5
    endloop
  endfacet
  facet normal 0 0 1
    outer loop
      vertex 0.6222016736865044 0.235942542552948 1.5
      vertex 0.8642431944608688 0.10656865686178207 1.5
      vertex 0.6222016736865044 61.76405745744705 1.5
    endloop
  endfacet
  facet normal 0 0 1
    outer loop
      vertex 0.8642431944608688 0.10656865686178207 1.5
      vertex 1.1268735527992249 0.026900604367256165 1.5
      vertex 0.8642431944608688 61.89343134313822 1.5
    endloop
  endfacet
  facet normal 0 0 1
    outer loop
      vertex 1.1268735527992249 0.026900604367256165 1.5
      vertex 1.3999999985098839 0 1.5
      vertex 1.1268735527992249 61.973099395632744 1.5
    endloop
  endfacet
  facet normal 0 0 1
    outer loop
      vertex 1.3999999985098839 0 1.5
      vertex 9.7601885125041 15.158581331372261 1.5
      vertex 1.3999999985098839 62 1.5
    endloop
  endfacet
  facet normal 0 0 1
    outer loop
      vertex 1.3999999985098839 62 1.5
      vertex 9.7601885125041 15.158581331372261 1.5
      vertex 15.694243267178535 15.158581331372261 1.5
    endloop
  endfacet
  facet normal 0 0 1
    outer loop
      vertex 15.694243267178535 15.158581331372261 1.5
      vertex 16.579279892146587 15.158581331372261 1.5
      vertex 20.990987449884415 24.9375 1.5
    endloop
  endfacet
  facet normal 0 0 1
    outer loop
      vertex 18.09511397778988 15.158581331372261 1.5
      vertex 20.990987449884415 24.9375 1.5
      vertex 16.579279892146587 15.158581331372261 1.5
    endloop
  endfacet
  facet normal 0 0 1
    outer loop
      vertex 1.3999999985098839 0 1.5
      vertex 31.266299933195114 7.832037687301636 1.5
      vertex 27.59964509308338 7.692126266658306 1.5
    endloop
  endfacet
  facet normal 0 0 1
    outer loop
      vertex 1.3999999985098839 0 1.5
      vertex 32.69264829158783 7.832037687301636 1.5
      vertex 31.266299933195114 7.832037687301636 1.5
    endloop
  endfacet
  facet normal 0 0 1
    outer loop
      vertex 1.3999999985098839 0 1.5
      vertex 35.68452060222626 7.832037687301636 1.5
      vertex 32.69264829158783 7.832037687301636 1.5
    endloop
  endfacet
  facet normal 0 0 1
    outer loop
      vertex 1.3999999985098839 0 1.5
      vertex 37.21523233503103 7.832037687301636 1.5
      vertex 35.68452060222626 7.832037687301636 1.5
    endloop
  endfacet
  facet normal 0 0 1
    outer loop
      vertex 1.3999999985098839 0 1.5
      vertex 38.64209371060133 7.832037687301636 1.5
      vertex 37.21523233503103 7.832037687301636 1.5
    endloop
  endfacet
  facet normal 0 0 1
    outer loop
      vertex 1.3999999985098839 0 1.5
      vertex 40.16283815354109 7.832037687301636 1.5
      vertex 38.64209371060133 7.832037687301636 1.5
    endloop
  endfacet
  facet normal 0 0 1
    outer loop
      vertex 1.3999999985098839 0 1.5
      vertex 44.74053544551134 7.832037687301636 1.5
      vertex 40.16283815354109 7.832037687301636 1.5
    endloop
  endfacet
  facet normal 0 0 1
    outer loop
      vertex 20.957777976989746 11.101308442652225 1.5
      vertex 18.09511397778988 7.832037687301636 1.5
      vertex 20.957777976989746 7.832037687301636 1.5
    endloop
  endfacet
  facet normal 0 0 1
    outer loop
      vertex 24.172375224530697 9.118207849562168 1.5
      vertex 22.478595711290836 7.832037687301636 1.5
      vertex 24.3029760196805 8.83712150901556 1.5
    endloop
  endfacet
  facet normal 0 0 1
    outer loop
      vertex 24.62424812465906 8.40774829685688 1.5
      vertex 22.478595711290836 7.832037687301636 1.5
      vertex 25.043322786688805 8.073791347444057 1.5
    endloop
  endfacet
  facet normal 0 0 1
    outer loop
      vertex 25.043322786688805 8.073791347444057 1.5
      vertex 22.478595711290836 7.832037687301636 1.5
      vertex 25.56020000576973 7.835250675678253 1.5
    endloop
  endfacet
  facet normal 0 0 1
    outer loop
      vertex 24.3029760196805 8.83712150901556 1.5
      vertex 22.478595711290836 7.832037687301636 1.5
      vertex 24.62424812465906 8.40774829685688 1.5
    endloop
  endfacet
  facet normal 0 0 1
    outer loop
      vertex 24.070796824991703 9.440646715462208 1.5
      vertex 22.478595711290836 7.832037687301636 1.5
      vertex 24.172375224530697 9.118207849562168 1.5
    endloop
  endfacet
  facet normal 0 0 1
    outer loop
      vertex 23.99824082106352 9.80443810671568 1.5
      vertex 22.478595711290836 7.832037687301636 1.5
      vertex 24.070796824991703 9.440646715462208 1.5
    endloop
  endfacet
  facet normal 0 0 1
    outer loop
      vertex 23.94019602239132 10.656078442931175 1.5
      vertex 22.478595711290836 7.832037687301636 1.5
      vertex 23.954707220196724 10.209582015872002 1.5
    endloop
  endfacet
  facet normal 0 0 1
    outer loop
      vertex 23.954707220196724 10.209582015872002 1.5
      vertex 22.478595711290836 7.832037687301636 1.5
      vertex 23.99824082106352 9.80443810671568 1.5
    endloop
  endfacet
  facet normal 0 0 1
    outer loop
      vertex 22.478595711290836 7.832037687301636 1.5
      vertex 23.94019602239132 10.656078442931175 1.5
      vertex 23.94019602239132 15.158581331372261 1.5
    endloop
  endfacet
  facet normal 0 0 1
    outer loop
      vertex 18.09511397778988 12.363049954175949 1.5
      vertex 20.957777976989746 12.363049954175949 1.5
      vertex 20.957777976989746 15.158581331372261 1.5
    endloop
  endfacet
  facet normal 0 0 1
    outer loop
      vertex 22.478595711290836 7.832037687301636 1.5
      vertex 23.94019602239132 15.158581331372261 1.5
      vertex 22.478595711290836 15.158581331372261 1.5
    endloop
  endfacet
  facet normal 0 0 1
    outer loop
      vertex 25.56020000576973 7.835250675678253 1.5
      vertex 22.478595711290836 7.832037687301636 1.5
      vertex 26.174879781901836 7.692126266658306 1.5
    endloop
  endfacet
  facet normal 0 0 1
    outer loop
      vertex 25.81222876906395 9.32881959527731 1.5
      vertex 26.00228151679039 9.156218402087688 1.5
      vertex 26.244809105992317 9.032931834459305 1.5
    endloop
  endfacet
  facet normal 0 0 1
    outer loop
      vertex 25.81222876906395 9.32881959527731 1.5
      vertex 26.244809105992317 9.032931834459305 1.5
      vertex 26.53981154412031 8.958959892392159 1.5
    endloop
  endfacet
  facet normal 0 0 1
    outer loop
      vertex 25.81222876906395 9.32881959527731 1.5
      vertex 26.887288823723793 8.93430257588625 1.5
      vertex 25.674650870263577 9.550735421478748 1.5
    endloop
  endfacet
  facet normal 0 0 1
    outer loop
      vertex 25.674650870263577 9.550735421478748 1.5
      vertex 26.887288823723793 8.93430257588625 1.5
      vertex 25.610247522592545 9.706260308623314 1.5
    endloop
  endfacet
  facet normal 0 0 1
    outer loop
      vertex 25.610247522592545 9.706260308623314 1.5
      vertex 26.887288823723793 8.93430257588625 1.5
      vertex 25.560156032443047 9.89439581334591 1.5
    endloop
  endfacet
  facet normal 0 0 1
    outer loop
      vertex 25.560156032443047 9.89439581334591 1.5
      vertex 27.232998371124268 8.958959892392159 1.5
      vertex 25.524376399815083 10.115141950547695 1.5
    endloop
  endfacet
  facet normal 0 0 1
    outer loop
      vertex 25.81222876906395 9.32881959527731 1.5
      vertex 26.53981154412031 8.958959892392159 1.5
      vertex 26.887288823723793 8.93430257588625 1.5
    endloop
  endfacet
  facet normal 0 0 1
    outer loop
      vertex 25.560156032443047 9.89439581334591 1.5
      vertex 26.887288823723793 8.93430257588625 1.5
      vertex 27.232998371124268 8.958959892392159 1.5
    endloop
  endfacet
  facet normal 0 0 1
    outer loop
      vertex 25.524376399815083 10.115141950547695 1.5
      vertex 27.232998371124268 8.958959892392159 1.5
      vertex 27.526625908911228 9.032931834459305 1.5
    endloop
  endfacet
  facet normal 0 0 1
    outer loop
      vertex 25.524376399815083 10.115141950547695 1.5
      vertex 27.526625908911228 9.032931834459305 1.5
      vertex 25.502908617258072 10.36849870532751 1.5
    endloop
  endfacet
  facet normal 0 0 1
    outer loop
      vertex 25.502908617258072 10.36849870532751 1.5
      vertex 28.273914597928524 10.654466092586517 1.5
      vertex 25.495752692222595 10.654466092586517 1.5
    endloop
  endfacet
  facet normal 0 0 1
    outer loop
      vertex 25.502908617258072 10.36849870532751 1.5
      vertex 27.526625908911228 9.032931834459305 1.5
      vertex 27.768171429634094 9.156218402087688 1.5
    endloop
  endfacet
  facet normal 0 0 1
    outer loop
      vertex 25.502908617258072 10.36849870532751 1.5
      vertex 27.768171429634094 9.156218402087688 1.5
      vertex 27.957634933292866 9.32881959527731 1.5
    endloop
  endfacet
  facet normal 0 0 1
    outer loop
      vertex 27.59964509308338 7.692126266658306 1.5
      vertex 31.266299933195114 7.832037687301636 1.5
      vertex 28.213726833462715 7.835250675678253 1.5
    endloop
  endfacet
  facet normal 0 0 1
    outer loop
      vertex 25.502908617258072 10.36849870532751 1.5
      vertex 27.957634933292866 9.32881959527731 1.5
      vertex 28.095016419887543 9.550735421478748 1.5
    endloop
  endfacet
  facet normal 0 0 1
    outer loop
      vertex 25.502908617258072 10.36849870532751 1.5
      vertex 28.095016419887543 9.550735421478748 1.5
      vertex 28.159419767558575 9.706260308623314 1.5
    endloop
  endfacet
  facet normal 0 0 1
    outer loop
      vertex 25.502908617258072 10.36849870532751 1.5
      vertex 28.159419767558575 9.706260308623314 1.5
      vertex 28.209511257708073 9.89439581334591 1.5
    endloop
  endfacet
  facet normal 0 0 1
    outer loop
      vertex 25.502908617258072 10.36849870532751 1.5
      vertex 28.209511257708073 9.89439581334591 1.5
      vertex 28.245290890336037 10.115141950547695 1.5
    endloop
  endfacet
  facet normal 0 0 1
    outer loop
      vertex 25.502908617258072 10.36849870532751 1.5
      vertex 28.245290890336037 10.115141950547695 1.5
      vertex 28.266758672893047 10.36849870532751 1.5
    endloop
  endfacet
  facet normal 0 0 1
    outer loop
      vertex 25.502908617258072 10.36849870532751 1.5
      vertex 28.266758672893047 10.36849870532751 1.5
      vertex 28.273914597928524 10.654466092586517 1.5
    endloop
  endfacet
  facet normal 0 0 1
    outer loop
      vertex 25.495752692222595 10.654466092586517 1.5
      vertex 28.273914597928524 15.158581331372261 1.5
      vertex 25.495752692222595 15.158581331372261 1.5
    endloop
  endfacet
  facet normal 0 0 1
    outer loop
      vertex 28.273914597928524 15.158581331372261 1.5
      vertex 25.495752692222595 10.654466092586517 1.5
      vertex 28.273914597928524 10.654466092586517 1.5
    endloop
  endfacet
  facet normal 0 0 1
    outer loop
      vertex 1.3999999985098839 0 1.5
      vertex 46.26135317981243 7.832037687301636 1.5
      vertex 44.74053544551134 7.832037687301636 1.5
    endloop
  endfacet
  facet normal 0 0 1
    outer loop
      vertex 1.3999999985098839 0 1.5
      vertex 49.359168976545334 7.749004311859608 1.5
      vertex 46.26135317981243 7.832037687301636 1.5
    endloop
  endfacet
  facet normal 0 0 1
    outer loop
      vertex 1.3999999985098839 0 1.5
      vertex 49.858345463871956 7.670564673841 1.5
      vertex 49.359168976545334 7.749004311859608 1.5
    endloop
  endfacet
  facet normal 0 0 1
    outer loop
      vertex 28.213726833462715 7.835250675678253 1.5
      vertex 31.266299933195114 7.832037687301636 1.5
      vertex 28.729607321321964 8.073791347444057 1.5
    endloop
  endfacet
  facet normal 0 0 1
    outer loop
      vertex 28.729607321321964 8.073791347444057 1.5
      vertex 31.266299933195114 7.832037687301636 1.5
      vertex 29.14728656411171 8.40774829685688 1.5
    endloop
  endfacet
  facet normal 0 0 1
    outer loop
      vertex 29.14728656411171 8.40774829685688 1.5
      vertex 31.266299933195114 7.832037687301636 1.5
      vertex 29.46676455438137 8.83712150901556 1.5
    endloop
  endfacet
  facet normal 0 0 1
    outer loop
      vertex 29.46676455438137 8.83712150901556 1.5
      vertex 31.266299933195114 7.832037687301636 1.5
      vertex 29.597365356981754 9.118207849562168 1.5
    endloop
  endfacet
  facet normal 0 0 1
    outer loop
      vertex 29.597365356981754 9.118207849562168 1.5
      vertex 31.266299933195114 7.832037687301636 1.5
      vertex 29.698943756520748 9.440646715462208 1.5
    endloop
  endfacet
  facet normal 0 0 1
    outer loop
      vertex 29.698943756520748 9.440646715462208 1.5
      vertex 31.266299933195114 7.832037687301636 1.5
      vertex 29.771499752998352 9.80443810671568 1.5
    endloop
  endfacet
  facet normal 0 0 1
    outer loop
      vertex 31.266299933195114 15.158581331372261 1.5
      vertex 29.771499752998352 9.80443810671568 1.5
      vertex 31.266299933195114 7.832037687301636 1.5
    endloop
  endfacet
  facet normal 0 0 1
    outer loop
      vertex 32.69264829158783 13.036135114729404 1.5
      vertex 32.69264829158783 7.832037687301636 1.5
      vertex 35.68452060222626 7.832037687301636 1.5
    endloop
  endfacet
  facet normal 0 0 1
    outer loop
      vertex 29.771499752998352 9.80443810671568 1.5
      vertex 31.266299933195114 15.158581331372261 1.5
      vertex 29.815033353865147 10.209582015872002 1.5
    endloop
  endfacet
  facet normal 0 0 1
    outer loop
      vertex 29.815033353865147 10.209582015872002 1.5
      vertex 31.266299933195114 15.158581331372261 1.5
      vertex 29.829544559121132 10.656078442931175 1.5
    endloop
  endfacet
  facet normal 0 0 1
    outer loop
      vertex 29.829544559121132 10.656078442931175 1.5
      vertex 31.266299933195114 15.158581331372261 1.5
      vertex 29.829544559121132 15.158581331372261 1.5
    endloop
  endfacet
  facet normal 0 0 1
    outer loop
      vertex 38.64209371060133 15.149200357496738 1.5
      vertex 37.21523233503103 7.832037687301636 1.5
      vertex 38.64209371060133 7.832037687301636 1.5
    endloop
  endfacet
  facet normal 0 0 1
    outer loop
      vertex 35.78888397663832 10.043896354734898 1.5
      vertex 35.78888397663832 15.158581331372261 1.5
      vertex 32.87154646962881 15.158581331372261 1.5
    endloop
  endfacet
  facet normal 0 0 1
    outer loop
      vertex 37.21523233503103 7.832037687301636 1.5
      vertex 38.64209371060133 15.149200357496738 1.5
      vertex 37.21523233503103 15.158581331372261 1.5
    endloop
  endfacet
  facet normal 0 0 1
    outer loop
      vertex 18.09511397778988 15.158581331372261 1.5
      vertex 20.957777976989746 15.158581331372261 1.5
      vertex 20.990987449884415 24.9375 1.5
    endloop
  endfacet
  facet normal 0 0 1
    outer loop
      vertex 22.478595711290836 15.158581331372261 1.5
      vertex 20.990987449884415 24.9375 1.5
      vertex 20.957777976989746 15.158581331372261 1.5
    endloop
  endfacet
  facet normal 0 0 1
    outer loop
      vertex 22.478595711290836 15.158581331372261 1.5
      vertex 23.94019602239132 15.158581331372261 1.5
      vertex 20.990987449884415 24.9375 1.5
    endloop
  endfacet
  facet normal 0 0 1
    outer loop
      vertex 25.495752692222595 15.158581331372261 1.5
      vertex 20.990987449884415 24.9375 1.5
      vertex 23.94019602239132 15.158581331372261 1.5
    endloop
  endfacet
  facet normal 0 0 1
    outer loop
      vertex 25.495752692222595 15.158581331372261 1.5
      vertex 28.273914597928524 15.158581331372261 1.5
      vertex 20.990987449884415 24.9375 1.5
    endloop
  endfacet
  facet normal 0 0 1
    outer loop
      vertex 29.829544559121132 15.158581331372261 1.5
      vertex 20.990987449884415 24.9375 1.5
      vertex 28.273914597928524 15.158581331372261 1.5
    endloop
  endfacet
  facet normal 0 0 1
    outer loop
      vertex 29.829544559121132 15.158581331372261 1.5
      vertex 31.266299933195114 15.158581331372261 1.5
      vertex 20.990987449884415 24.9375 1.5
    endloop
  endfacet
  facet normal 0 0 1
    outer loop
      vertex 32.87154646962881 15.158581331372261 1.5
      vertex 20.990987449884415 24.9375 1.5
      vertex 31.266299933195114 15.158581331372261 1.5
    endloop
  endfacet
  facet normal 0 0 1
    outer loop
      vertex 28.038744047284126 28.653505563735962 1.5
      vertex 20.990987449884415 24.9375 1.5
      vertex 31.63126776367426 25.690612487494946 1.5
    endloop
  endfacet
  facet normal 0 0 1
    outer loop
      vertex 25.024198420345783 32.47079110890627 1.5
      vertex 20.990987449884415 24.9375 1.5
      vertex 28.038744047284126 28.653505563735962 1.5
    endloop
  endfacet
  facet normal 0 0 1
    outer loop
      vertex 32.87154646962881 15.158581331372261 1.5
      vertex 40.676952593028545 21 1.5
      vertex 20.990987449884415 24.9375 1.5
    endloop
  endfacet
  facet normal 0 0 1
    outer loop
      vertex 32.87154646962881 15.158581331372261 1.5
      vertex 35.78888397663832 15.158581331372261 1.5
      vertex 40.676952593028545 21 1.5
    endloop
  endfacet
  facet normal 0 0 1
    outer loop
      vertex 37.21523233503103 15.158581331372261 1.5
      vertex 40.676952593028545 21 1.5
      vertex 35.78888397663832 15.158581331372261 1.5
    endloop
  endfacet
  facet normal 0 0 1
    outer loop
      vertex 35.529383175075054 23.866071946918964 1.5
      vertex 40.676952593028545 21 1.5
      vertex 39.43032684922218 23.273245483636856 1.5
    endloop
  endfacet
  facet normal 0 0 1
    outer loop
      vertex 31.63126776367426 25.690612487494946 1.5
      vertex 20.990987449884415 24.9375 1.5
      vertex 35.529383175075054 23.866071946918964 1.5
    endloop
  endfacet
  facet normal 0 0 1
    outer loop
      vertex 35.529383175075054 23.866071946918964 1.5
      vertex 20.990987449884415 24.9375 1.5
      vertex 40.676952593028545 21 1.5
    endloop
  endfacet
  facet normal 0 0 -1
    outer loop
      vertex 0.026900604367256165 1.1268735527992249 0
      vertex 0 60.600000001490116 0
      vertex 0.026900604367256165 60.873126447200775 0
    endloop
  endfacet
  facet normal 0 0 -1
    outer loop
      vertex 0.10656865686178207 0.8642431944608688 0
      vertex 0.026900604367256165 60.873126447200775 0
      vertex 0.10656865686178207 61.13575680553913 0
    endloop
  endfacet
  facet normal 0 0 -1
    outer loop
      vertex 0.235942542552948 0.6222016736865044 0
      vertex 0.10656865686178207 61.13575680553913 0
      vertex 0.235942542552948 61.377798326313496 0
    endloop
  endfacet
  facet normal 0 0 -1
    outer loop
      vertex 0.41005050390958786 0.41005050390958786 0
      vertex 0.235942542552948 61.377798326313496 0
      vertex 0.41005050390958786 61.58994949609041 0
    endloop
  endfacet
  facet normal 0 0 -1
    outer loop
      vertex 0.6222016736865044 0.235942542552948 0
      vertex 0.41005050390958786 61.58994949609041 0
      vertex 0.6222016736865044 61.76405745744705 0
    endloop
  endfacet
  facet normal 0 0 -1
    outer loop
      vertex 0.8642431944608688 0.10656865686178207 0
      vertex 0.6222016736865044 61.76405745744705 0
      vertex 0.8642431944608688 61.89343134313822 0
    endloop
  endfacet
  facet normal 0 0 -1
    outer loop
      vertex 1.1268735527992249 0.026900604367256165 0
      vertex 0.8642431944608688 61.89343134313822 0
      vertex 1.1268735527992249 61.973099395632744 0
    endloop
  endfacet
  facet normal 0 0 -1
    outer loop
      vertex 1.3999999985098839 0 0
      vertex 1.1268735527992249 61.973099395632744 0
      vertex 1.3999999985098839 62 0
    endloop
  endfacet
  facet normal -1 0 0
    outer loop
      vertex 0 1.3999999985098839 0
      vertex 0 60.600000001490116 1.5
      vertex 0 60.600000001490116 0
    endloop
  endfacet
  facet normal -0.9951847275837651 0.09801713107425283 0
    outer loop
      vertex 0 60.600000001490116 0
      vertex 0.026900604367256165 60.873126447200775 1.5
      vertex 0.026900604367256165 60.873126447200775 0
    endloop
  endfacet
  facet normal -0.9569403314022136 0.2902846915285437 0
    outer loop
      vertex 0.026900604367256165 60.873126447200775 0
      vertex 0.10656865686178207 61.13575680553913 1.5
      vertex 0.10656865686178207 61.13575680553913 0
    endloop
  endfacet
  facet normal -0.8819212681735322 0.47139672966959456 0
    outer loop
      vertex 0.10656865686178207 61.13575680553913 0
      vertex 0.235942542552948 61.377798326313496 1.5
      vertex 0.235942542552948 61.377798326313496 0
    endloop
  endfacet
  facet normal -0.7730104607401506 0.6343932751742409 0
    outer loop
      vertex 0.235942542552948 61.377798326313496 0
      vertex 0.41005050390958786 61.58994949609041 1.5
      vertex 0.41005050390958786 61.58994949609041 0
    endloop
  endfacet
  facet normal -0.6343932751742409 0.7730104607401506 0
    outer loop
      vertex 0.41005050390958786 61.58994949609041 0
      vertex 0.6222016736865044 61.76405745744705 1.5
      vertex 0.6222016736865044 61.76405745744705 0
    endloop
  endfacet
  facet normal -0.47139672966959456 0.8819212681735322 0
    outer loop
      vertex 0.6222016736865044 61.76405745744705 0
      vertex 0.8642431944608688 61.89343134313822 1.5
      vertex 0.8642431944608688 61.89343134313822 0
    endloop
  endfacet
  facet normal -0.2902846915285437 0.9569403314022136 0
    outer loop
      vertex 0.8642431944608688 61.89343134313822 0
      vertex 1.1268735527992249 61.973099395632744 1.5
      vertex 1.1268735527992249 61.973099395632744 0
    endloop
  endfacet
  facet normal -0.09801713107425283 0.9951847275837651 0
    outer loop
      vertex 1.1268735527992249 61.973099395632744 0
      vertex 1.3999999985098839 62 1.5
      vertex 1.3999999985098839 62 0
    endloop
  endfacet
  facet normal 0 0 1
    outer loop
      vertex 0.026900604367256165 1.1268735527992249 1.5
      vertex 0.026900604367256165 60.873126447200775 1.5
      vertex 0 60.600000001490116 1.5
    endloop
  endfacet
  facet normal 0 0 1
    outer loop
      vertex 0.10656865686178207 0.8642431944608688 1.5
      vertex 0.10656865686178207 61.13575680553913 1.5
      vertex 0.026900604367256165 60.873126447200775 1.5
    endloop
  endfacet
  facet normal 0 0 1
    outer loop
      vertex 0.235942542552948 0.6222016736865044 1.5
      vertex 0.235942542552948 61.377798326313496 1.5
      vertex 0.10656865686178207 61.13575680553913 1.5
    endloop
  endfacet
  facet normal 0 0 1
    outer loop
      vertex 0.41005050390958786 0.41005050390958786 1.5
      vertex 0.41005050390958786 61.58994949609041 1.5
      vertex 0.235942542552948 61.377798326313496 1.5
    endloop
  endfacet
  facet normal 0 0 1
    outer loop
      vertex 0.6222016736865044 0.235942542552948 1.5
      vertex 0.6222016736865044 61.76405745744705 1.5
      vertex 0.41005050390958786 61.58994949609041 1.5
    endloop
  endfacet
  facet normal 0 0 1
    outer loop
      vertex 0.8642431944608688 0.10656865686178207 1.5
      vertex 0.8642431944608688 61.89343134313822 1.5
      vertex 0.6222016736865044 61.76405745744705 1.5
    endloop
  endfacet
  facet normal 0 0 1
    outer loop
      vertex 1.1268735527992249 0.026900604367256165 1.5
      vertex 1.1268735527992249 61.973099395632744 1.5
      vertex 0.8642431944608688 61.89343134313822 1.5
    endloop
  endfacet
  facet normal 0 0 1
    outer loop
      vertex 1.3999999985098839 0 1.5
      vertex 1.3999999985098839 62 1.5
      vertex 1.1268735527992249 61.973099395632744 1.5
    endloop
  endfacet
  facet normal 0 0 1
    outer loop
      vertex 1.3999999985098839 62 1.5
      vertex 15.694243267178535 15.158581331372261 1.5
      vertex 20.990987449884415 24.9375 1.5
    endloop
  endfacet
  facet normal 0 0 1
    outer loop
      vertex 1.3999999985098839 62 1.5
      vertex 20.990987449884415 24.9375 1.5
      vertex 20.990987449884415 50.81250000745058 1.5
    endloop
  endfacet
  facet normal -0.9951847275837651 0.09801713107425283 0
    outer loop
      vertex 0 60.600000001490116 0
      vertex 0 60.600000001490116 1.5
      vertex 0.026900604367256165 60.873126447200775 1.5
    endloop
  endfacet
  facet normal -0.9569403314022136 0.2902846915285437 0
    outer loop
      vertex 0.026900604367256165 60.873126447200775 0
      vertex 0.026900604367256165 60.873126447200775 1.5
      vertex 0.10656865686178207 61.13575680553913 1.5
    endloop
  endfacet
  facet normal -0.8819212681735322 0.47139672966959456 0
    outer loop
      vertex 0.10656865686178207 61.13575680553913 0
      vertex 0.10656865686178207 61.13575680553913 1.5
      vertex 0.235942542552948 61.377798326313496 1.5
    endloop
  endfacet
  facet normal -0.7730104607401506 0.6343932751742409 0
    outer loop
      vertex 0.235942542552948 61.377798326313496 0
      vertex 0.235942542552948 61.377798326313496 1.5
      vertex 0.41005050390958786 61.58994949609041 1.5
    endloop
  endfacet
  facet normal -0.6343932751742409 0.7730104607401506 0
    outer loop
      vertex 0.41005050390958786 61.58994949609041 0
      vertex 0.41005050390958786 61.58994949609041 1.5
      vertex 0.6222016736865044 61.76405745744705 1.5
    endloop
  endfacet
  facet normal -0.47139672966959456 0.8819212681735322 0
    outer loop
      vertex 0.6222016736865044 61.76405745744705 0
      vertex 0.6222016736865044 61.76405745744705 1.5
      vertex 0.8642431944608688 61.89343134313822 1.5
    endloop
  endfacet
  facet normal -0.2902846915285437 0.9569403314022136 0
    outer loop
      vertex 0.8642431944608688 61.89343134313822 0
      vertex 0.8642431944608688 61.89343134313822 1.5
      vertex 1.1268735527992249 61.973099395632744 1.5
    endloop
  endfacet
  facet normal -0.09801713107425283 0.9951847275837651 0
    outer loop
      vertex 1.1268735527992249 61.973099395632744 0
      vertex 1.1268735527992249 61.973099395632744 1.5
      vertex 1.3999999985098839 62 1.5
    endloop
  endfacet
  facet normal 0 1 0
    outer loop
      vertex 1.3999999985098839 62 0
      vertex 1.3999999985098839 62 1.5
      vertex 76.60000000149012 62 1.5
    endloop
  endfacet
  facet normal 0 0 1
    outer loop
      vertex 25.024198420345783 43.27920889854431 1.5
      vertex 28.038744047284126 47.09649444371462 1.5
      vertex 20.990987449884415 50.81250000745058 1.5
    endloop
  endfacet
  facet normal 0 0 1
    outer loop
      vertex 31.63126776367426 50.059387519955635 1.5
      vertex 20.990987449884415 50.81250000745058 1.5
      vertex 28.038744047284126 47.09649444371462 1.5
    endloop
  endfacet
  facet normal 0 0 1
    outer loop
      vertex 1.3999999985098839 62 1.5
      vertex 20.990987449884415 50.81250000745058 1.5
      vertex 37.76051330566406 57 1.5
    endloop
  endfacet
  facet normal 0 0 1
    outer loop
      vertex 35.529383175075054 51.883928060531616 1.5
      vertex 20.990987449884415 50.81250000745058 1.5
      vertex 31.63126776367426 50.059387519955635 1.5
    endloop
  endfacet
  facet normal 0 0 1
    outer loop
      vertex 35.529383175075054 51.883928060531616 1.5
      vertex 37.76051330566406 57 1.5
      vertex 20.990987449884415 50.81250000745058 1.5
    endloop
  endfacet
  facet normal 0 0 1
    outer loop
      vertex 35.620882511138916 51.897833198308945 1.5
      vertex 37.76051330566406 57 1.5
      vertex 35.529383175075054 51.883928060531616 1.5
    endloop
  endfacet
  facet normal 0 0 1
    outer loop
      vertex 37.76051330566406 57 1.5
      vertex 39.1529031842947 52.43459443002939 1.5
      vertex 39.5832878574729 52.50000001490116 1.5
    endloop
  endfacet
  facet normal 0 0 1
    outer loop
      vertex 1.3999999985098839 62 1.5
      vertex 37.76051330566406 57 1.5
      vertex 76.60000000149012 62 1.5
    endloop
  endfacet
  facet normal 0.09801713107425283 -0.9951847275837651 0
    outer loop
      vertex 76.60000000149012 0 0
      vertex 76.87312644720078 0.026900604367256165 0
      vertex 76.60000000149012 0 1.5
    endloop
  endfacet
  facet normal 0.2902846915285437 -0.9569403314022136 0
    outer loop
      vertex 76.87312644720078 0.026900604367256165 0
      vertex 77.13575680553913 0.10656865686178207 0
      vertex 76.87312644720078 0.026900604367256165 1.5
    endloop
  endfacet
  facet normal 0.47139672966959456 -0.8819212681735322 0
    outer loop
      vertex 77.13575680553913 0.10656865686178207 0
      vertex 77.3777983263135 0.235942542552948 0
      vertex 77.13575680553913 0.10656865686178207 1.5
    endloop
  endfacet
  facet normal 0.6343932751742409 -0.7730104607401506 0
    outer loop
      vertex 77.3777983263135 0.235942542552948 0
      vertex 77.58994949609041 0.41005050390958786 0
      vertex 77.3777983263135 0.235942542552948 1.5
    endloop
  endfacet
  facet normal 0.7730104607401506 -0.6343932751742409 0
    outer loop
      vertex 77.58994949609041 0.41005050390958786 0
      vertex 77.76405745744705 0.6222016736865044 0
      vertex 77.58994949609041 0.41005050390958786 1.5
    endloop
  endfacet
  facet normal 0.8819212681735322 -0.47139672966959456 0
    outer loop
      vertex 77.76405745744705 0.6222016736865044 0
      vertex 77.89343134313822 0.8642431944608688 0
      vertex 77.76405745744705 0.6222016736865044 1.5
    endloop
  endfacet
  facet normal 0.9569403314022136 -0.2902846915285437 0
    outer loop
      vertex 77.89343134313822 0.8642431944608688 0
      vertex 77.97309939563274 1.1268735527992249 0
      vertex 77.89343134313822 0.8642431944608688 1.5
    endloop
  endfacet
  facet normal 0.9951847275837651 -0.09801713107425283 0
    outer loop
      vertex 77.97309939563274 1.1268735527992249 0
      vertex 78 1.3999999985098839 0
      vertex 77.97309939563274 1.1268735527992249 1.5
    endloop
  endfacet
  facet normal 0 0 -1
    outer loop
      vertex 76.60000000149012 0 0
      vertex 76.60000000149012 62 0
      vertex 76.87312644720078 0.026900604367256165 0
    endloop
  endfacet
  facet normal 0 0 -1
    outer loop
      vertex 76.87312644720078 0.026900604367256165 0
      vertex 76.87312644720078 61.973099395632744 0
      vertex 77.13575680553913 0.10656865686178207 0
    endloop
  endfacet
  facet normal 0 0 -1
    outer loop
      vertex 77.13575680553913 0.10656865686178207 0
      vertex 77.13575680553913 61.89343134313822 0
      vertex 77.3777983263135 0.235942542552948 0
    endloop
  endfacet
  facet normal 0 0 -1
    outer loop
      vertex 77.3777983263135 0.235942542552948 0
      vertex 77.3777983263135 61.76405745744705 0
      vertex 77.58994949609041 0.41005050390958786 0
    endloop
  endfacet
  facet normal 0 0 -1
    outer loop
      vertex 77.58994949609041 0.41005050390958786 0
      vertex 77.58994949609041 61.58994949609041 0
      vertex 77.76405745744705 0.6222016736865044 0
    endloop
  endfacet
  facet normal 0 0 -1
    outer loop
      vertex 77.76405745744705 0.6222016736865044 0
      vertex 77.76405745744705 61.377798326313496 0
      vertex 77.89343134313822 0.8642431944608688 0
    endloop
  endfacet
  facet normal 0 0 -1
    outer loop
      vertex 77.89343134313822 0.8642431944608688 0
      vertex 77.89343134313822 61.13575680553913 0
      vertex 77.97309939563274 1.1268735527992249 0
    endloop
  endfacet
  facet normal 0 0 -1
    outer loop
      vertex 77.97309939563274 1.1268735527992249 0
      vertex 77.97309939563274 60.873126447200775 0
      vertex 78 1.3999999985098839 0
    endloop
  endfacet
  facet normal 1 0 0
    outer loop
      vertex 78 1.3999999985098839 0
      vertex 78 60.600000001490116 0
      vertex 78 1.3999999985098839 1.5
    endloop
  endfacet
  facet normal 0 -1 0
    outer loop
      vertex 1.3999999985098839 0 1.5
      vertex 76.60000000149012 0 0
      vertex 76.60000000149012 0 1.5
    endloop
  endfacet
  facet normal 0 0 1
    outer loop
      vertex 1.3999999985098839 0 1.5
      vertex 76.60000000149012 0 1.5
      vertex 49.858345463871956 7.670564673841 1.5
    endloop
  endfacet
  facet normal 0 0 1
    outer loop
      vertex 40.16283815354109 10.904307909309864 1.5
      vertex 40.16283815354109 7.832037687301636 1.5
      vertex 43.37838815897703 10.904307909309864 1.5
    endloop
  endfacet
  facet normal 0 0 1
    outer loop
      vertex 40.16283815354109 7.832037687301636 1.5
      vertex 44.74053544551134 7.832037687301636 1.5
      vertex 43.37838815897703 10.904307909309864 1.5
    endloop
  endfacet
  facet normal 0 0 1
    outer loop
      vertex 40.16283815354109 12.17543040215969 1.5
      vertex 43.37838815897703 12.17543040215969 1.5
      vertex 40.16283815354109 13.864006400108337 1.5
    endloop
  endfacet
  facet normal 0 0 1
    outer loop
      vertex 37.21523233503103 15.158581331372261 1.5
      vertex 38.64209371060133 15.149200357496738 1.5
      vertex 44.74053544551134 15.158581331372261 1.5
    endloop
  endfacet
  facet normal 0 0 1
    outer loop
      vertex 40.16283815354109 13.864006400108337 1.5
      vertex 43.37838815897703 12.17543040215969 1.5
      vertex 43.83563753217459 13.864006400108337 1.5
    endloop
  endfacet
  facet normal 0 0 1
    outer loop
      vertex 43.37838815897703 10.904307909309864 1.5
      vertex 44.74053544551134 15.158581331372261 1.5
      vertex 43.37838815897703 12.17543040215969 1.5
    endloop
  endfacet
  facet normal 0 0 1
    outer loop
      vertex 43.83563753217459 15.149200357496738 1.5
      vertex 44.74053544551134 15.158581331372261 1.5
      vertex 38.64209371060133 15.149200357496738 1.5
    endloop
  endfacet
  facet normal 0 0 1
    outer loop
      vertex 44.74053544551134 15.158581331372261 1.5
      vertex 43.37838815897703 10.904307909309864 1.5
      vertex 44.74053544551134 7.832037687301636 1.5
    endloop
  endfacet
  facet normal 0 0 1
    outer loop
      vertex 47.46624010056257 9.258670404553413 1.5
      vertex 46.26135317981243 7.832037687301636 1.5
      vertex 47.630245976150036 8.89932032674551 1.5
    endloop
  endfacet
  facet normal 0 0 1
    outer loop
      vertex 47.630245976150036 8.89932032674551 1.5
      vertex 46.26135317981243 7.832037687301636 1.5
      vertex 47.85985419899225 8.579124100506306 1.5
    endloop
  endfacet
  facet normal 0 0 1
    outer loop
      vertex 47.85985419899225 8.579124100506306 1.5
      vertex 46.26135317981243 7.832037687301636 1.5
      vertex 48.1550647765398 8.29808173328638 1.5
    endloop
  endfacet
  facet normal 0 0 1
    outer loop
      vertex 47.36783657222986 9.657174341380596 1.5
      vertex 46.26135317981243 7.832037687301636 1.5
      vertex 47.46624010056257 9.258670404553413 1.5
    endloop
  endfacet
  facet normal 0 0 1
    outer loop
      vertex 47.335035398602486 10.094832129776478 1.5
      vertex 46.26135317981243 7.832037687301636 1.5
      vertex 47.36783657222986 9.657174341380596 1.5
    endloop
  endfacet
  facet normal 0 0 1
    outer loop
      vertex 48.1550647765398 8.29808173328638 1.5
      vertex 46.26135317981243 7.832037687301636 1.5
      vertex 48.50752863287926 8.062762834131718 1.5
    endloop
  endfacet
  facet normal 0 0 1
    outer loop
      vertex 48.50752863287926 8.062762834131718 1.5
      vertex 46.26135317981243 7.832037687301636 1.5
      vertex 48.90889669954777 7.87973702698946 1.5
    endloop
  endfacet
  facet normal 0 0 1
    outer loop
      vertex 48.90889669954777 7.87973702698946 1.5
      vertex 46.26135317981243 7.832037687301636 1.5
      vertex 49.359168976545334 7.749004311859608 1.5
    endloop
  endfacet
  facet normal 0 0 1
    outer loop
      vertex 46.26135317981243 12.41570655462332 1.5
      vertex 46.26135317981243 7.832037687301636 1.5
      vertex 47.335035398602486 10.094832129776478 1.5
    endloop
  endfacet
  facet normal 0 0 1
    outer loop
      vertex 46.26135317981243 12.41570655462332 1.5
      vertex 47.335035398602486 10.094832129776478 1.5
      vertex 48.19486064463854 11.5 1.5
    endloop
  endfacet
  facet normal 0 0 1
    outer loop
      vertex 48.79619597643614 10.094832129776478 1.5
      vertex 48.19486064463854 11.5 1.5
      vertex 47.335035398602486 10.094832129776478 1.5
    endloop
  endfacet
  facet normal 0 0 1
    outer loop
      vertex 48.79619597643614 10.094832129776478 1.5
      vertex 48.398017443716526 11.380594812333584 1.5
      vertex 48.19486064463854 11.5 1.5
    endloop
  endfacet
  facet normal 0 0 1
    outer loop
      vertex 48.79619597643614 10.094832129776478 1.5
      vertex 48.65763600170612 11.264760255813599 1.5
      vertex 48.398017443716526 11.380594812333584 1.5
    endloop
  endfacet
  facet normal 0 0 1
    outer loop
      vertex 44.74053544551134 15.158581331372261 1.5
      vertex 43.83563753217459 13.864006400108337 1.5
      vertex 43.37838815897703 12.17543040215969 1.5
    endloop
  endfacet
  facet normal 0 0 1
    outer loop
      vertex 43.83563753217459 13.864006400108337 1.5
      vertex 44.74053544551134 15.158581331372261 1.5
      vertex 43.83563753217459 15.149200357496738 1.5
    endloop
  endfacet
  facet normal 0 0 1
    outer loop
      vertex 46.26135317981243 12.41570655462332 1.5
      vertex 47.92827671021223 11.725536294281483 1.5
      vertex 47.72093364596367 11.996769681572914 1.5
    endloop
  endfacet
  facet normal 0 0 1
    outer loop
      vertex 46.26135317981243 12.41570655462332 1.5
      vertex 48.19486064463854 11.5 1.5
      vertex 47.92827671021223 11.725536294281483 1.5
    endloop
  endfacet
  facet normal 0 0 1
    outer loop
      vertex 46.26135317981243 12.41570655462332 1.5
      vertex 47.72093364596367 11.996769681572914 1.5
      vertex 47.57283145934343 12.313700146973133 1.5
    endloop
  endfacet
  facet normal 0 0 1
    outer loop
      vertex 46.26135317981243 12.41570655462332 1.5
      vertex 47.57283145934343 12.313700146973133 1.5
      vertex 47.483970150351524 12.6763277053833 1.5
    endloop
  endfacet
  facet normal 0 0 1
    outer loop
      vertex 46.26135317981243 12.41570655462332 1.5
      vertex 47.483970150351524 12.6763277053833 1.5
      vertex 47.45434971153736 13.084652356803417 1.5
    endloop
  endfacet
  facet normal 0 0 1
    outer loop
      vertex 46.26135317981243 12.41570655462332 1.5
      vertex 47.45434971153736 13.084652356803417 1.5
      vertex 47.482976354658604 13.464754916727543 1.5
    endloop
  endfacet
  facet normal 0 0 1
    outer loop
      vertex 46.26135317981243 12.41570655462332 1.5
      vertex 47.482976354658604 13.464754916727543 1.5
      vertex 47.56885626912117 13.818233095109463 1.5
    endloop
  endfacet
  facet normal 0 0 1
    outer loop
      vertex 46.26135317981243 12.41570655462332 1.5
      vertex 47.56885626912117 13.818233095109463 1.5
      vertex 46.26135317981243 15.158581331372261 1.5
    endloop
  endfacet
  facet normal 0 0 1
    outer loop
      vertex 47.71198946982622 14.145086877048016 1.5
      vertex 46.26135317981243 15.158581331372261 1.5
      vertex 47.56885626912117 13.818233095109463 1.5
    endloop
  endfacet
  facet normal 0 0 1
    outer loop
      vertex 47.91237594932318 14.445316277444363 1.5
      vertex 46.26135317981243 15.158581331372261 1.5
      vertex 47.71198946982622 14.145086877048016 1.5
    endloop
  endfacet
  facet normal 0 0 1
    outer loop
      vertex 48.17001570761204 14.718921288847923 1.5
      vertex 46.26135317981243 15.158581331372261 1.5
      vertex 47.91237594932318 14.445316277444363 1.5
    endloop
  endfacet
  facet normal 0 0 1
    outer loop
      vertex 48.48311757296324 14.953184828162193 1.5
      vertex 46.26135317981243 15.158581331372261 1.5
      vertex 48.17001570761204 14.718921288847923 1.5
    endloop
  endfacet
  facet normal 0 0 1
    outer loop
      vertex 48.84989035129547 15.135389797389507 1.5
      vertex 46.26135317981243 15.158581331372261 1.5
      vertex 48.48311757296324 14.953184828162193 1.5
    endloop
  endfacet
  facet normal 0 0 1
    outer loop
      vertex 49.27033405005932 15.265536203980446 1.5
      vertex 46.26135317981243 15.158581331372261 1.5
      vertex 48.84989035129547 15.135389797389507 1.5
    endloop
  endfacet
  facet normal 0 0 1
    outer loop
      vertex 56.39246618747711 7.792473413050175 1.5
      vertex 51.42624397575855 7.750540442764759 1.5
      vertex 56.94352240860462 7.670878350734711 1.5
    endloop
  endfacet
  facet normal 0 0 1
    outer loop
      vertex 49.70827619731426 8.96445069462061 1.5
      vertex 49.775262244045734 10.938680402934551 1.5
      vertex 49.452835105359554 9.054903842508793 1.5
    endloop
  endfacet
  facet normal 0 0 1
    outer loop
      vertex 50.00625416636467 8.910178810358047 1.5
      vertex 49.775262244045734 10.938680402934551 1.5
      vertex 49.70827619731426 8.96445069462061 1.5
    endloop
  endfacet
  facet normal 0 0 1
    outer loop
      vertex 50.346768997609615 8.892088174819946 1.5
      vertex 49.775262244045734 10.938680402934551 1.5
      vertex 50.00625416636467 8.910178810358047 1.5
    endloop
  endfacet
  facet normal 0 0 1
    outer loop
      vertex 50.55531693249941 8.89685782045126 1.5
      vertex 50.55058539658785 10.76483915746212 1.5
      vertex 50.346768997609615 8.892088174819946 1.5
    endloop
  endfacet
  facet normal 0 0 1
    outer loop
      vertex 50.747559547424316 8.911166742444038 1.5
      vertex 50.55058539658785 10.76483915746212 1.5
      vertex 50.55531693249941 8.89685782045126 1.5
    endloop
  endfacet
  facet normal 0 0 1
    outer loop
      vertex 50.9234968572855 8.935014948248863 1.5
      vertex 50.808415710926056 10.703425996005535 1.5
      vertex 50.747559547424316 8.911166742444038 1.5
    endloop
  endfacet
  facet normal 0 0 1
    outer loop
      vertex 51.0831288471818 8.968402430415154 1.5
      vertex 51.03722362220287 10.63844220340252 1.5
      vertex 50.9234968572855 8.935014948248863 1.5
    endloop
  endfacet
  facet normal 0 0 1
    outer loop
      vertex 51.22645553201437 9.01132919639349 1.5
      vertex 51.03722362220287 10.63844220340252 1.5
      vertex 51.0831288471818 8.968402430415154 1.5
    endloop
  endfacet
  facet normal 0 0 1
    outer loop
      vertex 49.069563530385494 9.344353914260864 1.5
      vertex 49.775262244045734 10.938680402934551 1.5
      vertex 48.99340758472681 9.453900277614594 1.5
    endloop
  endfacet
  facet normal 0 0 1
    outer loop
      vertex 48.92799285054207 9.583721287548542 1.5
      vertex 49.775262244045734 10.938680402934551 1.5
      vertex 48.87331934273243 9.733816929161549 1.5
    endloop
  endfacet
  facet normal 0 0 1
    outer loop
      vertex 48.99340758472681 9.453900277614594 1.5
      vertex 49.775262244045734 10.938680402934551 1.5
      vertex 48.92799285054207 9.583721287548542 1.5
    endloop
  endfacet
  facet normal 0 0 1
    outer loop
      vertex 48.82938704639673 9.904187209904194 1.5
      vertex 49.34625840187073 11.043803051114082 1.5
      vertex 48.79619597643614 10.094832129776478 1.5
    endloop
  endfacet
  facet normal 0 0 1
    outer loop
      vertex 48.87331934273243 9.733816929161549 1.5
      vertex 49.775262244045734 10.938680402934551 1.5
      vertex 48.82938704639673 9.904187209904194 1.5
    endloop
  endfacet
  facet normal 0 0 1
    outer loop
      vertex 48.82938704639673 9.904187209904194 1.5
      vertex 49.775262244045734 10.938680402934551 1.5
      vertex 49.34625840187073 11.043803051114082 1.5
    endloop
  endfacet
  facet normal 0 0 1
    outer loop
      vertex 49.452835105359554 9.054903842508793 1.5
      vertex 49.775262244045734 10.938680402934551 1.5
      vertex 49.239930883049965 9.181538246572018 1.5
    endloop
  endfacet
  facet normal 0 0 1
    outer loop
      vertex 49.239930883049965 9.181538246572018 1.5
      vertex 49.775262244045734 10.938680402934551 1.5
      vertex 49.069563530385494 9.344353914260864 1.5
    endloop
  endfacet
  facet normal 0 0 1
    outer loop
      vertex 48.65763600170612 11.264760255813599 1.5
      vertex 48.79619597643614 10.094832129776478 1.5
      vertex 48.97371632605791 11.152496337890625 1.5
    endloop
  endfacet
  facet normal 0 0 1
    outer loop
      vertex 48.97371632605791 11.152496337890625 1.5
      vertex 48.79619597643614 10.094832129776478 1.5
      vertex 49.34625840187073 11.043803051114082 1.5
    endloop
  endfacet
  facet normal 0 0 1
    outer loop
      vertex 50.346768997609615 8.892088174819946 1.5
      vertex 50.55058539658785 10.76483915746212 1.5
      vertex 49.775262244045734 10.938680402934551 1.5
    endloop
  endfacet
  facet normal 0 0 1
    outer loop
      vertex 50.747559547424316 8.911166742444038 1.5
      vertex 50.808415710926056 10.703425996005535 1.5
      vertex 50.55058539658785 10.76483915746212 1.5
    endloop
  endfacet
  facet normal 0 0 1
    outer loop
      vertex 50.9234968572855 8.935014948248863 1.5
      vertex 51.03722362220287 10.63844220340252 1.5
      vertex 50.808415710926056 10.703425996005535 1.5
    endloop
  endfacet
  facet normal 0 0 1
    outer loop
      vertex 51.45726276189089 9.118430651724339 1.5
      vertex 51.03722362220287 10.63844220340252 1.5
      vertex 51.22645553201437 9.01132919639349 1.5
    endloop
  endfacet
  facet normal 0 0 1
    outer loop
      vertex 51.2370091304183 10.569887779653072 1.5
      vertex 51.45726276189089 9.118430651724339 1.5
      vertex 51.63677950203419 9.256923198699951 1.5
    endloop
  endfacet
  facet normal 0 0 1
    outer loop
      vertex 51.63677950203419 9.256923198699951 1.5
      vertex 51.76500574499369 9.426806844770908 1.5
      vertex 51.841941483318806 9.62808158248663 1.5
    endloop
  endfacet
  facet normal 0 0 1
    outer loop
      vertex 51.63677950203419 9.256923198699951 1.5
      vertex 51.841941483318806 9.62808158248663 1.5
      vertex 51.867586731910706 9.860747419297695 1.5
    endloop
  endfacet
  facet normal 0 0 1
    outer loop
      vertex 51.42624397575855 7.750540442764759 1.5
      vertex 56.39246618747711 7.792473413050175 1.5
      vertex 51.86011420190334 7.883193336427212 1.5
    endloop
  endfacet
  facet normal 0 0 1
    outer loop
      vertex 51.86011420190334 7.883193336427212 1.5
      vertex 55.89547957479954 7.995131850242615 1.5
      vertex 52.24329195916653 8.068907380104065 1.5
    endloop
  endfacet
  facet normal 0 0 1
    outer loop
      vertex 52.24329195916653 8.068907380104065 1.5
      vertex 55.4525625705719 8.27885366231203 1.5
      vertex 52.575777269899845 8.3076825812459 1.5
    endloop
  endfacet
  facet normal 0 0 1
    outer loop
      vertex 52.575777269899845 8.3076825812459 1.5
      vertex 55.0637151747942 8.643638841807842 1.5
      vertex 52.85220243781805 8.586628884077072 1.5
    endloop
  endfacet
  facet normal 0 0 1
    outer loop
      vertex 52.85220243781805 8.586628884077072 1.5
      vertex 54.738083846867085 9.081147126853466 1.5
      vertex 53.06719978898764 8.892797611653805 1.5
    endloop
  endfacet
  facet normal 0 0 1
    outer loop
      vertex 51.45726276189089 9.118430651724339 1.5
      vertex 51.2370091304183 10.569887779653072 1.5
      vertex 51.03722362220287 10.63844220340252 1.5
    endloop
  endfacet
  facet normal 0 0 1
    outer loop
      vertex 51.2370091304183 10.569887779653072 1.5
      vertex 51.63677950203419 9.256923198699951 1.5
      vertex 51.40777224302292 10.497762717306614 1.5
    endloop
  endfacet
  facet normal 0 0 1
    outer loop
      vertex 51.63677950203419 9.256923198699951 1.5
      vertex 51.867586731910706 9.860747419297695 1.5
      vertex 51.85486378520727 9.999242901802063 1.5
    endloop
  endfacet
  facet normal 0 0 1
    outer loop
      vertex 51.63677950203419 9.256923198699951 1.5
      vertex 51.85486378520727 9.999242901802063 1.5
      vertex 51.81669493019581 10.124622598290443 1.5
    endloop
  endfacet
  facet normal 0 0 1
    outer loop
      vertex 51.63677950203419 9.256923198699951 1.5
      vertex 51.81669493019581 10.124622598290443 1.5
      vertex 51.7530801743269 10.236886523663998 1.5
    endloop
  endfacet
  facet normal 0 0 1
    outer loop
      vertex 51.63677950203419 9.256923198699951 1.5
      vertex 51.664019517600536 10.336034663021564 1.5
      vertex 51.54951295256615 10.422067023813725 1.5
    endloop
  endfacet
  facet normal 0 0 1
    outer loop
      vertex 51.63677950203419 9.256923198699951 1.5
      vertex 51.54951295256615 10.422067023813725 1.5
      vertex 51.40777224302292 10.497762717306614 1.5
    endloop
  endfacet
  facet normal 0 0 1
    outer loop
      vertex 51.63677950203419 9.256923198699951 1.5
      vertex 51.7530801743269 10.236886523663998 1.5
      vertex 51.664019517600536 10.336034663021564 1.5
    endloop
  endfacet
  facet normal 0 0 1
    outer loop
      vertex 53.34362495690584 9.974638357758522 1.5
      vertex 54.19536496698856 10.756047420203686 1.5
      vertex 53.31738460063934 10.347690522670746 1.5
    endloop
  endfacet
  facet normal 0 0 1
    outer loop
      vertex 53.31738460063934 10.347690522670746 1.5
      vertex 54.19536496698856 10.756047420203686 1.5
      vertex 53.23866353929043 10.683769918978214 1.5
    endloop
  endfacet
  facet normal 0 0 1
    outer loop
      vertex 53.23866353929043 10.683769918978214 1.5
      vertex 54.15918371081352 11.435139335691929 1.5
      vertex 53.1074617728591 10.982876531779766 1.5
    endloop
  endfacet
  facet normal 0 0 1
    outer loop
      vertex 53.1074617728591 10.982876531779766 1.5
      vertex 54.20033395290375 12.166896641254425 1.5
      vertex 52.92377929389477 11.245010368525982 1.5
    endloop
  endfacet
  facet normal 0 0 1
    outer loop
      vertex 48.926395155489445 12.91206581890583 1.5
      vertex 48.995975628495216 12.794803597033024 1.5
      vertex 49.0933882817626 12.69344212859869 1.5
    endloop
  endfacet
  facet normal 0 0 1
    outer loop
      vertex 48.926395155489445 12.91206581890583 1.5
      vertex 49.32837884873152 12.554509848356247 1.5
      vertex 48.884646870195866 13.04522879421711 1.5
    endloop
  endfacet
  facet normal 0 0 1
    outer loop
      vertex 49.32837884873152 12.554509848356247 1.5
      vertex 48.87073078006506 13.194292530417442 1.5
      vertex 48.884646870195866 13.04522879421711 1.5
    endloop
  endfacet
  facet normal 0 0 1
    outer loop
      vertex 48.926395155489445 12.91206581890583 1.5
      vertex 49.21863313019276 12.60798142105341 1.5
      vertex 49.32837884873152 12.554509848356247 1.5
    endloop
  endfacet
  facet normal 0 0 1
    outer loop
      vertex 48.926395155489445 12.91206581890583 1.5
      vertex 49.0933882817626 12.69344212859869 1.5
      vertex 49.21863313019276 12.60798142105341 1.5
    endloop
  endfacet
  facet normal 0 0 1
    outer loop
      vertex 49.478673838078976 12.497461780905724 1.5
      vertex 48.87073078006506 13.194292530417442 1.5
      vertex 49.32837884873152 12.554509848356247 1.5
    endloop
  endfacet
  facet normal 0 0 1
    outer loop
      vertex 49.478673838078976 12.497461780905724 1.5
      vertex 48.88484621793032 13.35765053331852 1.5
      vertex 48.87073078006506 13.194292530417442 1.5
    endloop
  endfacet
  facet normal 0 0 1
    outer loop
      vertex 49.478673838078976 12.497461780905724 1.5
      vertex 48.92719253897667 13.505905166268349 1.5
      vertex 48.88484621793032 13.35765053331852 1.5
    endloop
  endfacet
  facet normal 0 0 1
    outer loop
      vertex 49.478673838078976 12.497461780905724 1.5
      vertex 48.997769735753536 13.639056414365768 1.5
      vertex 48.92719253897667 13.505905166268349 1.5
    endloop
  endfacet
  facet normal 0 0 1
    outer loop
      vertex 49.478673838078976 12.497461780905724 1.5
      vertex 49.0965778157115 13.75710429251194 1.5
      vertex 48.997769735753536 13.639056414365768 1.5
    endloop
  endfacet
  facet normal 0 0 1
    outer loop
      vertex 49.478673838078976 12.497461780905724 1.5
      vertex 49.223616778850555 13.860048800706863 1.5
      vertex 49.0965778157115 13.75710429251194 1.5
    endloop
  endfacet
  facet normal 0 0 1
    outer loop
      vertex 49.223616778850555 13.860048800706863 1.5
      vertex 49.478673838078976 12.497461780905724 1.5
      vertex 49.374310456216335 13.945902332663536 1.5
    endloop
  endfacet
  facet normal 0 0 1
    outer loop
      vertex 49.374310456216335 13.945902332663536 1.5
      vertex 49.478673838078976 12.497461780905724 1.5
      vertex 49.54408270120621 14.012677311897278 1.5
    endloop
  endfacet
  facet normal 0 0 1
    outer loop
      vertex 49.54408270120621 14.012677311897278 1.5
      vertex 49.478673838078976 12.497461780905724 1.5
      vertex 49.73293351382017 14.060373716056347 1.5
    endloop
  endfacet
  facet normal 0 0 1
    outer loop
      vertex 49.73293351382017 14.060373716056347 1.5
      vertex 49.478673838078976 12.497461780905724 1.5
      vertex 49.94086288660765 14.088991560041904 1.5
    endloop
  endfacet
  facet normal 0 0 1
    outer loop
      vertex 49.94086288660765 14.088991560041904 1.5
      vertex 49.478673838078976 12.497461780905724 1.5
      vertex 50.167870819568634 14.09853084385395 1.5
    endloop
  endfacet
  facet normal 0 0 1
    outer loop
      vertex 49.66951810568571 12.436837211251259 1.5
      vertex 54.323784694075584 12.828320071101189 1.5
      vertex 49.478673838078976 12.497461780905724 1.5
    endloop
  endfacet
  facet normal 0 0 1
    outer loop
      vertex 50.167870819568634 14.09853084385395 1.5
      vertex 49.478673838078976 12.497461780905724 1.5
      vertex 50.37362790852785 14.091175571084023 1.5
    endloop
  endfacet
  facet normal 0 0 1
    outer loop
      vertex 50.37362790852785 14.091175571084023 1.5
      vertex 49.478673838078976 12.497461780905724 1.5
      vertex 50.56547183543444 14.069109752774239 1.5
    endloop
  endfacet
  facet normal 0 0 1
    outer loop
      vertex 50.56547183543444 14.069109752774239 1.5
      vertex 49.478673838078976 12.497461780905724 1.5
      vertex 50.74340260028839 14.032333388924599 1.5
    endloop
  endfacet
  facet normal 0 0 1
    outer loop
      vertex 50.74340260028839 14.032333388924599 1.5
      vertex 49.478673838078976 12.497461780905724 1.5
      vertex 50.907420203089714 13.980846479535103 1.5
    endloop
  endfacet
  facet normal 0 0 1
    outer loop
      vertex 50.907420203089714 13.980846479535103 1.5
      vertex 49.478673838078976 12.497461780905724 1.5
      vertex 51.057524643838406 13.914649024605751 1.5
    endloop
  endfacet
  facet normal 0 0 1
    outer loop
      vertex 51.522674567997456 13.44287671893835 1.5
      vertex 49.478673838078976 12.497461780905724 1.5
      vertex 51.59822075068951 13.224396675825119 1.5
    endloop
  endfacet
  facet normal 0 0 1
    outer loop
      vertex 51.59822075068951 13.224396675825119 1.5
      vertex 49.478673838078976 12.497461780905724 1.5
      vertex 51.634015046060085 12.975305333733559 1.5
    endloop
  endfacet
  facet normal 0 0 1
    outer loop
      vertex 51.252326510846615 13.788002893328667 1.5
      vertex 49.478673838078976 12.497461780905724 1.5
      vertex 51.40737648308277 13.630745455622673 1.5
    endloop
  endfacet
  facet normal 0 0 1
    outer loop
      vertex 51.40737648308277 13.630745455622673 1.5
      vertex 49.478673838078976 12.497461780905724 1.5
      vertex 51.522674567997456 13.44287671893835 1.5
    endloop
  endfacet
  facet normal 0 0 1
    outer loop
      vertex 51.057524643838406 13.914649024605751 1.5
      vertex 49.478673838078976 12.497461780905724 1.5
      vertex 51.252326510846615 13.788002893328667 1.5
    endloop
  endfacet
  facet normal 0 0 1
    outer loop
      vertex 49.90091164410114 12.372636139392853 1.5
      vertex 54.323784694075584 12.828320071101189 1.5
      vertex 49.66951810568571 12.436837211251259 1.5
    endloop
  endfacet
  facet normal 0 0 1
    outer loop
      vertex 50.17285446822643 12.304858580231667 1.5
      vertex 54.323784694075584 12.828320071101189 1.5
      vertex 49.90091164410114 12.372636139392853 1.5
    endloop
  endfacet
  facet normal 0 0 1
    outer loop
      vertex 51.43518228828907 12.001809023320675 1.5
      vertex 54.323784694075584 12.828320071101189 1.5
      vertex 50.17285446822643 12.304858580231667 1.5
    endloop
  endfacet
  facet normal 0 0 1
    outer loop
      vertex 51.634015046060085 12.975305333733559 1.5
      vertex 49.478673838078976 12.497461780905724 1.5
      vertex 54.323784694075584 12.828320071101189 1.5
    endloop
  endfacet
  facet normal 0 0 1
    outer loop
      vertex 51.75087857246399 11.916940487921238 1.5
      vertex 54.323784694075584 12.828320071101189 1.5
      vertex 51.43518228828907 12.001809023320675 1.5
    endloop
  endfacet
  facet normal 0 0 1
    outer loop
      vertex 52.03397010266781 11.821342460811138 1.5
      vertex 54.323784694075584 12.828320071101189 1.5
      vertex 51.75087857246399 11.916940487921238 1.5
    endloop
  endfacet
  facet normal 0 0 1
    outer loop
      vertex 52.28445686399937 11.715014941990376 1.5
      vertex 54.323784694075584 12.828320071101189 1.5
      vertex 52.03397010266781 11.821342460811138 1.5
    endloop
  endfacet
  facet normal 0 0 1
    outer loop
      vertex 52.92377929389477 11.245010368525982 1.5
      vertex 54.20033395290375 12.166896641254425 1.5
      vertex 52.68761610984802 11.470171421766281 1.5
    endloop
  endfacet
  facet normal 0 0 1
    outer loop
      vertex 52.502338871359825 11.59795793145895 1.5
      vertex 54.323784694075584 12.828320071101189 1.5
      vertex 52.28445686399937 11.715014941990376 1.5
    endloop
  endfacet
  facet normal 0 0 1
    outer loop
      vertex 52.68761610984802 11.470171421766281 1.5
      vertex 54.323784694075584 12.828320071101189 1.5
      vertex 52.502338871359825 11.59795793145895 1.5
    endloop
  endfacet
  facet normal 0 0 1
    outer loop
      vertex 51.634015046060085 12.975305333733559 1.5
      vertex 54.323784694075584 12.828320071101189 1.5
      vertex 53.10506962239742 12.975305333733559 1.5
    endloop
  endfacet
  facet normal 0 0 1
    outer loop
      vertex 53.10506962239742 12.975305333733559 1.5
      vertex 54.323784694075584 12.828320071101189 1.5
      vertex 53.0580679923296 13.4202890843153 1.5
    endloop
  endfacet
  facet normal 0 0 1
    outer loop
      vertex 53.0580679923296 13.4202890843153 1.5
      vertex 54.323784694075584 12.828320071101189 1.5
      vertex 52.94884116202593 13.820894941687584 1.5
    endloop
  endfacet
  facet normal 0 0 1
    outer loop
      vertex 52.777389138937 14.177122920751572 1.5
      vertex 54.323784694075584 12.828320071101189 1.5
      vertex 52.54371191561222 14.488972999155521 1.5
    endloop
  endfacet
  facet normal 0 0 1
    outer loop
      vertex 52.94884116202593 13.820894941687584 1.5
      vertex 54.323784694075584 12.828320071101189 1.5
      vertex 52.777389138937 14.177122920751572 1.5
    endloop
  endfacet
  facet normal 0 0 1
    outer loop
      vertex 55.4525625705719 8.27885366231203 1.5
      vertex 52.24329195916653 8.068907380104065 1.5
      vertex 55.89547957479954 7.995131850242615 1.5
    endloop
  endfacet
  facet normal 0 0 1
    outer loop
      vertex 55.89547957479954 7.995131850242615 1.5
      vertex 51.86011420190334 7.883193336427212 1.5
      vertex 56.39246618747711 7.792473413050175 1.5
    endloop
  endfacet
  facet normal 0 0 1
    outer loop
      vertex 55.0637151747942 8.643638841807842 1.5
      vertex 52.575777269899845 8.3076825812459 1.5
      vertex 55.4525625705719 8.27885366231203 1.5
    endloop
  endfacet
  facet normal 0 0 1
    outer loop
      vertex 53.06719978898764 8.892797611653805 1.5
      vertex 54.738083846867085 9.081147126853466 1.5
      vertex 53.220769323408604 9.226188771426678 1.5
    endloop
  endfacet
  facet normal 0 0 1
    outer loop
      vertex 52.85220243781805 8.586628884077072 1.5
      vertex 55.0637151747942 8.643638841807842 1.5
      vertex 54.738083846867085 9.081147126853466 1.5
    endloop
  endfacet
  facet normal 0 0 1
    outer loop
      vertex 53.220769323408604 9.226188771426678 1.5
      vertex 54.484815038740635 9.579051315784454 1.5
      vertex 53.31291104853153 9.58680234849453 1.5
    endloop
  endfacet
  facet normal 0 0 1
    outer loop
      vertex 54.484815038740635 9.579051315784454 1.5
      vertex 53.220769323408604 9.226188771426678 1.5
      vertex 54.738083846867085 9.081147126853466 1.5
    endloop
  endfacet
  facet normal 0 0 1
    outer loop
      vertex 53.31291104853153 9.58680234849453 1.5
      vertex 54.30390874296427 10.137351416051388 1.5
      vertex 53.34362495690584 9.974638357758522 1.5
    endloop
  endfacet
  facet normal 0 0 1
    outer loop
      vertex 54.30390874296427 10.137351416051388 1.5
      vertex 53.31291104853153 9.58680234849453 1.5
      vertex 54.484815038740635 9.579051315784454 1.5
    endloop
  endfacet
  facet normal 0 0 1
    outer loop
      vertex 53.34362495690584 9.974638357758522 1.5
      vertex 54.30390874296427 10.137351416051388 1.5
      vertex 54.19536496698856 10.756047420203686 1.5
    endloop
  endfacet
  facet normal 0 0 1
    outer loop
      vertex 54.15918371081352 11.435139335691929 1.5
      vertex 53.23866353929043 10.683769918978214 1.5
      vertex 54.19536496698856 10.756047420203686 1.5
    endloop
  endfacet
  facet normal 0 0 1
    outer loop
      vertex 53.1074617728591 10.982876531779766 1.5
      vertex 54.15918371081352 11.435139335691929 1.5
      vertex 54.20033395290375 12.166896641254425 1.5
    endloop
  endfacet
  facet normal 0 0 1
    outer loop
      vertex 56.44887224584818 9.345377020537853 1.5
      vertex 59.14400077611208 12.713664002716541 1.5
      vertex 56.23406544327736 9.566052801907063 1.5
    endloop
  endfacet
  facet normal 0 0 1
    outer loop
      vertex 55.90807646512985 10.155307196080685 1.5
      vertex 59.14400077611208 12.713664002716541 1.5
      vertex 55.80620490759611 10.524082221090794 1.5
    endloop
  endfacet
  facet normal 0 0 1
    outer loop
      vertex 56.23406544327736 9.566052801907063 1.5
      vertex 59.14400077611208 12.713664002716541 1.5
      vertex 56.05069664120674 9.835964053869247 1.5
    endloop
  endfacet
  facet normal 0 0 1
    outer loop
      vertex 56.05069664120674 9.835964053869247 1.5
      vertex 59.14400077611208 12.713664002716541 1.5
      vertex 55.90807646512985 10.155307196080685 1.5
    endloop
  endfacet
  facet normal 0 0 1
    outer loop
      vertex 55.80620490759611 10.524082221090794 1.5
      vertex 59.14400077611208 12.713664002716541 1.5
      vertex 55.7450819760561 10.942289143800735 1.5
    endloop
  endfacet
  facet normal 0 0 1
    outer loop
      vertex 56.68574779480696 9.173740312457085 1.5
      vertex 59.14400077611208 12.713664002716541 1.5
      vertex 56.44887224584818 9.345377020537853 1.5
    endloop
  endfacet
  facet normal 0 0 1
    outer loop
      vertex 56.944692097604275 9.051142655313015 1.5
      vertex 59.14400077611208 12.713664002716541 1.5
      vertex 56.68574779480696 9.173740312457085 1.5
    endloop
  endfacet
  facet normal 0 0 1
    outer loop
      vertex 57.22570515424013 8.977584064006805 1.5
      vertex 59.14400077611208 12.713664002716541 1.5
      vertex 56.944692097604275 9.051142655313015 1.5
    endloop
  endfacet
  facet normal 0 0 1
    outer loop
      vertex 57.52878695726395 8.953064531087875 1.5
      vertex 59.14400077611208 12.713664002716541 1.5
      vertex 57.22570515424013 8.977584064006805 1.5
    endloop
  endfacet
  facet normal 0 0 1
    outer loop
      vertex 57.835512682795525 8.974136553704739 1.5
      vertex 59.14400077611208 12.713664002716541 1.5
      vertex 57.52878695726395 8.953064531087875 1.5
    endloop
  endfacet
  facet normal 0 0 1
    outer loop
      vertex 58.11162710189819 9.037352621555328 1.5
      vertex 59.14400077611208 12.713664002716541 1.5
      vertex 57.835512682795525 8.974136553704739 1.5
    endloop
  endfacet
  facet normal 0 0 1
    outer loop
      vertex 52.68761610984802 11.470171421766281 1.5
      vertex 54.20033395290375 12.166896641254425 1.5
      vertex 54.323784694075584 12.828320071101189 1.5
    endloop
  endfacet
  facet normal 0 0 1
    outer loop
      vertex 55.7450819760561 10.942289143800735 1.5
      vertex 59.14400077611208 12.713664002716541 1.5
      vertex 55.724707663059235 11.40992795675993 1.5
    endloop
  endfacet
  facet normal 0 0 1
    outer loop
      vertex 55.724707663059235 11.40992795675993 1.5
      vertex 59.14400077611208 12.713664002716541 1.5
      vertex 55.74398850649595 11.879973575472832 1.5
    endloop
  endfacet
  facet normal 0 0 1
    outer loop
      vertex 55.74398850649595 11.879973575472832 1.5
      vertex 59.14400077611208 12.713664002716541 1.5
      vertex 55.801831029355526 12.30534228682518 1.5
    endloop
  endfacet
  facet normal 0 0 1
    outer loop
      vertex 55.801831029355526 12.30534228682518 1.5
      vertex 57.52380330860615 13.985959112644196 1.5
      vertex 55.898235231637955 12.686034090816975 1.5
    endloop
  endfacet
  facet normal 0 0 1
    outer loop
      vertex 55.898235231637955 12.686034090816975 1.5
      vertex 56.912280820310116 13.87834756821394 1.5
      vertex 56.03320112079382 13.022048987448215 1.5
    endloop
  endfacet
  facet normal 0 0 1
    outer loop
      vertex 56.03320112079382 13.022048987448215 1.5
      vertex 56.912280820310116 13.87834756821394 1.5
      vertex 56.20672868937254 13.313386976718903 1.5
    endloop
  endfacet
  facet normal 0 0 1
    outer loop
      vertex 55.898235231637955 12.686034090816975 1.5
      vertex 57.203926630318165 13.959056228399277 1.5
      vertex 56.912280820310116 13.87834756821394 1.5
    endloop
  endfacet
  facet normal 0 0 1
    outer loop
      vertex 55.898235231637955 12.686034090816975 1.5
      vertex 57.52380330860615 13.985959112644196 1.5
      vertex 57.203926630318165 13.959056228399277 1.5
    endloop
  endfacet
  facet normal 0 0 1
    outer loop
      vertex 55.801831029355526 12.30534228682518 1.5
      vertex 57.835712030529976 13.966874681413174 1.5
      vertex 57.52380330860615 13.985959112644196 1.5
    endloop
  endfacet
  facet normal 0 0 1
    outer loop
      vertex 55.801831029355526 12.30534228682518 1.5
      vertex 58.115414671599865 13.90962140262127 1.5
      vertex 57.835712030529976 13.966874681413174 1.5
    endloop
  endfacet
  facet normal 0 0 1
    outer loop
      vertex 55.801831029355526 12.30534228682518 1.5
      vertex 58.85133772343397 13.39115821570158 1.5
      vertex 58.761286199092865 13.508848443627357 1.5
    endloop
  endfacet
  facet normal 0 0 1
    outer loop
      vertex 55.801831029355526 12.30534228682518 1.5
      vertex 58.93463494628668 13.252794653177261 1.5
      vertex 58.85133772343397 13.39115821570158 1.5
    endloop
  endfacet
  facet normal 0 0 1
    outer loop
      vertex 55.801831029355526 12.30534228682518 1.5
      vertex 58.57820176333189 13.680608287453651 1.5
      vertex 58.36291125416756 13.814199268817902 1.5
    endloop
  endfacet
  facet normal 0 0 1
    outer loop
      vertex 55.801831029355526 12.30534228682518 1.5
      vertex 58.36291125416756 13.814199268817902 1.5
      vertex 58.115414671599865 13.90962140262127 1.5
    endloop
  endfacet
  facet normal 0 0 1
    outer loop
      vertex 55.801831029355526 12.30534228682518 1.5
      vertex 58.761286199092865 13.508848443627357 1.5
      vertex 58.57820176333189 13.680608287453651 1.5
    endloop
  endfacet
  facet normal 0 0 1
    outer loop
      vertex 55.801831029355526 12.30534228682518 1.5
      vertex 59.14400077611208 12.713664002716541 1.5
      vertex 59.08096647262573 12.914047546684742 1.5
    endloop
  endfacet
  facet normal 0 0 1
    outer loop
      vertex 55.801831029355526 12.30534228682518 1.5
      vertex 59.08096647262573 12.914047546684742 1.5
      vertex 59.011177860200405 13.093757763504982 1.5
    endloop
  endfacet
  facet normal 0 0 1
    outer loop
      vertex 55.801831029355526 12.30534228682518 1.5
      vertex 59.011177860200405 13.093757763504982 1.5
      vertex 58.93463494628668 13.252794653177261 1.5
    endloop
  endfacet
  facet normal 0 0 1
    outer loop
      vertex 56.20672868937254 13.313386976718903 1.5
      vertex 56.912280820310116 13.87834756821394 1.5
      vertex 56.4136818498373 13.555512942373753 1.5
    endloop
  endfacet
  facet normal 0 0 1
    outer loop
      vertex 56.4136818498373 13.555512942373753 1.5
      vertex 56.912280820310116 13.87834756821394 1.5
      vertex 56.64886590093374 13.743833139538765 1.5
    endloop
  endfacet
  facet normal 0 0 1
    outer loop
      vertex 37.21523233503103 15.158581331372261 1.5
      vertex 44.74053544551134 15.158581331372261 1.5
      vertex 40.676952593028545 21 1.5
    endloop
  endfacet
  facet normal 0 0 1
    outer loop
      vertex 44.74053544551134 15.158581331372261 1.5
      vertex 43.63719253242016 23.866071946918964 1.5
      vertex 40.676952593028545 21 1.5
    endloop
  endfacet
  facet normal 0 0 1
    outer loop
      vertex 41.4341109469533 23.53126960992813 1.5
      vertex 40.676952593028545 21 1.5
      vertex 43.63719253242016 23.866071946918964 1.5
    endloop
  endfacet
  facet normal 0 0 1
    outer loop
      vertex 46.26135317981243 15.158581331372261 1.5
      vertex 43.63719253242016 23.866071946918964 1.5
      vertex 44.74053544551134 15.158581331372261 1.5
    endloop
  endfacet
  facet normal 0 0 1
    outer loop
      vertex 46.26135317981243 15.158581331372261 1.5
      vertex 49.27033405005932 15.265536203980446 1.5
      vertex 43.63719253242016 23.866071946918964 1.5
    endloop
  endfacet
  facet normal 0 0 1
    outer loop
      vertex 49.7444486618042 15.343624047935009 1.5
      vertex 43.63719253242016 23.866071946918964 1.5
      vertex 49.27033405005932 15.265536203980446 1.5
    endloop
  endfacet
  facet normal 0 0 1
    outer loop
      vertex 50.272234201431274 15.369653336703777 1.5
      vertex 43.63719253242016 23.866071946918964 1.5
      vertex 49.7444486618042 15.343624047935009 1.5
    endloop
  endfacet
  facet normal 0 0 1
    outer loop
      vertex 50.721829287707806 15.345125004649162 1.5
      vertex 43.63719253242016 23.866071946918964 1.5
      vertex 50.272234201431274 15.369653336703777 1.5
    endloop
  endfacet
  facet normal 0 0 1
    outer loop
      vertex 51.14418435841799 15.271540030837059 1.5
      vertex 43.63719253242016 23.866071946918964 1.5
      vertex 50.721829287707806 15.345125004649162 1.5
    endloop
  endfacet
  facet normal 0 0 1
    outer loop
      vertex 52.54371191561222 14.488972999155521 1.5
      vertex 54.323784694075584 12.828320071101189 1.5
      vertex 43.63719253242016 23.866071946918964 1.5
    endloop
  endfacet
  facet normal 0 0 1
    outer loop
      vertex 43.63719253242016 23.866071946918964 1.5
      vertex 54.323784694075584 12.828320071101189 1.5
      vertex 54.52953591942787 13.419409617781639 1.5
    endloop
  endfacet
  facet normal 0 0 1
    outer loop
      vertex 43.63719253242016 23.866071946918964 1.5
      vertex 54.52953591942787 13.419409617781639 1.5
      vertex 54.81758763641119 13.940165281295776 1.5
    endloop
  endfacet
  facet normal 0 0 1
    outer loop
      vertex 52.2478094920516 14.756445199251175 1.5
      vertex 43.63719253242016 23.866071946918964 1.5
      vertex 51.907174460589886 14.977200128138065 1.5
    endloop
  endfacet
  facet normal 0 0 1
    outer loop
      vertex 51.53929941356182 15.148898407816887 1.5
      vertex 43.63719253242016 23.866071946918964 1.5
      vertex 51.14418435841799 15.271540030837059 1.5
    endloop
  endfacet
  facet normal 0 0 1
    outer loop
      vertex 51.907174460589886 14.977200128138065 1.5
      vertex 43.63719253242016 23.866071946918964 1.5
      vertex 51.53929941356182 15.148898407816887 1.5
    endloop
  endfacet
  facet normal 0 0 1
    outer loop
      vertex 52.54371191561222 14.488972999155521 1.5
      vertex 43.63719253242016 23.866071946918964 1.5
      vertex 52.2478094920516 14.756445199251175 1.5
    endloop
  endfacet
  facet normal 0 0 1
    outer loop
      vertex 43.63719253242016 23.866071946918964 1.5
      vertex 54.81758763641119 13.940165281295776 1.5
      vertex 55.18793984502554 14.390587069094181 1.5
    endloop
  endfacet
  facet normal 0 0 1
    outer loop
      vertex 43.63719253242016 23.866071946918964 1.5
      vertex 55.18793984502554 14.390587069094181 1.5
      vertex 55.565248630940914 14.716033704578876 1.5
    endloop
  endfacet
  facet normal 0 0 1
    outer loop
      vertex 43.63719253242016 23.866071946918964 1.5
      vertex 55.565248630940914 14.716033704578876 1.5
      vertex 55.98152366280556 14.969158872961998 1.5
    endloop
  endfacet
  facet normal 0 0 1
    outer loop
      vertex 43.63719253242016 23.866071946918964 1.5
      vertex 55.98152366280556 14.969158872961998 1.5
      vertex 56.43676491826773 15.149962559342384 1.5
    endloop
  endfacet
  facet normal 0 0 1
    outer loop
      vertex 43.63719253242016 23.866071946918964 1.5
      vertex 56.43676491826773 15.149962559342384 1.5
      vertex 56.930972419679165 15.258444771170616 1.5
    endloop
  endfacet
  facet normal 0 0 1
    outer loop
      vertex 43.63719253242016 23.866071946918964 1.5
      vertex 56.930972419679165 15.258444771170616 1.5
      vertex 57.46414615213871 15.294605508446693 1.5
    endloop
  endfacet
  facet normal 0 0 1
    outer loop
      vertex 43.63719253242016 23.866071946918964 1.5
      vertex 57.46414615213871 15.294605508446693 1.5
      vertex 58.16390260308981 15.246041364967823 1.5
    endloop
  endfacet
  facet normal 0 0 1
    outer loop
      vertex 58.16390260308981 15.246041364967823 1.5
      vertex 47.535307951271534 25.690612487494946 1.5
      vertex 43.63719253242016 23.866071946918964 1.5
    endloop
  endfacet
  facet normal 0 0 1
    outer loop
      vertex 58.16390260308981 15.246041364967823 1.5
      vertex 51.12783166766167 28.653505563735962 1.5
      vertex 47.535307951271534 25.690612487494946 1.5
    endloop
  endfacet
  facet normal 0 0 1
    outer loop
      vertex 58.784143537282944 15.10034891217947 1.5
      vertex 51.12783166766167 28.653505563735962 1.5
      vertex 58.16390260308981 15.246041364967823 1.5
    endloop
  endfacet
  facet normal 0 0 1
    outer loop
      vertex 59.32486896216869 14.857528164982796 1.5
      vertex 54.27670504897833 32.64088881760836 1.5
      vertex 58.784143537282944 15.10034891217947 1.5
    endloop
  endfacet
  facet normal 0 0 1
    outer loop
      vertex 54.27670504897833 32.64088881760836 1.5
      vertex 59.32486896216869 14.857528164982796 1.5
      vertex 61.81823904812336 15.158581331372261 1.5
    endloop
  endfacet
  facet normal 0 0 1
    outer loop
      vertex 54.27670504897833 32.64088881760836 1.5
      vertex 51.12783166766167 28.653505563735962 1.5
      vertex 58.784143537282944 15.10034891217947 1.5
    endloop
  endfacet
  facet normal 0.09801713107425283 -0.9951847275837651 0
    outer loop
      vertex 76.87312644720078 0.026900604367256165 0
      vertex 76.87312644720078 0.026900604367256165 1.5
      vertex 76.60000000149012 0 1.5
    endloop
  endfacet
  facet normal 0.2902846915285437 -0.9569403314022136 0
    outer loop
      vertex 77.13575680553913 0.10656865686178207 0
      vertex 77.13575680553913 0.10656865686178207 1.5
      vertex 76.87312644720078 0.026900604367256165 1.5
    endloop
  endfacet
  facet normal 0.47139672966959456 -0.8819212681735322 0
    outer loop
      vertex 77.3777983263135 0.235942542552948 0
      vertex 77.3777983263135 0.235942542552948 1.5
      vertex 77.13575680553913 0.10656865686178207 1.5
    endloop
  endfacet
  facet normal 0.6343932751742409 -0.7730104607401506 0
    outer loop
      vertex 77.58994949609041 0.41005050390958786 0
      vertex 77.58994949609041 0.41005050390958786 1.5
      vertex 77.3777983263135 0.235942542552948 1.5
    endloop
  endfacet
  facet normal 0.7730104607401506 -0.6343932751742409 0
    outer loop
      vertex 77.76405745744705 0.6222016736865044 0
      vertex 77.76405745744705 0.6222016736865044 1.5
      vertex 77.58994949609041 0.41005050390958786 1.5
    endloop
  endfacet
  facet normal 0.8819212681735322 -0.47139672966959456 0
    outer loop
      vertex 77.89343134313822 0.8642431944608688 0
      vertex 77.89343134313822 0.8642431944608688 1.5
      vertex 77.76405745744705 0.6222016736865044 1.5
    endloop
  endfacet
  facet normal 0.9569403314022136 -0.2902846915285437 0
    outer loop
      vertex 77.97309939563274 1.1268735527992249 0
      vertex 77.97309939563274 1.1268735527992249 1.5
      vertex 77.89343134313822 0.8642431944608688 1.5
    endloop
  endfacet
  facet normal 0.9951847275837651 -0.09801713107425283 0
    outer loop
      vertex 78 1.3999999985098839 0
      vertex 78 1.3999999985098839 1.5
      vertex 77.97309939563274 1.1268735527992249 1.5
    endloop
  endfacet
  facet normal 0 0 1
    outer loop
      vertex 76.60000000149012 0 1.5
      vertex 50.40642615407705 7.6444181352853775 1.5
      vertex 49.858345463871956 7.670564673841 1.5
    endloop
  endfacet
  facet normal 0 0 1
    outer loop
      vertex 76.60000000149012 0 1.5
      vertex 50.941681295633316 7.670948714017868 1.5
      vertex 50.40642615407705 7.6444181352853775 1.5
    endloop
  endfacet
  facet normal 0 0 1
    outer loop
      vertex 76.60000000149012 0 1.5
      vertex 51.42624397575855 7.750540442764759 1.5
      vertex 50.941681295633316 7.670948714017868 1.5
    endloop
  endfacet
  facet normal 0 0 1
    outer loop
      vertex 76.60000000149012 0 1.5
      vertex 56.94352240860462 7.670878350734711 1.5
      vertex 51.42624397575855 7.750540442764759 1.5
    endloop
  endfacet
  facet normal 0 0 1
    outer loop
      vertex 76.60000000149012 0 1.5
      vertex 57.54864824563265 7.630346663296223 1.5
      vertex 56.94352240860462 7.670878350734711 1.5
    endloop
  endfacet
  facet normal 0 0 1
    outer loop
      vertex 76.60000000149012 0 1.5
      vertex 58.04126977175474 7.660380452871323 1.5
      vertex 57.54864824563265 7.630346663296223 1.5
    endloop
  endfacet
  facet normal 0 0 1
    outer loop
      vertex 76.60000000149012 0 1.5
      vertex 58.49731134623289 7.750481814146042 1.5
      vertex 58.04126977175474 7.660380452871323 1.5
    endloop
  endfacet
  facet normal 0 0 1
    outer loop
      vertex 76.60000000149012 0 1.5
      vertex 58.91677297651768 7.90065074712038 1.5
      vertex 58.49731134623289 7.750481814146042 1.5
    endloop
  endfacet
  facet normal 0 0 1
    outer loop
      vertex 76.60000000149012 0 1.5
      vertex 61.81823904812336 7.832037687301636 1.5
      vertex 58.91677297651768 7.90065074712038 1.5
    endloop
  endfacet
  facet normal 0 0 1
    outer loop
      vertex 76.60000000149012 0 1.5
      vertex 63.33407313376665 7.832037687301636 1.5
      vertex 61.81823904812336 7.832037687301636 1.5
    endloop
  endfacet
  facet normal 0 0 1
    outer loop
      vertex 58.91677297651768 7.90065074712038 1.5
      vertex 61.81823904812336 7.832037687301636 1.5
      vertex 59.29965465515852 8.110887251794338 1.5
    endloop
  endfacet
  facet normal 0 0 1
    outer loop
      vertex 59.29965465515852 8.110887251794338 1.5
      vertex 61.81823904812336 7.832037687301636 1.5
      vertex 59.64595637470484 8.381191335618496 1.5
    endloop
  endfacet
  facet normal 0 0 1
    outer loop
      vertex 59.64595637470484 8.381191335618496 1.5
      vertex 61.81823904812336 7.832037687301636 1.5
      vertex 59.94732615351677 8.699379444122314 1.5
    endloop
  endfacet
  facet normal 0 0 1
    outer loop
      vertex 59.94732615351677 8.699379444122314 1.5
      vertex 61.81823904812336 7.832037687301636 1.5
      vertex 60.19939889013767 9.053326666355133 1.5
    endloop
  endfacet
  facet normal 0 0 1
    outer loop
      vertex 60.19939889013767 9.053326666355133 1.5
      vertex 61.81823904812336 7.832037687301636 1.5
      vertex 60.40217458456755 9.443033002316952 1.5
    endloop
  endfacet
  facet normal 0 0 1
    outer loop
      vertex 60.40217458456755 9.443033002316952 1.5
      vertex 61.81823904812336 7.832037687301636 1.5
      vertex 60.55565324425697 9.86849845200777 1.5
    endloop
  endfacet
  facet normal 0 0 1
    outer loop
      vertex 58.35713022202253 9.142712727189064 1.5
      vertex 59.14400077611208 12.713664002716541 1.5
      vertex 58.11162710189819 9.037352621555328 1.5
    endloop
  endfacet
  facet normal 0 0 1
    outer loop
      vertex 58.572022043168545 9.290216878056526 1.5
      vertex 59.14400077611208 12.713664002716541 1.5
      vertex 58.35713022202253 9.142712727189064 1.5
    endloop
  endfacet
  facet normal 0 0 1
    outer loop
      vertex 58.75630255788565 9.479865066707134 1.5
      vertex 59.14400077611208 12.713664002716541 1.5
      vertex 58.572022043168545 9.290216878056526 1.5
    endloop
  endfacet
  facet normal 0 0 1
    outer loop
      vertex 58.84657687693834 9.604503080248833 1.5
      vertex 59.14400077611208 12.713664002716541 1.5
      vertex 58.75630255788565 9.479865066707134 1.5
    endloop
  endfacet
  facet normal 0 0 1
    outer loop
      vertex 58.93048386275768 9.751807883381844 1.5
      vertex 59.14400077611208 12.713664002716541 1.5
      vertex 58.84657687693834 9.604503080248833 1.5
    endloop
  endfacet
  facet normal 0 0 1
    outer loop
      vertex 59.008023507893085 9.921779476106167 1.5
      vertex 59.14400077611208 12.713664002716541 1.5
      vertex 58.93048386275768 9.751807883381844 1.5
    endloop
  endfacet
  facet normal 0 0 1
    outer loop
      vertex 59.07919581234455 10.114417858421803 1.5
      vertex 59.14400077611208 12.713664002716541 1.5
      vertex 59.008023507893085 9.921779476106167 1.5
    endloop
  endfacet
  facet normal 0 0 1
    outer loop
      vertex 59.14400077611208 10.32972302287817 1.5
      vertex 59.14400077611208 12.713664002716541 1.5
      vertex 59.07919581234455 10.114417858421803 1.5
    endloop
  endfacet
  facet normal 0 0 1
    outer loop
      vertex 60.65983486920595 10.32972302287817 1.5
      vertex 59.14400077611208 12.713664002716541 1.5
      vertex 59.14400077611208 10.32972302287817 1.5
    endloop
  endfacet
  facet normal 0 0 1
    outer loop
      vertex 60.55565324425697 9.86849845200777 1.5
      vertex 61.81823904812336 7.832037687301636 1.5
      vertex 61.81823904812336 12.187090147239608 1.5
    endloop
  endfacet
  facet normal 0 0 1
    outer loop
      vertex 60.55565324425697 9.86849845200777 1.5
      vertex 61.81823904812336 12.187090147239608 1.5
      vertex 60.65983486920595 10.32972302287817 1.5
    endloop
  endfacet
  facet normal 0 0 1
    outer loop
      vertex 61.81823904812336 12.187090147239608 1.5
      vertex 59.14400077611208 12.713664002716541 1.5
      vertex 60.65983486920595 10.32972302287817 1.5
    endloop
  endfacet
  facet normal 0 0 1
    outer loop
      vertex 59.14400077611208 12.713664002716541 1.5
      vertex 61.81823904812336 12.187090147239608 1.5
      vertex 60.674712508916855 12.713664002716541 1.5
    endloop
  endfacet
  facet normal 0 0 1
    outer loop
      vertex 60.47550451755524 13.534927561879158 1.5
      vertex 61.81823904812336 15.158581331372261 1.5
      vertex 60.339131481945515 13.807908155024052 1.5
    endloop
  endfacet
  facet normal 0 0 1
    outer loop
      vertex 60.339131481945515 13.807908155024052 1.5
      vertex 61.81823904812336 15.158581331372261 1.5
      vertex 60.16777326911688 14.080501779913902 1.5
    endloop
  endfacet
  facet normal 0 0 1
    outer loop
      vertex 59.78607887029648 14.5175791233778 1.5
      vertex 61.81823904812336 15.158581331372261 1.5
      vertex 59.32486896216869 14.857528164982796 1.5
    endloop
  endfacet
  facet normal 0 0 1
    outer loop
      vertex 60.16777326911688 14.080501779913902 1.5
      vertex 61.81823904812336 15.158581331372261 1.5
      vertex 59.78607887029648 14.5175791233778 1.5
    endloop
  endfacet
  facet normal 0 0 1
    outer loop
      vertex 61.81823904812336 12.187090147239608 1.5
      vertex 60.64329502731562 12.987805485725403 1.5
      vertex 60.674712508916855 12.713664002716541 1.5
    endloop
  endfacet
  facet normal 0 0 1
    outer loop
      vertex 61.81823904812336 12.187090147239608 1.5
      vertex 61.81823904812336 15.158581331372261 1.5
      vertex 60.64329502731562 12.987805485725403 1.5
    endloop
  endfacet
  facet normal 0 0 1
    outer loop
      vertex 60.64329502731562 12.987805485725403 1.5
      vertex 61.81823904812336 15.158581331372261 1.5
      vertex 60.576892368495464 13.261560007929802 1.5
    endloop
  endfacet
  facet normal 0 0 1
    outer loop
      vertex 60.576892368495464 13.261560007929802 1.5
      vertex 61.81823904812336 15.158581331372261 1.5
      vertex 60.47550451755524 13.534927561879158 1.5
    endloop
  endfacet
  facet normal 0 0 1
    outer loop
      vertex 66.19673713296652 11.101308442652225 1.5
      vertex 63.33407313376665 7.832037687301636 1.5
      vertex 66.19673713296652 7.832037687301636 1.5
    endloop
  endfacet
  facet normal 0 0 1
    outer loop
      vertex 63.33407313376665 7.832037687301636 1.5
      vertex 66.19673713296652 11.101308442652225 1.5
      vertex 63.33407313376665 11.101308442652225 1.5
    endloop
  endfacet
  facet normal 0 0 1
    outer loop
      vertex 63.33407313376665 12.363049954175949 1.5
      vertex 66.19673713296652 12.363049954175949 1.5
      vertex 66.19673713296652 15.158581331372261 1.5
    endloop
  endfacet
  facet normal 0 0 1
    outer loop
      vertex 63.33407313376665 12.363049954175949 1.5
      vertex 66.19673713296652 15.158581331372261 1.5
      vertex 63.33407313376665 15.158581331372261 1.5
    endloop
  endfacet
  facet normal 0 0 1
    outer loop
      vertex 76.60000000149012 0 1.5
      vertex 66.19673713296652 7.832037687301636 1.5
      vertex 63.33407313376665 7.832037687301636 1.5
    endloop
  endfacet
  facet normal 0 0 1
    outer loop
      vertex 76.60000000149012 0 1.5
      vertex 67.71755486726761 7.832037687301636 1.5
      vertex 66.19673713296652 7.832037687301636 1.5
    endloop
  endfacet
  facet normal 0 0 1
    outer loop
      vertex 63.33407313376665 15.158581331372261 1.5
      vertex 54.27670504897833 32.64088881760836 1.5
      vertex 61.81823904812336 15.158581331372261 1.5
    endloop
  endfacet
  facet normal 0 0 1
    outer loop
      vertex 54.27670504897833 32.64088881760836 1.5
      vertex 63.33407313376665 15.158581331372261 1.5
      vertex 66.19673713296652 15.158581331372261 1.5
    endloop
  endfacet
  facet normal 0 0 1
    outer loop
      vertex 76.60000000149012 0 1.5
      vertex 76.87312644720078 0.026900604367256165 1.5
      vertex 76.60000000149012 62 1.5
    endloop
  endfacet
  facet normal 0 0 1
    outer loop
      vertex 76.87312644720078 0.026900604367256165 1.5
      vertex 77.13575680553913 0.10656865686178207 1.5
      vertex 76.87312644720078 61.973099395632744 1.5
    endloop
  endfacet
  facet normal 0 0 1
    outer loop
      vertex 77.13575680553913 0.10656865686178207 1.5
      vertex 77.3777983263135 0.235942542552948 1.5
      vertex 77.13575680553913 61.89343134313822 1.5
    endloop
  endfacet
  facet normal 0 0 1
    outer loop
      vertex 77.3777983263135 0.235942542552948 1.5
      vertex 77.58994949609041 0.41005050390958786 1.5
      vertex 77.3777983263135 61.76405745744705 1.5
    endloop
  endfacet
  facet normal 0 0 1
    outer loop
      vertex 77.58994949609041 0.41005050390958786 1.5
      vertex 77.76405745744705 0.6222016736865044 1.5
      vertex 77.58994949609041 61.58994949609041 1.5
    endloop
  endfacet
  facet normal 0 0 1
    outer loop
      vertex 77.76405745744705 0.6222016736865044 1.5
      vertex 77.89343134313822 0.8642431944608688 1.5
      vertex 77.76405745744705 61.377798326313496 1.5
    endloop
  endfacet
  facet normal 0 0 1
    outer loop
      vertex 77.89343134313822 0.8642431944608688 1.5
      vertex 77.97309939563274 1.1268735527992249 1.5
      vertex 77.89343134313822 61.13575680553913 1.5
    endloop
  endfacet
  facet normal 0 0 1
    outer loop
      vertex 77.97309939563274 1.1268735527992249 1.5
      vertex 78 1.3999999985098839 1.5
      vertex 77.97309939563274 60.873126447200775 1.5
    endloop
  endfacet
  facet normal 0 0 1
    outer loop
      vertex 76.60000000149012 62 1.5
      vertex 67.71755486726761 15.158581331372261 1.5
      vertex 67.71755486726761 7.832037687301636 1.5
    endloop
  endfacet
  facet normal 0 0 1
    outer loop
      vertex 76.60000000149012 62 1.5
      vertex 66.19673713296652 15.158581331372261 1.5
      vertex 67.71755486726761 15.158581331372261 1.5
    endloop
  endfacet
  facet normal 0 0 1
    outer loop
      vertex 76.60000000149012 0 1.5
      vertex 76.60000000149012 62 1.5
      vertex 67.71755486726761 7.832037687301636 1.5
    endloop
  endfacet
  facet normal 0 0 -1
    outer loop
      vertex 1.3999999985098839 62 0
      vertex 76.60000000149012 62 0
      vertex 76.60000000149012 0 0
    endloop
  endfacet
  facet normal 0 1 0
    outer loop
      vertex 1.3999999985098839 62 0
      vertex 76.60000000149012 62 1.5
      vertex 76.60000000149012 62 0
    endloop
  endfacet
  facet normal 0 0 -1
    outer loop
      vertex 76.87312644720078 0.026900604367256165 0
      vertex 76.60000000149012 62 0
      vertex 76.87312644720078 61.973099395632744 0
    endloop
  endfacet
  facet normal 0 0 -1
    outer loop
      vertex 77.13575680553913 0.10656865686178207 0
      vertex 76.87312644720078 61.973099395632744 0
      vertex 77.13575680553913 61.89343134313822 0
    endloop
  endfacet
  facet normal 0 0 -1
    outer loop
      vertex 77.3777983263135 0.235942542552948 0
      vertex 77.13575680553913 61.89343134313822 0
      vertex 77.3777983263135 61.76405745744705 0
    endloop
  endfacet
  facet normal 0 0 -1
    outer loop
      vertex 78 1.3999999985098839 0
      vertex 77.97309939563274 60.873126447200775 0
      vertex 78 60.600000001490116 0
    endloop
  endfacet
  facet normal 0 0 -1
    outer loop
      vertex 77.97309939563274 1.1268735527992249 0
      vertex 77.89343134313822 61.13575680553913 0
      vertex 77.97309939563274 60.873126447200775 0
    endloop
  endfacet
  facet normal 0 0 -1
    outer loop
      vertex 77.89343134313822 0.8642431944608688 0
      vertex 77.76405745744705 61.377798326313496 0
      vertex 77.89343134313822 61.13575680553913 0
    endloop
  endfacet
  facet normal 0 0 -1
    outer loop
      vertex 77.58994949609041 0.41005050390958786 0
      vertex 77.3777983263135 61.76405745744705 0
      vertex 77.58994949609041 61.58994949609041 0
    endloop
  endfacet
  facet normal 0 0 -1
    outer loop
      vertex 77.76405745744705 0.6222016736865044 0
      vertex 77.58994949609041 61.58994949609041 0
      vertex 77.76405745744705 61.377798326313496 0
    endloop
  endfacet
  facet normal 0.9951847275837651 0.09801713107425283 0
    outer loop
      vertex 78 60.600000001490116 0
      vertex 77.97309939563274 60.873126447200775 0
      vertex 78 60.600000001490116 1.5
    endloop
  endfacet
  facet normal 0.9569403314022136 0.2902846915285437 0
    outer loop
      vertex 77.97309939563274 60.873126447200775 0
      vertex 77.89343134313822 61.13575680553913 0
      vertex 77.97309939563274 60.873126447200775 1.5
    endloop
  endfacet
  facet normal 0.09801713107425283 0.9951847275837651 0
    outer loop
      vertex 76.60000000149012 62 0
      vertex 76.87312644720078 61.973099395632744 1.5
      vertex 76.87312644720078 61.973099395632744 0
    endloop
  endfacet
  facet normal 0.2902846915285437 0.9569403314022136 0
    outer loop
      vertex 76.87312644720078 61.973099395632744 0
      vertex 77.13575680553913 61.89343134313822 1.5
      vertex 77.13575680553913 61.89343134313822 0
    endloop
  endfacet
  facet normal 0.47139672966959456 0.8819212681735322 0
    outer loop
      vertex 77.13575680553913 61.89343134313822 0
      vertex 77.3777983263135 61.76405745744705 1.5
      vertex 77.3777983263135 61.76405745744705 0
    endloop
  endfacet
  facet normal 0.8819212681735322 0.47139672966959456 0
    outer loop
      vertex 77.89343134313822 61.13575680553913 0
      vertex 77.76405745744705 61.377798326313496 0
      vertex 77.89343134313822 61.13575680553913 1.5
    endloop
  endfacet
  facet normal 0.7730104607401506 0.6343932751742409 0
    outer loop
      vertex 77.76405745744705 61.377798326313496 0
      vertex 77.58994949609041 61.58994949609041 0
      vertex 77.76405745744705 61.377798326313496 1.5
    endloop
  endfacet
  facet normal 0.6343932751742409 0.7730104607401506 0
    outer loop
      vertex 77.3777983263135 61.76405745744705 0
      vertex 77.58994949609041 61.58994949609041 1.5
      vertex 77.58994949609041 61.58994949609041 0
    endloop
  endfacet
  facet normal 0 0 1
    outer loop
      vertex 48.0429563075304 39.68571547418833 1.5
      vertex 48.40536002069712 39.38682713359594 1.5
      vertex 49.61648401618004 39.20277260988951 1.5
    endloop
  endfacet
  facet normal 0 0 1
    outer loop
      vertex 47.46461858600378 40.578077524900436 1.5
      vertex 47.725306794047356 40.08795150369406 1.5
      vertex 50.950456373393536 40.578077524900436 1.5
    endloop
  endfacet
  facet normal 0 0 1
    outer loop
      vertex 47.27090976387262 41.137258283793926 1.5
      vertex 47.46461858600378 40.578077524900436 1.5
      vertex 51.14416519552469 41.137258283793926 1.5
    endloop
  endfacet
  facet normal 0 0 1
    outer loop
      vertex 47.15162447094917 41.74400474131107 1.5
      vertex 47.27090976387262 41.137258283793926 1.5
      vertex 51.263450503349304 41.74400474131107 1.5
    endloop
  endfacet
  facet normal 0 0 1
    outer loop
      vertex 47.11134675890207 42.37500000745058 1.5
      vertex 47.15162447094917 41.74400474131107 1.5
      vertex 51.303728215396404 42.37500000745058 1.5
    endloop
  endfacet
  facet normal 0 0 1
    outer loop
      vertex 47.15162447094917 43.005995251238346 1.5
      vertex 47.11134675890207 42.37500000745058 1.5
      vertex 51.263450503349304 43.005995251238346 1.5
    endloop
  endfacet
  facet normal 0 0 1
    outer loop
      vertex 47.27090976387262 43.612741738557816 1.5
      vertex 47.15162447094917 43.005995251238346 1.5
      vertex 51.14416519552469 43.612741738557816 1.5
    endloop
  endfacet
  facet normal 0 0 1
    outer loop
      vertex 47.46461858600378 44.17192246764898 1.5
      vertex 47.27090976387262 43.612741738557816 1.5
      vertex 50.950456373393536 44.17192246764898 1.5
    endloop
  endfacet
  facet normal 0 0 1
    outer loop
      vertex 47.725306794047356 44.66204849630594 1.5
      vertex 47.46461858600378 44.17192246764898 1.5
      vertex 50.68976816534996 44.66204849630594 1.5
    endloop
  endfacet
  facet normal 0 0 1
    outer loop
      vertex 48.0429563075304 45.06428452581167 1.5
      vertex 47.725306794047356 44.66204849630594 1.5
      vertex 50.37211865186691 45.06428452581167 1.5
    endloop
  endfacet
  facet normal 0 0 1
    outer loop
      vertex 48.79859095811844 39.20277260988951 1.5
      vertex 49.20753748714924 39.14062499254942 1.5
      vertex 49.61648401618004 39.20277260988951 1.5
    endloop
  endfacet
  facet normal 0 0 1
    outer loop
      vertex 48.40536002069712 39.38682713359594 1.5
      vertex 48.79859095811844 39.20277260988951 1.5
      vertex 49.61648401618004 39.20277260988951 1.5
    endloop
  endfacet
  facet normal 0 0 1
    outer loop
      vertex 49.61648401618004 39.20277260988951 1.5
      vertex 50.00971495360136 39.38682713359594 1.5
      vertex 48.0429563075304 39.68571547418833 1.5
    endloop
  endfacet
  facet normal 0 0 1
    outer loop
      vertex 50.00971495360136 39.38682713359594 1.5
      vertex 50.37211865186691 39.68571547418833 1.5
      vertex 48.0429563075304 39.68571547418833 1.5
    endloop
  endfacet
  facet normal 0 0 1
    outer loop
      vertex 47.725306794047356 40.08795150369406 1.5
      vertex 48.0429563075304 39.68571547418833 1.5
      vertex 50.68976816534996 40.08795150369406 1.5
    endloop
  endfacet
  facet normal 0 0 1
    outer loop
      vertex 50.37211865186691 39.68571547418833 1.5
      vertex 50.68976816534996 40.08795150369406 1.5
      vertex 48.0429563075304 39.68571547418833 1.5
    endloop
  endfacet
  facet normal 0 0 1
    outer loop
      vertex 50.68976816534996 40.08795150369406 1.5
      vertex 50.950456373393536 40.578077524900436 1.5
      vertex 47.725306794047356 40.08795150369406 1.5
    endloop
  endfacet
  facet normal 0 0 1
    outer loop
      vertex 50.950456373393536 40.578077524900436 1.5
      vertex 51.14416519552469 41.137258283793926 1.5
      vertex 47.46461858600378 40.578077524900436 1.5
    endloop
  endfacet
  facet normal 0 0 1
    outer loop
      vertex 51.14416519552469 41.137258283793926 1.5
      vertex 51.263450503349304 41.74400474131107 1.5
      vertex 47.27090976387262 41.137258283793926 1.5
    endloop
  endfacet
  facet normal 0 0 1
    outer loop
      vertex 51.263450503349304 41.74400474131107 1.5
      vertex 51.303728215396404 42.37500000745058 1.5
      vertex 47.15162447094917 41.74400474131107 1.5
    endloop
  endfacet
  facet normal 0 0 1
    outer loop
      vertex 51.303728215396404 42.37500000745058 1.5
      vertex 51.263450503349304 43.005995251238346 1.5
      vertex 47.11134675890207 42.37500000745058 1.5
    endloop
  endfacet
  facet normal 0 0 1
    outer loop
      vertex 51.263450503349304 43.005995251238346 1.5
      vertex 51.14416519552469 43.612741738557816 1.5
      vertex 47.15162447094917 43.005995251238346 1.5
    endloop
  endfacet
  facet normal 0 0 1
    outer loop
      vertex 51.14416519552469 43.612741738557816 1.5
      vertex 50.950456373393536 44.17192246764898 1.5
      vertex 47.27090976387262 43.612741738557816 1.5
    endloop
  endfacet
  facet normal 0 0 1
    outer loop
      vertex 50.950456373393536 44.17192246764898 1.5
      vertex 50.68976816534996 44.66204849630594 1.5
      vertex 47.46461858600378 44.17192246764898 1.5
    endloop
  endfacet
  facet normal 0 0 1
    outer loop
      vertex 48.40536002069712 45.363172858953476 1.5
      vertex 48.0429563075304 45.06428452581167 1.5
      vertex 50.00971495360136 45.363172858953476 1.5
    endloop
  endfacet
  facet normal 0 0 1
    outer loop
      vertex 48.79859095811844 45.54722738265991 1.5
      vertex 48.40536002069712 45.363172858953476 1.5
      vertex 49.61648401618004 45.54722738265991 1.5
    endloop
  endfacet
  facet normal 0 0 1
    outer loop
      vertex 48.40536002069712 45.363172858953476 1.5
      vertex 50.00971495360136 45.363172858953476 1.5
      vertex 49.61648401618004 45.54722738265991 1.5
    endloop
  endfacet
  facet normal 0 0 1
    outer loop
      vertex 50.68976816534996 44.66204849630594 1.5
      vertex 50.37211865186691 45.06428452581167 1.5
      vertex 47.725306794047356 44.66204849630594 1.5
    endloop
  endfacet
  facet normal 0 0 1
    outer loop
      vertex 50.37211865186691 45.06428452581167 1.5
      vertex 50.00971495360136 45.363172858953476 1.5
      vertex 48.0429563075304 45.06428452581167 1.5
    endloop
  endfacet
  facet normal 0 0 1
    outer loop
      vertex 48.79859095811844 45.54722738265991 1.5
      vertex 49.61648401618004 45.54722738265991 1.5
      vertex 49.20753748714924 45.60937500745058 1.5
    endloop
  endfacet
  facet normal 0 0 1
    outer loop
      vertex 37.76051330566406 57 1.5
      vertex 39.5832878574729 52.50000001490116 1.5
      vertex 43.63719253242016 51.883928060531616 1.5
    endloop
  endfacet
  facet normal 0 0 1
    outer loop
      vertex 76.60000000149012 62 1.5
      vertex 47.535307951271534 50.059387519955635 1.5
      vertex 51.12783166766167 47.09649444371462 1.5
    endloop
  endfacet
  facet normal 0 0 1
    outer loop
      vertex 76.60000000149012 62 1.5
      vertex 37.76051330566406 57 1.5
      vertex 43.63719253242016 51.883928060531616 1.5
    endloop
  endfacet
  facet normal 0 0 1
    outer loop
      vertex 76.60000000149012 62 1.5
      vertex 43.63719253242016 51.883928060531616 1.5
      vertex 47.535307951271534 50.059387519955635 1.5
    endloop
  endfacet
  facet normal 1 0 0
    outer loop
      vertex 78 1.3999999985098839 1.5
      vertex 78 60.600000001490116 0
      vertex 78 60.600000001490116 1.5
    endloop
  endfacet
  facet normal 0 0 1
    outer loop
      vertex 76.60000000149012 62 1.5
      vertex 54.27670504897833 32.64088881760836 1.5
      vertex 66.19673713296652 15.158581331372261 1.5
    endloop
  endfacet
  facet normal 0 0 1
    outer loop
      vertex 76.60000000149012 62 1.5
      vertex 56.860918655991554 37.49952940642834 1.5
      vertex 54.27670504897833 32.64088881760836 1.5
    endloop
  endfacet
  facet normal 0 0 1
    outer loop
      vertex 76.60000000149012 62 1.5
      vertex 56.990987449884415 37.87500000745058 1.5
      vertex 56.860918655991554 37.49952940642834 1.5
    endloop
  endfacet
  facet normal 0 0 1
    outer loop
      vertex 76.60000000149012 62 1.5
      vertex 56.860918655991554 38.25047060102224 1.5
      vertex 56.990987449884415 37.87500000745058 1.5
    endloop
  endfacet
  facet normal 0 0 1
    outer loop
      vertex 76.87312644720078 0.026900604367256165 1.5
      vertex 76.87312644720078 61.973099395632744 1.5
      vertex 76.60000000149012 62 1.5
    endloop
  endfacet
  facet normal 0 0 1
    outer loop
      vertex 77.13575680553913 0.10656865686178207 1.5
      vertex 77.13575680553913 61.89343134313822 1.5
      vertex 76.87312644720078 61.973099395632744 1.5
    endloop
  endfacet
  facet normal 0 0 1
    outer loop
      vertex 77.3777983263135 0.235942542552948 1.5
      vertex 77.3777983263135 61.76405745744705 1.5
      vertex 77.13575680553913 61.89343134313822 1.5
    endloop
  endfacet
  facet normal 0 0 1
    outer loop
      vertex 78 1.3999999985098839 1.5
      vertex 78 60.600000001490116 1.5
      vertex 77.97309939563274 60.873126447200775 1.5
    endloop
  endfacet
  facet normal 0 0 1
    outer loop
      vertex 77.97309939563274 1.1268735527992249 1.5
      vertex 77.97309939563274 60.873126447200775 1.5
      vertex 77.89343134313822 61.13575680553913 1.5
    endloop
  endfacet
  facet normal 0 0 1
    outer loop
      vertex 77.89343134313822 0.8642431944608688 1.5
      vertex 77.89343134313822 61.13575680553913 1.5
      vertex 77.76405745744705 61.377798326313496 1.5
    endloop
  endfacet
  facet normal 0 0 1
    outer loop
      vertex 77.58994949609041 0.41005050390958786 1.5
      vertex 77.58994949609041 61.58994949609041 1.5
      vertex 77.3777983263135 61.76405745744705 1.5
    endloop
  endfacet
  facet normal 0 0 1
    outer loop
      vertex 77.76405745744705 0.6222016736865044 1.5
      vertex 77.76405745744705 61.377798326313496 1.5
      vertex 77.58994949609041 61.58994949609041 1.5
    endloop
  endfacet
  facet normal 0.09801713107425283 0.9951847275837651 0
    outer loop
      vertex 76.60000000149012 62 0
      vertex 76.60000000149012 62 1.5
      vertex 76.87312644720078 61.973099395632744 1.5
    endloop
  endfacet
  facet normal 0.9951847275837651 0.09801713107425283 0
    outer loop
      vertex 77.97309939563274 60.873126447200775 0
      vertex 77.97309939563274 60.873126447200775 1.5
      vertex 78 60.600000001490116 1.5
    endloop
  endfacet
  facet normal 0.2902846915285437 0.9569403314022136 0
    outer loop
      vertex 76.87312644720078 61.973099395632744 0
      vertex 76.87312644720078 61.973099395632744 1.5
      vertex 77.13575680553913 61.89343134313822 1.5
    endloop
  endfacet
  facet normal 0.47139672966959456 0.8819212681735322 0
    outer loop
      vertex 77.13575680553913 61.89343134313822 0
      vertex 77.13575680553913 61.89343134313822 1.5
      vertex 77.3777983263135 61.76405745744705 1.5
    endloop
  endfacet
  facet normal 0.9569403314022136 0.2902846915285437 0
    outer loop
      vertex 77.89343134313822 61.13575680553913 0
      vertex 77.89343134313822 61.13575680553913 1.5
      vertex 77.97309939563274 60.873126447200775 1.5
    endloop
  endfacet
  facet normal 0.8819212681735322 0.47139672966959456 0
    outer loop
      vertex 77.76405745744705 61.377798326313496 0
      vertex 77.76405745744705 61.377798326313496 1.5
      vertex 77.89343134313822 61.13575680553913 1.5
    endloop
  endfacet
  facet normal 0.6343932751742409 0.7730104607401506 0
    outer loop
      vertex 77.3777983263135 61.76405745744705 0
      vertex 77.3777983263135 61.76405745744705 1.5
      vertex 77.58994949609041 61.58994949609041 1.5
    endloop
  endfacet
  facet normal 0.7730104607401506 0.6343932751742409 0
    outer loop
      vertex 77.58994949609041 61.58994949609041 0
      vertex 77.58994949609041 61.58994949609041 1.5
      vertex 77.76405745744705 61.377798326313496 1.5
    endloop
  endfacet
  facet normal 0 0 1
    outer loop
      vertex 76.60000000149012 62 1.5
      vertex 54.27670504897833 43.109111189842224 1.5
      vertex 56.860918655991554 38.25047060102224 1.5
    endloop
  endfacet
  facet normal 0 0 1
    outer loop
      vertex 76.60000000149012 62 1.5
      vertex 51.12783166766167 47.09649444371462 1.5
      vertex 54.27670504897833 43.109111189842224 1.5
    endloop
  endfacet
  facet normal 0 0 1
    outer loop
      vertex 11.96186002343893 7.832037687301636 0.901
      vertex 13.502539046108723 7.832037687301636 0.901
      vertex 11.96186002343893 13.859315909445286 0.901
    endloop
  endfacet
  facet normal 0 0 1
    outer loop
      vertex 9.7601885125041 13.859315909445286 0.901
      vertex 11.96186002343893 13.859315909445286 0.901
      vertex 9.7601885125041 15.158581331372261 0.901
    endloop
  endfacet
  facet normal 0 0 1
    outer loop
      vertex 13.502539046108723 7.832037687301636 0.901
      vertex 13.502539046108723 13.859315909445286 0.901
      vertex 11.96186002343893 13.859315909445286 0.901
    endloop
  endfacet
  facet normal 0 0 1
    outer loop
      vertex 9.7601885125041 15.158581331372261 0.901
      vertex 11.96186002343893 13.859315909445286 0.901
      vertex 15.694243267178535 15.158581331372261 0.901
    endloop
  endfacet
  facet normal 0 0 1
    outer loop
      vertex 11.96186002343893 13.859315909445286 0.901
      vertex 13.502539046108723 13.859315909445286 0.901
      vertex 15.694243267178535 15.158581331372261 0.901
    endloop
  endfacet
  facet normal 0 0 1
    outer loop
      vertex 16.579279892146587 7.832037687301636 0.901
      vertex 18.09511397778988 7.832037687301636 0.901
      vertex 18.09511397778988 11.101308442652225 0.901
    endloop
  endfacet
  facet normal 0 0 1
    outer loop
      vertex 16.579279892146587 7.832037687301636 0.901
      vertex 18.09511397778988 11.101308442652225 0.901
      vertex 18.09511397778988 12.363049954175949 0.901
    endloop
  endfacet
  facet normal 0 0 1
    outer loop
      vertex 13.502539046108723 13.859315909445286 0.901
      vertex 15.694243267178535 13.859315909445286 0.901
      vertex 15.694243267178535 15.158581331372261 0.901
    endloop
  endfacet
  facet normal 0 0 1
    outer loop
      vertex 16.579279892146587 7.832037687301636 0.901
      vertex 18.09511397778988 12.363049954175949 0.901
      vertex 16.579279892146587 15.158581331372261 0.901
    endloop
  endfacet
  facet normal 0 0 1
    outer loop
      vertex 18.09511397778988 11.101308442652225 0.901
      vertex 20.957777976989746 12.363049954175949 0.901
      vertex 18.09511397778988 12.363049954175949 0.901
    endloop
  endfacet
  facet normal 0 0 1
    outer loop
      vertex 16.579279892146587 15.158581331372261 0.901
      vertex 18.09511397778988 12.363049954175949 0.901
      vertex 18.09511397778988 15.158581331372261 0.901
    endloop
  endfacet
  facet normal 0 1 0
    outer loop
      vertex 11.96186002343893 7.832037687301636 0.901
      vertex 11.96186002343893 7.832037687301636 1.5
      vertex 13.502539046108723 7.832037687301636 0.901
    endloop
  endfacet
  facet normal -1 0 0
    outer loop
      vertex 13.502539046108723 7.832037687301636 0.901
      vertex 13.502539046108723 7.832037687301636 1.5
      vertex 13.502539046108723 13.859315909445286 0.901
    endloop
  endfacet
  facet normal 1 0 0
    outer loop
      vertex 11.96186002343893 7.832037687301636 0.901
      vertex 11.96186002343893 13.859315909445286 0.901
      vertex 11.96186002343893 13.859315909445286 1.5
    endloop
  endfacet
  facet normal 0 1 0
    outer loop
      vertex 9.7601885125041 13.859315909445286 0.901
      vertex 9.7601885125041 13.859315909445286 1.5
      vertex 11.96186002343893 13.859315909445286 0.901
    endloop
  endfacet
  facet normal 1 0 0
    outer loop
      vertex 9.7601885125041 13.859315909445286 0.901
      vertex 9.7601885125041 15.158581331372261 0.901
      vertex 9.7601885125041 15.158581331372261 1.5
    endloop
  endfacet
  facet normal 0 1 0
    outer loop
      vertex 13.502539046108723 13.859315909445286 0.901
      vertex 13.502539046108723 13.859315909445286 1.5
      vertex 15.694243267178535 13.859315909445286 0.901
    endloop
  endfacet
  facet normal 0 -1 0
    outer loop
      vertex 9.7601885125041 15.158581331372261 0.901
      vertex 15.694243267178535 15.158581331372261 0.901
      vertex 15.694243267178535 15.158581331372261 1.5
    endloop
  endfacet
  facet normal 1 0 0
    outer loop
      vertex 16.579279892146587 7.832037687301636 0.901
      vertex 16.579279892146587 15.158581331372261 0.901
      vertex 16.579279892146587 7.832037687301636 1.5
    endloop
  endfacet
  facet normal 0 1 0
    outer loop
      vertex 16.579279892146587 7.832037687301636 0.901
      vertex 16.579279892146587 7.832037687301636 1.5
      vertex 18.09511397778988 7.832037687301636 0.901
    endloop
  endfacet
  facet normal -1 0 0
    outer loop
      vertex 18.09511397778988 7.832037687301636 0.901
      vertex 18.09511397778988 7.832037687301636 1.5
      vertex 18.09511397778988 11.101308442652225 0.901
    endloop
  endfacet
  facet normal 0 1 0
    outer loop
      vertex 18.09511397778988 11.101308442652225 0.901
      vertex 18.09511397778988 11.101308442652225 1.5
      vertex 20.957777976989746 11.101308442652225 0.901
    endloop
  endfacet
  facet normal -1 0 0
    outer loop
      vertex 15.694243267178535 13.859315909445286 0.901
      vertex 15.694243267178535 13.859315909445286 1.5
      vertex 15.694243267178535 15.158581331372261 0.901
    endloop
  endfacet
  facet normal -1 0 0
    outer loop
      vertex 18.09511397778988 12.363049954175949 0.901
      vertex 18.09511397778988 12.363049954175949 1.5
      vertex 18.09511397778988 15.158581331372261 0.901
    endloop
  endfacet
  facet normal 0 -1 0
    outer loop
      vertex 16.579279892146587 15.158581331372261 0.901
      vertex 18.09511397778988 15.158581331372261 0.901
      vertex 18.09511397778988 15.158581331372261 1.5
    endloop
  endfacet
  facet normal 1 0 0
    outer loop
      vertex 11.96186002343893 7.832037687301636 0.901
      vertex 11.96186002343893 13.859315909445286 1.5
      vertex 11.96186002343893 7.832037687301636 1.5
    endloop
  endfacet
  facet normal 0 1 0
    outer loop
      vertex 13.502539046108723 7.832037687301636 0.901
      vertex 11.96186002343893 7.832037687301636 1.5
      vertex 13.502539046108723 7.832037687301636 1.5
    endloop
  endfacet
  facet normal 1 0 0
    outer loop
      vertex 9.7601885125041 13.859315909445286 0.901
      vertex 9.7601885125041 15.158581331372261 1.5
      vertex 9.7601885125041 13.859315909445286 1.5
    endloop
  endfacet
  facet normal 0 1 0
    outer loop
      vertex 11.96186002343893 13.859315909445286 0.901
      vertex 9.7601885125041 13.859315909445286 1.5
      vertex 11.96186002343893 13.859315909445286 1.5
    endloop
  endfacet
  facet normal 0 -1 0
    outer loop
      vertex 9.7601885125041 15.158581331372261 0.901
      vertex 15.694243267178535 15.158581331372261 1.5
      vertex 9.7601885125041 15.158581331372261 1.5
    endloop
  endfacet
  facet normal -1 0 0
    outer loop
      vertex 13.502539046108723 13.859315909445286 0.901
      vertex 13.502539046108723 7.832037687301636 1.5
      vertex 13.502539046108723 13.859315909445286 1.5
    endloop
  endfacet
  facet normal 0 1 0
    outer loop
      vertex 18.09511397778988 7.832037687301636 0.901
      vertex 16.579279892146587 7.832037687301636 1.5
      vertex 18.09511397778988 7.832037687301636 1.5
    endloop
  endfacet
  facet normal -1 0 0
    outer loop
      vertex 18.09511397778988 11.101308442652225 0.901
      vertex 18.09511397778988 7.832037687301636 1.5
      vertex 18.09511397778988 11.101308442652225 1.5
    endloop
  endfacet
  facet normal 1 0 0
    outer loop
      vertex 16.579279892146587 15.158581331372261 0.901
      vertex 16.579279892146587 15.158581331372261 1.5
      vertex 16.579279892146587 7.832037687301636 1.5
    endloop
  endfacet
  facet normal 0 1 0
    outer loop
      vertex 15.694243267178535 13.859315909445286 0.901
      vertex 13.502539046108723 13.859315909445286 1.5
      vertex 15.694243267178535 13.859315909445286 1.5
    endloop
  endfacet
  facet normal -1 0 0
    outer loop
      vertex 15.694243267178535 15.158581331372261 0.901
      vertex 15.694243267178535 13.859315909445286 1.5
      vertex 15.694243267178535 15.158581331372261 1.5
    endloop
  endfacet
  facet normal 0 -1 0
    outer loop
      vertex 18.09511397778988 12.363049954175949 0.901
      vertex 20.957777976989746 12.363049954175949 1.5
      vertex 18.09511397778988 12.363049954175949 1.5
    endloop
  endfacet
  facet normal -1 0 0
    outer loop
      vertex 18.09511397778988 15.158581331372261 0.901
      vertex 18.09511397778988 12.363049954175949 1.5
      vertex 18.09511397778988 15.158581331372261 1.5
    endloop
  endfacet
  facet normal 0 -1 0
    outer loop
      vertex 16.579279892146587 15.158581331372261 0.901
      vertex 18.09511397778988 15.158581331372261 1.5
      vertex 16.579279892146587 15.158581331372261 1.5
    endloop
  endfacet
  facet normal 0.06681082952680475 0.9977656603922287 0
    outer loop
      vertex 26.174879781901836 7.692126266658306 0.901
      vertex 26.174879781901836 7.692126266658306 1.5
      vertex 26.887362107634544 7.6444181352853775 0.901
    endloop
  endfacet
  facet normal -0.06682944378176328 0.9977644137990792 0
    outer loop
      vertex 26.887362107634544 7.6444181352853775 0.901
      vertex 26.887362107634544 7.6444181352853775 1.5
      vertex 27.59964509308338 7.692126266658306 0.901
    endloop
  endfacet
  facet normal -0.22698695887846684 0.9738977977688958 0
    outer loop
      vertex 27.59964509308338 7.692126266658306 0.901
      vertex 27.59964509308338 7.692126266658306 1.5
      vertex 28.213726833462715 7.835250675678253 0.901
    endloop
  endfacet
  facet normal 0 0 1
    outer loop
      vertex 20.957777976989746 7.832037687301636 0.901
      vertex 22.478595711290836 7.832037687301636 0.901
      vertex 20.957777976989746 11.101308442652225 0.901
    endloop
  endfacet
  facet normal 0 0 1
    outer loop
      vertex 18.09511397778988 11.101308442652225 0.901
      vertex 20.957777976989746 11.101308442652225 0.901
      vertex 20.957777976989746 12.363049954175949 0.901
    endloop
  endfacet
  facet normal 0 0 1
    outer loop
      vertex 22.478595711290836 7.832037687301636 0.901
      vertex 20.957777976989746 12.363049954175949 0.901
      vertex 20.957777976989746 11.101308442652225 0.901
    endloop
  endfacet
  facet normal 0 0 1
    outer loop
      vertex 20.957777976989746 12.363049954175949 0.901
      vertex 22.478595711290836 15.158581331372261 0.901
      vertex 20.957777976989746 15.158581331372261 0.901
    endloop
  endfacet
  facet normal 0 0 1
    outer loop
      vertex 22.478595711290836 7.832037687301636 0.901
      vertex 22.478595711290836 15.158581331372261 0.901
      vertex 20.957777976989746 12.363049954175949 0.901
    endloop
  endfacet
  facet normal 0 0 1
    outer loop
      vertex 25.043322786688805 8.073791347444057 0.901
      vertex 25.81222876906395 9.32881959527731 0.901
      vertex 24.62424812465906 8.40774829685688 0.901
    endloop
  endfacet
  facet normal 0 0 1
    outer loop
      vertex 25.043322786688805 8.073791347444057 0.901
      vertex 25.56020000576973 7.835250675678253 0.901
      vertex 26.00228151679039 9.156218402087688 0.901
    endloop
  endfacet
  facet normal 0 0 1
    outer loop
      vertex 24.62424812465906 8.40774829685688 0.901
      vertex 25.674650870263577 9.550735421478748 0.901
      vertex 24.3029760196805 8.83712150901556 0.901
    endloop
  endfacet
  facet normal 0 0 1
    outer loop
      vertex 24.172375224530697 9.118207849562168 0.901
      vertex 24.3029760196805 8.83712150901556 0.901
      vertex 25.674650870263577 9.550735421478748 0.901
    endloop
  endfacet
  facet normal 0 0 1
    outer loop
      vertex 24.172375224530697 9.118207849562168 0.901
      vertex 25.610247522592545 9.706260308623314 0.901
      vertex 24.070796824991703 9.440646715462208 0.901
    endloop
  endfacet
  facet normal 0 0 1
    outer loop
      vertex 24.62424812465906 8.40774829685688 0.901
      vertex 25.81222876906395 9.32881959527731 0.901
      vertex 25.674650870263577 9.550735421478748 0.901
    endloop
  endfacet
  facet normal 0 0 1
    outer loop
      vertex 24.070796824991703 9.440646715462208 0.901
      vertex 25.610247522592545 9.706260308623314 0.901
      vertex 25.560156032443047 9.89439581334591 0.901
    endloop
  endfacet
  facet normal 0 0 1
    outer loop
      vertex 24.172375224530697 9.118207849562168 0.901
      vertex 25.674650870263577 9.550735421478748 0.901
      vertex 25.610247522592545 9.706260308623314 0.901
    endloop
  endfacet
  facet normal 0 0 1
    outer loop
      vertex 25.56020000576973 7.835250675678253 0.901
      vertex 26.174879781901836 7.692126266658306 0.901
      vertex 26.244809105992317 9.032931834459305 0.901
    endloop
  endfacet
  facet normal 0 0 1
    outer loop
      vertex 25.56020000576973 7.835250675678253 0.901
      vertex 26.244809105992317 9.032931834459305 0.901
      vertex 26.00228151679039 9.156218402087688 0.901
    endloop
  endfacet
  facet normal 0 0 1
    outer loop
      vertex 26.174879781901836 7.692126266658306 0.901
      vertex 26.887362107634544 7.6444181352853775 0.901
      vertex 26.53981154412031 8.958959892392159 0.901
    endloop
  endfacet
  facet normal 0 0 1
    outer loop
      vertex 26.174879781901836 7.692126266658306 0.901
      vertex 26.53981154412031 8.958959892392159 0.901
      vertex 26.244809105992317 9.032931834459305 0.901
    endloop
  endfacet
  facet normal 0 0 1
    outer loop
      vertex 26.887362107634544 7.6444181352853775 0.901
      vertex 26.887288823723793 8.93430257588625 0.901
      vertex 26.53981154412031 8.958959892392159 0.901
    endloop
  endfacet
  facet normal 0 0 1
    outer loop
      vertex 25.043322786688805 8.073791347444057 0.901
      vertex 26.00228151679039 9.156218402087688 0.901
      vertex 25.81222876906395 9.32881959527731 0.901
    endloop
  endfacet
  facet normal 0 0 1
    outer loop
      vertex 24.070796824991703 9.440646715462208 0.901
      vertex 25.560156032443047 9.89439581334591 0.901
      vertex 23.99824082106352 9.80443810671568 0.901
    endloop
  endfacet
  facet normal 0 0 1
    outer loop
      vertex 23.99824082106352 9.80443810671568 0.901
      vertex 25.524376399815083 10.115141950547695 0.901
      vertex 23.954707220196724 10.209582015872002 0.901
    endloop
  endfacet
  facet normal 0 0 1
    outer loop
      vertex 23.954707220196724 10.209582015872002 0.901
      vertex 25.502908617258072 10.36849870532751 0.901
      vertex 23.94019602239132 10.656078442931175 0.901
    endloop
  endfacet
  facet normal 0 0 1
    outer loop
      vertex 23.94019602239132 10.656078442931175 0.901
      vertex 25.502908617258072 10.36849870532751 0.901
      vertex 25.495752692222595 10.654466092586517 0.901
    endloop
  endfacet
  facet normal 0 0 1
    outer loop
      vertex 23.99824082106352 9.80443810671568 0.901
      vertex 25.560156032443047 9.89439581334591 0.901
      vertex 25.524376399815083 10.115141950547695 0.901
    endloop
  endfacet
  facet normal 0 0 1
    outer loop
      vertex 23.954707220196724 10.209582015872002 0.901
      vertex 25.524376399815083 10.115141950547695 0.901
      vertex 25.502908617258072 10.36849870532751 0.901
    endloop
  endfacet
  facet normal 0 0 1
    outer loop
      vertex 26.887362107634544 7.6444181352853775 0.901
      vertex 27.59964509308338 7.692126266658306 0.901
      vertex 27.232998371124268 8.958959892392159 0.901
    endloop
  endfacet
  facet normal 0 0 1
    outer loop
      vertex 26.887362107634544 7.6444181352853775 0.901
      vertex 27.232998371124268 8.958959892392159 0.901
      vertex 26.887288823723793 8.93430257588625 0.901
    endloop
  endfacet
  facet normal 0 0 1
    outer loop
      vertex 27.59964509308338 7.692126266658306 0.901
      vertex 28.213726833462715 7.835250675678253 0.901
      vertex 27.526625908911228 9.032931834459305 0.901
    endloop
  endfacet
  facet normal 0 0 1
    outer loop
      vertex 27.59964509308338 7.692126266658306 0.901
      vertex 27.526625908911228 9.032931834459305 0.901
      vertex 27.232998371124268 8.958959892392159 0.901
    endloop
  endfacet
  facet normal 0 0 1
    outer loop
      vertex 27.526625908911228 9.032931834459305 0.901
      vertex 28.213726833462715 7.835250675678253 0.901
      vertex 27.768171429634094 9.156218402087688 0.901
    endloop
  endfacet
  facet normal 0 0 1
    outer loop
      vertex 27.768171429634094 9.156218402087688 0.901
      vertex 28.213726833462715 7.835250675678253 0.901
      vertex 28.729607321321964 8.073791347444057 0.901
    endloop
  endfacet
  facet normal 0 0 1
    outer loop
      vertex 28.729607321321964 8.073791347444057 0.901
      vertex 29.14728656411171 8.40774829685688 0.901
      vertex 27.957634933292866 9.32881959527731 0.901
    endloop
  endfacet
  facet normal 0 0 1
    outer loop
      vertex 27.768171429634094 9.156218402087688 0.901
      vertex 28.729607321321964 8.073791347444057 0.901
      vertex 27.957634933292866 9.32881959527731 0.901
    endloop
  endfacet
  facet normal 0 0 1
    outer loop
      vertex 29.14728656411171 8.40774829685688 0.901
      vertex 28.095016419887543 9.550735421478748 0.901
      vertex 27.957634933292866 9.32881959527731 0.901
    endloop
  endfacet
  facet normal 0 0 1
    outer loop
      vertex 29.597365356981754 9.118207849562168 0.901
      vertex 28.159419767558575 9.706260308623314 0.901
      vertex 28.095016419887543 9.550735421478748 0.901
    endloop
  endfacet
  facet normal 0 0 1
    outer loop
      vertex 29.14728656411171 8.40774829685688 0.901
      vertex 29.46676455438137 8.83712150901556 0.901
      vertex 28.095016419887543 9.550735421478748 0.901
    endloop
  endfacet
  facet normal 0 0 1
    outer loop
      vertex 29.46676455438137 8.83712150901556 0.901
      vertex 29.597365356981754 9.118207849562168 0.901
      vertex 28.095016419887543 9.550735421478748 0.901
    endloop
  endfacet
  facet normal 0 0 1
    outer loop
      vertex 28.159419767558575 9.706260308623314 0.901
      vertex 29.698943756520748 9.440646715462208 0.901
      vertex 28.209511257708073 9.89439581334591 0.901
    endloop
  endfacet
  facet normal 0 0 1
    outer loop
      vertex 29.597365356981754 9.118207849562168 0.901
      vertex 29.698943756520748 9.440646715462208 0.901
      vertex 28.159419767558575 9.706260308623314 0.901
    endloop
  endfacet
  facet normal 0 0 1
    outer loop
      vertex 28.209511257708073 9.89439581334591 0.901
      vertex 29.771499752998352 9.80443810671568 0.901
      vertex 28.245290890336037 10.115141950547695 0.901
    endloop
  endfacet
  facet normal 0 0 1
    outer loop
      vertex 28.209511257708073 9.89439581334591 0.901
      vertex 29.698943756520748 9.440646715462208 0.901
      vertex 29.771499752998352 9.80443810671568 0.901
    endloop
  endfacet
  facet normal 0 0 1
    outer loop
      vertex 28.245290890336037 10.115141950547695 0.901
      vertex 29.815033353865147 10.209582015872002 0.901
      vertex 28.266758672893047 10.36849870532751 0.901
    endloop
  endfacet
  facet normal 0 0 1
    outer loop
      vertex 28.266758672893047 10.36849870532751 0.901
      vertex 29.829544559121132 10.656078442931175 0.901
      vertex 28.273914597928524 10.654466092586517 0.901
    endloop
  endfacet
  facet normal 0 0 1
    outer loop
      vertex 23.94019602239132 10.656078442931175 0.901
      vertex 25.495752692222595 10.654466092586517 0.901
      vertex 25.495752692222595 15.158581331372261 0.901
    endloop
  endfacet
  facet normal 0 0 1
    outer loop
      vertex 23.94019602239132 10.656078442931175 0.901
      vertex 25.495752692222595 15.158581331372261 0.901
      vertex 23.94019602239132 15.158581331372261 0.901
    endloop
  endfacet
  facet normal 0 0 1
    outer loop
      vertex 28.273914597928524 10.654466092586517 0.901
      vertex 29.829544559121132 10.656078442931175 0.901
      vertex 28.273914597928524 15.158581331372261 0.901
    endloop
  endfacet
  facet normal 0 1 0
    outer loop
      vertex 20.957777976989746 7.832037687301636 0.901
      vertex 20.957777976989746 7.832037687301636 1.5
      vertex 22.478595711290836 7.832037687301636 0.901
    endloop
  endfacet
  facet normal 1 0 0
    outer loop
      vertex 20.957777976989746 7.832037687301636 0.901
      vertex 20.957777976989746 11.101308442652225 0.901
      vertex 20.957777976989746 11.101308442652225 1.5
    endloop
  endfacet
  facet normal 0.906890107978858 0.42136721757879453 0
    outer loop
      vertex 24.172375224530697 9.118207849562168 0.901
      vertex 24.172375224530697 9.118207849562168 1.5
      vertex 24.3029760196805 8.83712150901556 0.901
    endloop
  endfacet
  facet normal 0.9806853966913297 0.19559180125038303 0
    outer loop
      vertex 24.070796824991703 9.440646715462208 0.901
      vertex 23.99824082106352 9.80443810671568 0.901
      vertex 23.99824082106352 9.80443810671568 1.5
    endloop
  endfacet
  facet normal 0.9537900356579001 0.3004739054888155 0
    outer loop
      vertex 24.172375224530697 9.118207849562168 0.901
      vertex 24.070796824991703 9.440646715462208 0.901
      vertex 24.070796824991703 9.440646715462208 1.5
    endloop
  endfacet
  facet normal -1 0 0
    outer loop
      vertex 22.478595711290836 7.832037687301636 0.901
      vertex 22.478595711290836 7.832037687301636 1.5
      vertex 22.478595711290836 15.158581331372261 0.901
    endloop
  endfacet
  facet normal 0.9942765281594592 0.10683719179748323 0
    outer loop
      vertex 23.99824082106352 9.80443810671568 0.901
      vertex 23.954707220196724 10.209582015872002 0.901
      vertex 23.954707220196724 10.209582015872002 1.5
    endloop
  endfacet
  facet normal 0.9994722883603554 0.032482992468594665 0
    outer loop
      vertex 23.954707220196724 10.209582015872002 0.901
      vertex 23.94019602239132 10.656078442931175 0.901
      vertex 23.94019602239132 10.656078442931175 1.5
    endloop
  endfacet
  facet normal 0 -1 0
    outer loop
      vertex 18.09511397778988 12.363049954175949 0.901
      vertex 20.957777976989746 12.363049954175949 0.901
      vertex 20.957777976989746 12.363049954175949 1.5
    endloop
  endfacet
  facet normal 1 0 0
    outer loop
      vertex 20.957777976989746 12.363049954175949 0.901
      vertex 20.957777976989746 15.158581331372261 0.901
      vertex 20.957777976989746 15.158581331372261 1.5
    endloop
  endfacet
  facet normal 0 -1 0
    outer loop
      vertex 20.957777976989746 15.158581331372261 0.901
      vertex 22.478595711290836 15.158581331372261 0.901
      vertex 22.478595711290836 15.158581331372261 1.5
    endloop
  endfacet
  facet normal 1 0 0
    outer loop
      vertex 23.94019602239132 10.656078442931175 0.901
      vertex 23.94019602239132 15.158581331372261 0.901
      vertex 23.94019602239132 15.158581331372261 1.5
    endloop
  endfacet
  facet normal 0.8006777875846319 0.5990952181987258 0
    outer loop
      vertex 24.62424812465906 8.40774829685688 0.901
      vertex 24.3029760196805 8.83712150901556 0.901
      vertex 24.3029760196805 8.83712150901556 1.5
    endloop
  endfacet
  facet normal 0.6232114983901381 0.7820533410671672 0
    outer loop
      vertex 25.043322786688805 8.073791347444057 0.901
      vertex 24.62424812465906 8.40774829685688 0.901
      vertex 24.62424812465906 8.40774829685688 1.5
    endloop
  endfacet
  facet normal 0.4190320455616352 0.9079714449212771 0
    outer loop
      vertex 25.043322786688805 8.073791347444057 0.901
      vertex 25.043322786688805 8.073791347444057 1.5
      vertex 25.56020000576973 7.835250675678253 0.901
    endloop
  endfacet
  facet normal 0.22677748081794022 0.9739465971981568 0
    outer loop
      vertex 25.56020000576973 7.835250675678253 0.901
      vertex 25.56020000576973 7.835250675678253 1.5
      vertex 26.174879781901836 7.692126266658306 0.901
    endloop
  endfacet
  facet normal -0.4531516243003991 -0.8914334553930036 0
    outer loop
      vertex 26.00228151679039 9.156218402087688 0.901
      vertex 26.244809105992317 9.032931834459305 0.901
      vertex 26.244809105992317 9.032931834459305 1.5
    endloop
  endfacet
  facet normal -0.8499196950036692 -0.5269122432102618 0
    outer loop
      vertex 25.81222876906395 9.32881959527731 0.901
      vertex 25.81222876906395 9.32881959527731 1.5
      vertex 25.674650870263577 9.550735421478748 0.901
    endloop
  endfacet
  facet normal -0.9239155907931756 -0.3825963683691956 0
    outer loop
      vertex 25.674650870263577 9.550735421478748 0.901
      vertex 25.674650870263577 9.550735421478748 1.5
      vertex 25.610247522592545 9.706260308623314 0.901
    endloop
  endfacet
  facet normal -0.6723015652640137 -0.7402773840551642 0
    outer loop
      vertex 26.00228151679039 9.156218402087688 0.901
      vertex 26.00228151679039 9.156218402087688 1.5
      vertex 25.81222876906395 9.32881959527731 0.901
    endloop
  endfacet
  facet normal -0.24322049977293148 -0.9699710245621801 0
    outer loop
      vertex 26.244809105992317 9.032931834459305 0.901
      vertex 26.53981154412031 8.958959892392159 0.901
      vertex 26.53981154412031 8.958959892392159 1.5
    endloop
  endfacet
  facet normal -0.07078295764344181 -0.9974917407714444 0
    outer loop
      vertex 26.53981154412031 8.958959892392159 0.901
      vertex 26.887288823723793 8.93430257588625 0.901
      vertex 26.887288823723793 8.93430257588625 1.5
    endloop
  endfacet
  facet normal -0.966334582548713 -0.25728869887813693 0
    outer loop
      vertex 25.560156032443047 9.89439581334591 0.901
      vertex 25.610247522592545 9.706260308623314 0.901
      vertex 25.610247522592545 9.706260308623314 1.5
    endloop
  endfacet
  facet normal -0.9871175136084973 -0.15999691974340716 0
    outer loop
      vertex 25.560156032443047 9.89439581334591 0.901
      vertex 25.560156032443047 9.89439581334591 1.5
      vertex 25.524376399815083 10.115141950547695 0.901
    endloop
  endfacet
  facet normal -0.9964293402286762 -0.0844308588813634 0
    outer loop
      vertex 25.524376399815083 10.115141950547695 0.901
      vertex 25.524376399815083 10.115141950547695 1.5
      vertex 25.502908617258072 10.36849870532751 0.901
    endloop
  endfacet
  facet normal -0.9996870574241448 -0.025015739418510045 0
    outer loop
      vertex 25.502908617258072 10.36849870532751 0.901
      vertex 25.502908617258072 10.36849870532751 1.5
      vertex 25.495752692222595 10.654466092586517 0.901
    endloop
  endfacet
  facet normal 0.0711430680775035 -0.9974661216625453 0
    outer loop
      vertex 26.887288823723793 8.93430257588625 0.901
      vertex 27.232998371124268 8.958959892392159 0.901
      vertex 27.232998371124268 8.958959892392159 1.5
    endloop
  endfacet
  facet normal 0.24429155398118818 -0.9697018287357492 0
    outer loop
      vertex 27.232998371124268 8.958959892392159 0.901
      vertex 27.526625908911228 9.032931834459305 0.901
      vertex 27.526625908911228 9.032931834459305 1.5
    endloop
  endfacet
  facet normal 0.45461386874495957 -0.8906886270435592 0
    outer loop
      vertex 27.526625908911228 9.032931834459305 0.901
      vertex 27.768171429634094 9.156218402087688 0.901
      vertex 27.768171429634094 9.156218402087688 1.5
    endloop
  endfacet
  facet normal 0.6734449890677227 -0.7392373412508157 0
    outer loop
      vertex 27.768171429634094 9.156218402087688 0.901
      vertex 27.957634933292866 9.32881959527731 0.901
      vertex 27.957634933292866 9.32881959527731 1.5
    endloop
  endfacet
  facet normal -0.41969915871163654 0.9076632724621749 0
    outer loop
      vertex 28.213726833462715 7.835250675678253 0.901
      vertex 28.213726833462715 7.835250675678253 1.5
      vertex 28.729607321321964 8.073791347444057 0.901
    endloop
  endfacet
  facet normal -0.6244824376430839 0.7810388499142356 0
    outer loop
      vertex 28.729607321321964 8.073791347444057 0.901
      vertex 28.729607321321964 8.073791347444057 1.5
      vertex 29.14728656411171 8.40774829685688 0.901
    endloop
  endfacet
  facet normal 0.8502565339285951 -0.526368527280775 0
    outer loop
      vertex 27.957634933292866 9.32881959527731 0.901
      vertex 28.095016419887543 9.550735421478748 0.901
      vertex 28.095016419887543 9.550735421478748 1.5
    endloop
  endfacet
  facet normal 0.9239155907931756 -0.3825963683691956 0
    outer loop
      vertex 28.095016419887543 9.550735421478748 0.901
      vertex 28.159419767558575 9.706260308623314 0.901
      vertex 28.159419767558575 9.706260308623314 1.5
    endloop
  endfacet
  facet normal 0.966334582548713 -0.25728869887813693 0
    outer loop
      vertex 28.159419767558575 9.706260308623314 0.901
      vertex 28.209511257708073 9.89439581334591 0.901
      vertex 28.209511257708073 9.89439581334591 1.5
    endloop
  endfacet
  facet normal 0.9871175136084973 -0.15999691974340716 0
    outer loop
      vertex 28.209511257708073 9.89439581334591 0.901
      vertex 28.245290890336037 10.115141950547695 0.901
      vertex 28.245290890336037 10.115141950547695 1.5
    endloop
  endfacet
  facet normal 0.9964293402286762 -0.0844308588813634 0
    outer loop
      vertex 28.245290890336037 10.115141950547695 0.901
      vertex 28.266758672893047 10.36849870532751 0.901
      vertex 28.266758672893047 10.36849870532751 1.5
    endloop
  endfacet
  facet normal 0.9996870574241448 -0.025015739418510045 0
    outer loop
      vertex 28.266758672893047 10.36849870532751 0.901
      vertex 28.273914597928524 10.654466092586517 0.901
      vertex 28.273914597928524 10.654466092586517 1.5
    endloop
  endfacet
  facet normal -1 0 0
    outer loop
      vertex 25.495752692222595 10.654466092586517 0.901
      vertex 25.495752692222595 10.654466092586517 1.5
      vertex 25.495752692222595 15.158581331372261 0.901
    endloop
  endfacet
  facet normal 0 -1 0
    outer loop
      vertex 23.94019602239132 15.158581331372261 0.901
      vertex 25.495752692222595 15.158581331372261 0.901
      vertex 25.495752692222595 15.158581331372261 1.5
    endloop
  endfacet
  facet normal 1 0 0
    outer loop
      vertex 28.273914597928524 10.654466092586517 0.901
      vertex 28.273914597928524 15.158581331372261 0.901
      vertex 28.273914597928524 15.158581331372261 1.5
    endloop
  endfacet
  facet normal 0 0 1
    outer loop
      vertex 28.245290890336037 10.115141950547695 0.901
      vertex 29.771499752998352 9.80443810671568 0.901
      vertex 29.815033353865147 10.209582015872002 0.901
    endloop
  endfacet
  facet normal 0 0 1
    outer loop
      vertex 28.266758672893047 10.36849870532751 0.901
      vertex 29.815033353865147 10.209582015872002 0.901
      vertex 29.829544559121132 10.656078442931175 0.901
    endloop
  endfacet
  facet normal 0 0 1
    outer loop
      vertex 31.266299933195114 7.832037687301636 0.901
      vertex 32.69264829158783 7.832037687301636 0.901
      vertex 32.69264829158783 13.036135114729404 0.901
    endloop
  endfacet
  facet normal 0 0 1
    outer loop
      vertex 29.829544559121132 10.656078442931175 0.901
      vertex 29.829544559121132 15.158581331372261 0.901
      vertex 28.273914597928524 15.158581331372261 0.901
    endloop
  endfacet
  facet normal 0 0 1
    outer loop
      vertex 31.266299933195114 7.832037687301636 0.901
      vertex 32.69264829158783 13.036135114729404 0.901
      vertex 31.266299933195114 15.158581331372261 0.901
    endloop
  endfacet
  facet normal 0 0 1
    outer loop
      vertex 32.69264829158783 13.036135114729404 0.901
      vertex 35.78888397663832 10.043896354734898 0.901
      vertex 32.87154646962881 15.158581331372261 0.901
    endloop
  endfacet
  facet normal 0 0 1
    outer loop
      vertex 31.266299933195114 15.158581331372261 0.901
      vertex 32.69264829158783 13.036135114729404 0.901
      vertex 32.87154646962881 15.158581331372261 0.901
    endloop
  endfacet
  facet normal 0 0 1
    outer loop
      vertex 35.68452060222626 7.832037687301636 0.901
      vertex 37.21523233503103 7.832037687301636 0.901
      vertex 35.78888397663832 10.043896354734898 0.901
    endloop
  endfacet
  facet normal 0 0 1
    outer loop
      vertex 32.69264829158783 13.036135114729404 0.901
      vertex 35.68452060222626 7.832037687301636 0.901
      vertex 35.78888397663832 10.043896354734898 0.901
    endloop
  endfacet
  facet normal 0 0 1
    outer loop
      vertex 35.78888397663832 10.043896354734898 0.901
      vertex 37.21523233503103 7.832037687301636 0.901
      vertex 37.21523233503103 15.158581331372261 0.901
    endloop
  endfacet
  facet normal 0 0 1
    outer loop
      vertex 35.78888397663832 10.043896354734898 0.901
      vertex 37.21523233503103 15.158581331372261 0.901
      vertex 35.78888397663832 15.158581331372261 0.901
    endloop
  endfacet
  facet normal -0.8022829418931139 0.5969439514287168 0
    outer loop
      vertex 29.14728656411171 8.40774829685688 0.901
      vertex 29.14728656411171 8.40774829685688 1.5
      vertex 29.46676455438137 8.83712150901556 0.901
    endloop
  endfacet
  facet normal -0.9068900987929848 0.42136723734914483 0
    outer loop
      vertex 29.46676455438137 8.83712150901556 0.901
      vertex 29.46676455438137 8.83712150901556 1.5
      vertex 29.597365356981754 9.118207849562168 0.901
    endloop
  endfacet
  facet normal -0.9537900356579001 0.3004739054888155 0
    outer loop
      vertex 29.597365356981754 9.118207849562168 0.901
      vertex 29.597365356981754 9.118207849562168 1.5
      vertex 29.698943756520748 9.440646715462208 0.901
    endloop
  endfacet
  facet normal -0.9806854005438749 0.19559178193395468 0
    outer loop
      vertex 29.698943756520748 9.440646715462208 0.901
      vertex 29.698943756520748 9.440646715462208 1.5
      vertex 29.771499752998352 9.80443810671568 0.901
    endloop
  endfacet
  facet normal -0.9942765281594592 0.10683719179748323 0
    outer loop
      vertex 29.771499752998352 9.80443810671568 0.901
      vertex 29.771499752998352 9.80443810671568 1.5
      vertex 29.815033353865147 10.209582015872002 0.901
    endloop
  endfacet
  facet normal -0.9994722878188911 0.0324830091289554 0
    outer loop
      vertex 29.815033353865147 10.209582015872002 0.901
      vertex 29.815033353865147 10.209582015872002 1.5
      vertex 29.829544559121132 10.656078442931175 0.901
    endloop
  endfacet
  facet normal 0 1 0
    outer loop
      vertex 31.266299933195114 7.832037687301636 0.901
      vertex 31.266299933195114 7.832037687301636 1.5
      vertex 32.69264829158783 7.832037687301636 0.901
    endloop
  endfacet
  facet normal -1 0 0
    outer loop
      vertex 32.69264829158783 7.832037687301636 0.901
      vertex 32.69264829158783 7.832037687301636 1.5
      vertex 32.69264829158783 13.036135114729404 0.901
    endloop
  endfacet
  facet normal 0.8669411219661477 0.4984105647396299 0
    outer loop
      vertex 32.69264829158783 13.036135114729404 0.901
      vertex 32.69264829158783 13.036135114729404 1.5
      vertex 35.68452060222626 7.832037687301636 0.901
    endloop
  endfacet
  facet normal -1 0 0
    outer loop
      vertex 29.829544559121132 10.656078442931175 0.901
      vertex 29.829544559121132 10.656078442931175 1.5
      vertex 29.829544559121132 15.158581331372261 0.901
    endloop
  endfacet
  facet normal 1 0 0
    outer loop
      vertex 31.266299933195114 7.832037687301636 0.901
      vertex 31.266299933195114 15.158581331372261 0.901
      vertex 31.266299933195114 15.158581331372261 1.5
    endloop
  endfacet
  facet normal 0 -1 0
    outer loop
      vertex 28.273914597928524 15.158581331372261 0.901
      vertex 29.829544559121132 15.158581331372261 0.901
      vertex 29.829544559121132 15.158581331372261 1.5
    endloop
  endfacet
  facet normal 0 -1 0
    outer loop
      vertex 31.266299933195114 15.158581331372261 0.901
      vertex 32.87154646962881 15.158581331372261 0.901
      vertex 32.87154646962881 15.158581331372261 1.5
    endloop
  endfacet
  facet normal 0 1 0
    outer loop
      vertex 35.68452060222626 7.832037687301636 0.901
      vertex 35.68452060222626 7.832037687301636 1.5
      vertex 37.21523233503103 7.832037687301636 0.901
    endloop
  endfacet
  facet normal -1 0 0
    outer loop
      vertex 37.21523233503103 7.832037687301636 0.901
      vertex 37.21523233503103 7.832037687301636 1.5
      vertex 37.21523233503103 15.158581331372261 0.901
    endloop
  endfacet
  facet normal -0.8686335095899275 -0.4954551705426895 0
    outer loop
      vertex 35.78888397663832 10.043896354734898 0.901
      vertex 35.78888397663832 10.043896354734898 1.5
      vertex 32.87154646962881 15.158581331372261 0.901
    endloop
  endfacet
  facet normal 1 0 0
    outer loop
      vertex 35.78888397663832 10.043896354734898 0.901
      vertex 35.78888397663832 15.158581331372261 0.901
      vertex 35.78888397663832 15.158581331372261 1.5
    endloop
  endfacet
  facet normal 1 0 0
    outer loop
      vertex 38.64209371060133 7.832037687301636 0.901
      vertex 38.64209371060133 15.149200357496738 0.901
      vertex 38.64209371060133 15.149200357496738 1.5
    endloop
  endfacet
  facet normal 0 -1 0
    outer loop
      vertex 35.78888397663832 15.158581331372261 0.901
      vertex 37.21523233503103 15.158581331372261 0.901
      vertex 37.21523233503103 15.158581331372261 1.5
    endloop
  endfacet
  facet normal 0.22677748081794022 0.9739465971981568 0
    outer loop
      vertex 26.174879781901836 7.692126266658306 0.901
      vertex 25.56020000576973 7.835250675678253 1.5
      vertex 26.174879781901836 7.692126266658306 1.5
    endloop
  endfacet
  facet normal 0.06681082952680475 0.9977656603922287 0
    outer loop
      vertex 26.887362107634544 7.6444181352853775 0.901
      vertex 26.174879781901836 7.692126266658306 1.5
      vertex 26.887362107634544 7.6444181352853775 1.5
    endloop
  endfacet
  facet normal -0.06682944378176328 0.9977644137990792 0
    outer loop
      vertex 27.59964509308338 7.692126266658306 0.901
      vertex 26.887362107634544 7.6444181352853775 1.5
      vertex 27.59964509308338 7.692126266658306 1.5
    endloop
  endfacet
  facet normal 1 0 0
    outer loop
      vertex 20.957777976989746 7.832037687301636 0.901
      vertex 20.957777976989746 11.101308442652225 1.5
      vertex 20.957777976989746 7.832037687301636 1.5
    endloop
  endfacet
  facet normal 0 1 0
    outer loop
      vertex 20.957777976989746 11.101308442652225 0.901
      vertex 18.09511397778988 11.101308442652225 1.5
      vertex 20.957777976989746 11.101308442652225 1.5
    endloop
  endfacet
  facet normal 0 1 0
    outer loop
      vertex 22.478595711290836 7.832037687301636 0.901
      vertex 20.957777976989746 7.832037687301636 1.5
      vertex 22.478595711290836 7.832037687301636 1.5
    endloop
  endfacet
  facet normal 0.906890107978858 0.42136721757879453 0
    outer loop
      vertex 24.3029760196805 8.83712150901556 0.901
      vertex 24.172375224530697 9.118207849562168 1.5
      vertex 24.3029760196805 8.83712150901556 1.5
    endloop
  endfacet
  facet normal 0.9806853966913297 0.19559180125038303 0
    outer loop
      vertex 24.070796824991703 9.440646715462208 0.901
      vertex 23.99824082106352 9.80443810671568 1.5
      vertex 24.070796824991703 9.440646715462208 1.5
    endloop
  endfacet
  facet normal 0.9537900356579001 0.3004739054888155 0
    outer loop
      vertex 24.172375224530697 9.118207849562168 0.901
      vertex 24.070796824991703 9.440646715462208 1.5
      vertex 24.172375224530697 9.118207849562168 1.5
    endloop
  endfacet
  facet normal 0.9942765281594592 0.10683719179748323 0
    outer loop
      vertex 23.99824082106352 9.80443810671568 0.901
      vertex 23.954707220196724 10.209582015872002 1.5
      vertex 23.99824082106352 9.80443810671568 1.5
    endloop
  endfacet
  facet normal 0.9994722883603554 0.032482992468594665 0
    outer loop
      vertex 23.954707220196724 10.209582015872002 0.901
      vertex 23.94019602239132 10.656078442931175 1.5
      vertex 23.954707220196724 10.209582015872002 1.5
    endloop
  endfacet
  facet normal 1 0 0
    outer loop
      vertex 20.957777976989746 12.363049954175949 0.901
      vertex 20.957777976989746 15.158581331372261 1.5
      vertex 20.957777976989746 12.363049954175949 1.5
    endloop
  endfacet
  facet normal 0 -1 0
    outer loop
      vertex 20.957777976989746 15.158581331372261 0.901
      vertex 22.478595711290836 15.158581331372261 1.5
      vertex 20.957777976989746 15.158581331372261 1.5
    endloop
  endfacet
  facet normal -1 0 0
    outer loop
      vertex 22.478595711290836 15.158581331372261 0.901
      vertex 22.478595711290836 7.832037687301636 1.5
      vertex 22.478595711290836 15.158581331372261 1.5
    endloop
  endfacet
  facet normal 1 0 0
    outer loop
      vertex 23.94019602239132 10.656078442931175 0.901
      vertex 23.94019602239132 15.158581331372261 1.5
      vertex 23.94019602239132 10.656078442931175 1.5
    endloop
  endfacet
  facet normal 0.6232114983901381 0.7820533410671672 0
    outer loop
      vertex 25.043322786688805 8.073791347444057 0.901
      vertex 24.62424812465906 8.40774829685688 1.5
      vertex 25.043322786688805 8.073791347444057 1.5
    endloop
  endfacet
  facet normal 0.8006777875846319 0.5990952181987258 0
    outer loop
      vertex 24.62424812465906 8.40774829685688 0.901
      vertex 24.3029760196805 8.83712150901556 1.5
      vertex 24.62424812465906 8.40774829685688 1.5
    endloop
  endfacet
  facet normal 0.4190320455616352 0.9079714449212771 0
    outer loop
      vertex 25.56020000576973 7.835250675678253 0.901
      vertex 25.043322786688805 8.073791347444057 1.5
      vertex 25.56020000576973 7.835250675678253 1.5
    endloop
  endfacet
  facet normal -0.4531516243003991 -0.8914334553930036 0
    outer loop
      vertex 26.00228151679039 9.156218402087688 0.901
      vertex 26.244809105992317 9.032931834459305 1.5
      vertex 26.00228151679039 9.156218402087688 1.5
    endloop
  endfacet
  facet normal -0.6723015652640137 -0.7402773840551642 0
    outer loop
      vertex 25.81222876906395 9.32881959527731 0.901
      vertex 26.00228151679039 9.156218402087688 1.5
      vertex 25.81222876906395 9.32881959527731 1.5
    endloop
  endfacet
  facet normal -0.8499196950036692 -0.5269122432102618 0
    outer loop
      vertex 25.674650870263577 9.550735421478748 0.901
      vertex 25.81222876906395 9.32881959527731 1.5
      vertex 25.674650870263577 9.550735421478748 1.5
    endloop
  endfacet
  facet normal -0.9239155907931756 -0.3825963683691956 0
    outer loop
      vertex 25.610247522592545 9.706260308623314 0.901
      vertex 25.674650870263577 9.550735421478748 1.5
      vertex 25.610247522592545 9.706260308623314 1.5
    endloop
  endfacet
  facet normal -0.24322049977293148 -0.9699710245621801 0
    outer loop
      vertex 26.244809105992317 9.032931834459305 0.901
      vertex 26.53981154412031 8.958959892392159 1.5
      vertex 26.244809105992317 9.032931834459305 1.5
    endloop
  endfacet
  facet normal -0.07078295764344181 -0.9974917407714444 0
    outer loop
      vertex 26.53981154412031 8.958959892392159 0.901
      vertex 26.887288823723793 8.93430257588625 1.5
      vertex 26.53981154412031 8.958959892392159 1.5
    endloop
  endfacet
  facet normal -0.966334582548713 -0.25728869887813693 0
    outer loop
      vertex 25.560156032443047 9.89439581334591 0.901
      vertex 25.610247522592545 9.706260308623314 1.5
      vertex 25.560156032443047 9.89439581334591 1.5
    endloop
  endfacet
  facet normal -0.9871175136084973 -0.15999691974340716 0
    outer loop
      vertex 25.524376399815083 10.115141950547695 0.901
      vertex 25.560156032443047 9.89439581334591 1.5
      vertex 25.524376399815083 10.115141950547695 1.5
    endloop
  endfacet
  facet normal -0.9964293402286762 -0.0844308588813634 0
    outer loop
      vertex 25.502908617258072 10.36849870532751 0.901
      vertex 25.524376399815083 10.115141950547695 1.5
      vertex 25.502908617258072 10.36849870532751 1.5
    endloop
  endfacet
  facet normal -0.9996870574241448 -0.025015739418510045 0
    outer loop
      vertex 25.495752692222595 10.654466092586517 0.901
      vertex 25.502908617258072 10.36849870532751 1.5
      vertex 25.495752692222595 10.654466092586517 1.5
    endloop
  endfacet
  facet normal -0.22698695887846684 0.9738977977688958 0
    outer loop
      vertex 28.213726833462715 7.835250675678253 0.901
      vertex 27.59964509308338 7.692126266658306 1.5
      vertex 28.213726833462715 7.835250675678253 1.5
    endloop
  endfacet
  facet normal 0.0711430680775035 -0.9974661216625453 0
    outer loop
      vertex 26.887288823723793 8.93430257588625 0.901
      vertex 27.232998371124268 8.958959892392159 1.5
      vertex 26.887288823723793 8.93430257588625 1.5
    endloop
  endfacet
  facet normal 0.24429155398118818 -0.9697018287357492 0
    outer loop
      vertex 27.232998371124268 8.958959892392159 0.901
      vertex 27.526625908911228 9.032931834459305 1.5
      vertex 27.232998371124268 8.958959892392159 1.5
    endloop
  endfacet
  facet normal 0.45461386874495957 -0.8906886270435592 0
    outer loop
      vertex 27.526625908911228 9.032931834459305 0.901
      vertex 27.768171429634094 9.156218402087688 1.5
      vertex 27.526625908911228 9.032931834459305 1.5
    endloop
  endfacet
  facet normal 0.6734449890677227 -0.7392373412508157 0
    outer loop
      vertex 27.768171429634094 9.156218402087688 0.901
      vertex 27.957634933292866 9.32881959527731 1.5
      vertex 27.768171429634094 9.156218402087688 1.5
    endloop
  endfacet
  facet normal 0.8502565339285951 -0.526368527280775 0
    outer loop
      vertex 27.957634933292866 9.32881959527731 0.901
      vertex 28.095016419887543 9.550735421478748 1.5
      vertex 27.957634933292866 9.32881959527731 1.5
    endloop
  endfacet
  facet normal -0.41969915871163654 0.9076632724621749 0
    outer loop
      vertex 28.729607321321964 8.073791347444057 0.901
      vertex 28.213726833462715 7.835250675678253 1.5
      vertex 28.729607321321964 8.073791347444057 1.5
    endloop
  endfacet
  facet normal -0.6244824376430839 0.7810388499142356 0
    outer loop
      vertex 29.14728656411171 8.40774829685688 0.901
      vertex 28.729607321321964 8.073791347444057 1.5
      vertex 29.14728656411171 8.40774829685688 1.5
    endloop
  endfacet
  facet normal 0.9239155907931756 -0.3825963683691956 0
    outer loop
      vertex 28.095016419887543 9.550735421478748 0.901
      vertex 28.159419767558575 9.706260308623314 1.5
      vertex 28.095016419887543 9.550735421478748 1.5
    endloop
  endfacet
  facet normal 0.966334582548713 -0.25728869887813693 0
    outer loop
      vertex 28.159419767558575 9.706260308623314 0.901
      vertex 28.209511257708073 9.89439581334591 1.5
      vertex 28.159419767558575 9.706260308623314 1.5
    endloop
  endfacet
  facet normal 0.9871175136084973 -0.15999691974340716 0
    outer loop
      vertex 28.209511257708073 9.89439581334591 0.901
      vertex 28.245290890336037 10.115141950547695 1.5
      vertex 28.209511257708073 9.89439581334591 1.5
    endloop
  endfacet
  facet normal 0.9964293402286762 -0.0844308588813634 0
    outer loop
      vertex 28.245290890336037 10.115141950547695 0.901
      vertex 28.266758672893047 10.36849870532751 1.5
      vertex 28.245290890336037 10.115141950547695 1.5
    endloop
  endfacet
  facet normal 0.9996870574241448 -0.025015739418510045 0
    outer loop
      vertex 28.266758672893047 10.36849870532751 0.901
      vertex 28.273914597928524 10.654466092586517 1.5
      vertex 28.266758672893047 10.36849870532751 1.5
    endloop
  endfacet
  facet normal -1 0 0
    outer loop
      vertex 25.495752692222595 15.158581331372261 0.901
      vertex 25.495752692222595 10.654466092586517 1.5
      vertex 25.495752692222595 15.158581331372261 1.5
    endloop
  endfacet
  facet normal 0 -1 0
    outer loop
      vertex 23.94019602239132 15.158581331372261 0.901
      vertex 25.495752692222595 15.158581331372261 1.5
      vertex 23.94019602239132 15.158581331372261 1.5
    endloop
  endfacet
  facet normal 1 0 0
    outer loop
      vertex 28.273914597928524 10.654466092586517 0.901
      vertex 28.273914597928524 15.158581331372261 1.5
      vertex 28.273914597928524 10.654466092586517 1.5
    endloop
  endfacet
  facet normal 0 -1 0
    outer loop
      vertex 28.273914597928524 15.158581331372261 0.901
      vertex 29.829544559121132 15.158581331372261 1.5
      vertex 28.273914597928524 15.158581331372261 1.5
    endloop
  endfacet
  facet normal -0.8022829418931139 0.5969439514287168 0
    outer loop
      vertex 29.46676455438137 8.83712150901556 0.901
      vertex 29.14728656411171 8.40774829685688 1.5
      vertex 29.46676455438137 8.83712150901556 1.5
    endloop
  endfacet
  facet normal -0.9068900987929848 0.42136723734914483 0
    outer loop
      vertex 29.597365356981754 9.118207849562168 0.901
      vertex 29.46676455438137 8.83712150901556 1.5
      vertex 29.597365356981754 9.118207849562168 1.5
    endloop
  endfacet
  facet normal -0.9537900356579001 0.3004739054888155 0
    outer loop
      vertex 29.698943756520748 9.440646715462208 0.901
      vertex 29.597365356981754 9.118207849562168 1.5
      vertex 29.698943756520748 9.440646715462208 1.5
    endloop
  endfacet
  facet normal -0.9806854005438749 0.19559178193395468 0
    outer loop
      vertex 29.771499752998352 9.80443810671568 0.901
      vertex 29.698943756520748 9.440646715462208 1.5
      vertex 29.771499752998352 9.80443810671568 1.5
    endloop
  endfacet
  facet normal -0.9942765281594592 0.10683719179748323 0
    outer loop
      vertex 29.815033353865147 10.209582015872002 0.901
      vertex 29.771499752998352 9.80443810671568 1.5
      vertex 29.815033353865147 10.209582015872002 1.5
    endloop
  endfacet
  facet normal -0.9994722878188911 0.0324830091289554 0
    outer loop
      vertex 29.829544559121132 10.656078442931175 0.901
      vertex 29.815033353865147 10.209582015872002 1.5
      vertex 29.829544559121132 10.656078442931175 1.5
    endloop
  endfacet
  facet normal 1 0 0
    outer loop
      vertex 31.266299933195114 7.832037687301636 0.901
      vertex 31.266299933195114 15.158581331372261 1.5
      vertex 31.266299933195114 7.832037687301636 1.5
    endloop
  endfacet
  facet normal 0 1 0
    outer loop
      vertex 32.69264829158783 7.832037687301636 0.901
      vertex 31.266299933195114 7.832037687301636 1.5
      vertex 32.69264829158783 7.832037687301636 1.5
    endloop
  endfacet
  facet normal -1 0 0
    outer loop
      vertex 32.69264829158783 13.036135114729404 0.901
      vertex 32.69264829158783 7.832037687301636 1.5
      vertex 32.69264829158783 13.036135114729404 1.5
    endloop
  endfacet
  facet normal -1 0 0
    outer loop
      vertex 29.829544559121132 15.158581331372261 0.901
      vertex 29.829544559121132 10.656078442931175 1.5
      vertex 29.829544559121132 15.158581331372261 1.5
    endloop
  endfacet
  facet normal -0.8686335095899275 -0.4954551705426895 0
    outer loop
      vertex 32.87154646962881 15.158581331372261 0.901
      vertex 35.78888397663832 10.043896354734898 1.5
      vertex 32.87154646962881 15.158581331372261 1.5
    endloop
  endfacet
  facet normal 0 -1 0
    outer loop
      vertex 31.266299933195114 15.158581331372261 0.901
      vertex 32.87154646962881 15.158581331372261 1.5
      vertex 31.266299933195114 15.158581331372261 1.5
    endloop
  endfacet
  facet normal 0.8669411219661477 0.4984105647396299 0
    outer loop
      vertex 35.68452060222626 7.832037687301636 0.901
      vertex 32.69264829158783 13.036135114729404 1.5
      vertex 35.68452060222626 7.832037687301636 1.5
    endloop
  endfacet
  facet normal 0 1 0
    outer loop
      vertex 37.21523233503103 7.832037687301636 0.901
      vertex 35.68452060222626 7.832037687301636 1.5
      vertex 37.21523233503103 7.832037687301636 1.5
    endloop
  endfacet
  facet normal 1 0 0
    outer loop
      vertex 38.64209371060133 7.832037687301636 0.901
      vertex 38.64209371060133 15.149200357496738 1.5
      vertex 38.64209371060133 7.832037687301636 1.5
    endloop
  endfacet
  facet normal 1 0 0
    outer loop
      vertex 35.78888397663832 10.043896354734898 0.901
      vertex 35.78888397663832 15.158581331372261 1.5
      vertex 35.78888397663832 10.043896354734898 1.5
    endloop
  endfacet
  facet normal 0 -1 0
    outer loop
      vertex 35.78888397663832 15.158581331372261 0.901
      vertex 37.21523233503103 15.158581331372261 1.5
      vertex 35.78888397663832 15.158581331372261 1.5
    endloop
  endfacet
  facet normal -1 0 0
    outer loop
      vertex 37.21523233503103 15.158581331372261 0.901
      vertex 37.21523233503103 7.832037687301636 1.5
      vertex 37.21523233503103 15.158581331372261 1.5
    endloop
  endfacet
  facet normal -0.8816007833927043 0.47199582489824005 0
    outer loop
      vertex 20.990987449884415 24.9375 0.901
      vertex 20.990987449884415 24.9375 1.5
      vertex 25.024198420345783 32.47079110890627 0.901
    endloop
  endfacet
  facet normal 0.636262966584883 0.7714722531320254 0
    outer loop
      vertex 28.038744047284126 28.653505563735962 0.901
      vertex 28.038744047284126 28.653505563735962 1.5
      vertex 31.63126776367426 25.690612487494946 0.901
    endloop
  endfacet
  facet normal 0 0 1
    outer loop
      vertex 31.63126776367426 25.690612487494946 0.901
      vertex 35.529383175075054 23.866071946918964 0.901
      vertex 47.725306794047356 40.08795150369406 0.901
    endloop
  endfacet
  facet normal 0.42391928899656967 0.9056999704188153 0
    outer loop
      vertex 31.63126776367426 25.690612487494946 0.901
      vertex 31.63126776367426 25.690612487494946 1.5
      vertex 35.529383175075054 23.866071946918964 0.901
    endloop
  endfacet
  facet normal 0.15024497150657415 0.98864879939086 0
    outer loop
      vertex 35.529383175075054 23.866071946918964 0.901
      vertex 35.529383175075054 23.866071946918964 1.5
      vertex 39.43032684922218 23.273245483636856 0.901
    endloop
  endfacet
  facet normal -0.8816007833927043 0.47199582489824005 0
    outer loop
      vertex 25.024198420345783 32.47079110890627 0.901
      vertex 20.990987449884415 24.9375 1.5
      vertex 25.024198420345783 32.47079110890627 1.5
    endloop
  endfacet
  facet normal 0.7847928537218704 0.6197581598874542 0
    outer loop
      vertex 28.038744047284126 28.653505563735962 0.901
      vertex 25.024198420345783 32.47079110890627 1.5
      vertex 28.038744047284126 28.653505563735962 1.5
    endloop
  endfacet
  facet normal 0.636262966584883 0.7714722531320254 0
    outer loop
      vertex 31.63126776367426 25.690612487494946 0.901
      vertex 28.038744047284126 28.653505563735962 1.5
      vertex 31.63126776367426 25.690612487494946 1.5
    endloop
  endfacet
  facet normal 0.42391928899656967 0.9056999704188153 0
    outer loop
      vertex 35.529383175075054 23.866071946918964 0.901
      vertex 31.63126776367426 25.690612487494946 1.5
      vertex 35.529383175075054 23.866071946918964 1.5
    endloop
  endfacet
  facet normal 0.15024497150657415 0.98864879939086 0
    outer loop
      vertex 39.43032684922218 23.273245483636856 0.901
      vertex 35.529383175075054 23.866071946918964 1.5
      vertex 39.43032684922218 23.273245483636856 1.5
    endloop
  endfacet
  facet normal 0 0 1
    outer loop
      vertex 20.990987449884415 24.9375 0.901
      vertex 25.024198420345783 32.47079110890627 0.901
      vertex 25.024198420345783 43.27920889854431 0.901
    endloop
  endfacet
  facet normal 0.7847928537218704 0.6197581598874542 1.3336806302181255e-16
    outer loop
      vertex 28.038744047284126 28.653505563735962 0.901
      vertex 25.024198420345783 32.47079110890627 0.901
      vertex 25.024198420345783 32.47079110890627 1.5
    endloop
  endfacet
  facet normal 0 0 1
    outer loop
      vertex 20.990987449884415 24.9375 0.901
      vertex 25.024198420345783 43.27920889854431 0.901
      vertex 20.990987449884415 50.81250000745058 0.901
    endloop
  endfacet
  facet normal 1 0 0
    outer loop
      vertex 20.990987449884415 24.9375 0.901
      vertex 20.990987449884415 50.81250000745058 0.901
      vertex 20.990987449884415 50.81250000745058 1.5
    endloop
  endfacet
  facet normal -0.8816007833927043 -0.47199582489824005 3.253582951255915e-17
    outer loop
      vertex 20.990987449884415 50.81250000745058 0.901
      vertex 25.024198420345783 43.27920889854431 0.901
      vertex 25.024198420345783 43.27920889854431 1.5
    endloop
  endfacet
  facet normal 0.7847928537218704 -0.6197581598874542 -1.3336806302181255e-16
    outer loop
      vertex 25.024198420345783 43.27920889854431 0.901
      vertex 28.038744047284126 47.09649444371462 0.901
      vertex 28.038744047284126 47.09649444371462 1.5
    endloop
  endfacet
  facet normal 0 0 1
    outer loop
      vertex 28.038744047284126 28.653505563735962 0.901
      vertex 47.46461858600378 40.578077524900436 0.901
      vertex 25.024198420345783 32.47079110890627 0.901
    endloop
  endfacet
  facet normal 0 0 1
    outer loop
      vertex 28.038744047284126 28.653505563735962 0.901
      vertex 31.63126776367426 25.690612487494946 0.901
      vertex 47.725306794047356 40.08795150369406 0.901
    endloop
  endfacet
  facet normal 0 0 1
    outer loop
      vertex 25.024198420345783 32.47079110890627 0.901
      vertex 47.27090976387262 43.612741738557816 0.901
      vertex 25.024198420345783 43.27920889854431 0.901
    endloop
  endfacet
  facet normal 0 0 1
    outer loop
      vertex 25.024198420345783 43.27920889854431 0.901
      vertex 47.27090976387262 43.612741738557816 0.901
      vertex 28.038744047284126 47.09649444371462 0.901
    endloop
  endfacet
  facet normal 1 0 0
    outer loop
      vertex 20.990987449884415 24.9375 0.901
      vertex 20.990987449884415 50.81250000745058 1.5
      vertex 20.990987449884415 24.9375 1.5
    endloop
  endfacet
  facet normal 0.7847928537218704 -0.6197581598874542 0
    outer loop
      vertex 25.024198420345783 43.27920889854431 0.901
      vertex 28.038744047284126 47.09649444371462 1.5
      vertex 25.024198420345783 43.27920889854431 1.5
    endloop
  endfacet
  facet normal 0 0 1
    outer loop
      vertex 28.038744047284126 47.09649444371462 0.901
      vertex 47.27090976387262 43.612741738557816 0.901
      vertex 31.63126776367426 50.059387519955635 0.901
    endloop
  endfacet
  facet normal 0 0 1
    outer loop
      vertex 31.63126776367426 50.059387519955635 0.901
      vertex 47.27090976387262 43.612741738557816 0.901
      vertex 35.529383175075054 51.883928060531616 0.901
    endloop
  endfacet
  facet normal 0 0 1
    outer loop
      vertex 35.620882511138916 51.897833198308945 0.901
      vertex 39.1529031842947 52.43459443002939 0.901
      vertex 37.76051330566406 57 0.901
    endloop
  endfacet
  facet normal 0.636262966584883 -0.7714722531320254 2.1891058616046065e-16
    outer loop
      vertex 28.038744047284126 47.09649444371462 0.901
      vertex 31.63126776367426 50.059387519955635 0.901
      vertex 31.63126776367426 50.059387519955635 1.5
    endloop
  endfacet
  facet normal 0.42391928899656967 -0.9056999704188153 -8.612774239704424e-17
    outer loop
      vertex 31.63126776367426 50.059387519955635 0.901
      vertex 35.529383175075054 51.883928060531616 0.901
      vertex 35.529383175075054 51.883928060531616 1.5
    endloop
  endfacet
  facet normal 0.15024478594518745 -0.9886488275906086 0
    outer loop
      vertex 35.529383175075054 51.883928060531616 0.901
      vertex 35.620882511138916 51.897833198308945 0.901
      vertex 35.620882511138916 51.897833198308945 1.5
    endloop
  endfacet
  facet normal 0.922193578755533 -0.3867285912653248 0
    outer loop
      vertex 35.620882511138916 51.897833198308945 0.901
      vertex 37.76051330566406 57 0.901
      vertex 37.76051330566406 57 1.5
    endloop
  endfacet
  facet normal -0.9565033901369507 -0.29172121050160216 0
    outer loop
      vertex 37.76051330566406 57 0.901
      vertex 39.1529031842947 52.43459443002939 0.901
      vertex 37.76051330566406 57 1.5
    endloop
  endfacet
  facet normal -0.8816007833927043 -0.47199582489824005 0
    outer loop
      vertex 20.990987449884415 50.81250000745058 0.901
      vertex 25.024198420345783 43.27920889854431 1.5
      vertex 20.990987449884415 50.81250000745058 1.5
    endloop
  endfacet
  facet normal 0.636262966584883 -0.7714722531320254 0
    outer loop
      vertex 28.038744047284126 47.09649444371462 0.901
      vertex 31.63126776367426 50.059387519955635 1.5
      vertex 28.038744047284126 47.09649444371462 1.5
    endloop
  endfacet
  facet normal 0.42391928899656967 -0.9056999704188153 0
    outer loop
      vertex 31.63126776367426 50.059387519955635 0.901
      vertex 35.529383175075054 51.883928060531616 1.5
      vertex 31.63126776367426 50.059387519955635 1.5
    endloop
  endfacet
  facet normal 0.15024478594518745 -0.9886488275906086 0
    outer loop
      vertex 35.529383175075054 51.883928060531616 0.901
      vertex 35.620882511138916 51.897833198308945 1.5
      vertex 35.529383175075054 51.883928060531616 1.5
    endloop
  endfacet
  facet normal 0.922193578755533 -0.3867285912653248 0
    outer loop
      vertex 35.620882511138916 51.897833198308945 0.901
      vertex 37.76051330566406 57 1.5
      vertex 35.620882511138916 51.897833198308945 1.5
    endloop
  endfacet
  facet normal -0.9565033901369507 -0.29172121050160216 0
    outer loop
      vertex 39.1529031842947 52.43459443002939 0.901
      vertex 39.1529031842947 52.43459443002939 1.5
      vertex 37.76051330566406 57 1.5
    endloop
  endfacet
  facet normal 0 0 1
    outer loop
      vertex 38.64209371060133 7.832037687301636 0.901
      vertex 40.16283815354109 7.832037687301636 0.901
      vertex 40.16283815354109 10.904307909309864 0.901
    endloop
  endfacet
  facet normal 0 0 1
    outer loop
      vertex 38.64209371060133 7.832037687301636 0.901
      vertex 40.16283815354109 10.904307909309864 0.901
      vertex 40.16283815354109 12.17543040215969 0.901
    endloop
  endfacet
  facet normal 0 0 1
    outer loop
      vertex 40.16283815354109 10.904307909309864 0.901
      vertex 43.37838815897703 10.904307909309864 0.901
      vertex 43.37838815897703 12.17543040215969 0.901
    endloop
  endfacet
  facet normal 0 0 1
    outer loop
      vertex 38.64209371060133 7.832037687301636 0.901
      vertex 40.16283815354109 12.17543040215969 0.901
      vertex 38.64209371060133 15.149200357496738 0.901
    endloop
  endfacet
  facet normal 0 0 1
    outer loop
      vertex 40.16283815354109 10.904307909309864 0.901
      vertex 43.37838815897703 12.17543040215969 0.901
      vertex 40.16283815354109 12.17543040215969 0.901
    endloop
  endfacet
  facet normal 0 0 1
    outer loop
      vertex 38.64209371060133 15.149200357496738 0.901
      vertex 40.16283815354109 12.17543040215969 0.901
      vertex 40.16283815354109 13.864006400108337 0.901
    endloop
  endfacet
  facet normal 0 0 1
    outer loop
      vertex 38.64209371060133 15.149200357496738 0.901
      vertex 40.16283815354109 13.864006400108337 0.901
      vertex 43.83563753217459 15.149200357496738 0.901
    endloop
  endfacet
  facet normal 0 0 1
    outer loop
      vertex 40.16283815354109 13.864006400108337 0.901
      vertex 43.83563753217459 13.864006400108337 0.901
      vertex 43.83563753217459 15.149200357496738 0.901
    endloop
  endfacet
  facet normal 0 0 1
    outer loop
      vertex 44.74053544551134 7.832037687301636 0.901
      vertex 46.26135317981243 7.832037687301636 0.901
      vertex 44.74053544551134 15.158581331372261 0.901
    endloop
  endfacet
  facet normal 0 0 1
    outer loop
      vertex 48.1550647765398 8.29808173328638 0.901
      vertex 48.50752863287926 8.062762834131718 0.901
      vertex 49.239930883049965 9.181538246572018 0.901
    endloop
  endfacet
  facet normal 0 0 1
    outer loop
      vertex 47.630245976150036 8.89932032674551 0.901
      vertex 48.92799285054207 9.583721287548542 0.901
      vertex 47.46624010056257 9.258670404553413 0.901
    endloop
  endfacet
  facet normal 0 0 1
    outer loop
      vertex 47.46624010056257 9.258670404553413 0.901
      vertex 48.82938704639673 9.904187209904194 0.901
      vertex 47.36783657222986 9.657174341380596 0.901
    endloop
  endfacet
  facet normal 0 0 1
    outer loop
      vertex 48.1550647765398 8.29808173328638 0.901
      vertex 49.069563530385494 9.344353914260864 0.901
      vertex 47.85985419899225 8.579124100506306 0.901
    endloop
  endfacet
  facet normal 0 0 1
    outer loop
      vertex 47.630245976150036 8.89932032674551 0.901
      vertex 47.85985419899225 8.579124100506306 0.901
      vertex 48.99340758472681 9.453900277614594 0.901
    endloop
  endfacet
  facet normal 0 0 1
    outer loop
      vertex 47.85985419899225 8.579124100506306 0.901
      vertex 49.069563530385494 9.344353914260864 0.901
      vertex 48.99340758472681 9.453900277614594 0.901
    endloop
  endfacet
  facet normal 0 0 1
    outer loop
      vertex 47.46624010056257 9.258670404553413 0.901
      vertex 48.92799285054207 9.583721287548542 0.901
      vertex 48.87331934273243 9.733816929161549 0.901
    endloop
  endfacet
  facet normal 0 0 1
    outer loop
      vertex 47.46624010056257 9.258670404553413 0.901
      vertex 48.87331934273243 9.733816929161549 0.901
      vertex 48.82938704639673 9.904187209904194 0.901
    endloop
  endfacet
  facet normal 0 0 1
    outer loop
      vertex 47.630245976150036 8.89932032674551 0.901
      vertex 48.99340758472681 9.453900277614594 0.901
      vertex 48.92799285054207 9.583721287548542 0.901
    endloop
  endfacet
  facet normal 0 0 1
    outer loop
      vertex 47.36783657222986 9.657174341380596 0.901
      vertex 48.79619597643614 10.094832129776478 0.901
      vertex 47.335035398602486 10.094832129776478 0.901
    endloop
  endfacet
  facet normal 0 0 1
    outer loop
      vertex 47.36783657222986 9.657174341380596 0.901
      vertex 48.82938704639673 9.904187209904194 0.901
      vertex 48.79619597643614 10.094832129776478 0.901
    endloop
  endfacet
  facet normal 0 0 1
    outer loop
      vertex 44.74053544551134 15.158581331372261 0.901
      vertex 46.26135317981243 7.832037687301636 0.901
      vertex 46.26135317981243 15.158581331372261 0.901
    endloop
  endfacet
  facet normal 0 0 1
    outer loop
      vertex 47.72093364596367 11.996769681572914 0.901
      vertex 48.926395155489445 12.91206581890583 0.901
      vertex 47.57283145934343 12.313700146973133 0.901
    endloop
  endfacet
  facet normal 0 0 1
    outer loop
      vertex 47.92827671021223 11.725536294281483 0.901
      vertex 48.19486064463854 11.5 0.901
      vertex 49.0933882817626 12.69344212859869 0.901
    endloop
  endfacet
  facet normal 0 0 1
    outer loop
      vertex 48.398017443716526 11.380594812333584 0.901
      vertex 49.0933882817626 12.69344212859869 0.901
      vertex 48.19486064463854 11.5 0.901
    endloop
  endfacet
  facet normal 0 0 1
    outer loop
      vertex 47.72093364596367 11.996769681572914 0.901
      vertex 47.92827671021223 11.725536294281483 0.901
      vertex 48.995975628495216 12.794803597033024 0.901
    endloop
  endfacet
  facet normal 0 0 1
    outer loop
      vertex 47.72093364596367 11.996769681572914 0.901
      vertex 48.995975628495216 12.794803597033024 0.901
      vertex 48.926395155489445 12.91206581890583 0.901
    endloop
  endfacet
  facet normal 0 0 1
    outer loop
      vertex 47.92827671021223 11.725536294281483 0.901
      vertex 49.0933882817626 12.69344212859869 0.901
      vertex 48.995975628495216 12.794803597033024 0.901
    endloop
  endfacet
  facet normal 0 0 1
    outer loop
      vertex 47.57283145934343 12.313700146973133 0.901
      vertex 48.884646870195866 13.04522879421711 0.901
      vertex 47.483970150351524 12.6763277053833 0.901
    endloop
  endfacet
  facet normal 0 0 1
    outer loop
      vertex 47.483970150351524 12.6763277053833 0.901
      vertex 48.884646870195866 13.04522879421711 0.901
      vertex 47.45434971153736 13.084652356803417 0.901
    endloop
  endfacet
  facet normal 0 0 1
    outer loop
      vertex 47.45434971153736 13.084652356803417 0.901
      vertex 48.87073078006506 13.194292530417442 0.901
      vertex 47.482976354658604 13.464754916727543 0.901
    endloop
  endfacet
  facet normal 0 0 1
    outer loop
      vertex 47.482976354658604 13.464754916727543 0.901
      vertex 48.88484621793032 13.35765053331852 0.901
      vertex 47.56885626912117 13.818233095109463 0.901
    endloop
  endfacet
  facet normal 0 0 1
    outer loop
      vertex 47.57283145934343 12.313700146973133 0.901
      vertex 48.926395155489445 12.91206581890583 0.901
      vertex 48.884646870195866 13.04522879421711 0.901
    endloop
  endfacet
  facet normal 0 0 1
    outer loop
      vertex 47.45434971153736 13.084652356803417 0.901
      vertex 48.884646870195866 13.04522879421711 0.901
      vertex 48.87073078006506 13.194292530417442 0.901
    endloop
  endfacet
  facet normal 0 0 1
    outer loop
      vertex 47.482976354658604 13.464754916727543 0.901
      vertex 48.87073078006506 13.194292530417442 0.901
      vertex 48.88484621793032 13.35765053331852 0.901
    endloop
  endfacet
  facet normal 0 0 1
    outer loop
      vertex 48.88484621793032 13.35765053331852 0.901
      vertex 48.92719253897667 13.505905166268349 0.901
      vertex 47.56885626912117 13.818233095109463 0.901
    endloop
  endfacet
  facet normal 0 0 1
    outer loop
      vertex 48.92719253897667 13.505905166268349 0.901
      vertex 47.71198946982622 14.145086877048016 0.901
      vertex 47.56885626912117 13.818233095109463 0.901
    endloop
  endfacet
  facet normal 0 0 1
    outer loop
      vertex 48.92719253897667 13.505905166268349 0.901
      vertex 48.997769735753536 13.639056414365768 0.901
      vertex 47.71198946982622 14.145086877048016 0.901
    endloop
  endfacet
  facet normal 0 0 1
    outer loop
      vertex 48.997769735753536 13.639056414365768 0.901
      vertex 49.0965778157115 13.75710429251194 0.901
      vertex 47.91237594932318 14.445316277444363 0.901
    endloop
  endfacet
  facet normal 0 0 1
    outer loop
      vertex 48.997769735753536 13.639056414365768 0.901
      vertex 47.91237594932318 14.445316277444363 0.901
      vertex 47.71198946982622 14.145086877048016 0.901
    endloop
  endfacet
  facet normal 0 0 1
    outer loop
      vertex 49.0965778157115 13.75710429251194 0.901
      vertex 48.17001570761204 14.718921288847923 0.901
      vertex 47.91237594932318 14.445316277444363 0.901
    endloop
  endfacet
  facet normal 0 0 1
    outer loop
      vertex 48.17001570761204 14.718921288847923 0.901
      vertex 49.223616778850555 13.860048800706863 0.901
      vertex 48.48311757296324 14.953184828162193 0.901
    endloop
  endfacet
  facet normal 0 1 0
    outer loop
      vertex 38.64209371060133 7.832037687301636 0.901
      vertex 38.64209371060133 7.832037687301636 1.5
      vertex 40.16283815354109 7.832037687301636 0.901
    endloop
  endfacet
  facet normal -1 0 0
    outer loop
      vertex 40.16283815354109 7.832037687301636 0.901
      vertex 40.16283815354109 7.832037687301636 1.5
      vertex 40.16283815354109 10.904307909309864 0.901
    endloop
  endfacet
  facet normal 0 1 0
    outer loop
      vertex 40.16283815354109 10.904307909309864 0.901
      vertex 40.16283815354109 10.904307909309864 1.5
      vertex 43.37838815897703 10.904307909309864 0.901
    endloop
  endfacet
  facet normal -1 0 0
    outer loop
      vertex 43.37838815897703 10.904307909309864 0.901
      vertex 43.37838815897703 10.904307909309864 1.5
      vertex 43.37838815897703 12.17543040215969 0.901
    endloop
  endfacet
  facet normal -1 0 0
    outer loop
      vertex 40.16283815354109 12.17543040215969 0.901
      vertex 40.16283815354109 12.17543040215969 1.5
      vertex 40.16283815354109 13.864006400108337 0.901
    endloop
  endfacet
  facet normal 0 1 0
    outer loop
      vertex 40.16283815354109 13.864006400108337 0.901
      vertex 40.16283815354109 13.864006400108337 1.5
      vertex 43.83563753217459 13.864006400108337 0.901
    endloop
  endfacet
  facet normal 0 -1 0
    outer loop
      vertex 40.16283815354109 12.17543040215969 0.901
      vertex 43.37838815897703 12.17543040215969 0.901
      vertex 43.37838815897703 12.17543040215969 1.5
    endloop
  endfacet
  facet normal 0 -1 0
    outer loop
      vertex 38.64209371060133 15.149200357496738 0.901
      vertex 43.83563753217459 15.149200357496738 0.901
      vertex 43.83563753217459 15.149200357496738 1.5
    endloop
  endfacet
  facet normal -1 0 0
    outer loop
      vertex 43.83563753217459 13.864006400108337 0.901
      vertex 43.83563753217459 13.864006400108337 1.5
      vertex 43.83563753217459 15.149200357496738 0.901
    endloop
  endfacet
  facet normal 0 1 0
    outer loop
      vertex 44.74053544551134 7.832037687301636 0.901
      vertex 44.74053544551134 7.832037687301636 1.5
      vertex 46.26135317981243 7.832037687301636 0.901
    endloop
  endfacet
  facet normal 0.9097312732703763 0.41519755591026775 0
    outer loop
      vertex 47.630245976150036 8.89932032674551 0.901
      vertex 47.46624010056257 9.258670404553413 0.901
      vertex 47.46624010056257 9.258670404553413 1.5
    endloop
  endfacet
  facet normal 0.9708391941958375 0.2397316395747063 0
    outer loop
      vertex 47.46624010056257 9.258670404553413 0.901
      vertex 47.36783657222986 9.657174341380596 0.901
      vertex 47.36783657222986 9.657174341380596 1.5
    endloop
  endfacet
  facet normal 0.6895129176902952 0.7242733850820533 0
    outer loop
      vertex 48.1550647765398 8.29808173328638 0.901
      vertex 47.85985419899225 8.579124100506306 0.901
      vertex 47.85985419899225 8.579124100506306 1.5
    endloop
  endfacet
  facet normal 0.5552603783360782 0.8316765670920849 0
    outer loop
      vertex 48.1550647765398 8.29808173328638 0.901
      vertex 48.1550647765398 8.29808173328638 1.5
      vertex 48.50752863287926 8.062762834131718 0.901
    endloop
  endfacet
  facet normal 0.41490316494720747 0.90986557453109 0
    outer loop
      vertex 48.50752863287926 8.062762834131718 0.901
      vertex 48.50752863287926 8.062762834131718 1.5
      vertex 48.90889669954777 7.87973702698946 0.901
    endloop
  endfacet
  facet normal 0.8126557563332873 0.5827440447558195 0
    outer loop
      vertex 47.630245976150036 8.89932032674551 0.901
      vertex 47.630245976150036 8.89932032674551 1.5
      vertex 47.85985419899225 8.579124100506306 0.901
    endloop
  endfacet
  facet normal 0.9972032442096331 0.07473747211260906 0
    outer loop
      vertex 47.36783657222986 9.657174341380596 0.901
      vertex 47.335035398602486 10.094832129776478 0.901
      vertex 47.335035398602486 10.094832129776478 1.5
    endloop
  endfacet
  facet normal 0 -1 0
    outer loop
      vertex 47.335035398602486 10.094832129776478 0.901
      vertex 48.79619597643614 10.094832129776478 0.901
      vertex 48.79619597643614 10.094832129776478 1.5
    endloop
  endfacet
  facet normal 0.5067085690489396 0.8621174085078992 0
    outer loop
      vertex 48.398017443716526 11.380594812333584 0.901
      vertex 48.19486064463854 11.5 0.901
      vertex 48.19486064463854 11.5 1.5
    endloop
  endfacet
  facet normal 0.40745553472438983 0.913225047412992 0
    outer loop
      vertex 48.398017443716526 11.380594812333584 0.901
      vertex 48.398017443716526 11.380594812333584 1.5
      vertex 48.65763600170612 11.264760255813599 0.901
    endloop
  endfacet
  facet normal 1 0 0
    outer loop
      vertex 44.74053544551134 7.832037687301636 0.901
      vertex 44.74053544551134 15.158581331372261 0.901
      vertex 44.74053544551134 15.158581331372261 1.5
    endloop
  endfacet
  facet normal -1 0 0
    outer loop
      vertex 46.26135317981243 7.832037687301636 0.901
      vertex 46.26135317981243 12.41570655462332 1.5
      vertex 46.26135317981243 15.158581331372261 0.901
    endloop
  endfacet
  facet normal 0 -1 0
    outer loop
      vertex 44.74053544551134 15.158581331372261 0.901
      vertex 46.26135317981243 15.158581331372261 0.901
      vertex 46.26135317981243 15.158581331372261 1.5
    endloop
  endfacet
  facet normal 0.9712635389176548 0.23800659228087176 0
    outer loop
      vertex 47.57283145934343 12.313700146973133 0.901
      vertex 47.483970150351524 12.6763277053833 0.901
      vertex 47.483970150351524 12.6763277053833 1.5
    endloop
  endfacet
  facet normal 0.9973792120997045 0.0723512769159794 0
    outer loop
      vertex 47.483970150351524 12.6763277053833 0.901
      vertex 47.45434971153736 13.084652356803417 0.901
      vertex 47.45434971153736 13.084652356803417 1.5
    endloop
  endfacet
  facet normal 0.9971759879402777 -0.07510026015488282 0
    outer loop
      vertex 47.45434971153736 13.084652356803417 0.901
      vertex 47.482976354658604 13.464754916727543 0.901
      vertex 47.482976354658604 13.464754916727543 1.5
    endloop
  endfacet
  facet normal 0.7944577507010193 0.6073194236570052 0
    outer loop
      vertex 47.72093364596367 11.996769681572914 0.901
      vertex 47.72093364596367 11.996769681572914 1.5
      vertex 47.92827671021223 11.725536294281483 0.901
    endloop
  endfacet
  facet normal 0.6458842838982823 0.7634353226129919 0
    outer loop
      vertex 47.92827671021223 11.725536294281483 0.901
      vertex 47.92827671021223 11.725536294281483 1.5
      vertex 48.19486064463854 11.5 0.901
    endloop
  endfacet
  facet normal 0.9059625035327449 0.4233579362580571 0
    outer loop
      vertex 47.72093364596367 11.996769681572914 0.901
      vertex 47.57283145934343 12.313700146973133 0.901
      vertex 47.57283145934343 12.313700146973133 1.5
    endloop
  endfacet
  facet normal 0.9717314991676645 -0.23608874078482275 0
    outer loop
      vertex 47.482976354658604 13.464754916727543 0.901
      vertex 47.56885626912117 13.818233095109463 0.901
      vertex 47.56885626912117 13.818233095109463 1.5
    endloop
  endfacet
  facet normal 0.9160186864519727 -0.40113559561674716 0
    outer loop
      vertex 47.56885626912117 13.818233095109463 0.901
      vertex 47.71198946982622 14.145086877048016 0.901
      vertex 47.71198946982622 14.145086877048016 1.5
    endloop
  endfacet
  facet normal 0.8317515526287974 -0.5551480475509076 0
    outer loop
      vertex 47.71198946982622 14.145086877048016 0.901
      vertex 47.91237594932318 14.445316277444363 0.901
      vertex 47.91237594932318 14.445316277444363 1.5
    endloop
  endfacet
  facet normal 0.7280284468519937 -0.6855469207678447 0
    outer loop
      vertex 47.91237594932318 14.445316277444363 0.901
      vertex 48.17001570761204 14.718921288847923 0.901
      vertex 48.17001570761204 14.718921288847923 1.5
    endloop
  endfacet
  facet normal 0.5990783912737006 -0.8006903778046262 0
    outer loop
      vertex 48.17001570761204 14.718921288847923 0.901
      vertex 48.48311757296324 14.953184828162193 0.901
      vertex 48.48311757296324 14.953184828162193 1.5
    endloop
  endfacet
  facet normal 0.4449042935822537 -0.8955781202955305 0
    outer loop
      vertex 48.48311757296324 14.953184828162193 0.901
      vertex 48.84989035129547 15.135389797389507 0.901
      vertex 48.84989035129547 15.135389797389507 1.5
    endloop
  endfacet
  facet normal 0.15523323470149103 0.9878778481391877 0
    outer loop
      vertex 49.359168976545334 7.749004311859608 0.901
      vertex 49.359168976545334 7.749004311859608 1.5
      vertex 49.858345463871956 7.670564673841 0.901
    endloop
  endfacet
  facet normal 0.04765144475990963 0.99886402468619 0
    outer loop
      vertex 49.858345463871956 7.670564673841 0.901
      vertex 49.858345463871956 7.670564673841 1.5
      vertex 50.40642615407705 7.6444181352853775 0.901
    endloop
  endfacet
  facet normal -0.049505453184075246 0.9987738533346973 0
    outer loop
      vertex 50.40642615407705 7.6444181352853775 0.901
      vertex 50.40642615407705 7.6444181352853775 1.5
      vertex 50.941681295633316 7.670948714017868 0.901
    endloop
  endfacet
  facet normal -0.16208284859135963 0.9867771532582776 0
    outer loop
      vertex 50.941681295633316 7.670948714017868 0.901
      vertex 50.941681295633316 7.670948714017868 1.5
      vertex 51.42624397575855 7.750540442764759 0.901
    endloop
  endfacet
  facet normal 0.06683084587752754 0.9977643198868629 0
    outer loop
      vertex 56.94352240860462 7.670878350734711 0.901
      vertex 56.94352240860462 7.670878350734711 1.5
      vertex 57.54864824563265 7.630346663296223 0.901
    endloop
  endfacet
  facet normal -0.06085427695217158 0.9981466610556929 0
    outer loop
      vertex 57.54864824563265 7.630346663296223 0.901
      vertex 57.54864824563265 7.630346663296223 1.5
      vertex 58.04126977175474 7.660380452871323 0.901
    endloop
  endfacet
  facet normal -0.19382591111886707 0.981035940309498 0
    outer loop
      vertex 58.04126977175474 7.660380452871323 0.901
      vertex 58.04126977175474 7.660380452871323 1.5
      vertex 58.49731134623289 7.750481814146042 0.901
    endloop
  endfacet
  facet normal 0 0 1
    outer loop
      vertex 48.90889669954777 7.87973702698946 0.901
      vertex 49.359168976545334 7.749004311859608 0.901
      vertex 49.452835105359554 9.054903842508793 0.901
    endloop
  endfacet
  facet normal 0 0 1
    outer loop
      vertex 48.50752863287926 8.062762834131718 0.901
      vertex 48.90889669954777 7.87973702698946 0.901
      vertex 49.452835105359554 9.054903842508793 0.901
    endloop
  endfacet
  facet normal 0 0 1
    outer loop
      vertex 49.359168976545334 7.749004311859608 0.901
      vertex 49.858345463871956 7.670564673841 0.901
      vertex 49.70827619731426 8.96445069462061 0.901
    endloop
  endfacet
  facet normal 0 0 1
    outer loop
      vertex 49.359168976545334 7.749004311859608 0.901
      vertex 49.70827619731426 8.96445069462061 0.901
      vertex 49.452835105359554 9.054903842508793 0.901
    endloop
  endfacet
  facet normal 0 0 1
    outer loop
      vertex 49.858345463871956 7.670564673841 0.901
      vertex 50.00625416636467 8.910178810358047 0.901
      vertex 49.70827619731426 8.96445069462061 0.901
    endloop
  endfacet
  facet normal 0 0 1
    outer loop
      vertex 48.1550647765398 8.29808173328638 0.901
      vertex 49.239930883049965 9.181538246572018 0.901
      vertex 49.069563530385494 9.344353914260864 0.901
    endloop
  endfacet
  facet normal 0 0 1
    outer loop
      vertex 48.50752863287926 8.062762834131718 0.901
      vertex 49.452835105359554 9.054903842508793 0.901
      vertex 49.239930883049965 9.181538246572018 0.901
    endloop
  endfacet
  facet normal 0 0 1
    outer loop
      vertex 49.858345463871956 7.670564673841 0.901
      vertex 50.40642615407705 7.6444181352853775 0.901
      vertex 50.346768997609615 8.892088174819946 0.901
    endloop
  endfacet
  facet normal 0 0 1
    outer loop
      vertex 49.858345463871956 7.670564673841 0.901
      vertex 50.346768997609615 8.892088174819946 0.901
      vertex 50.00625416636467 8.910178810358047 0.901
    endloop
  endfacet
  facet normal 0 0 1
    outer loop
      vertex 50.40642615407705 7.6444181352853775 0.901
      vertex 50.55531693249941 8.89685782045126 0.901
      vertex 50.346768997609615 8.892088174819946 0.901
    endloop
  endfacet
  facet normal 0 0 1
    outer loop
      vertex 50.40642615407705 7.6444181352853775 0.901
      vertex 50.941681295633316 7.670948714017868 0.901
      vertex 50.55531693249941 8.89685782045126 0.901
    endloop
  endfacet
  facet normal 0 0 1
    outer loop
      vertex 50.941681295633316 7.670948714017868 0.901
      vertex 51.42624397575855 7.750540442764759 0.901
      vertex 50.9234968572855 8.935014948248863 0.901
    endloop
  endfacet
  facet normal 0 0 1
    outer loop
      vertex 50.941681295633316 7.670948714017868 0.901
      vertex 50.747559547424316 8.911166742444038 0.901
      vertex 50.55531693249941 8.89685782045126 0.901
    endloop
  endfacet
  facet normal 0 0 1
    outer loop
      vertex 50.941681295633316 7.670948714017868 0.901
      vertex 50.9234968572855 8.935014948248863 0.901
      vertex 50.747559547424316 8.911166742444038 0.901
    endloop
  endfacet
  facet normal 0 0 1
    outer loop
      vertex 50.9234968572855 8.935014948248863 0.901
      vertex 51.42624397575855 7.750540442764759 0.901
      vertex 51.0831288471818 8.968402430415154 0.901
    endloop
  endfacet
  facet normal 0 0 1
    outer loop
      vertex 48.97371632605791 11.152496337890625 0.901
      vertex 49.34625840187073 11.043803051114082 0.901
      vertex 49.478673838078976 12.497461780905724 0.901
    endloop
  endfacet
  facet normal 0 0 1
    outer loop
      vertex 49.34625840187073 11.043803051114082 0.901
      vertex 49.775262244045734 10.938680402934551 0.901
      vertex 49.90091164410114 12.372636139392853 0.901
    endloop
  endfacet
  facet normal 0 0 1
    outer loop
      vertex 49.775262244045734 10.938680402934551 0.901
      vertex 50.55058539658785 10.76483915746212 0.901
      vertex 50.17285446822643 12.304858580231667 0.901
    endloop
  endfacet
  facet normal 0 0 1
    outer loop
      vertex 50.808415710926056 10.703425996005535 0.901
      vertex 51.03722362220287 10.63844220340252 0.901
      vertex 51.43518228828907 12.001809023320675 0.901
    endloop
  endfacet
  facet normal 0 0 1
    outer loop
      vertex 50.808415710926056 10.703425996005535 0.901
      vertex 51.43518228828907 12.001809023320675 0.901
      vertex 50.55058539658785 10.76483915746212 0.901
    endloop
  endfacet
  facet normal 0 0 1
    outer loop
      vertex 51.22645553201437 9.01132919639349 0.901
      vertex 51.42624397575855 7.750540442764759 0.901
      vertex 51.86011420190334 7.883193336427212 0.901
    endloop
  endfacet
  facet normal 0 0 1
    outer loop
      vertex 51.0831288471818 8.968402430415154 0.901
      vertex 51.42624397575855 7.750540442764759 0.901
      vertex 51.22645553201437 9.01132919639349 0.901
    endloop
  endfacet
  facet normal 0 0 1
    outer loop
      vertex 51.22645553201437 9.01132919639349 0.901
      vertex 51.86011420190334 7.883193336427212 0.901
      vertex 51.45726276189089 9.118430651724339 0.901
    endloop
  endfacet
  facet normal 0 0 1
    outer loop
      vertex 51.86011420190334 7.883193336427212 0.901
      vertex 52.24329195916653 8.068907380104065 0.901
      vertex 51.45726276189089 9.118430651724339 0.901
    endloop
  endfacet
  facet normal 0 0 1
    outer loop
      vertex 52.24329195916653 8.068907380104065 0.901
      vertex 52.575777269899845 8.3076825812459 0.901
      vertex 51.63677950203419 9.256923198699951 0.901
    endloop
  endfacet
  facet normal 0 0 1
    outer loop
      vertex 52.575777269899845 8.3076825812459 0.901
      vertex 52.85220243781805 8.586628884077072 0.901
      vertex 51.63677950203419 9.256923198699951 0.901
    endloop
  endfacet
  facet normal 0 0 1
    outer loop
      vertex 52.24329195916653 8.068907380104065 0.901
      vertex 51.63677950203419 9.256923198699951 0.901
      vertex 51.45726276189089 9.118430651724339 0.901
    endloop
  endfacet
  facet normal 0 0 1
    outer loop
      vertex 52.85220243781805 8.586628884077072 0.901
      vertex 51.76500574499369 9.426806844770908 0.901
      vertex 51.63677950203419 9.256923198699951 0.901
    endloop
  endfacet
  facet normal 0 0 1
    outer loop
      vertex 53.06719978898764 8.892797611653805 0.901
      vertex 51.841941483318806 9.62808158248663 0.901
      vertex 51.76500574499369 9.426806844770908 0.901
    endloop
  endfacet
  facet normal 0 0 1
    outer loop
      vertex 52.85220243781805 8.586628884077072 0.901
      vertex 53.06719978898764 8.892797611653805 0.901
      vertex 51.76500574499369 9.426806844770908 0.901
    endloop
  endfacet
  facet normal 0 0 1
    outer loop
      vertex 53.06719978898764 8.892797611653805 0.901
      vertex 53.220769323408604 9.226188771426678 0.901
      vertex 51.841941483318806 9.62808158248663 0.901
    endloop
  endfacet
  facet normal 0 0 1
    outer loop
      vertex 51.841941483318806 9.62808158248663 0.901
      vertex 53.220769323408604 9.226188771426678 0.901
      vertex 53.31291104853153 9.58680234849453 0.901
    endloop
  endfacet
  facet normal 0 0 1
    outer loop
      vertex 51.841941483318806 9.62808158248663 0.901
      vertex 53.31291104853153 9.58680234849453 0.901
      vertex 51.867586731910706 9.860747419297695 0.901
    endloop
  endfacet
  facet normal 0 0 1
    outer loop
      vertex 51.867586731910706 9.860747419297695 0.901
      vertex 53.34362495690584 9.974638357758522 0.901
      vertex 51.85486378520727 9.999242901802063 0.901
    endloop
  endfacet
  facet normal 0 0 1
    outer loop
      vertex 51.85486378520727 9.999242901802063 0.901
      vertex 53.23866353929043 10.683769918978214 0.901
      vertex 51.81669493019581 10.124622598290443 0.901
    endloop
  endfacet
  facet normal 0 0 1
    outer loop
      vertex 51.81669493019581 10.124622598290443 0.901
      vertex 53.1074617728591 10.982876531779766 0.901
      vertex 51.7530801743269 10.236886523663998 0.901
    endloop
  endfacet
  facet normal 0 0 1
    outer loop
      vertex 51.7530801743269 10.236886523663998 0.901
      vertex 52.92377929389477 11.245010368525982 0.901
      vertex 51.664019517600536 10.336034663021564 0.901
    endloop
  endfacet
  facet normal 0 0 1
    outer loop
      vertex 51.03722362220287 10.63844220340252 0.901
      vertex 51.2370091304183 10.569887779653072 0.901
      vertex 51.43518228828907 12.001809023320675 0.901
    endloop
  endfacet
  facet normal 0 0 1
    outer loop
      vertex 51.40777224302292 10.497762717306614 0.901
      vertex 51.75087857246399 11.916940487921238 0.901
      vertex 51.2370091304183 10.569887779653072 0.901
    endloop
  endfacet
  facet normal 0 0 1
    outer loop
      vertex 51.40777224302292 10.497762717306614 0.901
      vertex 51.54951295256615 10.422067023813725 0.901
      vertex 52.03397010266781 11.821342460811138 0.901
    endloop
  endfacet
  facet normal 0 0 1
    outer loop
      vertex 51.2370091304183 10.569887779653072 0.901
      vertex 51.75087857246399 11.916940487921238 0.901
      vertex 51.43518228828907 12.001809023320675 0.901
    endloop
  endfacet
  facet normal 0 0 1
    outer loop
      vertex 51.40777224302292 10.497762717306614 0.901
      vertex 52.03397010266781 11.821342460811138 0.901
      vertex 51.75087857246399 11.916940487921238 0.901
    endloop
  endfacet
  facet normal 0 0 1
    outer loop
      vertex 51.54951295256615 10.422067023813725 0.901
      vertex 51.664019517600536 10.336034663021564 0.901
      vertex 52.502338871359825 11.59795793145895 0.901
    endloop
  endfacet
  facet normal 0 0 1
    outer loop
      vertex 51.664019517600536 10.336034663021564 0.901
      vertex 52.68761610984802 11.470171421766281 0.901
      vertex 52.502338871359825 11.59795793145895 0.901
    endloop
  endfacet
  facet normal 0 0 1
    outer loop
      vertex 51.54951295256615 10.422067023813725 0.901
      vertex 52.28445686399937 11.715014941990376 0.901
      vertex 52.03397010266781 11.821342460811138 0.901
    endloop
  endfacet
  facet normal 0 0 1
    outer loop
      vertex 51.54951295256615 10.422067023813725 0.901
      vertex 52.502338871359825 11.59795793145895 0.901
      vertex 52.28445686399937 11.715014941990376 0.901
    endloop
  endfacet
  facet normal 0 0 1
    outer loop
      vertex 51.867586731910706 9.860747419297695 0.901
      vertex 53.31291104853153 9.58680234849453 0.901
      vertex 53.34362495690584 9.974638357758522 0.901
    endloop
  endfacet
  facet normal 0 0 1
    outer loop
      vertex 51.85486378520727 9.999242901802063 0.901
      vertex 53.34362495690584 9.974638357758522 0.901
      vertex 53.31738460063934 10.347690522670746 0.901
    endloop
  endfacet
  facet normal 0 0 1
    outer loop
      vertex 51.85486378520727 9.999242901802063 0.901
      vertex 53.31738460063934 10.347690522670746 0.901
      vertex 53.23866353929043 10.683769918978214 0.901
    endloop
  endfacet
  facet normal 0 0 1
    outer loop
      vertex 51.81669493019581 10.124622598290443 0.901
      vertex 53.23866353929043 10.683769918978214 0.901
      vertex 53.1074617728591 10.982876531779766 0.901
    endloop
  endfacet
  facet normal 0 0 1
    outer loop
      vertex 51.7530801743269 10.236886523663998 0.901
      vertex 53.1074617728591 10.982876531779766 0.901
      vertex 52.92377929389477 11.245010368525982 0.901
    endloop
  endfacet
  facet normal 0 0 1
    outer loop
      vertex 51.664019517600536 10.336034663021564 0.901
      vertex 52.92377929389477 11.245010368525982 0.901
      vertex 52.68761610984802 11.470171421766281 0.901
    endloop
  endfacet
  facet normal 0 0 1
    outer loop
      vertex 48.398017443716526 11.380594812333584 0.901
      vertex 48.65763600170612 11.264760255813599 0.901
      vertex 49.21863313019276 12.60798142105341 0.901
    endloop
  endfacet
  facet normal 0 0 1
    outer loop
      vertex 48.65763600170612 11.264760255813599 0.901
      vertex 48.97371632605791 11.152496337890625 0.901
      vertex 49.32837884873152 12.554509848356247 0.901
    endloop
  endfacet
  facet normal 0 0 1
    outer loop
      vertex 48.97371632605791 11.152496337890625 0.901
      vertex 49.478673838078976 12.497461780905724 0.901
      vertex 49.32837884873152 12.554509848356247 0.901
    endloop
  endfacet
  facet normal 0 0 1
    outer loop
      vertex 48.398017443716526 11.380594812333584 0.901
      vertex 49.21863313019276 12.60798142105341 0.901
      vertex 49.0933882817626 12.69344212859869 0.901
    endloop
  endfacet
  facet normal 0 0 1
    outer loop
      vertex 48.65763600170612 11.264760255813599 0.901
      vertex 49.32837884873152 12.554509848356247 0.901
      vertex 49.21863313019276 12.60798142105341 0.901
    endloop
  endfacet
  facet normal 0 0 1
    outer loop
      vertex 49.34625840187073 11.043803051114082 0.901
      vertex 49.66951810568571 12.436837211251259 0.901
      vertex 49.478673838078976 12.497461780905724 0.901
    endloop
  endfacet
  facet normal 0 0 1
    outer loop
      vertex 49.34625840187073 11.043803051114082 0.901
      vertex 49.90091164410114 12.372636139392853 0.901
      vertex 49.66951810568571 12.436837211251259 0.901
    endloop
  endfacet
  facet normal 0 0 1
    outer loop
      vertex 49.775262244045734 10.938680402934551 0.901
      vertex 50.17285446822643 12.304858580231667 0.901
      vertex 49.90091164410114 12.372636139392853 0.901
    endloop
  endfacet
  facet normal 0 0 1
    outer loop
      vertex 50.55058539658785 10.76483915746212 0.901
      vertex 51.43518228828907 12.001809023320675 0.901
      vertex 50.17285446822643 12.304858580231667 0.901
    endloop
  endfacet
  facet normal 0 0 1
    outer loop
      vertex 49.0965778157115 13.75710429251194 0.901
      vertex 49.223616778850555 13.860048800706863 0.901
      vertex 48.17001570761204 14.718921288847923 0.901
    endloop
  endfacet
  facet normal 0 0 1
    outer loop
      vertex 48.48311757296324 14.953184828162193 0.901
      vertex 49.223616778850555 13.860048800706863 0.901
      vertex 49.374310456216335 13.945902332663536 0.901
    endloop
  endfacet
  facet normal 0 0 1
    outer loop
      vertex 49.374310456216335 13.945902332663536 0.901
      vertex 49.54408270120621 14.012677311897278 0.901
      vertex 48.84989035129547 15.135389797389507 0.901
    endloop
  endfacet
  facet normal 0 0 1
    outer loop
      vertex 49.54408270120621 14.012677311897278 0.901
      vertex 49.73293351382017 14.060373716056347 0.901
      vertex 49.27033405005932 15.265536203980446 0.901
    endloop
  endfacet
  facet normal 0 0 1
    outer loop
      vertex 49.73293351382017 14.060373716056347 0.901
      vertex 49.94086288660765 14.088991560041904 0.901
      vertex 49.7444486618042 15.343624047935009 0.901
    endloop
  endfacet
  facet normal 0 0 1
    outer loop
      vertex 49.94086288660765 14.088991560041904 0.901
      vertex 50.167870819568634 14.09853084385395 0.901
      vertex 49.7444486618042 15.343624047935009 0.901
    endloop
  endfacet
  facet normal 0 0 1
    outer loop
      vertex 48.48311757296324 14.953184828162193 0.901
      vertex 49.374310456216335 13.945902332663536 0.901
      vertex 48.84989035129547 15.135389797389507 0.901
    endloop
  endfacet
  facet normal 0 0 1
    outer loop
      vertex 49.54408270120621 14.012677311897278 0.901
      vertex 49.27033405005932 15.265536203980446 0.901
      vertex 48.84989035129547 15.135389797389507 0.901
    endloop
  endfacet
  facet normal 0 0 1
    outer loop
      vertex 49.27033405005932 15.265536203980446 0.901
      vertex 49.73293351382017 14.060373716056347 0.901
      vertex 49.7444486618042 15.343624047935009 0.901
    endloop
  endfacet
  facet normal 0 0 1
    outer loop
      vertex 50.167870819568634 14.09853084385395 0.901
      vertex 50.37362790852785 14.091175571084023 0.901
      vertex 50.272234201431274 15.369653336703777 0.901
    endloop
  endfacet
  facet normal 0 0 1
    outer loop
      vertex 50.37362790852785 14.091175571084023 0.901
      vertex 50.56547183543444 14.069109752774239 0.901
      vertex 50.721829287707806 15.345125004649162 0.901
    endloop
  endfacet
  facet normal 0 0 1
    outer loop
      vertex 50.56547183543444 14.069109752774239 0.901
      vertex 50.74340260028839 14.032333388924599 0.901
      vertex 50.721829287707806 15.345125004649162 0.901
    endloop
  endfacet
  facet normal 0 0 1
    outer loop
      vertex 50.907420203089714 13.980846479535103 0.901
      vertex 51.14418435841799 15.271540030837059 0.901
      vertex 50.74340260028839 14.032333388924599 0.901
    endloop
  endfacet
  facet normal 0 0 1
    outer loop
      vertex 50.907420203089714 13.980846479535103 0.901
      vertex 51.057524643838406 13.914649024605751 0.901
      vertex 51.53929941356182 15.148898407816887 0.901
    endloop
  endfacet
  facet normal 0 0 1
    outer loop
      vertex 50.167870819568634 14.09853084385395 0.901
      vertex 50.272234201431274 15.369653336703777 0.901
      vertex 49.7444486618042 15.343624047935009 0.901
    endloop
  endfacet
  facet normal 0 0 1
    outer loop
      vertex 50.37362790852785 14.091175571084023 0.901
      vertex 50.721829287707806 15.345125004649162 0.901
      vertex 50.272234201431274 15.369653336703777 0.901
    endloop
  endfacet
  facet normal 0 0 1
    outer loop
      vertex 50.74340260028839 14.032333388924599 0.901
      vertex 51.14418435841799 15.271540030837059 0.901
      vertex 50.721829287707806 15.345125004649162 0.901
    endloop
  endfacet
  facet normal 0 0 1
    outer loop
      vertex 51.634015046060085 12.975305333733559 0.901
      vertex 53.0580679923296 13.4202890843153 0.901
      vertex 51.59822075068951 13.224396675825119 0.901
    endloop
  endfacet
  facet normal 0 0 1
    outer loop
      vertex 51.59822075068951 13.224396675825119 0.901
      vertex 52.94884116202593 13.820894941687584 0.901
      vertex 51.522674567997456 13.44287671893835 0.901
    endloop
  endfacet
  facet normal 0 0 1
    outer loop
      vertex 51.634015046060085 12.975305333733559 0.901
      vertex 53.10506962239742 12.975305333733559 0.901
      vertex 53.0580679923296 13.4202890843153 0.901
    endloop
  endfacet
  facet normal 0 0 1
    outer loop
      vertex 51.59822075068951 13.224396675825119 0.901
      vertex 53.0580679923296 13.4202890843153 0.901
      vertex 52.94884116202593 13.820894941687584 0.901
    endloop
  endfacet
  facet normal 0 0 1
    outer loop
      vertex 51.252326510846615 13.788002893328667 0.901
      vertex 51.907174460589886 14.977200128138065 0.901
      vertex 51.057524643838406 13.914649024605751 0.901
    endloop
  endfacet
  facet normal 0 0 1
    outer loop
      vertex 51.252326510846615 13.788002893328667 0.901
      vertex 51.40737648308277 13.630745455622673 0.901
      vertex 52.2478094920516 14.756445199251175 0.901
    endloop
  endfacet
  facet normal 0 0 1
    outer loop
      vertex 51.40737648308277 13.630745455622673 0.901
      vertex 51.522674567997456 13.44287671893835 0.901
      vertex 52.777389138937 14.177122920751572 0.901
    endloop
  endfacet
  facet normal 0 0 1
    outer loop
      vertex 51.252326510846615 13.788002893328667 0.901
      vertex 52.2478094920516 14.756445199251175 0.901
      vertex 51.907174460589886 14.977200128138065 0.901
    endloop
  endfacet
  facet normal 0 0 1
    outer loop
      vertex 51.40737648308277 13.630745455622673 0.901
      vertex 52.54371191561222 14.488972999155521 0.901
      vertex 52.2478094920516 14.756445199251175 0.901
    endloop
  endfacet
  facet normal 0 0 1
    outer loop
      vertex 51.40737648308277 13.630745455622673 0.901
      vertex 52.777389138937 14.177122920751572 0.901
      vertex 52.54371191561222 14.488972999155521 0.901
    endloop
  endfacet
  facet normal 0 0 1
    outer loop
      vertex 50.907420203089714 13.980846479535103 0.901
      vertex 51.53929941356182 15.148898407816887 0.901
      vertex 51.14418435841799 15.271540030837059 0.901
    endloop
  endfacet
  facet normal 0 0 1
    outer loop
      vertex 51.057524643838406 13.914649024605751 0.901
      vertex 51.907174460589886 14.977200128138065 0.901
      vertex 51.53929941356182 15.148898407816887 0.901
    endloop
  endfacet
  facet normal 0 0 1
    outer loop
      vertex 51.522674567997456 13.44287671893835 0.901
      vertex 52.94884116202593 13.820894941687584 0.901
      vertex 52.777389138937 14.177122920751572 0.901
    endloop
  endfacet
  facet normal 0 0 1
    outer loop
      vertex 55.4525625705719 8.27885366231203 0.901
      vertex 55.89547957479954 7.995131850242615 0.901
      vertex 56.44887224584818 9.345377020537853 0.901
    endloop
  endfacet
  facet normal 0 0 1
    outer loop
      vertex 54.738083846867085 9.081147126853466 0.901
      vertex 55.0637151747942 8.643638841807842 0.901
      vertex 56.05069664120674 9.835964053869247 0.901
    endloop
  endfacet
  facet normal 0 0 1
    outer loop
      vertex 54.738083846867085 9.081147126853466 0.901
      vertex 56.05069664120674 9.835964053869247 0.901
      vertex 54.484815038740635 9.579051315784454 0.901
    endloop
  endfacet
  facet normal 0 0 1
    outer loop
      vertex 55.4525625705719 8.27885366231203 0.901
      vertex 56.23406544327736 9.566052801907063 0.901
      vertex 55.0637151747942 8.643638841807842 0.901
    endloop
  endfacet
  facet normal 0 0 1
    outer loop
      vertex 55.4525625705719 8.27885366231203 0.901
      vertex 56.44887224584818 9.345377020537853 0.901
      vertex 56.23406544327736 9.566052801907063 0.901
    endloop
  endfacet
  facet normal 0 0 1
    outer loop
      vertex 55.0637151747942 8.643638841807842 0.901
      vertex 56.23406544327736 9.566052801907063 0.901
      vertex 56.05069664120674 9.835964053869247 0.901
    endloop
  endfacet
  facet normal 0 0 1
    outer loop
      vertex 54.30390874296427 10.137351416051388 0.901
      vertex 55.80620490759611 10.524082221090794 0.901
      vertex 54.19536496698856 10.756047420203686 0.901
    endloop
  endfacet
  facet normal 0 0 1
    outer loop
      vertex 54.19536496698856 10.756047420203686 0.901
      vertex 55.7450819760561 10.942289143800735 0.901
      vertex 54.15918371081352 11.435139335691929 0.901
    endloop
  endfacet
  facet normal 0 0 1
    outer loop
      vertex 54.484815038740635 9.579051315784454 0.901
      vertex 55.90807646512985 10.155307196080685 0.901
      vertex 54.30390874296427 10.137351416051388 0.901
    endloop
  endfacet
  facet normal 0 0 1
    outer loop
      vertex 54.30390874296427 10.137351416051388 0.901
      vertex 55.90807646512985 10.155307196080685 0.901
      vertex 55.80620490759611 10.524082221090794 0.901
    endloop
  endfacet
  facet normal 0 0 1
    outer loop
      vertex 54.484815038740635 9.579051315784454 0.901
      vertex 56.05069664120674 9.835964053869247 0.901
      vertex 55.90807646512985 10.155307196080685 0.901
    endloop
  endfacet
  facet normal 0 0 1
    outer loop
      vertex 55.80620490759611 10.524082221090794 0.901
      vertex 55.7450819760561 10.942289143800735 0.901
      vertex 54.19536496698856 10.756047420203686 0.901
    endloop
  endfacet
  facet normal 0 0 1
    outer loop
      vertex 54.15918371081352 11.435139335691929 0.901
      vertex 55.7450819760561 10.942289143800735 0.901
      vertex 55.724707663059235 11.40992795675993 0.901
    endloop
  endfacet
  facet normal 0 0 1
    outer loop
      vertex 54.15918371081352 11.435139335691929 0.901
      vertex 55.724707663059235 11.40992795675993 0.901
      vertex 55.74398850649595 11.879973575472832 0.901
    endloop
  endfacet
  facet normal 0 0 1
    outer loop
      vertex 55.89547957479954 7.995131850242615 0.901
      vertex 56.39246618747711 7.792473413050175 0.901
      vertex 56.68574779480696 9.173740312457085 0.901
    endloop
  endfacet
  facet normal 0 0 1
    outer loop
      vertex 56.39246618747711 7.792473413050175 0.901
      vertex 56.94352240860462 7.670878350734711 0.901
      vertex 56.944692097604275 9.051142655313015 0.901
    endloop
  endfacet
  facet normal 0 0 1
    outer loop
      vertex 56.94352240860462 7.670878350734711 0.901
      vertex 57.54864824563265 7.630346663296223 0.901
      vertex 57.22570515424013 8.977584064006805 0.901
    endloop
  endfacet
  facet normal 0 0 1
    outer loop
      vertex 56.39246618747711 7.792473413050175 0.901
      vertex 56.944692097604275 9.051142655313015 0.901
      vertex 56.68574779480696 9.173740312457085 0.901
    endloop
  endfacet
  facet normal 0 0 1
    outer loop
      vertex 56.94352240860462 7.670878350734711 0.901
      vertex 57.22570515424013 8.977584064006805 0.901
      vertex 56.944692097604275 9.051142655313015 0.901
    endloop
  endfacet
  facet normal 0 0 1
    outer loop
      vertex 55.89547957479954 7.995131850242615 0.901
      vertex 56.68574779480696 9.173740312457085 0.901
      vertex 56.44887224584818 9.345377020537853 0.901
    endloop
  endfacet
  facet normal 0 0 1
    outer loop
      vertex 57.54864824563265 7.630346663296223 0.901
      vertex 58.04126977175474 7.660380452871323 0.901
      vertex 57.835512682795525 8.974136553704739 0.901
    endloop
  endfacet
  facet normal 0 0 1
    outer loop
      vertex 57.54864824563265 7.630346663296223 0.901
      vertex 57.52878695726395 8.953064531087875 0.901
      vertex 57.22570515424013 8.977584064006805 0.901
    endloop
  endfacet
  facet normal 0 0 1
    outer loop
      vertex 57.54864824563265 7.630346663296223 0.901
      vertex 57.835512682795525 8.974136553704739 0.901
      vertex 57.52878695726395 8.953064531087875 0.901
    endloop
  endfacet
  facet normal 0 0 1
    outer loop
      vertex 58.04126977175474 7.660380452871323 0.901
      vertex 58.49731134623289 7.750481814146042 0.901
      vertex 58.11162710189819 9.037352621555328 0.901
    endloop
  endfacet
  facet normal 0 0 1
    outer loop
      vertex 58.04126977175474 7.660380452871323 0.901
      vertex 58.11162710189819 9.037352621555328 0.901
      vertex 57.835512682795525 8.974136553704739 0.901
    endloop
  endfacet
  facet normal 0 0 1
    outer loop
      vertex 58.11162710189819 9.037352621555328 0.901
      vertex 58.91677297651768 7.90065074712038 0.901
      vertex 58.35713022202253 9.142712727189064 0.901
    endloop
  endfacet
  facet normal 0 0 1
    outer loop
      vertex 54.15918371081352 11.435139335691929 0.901
      vertex 55.74398850649595 11.879973575472832 0.901
      vertex 54.20033395290375 12.166896641254425 0.901
    endloop
  endfacet
  facet normal 0 0 1
    outer loop
      vertex 54.20033395290375 12.166896641254425 0.901
      vertex 55.801831029355526 12.30534228682518 0.901
      vertex 54.323784694075584 12.828320071101189 0.901
    endloop
  endfacet
  facet normal 0 0 1
    outer loop
      vertex 54.20033395290375 12.166896641254425 0.901
      vertex 55.74398850649595 11.879973575472832 0.901
      vertex 55.801831029355526 12.30534228682518 0.901
    endloop
  endfacet
  facet normal 0 0 1
    outer loop
      vertex 54.323784694075584 12.828320071101189 0.901
      vertex 55.898235231637955 12.686034090816975 0.901
      vertex 54.52953591942787 13.419409617781639 0.901
    endloop
  endfacet
  facet normal 0 0 1
    outer loop
      vertex 54.323784694075584 12.828320071101189 0.901
      vertex 55.801831029355526 12.30534228682518 0.901
      vertex 55.898235231637955 12.686034090816975 0.901
    endloop
  endfacet
  facet normal 0 0 1
    outer loop
      vertex 54.52953591942787 13.419409617781639 0.901
      vertex 56.03320112079382 13.022048987448215 0.901
      vertex 54.81758763641119 13.940165281295776 0.901
    endloop
  endfacet
  facet normal 0 0 1
    outer loop
      vertex 54.52953591942787 13.419409617781639 0.901
      vertex 55.898235231637955 12.686034090816975 0.901
      vertex 56.03320112079382 13.022048987448215 0.901
    endloop
  endfacet
  facet normal 0 0 1
    outer loop
      vertex 56.03320112079382 13.022048987448215 0.901
      vertex 56.20672868937254 13.313386976718903 0.901
      vertex 54.81758763641119 13.940165281295776 0.901
    endloop
  endfacet
  facet normal 0 0 1
    outer loop
      vertex 56.20672868937254 13.313386976718903 0.901
      vertex 55.18793984502554 14.390587069094181 0.901
      vertex 54.81758763641119 13.940165281295776 0.901
    endloop
  endfacet
  facet normal 0 0 1
    outer loop
      vertex 56.20672868937254 13.313386976718903 0.901
      vertex 56.4136818498373 13.555512942373753 0.901
      vertex 55.18793984502554 14.390587069094181 0.901
    endloop
  endfacet
  facet normal 0 0 1
    outer loop
      vertex 56.4136818498373 13.555512942373753 0.901
      vertex 55.565248630940914 14.716033704578876 0.901
      vertex 55.18793984502554 14.390587069094181 0.901
    endloop
  endfacet
  facet normal 0 0 1
    outer loop
      vertex 56.4136818498373 13.555512942373753 0.901
      vertex 56.64886590093374 13.743833139538765 0.901
      vertex 55.565248630940914 14.716033704578876 0.901
    endloop
  endfacet
  facet normal 0 0 1
    outer loop
      vertex 56.64886590093374 13.743833139538765 0.901
      vertex 55.98152366280556 14.969158872961998 0.901
      vertex 55.565248630940914 14.716033704578876 0.901
    endloop
  endfacet
  facet normal 0 0 1
    outer loop
      vertex 56.64886590093374 13.743833139538765 0.901
      vertex 56.912280820310116 13.87834756821394 0.901
      vertex 55.98152366280556 14.969158872961998 0.901
    endloop
  endfacet
  facet normal 0 0 1
    outer loop
      vertex 56.912280820310116 13.87834756821394 0.901
      vertex 57.203926630318165 13.959056228399277 0.901
      vertex 56.930972419679165 15.258444771170616 0.901
    endloop
  endfacet
  facet normal 0 0 1
    outer loop
      vertex 55.98152366280556 14.969158872961998 0.901
      vertex 56.912280820310116 13.87834756821394 0.901
      vertex 56.43676491826773 15.149962559342384 0.901
    endloop
  endfacet
  facet normal 0 0 1
    outer loop
      vertex 56.43676491826773 15.149962559342384 0.901
      vertex 56.912280820310116 13.87834756821394 0.901
      vertex 56.930972419679165 15.258444771170616 0.901
    endloop
  endfacet
  facet normal 0 0 1
    outer loop
      vertex 57.203926630318165 13.959056228399277 0.901
      vertex 57.46414615213871 15.294605508446693 0.901
      vertex 56.930972419679165 15.258444771170616 0.901
    endloop
  endfacet
  facet normal 0 0 1
    outer loop
      vertex 57.203926630318165 13.959056228399277 0.901
      vertex 57.52380330860615 13.985959112644196 0.901
      vertex 57.46414615213871 15.294605508446693 0.901
    endloop
  endfacet
  facet normal 0 0 1
    outer loop
      vertex 57.52380330860615 13.985959112644196 0.901
      vertex 57.835712030529976 13.966874681413174 0.901
      vertex 57.46414615213871 15.294605508446693 0.901
    endloop
  endfacet
  facet normal 0 0 1
    outer loop
      vertex 57.835712030529976 13.966874681413174 0.901
      vertex 58.115414671599865 13.90962140262127 0.901
      vertex 58.16390260308981 15.246041364967823 0.901
    endloop
  endfacet
  facet normal 0 0 1
    outer loop
      vertex 58.115414671599865 13.90962140262127 0.901
      vertex 58.36291125416756 13.814199268817902 0.901
      vertex 58.784143537282944 15.10034891217947 0.901
    endloop
  endfacet
  facet normal 0 0 1
    outer loop
      vertex 57.46414615213871 15.294605508446693 0.901
      vertex 57.835712030529976 13.966874681413174 0.901
      vertex 58.16390260308981 15.246041364967823 0.901
    endloop
  endfacet
  facet normal 0 0 1
    outer loop
      vertex 58.115414671599865 13.90962140262127 0.901
      vertex 58.784143537282944 15.10034891217947 0.901
      vertex 58.16390260308981 15.246041364967823 0.901
    endloop
  endfacet
  facet normal 0.27882692555908306 0.9603413692970171 0
    outer loop
      vertex 48.90889669954777 7.87973702698946 0.901
      vertex 48.90889669954777 7.87973702698946 1.5
      vertex 49.359168976545334 7.749004311859608 0.901
    endloop
  endfacet
  facet normal -0.8210816218968152 -0.5708108006890683 0
    outer loop
      vertex 49.069563530385494 9.344353914260864 0.901
      vertex 49.069563530385494 9.344353914260864 1.5
      vertex 48.99340758472681 9.453900277614594 0.901
    endloop
  endfacet
  facet normal -0.8930354546000163 -0.4499863073776158 0
    outer loop
      vertex 48.99340758472681 9.453900277614594 0.901
      vertex 48.99340758472681 9.453900277614594 1.5
      vertex 48.92799285054207 9.583721287548542 0.901
    endloop
  endfacet
  facet normal -0.9396057511919986 -0.34225872133069196 0
    outer loop
      vertex 48.87331934273243 9.733816929161549 0.901
      vertex 48.92799285054207 9.583721287548542 0.901
      vertex 48.92799285054207 9.583721287548542 1.5
    endloop
  endfacet
  facet normal -0.6909025705011224 -0.7229478806075453 0
    outer loop
      vertex 49.069563530385494 9.344353914260864 0.901
      vertex 49.239930883049965 9.181538246572018 0.901
      vertex 49.239930883049965 9.181538246572018 1.5
    endloop
  endfacet
  facet normal -0.511202749663587 -0.8594601495918166 0
    outer loop
      vertex 49.452835105359554 9.054903842508793 0.901
      vertex 49.452835105359554 9.054903842508793 1.5
      vertex 49.239930883049965 9.181538246572018 0.901
    endloop
  endfacet
  facet normal -0.3337960810392895 -0.9426453077816768 0
    outer loop
      vertex 49.452835105359554 9.054903842508793 0.901
      vertex 49.70827619731426 8.96445069462061 0.901
      vertex 49.70827619731426 8.96445069462061 1.5
    endloop
  endfacet
  facet normal -0.17918608161358954 -0.9838152002057949 0
    outer loop
      vertex 49.70827619731426 8.96445069462061 0.901
      vertex 50.00625416636467 8.910178810358047 0.901
      vertex 50.00625416636467 8.910178810358047 1.5
    endloop
  endfacet
  facet normal -0.05305248786065566 -0.9985917251468664 0
    outer loop
      vertex 50.00625416636467 8.910178810358047 0.901
      vertex 50.346768997609615 8.892088174819946 0.901
      vertex 50.346768997609615 8.892088174819946 1.5
    endloop
  endfacet
  facet normal 0.022864761005273657 -0.9997385671785257 0
    outer loop
      vertex 50.346768997609615 8.892088174819946 0.901
      vertex 50.55531693249941 8.89685782045126 0.901
      vertex 50.55531693249941 8.89685782045126 1.5
    endloop
  endfacet
  facet normal 0.07422625719814774 -0.99724142650732 0
    outer loop
      vertex 50.55531693249941 8.89685782045126 0.901
      vertex 50.747559547424316 8.911166742444038 0.901
      vertex 50.747559547424316 8.911166742444038 1.5
    endloop
  endfacet
  facet normal 0.13432108342371962 -0.9909378621023007 0
    outer loop
      vertex 50.747559547424316 8.911166742444038 0.901
      vertex 50.9234968572855 8.935014948248863 0.901
      vertex 50.9234968572855 8.935014948248863 1.5
    endloop
  endfacet
  facet normal 0.20472296240332352 -0.9788199572264591 0
    outer loop
      vertex 50.9234968572855 8.935014948248863 0.901
      vertex 51.0831288471818 8.968402430415154 0.901
      vertex 51.0831288471818 8.968402430415154 1.5
    endloop
  endfacet
  facet normal 0.2869110248781619 -0.9579572348509942 0
    outer loop
      vertex 51.0831288471818 8.968402430415154 0.901
      vertex 51.22645553201437 9.01132919639349 0.901
      vertex 51.22645553201437 9.01132919639349 1.5
    endloop
  endfacet
  facet normal -0.9683243753064665 -0.24969562308406879 0
    outer loop
      vertex 48.87331934273243 9.733816929161549 0.901
      vertex 48.87331934273243 9.733816929161549 1.5
      vertex 48.82938704639673 9.904187209904194 0.901
    endloop
  endfacet
  facet normal -0.9851808305482942 -0.17151889435328477 0
    outer loop
      vertex 48.82938704639673 9.904187209904194 0.901
      vertex 48.82938704639673 9.904187209904194 1.5
      vertex 48.79619597643614 10.094832129776478 0.901
    endloop
  endfacet
  facet normal 0.28008354762307663 0.9599756279983735 0
    outer loop
      vertex 48.97371632605791 11.152496337890625 0.901
      vertex 48.97371632605791 11.152496337890625 1.5
      vertex 49.34625840187073 11.043803051114082 0.901
    endloop
  endfacet
  facet normal 0.33469152243066985 0.9423277480861108 0
    outer loop
      vertex 48.65763600170612 11.264760255813599 0.901
      vertex 48.65763600170612 11.264760255813599 1.5
      vertex 48.97371632605791 11.152496337890625 0.901
    endloop
  endfacet
  facet normal 0.23799791247174626 0.9712656658500244 0
    outer loop
      vertex 49.34625840187073 11.043803051114082 0.901
      vertex 49.34625840187073 11.043803051114082 1.5
      vertex 49.775262244045734 10.938680402934551 0.901
    endloop
  endfacet
  facet normal 0.3245638198950446 0.9458637992941357 0
    outer loop
      vertex 51.03722362220287 10.63844220340252 0.901
      vertex 51.03722362220287 10.63844220340252 1.5
      vertex 51.2370091304183 10.569887779653072 0.901
    endloop
  endfacet
  facet normal 0.21878565502677433 0.9757729434425333 0
    outer loop
      vertex 49.775262244045734 10.938680402934551 0.901
      vertex 49.775262244045734 10.938680402934551 1.5
      vertex 50.55058539658785 10.76483915746212 0.901
    endloop
  endfacet
  facet normal 0.23170975937676105 0.9727849646296778 0
    outer loop
      vertex 50.808415710926056 10.703425996005535 0.901
      vertex 50.55058539658785 10.76483915746212 0.901
      vertex 50.55058539658785 10.76483915746212 1.5
    endloop
  endfacet
  facet normal 0.2732052954619969 0.9619557508178445 0
    outer loop
      vertex 50.808415710926056 10.703425996005535 0.901
      vertex 50.808415710926056 10.703425996005535 1.5
      vertex 51.03722362220287 10.63844220340252 0.901
    endloop
  endfacet
  facet normal -0.2923826978870328 0.9563013949463317 0
    outer loop
      vertex 51.42624397575855 7.750540442764759 0.901
      vertex 51.42624397575855 7.750540442764759 1.5
      vertex 51.86011420190334 7.883193336427212 0.901
    endloop
  endfacet
  facet normal -0.43614208887978095 0.8998778129877307 0
    outer loop
      vertex 51.86011420190334 7.883193336427212 0.901
      vertex 51.86011420190334 7.883193336427212 1.5
      vertex 52.24329195916653 8.068907380104065 0.901
    endloop
  endfacet
  facet normal -0.5833160711035414 0.8122452592612212 0
    outer loop
      vertex 52.24329195916653 8.068907380104065 0.901
      vertex 52.24329195916653 8.068907380104065 1.5
      vertex 52.575777269899845 8.3076825812459 0.901
    endloop
  endfacet
  facet normal 0.42092039735682213 -0.907097579695247 0
    outer loop
      vertex 51.22645553201437 9.01132919639349 0.901
      vertex 51.45726276189089 9.118430651724339 0.901
      vertex 51.45726276189089 9.118430651724339 1.5
    endloop
  endfacet
  facet normal 0.6108261401003079 -0.7917647545642325 0
    outer loop
      vertex 51.45726276189089 9.118430651724339 0.901
      vertex 51.63677950203419 9.256923198699951 0.901
      vertex 51.63677950203419 9.256923198699951 1.5
    endloop
  endfacet
  facet normal 0.7981616552570147 -0.602443335158903 0
    outer loop
      vertex 51.63677950203419 9.256923198699951 0.901
      vertex 51.76500574499369 9.426806844770908 0.901
      vertex 51.76500574499369 9.426806844770908 1.5
    endloop
  endfacet
  facet normal 0.9340862755558846 -0.35704737755392624 0
    outer loop
      vertex 51.76500574499369 9.426806844770908 0.901
      vertex 51.841941483318806 9.62808158248663 0.901
      vertex 51.841941483318806 9.62808158248663 1.5
    endloop
  endfacet
  facet normal -0.7103094068696799 0.7038895840346294 0
    outer loop
      vertex 52.575777269899845 8.3076825812459 0.901
      vertex 52.575777269899845 8.3076825812459 1.5
      vertex 52.85220243781805 8.586628884077072 0.901
    endloop
  endfacet
  facet normal -0.8183780529450336 0.5746802262631765 0
    outer loop
      vertex 52.85220243781805 8.586628884077072 0.901
      vertex 52.85220243781805 8.586628884077072 1.5
      vertex 53.06719978898764 8.892797611653805 0.901
    endloop
  endfacet
  facet normal -0.9082735328942706 0.4183768509893448 0
    outer loop
      vertex 53.06719978898764 8.892797611653805 0.901
      vertex 53.06719978898764 8.892797611653805 1.5
      vertex 53.220769323408604 9.226188771426678 0.901
    endloop
  endfacet
  facet normal -0.9688725031336647 0.24756024049008132 0
    outer loop
      vertex 53.220769323408604 9.226188771426678 0.901
      vertex 53.220769323408604 9.226188771426678 1.5
      vertex 53.31291104853153 9.58680234849453 0.901
    endloop
  endfacet
  facet normal 0.38908686734022907 0.9212010690741554 0
    outer loop
      vertex 51.40777224302292 10.497762717306614 0.901
      vertex 51.2370091304183 10.569887779653072 0.901
      vertex 51.2370091304183 10.569887779653072 1.5
    endloop
  endfacet
  facet normal 0.4710758167626643 0.8820927246391893 0
    outer loop
      vertex 51.40777224302292 10.497762717306614 0.901
      vertex 51.40777224302292 10.497762717306614 1.5
      vertex 51.54951295256615 10.422067023813725 0.901
    endloop
  endfacet
  facet normal 0.6006809476726365 0.7994888361341285 0
    outer loop
      vertex 51.54951295256615 10.422067023813725 0.901
      vertex 51.54951295256615 10.422067023813725 1.5
      vertex 51.664019517600536 10.336034663021564 0.901
    endloop
  endfacet
  facet normal 0.870027067354407 0.493003957459461 0
    outer loop
      vertex 51.81669493019581 10.124622598290443 0.901
      vertex 51.7530801743269 10.236886523663998 0.901
      vertex 51.7530801743269 10.236886523663998 1.5
    endloop
  endfacet
  facet normal 0.7439380149501799 0.6682486288141458 0
    outer loop
      vertex 51.7530801743269 10.236886523663998 0.901
      vertex 51.664019517600536 10.336034663021564 0.901
      vertex 51.664019517600536 10.336034663021564 1.5
    endloop
  endfacet
  facet normal 0.9939801841851418 -0.10955999930299189 0
    outer loop
      vertex 51.841941483318806 9.62808158248663 0.901
      vertex 51.867586731910706 9.860747419297695 0.901
      vertex 51.867586731910706 9.860747419297695 1.5
    endloop
  endfacet
  facet normal 0.9958068930606213 0.09148022591222718 0
    outer loop
      vertex 51.867586731910706 9.860747419297695 0.901
      vertex 51.85486378520727 9.999242901802063 0.901
      vertex 51.85486378520727 9.999242901802063 1.5
    endloop
  endfacet
  facet normal 0.9566530137678367 0.2912301688508857 0
    outer loop
      vertex 51.85486378520727 9.999242901802063 0.901
      vertex 51.81669493019581 10.124622598290443 0.901
      vertex 51.81669493019581 10.124622598290443 1.5
    endloop
  endfacet
  facet normal -0.9968789049657037 0.07894586014718802 0
    outer loop
      vertex 53.31291104853153 9.58680234849453 0.901
      vertex 53.31291104853153 9.58680234849453 1.5
      vertex 53.34362495690584 9.974638357758522 0.901
    endloop
  endfacet
  facet normal -0.9975353093668957 -0.07016627798516632 0
    outer loop
      vertex 53.34362495690584 9.974638357758522 0.901
      vertex 53.34362495690584 9.974638357758522 1.5
      vertex 53.31738460063934 10.347690522670746 0.901
    endloop
  endfacet
  facet normal -0.9736469053158073 -0.22806074578706256 0
    outer loop
      vertex 53.31738460063934 10.347690522670746 0.901
      vertex 53.31738460063934 10.347690522670746 1.5
      vertex 53.23866353929043 10.683769918978214 0.901
    endloop
  endfacet
  facet normal -0.5677603667385814 -0.8231938811488285 0
    outer loop
      vertex 52.68761610984802 11.470171421766281 0.901
      vertex 52.68761610984802 11.470171421766281 1.5
      vertex 52.502338871359825 11.59795793145895 0.901
    endloop
  endfacet
  facet normal -0.6900467646247397 -0.7237647840499902 0
    outer loop
      vertex 52.68761610984802 11.470171421766281 0.901
      vertex 52.92377929389477 11.245010368525982 0.901
      vertex 52.92377929389477 11.245010368525982 1.5
    endloop
  endfacet
  facet normal -0.915771702901117 -0.40169912641875166 0
    outer loop
      vertex 53.1074617728591 10.982876531779766 0.901
      vertex 53.23866353929043 10.683769918978214 0.901
      vertex 53.23866353929043 10.683769918978214 1.5
    endloop
  endfacet
  facet normal -0.818954725837065 -0.5738581331907198 0
    outer loop
      vertex 53.1074617728591 10.982876531779766 0.901
      vertex 53.1074617728591 10.982876531779766 1.5
      vertex 52.92377929389477 11.245010368525982 0.901
    endloop
  endfacet
  facet normal -0.4380072227597329 -0.898971452722669 0
    outer loop
      vertex 49.21863313019276 12.60798142105341 0.901
      vertex 49.32837884873152 12.554509848356247 0.901
      vertex 49.32837884873152 12.554509848356247 1.5
    endloop
  endfacet
  facet normal -0.3548697005618125 -0.9349157692664989 0
    outer loop
      vertex 49.32837884873152 12.554509848356247 0.901
      vertex 49.478673838078976 12.497461780905724 0.901
      vertex 49.478673838078976 12.497461780905724 1.5
    endloop
  endfacet
  facet normal -0.30275645867769185 -0.9530679549376021 0
    outer loop
      vertex 49.478673838078976 12.497461780905724 0.901
      vertex 49.66951810568571 12.436837211251259 0.901
      vertex 49.66951810568571 12.436837211251259 1.5
    endloop
  endfacet
  facet normal -0.2673542439437385 -0.9635983127036244 0
    outer loop
      vertex 49.66951810568571 12.436837211251259 0.901
      vertex 49.90091164410114 12.372636139392853 0.901
      vertex 49.90091164410114 12.372636139392853 1.5
    endloop
  endfacet
  facet normal -0.8599962774110098 -0.5103003065247026 0
    outer loop
      vertex 48.926395155489445 12.91206581890583 0.901
      vertex 48.995975628495216 12.794803597033024 0.901
      vertex 48.995975628495216 12.794803597033024 1.5
    endloop
  endfacet
  facet normal -0.9542044595450894 -0.29915522623591895 0
    outer loop
      vertex 48.926395155489445 12.91206581890583 0.901
      vertex 48.926395155489445 12.91206581890583 1.5
      vertex 48.884646870195866 13.04522879421711 0.901
    endloop
  endfacet
  facet normal -0.5636361557467142 -0.8260231739697534 0
    outer loop
      vertex 49.0933882817626 12.69344212859869 0.901
      vertex 49.21863313019276 12.60798142105341 0.901
      vertex 49.21863313019276 12.60798142105341 1.5
    endloop
  endfacet
  facet normal -0.7210117921084749 -0.6929227919765125 0
    outer loop
      vertex 48.995975628495216 12.794803597033024 0.901
      vertex 49.0933882817626 12.69344212859869 0.901
      vertex 49.0933882817626 12.69344212859869 1.5
    endloop
  endfacet
  facet normal -0.995670547944347 -0.09295246073237481 0
    outer loop
      vertex 48.884646870195866 13.04522879421711 0.901
      vertex 48.884646870195866 13.04522879421711 1.5
      vertex 48.87073078006506 13.194292530417442 0.901
    endloop
  endfacet
  facet normal -0.9962876046293472 0.08608721659989642 0
    outer loop
      vertex 48.87073078006506 13.194292530417442 0.901
      vertex 48.87073078006506 13.194292530417442 1.5
      vertex 48.88484621793032 13.35765053331852 0.901
    endloop
  endfacet
  facet normal -0.9615447528270681 0.27464829930427825 0
    outer loop
      vertex 48.88484621793032 13.35765053331852 0.901
      vertex 48.88484621793032 13.35765053331852 1.5
      vertex 48.92719253897667 13.505905166268349 0.901
    endloop
  endfacet
  facet normal -0.883553582648137 0.468330082943261 0
    outer loop
      vertex 48.92719253897667 13.505905166268349 0.901
      vertex 48.92719253897667 13.505905166268349 1.5
      vertex 48.997769735753536 13.639056414365768 0.901
    endloop
  endfacet
  facet normal -0.24183656239295334 -0.9703169982484895 0
    outer loop
      vertex 49.90091164410114 12.372636139392853 0.901
      vertex 50.17285446822643 12.304858580231667 0.901
      vertex 50.17285446822643 12.304858580231667 1.5
    endloop
  endfacet
  facet normal -0.23343914421815984 -0.9723714135795504 0
    outer loop
      vertex 50.17285446822643 12.304858580231667 0.901
      vertex 51.43518228828907 12.001809023320675 0.901
      vertex 51.43518228828907 12.001809023320675 1.5
    endloop
  endfacet
  facet normal -0.7668302537157488 0.641849952859888 0
    outer loop
      vertex 48.997769735753536 13.639056414365768 0.901
      vertex 48.997769735753536 13.639056414365768 1.5
      vertex 49.0965778157115 13.75710429251194 0.901
    endloop
  endfacet
  facet normal -0.6295803290801681 0.7769353957925378 0
    outer loop
      vertex 49.0965778157115 13.75710429251194 0.901
      vertex 49.0965778157115 13.75710429251194 1.5
      vertex 49.223616778850555 13.860048800706863 0.901
    endloop
  endfacet
  facet normal -0.49502084317283573 0.868881099359662 0
    outer loop
      vertex 49.223616778850555 13.860048800706863 0.901
      vertex 49.223616778850555 13.860048800706863 1.5
      vertex 49.374310456216335 13.945902332663536 0.901
    endloop
  endfacet
  facet normal -0.3660262486158874 0.9306045268126416 0
    outer loop
      vertex 49.374310456216335 13.945902332663536 0.901
      vertex 49.374310456216335 13.945902332663536 1.5
      vertex 49.54408270120621 14.012677311897278 0.901
    endloop
  endfacet
  facet normal -0.2448721531291849 0.969555376769103 0
    outer loop
      vertex 49.54408270120621 14.012677311897278 0.901
      vertex 49.54408270120621 14.012677311897278 1.5
      vertex 49.73293351382017 14.060373716056347 0.901
    endloop
  endfacet
  facet normal -0.13634718773084054 0.9906611148106556 0
    outer loop
      vertex 49.73293351382017 14.060373716056347 0.901
      vertex 49.73293351382017 14.060373716056347 1.5
      vertex 49.94086288660765 14.088991560041904 0.901
    endloop
  endfacet
  facet normal 0.2957025366443443 -0.955280068787212 0
    outer loop
      vertex 48.84989035129547 15.135389797389507 0.901
      vertex 49.27033405005932 15.265536203980446 0.901
      vertex 49.27033405005932 15.265536203980446 1.5
    endloop
  endfacet
  facet normal 0.1625129747271081 -0.9867064067114121 0
    outer loop
      vertex 49.27033405005932 15.265536203980446 0.901
      vertex 49.7444486618042 15.343624047935009 0.901
      vertex 49.7444486618042 15.343624047935009 1.5
    endloop
  endfacet
  facet normal -0.04198475550040343 0.9991182514124999 0
    outer loop
      vertex 49.94086288660765 14.088991560041904 0.901
      vertex 49.94086288660765 14.088991560041904 1.5
      vertex 50.167870819568634 14.09853084385395 0.901
    endloop
  endfacet
  facet normal 0.03572454174658455 0.9993616748289863 0
    outer loop
      vertex 50.167870819568634 14.09853084385395 0.901
      vertex 50.167870819568634 14.09853084385395 1.5
      vertex 50.37362790852785 14.091175571084023 0.901
    endloop
  endfacet
  facet normal 0.11426627396654782 0.9934501591090525 0
    outer loop
      vertex 50.37362790852785 14.091175571084023 0.901
      vertex 50.37362790852785 14.091175571084023 1.5
      vertex 50.56547183543444 14.069109752774239 0.901
    endloop
  endfacet
  facet normal 0.2995010973299088 0.9540959557079051 0
    outer loop
      vertex 50.907420203089714 13.980846479535103 0.901
      vertex 50.74340260028839 14.032333388924599 0.901
      vertex 50.74340260028839 14.032333388924599 1.5
    endloop
  endfacet
  facet normal 0.4035121693838245 0.9149742778675036 0
    outer loop
      vertex 50.907420203089714 13.980846479535103 0.901
      vertex 50.907420203089714 13.980846479535103 1.5
      vertex 51.057524643838406 13.914649024605751 0.901
    endloop
  endfacet
  facet normal 0.5450637379888925 0.8383946096734973 0
    outer loop
      vertex 51.252326510846615 13.788002893328667 0.901
      vertex 51.057524643838406 13.914649024605751 0.901
      vertex 51.057524643838406 13.914649024605751 1.5
    endloop
  endfacet
  facet normal 0.20241085678034706 0.9793006918497739 0
    outer loop
      vertex 50.56547183543444 14.069109752774239 0.901
      vertex 50.56547183543444 14.069109752774239 1.5
      vertex 50.74340260028839 14.032333388924599 0.901
    endloop
  endfacet
  facet normal 0.04925805933046209 -0.9987860850006856 0
    outer loop
      vertex 49.7444486618042 15.343624047935009 0.901
      vertex 50.272234201431274 15.369653336703777 0.901
      vertex 50.272234201431274 15.369653336703777 1.5
    endloop
  endfacet
  facet normal -0.05447548446727794 -0.9985151083444133 0
    outer loop
      vertex 50.272234201431274 15.369653336703777 0.901
      vertex 50.721829287707806 15.345125004649162 0.901
      vertex 50.721829287707806 15.345125004649162 1.5
    endloop
  endfacet
  facet normal -0.17163983735986693 -0.98515976685565 0
    outer loop
      vertex 51.14418435841799 15.271540030837059 0.901
      vertex 51.14418435841799 15.271540030837059 1.5
      vertex 50.721829287707806 15.345125004649162 0.901
    endloop
  endfacet
  facet normal -0.25961230925438167 -0.9657129226036107 0
    outer loop
      vertex 51.43518228828907 12.001809023320675 0.901
      vertex 51.75087857246399 11.916940487921238 0.901
      vertex 51.75087857246399 11.916940487921238 1.5
    endloop
  endfacet
  facet normal -0.31994279318345853 -0.9474368628515394 0
    outer loop
      vertex 51.75087857246399 11.916940487921238 0.901
      vertex 52.03397010266781 11.821342460811138 0.901
      vertex 52.03397010266781 11.821342460811138 1.5
    endloop
  endfacet
  facet normal -0.39073796902572633 -0.9205019497869902 0
    outer loop
      vertex 52.03397010266781 11.821342460811138 0.901
      vertex 52.28445686399937 11.715014941990376 0.901
      vertex 52.28445686399937 11.715014941990376 1.5
    endloop
  endfacet
  facet normal 0.9898324288186865 0.1422384014916506 0
    outer loop
      vertex 51.634015046060085 12.975305333733559 0.901
      vertex 51.59822075068951 13.224396675825119 0.901
      vertex 51.59822075068951 13.224396675825119 1.5
    endloop
  endfacet
  facet normal 0.9450950323962322 0.32679562380785476 0
    outer loop
      vertex 51.59822075068951 13.224396675825119 0.901
      vertex 51.522674567997456 13.44287671893835 0.901
      vertex 51.522674567997456 13.44287671893835 1.5
    endloop
  endfacet
  facet normal 0 1 0
    outer loop
      vertex 51.634015046060085 12.975305333733559 0.901
      vertex 51.634015046060085 12.975305333733559 1.5
      vertex 53.10506962239742 12.975305333733559 0.901
    endloop
  endfacet
  facet normal -0.4732719321868614 -0.8809163854782783 0
    outer loop
      vertex 52.28445686399937 11.715014941990376 0.901
      vertex 52.502338871359825 11.59795793145895 0.901
      vertex 52.502338871359825 11.59795793145895 1.5
    endloop
  endfacet
  facet normal -0.9944678747183354 -0.10504116408911755 0
    outer loop
      vertex 53.10506962239742 12.975305333733559 0.901
      vertex 53.10506962239742 12.975305333733559 1.5
      vertex 53.0580679923296 13.4202890843153 0.901
    endloop
  endfacet
  facet normal -0.9647817389565371 -0.26305169867537515 0
    outer loop
      vertex 53.0580679923296 13.4202890843153 0.901
      vertex 53.0580679923296 13.4202890843153 1.5
      vertex 52.94884116202593 13.820894941687584 0.901
    endloop
  endfacet
  facet normal 0.7120869978219909 0.7020912387523889 0
    outer loop
      vertex 51.252326510846615 13.788002893328667 0.901
      vertex 51.252326510846615 13.788002893328667 1.5
      vertex 51.40737648308277 13.630745455622673 0.901
    endloop
  endfacet
  facet normal 0.8522923992634581 0.5230656423028933 0
    outer loop
      vertex 51.40737648308277 13.630745455622673 0.901
      vertex 51.40737648308277 13.630745455622673 1.5
      vertex 51.522674567997456 13.44287671893835 0.901
    endloop
  endfacet
  facet normal -0.2964426696212232 -0.9550506497709126 0
    outer loop
      vertex 51.14418435841799 15.271540030837059 0.901
      vertex 51.53929941356182 15.148898407816887 0.901
      vertex 51.53929941356182 15.148898407816887 1.5
    endloop
  endfacet
  facet normal -0.4229325087837792 -0.9061611848969577 0
    outer loop
      vertex 51.53929941356182 15.148898407816887 0.901
      vertex 51.907174460589886 14.977200128138065 0.901
      vertex 51.907174460589886 14.977200128138065 1.5
    endloop
  endfacet
  facet normal -0.5438485513871829 -0.839183384698519 0
    outer loop
      vertex 52.2478094920516 14.756445199251175 0.901
      vertex 52.2478094920516 14.756445199251175 1.5
      vertex 51.907174460589886 14.977200128138065 0.901
    endloop
  endfacet
  facet normal -0.9010660748619801 -0.4336818289170353 0
    outer loop
      vertex 52.94884116202593 13.820894941687584 0.901
      vertex 52.94884116202593 13.820894941687584 1.5
      vertex 52.777389138937 14.177122920751572 0.901
    endloop
  endfacet
  facet normal -0.8002590081597561 -0.5996545004076624 0
    outer loop
      vertex 52.54371191561222 14.488972999155521 0.901
      vertex 52.777389138937 14.177122920751572 0.901
      vertex 52.777389138937 14.177122920751572 1.5
    endloop
  endfacet
  facet normal -0.670569931967682 -0.7418463225903721 0
    outer loop
      vertex 52.2478094920516 14.756445199251175 0.901
      vertex 52.54371191561222 14.488972999155521 0.901
      vertex 52.54371191561222 14.488972999155521 1.5
    endloop
  endfacet
  facet normal 0.8913148297513146 0.45338490740802667 0
    outer loop
      vertex 54.738083846867085 9.081147126853466 0.901
      vertex 54.484815038740635 9.579051315784454 0.901
      vertex 54.484815038740635 9.579051315784454 1.5
    endloop
  endfacet
  facet normal 0.6841814106972756 0.7293118655666353 0
    outer loop
      vertex 55.4525625705719 8.27885366231203 0.901
      vertex 55.0637151747942 8.643638841807842 0.901
      vertex 55.0637151747942 8.643638841807842 1.5
    endloop
  endfacet
  facet normal 0.5393974786523812 0.8420512811126494 0
    outer loop
      vertex 55.4525625705719 8.27885366231203 0.901
      vertex 55.4525625705719 8.27885366231203 1.5
      vertex 55.89547957479954 7.995131850242615 0.901
    endloop
  endfacet
  facet normal 0.37758834991292056 0.9259735622630043 0
    outer loop
      vertex 55.89547957479954 7.995131850242615 0.901
      vertex 55.89547957479954 7.995131850242615 1.5
      vertex 56.39246618747711 7.792473413050175 0.901
    endloop
  endfacet
  facet normal 0.8021947849756175 0.597062414625073 0
    outer loop
      vertex 54.738083846867085 9.081147126853466 0.901
      vertex 54.738083846867085 9.081147126853466 1.5
      vertex 55.0637151747942 8.643638841807842 0.901
    endloop
  endfacet
  facet normal 0.9849568573701692 0.17280043147943805 0
    outer loop
      vertex 54.30390874296427 10.137351416051388 0.901
      vertex 54.19536496698856 10.756047420203686 0.901
      vertex 54.19536496698856 10.756047420203686 1.5
    endloop
  endfacet
  facet normal 0.9513047937596941 0.30825182784506844 0
    outer loop
      vertex 54.484815038740635 9.579051315784454 0.901
      vertex 54.30390874296427 10.137351416051388 0.901
      vertex 54.30390874296427 10.137351416051388 1.5
    endloop
  endfacet
  facet normal 0.9985836950836284 0.05320342012621927 0
    outer loop
      vertex 54.19536496698856 10.756047420203686 0.901
      vertex 54.15918371081352 11.435139335691929 0.901
      vertex 54.15918371081352 11.435139335691929 1.5
    endloop
  endfacet
  facet normal -0.9130779793992633 -0.407784996703114 0
    outer loop
      vertex 55.90807646512985 10.155307196080685 0.901
      vertex 56.05069664120674 9.835964053869247 0.901
      vertex 56.05069664120674 9.835964053869247 1.5
    endloop
  endfacet
  facet normal -0.9638984045146152 -0.2662702870659423 0
    outer loop
      vertex 55.90807646512985 10.155307196080685 0.901
      vertex 55.90807646512985 10.155307196080685 1.5
      vertex 55.80620490759611 10.524082221090794 0.901
    endloop
  endfacet
  facet normal -0.999052242777773 -0.04352718921205069 0
    outer loop
      vertex 55.7450819760561 10.942289143800735 0.901
      vertex 55.7450819760561 10.942289143800735 1.5
      vertex 55.724707663059235 11.40992795675993 0.901
    endloop
  endfacet
  facet normal -0.9894875162828937 -0.1446183083855929 0
    outer loop
      vertex 55.80620490759611 10.524082221090794 0.901
      vertex 55.80620490759611 10.524082221090794 1.5
      vertex 55.7450819760561 10.942289143800735 0.901
    endloop
  endfacet
  facet normal -0.9991597772855455 0.040984624613372295 0
    outer loop
      vertex 55.724707663059235 11.40992795675993 0.901
      vertex 55.724707663059235 11.40992795675993 1.5
      vertex 55.74398850649595 11.879973575472832 0.901
    endloop
  endfacet
  facet normal 0.21547478693546282 0.9765094040484796 0
    outer loop
      vertex 56.39246618747711 7.792473413050175 0.901
      vertex 56.39246618747711 7.792473413050175 1.5
      vertex 56.94352240860462 7.670878350734711 0.901
    endloop
  endfacet
  facet normal -0.8271698856568993 -0.5619519376800404 0
    outer loop
      vertex 56.05069664120674 9.835964053869247 0.901
      vertex 56.23406544327736 9.566052801907063 0.901
      vertex 56.23406544327736 9.566052801907063 1.5
    endloop
  endfacet
  facet normal -0.7165713549646572 -0.6975137943038225 0
    outer loop
      vertex 56.23406544327736 9.566052801907063 0.901
      vertex 56.44887224584818 9.345377020537853 0.901
      vertex 56.44887224584818 9.345377020537853 1.5
    endloop
  endfacet
  facet normal -0.5867478108341362 -0.8097697243546147 0
    outer loop
      vertex 56.44887224584818 9.345377020537853 0.901
      vertex 56.68574779480696 9.173740312457085 0.901
      vertex 56.68574779480696 9.173740312457085 1.5
    endloop
  endfacet
  facet normal -0.4279148056125327 -0.9038190743382153 0
    outer loop
      vertex 56.68574779480696 9.173740312457085 0.901
      vertex 56.944692097604275 9.051142655313015 0.901
      vertex 56.944692097604275 9.051142655313015 1.5
    endloop
  endfacet
  facet normal -0.2532303123443099 -0.9674060207120914 0
    outer loop
      vertex 56.944692097604275 9.051142655313015 0.901
      vertex 57.22570515424013 8.977584064006805 0.901
      vertex 57.22570515424013 8.977584064006805 1.5
    endloop
  endfacet
  facet normal -0.08063725753041848 -0.9967435139984474 0
    outer loop
      vertex 57.22570515424013 8.977584064006805 0.901
      vertex 57.52878695726395 8.953064531087875 0.901
      vertex 57.52878695726395 8.953064531087875 1.5
    endloop
  endfacet
  facet normal 0.06853833785050223 -0.9976484833069664 0
    outer loop
      vertex 57.52878695726395 8.953064531087875 0.901
      vertex 57.835512682795525 8.974136553704739 0.901
      vertex 57.835512682795525 8.974136553704739 1.5
    endloop
  endfacet
  facet normal 0.22317438632945194 -0.9747785355076672 0
    outer loop
      vertex 57.835512682795525 8.974136553704739 0.901
      vertex 58.11162710189819 9.037352621555328 0.901
      vertex 58.11162710189819 9.037352621555328 1.5
    endloop
  endfacet
  facet normal 0.39437614705950935 -0.9189491033950119 0
    outer loop
      vertex 58.11162710189819 9.037352621555328 0.901
      vertex 58.35713022202253 9.142712727189064 0.901
      vertex 58.35713022202253 9.142712727189064 1.5
    endloop
  endfacet
  facet normal 0.998422562705408 -0.056146115455709224 0
    outer loop
      vertex 54.15918371081352 11.435139335691929 0.901
      vertex 54.20033395290375 12.166896641254425 0.901
      vertex 54.20033395290375 12.166896641254425 1.5
    endloop
  endfacet
  facet normal 0.9830242606545179 -0.18347561953741542 0
    outer loop
      vertex 54.20033395290375 12.166896641254425 0.901
      vertex 54.323784694075584 12.828320071101189 0.901
      vertex 54.323784694075584 12.828320071101189 1.5
    endloop
  endfacet
  facet normal 0.9444199962554648 -0.328741343114656 0
    outer loop
      vertex 54.323784694075584 12.828320071101189 0.901
      vertex 54.52953591942787 13.419409617781639 0.901
      vertex 54.52953591942787 13.419409617781639 1.5
    endloop
  endfacet
  facet normal -0.9908807130461605 0.13474202207601202 0
    outer loop
      vertex 55.74398850649595 11.879973575472832 0.901
      vertex 55.74398850649595 11.879973575472832 1.5
      vertex 55.801831029355526 12.30534228682518 0.901
    endloop
  endfacet
  facet normal -0.96940029945963 0.2454853547720914 0
    outer loop
      vertex 55.801831029355526 12.30534228682518 0.901
      vertex 55.801831029355526 12.30534228682518 1.5
      vertex 55.898235231637955 12.686034090816975 0.901
    endloop
  endfacet
  facet normal -0.927942523485463 0.3727233197794725 0
    outer loop
      vertex 55.898235231637955 12.686034090816975 0.901
      vertex 55.898235231637955 12.686034090816975 1.5
      vertex 56.03320112079382 13.022048987448215 0.901
    endloop
  endfacet
  facet normal 0.8750524647143155 -0.4840280818272855 0
    outer loop
      vertex 54.52953591942787 13.419409617781639 0.901
      vertex 54.81758763641119 13.940165281295776 0.901
      vertex 54.81758763641119 13.940165281295776 1.5
    endloop
  endfacet
  facet normal 0.7724209386258898 -0.6351109301313427 0
    outer loop
      vertex 54.81758763641119 13.940165281295776 0.901
      vertex 55.18793984502554 14.390587069094181 0.901
      vertex 55.18793984502554 14.390587069094181 1.5
    endloop
  endfacet
  facet normal 0.6531473412644575 -0.7572308436660317 0
    outer loop
      vertex 55.18793984502554 14.390587069094181 0.901
      vertex 55.565248630940914 14.716033704578876 0.901
      vertex 55.565248630940914 14.716033704578876 1.5
    endloop
  endfacet
  facet normal 0.5195580472855928 -0.8544351558197858 0
    outer loop
      vertex 55.565248630940914 14.716033704578876 0.901
      vertex 55.98152366280556 14.969158872961998 0.901
      vertex 55.98152366280556 14.969158872961998 1.5
    endloop
  endfacet
  facet normal -0.8591475567528744 0.5117279313517746 0
    outer loop
      vertex 56.03320112079382 13.022048987448215 0.901
      vertex 56.03320112079382 13.022048987448215 1.5
      vertex 56.20672868937254 13.313386976718903 0.901
    endloop
  endfacet
  facet normal -0.7601608653208036 0.6497349142802216 0
    outer loop
      vertex 56.20672868937254 13.313386976718903 0.901
      vertex 56.20672868937254 13.313386976718903 1.5
      vertex 56.4136818498373 13.555512942373753 0.901
    endloop
  endfacet
  facet normal -0.6250450161110529 0.7805887059359323 0
    outer loop
      vertex 56.4136818498373 13.555512942373753 0.901
      vertex 56.4136818498373 13.555512942373753 1.5
      vertex 56.64886590093374 13.743833139538765 0.901
    endloop
  endfacet
  facet normal -0.4547897139207572 0.8905988525210865 0
    outer loop
      vertex 56.64886590093374 13.743833139538765 0.901
      vertex 56.64886590093374 13.743833139538765 1.5
      vertex 56.912280820310116 13.87834756821394 0.901
    endloop
  endfacet
  facet normal -0.266710900023221 0.9637765798196195 0
    outer loop
      vertex 56.912280820310116 13.87834756821394 0.901
      vertex 56.912280820310116 13.87834756821394 1.5
      vertex 57.203926630318165 13.959056228399277 0.901
    endloop
  endfacet
  facet normal 0.3691142948608847 -0.9293840096156979 0
    outer loop
      vertex 55.98152366280556 14.969158872961998 0.901
      vertex 56.43676491826773 15.149962559342384 0.901
      vertex 56.43676491826773 15.149962559342384 1.5
    endloop
  endfacet
  facet normal 0.21440284187028522 -0.9767453206429738 0
    outer loop
      vertex 56.43676491826773 15.149962559342384 0.901
      vertex 56.930972419679165 15.258444771170616 0.901
      vertex 56.930972419679165 15.258444771170616 1.5
    endloop
  endfacet
  facet normal -0.0838080407349093 0.996481917702562 0
    outer loop
      vertex 57.203926630318165 13.959056228399277 0.901
      vertex 57.203926630318165 13.959056228399277 1.5
      vertex 57.52380330860615 13.985959112644196 0.901
    endloop
  endfacet
  facet normal 0.061071738290229244 0.9981333792546013 0
    outer loop
      vertex 57.52380330860615 13.985959112644196 0.901
      vertex 57.52380330860615 13.985959112644196 1.5
      vertex 57.835712030529976 13.966874681413174 0.901
    endloop
  endfacet
  facet normal 0.200535334196214 0.9796864701213408 0
    outer loop
      vertex 57.835712030529976 13.966874681413174 0.901
      vertex 57.835712030529976 13.966874681413174 1.5
      vertex 58.115414671599865 13.90962140262127 0.901
    endloop
  endfacet
  facet normal 0.527255699811482 0.8497066711614688 0
    outer loop
      vertex 58.57820176333189 13.680608287453651 0.901
      vertex 58.36291125416756 13.814199268817902 0.901
      vertex 58.36291125416756 13.814199268817902 1.5
    endloop
  endfacet
  facet normal 0.3597380593763003 0.9330533364369763 0
    outer loop
      vertex 58.115414671599865 13.90962140262127 0.901
      vertex 58.115414671599865 13.90962140262127 1.5
      vertex 58.36291125416756 13.814199268817902 0.901
    endloop
  endfacet
  facet normal 0.06766623179987244 -0.9977080139369463 0
    outer loop
      vertex 56.930972419679165 15.258444771170616 0.901
      vertex 57.46414615213871 15.294605508446693 0.901
      vertex 57.46414615213871 15.294605508446693 1.5
    endloop
  endfacet
  facet normal -0.06923495736830684 -0.9976003812540414 0
    outer loop
      vertex 57.46414615213871 15.294605508446693 0.901
      vertex 58.16390260308981 15.246041364967823 0.901
      vertex 58.16390260308981 15.246041364967823 1.5
    endloop
  endfacet
  facet normal 0 1 0
    outer loop
      vertex 40.16283815354109 7.832037687301636 0.901
      vertex 38.64209371060133 7.832037687301636 1.5
      vertex 40.16283815354109 7.832037687301636 1.5
    endloop
  endfacet
  facet normal -1 0 0
    outer loop
      vertex 40.16283815354109 10.904307909309864 0.901
      vertex 40.16283815354109 7.832037687301636 1.5
      vertex 40.16283815354109 10.904307909309864 1.5
    endloop
  endfacet
  facet normal 0 1 0
    outer loop
      vertex 43.37838815897703 10.904307909309864 0.901
      vertex 40.16283815354109 10.904307909309864 1.5
      vertex 43.37838815897703 10.904307909309864 1.5
    endloop
  endfacet
  facet normal -1 0 0
    outer loop
      vertex 40.16283815354109 13.864006400108337 0.901
      vertex 40.16283815354109 12.17543040215969 1.5
      vertex 40.16283815354109 13.864006400108337 1.5
    endloop
  endfacet
  facet normal 0 -1 0
    outer loop
      vertex 40.16283815354109 12.17543040215969 0.901
      vertex 43.37838815897703 12.17543040215969 1.5
      vertex 40.16283815354109 12.17543040215969 1.5
    endloop
  endfacet
  facet normal 0 -1 0
    outer loop
      vertex 38.64209371060133 15.149200357496738 0.901
      vertex 43.83563753217459 15.149200357496738 1.5
      vertex 38.64209371060133 15.149200357496738 1.5
    endloop
  endfacet
  facet normal -1 0 0
    outer loop
      vertex 43.37838815897703 12.17543040215969 0.901
      vertex 43.37838815897703 10.904307909309864 1.5
      vertex 43.37838815897703 12.17543040215969 1.5
    endloop
  endfacet
  facet normal 0 1 0
    outer loop
      vertex 43.83563753217459 13.864006400108337 0.901
      vertex 40.16283815354109 13.864006400108337 1.5
      vertex 43.83563753217459 13.864006400108337 1.5
    endloop
  endfacet
  facet normal -1 0 0
    outer loop
      vertex 43.83563753217459 15.149200357496738 0.901
      vertex 43.83563753217459 13.864006400108337 1.5
      vertex 43.83563753217459 15.149200357496738 1.5
    endloop
  endfacet
  facet normal 0 1 0
    outer loop
      vertex 46.26135317981243 7.832037687301636 0.901
      vertex 44.74053544551134 7.832037687301636 1.5
      vertex 46.26135317981243 7.832037687301636 1.5
    endloop
  endfacet
  facet normal -1 0 0
    outer loop
      vertex 46.26135317981243 7.832037687301636 0.901
      vertex 46.26135317981243 7.832037687301636 1.5
      vertex 46.26135317981243 12.41570655462332 1.5
    endloop
  endfacet
  facet normal 1 0 0
    outer loop
      vertex 44.74053544551134 7.832037687301636 0.901
      vertex 44.74053544551134 15.158581331372261 1.5
      vertex 44.74053544551134 7.832037687301636 1.5
    endloop
  endfacet
  facet normal 0.9708391941958375 0.2397316395747063 0
    outer loop
      vertex 47.46624010056257 9.258670404553413 0.901
      vertex 47.36783657222986 9.657174341380596 1.5
      vertex 47.46624010056257 9.258670404553413 1.5
    endloop
  endfacet
  facet normal 0.8126557563332873 0.5827440447558195 0
    outer loop
      vertex 47.85985419899225 8.579124100506306 0.901
      vertex 47.630245976150036 8.89932032674551 1.5
      vertex 47.85985419899225 8.579124100506306 1.5
    endloop
  endfacet
  facet normal 0.6895129176902952 0.7242733850820533 0
    outer loop
      vertex 48.1550647765398 8.29808173328638 0.901
      vertex 47.85985419899225 8.579124100506306 1.5
      vertex 48.1550647765398 8.29808173328638 1.5
    endloop
  endfacet
  facet normal 0.5552603783360782 0.8316765670920849 0
    outer loop
      vertex 48.50752863287926 8.062762834131718 0.901
      vertex 48.1550647765398 8.29808173328638 1.5
      vertex 48.50752863287926 8.062762834131718 1.5
    endloop
  endfacet
  facet normal 0.9097312732703763 0.41519755591026775 0
    outer loop
      vertex 47.630245976150036 8.89932032674551 0.901
      vertex 47.46624010056257 9.258670404553413 1.5
      vertex 47.630245976150036 8.89932032674551 1.5
    endloop
  endfacet
  facet normal 0.9972032442096331 0.07473747211260906 0
    outer loop
      vertex 47.36783657222986 9.657174341380596 0.901
      vertex 47.335035398602486 10.094832129776478 1.5
      vertex 47.36783657222986 9.657174341380596 1.5
    endloop
  endfacet
  facet normal 0 -1 0
    outer loop
      vertex 47.335035398602486 10.094832129776478 0.901
      vertex 48.79619597643614 10.094832129776478 1.5
      vertex 47.335035398602486 10.094832129776478 1.5
    endloop
  endfacet
  facet normal 0.6458842838982823 0.7634353226129919 0
    outer loop
      vertex 48.19486064463854 11.5 0.901
      vertex 47.92827671021223 11.725536294281483 1.5
      vertex 48.19486064463854 11.5 1.5
    endloop
  endfacet
  facet normal 0.5067085690489396 0.8621174085078992 0
    outer loop
      vertex 48.398017443716526 11.380594812333584 0.901
      vertex 48.19486064463854 11.5 1.5
      vertex 48.398017443716526 11.380594812333584 1.5
    endloop
  endfacet
  facet normal 0.40745553472438983 0.913225047412992 0
    outer loop
      vertex 48.65763600170612 11.264760255813599 0.901
      vertex 48.398017443716526 11.380594812333584 1.5
      vertex 48.65763600170612 11.264760255813599 1.5
    endloop
  endfacet
  facet normal -1 0 0
    outer loop
      vertex 46.26135317981243 15.158581331372261 0.901
      vertex 46.26135317981243 12.41570655462332 1.5
      vertex 46.26135317981243 15.158581331372261 1.5
    endloop
  endfacet
  facet normal 0 -1 0
    outer loop
      vertex 44.74053544551134 15.158581331372261 0.901
      vertex 46.26135317981243 15.158581331372261 1.5
      vertex 44.74053544551134 15.158581331372261 1.5
    endloop
  endfacet
  facet normal 0.9973792120997045 0.0723512769159794 0
    outer loop
      vertex 47.483970150351524 12.6763277053833 0.901
      vertex 47.45434971153736 13.084652356803417 1.5
      vertex 47.483970150351524 12.6763277053833 1.5
    endloop
  endfacet
  facet normal 0.9971759879402777 -0.07510026015488282 0
    outer loop
      vertex 47.45434971153736 13.084652356803417 0.901
      vertex 47.482976354658604 13.464754916727543 1.5
      vertex 47.45434971153736 13.084652356803417 1.5
    endloop
  endfacet
  facet normal 0.9059625035327449 0.4233579362580571 0
    outer loop
      vertex 47.72093364596367 11.996769681572914 0.901
      vertex 47.57283145934343 12.313700146973133 1.5
      vertex 47.72093364596367 11.996769681572914 1.5
    endloop
  endfacet
  facet normal 0.7944577507010193 0.6073194236570052 0
    outer loop
      vertex 47.92827671021223 11.725536294281483 0.901
      vertex 47.72093364596367 11.996769681572914 1.5
      vertex 47.92827671021223 11.725536294281483 1.5
    endloop
  endfacet
  facet normal 0.9712635389176548 0.23800659228087176 0
    outer loop
      vertex 47.57283145934343 12.313700146973133 0.901
      vertex 47.483970150351524 12.6763277053833 1.5
      vertex 47.57283145934343 12.313700146973133 1.5
    endloop
  endfacet
  facet normal 0.9717314991676645 -0.23608874078482275 0
    outer loop
      vertex 47.482976354658604 13.464754916727543 0.901
      vertex 47.56885626912117 13.818233095109463 1.5
      vertex 47.482976354658604 13.464754916727543 1.5
    endloop
  endfacet
  facet normal 0.9160186864519727 -0.40113559561674716 0
    outer loop
      vertex 47.56885626912117 13.818233095109463 0.901
      vertex 47.71198946982622 14.145086877048016 1.5
      vertex 47.56885626912117 13.818233095109463 1.5
    endloop
  endfacet
  facet normal 0.8317515526287974 -0.5551480475509076 0
    outer loop
      vertex 47.71198946982622 14.145086877048016 0.901
      vertex 47.91237594932318 14.445316277444363 1.5
      vertex 47.71198946982622 14.145086877048016 1.5
    endloop
  endfacet
  facet normal 0.7280284468519937 -0.6855469207678447 0
    outer loop
      vertex 47.91237594932318 14.445316277444363 0.901
      vertex 48.17001570761204 14.718921288847923 1.5
      vertex 47.91237594932318 14.445316277444363 1.5
    endloop
  endfacet
  facet normal 0.5990783912737006 -0.8006903778046262 0
    outer loop
      vertex 48.17001570761204 14.718921288847923 0.901
      vertex 48.48311757296324 14.953184828162193 1.5
      vertex 48.17001570761204 14.718921288847923 1.5
    endloop
  endfacet
  facet normal 0.4449042935822537 -0.8955781202955305 0
    outer loop
      vertex 48.48311757296324 14.953184828162193 0.901
      vertex 48.84989035129547 15.135389797389507 1.5
      vertex 48.48311757296324 14.953184828162193 1.5
    endloop
  endfacet
  facet normal 0.15523323470149103 0.9878778481391877 0
    outer loop
      vertex 49.858345463871956 7.670564673841 0.901
      vertex 49.359168976545334 7.749004311859608 1.5
      vertex 49.858345463871956 7.670564673841 1.5
    endloop
  endfacet
  facet normal 0.04765144475990963 0.99886402468619 0
    outer loop
      vertex 50.40642615407705 7.6444181352853775 0.901
      vertex 49.858345463871956 7.670564673841 1.5
      vertex 50.40642615407705 7.6444181352853775 1.5
    endloop
  endfacet
  facet normal -0.049505453184075246 0.9987738533346973 0
    outer loop
      vertex 50.941681295633316 7.670948714017868 0.901
      vertex 50.40642615407705 7.6444181352853775 1.5
      vertex 50.941681295633316 7.670948714017868 1.5
    endloop
  endfacet
  facet normal -0.16208284859135963 0.9867771532582776 0
    outer loop
      vertex 51.42624397575855 7.750540442764759 0.901
      vertex 50.941681295633316 7.670948714017868 1.5
      vertex 51.42624397575855 7.750540442764759 1.5
    endloop
  endfacet
  facet normal 0.21547478693546282 0.9765094040484796 0
    outer loop
      vertex 56.94352240860462 7.670878350734711 0.901
      vertex 56.39246618747711 7.792473413050175 1.5
      vertex 56.94352240860462 7.670878350734711 1.5
    endloop
  endfacet
  facet normal 0.06683084587752754 0.9977643198868629 0
    outer loop
      vertex 57.54864824563265 7.630346663296223 0.901
      vertex 56.94352240860462 7.670878350734711 1.5
      vertex 57.54864824563265 7.630346663296223 1.5
    endloop
  endfacet
  facet normal -0.06085427695217158 0.9981466610556929 0
    outer loop
      vertex 58.04126977175474 7.660380452871323 0.901
      vertex 57.54864824563265 7.630346663296223 1.5
      vertex 58.04126977175474 7.660380452871323 1.5
    endloop
  endfacet
  facet normal -0.19382591111886707 0.981035940309498 0
    outer loop
      vertex 58.49731134623289 7.750481814146042 0.901
      vertex 58.04126977175474 7.660380452871323 1.5
      vertex 58.49731134623289 7.750481814146042 1.5
    endloop
  endfacet
  facet normal 0.41490316494720747 0.90986557453109 0
    outer loop
      vertex 48.90889669954777 7.87973702698946 0.901
      vertex 48.50752863287926 8.062762834131718 1.5
      vertex 48.90889669954777 7.87973702698946 1.5
    endloop
  endfacet
  facet normal 0.27882692555908306 0.9603413692970171 0
    outer loop
      vertex 49.359168976545334 7.749004311859608 0.901
      vertex 48.90889669954777 7.87973702698946 1.5
      vertex 49.359168976545334 7.749004311859608 1.5
    endloop
  endfacet
  facet normal -0.511202749663587 -0.8594601495918166 0
    outer loop
      vertex 49.239930883049965 9.181538246572018 0.901
      vertex 49.452835105359554 9.054903842508793 1.5
      vertex 49.239930883049965 9.181538246572018 1.5
    endloop
  endfacet
  facet normal -0.8210816218968152 -0.5708108006890683 0
    outer loop
      vertex 48.99340758472681 9.453900277614594 0.901
      vertex 49.069563530385494 9.344353914260864 1.5
      vertex 48.99340758472681 9.453900277614594 1.5
    endloop
  endfacet
  facet normal -0.9396057511919986 -0.34225872133069196 0
    outer loop
      vertex 48.87331934273243 9.733816929161549 0.901
      vertex 48.92799285054207 9.583721287548542 1.5
      vertex 48.87331934273243 9.733816929161549 1.5
    endloop
  endfacet
  facet normal -0.8930354546000163 -0.4499863073776158 0
    outer loop
      vertex 48.92799285054207 9.583721287548542 0.901
      vertex 48.99340758472681 9.453900277614594 1.5
      vertex 48.92799285054207 9.583721287548542 1.5
    endloop
  endfacet
  facet normal -0.6909025705011224 -0.7229478806075453 0
    outer loop
      vertex 49.069563530385494 9.344353914260864 0.901
      vertex 49.239930883049965 9.181538246572018 1.5
      vertex 49.069563530385494 9.344353914260864 1.5
    endloop
  endfacet
  facet normal -0.3337960810392895 -0.9426453077816768 0
    outer loop
      vertex 49.452835105359554 9.054903842508793 0.901
      vertex 49.70827619731426 8.96445069462061 1.5
      vertex 49.452835105359554 9.054903842508793 1.5
    endloop
  endfacet
  facet normal -0.17918608161358954 -0.9838152002057949 0
    outer loop
      vertex 49.70827619731426 8.96445069462061 0.901
      vertex 50.00625416636467 8.910178810358047 1.5
      vertex 49.70827619731426 8.96445069462061 1.5
    endloop
  endfacet
  facet normal -0.05305248786065566 -0.9985917251468664 0
    outer loop
      vertex 50.00625416636467 8.910178810358047 0.901
      vertex 50.346768997609615 8.892088174819946 1.5
      vertex 50.00625416636467 8.910178810358047 1.5
    endloop
  endfacet
  facet normal 0.022864761005273657 -0.9997385671785257 0
    outer loop
      vertex 50.346768997609615 8.892088174819946 0.901
      vertex 50.55531693249941 8.89685782045126 1.5
      vertex 50.346768997609615 8.892088174819946 1.5
    endloop
  endfacet
  facet normal 0.07422625719814774 -0.99724142650732 0
    outer loop
      vertex 50.55531693249941 8.89685782045126 0.901
      vertex 50.747559547424316 8.911166742444038 1.5
      vertex 50.55531693249941 8.89685782045126 1.5
    endloop
  endfacet
  facet normal 0.13432108342371962 -0.9909378621023007 0
    outer loop
      vertex 50.747559547424316 8.911166742444038 0.901
      vertex 50.9234968572855 8.935014948248863 1.5
      vertex 50.747559547424316 8.911166742444038 1.5
    endloop
  endfacet
  facet normal 0.20472296240332352 -0.9788199572264591 0
    outer loop
      vertex 50.9234968572855 8.935014948248863 0.901
      vertex 51.0831288471818 8.968402430415154 1.5
      vertex 50.9234968572855 8.935014948248863 1.5
    endloop
  endfacet
  facet normal 0.2869110248781619 -0.9579572348509942 0
    outer loop
      vertex 51.0831288471818 8.968402430415154 0.901
      vertex 51.22645553201437 9.01132919639349 1.5
      vertex 51.0831288471818 8.968402430415154 1.5
    endloop
  endfacet
  facet normal -0.9683243753064665 -0.24969562308406879 0
    outer loop
      vertex 48.82938704639673 9.904187209904194 0.901
      vertex 48.87331934273243 9.733816929161549 1.5
      vertex 48.82938704639673 9.904187209904194 1.5
    endloop
  endfacet
  facet normal -0.9851808305482942 -0.17151889435328477 0
    outer loop
      vertex 48.79619597643614 10.094832129776478 0.901
      vertex 48.82938704639673 9.904187209904194 1.5
      vertex 48.79619597643614 10.094832129776478 1.5
    endloop
  endfacet
  facet normal 0.28008354762307663 0.9599756279983735 0
    outer loop
      vertex 49.34625840187073 11.043803051114082 0.901
      vertex 48.97371632605791 11.152496337890625 1.5
      vertex 49.34625840187073 11.043803051114082 1.5
    endloop
  endfacet
  facet normal 0.33469152243066985 0.9423277480861108 0
    outer loop
      vertex 48.97371632605791 11.152496337890625 0.901
      vertex 48.65763600170612 11.264760255813599 1.5
      vertex 48.97371632605791 11.152496337890625 1.5
    endloop
  endfacet
  facet normal 0.23799791247174626 0.9712656658500244 0
    outer loop
      vertex 49.775262244045734 10.938680402934551 0.901
      vertex 49.34625840187073 11.043803051114082 1.5
      vertex 49.775262244045734 10.938680402934551 1.5
    endloop
  endfacet
  facet normal 0.3245638198950446 0.9458637992941357 0
    outer loop
      vertex 51.2370091304183 10.569887779653072 0.901
      vertex 51.03722362220287 10.63844220340252 1.5
      vertex 51.2370091304183 10.569887779653072 1.5
    endloop
  endfacet
  facet normal 0.21878565502677433 0.9757729434425333 0
    outer loop
      vertex 50.55058539658785 10.76483915746212 0.901
      vertex 49.775262244045734 10.938680402934551 1.5
      vertex 50.55058539658785 10.76483915746212 1.5
    endloop
  endfacet
  facet normal 0.23170975937676105 0.9727849646296778 0
    outer loop
      vertex 50.808415710926056 10.703425996005535 0.901
      vertex 50.55058539658785 10.76483915746212 1.5
      vertex 50.808415710926056 10.703425996005535 1.5
    endloop
  endfacet
  facet normal 0.2732052954619969 0.9619557508178445 0
    outer loop
      vertex 51.03722362220287 10.63844220340252 0.901
      vertex 50.808415710926056 10.703425996005535 1.5
      vertex 51.03722362220287 10.63844220340252 1.5
    endloop
  endfacet
  facet normal -0.2923826978870328 0.9563013949463317 0
    outer loop
      vertex 51.86011420190334 7.883193336427212 0.901
      vertex 51.42624397575855 7.750540442764759 1.5
      vertex 51.86011420190334 7.883193336427212 1.5
    endloop
  endfacet
  facet normal -0.43614208887978095 0.8998778129877307 0
    outer loop
      vertex 52.24329195916653 8.068907380104065 0.901
      vertex 51.86011420190334 7.883193336427212 1.5
      vertex 52.24329195916653 8.068907380104065 1.5
    endloop
  endfacet
  facet normal 0.42092039735682213 -0.907097579695247 0
    outer loop
      vertex 51.22645553201437 9.01132919639349 0.901
      vertex 51.45726276189089 9.118430651724339 1.5
      vertex 51.22645553201437 9.01132919639349 1.5
    endloop
  endfacet
  facet normal 0.6108261401003079 -0.7917647545642325 0
    outer loop
      vertex 51.45726276189089 9.118430651724339 0.901
      vertex 51.63677950203419 9.256923198699951 1.5
      vertex 51.45726276189089 9.118430651724339 1.5
    endloop
  endfacet
  facet normal 0.7981616552570147 -0.602443335158903 0
    outer loop
      vertex 51.63677950203419 9.256923198699951 0.901
      vertex 51.76500574499369 9.426806844770908 1.5
      vertex 51.63677950203419 9.256923198699951 1.5
    endloop
  endfacet
  facet normal 0.9340862755558846 -0.35704737755392624 0
    outer loop
      vertex 51.76500574499369 9.426806844770908 0.901
      vertex 51.841941483318806 9.62808158248663 1.5
      vertex 51.76500574499369 9.426806844770908 1.5
    endloop
  endfacet
  facet normal -0.5833160711035414 0.8122452592612212 0
    outer loop
      vertex 52.575777269899845 8.3076825812459 0.901
      vertex 52.24329195916653 8.068907380104065 1.5
      vertex 52.575777269899845 8.3076825812459 1.5
    endloop
  endfacet
  facet normal -0.7103094068696799 0.7038895840346294 0
    outer loop
      vertex 52.85220243781805 8.586628884077072 0.901
      vertex 52.575777269899845 8.3076825812459 1.5
      vertex 52.85220243781805 8.586628884077072 1.5
    endloop
  endfacet
  facet normal -0.8183780529450336 0.5746802262631765 0
    outer loop
      vertex 53.06719978898764 8.892797611653805 0.901
      vertex 52.85220243781805 8.586628884077072 1.5
      vertex 53.06719978898764 8.892797611653805 1.5
    endloop
  endfacet
  facet normal -0.9082735328942706 0.4183768509893448 0
    outer loop
      vertex 53.220769323408604 9.226188771426678 0.901
      vertex 53.06719978898764 8.892797611653805 1.5
      vertex 53.220769323408604 9.226188771426678 1.5
    endloop
  endfacet
  facet normal -0.9688725031336647 0.24756024049008132 0
    outer loop
      vertex 53.31291104853153 9.58680234849453 0.901
      vertex 53.220769323408604 9.226188771426678 1.5
      vertex 53.31291104853153 9.58680234849453 1.5
    endloop
  endfacet
  facet normal 0.870027067354407 0.493003957459461 0
    outer loop
      vertex 51.81669493019581 10.124622598290443 0.901
      vertex 51.7530801743269 10.236886523663998 1.5
      vertex 51.81669493019581 10.124622598290443 1.5
    endloop
  endfacet
  facet normal 0.38908686734022907 0.9212010690741554 0
    outer loop
      vertex 51.40777224302292 10.497762717306614 0.901
      vertex 51.2370091304183 10.569887779653072 1.5
      vertex 51.40777224302292 10.497762717306614 1.5
    endloop
  endfacet
  facet normal 0.6006809476726365 0.7994888361341285 0
    outer loop
      vertex 51.664019517600536 10.336034663021564 0.901
      vertex 51.54951295256615 10.422067023813725 1.5
      vertex 51.664019517600536 10.336034663021564 1.5
    endloop
  endfacet
  facet normal 0.7439380149501799 0.6682486288141458 0
    outer loop
      vertex 51.7530801743269 10.236886523663998 0.901
      vertex 51.664019517600536 10.336034663021564 1.5
      vertex 51.7530801743269 10.236886523663998 1.5
    endloop
  endfacet
  facet normal 0.4710758167626643 0.8820927246391893 0
    outer loop
      vertex 51.54951295256615 10.422067023813725 0.901
      vertex 51.40777224302292 10.497762717306614 1.5
      vertex 51.54951295256615 10.422067023813725 1.5
    endloop
  endfacet
  facet normal 0.9939801841851418 -0.10955999930299189 0
    outer loop
      vertex 51.841941483318806 9.62808158248663 0.901
      vertex 51.867586731910706 9.860747419297695 1.5
      vertex 51.841941483318806 9.62808158248663 1.5
    endloop
  endfacet
  facet normal 0.9958068930606213 0.09148022591222718 0
    outer loop
      vertex 51.867586731910706 9.860747419297695 0.901
      vertex 51.85486378520727 9.999242901802063 1.5
      vertex 51.867586731910706 9.860747419297695 1.5
    endloop
  endfacet
  facet normal 0.9566530137678367 0.2912301688508857 0
    outer loop
      vertex 51.85486378520727 9.999242901802063 0.901
      vertex 51.81669493019581 10.124622598290443 1.5
      vertex 51.85486378520727 9.999242901802063 1.5
    endloop
  endfacet
  facet normal -0.9968789049657037 0.07894586014718802 0
    outer loop
      vertex 53.34362495690584 9.974638357758522 0.901
      vertex 53.31291104853153 9.58680234849453 1.5
      vertex 53.34362495690584 9.974638357758522 1.5
    endloop
  endfacet
  facet normal -0.9736469053158073 -0.22806074578706256 0
    outer loop
      vertex 53.23866353929043 10.683769918978214 0.901
      vertex 53.31738460063934 10.347690522670746 1.5
      vertex 53.23866353929043 10.683769918978214 1.5
    endloop
  endfacet
  facet normal -0.9975353093668957 -0.07016627798516632 0
    outer loop
      vertex 53.31738460063934 10.347690522670746 0.901
      vertex 53.34362495690584 9.974638357758522 1.5
      vertex 53.31738460063934 10.347690522670746 1.5
    endloop
  endfacet
  facet normal -0.5677603667385814 -0.8231938811488285 0
    outer loop
      vertex 52.502338871359825 11.59795793145895 0.901
      vertex 52.68761610984802 11.470171421766281 1.5
      vertex 52.502338871359825 11.59795793145895 1.5
    endloop
  endfacet
  facet normal -0.818954725837065 -0.5738581331907198 0
    outer loop
      vertex 52.92377929389477 11.245010368525982 0.901
      vertex 53.1074617728591 10.982876531779766 1.5
      vertex 52.92377929389477 11.245010368525982 1.5
    endloop
  endfacet
  facet normal -0.6900467646247397 -0.7237647840499902 0
    outer loop
      vertex 52.68761610984802 11.470171421766281 0.901
      vertex 52.92377929389477 11.245010368525982 1.5
      vertex 52.68761610984802 11.470171421766281 1.5
    endloop
  endfacet
  facet normal -0.915771702901117 -0.40169912641875166 0
    outer loop
      vertex 53.1074617728591 10.982876531779766 0.901
      vertex 53.23866353929043 10.683769918978214 1.5
      vertex 53.1074617728591 10.982876531779766 1.5
    endloop
  endfacet
  facet normal -0.4380072227597329 -0.898971452722669 0
    outer loop
      vertex 49.21863313019276 12.60798142105341 0.901
      vertex 49.32837884873152 12.554509848356247 1.5
      vertex 49.21863313019276 12.60798142105341 1.5
    endloop
  endfacet
  facet normal -0.3548697005618125 -0.9349157692664989 0
    outer loop
      vertex 49.32837884873152 12.554509848356247 0.901
      vertex 49.478673838078976 12.497461780905724 1.5
      vertex 49.32837884873152 12.554509848356247 1.5
    endloop
  endfacet
  facet normal -0.30275645867769185 -0.9530679549376021 0
    outer loop
      vertex 49.478673838078976 12.497461780905724 0.901
      vertex 49.66951810568571 12.436837211251259 1.5
      vertex 49.478673838078976 12.497461780905724 1.5
    endloop
  endfacet
  facet normal -0.2673542439437385 -0.9635983127036244 0
    outer loop
      vertex 49.66951810568571 12.436837211251259 0.901
      vertex 49.90091164410114 12.372636139392853 1.5
      vertex 49.66951810568571 12.436837211251259 1.5
    endloop
  endfacet
  facet normal -0.7210117921084749 -0.6929227919765125 0
    outer loop
      vertex 48.995975628495216 12.794803597033024 0.901
      vertex 49.0933882817626 12.69344212859869 1.5
      vertex 48.995975628495216 12.794803597033024 1.5
    endloop
  endfacet
  facet normal -0.9542044595450894 -0.29915522623591895 0
    outer loop
      vertex 48.884646870195866 13.04522879421711 0.901
      vertex 48.926395155489445 12.91206581890583 1.5
      vertex 48.884646870195866 13.04522879421711 1.5
    endloop
  endfacet
  facet normal -0.8599962774110098 -0.5103003065247026 0
    outer loop
      vertex 48.926395155489445 12.91206581890583 0.901
      vertex 48.995975628495216 12.794803597033024 1.5
      vertex 48.926395155489445 12.91206581890583 1.5
    endloop
  endfacet
  facet normal -0.5636361557467142 -0.8260231739697534 0
    outer loop
      vertex 49.0933882817626 12.69344212859869 0.901
      vertex 49.21863313019276 12.60798142105341 1.5
      vertex 49.0933882817626 12.69344212859869 1.5
    endloop
  endfacet
  facet normal -0.995670547944347 -0.09295246073237481 0
    outer loop
      vertex 48.87073078006506 13.194292530417442 0.901
      vertex 48.884646870195866 13.04522879421711 1.5
      vertex 48.87073078006506 13.194292530417442 1.5
    endloop
  endfacet
  facet normal -0.9962876046293472 0.08608721659989642 0
    outer loop
      vertex 48.88484621793032 13.35765053331852 0.901
      vertex 48.87073078006506 13.194292530417442 1.5
      vertex 48.88484621793032 13.35765053331852 1.5
    endloop
  endfacet
  facet normal -0.9615447528270681 0.27464829930427825 0
    outer loop
      vertex 48.92719253897667 13.505905166268349 0.901
      vertex 48.88484621793032 13.35765053331852 1.5
      vertex 48.92719253897667 13.505905166268349 1.5
    endloop
  endfacet
  facet normal -0.24183656239295334 -0.9703169982484895 0
    outer loop
      vertex 49.90091164410114 12.372636139392853 0.901
      vertex 50.17285446822643 12.304858580231667 1.5
      vertex 49.90091164410114 12.372636139392853 1.5
    endloop
  endfacet
  facet normal -0.23343914421815984 -0.9723714135795504 0
    outer loop
      vertex 50.17285446822643 12.304858580231667 0.901
      vertex 51.43518228828907 12.001809023320675 1.5
      vertex 50.17285446822643 12.304858580231667 1.5
    endloop
  endfacet
  facet normal -0.883553582648137 0.468330082943261 0
    outer loop
      vertex 48.997769735753536 13.639056414365768 0.901
      vertex 48.92719253897667 13.505905166268349 1.5
      vertex 48.997769735753536 13.639056414365768 1.5
    endloop
  endfacet
  facet normal -0.7668302537157488 0.641849952859888 0
    outer loop
      vertex 49.0965778157115 13.75710429251194 0.901
      vertex 48.997769735753536 13.639056414365768 1.5
      vertex 49.0965778157115 13.75710429251194 1.5
    endloop
  endfacet
  facet normal -0.6295803290801681 0.7769353957925378 0
    outer loop
      vertex 49.223616778850555 13.860048800706863 0.901
      vertex 49.0965778157115 13.75710429251194 1.5
      vertex 49.223616778850555 13.860048800706863 1.5
    endloop
  endfacet
  facet normal -0.49502084317283573 0.868881099359662 0
    outer loop
      vertex 49.374310456216335 13.945902332663536 0.901
      vertex 49.223616778850555 13.860048800706863 1.5
      vertex 49.374310456216335 13.945902332663536 1.5
    endloop
  endfacet
  facet normal -0.3660262486158874 0.9306045268126416 0
    outer loop
      vertex 49.54408270120621 14.012677311897278 0.901
      vertex 49.374310456216335 13.945902332663536 1.5
      vertex 49.54408270120621 14.012677311897278 1.5
    endloop
  endfacet
  facet normal -0.2448721531291849 0.969555376769103 0
    outer loop
      vertex 49.73293351382017 14.060373716056347 0.901
      vertex 49.54408270120621 14.012677311897278 1.5
      vertex 49.73293351382017 14.060373716056347 1.5
    endloop
  endfacet
  facet normal -0.13634718773084054 0.9906611148106556 0
    outer loop
      vertex 49.94086288660765 14.088991560041904 0.901
      vertex 49.73293351382017 14.060373716056347 1.5
      vertex 49.94086288660765 14.088991560041904 1.5
    endloop
  endfacet
  facet normal 0.2957025366443443 -0.955280068787212 0
    outer loop
      vertex 48.84989035129547 15.135389797389507 0.901
      vertex 49.27033405005932 15.265536203980446 1.5
      vertex 48.84989035129547 15.135389797389507 1.5
    endloop
  endfacet
  facet normal 0.1625129747271081 -0.9867064067114121 0
    outer loop
      vertex 49.27033405005932 15.265536203980446 0.901
      vertex 49.7444486618042 15.343624047935009 1.5
      vertex 49.27033405005932 15.265536203980446 1.5
    endloop
  endfacet
  facet normal 0.04925805933046209 -0.9987860850006856 0
    outer loop
      vertex 49.7444486618042 15.343624047935009 0.901
      vertex 50.272234201431274 15.369653336703777 1.5
      vertex 49.7444486618042 15.343624047935009 1.5
    endloop
  endfacet
  facet normal -0.04198475550040343 0.9991182514124999 0
    outer loop
      vertex 50.167870819568634 14.09853084385395 0.901
      vertex 49.94086288660765 14.088991560041904 1.5
      vertex 50.167870819568634 14.09853084385395 1.5
    endloop
  endfacet
  facet normal 0.03572454174658455 0.9993616748289863 0
    outer loop
      vertex 50.37362790852785 14.091175571084023 0.901
      vertex 50.167870819568634 14.09853084385395 1.5
      vertex 50.37362790852785 14.091175571084023 1.5
    endloop
  endfacet
  facet normal 0.11426627396654782 0.9934501591090525 0
    outer loop
      vertex 50.56547183543444 14.069109752774239 0.901
      vertex 50.37362790852785 14.091175571084023 1.5
      vertex 50.56547183543444 14.069109752774239 1.5
    endloop
  endfacet
  facet normal 0.20241085678034706 0.9793006918497739 0
    outer loop
      vertex 50.74340260028839 14.032333388924599 0.901
      vertex 50.56547183543444 14.069109752774239 1.5
      vertex 50.74340260028839 14.032333388924599 1.5
    endloop
  endfacet
  facet normal 0.2995010973299088 0.9540959557079051 0
    outer loop
      vertex 50.907420203089714 13.980846479535103 0.901
      vertex 50.74340260028839 14.032333388924599 1.5
      vertex 50.907420203089714 13.980846479535103 1.5
    endloop
  endfacet
  facet normal 0.4035121693838245 0.9149742778675036 0
    outer loop
      vertex 51.057524643838406 13.914649024605751 0.901
      vertex 50.907420203089714 13.980846479535103 1.5
      vertex 51.057524643838406 13.914649024605751 1.5
    endloop
  endfacet
  facet normal 0.5450637379888925 0.8383946096734973 0
    outer loop
      vertex 51.252326510846615 13.788002893328667 0.901
      vertex 51.057524643838406 13.914649024605751 1.5
      vertex 51.252326510846615 13.788002893328667 1.5
    endloop
  endfacet
  facet normal -0.05447548446727794 -0.9985151083444133 0
    outer loop
      vertex 50.272234201431274 15.369653336703777 0.901
      vertex 50.721829287707806 15.345125004649162 1.5
      vertex 50.272234201431274 15.369653336703777 1.5
    endloop
  endfacet
  facet normal -0.17163983735986693 -0.98515976685565 0
    outer loop
      vertex 50.721829287707806 15.345125004649162 0.901
      vertex 51.14418435841799 15.271540030837059 1.5
      vertex 50.721829287707806 15.345125004649162 1.5
    endloop
  endfacet
  facet normal -0.25961230925438167 -0.9657129226036107 0
    outer loop
      vertex 51.43518228828907 12.001809023320675 0.901
      vertex 51.75087857246399 11.916940487921238 1.5
      vertex 51.43518228828907 12.001809023320675 1.5
    endloop
  endfacet
  facet normal -0.31994279318345853 -0.9474368628515394 0
    outer loop
      vertex 51.75087857246399 11.916940487921238 0.901
      vertex 52.03397010266781 11.821342460811138 1.5
      vertex 51.75087857246399 11.916940487921238 1.5
    endloop
  endfacet
  facet normal -0.39073796902572633 -0.9205019497869902 0
    outer loop
      vertex 52.03397010266781 11.821342460811138 0.901
      vertex 52.28445686399937 11.715014941990376 1.5
      vertex 52.03397010266781 11.821342460811138 1.5
    endloop
  endfacet
  facet normal -0.4732719321868614 -0.8809163854782783 0
    outer loop
      vertex 52.28445686399937 11.715014941990376 0.901
      vertex 52.502338871359825 11.59795793145895 1.5
      vertex 52.28445686399937 11.715014941990376 1.5
    endloop
  endfacet
  facet normal 0.9898324288186865 0.1422384014916506 0
    outer loop
      vertex 51.634015046060085 12.975305333733559 0.901
      vertex 51.59822075068951 13.224396675825119 1.5
      vertex 51.634015046060085 12.975305333733559 1.5
    endloop
  endfacet
  facet normal 0.8522923992634581 0.5230656423028933 0
    outer loop
      vertex 51.522674567997456 13.44287671893835 0.901
      vertex 51.40737648308277 13.630745455622673 1.5
      vertex 51.522674567997456 13.44287671893835 1.5
    endloop
  endfacet
  facet normal 0.9450950323962322 0.32679562380785476 0
    outer loop
      vertex 51.59822075068951 13.224396675825119 0.901
      vertex 51.522674567997456 13.44287671893835 1.5
      vertex 51.59822075068951 13.224396675825119 1.5
    endloop
  endfacet
  facet normal 0 1 0
    outer loop
      vertex 53.10506962239742 12.975305333733559 0.901
      vertex 51.634015046060085 12.975305333733559 1.5
      vertex 53.10506962239742 12.975305333733559 1.5
    endloop
  endfacet
  facet normal -0.9944678747183354 -0.10504116408911755 0
    outer loop
      vertex 53.0580679923296 13.4202890843153 0.901
      vertex 53.10506962239742 12.975305333733559 1.5
      vertex 53.0580679923296 13.4202890843153 1.5
    endloop
  endfacet
  facet normal 0.7120869978219909 0.7020912387523889 0
    outer loop
      vertex 51.40737648308277 13.630745455622673 0.901
      vertex 51.252326510846615 13.788002893328667 1.5
      vertex 51.40737648308277 13.630745455622673 1.5
    endloop
  endfacet
  facet normal -0.2964426696212232 -0.9550506497709126 0
    outer loop
      vertex 51.14418435841799 15.271540030837059 0.901
      vertex 51.53929941356182 15.148898407816887 1.5
      vertex 51.14418435841799 15.271540030837059 1.5
    endloop
  endfacet
  facet normal -0.4229325087837792 -0.9061611848969577 0
    outer loop
      vertex 51.53929941356182 15.148898407816887 0.901
      vertex 51.907174460589886 14.977200128138065 1.5
      vertex 51.53929941356182 15.148898407816887 1.5
    endloop
  endfacet
  facet normal -0.5438485513871829 -0.839183384698519 0
    outer loop
      vertex 51.907174460589886 14.977200128138065 0.901
      vertex 52.2478094920516 14.756445199251175 1.5
      vertex 51.907174460589886 14.977200128138065 1.5
    endloop
  endfacet
  facet normal -0.670569931967682 -0.7418463225903721 0
    outer loop
      vertex 52.2478094920516 14.756445199251175 0.901
      vertex 52.54371191561222 14.488972999155521 1.5
      vertex 52.2478094920516 14.756445199251175 1.5
    endloop
  endfacet
  facet normal -0.9647817389565371 -0.26305169867537515 0
    outer loop
      vertex 52.94884116202593 13.820894941687584 0.901
      vertex 53.0580679923296 13.4202890843153 1.5
      vertex 52.94884116202593 13.820894941687584 1.5
    endloop
  endfacet
  facet normal -0.8002590081597561 -0.5996545004076624 0
    outer loop
      vertex 52.54371191561222 14.488972999155521 0.901
      vertex 52.777389138937 14.177122920751572 1.5
      vertex 52.54371191561222 14.488972999155521 1.5
    endloop
  endfacet
  facet normal -0.9010660748619801 -0.4336818289170353 0
    outer loop
      vertex 52.777389138937 14.177122920751572 0.901
      vertex 52.94884116202593 13.820894941687584 1.5
      vertex 52.777389138937 14.177122920751572 1.5
    endloop
  endfacet
  facet normal 0.8913148297513146 0.45338490740802667 0
    outer loop
      vertex 54.738083846867085 9.081147126853466 0.901
      vertex 54.484815038740635 9.579051315784454 1.5
      vertex 54.738083846867085 9.081147126853466 1.5
    endloop
  endfacet
  facet normal 0.6841814106972756 0.7293118655666353 0
    outer loop
      vertex 55.4525625705719 8.27885366231203 0.901
      vertex 55.0637151747942 8.643638841807842 1.5
      vertex 55.4525625705719 8.27885366231203 1.5
    endloop
  endfacet
  facet normal 0.5393974786523812 0.8420512811126494 0
    outer loop
      vertex 55.89547957479954 7.995131850242615 0.901
      vertex 55.4525625705719 8.27885366231203 1.5
      vertex 55.89547957479954 7.995131850242615 1.5
    endloop
  endfacet
  facet normal 0.8021947849756175 0.597062414625073 0
    outer loop
      vertex 55.0637151747942 8.643638841807842 0.901
      vertex 54.738083846867085 9.081147126853466 1.5
      vertex 55.0637151747942 8.643638841807842 1.5
    endloop
  endfacet
  facet normal 0.9513047937596941 0.30825182784506844 0
    outer loop
      vertex 54.484815038740635 9.579051315784454 0.901
      vertex 54.30390874296427 10.137351416051388 1.5
      vertex 54.484815038740635 9.579051315784454 1.5
    endloop
  endfacet
  facet normal 0.9849568573701692 0.17280043147943805 0
    outer loop
      vertex 54.30390874296427 10.137351416051388 0.901
      vertex 54.19536496698856 10.756047420203686 1.5
      vertex 54.30390874296427 10.137351416051388 1.5
    endloop
  endfacet
  facet normal 0.9985836950836284 0.05320342012621927 0
    outer loop
      vertex 54.19536496698856 10.756047420203686 0.901
      vertex 54.15918371081352 11.435139335691929 1.5
      vertex 54.19536496698856 10.756047420203686 1.5
    endloop
  endfacet
  facet normal -0.9130779793992633 -0.407784996703114 0
    outer loop
      vertex 55.90807646512985 10.155307196080685 0.901
      vertex 56.05069664120674 9.835964053869247 1.5
      vertex 55.90807646512985 10.155307196080685 1.5
    endloop
  endfacet
  facet normal -0.9638984045146152 -0.2662702870659423 0
    outer loop
      vertex 55.80620490759611 10.524082221090794 0.901
      vertex 55.90807646512985 10.155307196080685 1.5
      vertex 55.80620490759611 10.524082221090794 1.5
    endloop
  endfacet
  facet normal -0.9894875162828937 -0.1446183083855929 0
    outer loop
      vertex 55.7450819760561 10.942289143800735 0.901
      vertex 55.80620490759611 10.524082221090794 1.5
      vertex 55.7450819760561 10.942289143800735 1.5
    endloop
  endfacet
  facet normal -0.999052242777773 -0.04352718921205069 0
    outer loop
      vertex 55.724707663059235 11.40992795675993 0.901
      vertex 55.7450819760561 10.942289143800735 1.5
      vertex 55.724707663059235 11.40992795675993 1.5
    endloop
  endfacet
  facet normal 0.37758834991292056 0.9259735622630043 0
    outer loop
      vertex 56.39246618747711 7.792473413050175 0.901
      vertex 55.89547957479954 7.995131850242615 1.5
      vertex 56.39246618747711 7.792473413050175 1.5
    endloop
  endfacet
  facet normal -0.7165713549646572 -0.6975137943038225 0
    outer loop
      vertex 56.23406544327736 9.566052801907063 0.901
      vertex 56.44887224584818 9.345377020537853 1.5
      vertex 56.23406544327736 9.566052801907063 1.5
    endloop
  endfacet
  facet normal -0.5867478108341362 -0.8097697243546147 0
    outer loop
      vertex 56.44887224584818 9.345377020537853 0.901
      vertex 56.68574779480696 9.173740312457085 1.5
      vertex 56.44887224584818 9.345377020537853 1.5
    endloop
  endfacet
  facet normal -0.4279148056125327 -0.9038190743382153 0
    outer loop
      vertex 56.68574779480696 9.173740312457085 0.901
      vertex 56.944692097604275 9.051142655313015 1.5
      vertex 56.68574779480696 9.173740312457085 1.5
    endloop
  endfacet
  facet normal -0.2532303123443099 -0.9674060207120914 0
    outer loop
      vertex 56.944692097604275 9.051142655313015 0.901
      vertex 57.22570515424013 8.977584064006805 1.5
      vertex 56.944692097604275 9.051142655313015 1.5
    endloop
  endfacet
  facet normal -0.08063725753041848 -0.9967435139984474 0
    outer loop
      vertex 57.22570515424013 8.977584064006805 0.901
      vertex 57.52878695726395 8.953064531087875 1.5
      vertex 57.22570515424013 8.977584064006805 1.5
    endloop
  endfacet
  facet normal 0.06853833785050223 -0.9976484833069664 0
    outer loop
      vertex 57.52878695726395 8.953064531087875 0.901
      vertex 57.835512682795525 8.974136553704739 1.5
      vertex 57.52878695726395 8.953064531087875 1.5
    endloop
  endfacet
  facet normal 0.22317438632945194 -0.9747785355076672 0
    outer loop
      vertex 57.835512682795525 8.974136553704739 0.901
      vertex 58.11162710189819 9.037352621555328 1.5
      vertex 57.835512682795525 8.974136553704739 1.5
    endloop
  endfacet
  facet normal 0.39437614705950935 -0.9189491033950119 0
    outer loop
      vertex 58.11162710189819 9.037352621555328 0.901
      vertex 58.35713022202253 9.142712727189064 1.5
      vertex 58.11162710189819 9.037352621555328 1.5
    endloop
  endfacet
  facet normal 0.5659191024193109 -0.824460775002014 0
    outer loop
      vertex 58.35713022202253 9.142712727189064 0.901
      vertex 58.572022043168545 9.290216878056526 1.5
      vertex 58.35713022202253 9.142712727189064 1.5
    endloop
  endfacet
  facet normal -0.8271698856568993 -0.5619519376800404 0
    outer loop
      vertex 56.05069664120674 9.835964053869247 0.901
      vertex 56.23406544327736 9.566052801907063 1.5
      vertex 56.05069664120674 9.835964053869247 1.5
    endloop
  endfacet
  facet normal 0.998422562705408 -0.056146115455709224 0
    outer loop
      vertex 54.15918371081352 11.435139335691929 0.901
      vertex 54.20033395290375 12.166896641254425 1.5
      vertex 54.15918371081352 11.435139335691929 1.5
    endloop
  endfacet
  facet normal 0.9830242606545179 -0.18347561953741542 0
    outer loop
      vertex 54.20033395290375 12.166896641254425 0.901
      vertex 54.323784694075584 12.828320071101189 1.5
      vertex 54.20033395290375 12.166896641254425 1.5
    endloop
  endfacet
  facet normal 0.9444199962554648 -0.328741343114656 0
    outer loop
      vertex 54.323784694075584 12.828320071101189 0.901
      vertex 54.52953591942787 13.419409617781639 1.5
      vertex 54.323784694075584 12.828320071101189 1.5
    endloop
  endfacet
  facet normal -0.9991597772855455 0.040984624613372295 0
    outer loop
      vertex 55.74398850649595 11.879973575472832 0.901
      vertex 55.724707663059235 11.40992795675993 1.5
      vertex 55.74398850649595 11.879973575472832 1.5
    endloop
  endfacet
  facet normal -0.9908807130461605 0.13474202207601202 0
    outer loop
      vertex 55.801831029355526 12.30534228682518 0.901
      vertex 55.74398850649595 11.879973575472832 1.5
      vertex 55.801831029355526 12.30534228682518 1.5
    endloop
  endfacet
  facet normal -0.96940029945963 0.2454853547720914 0
    outer loop
      vertex 55.898235231637955 12.686034090816975 0.901
      vertex 55.801831029355526 12.30534228682518 1.5
      vertex 55.898235231637955 12.686034090816975 1.5
    endloop
  endfacet
  facet normal -0.927942523485463 0.3727233197794725 0
    outer loop
      vertex 56.03320112079382 13.022048987448215 0.901
      vertex 55.898235231637955 12.686034090816975 1.5
      vertex 56.03320112079382 13.022048987448215 1.5
    endloop
  endfacet
  facet normal 0.8750524647143155 -0.4840280818272855 0
    outer loop
      vertex 54.52953591942787 13.419409617781639 0.901
      vertex 54.81758763641119 13.940165281295776 1.5
      vertex 54.52953591942787 13.419409617781639 1.5
    endloop
  endfacet
  facet normal 0.7724209386258898 -0.6351109301313427 0
    outer loop
      vertex 54.81758763641119 13.940165281295776 0.901
      vertex 55.18793984502554 14.390587069094181 1.5
      vertex 54.81758763641119 13.940165281295776 1.5
    endloop
  endfacet
  facet normal 0.6531473412644575 -0.7572308436660317 0
    outer loop
      vertex 55.18793984502554 14.390587069094181 0.901
      vertex 55.565248630940914 14.716033704578876 1.5
      vertex 55.18793984502554 14.390587069094181 1.5
    endloop
  endfacet
  facet normal 0.5195580472855928 -0.8544351558197858 0
    outer loop
      vertex 55.565248630940914 14.716033704578876 0.901
      vertex 55.98152366280556 14.969158872961998 1.5
      vertex 55.565248630940914 14.716033704578876 1.5
    endloop
  endfacet
  facet normal -0.8591475567528744 0.5117279313517746 0
    outer loop
      vertex 56.20672868937254 13.313386976718903 0.901
      vertex 56.03320112079382 13.022048987448215 1.5
      vertex 56.20672868937254 13.313386976718903 1.5
    endloop
  endfacet
  facet normal -0.7601608653208036 0.6497349142802216 0
    outer loop
      vertex 56.4136818498373 13.555512942373753 0.901
      vertex 56.20672868937254 13.313386976718903 1.5
      vertex 56.4136818498373 13.555512942373753 1.5
    endloop
  endfacet
  facet normal -0.6250450161110529 0.7805887059359323 0
    outer loop
      vertex 56.64886590093374 13.743833139538765 0.901
      vertex 56.4136818498373 13.555512942373753 1.5
      vertex 56.64886590093374 13.743833139538765 1.5
    endloop
  endfacet
  facet normal -0.4547897139207572 0.8905988525210865 0
    outer loop
      vertex 56.912280820310116 13.87834756821394 0.901
      vertex 56.64886590093374 13.743833139538765 1.5
      vertex 56.912280820310116 13.87834756821394 1.5
    endloop
  endfacet
  facet normal -0.266710900023221 0.9637765798196195 0
    outer loop
      vertex 57.203926630318165 13.959056228399277 0.901
      vertex 56.912280820310116 13.87834756821394 1.5
      vertex 57.203926630318165 13.959056228399277 1.5
    endloop
  endfacet
  facet normal 0.3691142948608847 -0.9293840096156979 0
    outer loop
      vertex 55.98152366280556 14.969158872961998 0.901
      vertex 56.43676491826773 15.149962559342384 1.5
      vertex 55.98152366280556 14.969158872961998 1.5
    endloop
  endfacet
  facet normal 0.21440284187028522 -0.9767453206429738 0
    outer loop
      vertex 56.43676491826773 15.149962559342384 0.901
      vertex 56.930972419679165 15.258444771170616 1.5
      vertex 56.43676491826773 15.149962559342384 1.5
    endloop
  endfacet
  facet normal 0.06766623179987244 -0.9977080139369463 0
    outer loop
      vertex 56.930972419679165 15.258444771170616 0.901
      vertex 57.46414615213871 15.294605508446693 1.5
      vertex 56.930972419679165 15.258444771170616 1.5
    endloop
  endfacet
  facet normal -0.0838080407349093 0.996481917702562 0
    outer loop
      vertex 57.52380330860615 13.985959112644196 0.901
      vertex 57.203926630318165 13.959056228399277 1.5
      vertex 57.52380330860615 13.985959112644196 1.5
    endloop
  endfacet
  facet normal 0.061071738290229244 0.9981333792546013 0
    outer loop
      vertex 57.835712030529976 13.966874681413174 0.901
      vertex 57.52380330860615 13.985959112644196 1.5
      vertex 57.835712030529976 13.966874681413174 1.5
    endloop
  endfacet
  facet normal 0.200535334196214 0.9796864701213408 0
    outer loop
      vertex 58.115414671599865 13.90962140262127 0.901
      vertex 57.835712030529976 13.966874681413174 1.5
      vertex 58.115414671599865 13.90962140262127 1.5
    endloop
  endfacet
  facet normal 0.3597380593763003 0.9330533364369763 0
    outer loop
      vertex 58.36291125416756 13.814199268817902 0.901
      vertex 58.115414671599865 13.90962140262127 1.5
      vertex 58.36291125416756 13.814199268817902 1.5
    endloop
  endfacet
  facet normal -0.06923495736830684 -0.9976003812540414 0
    outer loop
      vertex 57.46414615213871 15.294605508446693 0.901
      vertex 58.16390260308981 15.246041364967823 1.5
      vertex 57.46414615213871 15.294605508446693 1.5
    endloop
  endfacet
  facet normal -0.2286725832152772 -0.9735033896631548 0
    outer loop
      vertex 58.16390260308981 15.246041364967823 0.901
      vertex 58.784143537282944 15.10034891217947 1.5
      vertex 58.16390260308981 15.246041364967823 1.5
    endloop
  endfacet
  facet normal 0 0 1
    outer loop
      vertex 40.676952593028545 21 0.901
      vertex 41.4341109469533 23.53126960992813 0.901
      vertex 39.43032684922218 23.273245483636856 0.901
    endloop
  endfacet
  facet normal 0.8768112292585487 0.4808347618944709 1.42979300921945e-16
    outer loop
      vertex 40.676952593028545 21 0.901
      vertex 39.43032684922218 23.273245483636856 0.901
      vertex 39.43032684922218 23.273245483636856 1.5
    endloop
  endfacet
  facet normal -0.9580574979698977 0.2865760467723347 0
    outer loop
      vertex 40.676952593028545 21 0.901
      vertex 40.676952593028545 21 1.5
      vertex 41.4341109469533 23.53126960992813 0.901
    endloop
  endfacet
  facet normal 0 0 1
    outer loop
      vertex 35.529383175075054 23.866071946918964 0.901
      vertex 39.43032684922218 23.273245483636856 0.901
      vertex 47.725306794047356 40.08795150369406 0.901
    endloop
  endfacet
  facet normal 0 0 1
    outer loop
      vertex 39.43032684922218 23.273245483636856 0.901
      vertex 41.4341109469533 23.53126960992813 0.901
      vertex 47.725306794047356 40.08795150369406 0.901
    endloop
  endfacet
  facet normal 0 0 1
    outer loop
      vertex 41.4341109469533 23.53126960992813 0.901
      vertex 43.63719253242016 23.866071946918964 0.901
      vertex 48.0429563075304 39.68571547418833 0.901
    endloop
  endfacet
  facet normal 0 0 1
    outer loop
      vertex 43.63719253242016 23.866071946918964 0.901
      vertex 47.535307951271534 25.690612487494946 0.901
      vertex 48.40536002069712 39.38682713359594 0.901
    endloop
  endfacet
  facet normal -0.15024497082515817 0.9886487994944148 0
    outer loop
      vertex 41.4341109469533 23.53126960992813 0.901
      vertex 41.4341109469533 23.53126960992813 1.5
      vertex 43.63719253242016 23.866071946918964 0.901
    endloop
  endfacet
  facet normal -0.4239192883319283 0.9056999707299054 0
    outer loop
      vertex 43.63719253242016 23.866071946918964 0.901
      vertex 43.63719253242016 23.866071946918964 1.5
      vertex 47.535307951271534 25.690612487494946 0.901
    endloop
  endfacet
  facet normal -0.636262966584883 0.7714722531320254 0
    outer loop
      vertex 47.535307951271534 25.690612487494946 0.901
      vertex 47.535307951271534 25.690612487494946 1.5
      vertex 51.12783166766167 28.653505563735962 0.901
    endloop
  endfacet
  facet normal -0.784792851435189 0.6197581627830533 0
    outer loop
      vertex 51.12783166766167 28.653505563735962 0.901
      vertex 51.12783166766167 28.653505563735962 1.5
      vertex 54.27670504897833 32.64088881760836 0.901
    endloop
  endfacet
  facet normal 0.8768112292585487 0.4808347618944709 0
    outer loop
      vertex 40.676952593028545 21 0.901
      vertex 39.43032684922218 23.273245483636856 1.5
      vertex 40.676952593028545 21 1.5
    endloop
  endfacet
  facet normal -0.9580574979698977 0.2865760467723347 0
    outer loop
      vertex 41.4341109469533 23.53126960992813 0.901
      vertex 40.676952593028545 21 1.5
      vertex 41.4341109469533 23.53126960992813 1.5
    endloop
  endfacet
  facet normal -0.15024497082515817 0.9886487994944148 0
    outer loop
      vertex 43.63719253242016 23.866071946918964 0.901
      vertex 41.4341109469533 23.53126960992813 1.5
      vertex 43.63719253242016 23.866071946918964 1.5
    endloop
  endfacet
  facet normal -0.4239192883319283 0.9056999707299054 0
    outer loop
      vertex 47.535307951271534 25.690612487494946 0.901
      vertex 43.63719253242016 23.866071946918964 1.5
      vertex 47.535307951271534 25.690612487494946 1.5
    endloop
  endfacet
  facet normal -0.636262966584883 0.7714722531320254 0
    outer loop
      vertex 51.12783166766167 28.653505563735962 0.901
      vertex 47.535307951271534 25.690612487494946 1.5
      vertex 51.12783166766167 28.653505563735962 1.5
    endloop
  endfacet
  facet normal 0 0 1
    outer loop
      vertex 58.49731134623289 7.750481814146042 0.901
      vertex 58.91677297651768 7.90065074712038 0.901
      vertex 58.11162710189819 9.037352621555328 0.901
    endloop
  endfacet
  facet normal 0 0 1
    outer loop
      vertex 58.35713022202253 9.142712727189064 0.901
      vertex 58.91677297651768 7.90065074712038 0.901
      vertex 59.29965465515852 8.110887251794338 0.901
    endloop
  endfacet
  facet normal 0 0 1
    outer loop
      vertex 58.572022043168545 9.290216878056526 0.901
      vertex 59.29965465515852 8.110887251794338 0.901
      vertex 59.64595637470484 8.381191335618496 0.901
    endloop
  endfacet
  facet normal 0 0 1
    outer loop
      vertex 58.35713022202253 9.142712727189064 0.901
      vertex 59.29965465515852 8.110887251794338 0.901
      vertex 58.572022043168545 9.290216878056526 0.901
    endloop
  endfacet
  facet normal 0 0 1
    outer loop
      vertex 58.572022043168545 9.290216878056526 0.901
      vertex 59.64595637470484 8.381191335618496 0.901
      vertex 58.75630255788565 9.479865066707134 0.901
    endloop
  endfacet
  facet normal 0 0 1
    outer loop
      vertex 59.64595637470484 8.381191335618496 0.901
      vertex 59.94732615351677 8.699379444122314 0.901
      vertex 58.75630255788565 9.479865066707134 0.901
    endloop
  endfacet
  facet normal 0 0 1
    outer loop
      vertex 59.94732615351677 8.699379444122314 0.901
      vertex 60.19939889013767 9.053326666355133 0.901
      vertex 58.84657687693834 9.604503080248833 0.901
    endloop
  endfacet
  facet normal 0 0 1
    outer loop
      vertex 59.94732615351677 8.699379444122314 0.901
      vertex 58.84657687693834 9.604503080248833 0.901
      vertex 58.75630255788565 9.479865066707134 0.901
    endloop
  endfacet
  facet normal 0 0 1
    outer loop
      vertex 60.19939889013767 9.053326666355133 0.901
      vertex 58.93048386275768 9.751807883381844 0.901
      vertex 58.84657687693834 9.604503080248833 0.901
    endloop
  endfacet
  facet normal 0 0 1
    outer loop
      vertex 60.19939889013767 9.053326666355133 0.901
      vertex 59.008023507893085 9.921779476106167 0.901
      vertex 58.93048386275768 9.751807883381844 0.901
    endloop
  endfacet
  facet normal 0 0 1
    outer loop
      vertex 60.19939889013767 9.053326666355133 0.901
      vertex 60.40217458456755 9.443033002316952 0.901
      vertex 59.008023507893085 9.921779476106167 0.901
    endloop
  endfacet
  facet normal 0 0 1
    outer loop
      vertex 59.008023507893085 9.921779476106167 0.901
      vertex 60.40217458456755 9.443033002316952 0.901
      vertex 59.07919581234455 10.114417858421803 0.901
    endloop
  endfacet
  facet normal 0 0 1
    outer loop
      vertex 59.07919581234455 10.114417858421803 0.901
      vertex 60.55565324425697 9.86849845200777 0.901
      vertex 59.14400077611208 10.32972302287817 0.901
    endloop
  endfacet
  facet normal 0 0 1
    outer loop
      vertex 59.07919581234455 10.114417858421803 0.901
      vertex 60.40217458456755 9.443033002316952 0.901
      vertex 60.55565324425697 9.86849845200777 0.901
    endloop
  endfacet
  facet normal 0 0 1
    outer loop
      vertex 59.14400077611208 10.32972302287817 0.901
      vertex 60.55565324425697 9.86849845200777 0.901
      vertex 60.65983486920595 10.32972302287817 0.901
    endloop
  endfacet
  facet normal 0 0 1
    outer loop
      vertex 61.81823904812336 7.832037687301636 0.901
      vertex 63.33407313376665 7.832037687301636 0.901
      vertex 63.33407313376665 11.101308442652225 0.901
    endloop
  endfacet
  facet normal 0 0 1
    outer loop
      vertex 61.81823904812336 7.832037687301636 0.901
      vertex 63.33407313376665 11.101308442652225 0.901
      vertex 63.33407313376665 12.363049954175949 0.901
    endloop
  endfacet
  facet normal 0 0 1
    outer loop
      vertex 59.08096647262573 12.914047546684742 0.901
      vertex 59.14400077611208 12.713664002716541 0.901
      vertex 60.576892368495464 13.261560007929802 0.901
    endloop
  endfacet
  facet normal 0 0 1
    outer loop
      vertex 59.08096647262573 12.914047546684742 0.901
      vertex 60.47550451755524 13.534927561879158 0.901
      vertex 59.011177860200405 13.093757763504982 0.901
    endloop
  endfacet
  facet normal 0 0 1
    outer loop
      vertex 59.011177860200405 13.093757763504982 0.901
      vertex 60.339131481945515 13.807908155024052 0.901
      vertex 58.93463494628668 13.252794653177261 0.901
    endloop
  endfacet
  facet normal 0 0 1
    outer loop
      vertex 59.14400077611208 12.713664002716541 0.901
      vertex 60.674712508916855 12.713664002716541 0.901
      vertex 60.64329502731562 12.987805485725403 0.901
    endloop
  endfacet
  facet normal 0 0 1
    outer loop
      vertex 59.14400077611208 12.713664002716541 0.901
      vertex 60.64329502731562 12.987805485725403 0.901
      vertex 60.576892368495464 13.261560007929802 0.901
    endloop
  endfacet
  facet normal 0 0 1
    outer loop
      vertex 59.011177860200405 13.093757763504982 0.901
      vertex 60.47550451755524 13.534927561879158 0.901
      vertex 60.339131481945515 13.807908155024052 0.901
    endloop
  endfacet
  facet normal 0 0 1
    outer loop
      vertex 59.08096647262573 12.914047546684742 0.901
      vertex 60.576892368495464 13.261560007929802 0.901
      vertex 60.47550451755524 13.534927561879158 0.901
    endloop
  endfacet
  facet normal 0 0 1
    outer loop
      vertex 58.57820176333189 13.680608287453651 0.901
      vertex 58.761286199092865 13.508848443627357 0.901
      vertex 59.78607887029648 14.5175791233778 0.901
    endloop
  endfacet
  facet normal 0 0 1
    outer loop
      vertex 58.57820176333189 13.680608287453651 0.901
      vertex 59.32486896216869 14.857528164982796 0.901
      vertex 58.36291125416756 13.814199268817902 0.901
    endloop
  endfacet
  facet normal 0 0 1
    outer loop
      vertex 58.85133772343397 13.39115821570158 0.901
      vertex 58.93463494628668 13.252794653177261 0.901
      vertex 60.16777326911688 14.080501779913902 0.901
    endloop
  endfacet
  facet normal 0 0 1
    outer loop
      vertex 58.85133772343397 13.39115821570158 0.901
      vertex 59.78607887029648 14.5175791233778 0.901
      vertex 58.761286199092865 13.508848443627357 0.901
    endloop
  endfacet
  facet normal 0 0 1
    outer loop
      vertex 58.85133772343397 13.39115821570158 0.901
      vertex 60.16777326911688 14.080501779913902 0.901
      vertex 59.78607887029648 14.5175791233778 0.901
    endloop
  endfacet
  facet normal 0 0 1
    outer loop
      vertex 58.57820176333189 13.680608287453651 0.901
      vertex 59.78607887029648 14.5175791233778 0.901
      vertex 59.32486896216869 14.857528164982796 0.901
    endloop
  endfacet
  facet normal 0 0 1
    outer loop
      vertex 58.36291125416756 13.814199268817902 0.901
      vertex 59.32486896216869 14.857528164982796 0.901
      vertex 58.784143537282944 15.10034891217947 0.901
    endloop
  endfacet
  facet normal 0 0 1
    outer loop
      vertex 58.93463494628668 13.252794653177261 0.901
      vertex 60.339131481945515 13.807908155024052 0.901
      vertex 60.16777326911688 14.080501779913902 0.901
    endloop
  endfacet
  facet normal 0 0 1
    outer loop
      vertex 61.81823904812336 7.832037687301636 0.901
      vertex 63.33407313376665 12.363049954175949 0.901
      vertex 61.81823904812336 15.158581331372261 0.901
    endloop
  endfacet
  facet normal 0 0 1
    outer loop
      vertex 63.33407313376665 12.363049954175949 0.901
      vertex 63.33407313376665 15.158581331372261 0.901
      vertex 61.81823904812336 15.158581331372261 0.901
    endloop
  endfacet
  facet normal 0 0 1
    outer loop
      vertex 63.33407313376665 11.101308442652225 0.901
      vertex 66.19673713296652 11.101308442652225 0.901
      vertex 66.19673713296652 12.363049954175949 0.901
    endloop
  endfacet
  facet normal 0 0 1
    outer loop
      vertex 66.19673713296652 7.832037687301636 0.901
      vertex 67.71755486726761 7.832037687301636 0.901
      vertex 66.19673713296652 11.101308442652225 0.901
    endloop
  endfacet
  facet normal 0 0 1
    outer loop
      vertex 67.71755486726761 7.832037687301636 0.901
      vertex 66.19673713296652 12.363049954175949 0.901
      vertex 66.19673713296652 11.101308442652225 0.901
    endloop
  endfacet
  facet normal 0 0 1
    outer loop
      vertex 63.33407313376665 11.101308442652225 0.901
      vertex 66.19673713296652 12.363049954175949 0.901
      vertex 63.33407313376665 12.363049954175949 0.901
    endloop
  endfacet
  facet normal 0 0 1
    outer loop
      vertex 67.71755486726761 7.832037687301636 0.901
      vertex 67.71755486726761 15.158581331372261 0.901
      vertex 66.19673713296652 12.363049954175949 0.901
    endloop
  endfacet
  facet normal 0 0 1
    outer loop
      vertex 66.19673713296652 12.363049954175949 0.901
      vertex 67.71755486726761 15.158581331372261 0.901
      vertex 66.19673713296652 15.158581331372261 0.901
    endloop
  endfacet
  facet normal -0.33705532083243256 0.9414848435840834 0
    outer loop
      vertex 58.49731134623289 7.750481814146042 0.901
      vertex 58.49731134623289 7.750481814146042 1.5
      vertex 58.91677297651768 7.90065074712038 0.901
    endloop
  endfacet
  facet normal -0.4813062296050845 0.8765525160213379 0
    outer loop
      vertex 58.91677297651768 7.90065074712038 0.901
      vertex 58.91677297651768 7.90065074712038 1.5
      vertex 59.29965465515852 8.110887251794338 0.901
    endloop
  endfacet
  facet normal -0.615298885205757 0.7882939057639307 0
    outer loop
      vertex 59.29965465515852 8.110887251794338 0.901
      vertex 59.29965465515852 8.110887251794338 1.5
      vertex 59.64595637470484 8.381191335618496 0.901
    endloop
  endfacet
  facet normal 0.5659191024193109 -0.824460775002014 0
    outer loop
      vertex 58.35713022202253 9.142712727189064 0.901
      vertex 58.572022043168545 9.290216878056526 0.901
      vertex 58.572022043168545 9.290216878056526 1.5
    endloop
  endfacet
  facet normal 0.7171832739879319 -0.6968846041576404 0
    outer loop
      vertex 58.572022043168545 9.290216878056526 0.901
      vertex 58.75630255788565 9.479865066707134 0.901
      vertex 58.75630255788565 9.479865066707134 1.5
    endloop
  endfacet
  facet normal 0.8098828339775892 -0.5865916767466349 0
    outer loop
      vertex 58.75630255788565 9.479865066707134 0.901
      vertex 58.84657687693834 9.604503080248833 0.901
      vertex 58.84657687693834 9.604503080248833 1.5
    endloop
  endfacet
  facet normal -0.7260342325064982 0.6876585586093582 0
    outer loop
      vertex 59.64595637470484 8.381191335618496 0.901
      vertex 59.64595637470484 8.381191335618496 1.5
      vertex 59.94732615351677 8.699379444122314 0.901
    endloop
  endfacet
  facet normal -0.8145454384870604 0.5800997574899704 0
    outer loop
      vertex 59.94732615351677 8.699379444122314 0.901
      vertex 59.94732615351677 8.699379444122314 1.5
      vertex 60.19939889013767 9.053326666355133 0.901
    endloop
  endfacet
  facet normal -0.8870971357366131 0.4615827897223824 0
    outer loop
      vertex 60.19939889013767 9.053326666355133 0.901
      vertex 60.19939889013767 9.053326666355133 1.5
      vertex 60.40217458456755 9.443033002316952 0.901
    endloop
  endfacet
  facet normal -0.940668011671485 0.33932829504480605 0
    outer loop
      vertex 60.40217458456755 9.443033002316952 0.901
      vertex 60.40217458456755 9.443033002316952 1.5
      vertex 60.55565324425697 9.86849845200777 0.901
    endloop
  endfacet
  facet normal 0.8689212578852402 -0.4949503486160321 0
    outer loop
      vertex 58.84657687693834 9.604503080248833 0.901
      vertex 58.93048386275768 9.751807883381844 0.901
      vertex 58.93048386275768 9.751807883381844 1.5
    endloop
  endfacet
  facet normal 0.9098013769718261 -0.41504391871242896 0
    outer loop
      vertex 58.93048386275768 9.751807883381844 0.901
      vertex 59.008023507893085 9.921779476106167 0.901
      vertex 59.008023507893085 9.921779476106167 1.5
    endloop
  endfacet
  facet normal 0.9380263844521541 -0.3465638499203566 0
    outer loop
      vertex 59.008023507893085 9.921779476106167 0.901
      vertex 59.07919581234455 10.114417858421803 0.901
      vertex 59.07919581234455 10.114417858421803 1.5
    endloop
  endfacet
  facet normal 0.9575646538916699 -0.288218551827127 0
    outer loop
      vertex 59.07919581234455 10.114417858421803 0.901
      vertex 59.14400077611208 10.32972302287817 0.901
      vertex 59.14400077611208 10.32972302287817 1.5
    endloop
  endfacet
  facet normal 0 -1 0
    outer loop
      vertex 59.14400077611208 10.32972302287817 0.901
      vertex 60.65983486920595 10.32972302287817 0.901
      vertex 60.65983486920595 10.32972302287817 1.5
    endloop
  endfacet
  facet normal -0.9754254865389274 0.22032957180164664 0
    outer loop
      vertex 60.55565324425697 9.86849845200777 0.901
      vertex 60.55565324425697 9.86849845200777 1.5
      vertex 60.65983486920595 10.32972302287817 0.901
    endloop
  endfacet
  facet normal 0 1 0
    outer loop
      vertex 61.81823904812336 7.832037687301636 0.901
      vertex 61.81823904812336 7.832037687301636 1.5
      vertex 63.33407313376665 7.832037687301636 0.901
    endloop
  endfacet
  facet normal -1 0 0
    outer loop
      vertex 63.33407313376665 7.832037687301636 0.901
      vertex 63.33407313376665 7.832037687301636 1.5
      vertex 63.33407313376665 11.101308442652225 0.901
    endloop
  endfacet
  facet normal 0.9539165914003864 0.30007188580583194 0
    outer loop
      vertex 59.08096647262573 12.914047546684742 0.901
      vertex 59.08096647262573 12.914047546684742 1.5
      vertex 59.14400077611208 12.713664002716541 0.901
    endloop
  endfacet
  facet normal 0.9321774988319033 0.36200153407340263 0
    outer loop
      vertex 59.08096647262573 12.914047546684742 0.901
      vertex 59.011177860200405 13.093757763504982 0.901
      vertex 59.011177860200405 13.093757763504982 1.5
    endloop
  endfacet
  facet normal 0.7941848497563772 0.6076762496736571 0
    outer loop
      vertex 58.85133772343397 13.39115821570158 0.901
      vertex 58.761286199092865 13.508848443627357 0.901
      vertex 58.761286199092865 13.508848443627357 1.5
    endloop
  endfacet
  facet normal 0.9010689894610252 0.4336757731666443 0
    outer loop
      vertex 59.011177860200405 13.093757763504982 0.901
      vertex 58.93463494628668 13.252794653177261 0.901
      vertex 58.93463494628668 13.252794653177261 1.5
    endloop
  endfacet
  facet normal 0.8567296044625905 0.5157658236422548 0
    outer loop
      vertex 58.85133772343397 13.39115821570158 0.901
      vertex 58.85133772343397 13.39115821570158 1.5
      vertex 58.93463494628668 13.252794653177261 0.901
    endloop
  endfacet
  facet normal 0 1 0
    outer loop
      vertex 59.14400077611208 12.713664002716541 0.901
      vertex 59.14400077611208 12.713664002716541 1.5
      vertex 60.674712508916855 12.713664002716541 0.901
    endloop
  endfacet
  facet normal -0.9934970444419026 -0.1138579056772269 0
    outer loop
      vertex 60.674712508916855 12.713664002716541 0.901
      vertex 60.674712508916855 12.713664002716541 1.5
      vertex 60.64329502731562 12.987805485725403 0.901
    endloop
  endfacet
  facet normal -0.9718192699088565 -0.23572718687885216 0
    outer loop
      vertex 60.64329502731562 12.987805485725403 0.901
      vertex 60.64329502731562 12.987805485725403 1.5
      vertex 60.576892368495464 13.261560007929802 0.901
    endloop
  endfacet
  facet normal -0.9375915966259099 -0.34773840446013027 0
    outer loop
      vertex 60.576892368495464 13.261560007929802 0.901
      vertex 60.576892368495464 13.261560007929802 1.5
      vertex 60.47550451755524 13.534927561879158 0.901
    endloop
  endfacet
  facet normal 0.6841916501263007 0.7293022596272755 0
    outer loop
      vertex 58.57820176333189 13.680608287453651 0.901
      vertex 58.57820176333189 13.680608287453651 1.5
      vertex 58.761286199092865 13.508848443627357 0.901
    endloop
  endfacet
  facet normal -0.2286725832152772 -0.9735033896631548 0
    outer loop
      vertex 58.16390260308981 15.246041364967823 0.901
      vertex 58.784143537282944 15.10034891217947 0.901
      vertex 58.784143537282944 15.10034891217947 1.5
    endloop
  endfacet
  facet normal -0.4096550811167423 -0.9122404916003429 0
    outer loop
      vertex 58.784143537282944 15.10034891217947 0.901
      vertex 59.32486896216869 14.857528164982796 0.901
      vertex 59.32486896216869 14.857528164982796 1.5
    endloop
  endfacet
  facet normal -0.5933236433790163 -0.8049640080198928 0
    outer loop
      vertex 59.32486896216869 14.857528164982796 0.901
      vertex 59.78607887029648 14.5175791233778 0.901
      vertex 59.78607887029648 14.5175791233778 1.5
    endloop
  endfacet
  facet normal -0.8466174497516431 -0.5322019295117446 0
    outer loop
      vertex 60.16777326911688 14.080501779913902 0.901
      vertex 60.339131481945515 13.807908155024052 0.901
      vertex 60.339131481945515 13.807908155024052 1.5
    endloop
  endfacet
  facet normal -0.7532153871804952 -0.6577739585256751 0
    outer loop
      vertex 59.78607887029648 14.5175791233778 0.901
      vertex 60.16777326911688 14.080501779913902 0.901
      vertex 60.16777326911688 14.080501779913902 1.5
    endloop
  endfacet
  facet normal -0.8945808478672552 -0.44690614968816755 0
    outer loop
      vertex 60.339131481945515 13.807908155024052 0.901
      vertex 60.47550451755524 13.534927561879158 0.901
      vertex 60.47550451755524 13.534927561879158 1.5
    endloop
  endfacet
  facet normal 1 0 0
    outer loop
      vertex 61.81823904812336 7.832037687301636 0.901
      vertex 61.81823904812336 15.158581331372261 0.901
      vertex 61.81823904812336 12.187090147239608 1.5
    endloop
  endfacet
  facet normal -1 0 0
    outer loop
      vertex 63.33407313376665 12.363049954175949 0.901
      vertex 63.33407313376665 12.363049954175949 1.5
      vertex 63.33407313376665 15.158581331372261 0.901
    endloop
  endfacet
  facet normal 0 -1 0
    outer loop
      vertex 61.81823904812336 15.158581331372261 0.901
      vertex 63.33407313376665 15.158581331372261 0.901
      vertex 63.33407313376665 15.158581331372261 1.5
    endloop
  endfacet
  facet normal 0 1 0
    outer loop
      vertex 63.33407313376665 11.101308442652225 0.901
      vertex 63.33407313376665 11.101308442652225 1.5
      vertex 66.19673713296652 11.101308442652225 0.901
    endloop
  endfacet
  facet normal 0 1 0
    outer loop
      vertex 66.19673713296652 7.832037687301636 0.901
      vertex 66.19673713296652 7.832037687301636 1.5
      vertex 67.71755486726761 7.832037687301636 0.901
    endloop
  endfacet
  facet normal 1 0 0
    outer loop
      vertex 66.19673713296652 7.832037687301636 0.901
      vertex 66.19673713296652 11.101308442652225 0.901
      vertex 66.19673713296652 11.101308442652225 1.5
    endloop
  endfacet
  facet normal -1 0 0
    outer loop
      vertex 67.71755486726761 7.832037687301636 0.901
      vertex 67.71755486726761 7.832037687301636 1.5
      vertex 67.71755486726761 15.158581331372261 0.901
    endloop
  endfacet
  facet normal 0 -1 0
    outer loop
      vertex 63.33407313376665 12.363049954175949 0.901
      vertex 66.19673713296652 12.363049954175949 0.901
      vertex 66.19673713296652 12.363049954175949 1.5
    endloop
  endfacet
  facet normal 1 0 0
    outer loop
      vertex 66.19673713296652 12.363049954175949 0.901
      vertex 66.19673713296652 15.158581331372261 0.901
      vertex 66.19673713296652 15.158581331372261 1.5
    endloop
  endfacet
  facet normal 0 -1 0
    outer loop
      vertex 66.19673713296652 15.158581331372261 0.901
      vertex 67.71755486726761 15.158581331372261 0.901
      vertex 67.71755486726761 15.158581331372261 1.5
    endloop
  endfacet
  facet normal -0.33705532083243256 0.9414848435840834 0
    outer loop
      vertex 58.91677297651768 7.90065074712038 0.901
      vertex 58.49731134623289 7.750481814146042 1.5
      vertex 58.91677297651768 7.90065074712038 1.5
    endloop
  endfacet
  facet normal -0.4813062296050845 0.8765525160213379 0
    outer loop
      vertex 59.29965465515852 8.110887251794338 0.901
      vertex 58.91677297651768 7.90065074712038 1.5
      vertex 59.29965465515852 8.110887251794338 1.5
    endloop
  endfacet
  facet normal -0.615298885205757 0.7882939057639307 0
    outer loop
      vertex 59.64595637470484 8.381191335618496 0.901
      vertex 59.29965465515852 8.110887251794338 1.5
      vertex 59.64595637470484 8.381191335618496 1.5
    endloop
  endfacet
  facet normal 0.7171832739879319 -0.6968846041576404 0
    outer loop
      vertex 58.572022043168545 9.290216878056526 0.901
      vertex 58.75630255788565 9.479865066707134 1.5
      vertex 58.572022043168545 9.290216878056526 1.5
    endloop
  endfacet
  facet normal 0.8098828339775892 -0.5865916767466349 0
    outer loop
      vertex 58.75630255788565 9.479865066707134 0.901
      vertex 58.84657687693834 9.604503080248833 1.5
      vertex 58.75630255788565 9.479865066707134 1.5
    endloop
  endfacet
  facet normal 0.8689212578852402 -0.4949503486160321 0
    outer loop
      vertex 58.84657687693834 9.604503080248833 0.901
      vertex 58.93048386275768 9.751807883381844 1.5
      vertex 58.84657687693834 9.604503080248833 1.5
    endloop
  endfacet
  facet normal -0.7260342325064982 0.6876585586093582 0
    outer loop
      vertex 59.94732615351677 8.699379444122314 0.901
      vertex 59.64595637470484 8.381191335618496 1.5
      vertex 59.94732615351677 8.699379444122314 1.5
    endloop
  endfacet
  facet normal -0.8145454384870604 0.5800997574899704 0
    outer loop
      vertex 60.19939889013767 9.053326666355133 0.901
      vertex 59.94732615351677 8.699379444122314 1.5
      vertex 60.19939889013767 9.053326666355133 1.5
    endloop
  endfacet
  facet normal -0.8870971357366131 0.4615827897223824 0
    outer loop
      vertex 60.40217458456755 9.443033002316952 0.901
      vertex 60.19939889013767 9.053326666355133 1.5
      vertex 60.40217458456755 9.443033002316952 1.5
    endloop
  endfacet
  facet normal 0.9098013769718261 -0.41504391871242896 0
    outer loop
      vertex 58.93048386275768 9.751807883381844 0.901
      vertex 59.008023507893085 9.921779476106167 1.5
      vertex 58.93048386275768 9.751807883381844 1.5
    endloop
  endfacet
  facet normal 0.9380263844521541 -0.3465638499203566 0
    outer loop
      vertex 59.008023507893085 9.921779476106167 0.901
      vertex 59.07919581234455 10.114417858421803 1.5
      vertex 59.008023507893085 9.921779476106167 1.5
    endloop
  endfacet
  facet normal 0.9575646538916699 -0.288218551827127 0
    outer loop
      vertex 59.07919581234455 10.114417858421803 0.901
      vertex 59.14400077611208 10.32972302287817 1.5
      vertex 59.07919581234455 10.114417858421803 1.5
    endloop
  endfacet
  facet normal 0 -1 0
    outer loop
      vertex 59.14400077611208 10.32972302287817 0.901
      vertex 60.65983486920595 10.32972302287817 1.5
      vertex 59.14400077611208 10.32972302287817 1.5
    endloop
  endfacet
  facet normal -0.940668011671485 0.33932829504480605 0
    outer loop
      vertex 60.55565324425697 9.86849845200777 0.901
      vertex 60.40217458456755 9.443033002316952 1.5
      vertex 60.55565324425697 9.86849845200777 1.5
    endloop
  endfacet
  facet normal -0.9754254865389274 0.22032957180164664 0
    outer loop
      vertex 60.65983486920595 10.32972302287817 0.901
      vertex 60.55565324425697 9.86849845200777 1.5
      vertex 60.65983486920595 10.32972302287817 1.5
    endloop
  endfacet
  facet normal 1 0 0
    outer loop
      vertex 61.81823904812336 7.832037687301636 0.901
      vertex 61.81823904812336 12.187090147239608 1.5
      vertex 61.81823904812336 7.832037687301636 1.5
    endloop
  endfacet
  facet normal 0 1 0
    outer loop
      vertex 63.33407313376665 7.832037687301636 0.901
      vertex 61.81823904812336 7.832037687301636 1.5
      vertex 63.33407313376665 7.832037687301636 1.5
    endloop
  endfacet
  facet normal -1 0 0
    outer loop
      vertex 63.33407313376665 11.101308442652225 0.901
      vertex 63.33407313376665 7.832037687301636 1.5
      vertex 63.33407313376665 11.101308442652225 1.5
    endloop
  endfacet
  facet normal 0.9321774988319033 0.36200153407340263 0
    outer loop
      vertex 59.08096647262573 12.914047546684742 0.901
      vertex 59.011177860200405 13.093757763504982 1.5
      vertex 59.08096647262573 12.914047546684742 1.5
    endloop
  endfacet
  facet normal 0.8567296044625905 0.5157658236422548 0
    outer loop
      vertex 58.93463494628668 13.252794653177261 0.901
      vertex 58.85133772343397 13.39115821570158 1.5
      vertex 58.93463494628668 13.252794653177261 1.5
    endloop
  endfacet
  facet normal 0.9010689894610252 0.4336757731666443 0
    outer loop
      vertex 59.011177860200405 13.093757763504982 0.901
      vertex 58.93463494628668 13.252794653177261 1.5
      vertex 59.011177860200405 13.093757763504982 1.5
    endloop
  endfacet
  facet normal 0.7941848497563772 0.6076762496736571 0
    outer loop
      vertex 58.85133772343397 13.39115821570158 0.901
      vertex 58.761286199092865 13.508848443627357 1.5
      vertex 58.85133772343397 13.39115821570158 1.5
    endloop
  endfacet
  facet normal 0.9539165914003864 0.30007188580583194 0
    outer loop
      vertex 59.14400077611208 12.713664002716541 0.901
      vertex 59.08096647262573 12.914047546684742 1.5
      vertex 59.14400077611208 12.713664002716541 1.5
    endloop
  endfacet
  facet normal 0 1 0
    outer loop
      vertex 60.674712508916855 12.713664002716541 0.901
      vertex 59.14400077611208 12.713664002716541 1.5
      vertex 60.674712508916855 12.713664002716541 1.5
    endloop
  endfacet
  facet normal -0.9934970444419026 -0.1138579056772269 0
    outer loop
      vertex 60.64329502731562 12.987805485725403 0.901
      vertex 60.674712508916855 12.713664002716541 1.5
      vertex 60.64329502731562 12.987805485725403 1.5
    endloop
  endfacet
  facet normal -0.9718192699088565 -0.23572718687885216 0
    outer loop
      vertex 60.576892368495464 13.261560007929802 0.901
      vertex 60.64329502731562 12.987805485725403 1.5
      vertex 60.576892368495464 13.261560007929802 1.5
    endloop
  endfacet
  facet normal -0.9375915966259099 -0.34773840446013027 0
    outer loop
      vertex 60.47550451755524 13.534927561879158 0.901
      vertex 60.576892368495464 13.261560007929802 1.5
      vertex 60.47550451755524 13.534927561879158 1.5
    endloop
  endfacet
  facet normal 0.527255699811482 0.8497066711614688 0
    outer loop
      vertex 58.57820176333189 13.680608287453651 0.901
      vertex 58.36291125416756 13.814199268817902 1.5
      vertex 58.57820176333189 13.680608287453651 1.5
    endloop
  endfacet
  facet normal 0.6841916501263007 0.7293022596272755 0
    outer loop
      vertex 58.761286199092865 13.508848443627357 0.901
      vertex 58.57820176333189 13.680608287453651 1.5
      vertex 58.761286199092865 13.508848443627357 1.5
    endloop
  endfacet
  facet normal -0.4096550811167423 -0.9122404916003429 0
    outer loop
      vertex 58.784143537282944 15.10034891217947 0.901
      vertex 59.32486896216869 14.857528164982796 1.5
      vertex 58.784143537282944 15.10034891217947 1.5
    endloop
  endfacet
  facet normal -0.5933236433790163 -0.8049640080198928 0
    outer loop
      vertex 59.32486896216869 14.857528164982796 0.901
      vertex 59.78607887029648 14.5175791233778 1.5
      vertex 59.32486896216869 14.857528164982796 1.5
    endloop
  endfacet
  facet normal -0.8466174497516431 -0.5322019295117446 0
    outer loop
      vertex 60.16777326911688 14.080501779913902 0.901
      vertex 60.339131481945515 13.807908155024052 1.5
      vertex 60.16777326911688 14.080501779913902 1.5
    endloop
  endfacet
  facet normal -0.7532153871804952 -0.6577739585256751 0
    outer loop
      vertex 59.78607887029648 14.5175791233778 0.901
      vertex 60.16777326911688 14.080501779913902 1.5
      vertex 59.78607887029648 14.5175791233778 1.5
    endloop
  endfacet
  facet normal -0.8945808478672552 -0.44690614968816755 0
    outer loop
      vertex 60.339131481945515 13.807908155024052 0.901
      vertex 60.47550451755524 13.534927561879158 1.5
      vertex 60.339131481945515 13.807908155024052 1.5
    endloop
  endfacet
  facet normal 1 0 0
    outer loop
      vertex 61.81823904812336 15.158581331372261 0.901
      vertex 61.81823904812336 15.158581331372261 1.5
      vertex 61.81823904812336 12.187090147239608 1.5
    endloop
  endfacet
  facet normal -1 0 0
    outer loop
      vertex 63.33407313376665 15.158581331372261 0.901
      vertex 63.33407313376665 12.363049954175949 1.5
      vertex 63.33407313376665 15.158581331372261 1.5
    endloop
  endfacet
  facet normal 0 -1 0
    outer loop
      vertex 61.81823904812336 15.158581331372261 0.901
      vertex 63.33407313376665 15.158581331372261 1.5
      vertex 61.81823904812336 15.158581331372261 1.5
    endloop
  endfacet
  facet normal 0 1 0
    outer loop
      vertex 66.19673713296652 11.101308442652225 0.901
      vertex 63.33407313376665 11.101308442652225 1.5
      vertex 66.19673713296652 11.101308442652225 1.5
    endloop
  endfacet
  facet normal 1 0 0
    outer loop
      vertex 66.19673713296652 7.832037687301636 0.901
      vertex 66.19673713296652 11.101308442652225 1.5
      vertex 66.19673713296652 7.832037687301636 1.5
    endloop
  endfacet
  facet normal 0 1 0
    outer loop
      vertex 67.71755486726761 7.832037687301636 0.901
      vertex 66.19673713296652 7.832037687301636 1.5
      vertex 67.71755486726761 7.832037687301636 1.5
    endloop
  endfacet
  facet normal 0 -1 0
    outer loop
      vertex 63.33407313376665 12.363049954175949 0.901
      vertex 66.19673713296652 12.363049954175949 1.5
      vertex 63.33407313376665 12.363049954175949 1.5
    endloop
  endfacet
  facet normal 1 0 0
    outer loop
      vertex 66.19673713296652 12.363049954175949 0.901
      vertex 66.19673713296652 15.158581331372261 1.5
      vertex 66.19673713296652 12.363049954175949 1.5
    endloop
  endfacet
  facet normal -1 0 0
    outer loop
      vertex 67.71755486726761 15.158581331372261 0.901
      vertex 67.71755486726761 7.832037687301636 1.5
      vertex 67.71755486726761 15.158581331372261 1.5
    endloop
  endfacet
  facet normal 0 -1 0
    outer loop
      vertex 66.19673713296652 15.158581331372261 0.901
      vertex 67.71755486726761 15.158581331372261 1.5
      vertex 66.19673713296652 15.158581331372261 1.5
    endloop
  endfacet
  facet normal 0 0 1
    outer loop
      vertex 28.038744047284126 28.653505563735962 0.901
      vertex 47.725306794047356 40.08795150369406 0.901
      vertex 47.46461858600378 40.578077524900436 0.901
    endloop
  endfacet
  facet normal 0 0 1
    outer loop
      vertex 25.024198420345783 32.47079110890627 0.901
      vertex 47.46461858600378 40.578077524900436 0.901
      vertex 47.27090976387262 41.137258283793926 0.901
    endloop
  endfacet
  facet normal 0 0 1
    outer loop
      vertex 25.024198420345783 32.47079110890627 0.901
      vertex 47.27090976387262 41.137258283793926 0.901
      vertex 47.15162447094917 41.74400474131107 0.901
    endloop
  endfacet
  facet normal 0 0 1
    outer loop
      vertex 41.4341109469533 23.53126960992813 0.901
      vertex 48.0429563075304 39.68571547418833 0.901
      vertex 47.725306794047356 40.08795150369406 0.901
    endloop
  endfacet
  facet normal 0 0 1
    outer loop
      vertex 43.63719253242016 23.866071946918964 0.901
      vertex 48.40536002069712 39.38682713359594 0.901
      vertex 48.0429563075304 39.68571547418833 0.901
    endloop
  endfacet
  facet normal 0 0 1
    outer loop
      vertex 47.535307951271534 25.690612487494946 0.901
      vertex 48.79859095811844 39.20277260988951 0.901
      vertex 48.40536002069712 39.38682713359594 0.901
    endloop
  endfacet
  facet normal 0 0 1
    outer loop
      vertex 25.024198420345783 32.47079110890627 0.901
      vertex 47.15162447094917 41.74400474131107 0.901
      vertex 47.11134675890207 42.37500000745058 0.901
    endloop
  endfacet
  facet normal 0 0 1
    outer loop
      vertex 25.024198420345783 32.47079110890627 0.901
      vertex 47.11134675890207 42.37500000745058 0.901
      vertex 47.15162447094917 43.005995251238346 0.901
    endloop
  endfacet
  facet normal 0 0 1
    outer loop
      vertex 25.024198420345783 32.47079110890627 0.901
      vertex 47.15162447094917 43.005995251238346 0.901
      vertex 47.27090976387262 43.612741738557816 0.901
    endloop
  endfacet
  facet normal -0.6362629664385041 -0.7714722532527497 0
    outer loop
      vertex 48.0429563075304 39.68571547418833 0.901
      vertex 48.40536002069712 39.38682713359594 0.901
      vertex 48.40536002069712 39.38682713359594 1.5
    endloop
  endfacet
  facet normal -0.42391928330851647 -0.9056999730811487 0
    outer loop
      vertex 48.40536002069712 39.38682713359594 0.901
      vertex 48.79859095811844 39.20277260988951 0.901
      vertex 48.79859095811844 39.20277260988951 1.5
    endloop
  endfacet
  facet normal -0.7847928456410407 -0.6197581701201184 0
    outer loop
      vertex 47.725306794047356 40.08795150369406 0.901
      vertex 48.0429563075304 39.68571547418833 0.901
      vertex 48.0429563075304 39.68571547418833 1.5
    endloop
  endfacet
  facet normal -0.8828851767578515 -0.46958893157873427 0
    outer loop
      vertex 47.725306794047356 40.08795150369406 0.901
      vertex 47.725306794047356 40.08795150369406 1.5
      vertex 47.46461858600378 40.578077524900436 0.901
    endloop
  endfacet
  facet normal -0.9449096536959029 -0.3273312486645429 0
    outer loop
      vertex 47.46461858600378 40.578077524900436 0.901
      vertex 47.46461858600378 40.578077524900436 1.5
      vertex 47.27090976387262 41.137258283793926 0.901
    endloop
  endfacet
  facet normal -0.9812173183338081 -0.19290560956543054 0
    outer loop
      vertex 47.27090976387262 41.137258283793926 0.901
      vertex 47.27090976387262 41.137258283793926 1.5
      vertex 47.15162447094917 41.74400474131107 0.901
    endloop
  endfacet
  facet normal -0.9979689402456254 -0.06370238853468033 0
    outer loop
      vertex 47.15162447094917 41.74400474131107 0.901
      vertex 47.15162447094917 41.74400474131107 1.5
      vertex 47.11134675890207 42.37500000745058 0.901
    endloop
  endfacet
  facet normal -0.9979689401021711 0.06370239078205277 0
    outer loop
      vertex 47.11134675890207 42.37500000745058 0.901
      vertex 47.11134675890207 42.37500000745058 1.5
      vertex 47.15162447094917 43.005995251238346 0.901
    endloop
  endfacet
  facet normal -0.981217320127293 0.1929056004428416 0
    outer loop
      vertex 47.15162447094917 43.005995251238346 0.901
      vertex 47.15162447094917 43.005995251238346 1.5
      vertex 47.27090976387262 43.612741738557816 0.901
    endloop
  endfacet
  facet normal -0.9449096483000122 0.3273312642409019 0
    outer loop
      vertex 47.27090976387262 43.612741738557816 0.901
      vertex 47.27090976387262 43.612741738557816 1.5
      vertex 47.46461858600378 44.17192246764898 0.901
    endloop
  endfacet
  facet normal -0.8828851797173785 0.46958892601445845 0
    outer loop
      vertex 47.46461858600378 44.17192246764898 0.901
      vertex 47.46461858600378 44.17192246764898 1.5
      vertex 47.725306794047356 44.66204849630594 0.901
    endloop
  endfacet
  facet normal -0.7847928456410407 0.6197581701201184 0
    outer loop
      vertex 47.725306794047356 44.66204849630594 0.901
      vertex 47.725306794047356 44.66204849630594 1.5
      vertex 48.0429563075304 45.06428452581167 0.901
    endloop
  endfacet
  facet normal -0.6362629569987993 0.7714722610380389 0
    outer loop
      vertex 48.0429563075304 45.06428452581167 0.901
      vertex 48.0429563075304 45.06428452581167 1.5
      vertex 48.40536002069712 45.363172858953476 0.901
    endloop
  endfacet
  facet normal -0.42391928330851647 0.9056999730811487 0
    outer loop
      vertex 48.40536002069712 45.363172858953476 0.901
      vertex 48.40536002069712 45.363172858953476 1.5
      vertex 48.79859095811844 45.54722738265991 0.901
    endloop
  endfacet
  facet normal 0 0 1
    outer loop
      vertex 47.535307951271534 25.690612487494946 0.901
      vertex 51.12783166766167 28.653505563735962 0.901
      vertex 48.79859095811844 39.20277260988951 0.901
    endloop
  endfacet
  facet normal 0 0 1
    outer loop
      vertex 51.12783166766167 28.653505563735962 0.901
      vertex 54.27670504897833 32.64088881760836 0.901
      vertex 49.61648401618004 39.20277260988951 0.901
    endloop
  endfacet
  facet normal 0 0 1
    outer loop
      vertex 51.12783166766167 28.653505563735962 0.901
      vertex 49.20753748714924 39.14062499254942 0.901
      vertex 48.79859095811844 39.20277260988951 0.901
    endloop
  endfacet
  facet normal 0 0 1
    outer loop
      vertex 51.12783166766167 28.653505563735962 0.901
      vertex 49.61648401618004 39.20277260988951 0.901
      vertex 49.20753748714924 39.14062499254942 0.901
    endloop
  endfacet
  facet normal 0 0 1
    outer loop
      vertex 49.61648401618004 39.20277260988951 0.901
      vertex 54.27670504897833 32.64088881760836 0.901
      vertex 50.00971495360136 39.38682713359594 0.901
    endloop
  endfacet
  facet normal 0 0 1
    outer loop
      vertex 50.00971495360136 39.38682713359594 0.901
      vertex 54.27670504897833 32.64088881760836 0.901
      vertex 50.37211865186691 39.68571547418833 0.901
    endloop
  endfacet
  facet normal 0 0 1
    outer loop
      vertex 50.37211865186691 39.68571547418833 0.901
      vertex 54.27670504897833 32.64088881760836 0.901
      vertex 56.860918655991554 37.49952940642834 0.901
    endloop
  endfacet
  facet normal 0 0 1
    outer loop
      vertex 50.37211865186691 39.68571547418833 0.901
      vertex 56.860918655991554 37.49952940642834 0.901
      vertex 56.990987449884415 37.87500000745058 0.901
    endloop
  endfacet
  facet normal 0 0 1
    outer loop
      vertex 50.37211865186691 39.68571547418833 0.901
      vertex 56.990987449884415 37.87500000745058 0.901
      vertex 56.860918655991554 38.25047060102224 0.901
    endloop
  endfacet
  facet normal -0.8828851729880203 0.4695889386664823 0
    outer loop
      vertex 54.27670504897833 32.64088881760836 0.901
      vertex 54.27670504897833 32.64088881760836 1.5
      vertex 56.860918655991554 37.49952940642834 0.901
    endloop
  endfacet
  facet normal -0.9449096550761088 0.32733124468029184 0
    outer loop
      vertex 56.860918655991554 37.49952940642834 0.901
      vertex 56.860918655991554 37.49952940642834 1.5
      vertex 56.990987449884415 37.87500000745058 0.901
    endloop
  endfacet
  facet normal -0.9449096530671113 -0.3273312504796806 0
    outer loop
      vertex 56.990987449884415 37.87500000745058 0.901
      vertex 56.990987449884415 37.87500000745058 1.5
      vertex 56.860918655991554 38.25047060102224 0.901
    endloop
  endfacet
  facet normal 0 0 1
    outer loop
      vertex 50.37211865186691 39.68571547418833 0.901
      vertex 56.860918655991554 38.25047060102224 0.901
      vertex 50.68976816534996 40.08795150369406 0.901
    endloop
  endfacet
  facet normal 0 0 1
    outer loop
      vertex 50.68976816534996 40.08795150369406 0.901
      vertex 56.860918655991554 38.25047060102224 0.901
      vertex 50.950456373393536 40.578077524900436 0.901
    endloop
  endfacet
  facet normal 0 0 1
    outer loop
      vertex 50.950456373393536 40.578077524900436 0.901
      vertex 56.860918655991554 38.25047060102224 0.901
      vertex 51.14416519552469 41.137258283793926 0.901
    endloop
  endfacet
  facet normal 0 0 1
    outer loop
      vertex 51.14416519552469 41.137258283793926 0.901
      vertex 56.860918655991554 38.25047060102224 0.901
      vertex 51.263450503349304 41.74400474131107 0.901
    endloop
  endfacet
  facet normal 0 0 1
    outer loop
      vertex 51.263450503349304 41.74400474131107 0.901
      vertex 56.860918655991554 38.25047060102224 0.901
      vertex 51.303728215396404 42.37500000745058 0.901
    endloop
  endfacet
  facet normal 0 0 1
    outer loop
      vertex 50.950456373393536 44.17192246764898 0.901
      vertex 51.12783166766167 47.09649444371462 0.901
      vertex 50.68976816534996 44.66204849630594 0.901
    endloop
  endfacet
  facet normal 0 0 1
    outer loop
      vertex 50.00971495360136 45.363172858953476 0.901
      vertex 51.12783166766167 47.09649444371462 0.901
      vertex 49.61648401618004 45.54722738265991 0.901
    endloop
  endfacet
  facet normal 0 0 1
    outer loop
      vertex 50.00971495360136 45.363172858953476 0.901
      vertex 50.37211865186691 45.06428452581167 0.901
      vertex 51.12783166766167 47.09649444371462 0.901
    endloop
  endfacet
  facet normal 0 0 1
    outer loop
      vertex 50.37211865186691 45.06428452581167 0.901
      vertex 50.68976816534996 44.66204849630594 0.901
      vertex 51.12783166766167 47.09649444371462 0.901
    endloop
  endfacet
  facet normal 0 0 1
    outer loop
      vertex 51.303728215396404 42.37500000745058 0.901
      vertex 54.27670504897833 43.109111189842224 0.901
      vertex 51.263450503349304 43.005995251238346 0.901
    endloop
  endfacet
  facet normal 0 0 1
    outer loop
      vertex 51.263450503349304 43.005995251238346 0.901
      vertex 54.27670504897833 43.109111189842224 0.901
      vertex 51.14416519552469 43.612741738557816 0.901
    endloop
  endfacet
  facet normal 0 0 1
    outer loop
      vertex 51.14416519552469 43.612741738557816 0.901
      vertex 54.27670504897833 43.109111189842224 0.901
      vertex 50.950456373393536 44.17192246764898 0.901
    endloop
  endfacet
  facet normal 0 0 1
    outer loop
      vertex 50.950456373393536 44.17192246764898 0.901
      vertex 54.27670504897833 43.109111189842224 0.901
      vertex 51.12783166766167 47.09649444371462 0.901
    endloop
  endfacet
  facet normal 0 0 1
    outer loop
      vertex 51.303728215396404 42.37500000745058 0.901
      vertex 56.860918655991554 38.25047060102224 0.901
      vertex 54.27670504897833 43.109111189842224 0.901
    endloop
  endfacet
  facet normal -0.1502449898299455 -0.9886487966062568 0
    outer loop
      vertex 48.79859095811844 39.20277260988951 0.901
      vertex 49.20753748714924 39.14062499254942 0.901
      vertex 49.20753748714924 39.14062499254942 1.5
    endloop
  endfacet
  facet normal 0.1502449898299455 -0.9886487966062568 0
    outer loop
      vertex 49.20753748714924 39.14062499254942 0.901
      vertex 49.61648401618004 39.20277260988951 0.901
      vertex 49.61648401618004 39.20277260988951 1.5
    endloop
  endfacet
  facet normal 0.42391928330851647 -0.9056999730811487 0
    outer loop
      vertex 49.61648401618004 39.20277260988951 0.901
      vertex 50.00971495360136 39.38682713359594 0.901
      vertex 50.00971495360136 39.38682713359594 1.5
    endloop
  endfacet
  facet normal 0.6362629820090826 -0.771472240411092 0
    outer loop
      vertex 50.00971495360136 39.38682713359594 0.901
      vertex 50.37211865186691 39.68571547418833 0.901
      vertex 50.37211865186691 39.68571547418833 1.5
    endloop
  endfacet
  facet normal 0.7847928456410407 -0.6197581701201184 0
    outer loop
      vertex 50.37211865186691 39.68571547418833 0.901
      vertex 50.68976816534996 40.08795150369406 0.901
      vertex 50.68976816534996 40.08795150369406 1.5
    endloop
  endfacet
  facet normal 0.8828851767578515 -0.46958893157873427 0
    outer loop
      vertex 50.68976816534996 40.08795150369406 0.901
      vertex 50.950456373393536 40.578077524900436 0.901
      vertex 50.950456373393536 40.578077524900436 1.5
    endloop
  endfacet
  facet normal 0.9449096536959029 -0.3273312486645429 0
    outer loop
      vertex 50.950456373393536 40.578077524900436 0.901
      vertex 51.14416519552469 41.137258283793926 0.901
      vertex 51.14416519552469 41.137258283793926 1.5
    endloop
  endfacet
  facet normal 0.9812173137725132 -0.19290563276652511 0
    outer loop
      vertex 51.14416519552469 41.137258283793926 0.901
      vertex 51.263450503349304 41.74400474131107 0.901
      vertex 51.263450503349304 41.74400474131107 1.5
    endloop
  endfacet
  facet normal 0.9979689402456254 -0.06370238853468033 0
    outer loop
      vertex 51.263450503349304 41.74400474131107 0.901
      vertex 51.303728215396404 42.37500000745058 0.901
      vertex 51.303728215396404 42.37500000745058 1.5
    endloop
  endfacet
  facet normal 0.9812173155659986 0.19290562364393518 0
    outer loop
      vertex 51.263450503349304 43.005995251238346 0.901
      vertex 51.14416519552469 43.612741738557816 0.901
      vertex 51.14416519552469 43.612741738557816 1.5
    endloop
  endfacet
  facet normal 0.9449096483000122 0.3273312642409019 0
    outer loop
      vertex 51.14416519552469 43.612741738557816 0.901
      vertex 50.950456373393536 44.17192246764898 0.901
      vertex 50.950456373393536 44.17192246764898 1.5
    endloop
  endfacet
  facet normal 0.8828851797173785 0.46958892601445845 0
    outer loop
      vertex 50.950456373393536 44.17192246764898 0.901
      vertex 50.68976816534996 44.66204849630594 0.901
      vertex 50.68976816534996 44.66204849630594 1.5
    endloop
  endfacet
  facet normal 0.42391928330851647 0.9056999730811487 0
    outer loop
      vertex 50.00971495360136 45.363172858953476 0.901
      vertex 49.61648401618004 45.54722738265991 0.901
      vertex 49.61648401618004 45.54722738265991 1.5
    endloop
  endfacet
  facet normal -0.15024500743550026 0.9886487939307399 0
    outer loop
      vertex 48.79859095811844 45.54722738265991 0.901
      vertex 48.79859095811844 45.54722738265991 1.5
      vertex 49.20753748714924 45.60937500745058 0.901
    endloop
  endfacet
  facet normal 0.15024500743550026 0.9886487939307399 0
    outer loop
      vertex 49.20753748714924 45.60937500745058 0.901
      vertex 49.20753748714924 45.60937500745058 1.5
      vertex 49.61648401618004 45.54722738265991 0.901
    endloop
  endfacet
  facet normal 0.7847928456410407 0.6197581701201184 0
    outer loop
      vertex 50.37211865186691 45.06428452581167 0.901
      vertex 50.37211865186691 45.06428452581167 1.5
      vertex 50.68976816534996 44.66204849630594 0.901
    endloop
  endfacet
  facet normal 0.6362629725693778 0.7714722481963814 0
    outer loop
      vertex 50.00971495360136 45.363172858953476 0.901
      vertex 50.00971495360136 45.363172858953476 1.5
      vertex 50.37211865186691 45.06428452581167 0.901
    endloop
  endfacet
  facet normal 0.9979689401021711 0.06370239078205277 0
    outer loop
      vertex 51.303728215396404 42.37500000745058 0.901
      vertex 51.263450503349304 43.005995251238346 0.901
      vertex 51.263450503349304 43.005995251238346 1.5
    endloop
  endfacet
  facet normal -0.784792851435189 -0.6197581627830533 1.6415835031101388e-16
    outer loop
      vertex 51.12783166766167 47.09649444371462 0.901
      vertex 54.27670504897833 43.109111189842224 0.901
      vertex 54.27670504897833 43.109111189842224 1.5
    endloop
  endfacet
  facet normal -0.8828851729880203 -0.4695889386664823 0
    outer loop
      vertex 56.860918655991554 38.25047060102224 0.901
      vertex 56.860918655991554 38.25047060102224 1.5
      vertex 54.27670504897833 43.109111189842224 0.901
    endloop
  endfacet
  facet normal -0.6362629664385041 -0.7714722532527497 0
    outer loop
      vertex 48.0429563075304 39.68571547418833 0.901
      vertex 48.40536002069712 39.38682713359594 1.5
      vertex 48.0429563075304 39.68571547418833 1.5
    endloop
  endfacet
  facet normal -0.42391928330851647 -0.9056999730811487 0
    outer loop
      vertex 48.40536002069712 39.38682713359594 0.901
      vertex 48.79859095811844 39.20277260988951 1.5
      vertex 48.40536002069712 39.38682713359594 1.5
    endloop
  endfacet
  facet normal -0.7847928456410407 -0.6197581701201184 0
    outer loop
      vertex 47.725306794047356 40.08795150369406 0.901
      vertex 48.0429563075304 39.68571547418833 1.5
      vertex 47.725306794047356 40.08795150369406 1.5
    endloop
  endfacet
  facet normal -0.8828851767578515 -0.46958893157873427 0
    outer loop
      vertex 47.46461858600378 40.578077524900436 0.901
      vertex 47.725306794047356 40.08795150369406 1.5
      vertex 47.46461858600378 40.578077524900436 1.5
    endloop
  endfacet
  facet normal -0.9449096536959029 -0.3273312486645429 0
    outer loop
      vertex 47.27090976387262 41.137258283793926 0.901
      vertex 47.46461858600378 40.578077524900436 1.5
      vertex 47.27090976387262 41.137258283793926 1.5
    endloop
  endfacet
  facet normal -0.9812173183338081 -0.19290560956543054 0
    outer loop
      vertex 47.15162447094917 41.74400474131107 0.901
      vertex 47.27090976387262 41.137258283793926 1.5
      vertex 47.15162447094917 41.74400474131107 1.5
    endloop
  endfacet
  facet normal -0.9979689402456254 -0.06370238853468033 0
    outer loop
      vertex 47.11134675890207 42.37500000745058 0.901
      vertex 47.15162447094917 41.74400474131107 1.5
      vertex 47.11134675890207 42.37500000745058 1.5
    endloop
  endfacet
  facet normal -0.9979689401021711 0.06370239078205277 0
    outer loop
      vertex 47.15162447094917 43.005995251238346 0.901
      vertex 47.11134675890207 42.37500000745058 1.5
      vertex 47.15162447094917 43.005995251238346 1.5
    endloop
  endfacet
  facet normal -0.981217320127293 0.1929056004428416 0
    outer loop
      vertex 47.27090976387262 43.612741738557816 0.901
      vertex 47.15162447094917 43.005995251238346 1.5
      vertex 47.27090976387262 43.612741738557816 1.5
    endloop
  endfacet
  facet normal -0.9449096483000122 0.3273312642409019 0
    outer loop
      vertex 47.46461858600378 44.17192246764898 0.901
      vertex 47.27090976387262 43.612741738557816 1.5
      vertex 47.46461858600378 44.17192246764898 1.5
    endloop
  endfacet
  facet normal -0.8828851797173785 0.46958892601445845 0
    outer loop
      vertex 47.725306794047356 44.66204849630594 0.901
      vertex 47.46461858600378 44.17192246764898 1.5
      vertex 47.725306794047356 44.66204849630594 1.5
    endloop
  endfacet
  facet normal -0.7847928456410407 0.6197581701201184 0
    outer loop
      vertex 48.0429563075304 45.06428452581167 0.901
      vertex 47.725306794047356 44.66204849630594 1.5
      vertex 48.0429563075304 45.06428452581167 1.5
    endloop
  endfacet
  facet normal -0.6362629569987993 0.7714722610380389 0
    outer loop
      vertex 48.40536002069712 45.363172858953476 0.901
      vertex 48.0429563075304 45.06428452581167 1.5
      vertex 48.40536002069712 45.363172858953476 1.5
    endloop
  endfacet
  facet normal -0.42391928330851647 0.9056999730811487 0
    outer loop
      vertex 48.79859095811844 45.54722738265991 0.901
      vertex 48.40536002069712 45.363172858953476 1.5
      vertex 48.79859095811844 45.54722738265991 1.5
    endloop
  endfacet
  facet normal -0.784792851435189 0.6197581627830533 0
    outer loop
      vertex 54.27670504897833 32.64088881760836 0.901
      vertex 51.12783166766167 28.653505563735962 1.5
      vertex 54.27670504897833 32.64088881760836 1.5
    endloop
  endfacet
  facet normal -0.8828851729880203 0.4695889386664823 0
    outer loop
      vertex 56.860918655991554 37.49952940642834 0.901
      vertex 54.27670504897833 32.64088881760836 1.5
      vertex 56.860918655991554 37.49952940642834 1.5
    endloop
  endfacet
  facet normal -0.9449096550761088 0.32733124468029184 0
    outer loop
      vertex 56.990987449884415 37.87500000745058 0.901
      vertex 56.860918655991554 37.49952940642834 1.5
      vertex 56.990987449884415 37.87500000745058 1.5
    endloop
  endfacet
  facet normal -0.9449096530671113 -0.3273312504796806 0
    outer loop
      vertex 56.860918655991554 38.25047060102224 0.901
      vertex 56.990987449884415 37.87500000745058 1.5
      vertex 56.860918655991554 38.25047060102224 1.5
    endloop
  endfacet
  facet normal -0.1502449898299455 -0.9886487966062568 0
    outer loop
      vertex 48.79859095811844 39.20277260988951 0.901
      vertex 49.20753748714924 39.14062499254942 1.5
      vertex 48.79859095811844 39.20277260988951 1.5
    endloop
  endfacet
  facet normal 0.1502449898299455 -0.9886487966062568 0
    outer loop
      vertex 49.20753748714924 39.14062499254942 0.901
      vertex 49.61648401618004 39.20277260988951 1.5
      vertex 49.20753748714924 39.14062499254942 1.5
    endloop
  endfacet
  facet normal 0.42391928330851647 -0.9056999730811487 0
    outer loop
      vertex 49.61648401618004 39.20277260988951 0.901
      vertex 50.00971495360136 39.38682713359594 1.5
      vertex 49.61648401618004 39.20277260988951 1.5
    endloop
  endfacet
  facet normal 0.6362629820090826 -0.771472240411092 0
    outer loop
      vertex 50.00971495360136 39.38682713359594 0.901
      vertex 50.37211865186691 39.68571547418833 1.5
      vertex 50.00971495360136 39.38682713359594 1.5
    endloop
  endfacet
  facet normal 0.7847928456410407 -0.6197581701201184 0
    outer loop
      vertex 50.37211865186691 39.68571547418833 0.901
      vertex 50.68976816534996 40.08795150369406 1.5
      vertex 50.37211865186691 39.68571547418833 1.5
    endloop
  endfacet
  facet normal 0.8828851767578515 -0.46958893157873427 0
    outer loop
      vertex 50.68976816534996 40.08795150369406 0.901
      vertex 50.950456373393536 40.578077524900436 1.5
      vertex 50.68976816534996 40.08795150369406 1.5
    endloop
  endfacet
  facet normal 0.9449096536959029 -0.3273312486645429 0
    outer loop
      vertex 50.950456373393536 40.578077524900436 0.901
      vertex 51.14416519552469 41.137258283793926 1.5
      vertex 50.950456373393536 40.578077524900436 1.5
    endloop
  endfacet
  facet normal 0.9812173137725132 -0.19290563276652511 0
    outer loop
      vertex 51.14416519552469 41.137258283793926 0.901
      vertex 51.263450503349304 41.74400474131107 1.5
      vertex 51.14416519552469 41.137258283793926 1.5
    endloop
  endfacet
  facet normal 0.9979689402456254 -0.06370238853468033 0
    outer loop
      vertex 51.263450503349304 41.74400474131107 0.901
      vertex 51.303728215396404 42.37500000745058 1.5
      vertex 51.263450503349304 41.74400474131107 1.5
    endloop
  endfacet
  facet normal 0.9979689401021711 0.06370239078205277 0
    outer loop
      vertex 51.303728215396404 42.37500000745058 0.901
      vertex 51.263450503349304 43.005995251238346 1.5
      vertex 51.303728215396404 42.37500000745058 1.5
    endloop
  endfacet
  facet normal 0.9449096483000122 0.3273312642409019 0
    outer loop
      vertex 51.14416519552469 43.612741738557816 0.901
      vertex 50.950456373393536 44.17192246764898 1.5
      vertex 51.14416519552469 43.612741738557816 1.5
    endloop
  endfacet
  facet normal 0.8828851797173785 0.46958892601445845 0
    outer loop
      vertex 50.950456373393536 44.17192246764898 0.901
      vertex 50.68976816534996 44.66204849630594 1.5
      vertex 50.950456373393536 44.17192246764898 1.5
    endloop
  endfacet
  facet normal 0.42391928330851647 0.9056999730811487 0
    outer loop
      vertex 50.00971495360136 45.363172858953476 0.901
      vertex 49.61648401618004 45.54722738265991 1.5
      vertex 50.00971495360136 45.363172858953476 1.5
    endloop
  endfacet
  facet normal -0.15024500743550026 0.9886487939307399 0
    outer loop
      vertex 49.20753748714924 45.60937500745058 0.901
      vertex 48.79859095811844 45.54722738265991 1.5
      vertex 49.20753748714924 45.60937500745058 1.5
    endloop
  endfacet
  facet normal 0.15024500743550026 0.9886487939307399 0
    outer loop
      vertex 49.61648401618004 45.54722738265991 0.901
      vertex 49.20753748714924 45.60937500745058 1.5
      vertex 49.61648401618004 45.54722738265991 1.5
    endloop
  endfacet
  facet normal 0.6362629725693778 0.7714722481963814 0
    outer loop
      vertex 50.37211865186691 45.06428452581167 0.901
      vertex 50.00971495360136 45.363172858953476 1.5
      vertex 50.37211865186691 45.06428452581167 1.5
    endloop
  endfacet
  facet normal 0.7847928456410407 0.6197581701201184 0
    outer loop
      vertex 50.68976816534996 44.66204849630594 0.901
      vertex 50.37211865186691 45.06428452581167 1.5
      vertex 50.68976816534996 44.66204849630594 1.5
    endloop
  endfacet
  facet normal 0.9812173155659986 0.19290562364393518 0
    outer loop
      vertex 51.263450503349304 43.005995251238346 0.901
      vertex 51.14416519552469 43.612741738557816 1.5
      vertex 51.263450503349304 43.005995251238346 1.5
    endloop
  endfacet
  facet normal -0.784792851435189 -0.6197581627830533 0
    outer loop
      vertex 51.12783166766167 47.09649444371462 0.901
      vertex 54.27670504897833 43.109111189842224 1.5
      vertex 51.12783166766167 47.09649444371462 1.5
    endloop
  endfacet
  facet normal -0.8828851729880203 -0.4695889386664823 0
    outer loop
      vertex 54.27670504897833 43.109111189842224 0.901
      vertex 56.860918655991554 38.25047060102224 1.5
      vertex 54.27670504897833 43.109111189842224 1.5
    endloop
  endfacet
  facet normal 0 0 1
    outer loop
      vertex 35.529383175075054 51.883928060531616 0.901
      vertex 47.27090976387262 43.612741738557816 0.901
      vertex 35.620882511138916 51.897833198308945 0.901
    endloop
  endfacet
  facet normal 0 0 1
    outer loop
      vertex 35.620882511138916 51.897833198308945 0.901
      vertex 47.27090976387262 43.612741738557816 0.901
      vertex 39.1529031842947 52.43459443002939 0.901
    endloop
  endfacet
  facet normal 0 0 1
    outer loop
      vertex 47.27090976387262 43.612741738557816 0.901
      vertex 39.5832878574729 52.50000001490116 0.901
      vertex 39.1529031842947 52.43459443002939 0.901
    endloop
  endfacet
  facet normal 0 0 1
    outer loop
      vertex 47.46461858600378 44.17192246764898 0.901
      vertex 43.63719253242016 51.883928060531616 0.901
      vertex 39.5832878574729 52.50000001490116 0.901
    endloop
  endfacet
  facet normal 0 0 1
    outer loop
      vertex 47.27090976387262 43.612741738557816 0.901
      vertex 47.46461858600378 44.17192246764898 0.901
      vertex 39.5832878574729 52.50000001490116 0.901
    endloop
  endfacet
  facet normal 0 0 1
    outer loop
      vertex 47.46461858600378 44.17192246764898 0.901
      vertex 47.725306794047356 44.66204849630594 0.901
      vertex 43.63719253242016 51.883928060531616 0.901
    endloop
  endfacet
  facet normal 0 0 1
    outer loop
      vertex 43.63719253242016 51.883928060531616 0.901
      vertex 47.725306794047356 44.66204849630594 0.901
      vertex 48.0429563075304 45.06428452581167 0.901
    endloop
  endfacet
  facet normal 0 0 1
    outer loop
      vertex 48.0429563075304 45.06428452581167 0.901
      vertex 48.40536002069712 45.363172858953476 0.901
      vertex 47.535307951271534 50.059387519955635 0.901
    endloop
  endfacet
  facet normal 0 0 1
    outer loop
      vertex 48.40536002069712 45.363172858953476 0.901
      vertex 48.79859095811844 45.54722738265991 0.901
      vertex 47.535307951271534 50.059387519955635 0.901
    endloop
  endfacet
  facet normal 0 0 1
    outer loop
      vertex 48.79859095811844 45.54722738265991 0.901
      vertex 49.20753748714924 45.60937500745058 0.901
      vertex 47.535307951271534 50.059387519955635 0.901
    endloop
  endfacet
  facet normal 0 0 1
    outer loop
      vertex 43.63719253242016 51.883928060531616 0.901
      vertex 48.0429563075304 45.06428452581167 0.901
      vertex 47.535307951271534 50.059387519955635 0.901
    endloop
  endfacet
  facet normal 0.15024501692401818 -0.9886487924887692 0
    outer loop
      vertex 39.1529031842947 52.43459443002939 0.901
      vertex 39.5832878574729 52.50000001490116 0.901
      vertex 39.5832878574729 52.50000001490116 1.5
    endloop
  endfacet
  facet normal -0.15024497286835173 -0.9886487991839105 4.520140334164377e-17
    outer loop
      vertex 39.5832878574729 52.50000001490116 0.901
      vertex 43.63719253242016 51.883928060531616 0.901
      vertex 43.63719253242016 51.883928060531616 1.5
    endloop
  endfacet
  facet normal -0.4239192883319283 -0.9056999707299054 -4.3063871131004483e-17
    outer loop
      vertex 43.63719253242016 51.883928060531616 0.901
      vertex 47.535307951271534 50.059387519955635 0.901
      vertex 47.535307951271534 50.059387519955635 1.5
    endloop
  endfacet
  facet normal 0 0 1
    outer loop
      vertex 49.20753748714924 45.60937500745058 0.901
      vertex 49.61648401618004 45.54722738265991 0.901
      vertex 47.535307951271534 50.059387519955635 0.901
    endloop
  endfacet
  facet normal 0 0 1
    outer loop
      vertex 47.535307951271534 50.059387519955635 0.901
      vertex 49.61648401618004 45.54722738265991 0.901
      vertex 51.12783166766167 47.09649444371462 0.901
    endloop
  endfacet
  facet normal -0.636262966584883 -0.7714722531320254 -2.1891058616046065e-16
    outer loop
      vertex 47.535307951271534 50.059387519955635 0.901
      vertex 51.12783166766167 47.09649444371462 0.901
      vertex 51.12783166766167 47.09649444371462 1.5
    endloop
  endfacet
  facet normal -0.15024497286835173 -0.9886487991839105 0
    outer loop
      vertex 39.5832878574729 52.50000001490116 0.901
      vertex 43.63719253242016 51.883928060531616 1.5
      vertex 39.5832878574729 52.50000001490116 1.5
    endloop
  endfacet
  facet normal 0.15024501692401818 -0.9886487924887692 0
    outer loop
      vertex 39.1529031842947 52.43459443002939 0.901
      vertex 39.5832878574729 52.50000001490116 1.5
      vertex 39.1529031842947 52.43459443002939 1.5
    endloop
  endfacet
  facet normal -0.636262966584883 -0.7714722531320254 0
    outer loop
      vertex 47.535307951271534 50.059387519955635 0.901
      vertex 51.12783166766167 47.09649444371462 1.5
      vertex 47.535307951271534 50.059387519955635 1.5
    endloop
  endfacet
  facet normal -0.4239192883319283 -0.9056999707299054 0
    outer loop
      vertex 43.63719253242016 51.883928060531616 0.901
      vertex 47.535307951271534 50.059387519955635 1.5
      vertex 43.63719253242016 51.883928060531616 1.5
    endloop
  endfacet
endsolid OpenSCAD_Model
