solid OpenSCAD_Model
  facet normal -0.04458037467265194 0.9990058008810789 0
    outer loop
      vertex 42.58681323379278 31.280474424362183 0.9
      vertex 42.9326181858778 31.295905880630016 1.5
      vertex 42.9326181858778 31.295905880630016 0.9
    endloop
  endfacet
  facet normal -0.04458037467265194 0.9990058008810789 0
    outer loop
      vertex 42.58681323379278 31.280474424362183 0.9
      vertex 42.58681323379278 31.280474424362183 1.5
      vertex 42.9326181858778 31.295905880630016 1.5
    endloop
  endfacet
  facet normal 0.509457159636841 -0.8604960211963576 -2.154334134999979e-16
    outer loop
      vertex 52.9340126439929 37.40653973072767 0.9
      vertex 42.58681323379278 31.280474424362183 1.5
      vertex 42.58681323379278 31.280474424362183 0.9
    endloop
  endfacet
  facet normal 0.509457159636841 -0.8604960211963576 0
    outer loop
      vertex 52.9340126439929 37.40653973072767 0.9
      vertex 52.9340126439929 37.40653973072767 1.5
      vertex 42.58681323379278 31.280474424362183 1.5
    endloop
  endfacet
  facet normal 0.5688833633689526 -0.8224182140991456 0
    outer loop
      vertex 53.35241127759218 37.69595455378294 0.9
      vertex 52.9340126439929 37.40653973072767 1.5
      vertex 52.9340126439929 37.40653973072767 0.9
    endloop
  endfacet
  facet normal 0.5688833633689526 -0.8224182140991456 0
    outer loop
      vertex 53.35241127759218 37.69595455378294 0.9
      vertex 53.35241127759218 37.69595455378294 1.5
      vertex 52.9340126439929 37.40653973072767 1.5
    endloop
  endfacet
  facet normal 0.728056657776946 -0.6855169604514997 0
    outer loop
      vertex 53.719140745699406 38.08544138818979 0.9
      vertex 53.35241127759218 37.69595455378294 1.5
      vertex 53.35241127759218 37.69595455378294 0.9
    endloop
  endfacet
  facet normal 0.728056657776946 -0.6855169604514997 0
    outer loop
      vertex 53.719140745699406 38.08544138818979 0.9
      vertex 53.719140745699406 38.08544138818979 1.5
      vertex 53.35241127759218 37.69595455378294 1.5
    endloop
  endfacet
  facet normal 0.844503029372819 -0.5355507757254502 0
    outer loop
      vertex 54.020107835531235 38.56003246456385 0.9
      vertex 53.719140745699406 38.08544138818979 1.5
      vertex 53.719140745699406 38.08544138818979 0.9
    endloop
  endfacet
  facet normal 0.844503029372819 -0.5355507757254502 0
    outer loop
      vertex 54.020107835531235 38.56003246456385 0.9
      vertex 54.020107835531235 38.56003246456385 1.5
      vertex 53.719140745699406 38.08544138818979 1.5
    endloop
  endfacet
  facet normal 0.9242653838642189 -0.3817505732678445 0
    outer loop
      vertex 54.24374657124281 39.10148952156305 0.9
      vertex 54.020107835531235 38.56003246456385 1.5
      vertex 54.020107835531235 38.56003246456385 0.9
    endloop
  endfacet
  facet normal 0.9242653838642189 -0.3817505732678445 0
    outer loop
      vertex 54.24374657124281 39.10148952156305 0.9
      vertex 54.24374657124281 39.10148952156305 1.5
      vertex 54.020107835531235 38.56003246456385 1.5
    endloop
  endfacet
  facet normal 0.973609981112413 -0.22821832678005252 0
    outer loop
      vertex 54.38146261870861 39.68900464475155 0.9
      vertex 54.24374657124281 39.10148952156305 1.5
      vertex 54.24374657124281 39.10148952156305 0.9
    endloop
  endfacet
  facet normal 0.973609981112413 -0.22821832678005252 0
    outer loop
      vertex 54.38146261870861 39.68900464475155 0.9
      vertex 54.38146261870861 39.68900464475155 1.5
      vertex 54.24374657124281 39.10148952156305 1.5
    endloop
  endfacet
  facet normal 0.9971163829912082 -0.07588754028515032 0
    outer loop
      vertex 54.42796364426613 40.29999999701977 0.9
      vertex 54.38146261870861 39.68900464475155 1.5
      vertex 54.38146261870861 39.68900464475155 0.9
    endloop
  endfacet
  facet normal 0.9971163829912082 -0.07588754028515032 0
    outer loop
      vertex 54.42796364426613 40.29999999701977 0.9
      vertex 54.42796364426613 40.29999999701977 1.5
      vertex 54.38146261870861 39.68900464475155 1.5
    endloop
  endfacet
  facet normal 0.9971163829912082 0.07588754028515032 0
    outer loop
      vertex 54.38146261870861 40.91099534928799 0.9
      vertex 54.42796364426613 40.29999999701977 1.5
      vertex 54.42796364426613 40.29999999701977 0.9
    endloop
  endfacet
  facet normal 0.9971163829912082 0.07588754028515032 0
    outer loop
      vertex 54.38146261870861 40.91099534928799 0.9
      vertex 54.38146261870861 40.91099534928799 1.5
      vertex 54.42796364426613 40.29999999701977 1.5
    endloop
  endfacet
  facet normal 0.9736099817554813 0.22821832403663686 0
    outer loop
      vertex 54.24374657124281 41.49851047992706 0.9
      vertex 54.38146261870861 40.91099534928799 1.5
      vertex 54.38146261870861 40.91099534928799 0.9
    endloop
  endfacet
  facet normal 0.9736099817554813 0.22821832403663686 0
    outer loop
      vertex 54.24374657124281 41.49851047992706 0.9
      vertex 54.24374657124281 41.49851047992706 1.5
      vertex 54.38146261870861 40.91099534928799 1.5
    endloop
  endfacet
  facet normal 0.9242653838642189 0.3817505732678445 0
    outer loop
      vertex 54.020107835531235 42.03996753692627 0.9
      vertex 54.24374657124281 41.49851047992706 1.5
      vertex 54.24374657124281 41.49851047992706 0.9
    endloop
  endfacet
  facet normal 0.9242653838642189 0.3817505732678445 0
    outer loop
      vertex 54.020107835531235 42.03996753692627 0.9
      vertex 54.020107835531235 42.03996753692627 1.5
      vertex 54.24374657124281 41.49851047992706 1.5
    endloop
  endfacet
  facet normal 0.844503029372819 0.5355507757254502 0
    outer loop
      vertex 53.719140745699406 42.51455861330032 0.9
      vertex 54.020107835531235 42.03996753692627 1.5
      vertex 54.020107835531235 42.03996753692627 0.9
    endloop
  endfacet
  facet normal 0.844503029372819 0.5355507757254502 0
    outer loop
      vertex 53.719140745699406 42.51455861330032 0.9
      vertex 53.719140745699406 42.51455861330032 1.5
      vertex 54.020107835531235 42.03996753692627 1.5
    endloop
  endfacet
  facet normal 0.728056657776946 0.6855169604514997 0
    outer loop
      vertex 53.35241127759218 42.904045447707176 0.9
      vertex 53.719140745699406 42.51455861330032 1.5
      vertex 53.719140745699406 42.51455861330032 0.9
    endloop
  endfacet
  facet normal 0.728056657776946 0.6855169604514997 0
    outer loop
      vertex 53.35241127759218 42.904045447707176 0.9
      vertex 53.35241127759218 42.904045447707176 1.5
      vertex 53.719140745699406 42.51455861330032 1.5
    endloop
  endfacet
  facet normal 0.5688833633689526 0.8224182140991456 0
    outer loop
      vertex 52.9340126439929 43.19346027076244 0.9
      vertex 53.35241127759218 42.904045447707176 1.5
      vertex 53.35241127759218 42.904045447707176 0.9
    endloop
  endfacet
  facet normal 0.5688833633689526 0.8224182140991456 0
    outer loop
      vertex 52.9340126439929 43.19346027076244 0.9
      vertex 52.9340126439929 43.19346027076244 1.5
      vertex 53.35241127759218 42.904045447707176 1.5
    endloop
  endfacet
  facet normal 0.5094571589909621 0.8604960215787506 9.18200736852057e-17
    outer loop
      vertex 42.52950677275658 49.353453889489174 0.9
      vertex 52.9340126439929 43.19346027076244 1.5
      vertex 52.9340126439929 43.19346027076244 0.9
    endloop
  endfacet
  facet normal 0.5094571589909621 0.8604960215787506 0
    outer loop
      vertex 42.52950677275658 49.353453889489174 0.9
      vertex 42.52950677275658 49.353453889489174 1.5
      vertex 52.9340126439929 43.19346027076244 1.5
    endloop
  endfacet
  facet normal -0.06978176453423386 -0.9975622814333392 0
    outer loop
      vertex 43.23512727022171 49.3040941208601 0.9
      vertex 42.52950677275658 49.353453889489174 1.5
      vertex 42.52950677275658 49.353453889489174 0.9
    endloop
  endfacet
  facet normal -0.06978176453423386 -0.9975622814333392 0
    outer loop
      vertex 43.23512727022171 49.3040941208601 0.9
      vertex 43.23512727022171 49.3040941208601 1.5
      vertex 42.52950677275658 49.353453889489174 1.5
    endloop
  endfacet
  facet normal 0.8973740385898763 0.4412707047435796 -2.313549819121466e-16
    outer loop
      vertex 39 57.9167058840394 0.9
      vertex 43.23512727022171 49.3040941208601 1.5
      vertex 43.23512727022171 49.3040941208601 0.9
    endloop
  endfacet
  facet normal 0.8973740385898763 0.4412707047435796 0
    outer loop
      vertex 39 57.9167058840394 0.9
      vertex 39 57.9167058840394 1.5
      vertex 43.23512727022171 49.3040941208601 1.5
    endloop
  endfacet
  facet normal -0.7475030420020945 0.664258385116526 0
    outer loop
      vertex 32.04229090362787 50.08705881983042 0.9
      vertex 39 57.9167058840394 1.5
      vertex 39 57.9167058840394 0.9
    endloop
  endfacet
  facet normal -0.7475030420020945 0.664258385116526 0
    outer loop
      vertex 32.04229090362787 50.08705881983042 0.9
      vertex 32.04229090362787 50.08705881983042 1.5
      vertex 39 57.9167058840394 1.5
    endloop
  endfacet
  facet normal -0.06978178505860319 -0.9975622799976125 0
    outer loop
      vertex 33.542569637298584 49.98211085796356 0.9
      vertex 32.04229090362787 50.08705881983042 1.5
      vertex 32.04229090362787 50.08705881983042 0.9
    endloop
  endfacet
  facet normal -0.06978178505860319 -0.9975622799976125 0
    outer loop
      vertex 33.542569637298584 49.98211085796356 0.9
      vertex 33.542569637298584 49.98211085796356 1.5
      vertex 32.04229090362787 50.08705881983042 1.5
    endloop
  endfacet
  facet normal -0.5368869097178778 0.8436542219260135 0
    outer loop
      vertex 32.445503152906895 49.2839567810297 0.9
      vertex 33.542569637298584 49.98211085796356 1.5
      vertex 33.542569637298584 49.98211085796356 0.9
    endloop
  endfacet
  facet normal -0.5368869097178778 0.8436542219260135 0
    outer loop
      vertex 32.445503152906895 49.2839567810297 0.9
      vertex 32.445503152906895 49.2839567810297 1.5
      vertex 33.542569637298584 49.98211085796356 1.5
    endloop
  endfacet
  facet normal -0.698866285610689 0.7152523434681769 0
    outer loop
      vertex 31.070267654955387 47.9402272105217 0.9
      vertex 32.445503152906895 49.2839567810297 1.5
      vertex 32.445503152906895 49.2839567810297 0.9
    endloop
  endfacet
  facet normal -0.698866285610689 0.7152523434681769 0
    outer loop
      vertex 31.070267654955387 47.9402272105217 0.9
      vertex 31.070267654955387 47.9402272105217 1.5
      vertex 32.445503152906895 49.2839567810297 1.5
    endloop
  endfacet
  facet normal -0.8233473912909979 0.5675377284853478 0
    outer loop
      vertex 29.94164104759693 46.30288800597191 0.9
      vertex 31.070267654955387 47.9402272105217 1.5
      vertex 31.070267654955387 47.9402272105217 0.9
    endloop
  endfacet
  facet normal -0.8233473912909979 0.5675377284853478 0
    outer loop
      vertex 29.94164104759693 46.30288800597191 0.9
      vertex 29.94164104759693 46.30288800597191 1.5
      vertex 31.070267654955387 47.9402272105217 1.5
    endloop
  endfacet
  facet normal -0.912280622451454 0.40956570400802317 0
    outer loop
      vertex 29.86422861367464 46.130456909537315 0.9
      vertex 29.94164104759693 46.30288800597191 1.5
      vertex 29.94164104759693 46.30288800597191 0.9
    endloop
  endfacet
  facet normal -0.912280622451454 0.40956570400802317 0
    outer loop
      vertex 29.86422861367464 46.130456909537315 0.9
      vertex 29.86422861367464 46.130456909537315 1.5
      vertex 29.94164104759693 46.30288800597191 1.5
    endloop
  endfacet
  facet normal -0.738467765323879 0.6742887805514461 0
    outer loop
      vertex 28.07398957014084 44.16982243955135 0.9
      vertex 29.86422861367464 46.130456909537315 1.5
      vertex 29.86422861367464 46.130456909537315 0.9
    endloop
  endfacet
  facet normal -0.738467765323879 0.6742887805514461 0
    outer loop
      vertex 28.07398957014084 44.16982243955135 0.9
      vertex 28.07398957014084 44.16982243955135 1.5
      vertex 29.86422861367464 46.130456909537315 1.5
    endloop
  endfacet
  facet normal 0.7156149557964605 0.6984949785363027 -7.468769172496893e-17
    outer loop
      vertex 21.151963643729687 51.261505886912346 0.9
      vertex 28.07398957014084 44.16982243955135 1.5
      vertex 28.07398957014084 44.16982243955135 0.9
    endloop
  endfacet
  facet normal 0.7156149557964605 0.6984949785363027 0
    outer loop
      vertex 21.151963643729687 51.261505886912346 0.9
      vertex 21.151963643729687 51.261505886912346 1.5
      vertex 28.07398957014084 44.16982243955135 1.5
    endloop
  endfacet
  facet normal -0.9865665195327661 -0.1633600395966046 0
    outer loop
      vertex 22.96701817959547 40.29999999701977 0.9
      vertex 21.151963643729687 51.261505886912346 1.5
      vertex 21.151963643729687 51.261505886912346 0.9
    endloop
  endfacet
  facet normal -0.9865665195327661 -0.1633600395966046 0
    outer loop
      vertex 22.96701817959547 40.29999999701977 0.9
      vertex 22.96701817959547 40.29999999701977 1.5
      vertex 21.151963643729687 51.261505886912346 1.5
    endloop
  endfacet
  facet normal -0.9865665195148708 0.16336003970467794 -1.3323094801468419e-16
    outer loop
      vertex 21.151963643729687 29.33849411457777 0.9
      vertex 22.96701817959547 40.29999999701977 1.5
      vertex 22.96701817959547 40.29999999701977 0.9
    endloop
  endfacet
  facet normal -0.9865665195148708 0.16336003970467794 0
    outer loop
      vertex 21.151963643729687 29.33849411457777 0.9
      vertex 21.151963643729687 29.33849411457777 1.5
      vertex 22.96701817959547 40.29999999701977 1.5
    endloop
  endfacet
  facet normal 0.7156149557964605 -0.6984949785363027 7.468769172496893e-17
    outer loop
      vertex 28.07398957014084 36.43017756193876 0.9
      vertex 21.151963643729687 29.33849411457777 1.5
      vertex 21.151963643729687 29.33849411457777 0.9
    endloop
  endfacet
  facet normal 0.7156149557964605 -0.6984949785363027 0
    outer loop
      vertex 28.07398957014084 36.43017756193876 0.9
      vertex 28.07398957014084 36.43017756193876 1.5
      vertex 21.151963643729687 29.33849411457777 1.5
    endloop
  endfacet
  facet normal -0.7384677665997798 -0.6742887791541049 -3.4846879367273905e-17
    outer loop
      vertex 29.86422861367464 34.46954308450222 0.9
      vertex 28.07398957014084 36.43017756193876 1.5
      vertex 28.07398957014084 36.43017756193876 0.9
    endloop
  endfacet
  facet normal -0.7384677665997798 -0.6742887791541049 0
    outer loop
      vertex 29.86422861367464 34.46954308450222 0.9
      vertex 29.86422861367464 34.46954308450222 1.5
      vertex 28.07398957014084 36.43017756193876 1.5
    endloop
  endfacet
  facet normal -0.9122806158391903 -0.4095657187364047 0
    outer loop
      vertex 29.94164104759693 34.29711199551821 0.9
      vertex 29.86422861367464 34.46954308450222 1.5
      vertex 29.86422861367464 34.46954308450222 0.9
    endloop
  endfacet
  facet normal -0.9122806158391903 -0.4095657187364047 0
    outer loop
      vertex 29.94164104759693 34.29711199551821 0.9
      vertex 29.94164104759693 34.29711199551821 1.5
      vertex 29.86422861367464 34.46954308450222 1.5
    endloop
  endfacet
  facet normal -0.8233473912909979 -0.5675377284853478 0
    outer loop
      vertex 31.070267654955387 32.65977279096842 0.9
      vertex 29.94164104759693 34.29711199551821 1.5
      vertex 29.94164104759693 34.29711199551821 0.9
    endloop
  endfacet
  facet normal -0.8233473912909979 -0.5675377284853478 0
    outer loop
      vertex 31.070267654955387 32.65977279096842 0.9
      vertex 31.070267654955387 32.65977279096842 1.5
      vertex 29.94164104759693 34.29711199551821 1.5
    endloop
  endfacet
  facet normal -0.698866285610689 -0.7152523434681769 0
    outer loop
      vertex 32.445503152906895 31.316043220460415 0.9
      vertex 31.070267654955387 32.65977279096842 1.5
      vertex 31.070267654955387 32.65977279096842 0.9
    endloop
  endfacet
  facet normal -0.698866285610689 -0.7152523434681769 0
    outer loop
      vertex 32.445503152906895 31.316043220460415 0.9
      vertex 32.445503152906895 31.316043220460415 1.5
      vertex 31.070267654955387 32.65977279096842 1.5
    endloop
  endfacet
  facet normal -0.5368869161885195 -0.8436542178082095 4.974757799752368e-17
    outer loop
      vertex 34.01449802517891 30.317562088370323 0.9
      vertex 32.445503152906895 31.316043220460415 1.5
      vertex 32.445503152906895 31.316043220460415 0.9
    endloop
  endfacet
  facet normal -0.5368869161885195 -0.8436542178082095 0
    outer loop
      vertex 34.01449802517891 30.317562088370323 0.9
      vertex 34.01449802517891 30.317562088370323 1.5
      vertex 32.445503152906895 31.316043220460415 1.5
    endloop
  endfacet
  facet normal -0.3396859618373493 -0.9405389132463551 0
    outer loop
      vertex 34.84515815228224 30.017560057342052 0.9
      vertex 34.01449802517891 30.317562088370323 1.5
      vertex 34.01449802517891 30.317562088370323 0.9
    endloop
  endfacet
  facet normal -0.3396859618373493 -0.9405389132463551 0
    outer loop
      vertex 34.84515815228224 30.017560057342052 0.9
      vertex 34.84515815228224 30.017560057342052 1.5
      vertex 34.01449802517891 30.317562088370323 1.5
    endloop
  endfacet
  facet normal -0.7912850023808295 -0.6114474997963198 3.403875513919209e-16
    outer loop
      vertex 39 24.64070588350296 0.9
      vertex 34.84515815228224 30.017560057342052 1.5
      vertex 34.84515815228224 30.017560057342052 0.9
    endloop
  endfacet
  facet normal -0.7912850023808295 -0.6114474997963198 0
    outer loop
      vertex 39 24.64070588350296 0.9
      vertex 39 24.64070588350296 1.5
      vertex 34.84515815228224 30.017560057342052 1.5
    endloop
  endfacet
  facet normal 0.8609265278881227 -0.5087293126786594 -7.181004734527876e-17
    outer loop
      vertex 42.9326181858778 31.295905880630016 0.9
      vertex 39 24.64070588350296 1.5
      vertex 39 24.64070588350296 0.9
    endloop
  endfacet
  facet normal 0.8609265278881227 -0.5087293126786594 0
    outer loop
      vertex 42.9326181858778 31.295905880630016 0.9
      vertex 42.9326181858778 31.295905880630016 1.5
      vertex 39 24.64070588350296 1.5
    endloop
  endfacet
  facet normal 0.186738880017122 -0.9824095839770451 0
    outer loop
      vertex 22.157577209174633 8.214641593396664 0.9
      vertex 21.423761822283268 8.07515612244606 1.5
      vertex 21.423761822283268 8.07515612244606 0.9
    endloop
  endfacet
  facet normal 0.186738880017122 -0.9824095839770451 0
    outer loop
      vertex 22.157577209174633 8.214641593396664 0.9
      vertex 22.157577209174633 8.214641593396664 1.5
      vertex 21.423761822283268 8.07515612244606 1.5
    endloop
  endfacet
  facet normal 0.3352939406967857 -0.9421135671096242 0
    outer loop
      vertex 22.81079088151455 8.447117373347282 0.9
      vertex 22.157577209174633 8.214641593396664 1.5
      vertex 22.157577209174633 8.214641593396664 0.9
    endloop
  endfacet
  facet normal 0.3352939406967857 -0.9421135671096242 0
    outer loop
      vertex 22.81079088151455 8.447117373347282 0.9
      vertex 22.81079088151455 8.447117373347282 1.5
      vertex 22.157577209174633 8.214641593396664 1.5
    endloop
  endfacet
  facet normal 0.4941452815899921 -0.8693793422219942 0
    outer loop
      vertex 23.383402846753597 8.772583469748497 0.9
      vertex 22.81079088151455 8.447117373347282 1.5
      vertex 22.81079088151455 8.447117373347282 0.9
    endloop
  endfacet
  facet normal 0.4941452815899921 -0.8693793422219942 0
    outer loop
      vertex 23.383402846753597 8.772583469748497 0.9
      vertex 23.383402846753597 8.772583469748497 1.5
      vertex 22.81079088151455 8.447117373347282 1.5
    endloop
  endfacet
  facet normal 0.6478710275277426 -0.7617500454152576 0
    outer loop
      vertex 23.875413104891777 9.191039882600307 0.9
      vertex 23.383402846753597 8.772583469748497 1.5
      vertex 23.383402846753597 8.772583469748497 0.9
    endloop
  endfacet
  facet normal 0.6478710275277426 -0.7617500454152576 0
    outer loop
      vertex 23.875413104891777 9.191039882600307 0.9
      vertex 23.875413104891777 9.191039882600307 1.5
      vertex 23.383402846753597 8.772583469748497 1.5
    endloop
  endfacet
  facet normal 0.752732791620603 -0.6583261687181011 0
    outer loop
      vertex 24.418254129588604 9.811726495623589 0.9
      vertex 23.875413104891777 9.191039882600307 1.5
      vertex 23.875413104891777 9.191039882600307 0.9
    endloop
  endfacet
  facet normal 0.752732791620603 -0.6583261687181011 0
    outer loop
      vertex 24.418254129588604 9.811726495623589 0.9
      vertex 24.418254129588604 9.811726495623589 1.5
      vertex 23.875413104891777 9.191039882600307 1.5
    endloop
  endfacet
  facet normal 0.8630036073808566 -0.5051977569701079 0
    outer loop
      vertex 24.8404638171196 10.532965809106827 0.9
      vertex 24.418254129588604 9.811726495623589 1.5
      vertex 24.418254129588604 9.811726495623589 0.9
    endloop
  endfacet
  facet normal 0.8630036073808566 -0.5051977569701079 0
    outer loop
      vertex 24.8404638171196 10.532965809106827 0.9
      vertex 24.8404638171196 10.532965809106827 1.5
      vertex 24.418254129588604 9.811726495623589 1.5
    endloop
  endfacet
  facet normal 0.938782272790214 -0.34451102202228606 0
    outer loop
      vertex 25.14204216748476 11.354757830500603 0.9
      vertex 24.8404638171196 10.532965809106827 1.5
      vertex 24.8404638171196 10.532965809106827 0.9
    endloop
  endfacet
  facet normal 0.938782272790214 -0.34451102202228606 0
    outer loop
      vertex 25.14204216748476 11.354757830500603 0.9
      vertex 25.14204216748476 11.354757830500603 1.5
      vertex 24.8404638171196 10.532965809106827 1.5
    endloop
  endfacet
  facet normal 0.9812946408838095 -0.19251188995154442 0
    outer loop
      vertex 25.32298917323351 12.277102559804916 0.9
      vertex 25.14204216748476 11.354757830500603 1.5
      vertex 25.14204216748476 11.354757830500603 0.9
    endloop
  endfacet
  facet normal 0.9812946408838095 -0.19251188995154442 0
    outer loop
      vertex 25.32298917323351 12.277102559804916 0.9
      vertex 25.32298917323351 12.277102559804916 1.5
      vertex 25.14204216748476 11.354757830500603 1.5
    endloop
  endfacet
  facet normal 0.9982660546417463 -0.05886326655905004 0
    outer loop
      vertex 25.383304841816425 13.299999997019768 0.9
      vertex 25.32298917323351 12.277102559804916 1.5
      vertex 25.32298917323351 12.277102559804916 0.9
    endloop
  endfacet
  facet normal 0.9982660546417463 -0.05886326655905004 0
    outer loop
      vertex 25.383304841816425 13.299999997019768 0.9
      vertex 25.383304841816425 13.299999997019768 1.5
      vertex 25.32298917323351 12.277102559804916 1.5
    endloop
  endfacet
  facet normal 0.9983231925268896 0.05788612323276408 0
    outer loop
      vertex 25.32298917323351 14.34022393077612 0.9
      vertex 25.383304841816425 13.299999997019768 1.5
      vertex 25.383304841816425 13.299999997019768 0.9
    endloop
  endfacet
  facet normal 0.9983231925268896 0.05788612323276408 0
    outer loop
      vertex 25.32298917323351 14.34022393077612 0.9
      vertex 25.32298917323351 14.34022393077612 1.5
      vertex 25.383304841816425 13.299999997019768 1.5
    endloop
  endfacet
  facet normal 0.9816316487795872 0.1907860217999968 0
    outer loop
      vertex 25.14204216748476 15.271231904625893 0.9
      vertex 25.32298917323351 14.34022393077612 1.5
      vertex 25.32298917323351 14.34022393077612 0.9
    endloop
  endfacet
  facet normal 0.9816316487795872 0.1907860217999968 0
    outer loop
      vertex 25.14204216748476 15.271231904625893 0.9
      vertex 25.14204216748476 15.271231904625893 1.5
      vertex 25.32298917323351 14.34022393077612 1.5
    endloop
  endfacet
  facet normal 0.938782272790214 0.34451102202228606 0
    outer loop
      vertex 24.8404638171196 16.09302392601967 0.9
      vertex 25.14204216748476 15.271231904625893 1.5
      vertex 25.14204216748476 15.271231904625893 0.9
    endloop
  endfacet
  facet normal 0.938782272790214 0.34451102202228606 0
    outer loop
      vertex 24.8404638171196 16.09302392601967 0.9
      vertex 24.8404638171196 16.09302392601967 1.5
      vertex 25.14204216748476 15.271231904625893 1.5
    endloop
  endfacet
  facet normal 0.8603220387536178 0.5097509094006784 0
    outer loop
      vertex 24.418254129588604 16.805599994957447 0.9
      vertex 24.8404638171196 16.09302392601967 1.5
      vertex 24.8404638171196 16.09302392601967 0.9
    endloop
  endfacet
  facet normal 0.8603220387536178 0.5097509094006784 0
    outer loop
      vertex 24.418254129588604 16.805599994957447 0.9
      vertex 24.418254129588604 16.805599994957447 1.5
      vertex 24.8404638171196 16.09302392601967 1.5
    endloop
  endfacet
  facet normal 0.7434063001381057 0.6688400951759491 0
    outer loop
      vertex 23.875413104891777 17.408960111439228 0.9
      vertex 24.418254129588604 16.805599994957447 1.5
      vertex 24.418254129588604 16.805599994957447 0.9
    endloop
  endfacet
  facet normal 0.7434063001381057 0.6688400951759491 0
    outer loop
      vertex 23.875413104891777 17.408960111439228 0.9
      vertex 23.875413104891777 17.408960111439228 1.5
      vertex 24.418254129588604 16.805599994957447 1.5
    endloop
  endfacet
  facet normal 0.6478710275277426 0.7617500454152576 0
    outer loop
      vertex 23.383402846753597 17.82741652429104 0.9
      vertex 23.875413104891777 17.408960111439228 1.5
      vertex 23.875413104891777 17.408960111439228 0.9
    endloop
  endfacet
  facet normal 0.6478710275277426 0.7617500454152576 0
    outer loop
      vertex 23.383402846753597 17.82741652429104 0.9
      vertex 23.383402846753597 17.82741652429104 1.5
      vertex 23.875413104891777 17.408960111439228 1.5
    endloop
  endfacet
  facet normal 0.4941452815899921 0.8693793422219942 0
    outer loop
      vertex 22.81079088151455 18.152882620692253 0.9
      vertex 23.383402846753597 17.82741652429104 1.5
      vertex 23.383402846753597 17.82741652429104 0.9
    endloop
  endfacet
  facet normal 0.4941452815899921 0.8693793422219942 0
    outer loop
      vertex 22.81079088151455 18.152882620692253 0.9
      vertex 22.81079088151455 18.152882620692253 1.5
      vertex 23.383402846753597 17.82741652429104 1.5
    endloop
  endfacet
  facet normal 0.3352939406967857 0.9421135671096242 0
    outer loop
      vertex 22.157577209174633 18.385358400642872 0.9
      vertex 22.81079088151455 18.152882620692253 1.5
      vertex 22.81079088151455 18.152882620692253 0.9
    endloop
  endfacet
  facet normal 0.3352939406967857 0.9421135671096242 0
    outer loop
      vertex 22.157577209174633 18.385358400642872 0.9
      vertex 22.157577209174633 18.385358400642872 1.5
      vertex 22.81079088151455 18.152882620692253 1.5
    endloop
  endfacet
  facet normal 0.186738880017122 0.9824095839770451 0
    outer loop
      vertex 21.423761822283268 18.524843871593475 0.9
      vertex 22.157577209174633 18.385358400642872 1.5
      vertex 22.157577209174633 18.385358400642872 0.9
    endloop
  endfacet
  facet normal 0.186738880017122 0.9824095839770451 0
    outer loop
      vertex 21.423761822283268 18.524843871593475 0.9
      vertex 21.423761822283268 18.524843871593475 1.5
      vertex 22.157577209174633 18.385358400642872 1.5
    endloop
  endfacet
  facet normal 0.05699729193091043 0.9983743329596081 0
    outer loop
      vertex 20.609344728291035 18.571339026093483 0.9
      vertex 21.423761822283268 18.524843871593475 1.5
      vertex 21.423761822283268 18.524843871593475 0.9
    endloop
  endfacet
  facet normal 0.05699729193091043 0.9983743329596081 0
    outer loop
      vertex 20.609344728291035 18.571339026093483 0.9
      vertex 20.609344728291035 18.571339026093483 1.5
      vertex 21.423761822283268 18.524843871593475 1.5
    endloop
  endfacet
  facet normal -0.0569997961372923 0.9983741899910609 0
    outer loop
      vertex 19.794963531196117 18.524843871593475 0.9
      vertex 20.609344728291035 18.571339026093483 1.5
      vertex 20.609344728291035 18.571339026093483 0.9
    endloop
  endfacet
  facet normal -0.0569997961372923 0.9983741899910609 0
    outer loop
      vertex 19.794963531196117 18.524843871593475 0.9
      vertex 19.794963531196117 18.524843871593475 1.5
      vertex 20.609344728291035 18.571339026093483 1.5
    endloop
  endfacet
  facet normal -0.18674573866455868 0.9824082802433154 0
    outer loop
      vertex 19.06117606908083 18.385358400642872 0.9
      vertex 19.794963531196117 18.524843871593475 1.5
      vertex 19.794963531196117 18.524843871593475 0.9
    endloop
  endfacet
  facet normal -0.18674573866455868 0.9824082802433154 0
    outer loop
      vertex 19.06117606908083 18.385358400642872 0.9
      vertex 19.06117606908083 18.385358400642872 1.5
      vertex 19.794963531196117 18.524843871593475 1.5
    endloop
  endfacet
  facet normal -0.33530302442646054 0.9421103342021403 0
    outer loop
      vertex 18.40798233449459 18.152882620692253 0.9
      vertex 19.06117606908083 18.385358400642872 1.5
      vertex 19.06117606908083 18.385358400642872 0.9
    endloop
  endfacet
  facet normal -0.33530302442646054 0.9421103342021403 0
    outer loop
      vertex 18.40798233449459 18.152882620692253 0.9
      vertex 18.40798233449459 18.152882620692253 1.5
      vertex 19.06117606908083 18.385358400642872 1.5
    endloop
  endfacet
  facet normal -0.4941530862551675 0.8693749060931613 0
    outer loop
      vertex 17.83538233488798 17.82741652429104 0.9
      vertex 18.40798233449459 18.152882620692253 1.5
      vertex 18.40798233449459 18.152882620692253 0.9
    endloop
  endfacet
  facet normal -0.4941530862551675 0.8693749060931613 0
    outer loop
      vertex 17.83538233488798 17.82741652429104 0.9
      vertex 17.83538233488798 17.82741652429104 1.5
      vertex 18.40798233449459 18.152882620692253 1.5
    endloop
  endfacet
  facet normal -0.6478740789027958 0.7617474501997721 0
    outer loop
      vertex 17.343376070261 17.408960111439228 0.9
      vertex 17.83538233488798 17.82741652429104 1.5
      vertex 17.83538233488798 17.82741652429104 0.9
    endloop
  endfacet
  facet normal -0.6478740789027958 0.7617474501997721 0
    outer loop
      vertex 17.343376070261 17.408960111439228 0.9
      vertex 17.343376070261 17.408960111439228 1.5
      vertex 17.83538233488798 17.82741652429104 1.5
    endloop
  endfacet
  facet normal -0.7419120096968652 0.6704972556748898 0
    outer loop
      vertex 16.798094019293785 16.805599994957447 0.9
      vertex 17.343376070261 17.408960111439228 1.5
      vertex 17.343376070261 17.408960111439228 0.9
    endloop
  endfacet
  facet normal -0.7419120096968652 0.6704972556748898 0
    outer loop
      vertex 16.798094019293785 16.805599994957447 0.9
      vertex 16.798094019293785 16.805599994957447 1.5
      vertex 17.343376070261 17.408960111439228 1.5
    endloop
  endfacet
  facet normal -0.8593162867717558 0.5114445417528682 0
    outer loop
      vertex 16.37398575246334 16.09302392601967 0.9
      vertex 16.798094019293785 16.805599994957447 1.5
      vertex 16.798094019293785 16.805599994957447 0.9
    endloop
  endfacet
  facet normal -0.8593162867717558 0.5114445417528682 0
    outer loop
      vertex 16.37398575246334 16.09302392601967 0.9
      vertex 16.37398575246334 16.09302392601967 1.5
      vertex 16.798094019293785 16.805599994957447 1.5
    endloop
  endfacet
  facet normal -0.9382805136128395 0.34587523440458423 0
    outer loop
      vertex 16.07105128467083 15.271231904625893 0.9
      vertex 16.37398575246334 16.09302392601967 1.5
      vertex 16.37398575246334 16.09302392601967 0.9
    endloop
  endfacet
  facet normal -0.9382805136128395 0.34587523440458423 0
    outer loop
      vertex 16.07105128467083 15.271231904625893 0.9
      vertex 16.07105128467083 15.271231904625893 1.5
      vertex 16.37398575246334 16.09302392601967 1.5
    endloop
  endfacet
  facet normal -0.9814706541850058 0.19161251257070025 0
    outer loop
      vertex 15.889290601015091 14.34022393077612 0.9
      vertex 16.07105128467083 15.271231904625893 1.5
      vertex 16.07105128467083 15.271231904625893 0.9
    endloop
  endfacet
  facet normal -0.9814706541850058 0.19161251257070025 0
    outer loop
      vertex 15.889290601015091 14.34022393077612 0.9
      vertex 15.889290601015091 14.34022393077612 1.5
      vertex 16.07105128467083 15.271231904625893 1.5
    endloop
  endfacet
  facet normal -0.9983081162289029 0.058145550745515265 0
    outer loop
      vertex 15.828703701496124 13.299999997019768 0.9
      vertex 15.889290601015091 14.34022393077612 1.5
      vertex 15.889290601015091 14.34022393077612 0.9
    endloop
  endfacet
  facet normal -0.9983081162289029 0.058145550745515265 0
    outer loop
      vertex 15.828703701496124 13.299999997019768 0.9
      vertex 15.828703701496124 13.299999997019768 1.5
      vertex 15.889290601015091 14.34022393077612 1.5
    endloop
  endfacet
  facet normal -0.9982504659629158 -0.059127042923027 0
    outer loop
      vertex 15.889290601015091 12.277102559804916 0.9
      vertex 15.828703701496124 13.299999997019768 1.5
      vertex 15.828703701496124 13.299999997019768 0.9
    endloop
  endfacet
  facet normal -0.9982504659629158 -0.059127042923027 0
    outer loop
      vertex 15.889290601015091 12.277102559804916 0.9
      vertex 15.889290601015091 12.277102559804916 1.5
      vertex 15.828703701496124 13.299999997019768 1.5
    endloop
  endfacet
  facet normal -0.9811307773793086 -0.1933452809847543 0
    outer loop
      vertex 16.07105128467083 11.354757830500603 0.9
      vertex 15.889290601015091 12.277102559804916 1.5
      vertex 15.889290601015091 12.277102559804916 0.9
    endloop
  endfacet
  facet normal -0.9811307773793086 -0.1933452809847543 0
    outer loop
      vertex 16.07105128467083 11.354757830500603 0.9
      vertex 16.07105128467083 11.354757830500603 1.5
      vertex 15.889290601015091 12.277102559804916 1.5
    endloop
  endfacet
  facet normal -0.9382805136128395 -0.34587523440458423 0
    outer loop
      vertex 16.37398575246334 10.532965809106827 0.9
      vertex 16.07105128467083 11.354757830500603 1.5
      vertex 16.07105128467083 11.354757830500603 0.9
    endloop
  endfacet
  facet normal -0.9382805136128395 -0.34587523440458423 0
    outer loop
      vertex 16.37398575246334 10.532965809106827 0.9
      vertex 16.37398575246334 10.532965809106827 1.5
      vertex 16.07105128467083 11.354757830500603 1.5
    endloop
  endfacet
  facet normal -0.862012632131641 -0.5068867941123345 0
    outer loop
      vertex 16.798094019293785 9.811726495623589 0.9
      vertex 16.37398575246334 10.532965809106827 1.5
      vertex 16.37398575246334 10.532965809106827 0.9
    endloop
  endfacet
  facet normal -0.862012632131641 -0.5068867941123345 0
    outer loop
      vertex 16.798094019293785 9.811726495623589 0.9
      vertex 16.798094019293785 9.811726495623589 1.5
      vertex 16.37398575246334 10.532965809106827 1.5
    endloop
  endfacet
  facet normal -0.7512668115253037 -0.659998619620226 0
    outer loop
      vertex 17.343376070261 9.191039882600307 0.9
      vertex 16.798094019293785 9.811726495623589 1.5
      vertex 16.798094019293785 9.811726495623589 0.9
    endloop
  endfacet
  facet normal -0.7512668115253037 -0.659998619620226 0
    outer loop
      vertex 17.343376070261 9.191039882600307 0.9
      vertex 17.343376070261 9.191039882600307 1.5
      vertex 16.798094019293785 9.811726495623589 1.5
    endloop
  endfacet
  facet normal -0.6478740789027958 -0.7617474501997721 0
    outer loop
      vertex 17.83538233488798 8.772583469748497 0.9
      vertex 17.343376070261 9.191039882600307 1.5
      vertex 17.343376070261 9.191039882600307 0.9
    endloop
  endfacet
  facet normal -0.6478740789027958 -0.7617474501997721 0
    outer loop
      vertex 17.83538233488798 8.772583469748497 0.9
      vertex 17.83538233488798 8.772583469748497 1.5
      vertex 17.343376070261 9.191039882600307 1.5
    endloop
  endfacet
  facet normal -0.4941530862551675 -0.8693749060931613 0
    outer loop
      vertex 18.40798233449459 8.447117373347282 0.9
      vertex 17.83538233488798 8.772583469748497 1.5
      vertex 17.83538233488798 8.772583469748497 0.9
    endloop
  endfacet
  facet normal -0.4941530862551675 -0.8693749060931613 0
    outer loop
      vertex 18.40798233449459 8.447117373347282 0.9
      vertex 18.40798233449459 8.447117373347282 1.5
      vertex 17.83538233488798 8.772583469748497 1.5
    endloop
  endfacet
  facet normal -0.33530302442646054 -0.9421103342021403 0
    outer loop
      vertex 19.06117606908083 8.214641593396664 0.9
      vertex 18.40798233449459 8.447117373347282 1.5
      vertex 18.40798233449459 8.447117373347282 0.9
    endloop
  endfacet
  facet normal -0.33530302442646054 -0.9421103342021403 0
    outer loop
      vertex 19.06117606908083 8.214641593396664 0.9
      vertex 19.06117606908083 8.214641593396664 1.5
      vertex 18.40798233449459 8.447117373347282 1.5
    endloop
  endfacet
  facet normal -0.18674573866455868 -0.9824082802433154 0
    outer loop
      vertex 19.794963531196117 8.07515612244606 0.9
      vertex 19.06117606908083 8.214641593396664 1.5
      vertex 19.06117606908083 8.214641593396664 0.9
    endloop
  endfacet
  facet normal -0.18674573866455868 -0.9824082802433154 0
    outer loop
      vertex 19.794963531196117 8.07515612244606 0.9
      vertex 19.794963531196117 8.07515612244606 1.5
      vertex 19.06117606908083 8.214641593396664 1.5
    endloop
  endfacet
  facet normal -0.0569997961372923 -0.9983741899910609 0
    outer loop
      vertex 20.609344728291035 8.028660967946053 0.9
      vertex 19.794963531196117 8.07515612244606 1.5
      vertex 19.794963531196117 8.07515612244606 0.9
    endloop
  endfacet
  facet normal -0.0569997961372923 -0.9983741899910609 0
    outer loop
      vertex 20.609344728291035 8.028660967946053 0.9
      vertex 20.609344728291035 8.028660967946053 1.5
      vertex 19.794963531196117 8.07515612244606 1.5
    endloop
  endfacet
  facet normal 0.05699729193091043 -0.9983743329596081 0
    outer loop
      vertex 21.423761822283268 8.07515612244606 0.9
      vertex 20.609344728291035 8.028660967946053 1.5
      vertex 20.609344728291035 8.028660967946053 0.9
    endloop
  endfacet
  facet normal 0.05699729193091043 -0.9983743329596081 0
    outer loop
      vertex 21.423761822283268 8.07515612244606 0.9
      vertex 21.423761822283268 8.07515612244606 1.5
      vertex 20.609344728291035 8.028660967946053 1.5
    endloop
  endfacet
  facet normal 0.24383701632098703 0.9698162245867403 0
    outer loop
      vertex 19.699532195925713 9.942217662930489 0.9
      vertex 19.699532195925713 9.942217662930489 1.5
      vertex 20.134473502635956 9.832862108945847 0.9
    endloop
  endfacet
  facet normal 0.24383701632098703 0.9698162245867403 0
    outer loop
      vertex 20.134473502635956 9.832862108945847 1.5
      vertex 20.134473502635956 9.832862108945847 0.9
      vertex 19.699532195925713 9.942217662930489 1.5
    endloop
  endfacet
  facet normal 0.4190436264368693 0.9079661002166531 0
    outer loop
      vertex 19.304620511829853 10.124476917088032 0.9
      vertex 19.304620511829853 10.124476917088032 1.5
      vertex 19.699532195925713 9.942217662930489 0.9
    endloop
  endfacet
  facet normal 0.4190436264368693 0.9079661002166531 0
    outer loop
      vertex 19.699532195925713 9.942217662930489 1.5
      vertex 19.699532195925713 9.942217662930489 0.9
      vertex 19.304620511829853 10.124476917088032 1.5
    endloop
  endfacet
  facet normal 0.5837740681196605 0.8119161516998059 0
    outer loop
      vertex 18.94973846524954 10.379639886319637 0.9
      vertex 18.94973846524954 10.379639886319637 1.5
      vertex 19.304620511829853 10.124476917088032 0.9
    endloop
  endfacet
  facet normal 0.5837740681196605 0.8119161516998059 0
    outer loop
      vertex 19.304620511829853 10.124476917088032 1.5
      vertex 19.304620511829853 10.124476917088032 0.9
      vertex 18.94973846524954 10.379639886319637 1.5
    endloop
  endfacet
  facet normal 0.7214879221290813 0.6924270201413726 0
    outer loop
      vertex 18.634886041283607 10.707706548273563 0.9
      vertex 18.634886041283607 10.707706548273563 1.5
      vertex 18.94973846524954 10.379639886319637 0.9
    endloop
  endfacet
  facet normal 0.7214879221290813 0.6924270201413726 0
    outer loop
      vertex 18.94973846524954 10.379639886319637 1.5
      vertex 18.94973846524954 10.379639886319637 0.9
      vertex 18.634886041283607 10.707706548273563 1.5
    endloop
  endfacet
  facet normal 0.8303412447465116 0.5572552532482883 0
    outer loop
      vertex 18.369568094611168 11.103045009076595 0.9
      vertex 18.369568094611168 11.103045009076595 1.5
      vertex 18.634886041283607 10.707706548273563 0.9
    endloop
  endfacet
  facet normal 0.8303412447465116 0.5572552532482883 0
    outer loop
      vertex 18.634886041283607 10.707706548273563 1.5
      vertex 18.634886041283607 10.707706548273563 0.9
      vertex 18.369568094611168 11.103045009076595 1.5
    endloop
  endfacet
  facet normal 0.9113577917881753 0.4116150815348982 0
    outer loop
      vertex 18.163209684193134 11.559943586587906 0.9
      vertex 18.163209684193134 11.559943586587906 1.5
      vertex 18.369568094611168 11.103045009076595 0.9
    endloop
  endfacet
  facet normal 0.9113577917881753 0.4116150815348982 0
    outer loop
      vertex 18.369568094611168 11.103045009076595 1.5
      vertex 18.369568094611168 11.103045009076595 0.9
      vertex 18.163209684193134 11.559943586587906 1.5
    endloop
  endfacet
  facet normal 0.9618819551865755 0.273464996455581 0
    outer loop
      vertex 18.015810824930668 12.078402273356915 0.9
      vertex 18.015810824930668 12.078402273356915 1.5
      vertex 18.163209684193134 11.559943586587906 0.9
    endloop
  endfacet
  facet normal 0.9618819551865755 0.273464996455581 0
    outer loop
      vertex 18.163209684193134 11.559943586587906 1.5
      vertex 18.163209684193134 11.559943586587906 0.9
      vertex 18.015810824930668 12.078402273356915 1.5
    endloop
  endfacet
  facet normal 0.9885742846848307 0.15073448066011752 0
    outer loop
      vertex 17.927371509373188 12.658421076834202 0.9
      vertex 17.927371509373188 12.658421076834202 1.5
      vertex 18.015810824930668 12.078402273356915 0.9
    endloop
  endfacet
  facet normal 0.9885742846848307 0.15073448066011752 0
    outer loop
      vertex 18.015810824930668 12.078402273356915 1.5
      vertex 18.015810824930668 12.078402273356915 0.9
      vertex 17.927371509373188 12.658421076834202 1.5
    endloop
  endfacet
  facet normal 0.9989460232246554 0.0459003560296226 0
    outer loop
      vertex 17.897891737520695 13.299999997019768 0.9
      vertex 17.897891737520695 13.299999997019768 1.5
      vertex 17.927371509373188 12.658421076834202 0.9
    endloop
  endfacet
  facet normal 0.9989460232246554 0.0459003560296226 0
    outer loop
      vertex 17.927371509373188 12.658421076834202 1.5
      vertex 17.927371509373188 12.658421076834202 0.9
      vertex 17.897891737520695 13.299999997019768 1.5
    endloop
  endfacet
  facet normal 0.9989460101243025 -0.0459006411364478 0
    outer loop
      vertex 17.927371509373188 13.941574923694134 0.9
      vertex 17.927371509373188 13.941574923694134 1.5
      vertex 17.897891737520695 13.299999997019768 0.9
    endloop
  endfacet
  facet normal 0.9989460101243025 -0.0459006411364478 0
    outer loop
      vertex 17.897891737520695 13.299999997019768 1.5
      vertex 17.897891737520695 13.299999997019768 0.9
      vertex 17.927371509373188 13.941574923694134 1.5
    endloop
  endfacet
  facet normal 0.9885738213006048 -0.1507375196794749 0
    outer loop
      vertex 18.015810824930668 14.521581761538982 0.9
      vertex 18.015810824930668 14.521581761538982 1.5
      vertex 17.927371509373188 13.941574923694134 0.9
    endloop
  endfacet
  facet normal 0.9885738213006048 -0.1507375196794749 0
    outer loop
      vertex 17.927371509373188 13.941574923694134 1.5
      vertex 17.927371509373188 13.941574923694134 0.9
      vertex 18.015810824930668 14.521581761538982 1.5
    endloop
  endfacet
  facet normal 0.9618791888149851 -0.2734747266652374 0
    outer loop
      vertex 18.163209684193134 15.040020510554314 0.9
      vertex 18.163209684193134 15.040020510554314 1.5
      vertex 18.015810824930668 14.521581761538982 0.9
    endloop
  endfacet
  facet normal 0.9618791888149851 -0.2734747266652374 0
    outer loop
      vertex 18.015810824930668 14.521581761538982 1.5
      vertex 18.015810824930668 14.521581761538982 0.9
      vertex 18.163209684193134 15.040020510554314 1.5
    endloop
  endfacet
  facet normal 0.9113483539085874 -0.4116359773247574 0
    outer loop
      vertex 18.369568094611168 15.496891163289547 0.9
      vertex 18.369568094611168 15.496891163289547 1.5
      vertex 18.163209684193134 15.040020510554314 0.9
    endloop
  endfacet
  facet normal 0.9113483539085874 -0.4116359773247574 0
    outer loop
      vertex 18.163209684193134 15.040020510554314 1.5
      vertex 18.163209684193134 15.040020510554314 0.9
      vertex 18.369568094611168 15.496891163289547 1.5
    endloop
  endfacet
  facet normal 0.8303178297777442 -0.5572901412668065 0
    outer loop
      vertex 18.634886041283607 15.892193727195263 0.9
      vertex 18.634886041283607 15.892193727195263 1.5
      vertex 18.369568094611168 15.496891163289547 0.9
    endloop
  endfacet
  facet normal 0.8303178297777442 -0.5572901412668065 0
    outer loop
      vertex 18.369568094611168 15.496891163289547 1.5
      vertex 18.369568094611168 15.496891163289547 0.9
      vertex 18.634886041283607 15.892193727195263 1.5
    endloop
  endfacet
  facet normal 0.7215257772737831 -0.6923875740721112 0
    outer loop
      vertex 18.94973846524954 16.220296293497086 0.9
      vertex 18.94973846524954 16.220296293497086 1.5
      vertex 18.634886041283607 15.892193727195263 0.9
    endloop
  endfacet
  facet normal 0.7215257772737831 -0.6923875740721112 0
    outer loop
      vertex 18.634886041283607 15.892193727195263 1.5
      vertex 18.634886041283607 15.892193727195263 0.9
      vertex 18.94973846524954 16.220296293497086 1.5
    endloop
  endfacet
  facet normal 0.5838161697617138 -0.8118858786336671 0
    outer loop
      vertex 19.304620511829853 16.475487180054188 0.9
      vertex 19.304620511829853 16.475487180054188 1.5
      vertex 18.94973846524954 16.220296293497086 0.9
    endloop
  endfacet
  facet normal 0.5838161697617138 -0.8118858786336671 0
    outer loop
      vertex 18.94973846524954 16.220296293497086 1.5
      vertex 18.94973846524954 16.220296293497086 0.9
      vertex 19.304620511829853 16.475487180054188 1.5
    endloop
  endfacet
  facet normal 0.4190814301874062 -0.9079486521120442 0
    outer loop
      vertex 19.699532195925713 16.65776637941599 0.9
      vertex 19.699532195925713 16.65776637941599 1.5
      vertex 19.304620511829853 16.475487180054188 0.9
    endloop
  endfacet
  facet normal 0.4190814301874062 -0.9079486521120442 0
    outer loop
      vertex 19.304620511829853 16.475487180054188 1.5
      vertex 19.304620511829853 16.475487180054188 0.9
      vertex 19.699532195925713 16.65776637941599 1.5
    endloop
  endfacet
  facet normal 0.24386211027519045 -0.9698099149689753 0
    outer loop
      vertex 20.134473502635956 16.76713389903307 0.9
      vertex 20.134473502635956 16.76713389903307 1.5
      vertex 19.699532195925713 16.65776637941599 0.9
    endloop
  endfacet
  facet normal 0.24386211027519045 -0.9698099149689753 0
    outer loop
      vertex 19.699532195925713 16.65776637941599 1.5
      vertex 19.699532195925713 16.65776637941599 0.9
      vertex 20.134473502635956 16.76713389903307 1.5
    endloop
  endfacet
  facet normal 0.07652874145923332 -0.9970673757227572 0
    outer loop
      vertex 20.609444446861744 16.80358973890543 0.9
      vertex 20.609444446861744 16.80358973890543 1.5
      vertex 20.134473502635956 16.76713389903307 0.9
    endloop
  endfacet
  facet normal 0.07652874145923332 -0.9970673757227572 0
    outer loop
      vertex 20.134473502635956 16.76713389903307 1.5
      vertex 20.134473502635956 16.76713389903307 0.9
      vertex 20.609444446861744 16.80358973890543 1.5
    endloop
  endfacet
  facet normal -0.07688297902196085 -0.9970401233334136 0
    outer loop
      vertex 21.08397264778614 16.766998291015625 0.9
      vertex 21.08397264778614 16.766998291015625 1.5
      vertex 20.609444446861744 16.80358973890543 0.9
    endloop
  endfacet
  facet normal -0.07688297902196085 -0.9970401233334136 0
    outer loop
      vertex 20.609444446861744 16.80358973890543 1.5
      vertex 20.609444446861744 16.80358973890543 0.9
      vertex 21.08397264778614 16.766998291015625 1.5
    endloop
  endfacet
  facet normal -0.24537712327995778 -0.9694277009508507 0
    outer loop
      vertex 21.517665527760983 16.65722392499447 0.9
      vertex 21.517665527760983 16.65722392499447 1.5
      vertex 21.08397264778614 16.766998291015625 0.9
    endloop
  endfacet
  facet normal -0.24537712327995778 -0.9694277009508507 0
    outer loop
      vertex 21.08397264778614 16.766998291015625 1.5
      vertex 21.08397264778614 16.766998291015625 0.9
      vertex 21.517665527760983 16.65722392499447 1.5
    endloop
  endfacet
  facet normal -0.4221723783508895 -0.9065155723745474 0
    outer loop
      vertex 21.91052307933569 16.474266663193703 0.9
      vertex 21.91052307933569 16.474266663193703 1.5
      vertex 21.517665527760983 16.65722392499447 0.9
    endloop
  endfacet
  facet normal -0.4221723783508895 -0.9065155723745474 0
    outer loop
      vertex 21.517665527760983 16.65722392499447 1.5
      vertex 21.517665527760983 16.65722392499447 0.9
      vertex 21.91052307933569 16.474266663193703 1.5
    endloop
  endfacet
  facet normal -0.5883579915304263 -0.808600565051919 0
    outer loop
      vertex 22.26254530251026 16.218126490712166 0.9
      vertex 22.26254530251026 16.218126490712166 1.5
      vertex 21.91052307933569 16.474266663193703 0.9
    endloop
  endfacet
  facet normal -0.5883579915304263 -0.808600565051919 0
    outer loop
      vertex 21.91052307933569 16.474266663193703 1.5
      vertex 21.91052307933569 16.474266663193703 0.9
      vertex 22.26254530251026 16.218126490712166 1.5
    endloop
  endfacet
  facet normal -0.726837352328284 -0.6868096266509446 0
    outer loop
      vertex 22.5737321972847 15.888803415000439 0.9
      vertex 22.5737321972847 15.888803415000439 1.5
      vertex 22.26254530251026 16.218126490712166 0.9
    endloop
  endfacet
  facet normal -0.726837352328284 -0.6868096266509446 0
    outer loop
      vertex 22.26254530251026 16.218126490712166 1.5
      vertex 22.26254530251026 16.218126490712166 0.9
      vertex 22.5737321972847 15.888803415000439 1.5
    endloop
  endfacet
  facet normal -0.834448582527244 -0.5510858037713122 0
    outer loop
      vertex 22.83542449772358 15.492551565170288 0.9
      vertex 22.83542449772358 15.492551565170288 1.5
      vertex 22.5737321972847 15.888803415000439 0.9
    endloop
  endfacet
  facet normal -0.834448582527244 -0.5510858037713122 0
    outer loop
      vertex 22.5737321972847 15.888803415000439 1.5
      vertex 22.5737321972847 15.888803415000439 0.9
      vertex 22.83542449772358 15.492551565170288 1.5
    endloop
  endfacet
  facet normal -0.9134963103885928 -0.40684701167198895 0
    outer loop
      vertex 23.038962960243225 15.03554529696703 0.9
      vertex 23.038962960243225 15.03554529696703 1.5
      vertex 22.83542449772358 15.492551565170288 0.9
    endloop
  endfacet
  facet normal -0.9134963103885928 -0.40684701167198895 0
    outer loop
      vertex 22.83542449772358 15.492551565170288 1.5
      vertex 22.83542449772358 15.492551565170288 0.9
      vertex 23.038962960243225 15.03554529696703 1.5
    endloop
  endfacet
  facet normal -0.9627650246675701 -0.27033961470131107 0
    outer loop
      vertex 23.184347577393055 14.517784610390663 0.9
      vertex 23.184347577393055 14.517784610390663 1.5
      vertex 23.038962960243225 15.03554529696703 0.9
    endloop
  endfacet
  facet normal -0.9627650246675701 -0.27033961470131107 0
    outer loop
      vertex 23.038962960243225 15.03554529696703 1.5
      vertex 23.038962960243225 15.03554529696703 0.9
      vertex 23.184347577393055 14.517784610390663 1.5
    endloop
  endfacet
  facet normal -0.9888223478467248 -0.14909850568966396 0
    outer loop
      vertex 23.27157834917307 13.93926951289177 0.9
      vertex 23.27157834917307 13.93926951289177 1.5
      vertex 23.184347577393055 14.517784610390663 0.9
    endloop
  endfacet
  facet normal -0.9888223478467248 -0.14909850568966396 0
    outer loop
      vertex 23.184347577393055 14.517784610390663 1.5
      vertex 23.184347577393055 14.517784610390663 0.9
      vertex 23.27157834917307 13.93926951289177 1.5
    endloop
  endfacet
  facet normal -0.9989671778177177 -0.045437623649396165 0
    outer loop
      vertex 23.300655268132687 13.299999997019768 0.9
      vertex 23.300655268132687 13.299999997019768 1.5
      vertex 23.27157834917307 13.93926951289177 0.9
    endloop
  endfacet
  facet normal -0.9989671778177177 -0.045437623649396165 0
    outer loop
      vertex 23.27157834917307 13.93926951289177 1.5
      vertex 23.27157834917307 13.93926951289177 0.9
      vertex 23.300655268132687 13.299999997019768 1.5
    endloop
  endfacet
  facet normal -0.9989841161673035 0.045063684330413356 0
    outer loop
      vertex 23.271713957190514 12.658421076834202 0.9
      vertex 23.271713957190514 12.658421076834202 1.5
      vertex 23.300655268132687 13.299999997019768 0.9
    endloop
  endfacet
  facet normal -0.9989841161673035 0.045063684330413356 0
    outer loop
      vertex 23.300655268132687 13.299999997019768 1.5
      vertex 23.300655268132687 13.299999997019768 0.9
      vertex 23.271713957190514 12.658421076834202 1.5
    endloop
  endfacet
  facet normal -0.9889810557464515 0.148042127026851 0
    outer loop
      vertex 23.184890031814575 12.078402273356915 0.9
      vertex 23.184890031814575 12.078402273356915 1.5
      vertex 23.271713957190514 12.658421076834202 0.9
    endloop
  endfacet
  facet normal -0.9889810557464515 0.148042127026851 0
    outer loop
      vertex 23.271713957190514 12.658421076834202 1.5
      vertex 23.271713957190514 12.658421076834202 0.9
      vertex 23.184890031814575 12.078402273356915 1.5
    endloop
  endfacet
  facet normal -0.9631864838354744 0.26883414470013917 0
    outer loop
      vertex 23.04018347710371 11.559943586587906 0.9
      vertex 23.04018347710371 11.559943586587906 1.5
      vertex 23.184890031814575 12.078402273356915 0.9
    endloop
  endfacet
  facet normal -0.9631864838354744 0.26883414470013917 0
    outer loop
      vertex 23.184890031814575 12.078402273356915 1.5
      vertex 23.184890031814575 12.078402273356915 0.9
      vertex 23.04018347710371 11.559943586587906 1.5
    endloop
  endfacet
  facet normal -0.9141653002471744 0.4053415890628468 0
    outer loop
      vertex 22.8375943005085 11.103045009076595 0.9
      vertex 22.8375943005085 11.103045009076595 1.5
      vertex 23.04018347710371 11.559943586587906 0.9
    endloop
  endfacet
  facet normal -0.9141653002471744 0.4053415890628468 0
    outer loop
      vertex 23.04018347710371 11.559943586587906 1.5
      vertex 23.04018347710371 11.559943586587906 0.9
      vertex 22.8375943005085 11.103045009076595 1.5
    endloop
  endfacet
  facet normal -0.8350476727631025 0.5501775933395748 0
    outer loop
      vertex 22.577122509479523 10.707706548273563 0.9
      vertex 22.577122509479523 10.707706548273563 1.5
      vertex 22.8375943005085 11.103045009076595 0.9
    endloop
  endfacet
  facet normal -0.8350476727631025 0.5501775933395748 0
    outer loop
      vertex 22.8375943005085 11.103045009076595 1.5
      vertex 22.8375943005085 11.103045009076595 0.9
      vertex 22.577122509479523 10.707706548273563 1.5
    endloop
  endfacet
  facet normal -0.7241787495774464 0.6896123104037849 0
    outer loop
      vertex 22.2647150978446 10.379639886319637 0.9
      vertex 22.2647150978446 10.379639886319637 1.5
      vertex 22.577122509479523 10.707706548273563 0.9
    endloop
  endfacet
  facet normal -0.7241787495774464 0.6896123104037849 0
    outer loop
      vertex 22.577122509479523 10.707706548273563 1.5
      vertex 22.577122509479523 10.707706548273563 0.9
      vertex 22.2647150978446 10.379639886319637 1.5
    endloop
  endfacet
  facet normal -0.5858512823122759 0.8104185801257657 0
    outer loop
      vertex 21.911743588745594 10.124476917088032 0.9
      vertex 21.911743588745594 10.124476917088032 1.5
      vertex 22.2647150978446 10.379639886319637 0.9
    endloop
  endfacet
  facet normal -0.5858512823122759 0.8104185801257657 0
    outer loop
      vertex 22.2647150978446 10.379639886319637 1.5
      vertex 22.2647150978446 10.379639886319637 0.9
      vertex 21.911743588745594 10.124476917088032 1.5
    endloop
  endfacet
  facet normal -0.4202504805844724 0.9074081405676941 0
    outer loop
      vertex 21.518207974731922 9.942217662930489 0.9
      vertex 21.518207974731922 9.942217662930489 1.5
      vertex 21.911743588745594 10.124476917088032 0.9
    endloop
  endfacet
  facet normal -0.4202504805844724 0.9074081405676941 0
    outer loop
      vertex 21.911743588745594 10.124476917088032 1.5
      vertex 21.911743588745594 10.124476917088032 0.9
      vertex 21.518207974731922 9.942217662930489 1.5
    endloop
  endfacet
  facet normal -0.24428156278893265 0.9697043457061523 0
    outer loop
      vertex 21.084108263254166 9.832862108945847 0.9
      vertex 21.084108263254166 9.832862108945847 1.5
      vertex 21.518207974731922 9.942217662930489 0.9
    endloop
  endfacet
  facet normal -0.24428156278893265 0.9697043457061523 0
    outer loop
      vertex 21.518207974731922 9.942217662930489 1.5
      vertex 21.518207974731922 9.942217662930489 0.9
      vertex 21.084108263254166 9.832862108945847 1.5
    endloop
  endfacet
  facet normal -0.07656964465087042 0.9970642354021327 0
    outer loop
      vertex 20.609444446861744 9.796410255134106 0.9
      vertex 20.609444446861744 9.796410255134106 1.5
      vertex 21.084108263254166 9.832862108945847 0.9
    endloop
  endfacet
  facet normal -0.07656964465087042 0.9970642354021327 0
    outer loop
      vertex 21.084108263254166 9.832862108945847 1.5
      vertex 21.084108263254166 9.832862108945847 0.9
      vertex 20.609444446861744 9.796410255134106 1.5
    endloop
  endfacet
  facet normal 0.07652042284869248 0.9970680141730841 0
    outer loop
      vertex 20.134473502635956 9.832862108945847 0.9
      vertex 20.134473502635956 9.832862108945847 1.5
      vertex 20.609444446861744 9.796410255134106 0.9
    endloop
  endfacet
  facet normal 0.07652042284869248 0.9970680141730841 0
    outer loop
      vertex 20.609444446861744 9.796410255134106 1.5
      vertex 20.609444446861744 9.796410255134106 0.9
      vertex 20.134473502635956 9.832862108945847 1.5
    endloop
  endfacet
  facet normal 0 -1 0
    outer loop
      vertex 31.206068374216557 12.208717942237854 0.9
      vertex 29.0557122528553 12.208717942237854 1.5
      vertex 29.0557122528553 12.208717942237854 0.9
    endloop
  endfacet
  facet normal 0 -1 0
    outer loop
      vertex 31.206068374216557 12.208717942237854 0.9
      vertex 31.206068374216557 12.208717942237854 1.5
      vertex 29.0557122528553 12.208717942237854 1.5
    endloop
  endfacet
  facet normal -0.036857569259142034 -0.9993205289537024 0
    outer loop
      vertex 31.55050427466631 12.196014240384102 0.9
      vertex 31.206068374216557 12.208717942237854 1.5
      vertex 31.206068374216557 12.208717942237854 0.9
    endloop
  endfacet
  facet normal -0.036857569259142034 -0.9993205289537024 0
    outer loop
      vertex 31.55050427466631 12.196014240384102 0.9
      vertex 31.55050427466631 12.196014240384102 1.5
      vertex 31.206068374216557 12.208717942237854 1.5
    endloop
  endfacet
  facet normal -0.1270033754708385 -0.9919022848138889 0
    outer loop
      vertex 31.848153844475746 12.157903127372265 0.9
      vertex 31.55050427466631 12.196014240384102 1.5
      vertex 31.55050427466631 12.196014240384102 0.9
    endloop
  endfacet
  facet normal -0.1270033754708385 -0.9919022848138889 0
    outer loop
      vertex 31.848153844475746 12.157903127372265 0.9
      vertex 31.848153844475746 12.157903127372265 1.5
      vertex 31.55050427466631 12.196014240384102 1.5
    endloop
  endfacet
  facet normal -0.2454539479385679 -0.9694082522040808 0
    outer loop
      vertex 32.09901709109545 12.094384610652924 0.9
      vertex 31.848153844475746 12.157903127372265 1.5
      vertex 31.848153844475746 12.157903127372265 0.9
    endloop
  endfacet
  facet normal -0.2454539479385679 -0.9694082522040808 0
    outer loop
      vertex 32.09901709109545 12.094384610652924 0.9
      vertex 32.09901709109545 12.094384610652924 1.5
      vertex 31.848153844475746 12.157903127372265 1.5
    endloop
  endfacet
  facet normal -0.399469604116338 -0.9167464400733369 0
    outer loop
      vertex 32.30309401452541 12.005458682775497 0.9
      vertex 32.09901709109545 12.094384610652924 1.5
      vertex 32.09901709109545 12.094384610652924 0.9
    endloop
  endfacet
  facet normal -0.399469604116338 -0.9167464400733369 0
    outer loop
      vertex 32.30309401452541 12.005458682775497 0.9
      vertex 32.30309401452541 12.005458682775497 1.5
      vertex 32.09901709109545 12.094384610652924 1.5
    endloop
  endfacet
  facet normal -0.5879704315301626 -0.8088824213977175 0
    outer loop
      vertex 32.460384614765644 11.891125351190567 0.9
      vertex 32.30309401452541 12.005458682775497 1.5
      vertex 32.30309401452541 12.005458682775497 0.9
    endloop
  endfacet
  facet normal -0.5879704315301626 -0.8088824213977175 0
    outer loop
      vertex 32.460384614765644 11.891125351190567 0.9
      vertex 32.460384614765644 11.891125351190567 1.5
      vertex 32.30309401452541 12.005458682775497 1.5
    endloop
  endfacet
  facet normal -0.783142539761963 -0.6218422327368753 0
    outer loop
      vertex 32.58143077045679 11.7386809065938 0.9
      vertex 32.460384614765644 11.891125351190567 1.5
      vertex 32.460384614765644 11.891125351190567 0.9
    endloop
  endfacet
  facet normal -0.783142539761963 -0.6218422327368753 0
    outer loop
      vertex 32.58143077045679 11.7386809065938 0.9
      vertex 32.58143077045679 11.7386809065938 1.5
      vertex 32.460384614765644 11.891125351190567 1.5
    endloop
  endfacet
  facet normal -0.9053462497938063 -0.4246741903910466 0
    outer loop
      vertex 32.676774360239506 11.535421647131443 0.9
      vertex 32.58143077045679 11.7386809065938 1.5
      vertex 32.58143077045679 11.7386809065938 0.9
    endloop
  endfacet
  facet normal -0.9053462497938063 -0.4246741903910466 0
    outer loop
      vertex 32.676774360239506 11.535421647131443 0.9
      vertex 32.676774360239506 11.535421647131443 1.5
      vertex 32.58143077045679 11.7386809065938 1.5
    endloop
  endfacet
  facet normal -0.9644276265546305 -0.26434703164250234 0
    outer loop
      vertex 32.74641538411379 11.281347572803497 0.9
      vertex 32.676774360239506 11.535421647131443 1.5
      vertex 32.676774360239506 11.535421647131443 0.9
    endloop
  endfacet
  facet normal -0.9644276265546305 -0.26434703164250234 0
    outer loop
      vertex 32.74641538411379 11.281347572803497 0.9
      vertex 32.74641538411379 11.281347572803497 1.5
      vertex 32.676774360239506 11.535421647131443 1.5
    endloop
  endfacet
  facet normal -0.9897747160601278 -0.14263944562460085 0
    outer loop
      vertex 32.79035384953022 10.976458683609962 0.9
      vertex 32.74641538411379 11.281347572803497 1.5
      vertex 32.74641538411379 11.281347572803497 0.9
    endloop
  endfacet
  facet normal -0.9897747160601278 -0.14263944562460085 0
    outer loop
      vertex 32.79035384953022 10.976458683609962 0.9
      vertex 32.79035384953022 10.976458683609962 1.5
      vertex 32.74641538411379 11.281347572803497 1.5
    endloop
  endfacet
  facet normal -0.9986884278460383 -0.05119984459359614 0
    outer loop
      vertex 32.80858974158764 10.620754979550838 0.9
      vertex 32.79035384953022 10.976458683609962 1.5
      vertex 32.79035384953022 10.976458683609962 0.9
    endloop
  endfacet
  facet normal -0.9986884278460383 -0.05119984459359614 0
    outer loop
      vertex 32.80858974158764 10.620754979550838 0.9
      vertex 32.80858974158764 10.620754979550838 1.5
      vertex 32.79035384953022 10.976458683609962 1.5
    endloop
  endfacet
  facet normal -0.9998926995880999 -0.014648867206095146 0
    outer loop
      vertex 32.822150997817516 9.695099711418152 0.9
      vertex 32.80858974158764 10.620754979550838 1.5
      vertex 32.80858974158764 10.620754979550838 0.9
    endloop
  endfacet
  facet normal -0.9998926995880999 -0.014648867206095146 0
    outer loop
      vertex 32.822150997817516 9.695099711418152 0.9
      vertex 32.822150997817516 9.695099711418152 1.5
      vertex 32.80858974158764 10.620754979550838 1.5
    endloop
  endfacet
  facet normal -0.9994723139799394 -0.032482204167595945 0
    outer loop
      vertex 32.827834755182266 9.520211391150951 0.9
      vertex 32.822150997817516 9.695099711418152 1.5
      vertex 32.822150997817516 9.695099711418152 0.9
    endloop
  endfacet
  facet normal -0.9994723139799394 -0.032482204167595945 0
    outer loop
      vertex 32.827834755182266 9.520211391150951 0.9
      vertex 32.827834755182266 9.520211391150951 1.5
      vertex 32.822150997817516 9.695099711418152 1.5
    endloop
  endfacet
  facet normal -0.9977562015733321 -0.06695193964297265 0
    outer loop
      vertex 32.83946153521538 9.346942447125912 0.9
      vertex 32.827834755182266 9.520211391150951 1.5
      vertex 32.827834755182266 9.520211391150951 0.9
    endloop
  endfacet
  facet normal -0.9977562015733321 -0.06695193964297265 0
    outer loop
      vertex 32.83946153521538 9.346942447125912 0.9
      vertex 32.83946153521538 9.346942447125912 1.5
      vertex 32.827834755182266 9.520211391150951 1.5
    endloop
  endfacet
  facet normal -0.9948021718083775 -0.10182651405864482 0
    outer loop
      vertex 32.85703133791685 9.175292871892452 0.9
      vertex 32.83946153521538 9.346942447125912 1.5
      vertex 32.83946153521538 9.346942447125912 0.9
    endloop
  endfacet
  facet normal -0.9948021718083775 -0.10182651405864482 0
    outer loop
      vertex 32.85703133791685 9.175292871892452 0.9
      vertex 32.85703133791685 9.175292871892452 1.5
      vertex 32.83946153521538 9.346942447125912 1.5
    endloop
  endfacet
  facet normal -0.9905734581368169 -0.13698256836133552 0
    outer loop
      vertex 32.880544155836105 9.005262672901154 0.9
      vertex 32.85703133791685 9.175292871892452 1.5
      vertex 32.85703133791685 9.175292871892452 0.9
    endloop
  endfacet
  facet normal -0.9905734581368169 -0.13698256836133552 0
    outer loop
      vertex 32.880544155836105 9.005262672901154 0.9
      vertex 32.880544155836105 9.005262672901154 1.5
      vertex 32.85703133791685 9.175292871892452 1.5
    endloop
  endfacet
  facet normal -0.9850464067086712 -0.17228922377889802 0
    outer loop
      vertex 32.90999999642372 8.836851850152016 0.9
      vertex 32.880544155836105 9.005262672901154 1.5
      vertex 32.880544155836105 9.005262672901154 0.9
    endloop
  endfacet
  facet normal -0.9850464067086712 -0.17228922377889802 0
    outer loop
      vertex 32.90999999642372 8.836851850152016 0.9
      vertex 32.90999999642372 8.836851850152016 1.5
      vertex 32.880544155836105 9.005262672901154 1.5
    endloop
  endfacet
  facet normal -0.9779893780634275 -0.2086546821787383 0
    outer loop
      vertex 32.92839544266462 8.75063019990921 0.9
      vertex 32.90999999642372 8.836851850152016 1.5
      vertex 32.90999999642372 8.836851850152016 0.9
    endloop
  endfacet
  facet normal -0.9779893780634275 -0.2086546821787383 0
    outer loop
      vertex 32.92839544266462 8.75063019990921 0.9
      vertex 32.92839544266462 8.75063019990921 1.5
      vertex 32.90999999642372 8.836851850152016 1.5
    endloop
  endfacet
  facet normal -0.9733812797177787 -0.229191806779779 0
    outer loop
      vertex 32.951114527881145 8.654141880571842 0.9
      vertex 32.92839544266462 8.75063019990921 1.5
      vertex 32.92839544266462 8.75063019990921 0.9
    endloop
  endfacet
  facet normal -0.9733812797177787 -0.229191806779779 0
    outer loop
      vertex 32.951114527881145 8.654141880571842 0.9
      vertex 32.951114527881145 8.654141880571842 1.5
      vertex 32.92839544266462 8.75063019990921 1.5
    endloop
  endfacet
  facet normal -0.9693814535394507 -0.24555976367015367 0
    outer loop
      vertex 32.97815726697445 8.547386892139912 0.9
      vertex 32.951114527881145 8.654141880571842 1.5
      vertex 32.951114527881145 8.654141880571842 0.9
    endloop
  endfacet
  facet normal -0.9693814535394507 -0.24555976367015367 0
    outer loop
      vertex 32.97815726697445 8.547386892139912 0.9
      vertex 32.97815726697445 8.547386892139912 1.5
      vertex 32.951114527881145 8.654141880571842 1.5
    endloop
  endfacet
  facet normal -0.9659041117446494 -0.2589000712915695 0
    outer loop
      vertex 33.00952364504337 8.430365242064 0.9
      vertex 32.97815726697445 8.547386892139912 1.5
      vertex 32.97815726697445 8.547386892139912 0.9
    endloop
  endfacet
  facet normal -0.9659041117446494 -0.2589000712915695 0
    outer loop
      vertex 33.00952364504337 8.430365242064 0.9
      vertex 33.00952364504337 8.430365242064 1.5
      vertex 32.97815726697445 8.547386892139912 1.5
    endloop
  endfacet
  facet normal -0.962867124123034 -0.2699757420270156 0
    outer loop
      vertex 33.04521367698908 8.303076922893524 0.9
      vertex 33.00952364504337 8.430365242064 1.5
      vertex 33.00952364504337 8.430365242064 0.9
    endloop
  endfacet
  facet normal -0.962867124123034 -0.2699757420270156 0
    outer loop
      vertex 33.04521367698908 8.303076922893524 0.9
      vertex 33.04521367698908 8.303076922893524 1.5
      vertex 33.00952364504337 8.430365242064 1.5
    endloop
  endfacet
  facet normal 0 -1 0
    outer loop
      vertex 35.33756410330534 8.303076922893524 0.9
      vertex 33.04521367698908 8.303076922893524 1.5
      vertex 33.04521367698908 8.303076922893524 0.9
    endloop
  endfacet
  facet normal 0 -1 0
    outer loop
      vertex 35.33756410330534 8.303076922893524 0.9
      vertex 35.33756410330534 8.303076922893524 1.5
      vertex 33.04521367698908 8.303076922893524 1.5
    endloop
  endfacet
  facet normal 1 0 0
    outer loop
      vertex 35.33756410330534 8.553162388503551 0.9
      vertex 35.33756410330534 8.303076922893524 1.5
      vertex 35.33756410330534 8.303076922893524 0.9
    endloop
  endfacet
  facet normal 1 0 0
    outer loop
      vertex 35.33756410330534 8.553162388503551 0.9
      vertex 35.33756410330534 8.553162388503551 1.5
      vertex 35.33756410330534 8.303076922893524 1.5
    endloop
  endfacet
  facet normal 0.5923415433716043 0.8056869714697797 0
    outer loop
      vertex 35.22719942778349 8.63430256396532 0.9
      vertex 35.33756410330534 8.553162388503551 1.5
      vertex 35.33756410330534 8.553162388503551 0.9
    endloop
  endfacet
  facet normal 0.5923415433716043 0.8056869714697797 0
    outer loop
      vertex 35.22719942778349 8.63430256396532 0.9
      vertex 35.22719942778349 8.63430256396532 1.5
      vertex 35.33756410330534 8.553162388503551 1.5
    endloop
  endfacet
  facet normal 0.722904220711419 0.690948252532428 0
    outer loop
      vertex 35.13414529711008 8.731660395860672 0.9
      vertex 35.22719942778349 8.63430256396532 1.5
      vertex 35.22719942778349 8.63430256396532 0.9
    endloop
  endfacet
  facet normal 0.722904220711419 0.690948252532428 0
    outer loop
      vertex 35.13414529711008 8.731660395860672 0.9
      vertex 35.13414529711008 8.731660395860672 1.5
      vertex 35.22719942778349 8.63430256396532 1.5
    endloop
  endfacet
  facet normal 0.831960391212348 0.5548350272412484 0
    outer loop
      vertex 35.058401711285114 8.845235891640186 0.9
      vertex 35.13414529711008 8.731660395860672 1.5
      vertex 35.13414529711008 8.731660395860672 0.9
    endloop
  endfacet
  facet normal 0.831960391212348 0.5548350272412484 0
    outer loop
      vertex 35.058401711285114 8.845235891640186 0.9
      vertex 35.058401711285114 8.845235891640186 1.5
      vertex 35.13414529711008 8.731660395860672 1.5
    endloop
  endfacet
  facet normal 0.9118528129006467 0.41051729269931864 0
    outer loop
      vertex 34.99996866285801 8.975029058754444 0.9
      vertex 35.058401711285114 8.845235891640186 1.5
      vertex 35.058401711285114 8.845235891640186 0.9
    endloop
  endfacet
  facet normal 0.9118528129006467 0.41051729269931864 0
    outer loop
      vertex 34.99996866285801 8.975029058754444 0.9
      vertex 34.99996866285801 8.975029058754444 1.5
      vertex 35.058401711285114 8.845235891640186 1.5
    endloop
  endfacet
  facet normal 0.9625529975880263 0.2710935757894402 0
    outer loop
      vertex 34.958846151828766 9.121039882302284 0.9
      vertex 34.99996866285801 8.975029058754444 1.5
      vertex 34.99996866285801 8.975029058754444 0.9
    endloop
  endfacet
  facet normal 0.9625529975880263 0.2710935757894402 0
    outer loop
      vertex 34.958846151828766 9.121039882302284 0.9
      vertex 34.958846151828766 9.121039882302284 1.5
      vertex 34.99996866285801 8.975029058754444 1.5
    endloop
  endfacet
  facet normal 0.985972745859236 0.16690639419386652 0
    outer loop
      vertex 34.93938974291086 9.235975496470928 0.9
      vertex 34.958846151828766 9.121039882302284 1.5
      vertex 34.958846151828766 9.121039882302284 0.9
    endloop
  endfacet
  facet normal 0.985972745859236 0.16690639419386652 0
    outer loop
      vertex 34.93938974291086 9.235975496470928 0.9
      vertex 34.93938974291086 9.235975496470928 1.5
      vertex 34.958846151828766 9.121039882302284 1.5
    endloop
  endfacet
  facet normal 0.9949551738363506 0.1003204966907429 0
    outer loop
      vertex 34.92425698041916 9.386058688163757 0.9
      vertex 34.93938974291086 9.235975496470928 1.5
      vertex 34.93938974291086 9.235975496470928 0.9
    endloop
  endfacet
  facet normal 0.9949551738363506 0.1003204966907429 0
    outer loop
      vertex 34.92425698041916 9.386058688163757 0.9
      vertex 34.92425698041916 9.386058688163757 1.5
      vertex 34.93938974291086 9.235975496470928 1.5
    endloop
  endfacet
  facet normal 0.9983016912088931 0.05825575790824308 0
    outer loop
      vertex 34.91344786435366 9.571289457380772 0.9
      vertex 34.92425698041916 9.386058688163757 1.5
      vertex 34.92425698041916 9.386058688163757 0.9
    endloop
  endfacet
  facet normal 0.9983016912088931 0.05825575790824308 0
    outer loop
      vertex 34.91344786435366 9.571289457380772 0.9
      vertex 34.91344786435366 9.571289457380772 1.5
      vertex 34.92425698041916 9.386058688163757 1.5
    endloop
  endfacet
  facet normal 0.9995672540180447 0.029416061851061492 0
    outer loop
      vertex 34.906962394714355 9.791667804121971 0.9
      vertex 34.91344786435366 9.571289457380772 1.5
      vertex 34.91344786435366 9.571289457380772 0.9
    endloop
  endfacet
  facet normal 0.9995672540180447 0.029416061851061492 0
    outer loop
      vertex 34.906962394714355 9.791667804121971 0.9
      vertex 34.906962394714355 9.791667804121971 1.5
      vertex 34.91344786435366 9.571289457380772 1.5
    endloop
  endfacet
  facet normal 0.9999642136745512 0.008459986420580231 0
    outer loop
      vertex 34.904800571501255 10.047193728387356 0.9
      vertex 34.906962394714355 9.791667804121971 1.5
      vertex 34.906962394714355 9.791667804121971 0.9
    endloop
  endfacet
  facet normal 0.9999642136745512 0.008459986420580231 0
    outer loop
      vertex 34.904800571501255 10.047193728387356 0.9
      vertex 34.904800571501255 10.047193728387356 1.5
      vertex 34.906962394714355 9.791667804121971 1.5
    endloop
  endfacet
  facet normal 1 0 0
    outer loop
      vertex 34.904800571501255 10.716481477022171 0.9
      vertex 34.904800571501255 10.047193728387356 1.5
      vertex 34.904800571501255 10.047193728387356 0.9
    endloop
  endfacet
  facet normal 1 0 0
    outer loop
      vertex 34.904800571501255 10.716481477022171 0.9
      vertex 34.904800571501255 10.716481477022171 1.5
      vertex 34.904800571501255 10.047193728387356 1.5
    endloop
  endfacet
  facet normal 0.9995823786023524 0.02889754985571185 0
    outer loop
      vertex 34.89330541342497 11.11410541087389 0.9
      vertex 34.904800571501255 10.716481477022171 1.5
      vertex 34.904800571501255 10.716481477022171 0.9
    endloop
  endfacet
  facet normal 0.9995823786023524 0.02889754985571185 0
    outer loop
      vertex 34.89330541342497 11.11410541087389 0.9
      vertex 34.89330541342497 11.11410541087389 1.5
      vertex 34.904800571501255 10.716481477022171 1.5
    endloop
  endfacet
  facet normal 0.9953050360811748 0.09678783576179026 0
    outer loop
      vertex 34.85881994664669 11.468732193112373 0.9
      vertex 34.89330541342497 11.11410541087389 1.5
      vertex 34.89330541342497 11.11410541087389 0.9
    endloop
  endfacet
  facet normal 0.9953050360811748 0.09678783576179026 0
    outer loop
      vertex 34.85881994664669 11.468732193112373 0.9
      vertex 34.85881994664669 11.468732193112373 1.5
      vertex 34.89330541342497 11.11410541087389 1.5
    endloop
  endfacet
  facet normal 0.9834136218583878 0.18137708880497488 0
    outer loop
      vertex 34.80134415626526 11.780361823737621 0.9
      vertex 34.85881994664669 11.468732193112373 1.5
      vertex 34.85881994664669 11.468732193112373 0.9
    endloop
  endfacet
  facet normal 0.9834136218583878 0.18137708880497488 0
    outer loop
      vertex 34.80134415626526 11.780361823737621 0.9
      vertex 34.80134415626526 11.780361823737621 1.5
      vertex 34.85881994664669 11.468732193112373 1.5
    endloop
  endfacet
  facet normal 0.9579475586672608 0.28694333036931685 0
    outer loop
      vertex 34.720878064632416 12.048994295299053 0.9
      vertex 34.80134415626526 11.780361823737621 1.5
      vertex 34.80134415626526 11.780361823737621 0.9
    endloop
  endfacet
  facet normal 0.9579475586672608 0.28694333036931685 0
    outer loop
      vertex 34.720878064632416 12.048994295299053 0.9
      vertex 34.720878064632416 12.048994295299053 1.5
      vertex 34.80134415626526 11.780361823737621 1.5
    endloop
  endfacet
  facet normal 0.9090034406935578 0.41678860925806693 0
    outer loop
      vertex 34.61742164939642 12.27462963014841 0.9
      vertex 34.720878064632416 12.048994295299053 1.5
      vertex 34.720878064632416 12.048994295299053 0.9
    endloop
  endfacet
  facet normal 0.9090034406935578 0.41678860925806693 0
    outer loop
      vertex 34.61742164939642 12.27462963014841 0.9
      vertex 34.61742164939642 12.27462963014841 1.5
      vertex 34.720878064632416 12.048994295299053 1.5
    endloop
  endfacet
  facet normal 0.8297881933365111 0.5580784480692019 0
    outer loop
      vertex 34.48637606948614 12.46947692334652 0.9
      vertex 34.61742164939642 12.27462963014841 1.5
      vertex 34.61742164939642 12.27462963014841 0.9
    endloop
  endfacet
  facet normal 0.8297881933365111 0.5580784480692019 0
    outer loop
      vertex 34.48637606948614 12.46947692334652 0.9
      vertex 34.48637606948614 12.46947692334652 1.5
      vertex 34.61742164939642 12.27462963014841 1.5
    endloop
  endfacet
  facet normal 0.7335613277401121 0.6796232621417281 0
    outer loop
      vertex 34.32314244657755 12.645665526390076 0.9
      vertex 34.48637606948614 12.46947692334652 1.5
      vertex 34.48637606948614 12.46947692334652 0.9
    endloop
  endfacet
  facet normal 0.7335613277401121 0.6796232621417281 0
    outer loop
      vertex 34.32314244657755 12.645665526390076 0.9
      vertex 34.32314244657755 12.645665526390076 1.5
      vertex 34.48637606948614 12.46947692334652 1.5
    endloop
  endfacet
  facet normal 0.6275878219455246 0.7785457762685971 0
    outer loop
      vertex 34.127720795571804 12.80319543927908 0.9
      vertex 34.32314244657755 12.645665526390076 1.5
      vertex 34.32314244657755 12.645665526390076 0.9
    endloop
  endfacet
  facet normal 0.6275878219455246 0.7785457762685971 0
    outer loop
      vertex 34.127720795571804 12.80319543927908 0.9
      vertex 34.127720795571804 12.80319543927908 1.5
      vertex 34.32314244657755 12.645665526390076 1.5
    endloop
  endfacet
  facet normal 0.5208393269147558 0.8536547285284515 0
    outer loop
      vertex 33.900111109018326 12.94206666201353 0.9
      vertex 34.127720795571804 12.80319543927908 1.5
      vertex 34.127720795571804 12.80319543927908 0.9
    endloop
  endfacet
  facet normal 0.5208393269147558 0.8536547285284515 0
    outer loop
      vertex 33.900111109018326 12.94206666201353 0.9
      vertex 33.900111109018326 12.94206666201353 1.5
      vertex 34.127720795571804 12.80319543927908 1.5
    endloop
  endfacet
  facet normal 0.41993892227063045 0.9075523684957146 0
    outer loop
      vertex 33.640313386917114 13.06227920204401 0.9
      vertex 33.900111109018326 12.94206666201353 1.5
      vertex 33.900111109018326 12.94206666201353 0.9
    endloop
  endfacet
  facet normal 0.41993892227063045 0.9075523684957146 0
    outer loop
      vertex 33.640313386917114 13.06227920204401 0.9
      vertex 33.640313386917114 13.06227920204401 1.5
      vertex 33.900111109018326 12.94206666201353 1.5
    endloop
  endfacet
  facet normal 0.3846733137701994 -0.9230527837957339 0
    outer loop
      vertex 33.95162791758776 13.192016519606113 0.9
      vertex 33.640313386917114 13.06227920204401 1.5
      vertex 33.640313386917114 13.06227920204401 0.9
    endloop
  endfacet
  facet normal 0.3846733137701994 -0.9230527837957339 0
    outer loop
      vertex 33.95162791758776 13.192016519606113 0.9
      vertex 33.95162791758776 13.192016519606113 1.5
      vertex 33.640313386917114 13.06227920204401 1.5
    endloop
  endfacet
  facet normal 0.5088192395529724 -0.8608733829435865 0
    outer loop
      vertex 34.225617095828056 13.353957831859589 0.9
      vertex 33.95162791758776 13.192016519606113 1.5
      vertex 33.95162791758776 13.192016519606113 0.9
    endloop
  endfacet
  facet normal 0.5088192395529724 -0.8608733829435865 0
    outer loop
      vertex 34.225617095828056 13.353957831859589 0.9
      vertex 34.225617095828056 13.353957831859589 1.5
      vertex 33.95162791758776 13.192016519606113 1.5
    endloop
  endfacet
  facet normal 0.6342377364559825 -0.7731380818813621 0
    outer loop
      vertex 34.46228091418743 13.548103131353855 0.9
      vertex 34.225617095828056 13.353957831859589 1.5
      vertex 34.225617095828056 13.353957831859589 0.9
    endloop
  endfacet
  facet normal 0.6342377364559825 -0.7731380818813621 0
    outer loop
      vertex 34.46228091418743 13.548103131353855 0.9
      vertex 34.46228091418743 13.548103131353855 1.5
      vertex 34.225617095828056 13.353957831859589 1.5
    endloop
  endfacet
  facet normal 0.7504650320712218 -0.6609101570095136 0
    outer loop
      vertex 34.66161937266588 13.774452418088913 0.9
      vertex 34.46228091418743 13.548103131353855 1.5
      vertex 34.46228091418743 13.548103131353855 0.9
    endloop
  endfacet
  facet normal 0.7504650320712218 -0.6609101570095136 0
    outer loop
      vertex 34.66161937266588 13.774452418088913 0.9
      vertex 34.66161937266588 13.774452418088913 1.5
      vertex 34.46228091418743 13.548103131353855 1.5
    endloop
  endfacet
  facet normal 0.8473830406097852 -0.5309820924352491 0
    outer loop
      vertex 34.82363247871399 14.033005692064762 0.9
      vertex 34.66161937266588 13.774452418088913 1.5
      vertex 34.66161937266588 13.774452418088913 0.9
    endloop
  endfacet
  facet normal 0.8473830406097852 -0.5309820924352491 0
    outer loop
      vertex 34.82363247871399 14.033005692064762 0.9
      vertex 34.82363247871399 14.033005692064762 1.5
      vertex 34.66161937266588 13.774452418088913 1.5
    endloop
  endfacet
  facet normal 0.905697721896789 -0.4239240929116519 0
    outer loop
      vertex 34.95264786481857 14.308642163872719 0.9
      vertex 34.82363247871399 14.033005692064762 1.5
      vertex 34.82363247871399 14.033005692064762 0.9
    endloop
  endfacet
  facet normal 0.905697721896789 -0.4239240929116519 0
    outer loop
      vertex 34.95264786481857 14.308642163872719 0.9
      vertex 34.95264786481857 14.308642163872719 1.5
      vertex 34.82363247871399 14.033005692064762 1.5
    endloop
  endfacet
  facet normal 0.9404130121244849 -0.3400343609504095 0
    outer loop
      vertex 35.05299316346645 14.586161248385906 0.9
      vertex 34.95264786481857 14.308642163872719 1.5
      vertex 34.95264786481857 14.308642163872719 0.9
    endloop
  endfacet
  facet normal 0.9404130121244849 -0.3400343609504095 0
    outer loop
      vertex 35.05299316346645 14.586161248385906 0.9
      vertex 35.05299316346645 14.586161248385906 1.5
      vertex 34.95264786481857 14.308642163872719 1.5
    endloop
  endfacet
  facet normal 0.9686357121619943 -0.2484851245536167 0
    outer loop
      vertex 35.12466837465763 14.865562960505486 0.9
      vertex 35.05299316346645 14.586161248385906 1.5
      vertex 35.05299316346645 14.586161248385906 0.9
    endloop
  endfacet
  facet normal 0.9686357121619943 -0.2484851245536167 0
    outer loop
      vertex 35.12466837465763 14.865562960505486 0.9
      vertex 35.12466837465763 14.865562960505486 1.5
      vertex 35.05299316346645 14.586161248385906 1.5
    endloop
  endfacet
  facet normal 0.9885135411282461 -0.15113232283696074 0
    outer loop
      vertex 35.167673505842686 15.146847292780876 0.9
      vertex 35.12466837465763 14.865562960505486 1.5
      vertex 35.12466837465763 14.865562960505486 0.9
    endloop
  endfacet
  facet normal 0.9885135411282461 -0.15113232283696074 0
    outer loop
      vertex 35.167673505842686 15.146847292780876 0.9
      vertex 35.167673505842686 15.146847292780876 1.5
      vertex 35.12466837465763 14.865562960505486 1.5
    endloop
  endfacet
  facet normal 0.9987210630349893 -0.050559254842814816 0
    outer loop
      vertex 35.18200854957104 15.430014245212078 0.9
      vertex 35.167673505842686 15.146847292780876 1.5
      vertex 35.167673505842686 15.146847292780876 0.9
    endloop
  endfacet
  facet normal 0.9987210630349893 -0.050559254842814816 0
    outer loop
      vertex 35.18200854957104 15.430014245212078 0.9
      vertex 35.18200854957104 15.430014245212078 1.5
      vertex 35.167673505842686 15.146847292780876 1.5
    endloop
  endfacet
  facet normal 0.9994596005782844 0.032871063443338455 0
    outer loop
      vertex 35.174434185028076 15.660316236317158 0.9
      vertex 35.18200854957104 15.430014245212078 1.5
      vertex 35.18200854957104 15.430014245212078 0.9
    endloop
  endfacet
  facet normal 0.9994596005782844 0.032871063443338455 0
    outer loop
      vertex 35.174434185028076 15.660316236317158 0.9
      vertex 35.174434185028076 15.660316236317158 1.5
      vertex 35.18200854957104 15.430014245212078 1.5
    endloop
  endfacet
  facet normal 0.9947087765705086 0.10273485199094677 0
    outer loop
      vertex 35.151711113750935 15.880327634513378 0.9
      vertex 35.174434185028076 15.660316236317158 1.5
      vertex 35.174434185028076 15.660316236317158 0.9
    endloop
  endfacet
  facet normal 0.9947087765705086 0.10273485199094677 0
    outer loop
      vertex 35.151711113750935 15.880327634513378 0.9
      vertex 35.151711113750935 15.880327634513378 1.5
      vertex 35.174434185028076 15.660316236317158 1.5
    endloop
  endfacet
  facet normal 0.9840833110426495 0.17770772894653686 0
    outer loop
      vertex 35.11383931338787 16.09004843235016 0.9
      vertex 35.151711113750935 15.880327634513378 1.5
      vertex 35.151711113750935 15.880327634513378 0.9
    endloop
  endfacet
  facet normal 0.9840833110426495 0.17770772894653686 0
    outer loop
      vertex 35.11383931338787 16.09004843235016 0.9
      vertex 35.11383931338787 16.09004843235016 1.5
      vertex 35.151711113750935 15.880327634513378 1.5
    endloop
  endfacet
  facet normal 0.966428759506047 0.25693472478355894 0
    outer loop
      vertex 35.06081880629063 16.2894786298275 0.9
      vertex 35.11383931338787 16.09004843235016 1.5
      vertex 35.11383931338787 16.09004843235016 0.9
    endloop
  endfacet
  facet normal 0.966428759506047 0.25693472478355894 0
    outer loop
      vertex 35.06081880629063 16.2894786298275 0.9
      vertex 35.06081880629063 16.2894786298275 1.5
      vertex 35.11383931338787 16.09004843235016 1.5
    endloop
  endfacet
  facet normal 0.9407621491223643 0.3390672186730389 0
    outer loop
      vertex 34.99264957010746 16.4786182269454 0.9
      vertex 35.06081880629063 16.2894786298275 1.5
      vertex 35.06081880629063 16.2894786298275 0.9
    endloop
  endfacet
  facet normal 0.9407621491223643 0.3390672186730389 0
    outer loop
      vertex 34.99264957010746 16.4786182269454 0.9
      vertex 34.99264957010746 16.4786182269454 1.5
      vertex 35.06081880629063 16.2894786298275 1.5
    endloop
  endfacet
  facet normal 0.912367295927695 0.4093725898513305 0
    outer loop
      vertex 34.91153333336115 16.659401707351208 0.9
      vertex 34.99264957010746 16.4786182269454 1.5
      vertex 34.99264957010746 16.4786182269454 0.9
    endloop
  endfacet
  facet normal 0.912367295927695 0.4093725898513305 0
    outer loop
      vertex 34.91153333336115 16.659401707351208 0.9
      vertex 34.91153333336115 16.659401707351208 1.5
      vertex 34.99264957010746 16.4786182269454 1.5
    endloop
  endfacet
  facet normal 0.8844703817533242 0.46659633924960137 0
    outer loop
      vertex 34.8195920214057 16.833683758974075 0.9
      vertex 34.91153333336115 16.659401707351208 1.5
      vertex 34.91153333336115 16.659401707351208 0.9
    endloop
  endfacet
  facet normal 0.8844703817533242 0.46659633924960137 0
    outer loop
      vertex 34.8195920214057 16.833683758974075 0.9
      vertex 34.8195920214057 16.833683758974075 1.5
      vertex 34.91153333336115 16.659401707351208 1.5
    endloop
  endfacet
  facet normal 0.8527527210187383 0.522314844509648 0
    outer loop
      vertex 34.716825641691685 17.001464381814003 0.9
      vertex 34.8195920214057 16.833683758974075 1.5
      vertex 34.8195920214057 16.833683758974075 0.9
    endloop
  endfacet
  facet normal 0.8527527210187383 0.522314844509648 0
    outer loop
      vertex 34.716825641691685 17.001464381814003 0.9
      vertex 34.716825641691685 17.001464381814003 1.5
      vertex 34.8195920214057 16.833683758974075 1.5
    endloop
  endfacet
  facet normal 0.8175709096731104 0.5758279323342024 0
    outer loop
      vertex 34.60323418676853 17.16274358332157 0.9
      vertex 34.716825641691685 17.001464381814003 1.5
      vertex 34.716825641691685 17.001464381814003 0.9
    endloop
  endfacet
  facet normal 0.8175709096731104 0.5758279323342024 0
    outer loop
      vertex 34.60323418676853 17.16274358332157 0.9
      vertex 34.60323418676853 17.16274358332157 1.5
      vertex 34.716825641691685 17.001464381814003 1.5
    endloop
  endfacet
  facet normal 0.7794068334251821 0.6265181465928423 0
    outer loop
      vertex 34.47881766408682 17.31752136349678 0.9
      vertex 34.60323418676853 17.16274358332157 1.5
      vertex 34.60323418676853 17.16274358332157 0.9
    endloop
  endfacet
  facet normal 0.7794068334251821 0.6265181465928423 0
    outer loop
      vertex 34.47881766408682 17.31752136349678 0.9
      vertex 34.47881766408682 17.31752136349678 1.5
      vertex 34.60323418676853 17.16274358332157 1.5
    endloop
  endfacet
  facet normal 0.7302657995828843 0.6831631298303288 0
    outer loop
      vertex 34.31504558771849 17.49258518218994 0.9
      vertex 34.47881766408682 17.31752136349678 1.5
      vertex 34.47881766408682 17.31752136349678 0.9
    endloop
  endfacet
  facet normal 0.7302657995828843 0.6831631298303288 0
    outer loop
      vertex 34.31504558771849 17.49258518218994 0.9
      vertex 34.31504558771849 17.49258518218994 1.5
      vertex 34.47881766408682 17.31752136349678 1.5
    endloop
  endfacet
  facet normal 0.6628561472092834 0.748746771683768 0
    outer loop
      vertex 34.137472935020924 17.6497880294919 0.9
      vertex 34.31504558771849 17.49258518218994 1.5
      vertex 34.31504558771849 17.49258518218994 0.9
    endloop
  endfacet
  facet normal 0.6628561472092834 0.748746771683768 0
    outer loop
      vertex 34.137472935020924 17.6497880294919 0.9
      vertex 34.137472935020924 17.6497880294919 1.5
      vertex 34.31504558771849 17.49258518218994 1.5
    endloop
  endfacet
  facet normal 0.5886174258375835 0.8084117304940205 0
    outer loop
      vertex 33.94609971344471 17.78912991285324 0.9
      vertex 34.137472935020924 17.6497880294919 1.5
      vertex 34.137472935020924 17.6497880294919 0.9
    endloop
  endfacet
  facet normal 0.5886174258375835 0.8084117304940205 0
    outer loop
      vertex 33.94609971344471 17.78912991285324 0.9
      vertex 33.94609971344471 17.78912991285324 1.5
      vertex 34.137472935020924 17.6497880294919 1.5
    endloop
  endfacet
  facet normal 0.5094809232987405 0.8604819514636335 0
    outer loop
      vertex 33.740925922989845 17.91061082482338 0.9
      vertex 33.94609971344471 17.78912991285324 1.5
      vertex 33.94609971344471 17.78912991285324 0.9
    endloop
  endfacet
  facet normal 0.5094809232987405 0.8604819514636335 0
    outer loop
      vertex 33.740925922989845 17.91061082482338 0.9
      vertex 33.740925922989845 17.91061082482338 1.5
      vertex 33.94609971344471 17.78912991285324 1.5
    endloop
  endfacet
  facet normal 0.42773313442873767 0.903905064545922 0
    outer loop
      vertex 33.52195156365633 18.014230765402317 0.9
      vertex 33.740925922989845 17.91061082482338 1.5
      vertex 33.740925922989845 17.91061082482338 0.9
    endloop
  endfacet
  facet normal 0.42773313442873767 0.903905064545922 0
    outer loop
      vertex 33.52195156365633 18.014230765402317 0.9
      vertex 33.52195156365633 18.014230765402317 1.5
      vertex 33.740925922989845 17.91061082482338 1.5
    endloop
  endfacet
  facet normal 0.3312370855580769 0.9435475574400005 0
    outer loop
      vertex 33.27677606791258 18.10030084848404 0.9
      vertex 33.52195156365633 18.014230765402317 1.5
      vertex 33.52195156365633 18.014230765402317 0.9
    endloop
  endfacet
  facet normal 0.3312370855580769 0.9435475574400005 0
    outer loop
      vertex 33.27677606791258 18.10030084848404 0.9
      vertex 33.27677606791258 18.10030084848404 1.5
      vertex 33.52195156365633 18.014230765402317 1.5
    endloop
  endfacet
  facet normal 0.2353987459980549 0.9718988786815957 0
    outer loop
      vertex 32.99291908740997 18.16905242204666 0.9
      vertex 33.27677606791258 18.10030084848404 1.5
      vertex 33.27677606791258 18.10030084848404 0.9
    endloop
  endfacet
  facet normal 0.2353987459980549 0.9718988786815957 0
    outer loop
      vertex 32.99291908740997 18.16905242204666 0.9
      vertex 32.99291908740997 18.16905242204666 1.5
      vertex 33.27677606791258 18.10030084848404 1.5
    endloop
  endfacet
  facet normal 0.15747368977120535 0.987523183034121 0
    outer loop
      vertex 32.670380629599094 18.22048546373844 0.9
      vertex 32.99291908740997 18.16905242204666 1.5
      vertex 32.99291908740997 18.16905242204666 0.9
    endloop
  endfacet
  facet normal 0.15747368977120535 0.987523183034121 0
    outer loop
      vertex 32.670380629599094 18.22048546373844 0.9
      vertex 32.670380629599094 18.22048546373844 1.5
      vertex 32.99291908740997 18.16905242204666 1.5
    endloop
  endfacet
  facet normal 0.09402416068293665 0.9955699157808402 0
    outer loop
      vertex 32.30916068702936 18.25459999591112 0.9
      vertex 32.670380629599094 18.22048546373844 1.5
      vertex 32.670380629599094 18.22048546373844 0.9
    endloop
  endfacet
  facet normal 0.09402416068293665 0.9955699157808402 0
    outer loop
      vertex 32.30916068702936 18.25459999591112 0.9
      vertex 32.30916068702936 18.25459999591112 1.5
      vertex 32.670380629599094 18.22048546373844 1.5
    endloop
  endfacet
  facet normal 0.04196339214593348 0.9991191489104823 0
    outer loop
      vertex 31.909259259700775 18.27139601111412 0.9
      vertex 32.30916068702936 18.25459999591112 1.5
      vertex 32.30916068702936 18.25459999591112 0.9
    endloop
  endfacet
  facet normal 0.04196339214593348 0.9991191489104823 0
    outer loop
      vertex 31.909259259700775 18.27139601111412 0.9
      vertex 31.909259259700775 18.27139601111412 1.5
      vertex 32.30916068702936 18.25459999591112 1.5
    endloop
  endfacet
  facet normal 0 1 0
    outer loop
      vertex 27.020327635109425 18.27139601111412 0.9
      vertex 31.909259259700775 18.27139601111412 1.5
      vertex 31.909259259700775 18.27139601111412 0.9
    endloop
  endfacet
  facet normal 0 1 0
    outer loop
      vertex 27.020327635109425 18.27139601111412 0.9
      vertex 27.020327635109425 18.27139601111412 1.5
      vertex 31.909259259700775 18.27139601111412 1.5
    endloop
  endfacet
  facet normal -1 0 0
    outer loop
      vertex 27.020327635109425 8.303076922893524 0.9
      vertex 27.020327635109425 18.27139601111412 1.5
      vertex 27.020327635109425 18.27139601111412 0.9
    endloop
  endfacet
  facet normal -1 0 0
    outer loop
      vertex 27.020327635109425 8.303076922893524 0.9
      vertex 27.020327635109425 8.303076922893524 1.5
      vertex 27.020327635109425 18.27139601111412 1.5
    endloop
  endfacet
  facet normal 0 -1 0
    outer loop
      vertex 29.0557122528553 8.303076922893524 0.9
      vertex 27.020327635109425 8.303076922893524 1.5
      vertex 27.020327635109425 8.303076922893524 0.9
    endloop
  endfacet
  facet normal 0 -1 0
    outer loop
      vertex 29.0557122528553 8.303076922893524 0.9
      vertex 29.0557122528553 8.303076922893524 1.5
      vertex 27.020327635109425 8.303076922893524 1.5
    endloop
  endfacet
  facet normal 1 0 0
    outer loop
      vertex 29.0557122528553 12.208717942237854 0.9
      vertex 29.0557122528553 8.303076922893524 1.5
      vertex 29.0557122528553 8.303076922893524 0.9
    endloop
  endfacet
  facet normal 1 0 0
    outer loop
      vertex 29.0557122528553 12.208717942237854 0.9
      vertex 29.0557122528553 12.208717942237854 1.5
      vertex 29.0557122528553 8.303076922893524 1.5
    endloop
  endfacet
  facet normal 0 -1 0
    outer loop
      vertex 31.47649572789669 16.541937321424484 0.9
      vertex 31.47649572789669 16.541937321424484 1.5
      vertex 29.0557122528553 16.541937321424484 0.9
    endloop
  endfacet
  facet normal 0 -1 0
    outer loop
      vertex 29.0557122528553 16.541937321424484 1.5
      vertex 29.0557122528553 16.541937321424484 0.9
      vertex 31.47649572789669 16.541937321424484 1.5
    endloop
  endfacet
  facet normal -0.027388059767088784 -0.9996248767323643 0
    outer loop
      vertex 31.733441598713398 16.534897431731224 0.9
      vertex 31.733441598713398 16.534897431731224 1.5
      vertex 31.47649572789669 16.541937321424484 0.9
    endloop
  endfacet
  facet normal -0.027388059767088784 -0.9996248767323643 0
    outer loop
      vertex 31.47649572789669 16.541937321424484 1.5
      vertex 31.47649572789669 16.541937321424484 0.9
      vertex 31.733441598713398 16.534897431731224 1.5
    endloop
  endfacet
  facet normal -0.09147809853605161 -0.9958070884906518 0
    outer loop
      vertex 31.963344730436802 16.513777777552605 0.9
      vertex 31.963344730436802 16.513777777552605 1.5
      vertex 31.733441598713398 16.534897431731224 0.9
    endloop
  endfacet
  facet normal -0.09147809853605161 -0.9958070884906518 0
    outer loop
      vertex 31.733441598713398 16.534897431731224 1.5
      vertex 31.733441598713398 16.534897431731224 0.9
      vertex 31.963344730436802 16.513777777552605 1.5
    endloop
  endfacet
  facet normal -0.17096101668457828 -0.9852777937080361 0
    outer loop
      vertex 32.16620513051748 16.478578343987465 0.9
      vertex 32.16620513051748 16.478578343987465 1.5
      vertex 31.963344730436802 16.513777777552605 0.9
    endloop
  endfacet
  facet normal -0.17096101668457828 -0.9852777937080361 0
    outer loop
      vertex 31.963344730436802 16.513777777552605 1.5
      vertex 31.963344730436802 16.513777777552605 0.9
      vertex 32.16620513051748 16.478578343987465 1.5
    endloop
  endfacet
  facet normal -0.26988512576895746 -0.9628925271745928 0
    outer loop
      vertex 32.34202279150486 16.429299145936966 0.9
      vertex 32.34202279150486 16.429299145936966 1.5
      vertex 32.16620513051748 16.478578343987465 0.9
    endloop
  endfacet
  facet normal -0.26988512576895746 -0.9628925271745928 0
    outer loop
      vertex 32.16620513051748 16.478578343987465 1.5
      vertex 32.16620513051748 16.478578343987465 0.9
      vertex 32.34202279150486 16.429299145936966 1.5
    endloop
  endfacet
  facet normal -0.3918195494804173 -0.9200420863444037 0
    outer loop
      vertex 32.490797720849514 16.365940168499947 0.9
      vertex 32.490797720849514 16.365940168499947 1.5
      vertex 32.34202279150486 16.429299145936966 0.9
    endloop
  endfacet
  facet normal -0.3918195494804173 -0.9200420863444037 0
    outer loop
      vertex 32.34202279150486 16.429299145936966 1.5
      vertex 32.34202279150486 16.429299145936966 0.9
      vertex 32.490797720849514 16.365940168499947 1.5
    endloop
  endfacet
  facet normal -0.5650057248633805 -0.8250869838214672 0
    outer loop
      vertex 32.70743874460459 16.217588029801846 0.9
      vertex 32.70743874460459 16.217588029801846 1.5
      vertex 32.490797720849514 16.365940168499947 0.9
    endloop
  endfacet
  facet normal -0.5650057248633805 -0.8250869838214672 0
    outer loop
      vertex 32.490797720849514 16.365940168499947 1.5
      vertex 32.490797720849514 16.365940168499947 0.9
      vertex 32.70743874460459 16.217588029801846 1.5
    endloop
  endfacet
  facet normal -0.7583157782764095 -0.6518873985720565 0
    outer loop
      vertex 32.875937320291996 16.021580055356026 0.9
      vertex 32.875937320291996 16.021580055356026 1.5
      vertex 32.70743874460459 16.217588029801846 0.9
    endloop
  endfacet
  facet normal -0.7583157782764095 -0.6518873985720565 0
    outer loop
      vertex 32.70743874460459 16.217588029801846 1.5
      vertex 32.70743874460459 16.217588029801846 0.9
      vertex 32.875937320291996 16.021580055356026 1.5
    endloop
  endfacet
  facet normal -0.8965887629063545 -0.44286407647274006 0
    outer loop
      vertex 32.99629344791174 15.777916237711906 0.9
      vertex 32.99629344791174 15.777916237711906 1.5
      vertex 32.875937320291996 16.021580055356026 0.9
    endloop
  endfacet
  facet normal -0.8965887629063545 -0.44286407647274006 0
    outer loop
      vertex 32.875937320291996 16.021580055356026 1.5
      vertex 32.875937320291996 16.021580055356026 0.9
      vertex 32.99629344791174 15.777916237711906 1.5
    endloop
  endfacet
  facet normal -0.9706236835382464 -0.24060271186054016 0
    outer loop
      vertex 33.06850712001324 15.486596576869488 0.9
      vertex 33.06850712001324 15.486596576869488 1.5
      vertex 32.99629344791174 15.777916237711906 0.9
    endloop
  endfacet
  facet normal -0.9706236835382464 -0.24060271186054016 0
    outer loop
      vertex 32.99629344791174 15.777916237711906 1.5
      vertex 32.99629344791174 15.777916237711906 0.9
      vertex 33.06850712001324 15.486596576869488 1.5
    endloop
  endfacet
  facet normal -0.9974881654650762 -0.07083332377572532 0
    outer loop
      vertex 33.09257834404707 15.14762108027935 0.9
      vertex 33.09257834404707 15.14762108027935 1.5
      vertex 33.06850712001324 15.486596576869488 0.9
    endloop
  endfacet
  facet normal -0.9974881654650762 -0.07083332377572532 0
    outer loop
      vertex 33.06850712001324 15.486596576869488 1.5
      vertex 33.06850712001324 15.486596576869488 0.9
      vertex 33.09257834404707 15.14762108027935 1.5
    endloop
  endfacet
  facet normal -0.9968648066216702 0.07912368368029937 0
    outer loop
      vertex 33.06769344955683 14.834100849926472 0.9
      vertex 33.06769344955683 14.834100849926472 1.5
      vertex 33.09257834404707 15.14762108027935 0.9
    endloop
  endfacet
  facet normal -0.9968648066216702 0.07912368368029937 0
    outer loop
      vertex 33.09257834404707 15.14762108027935 1.5
      vertex 33.09257834404707 15.14762108027935 0.9
      vertex 33.06769344955683 14.834100849926472 1.5
    endloop
  endfacet
  facet normal -0.9636107379157655 0.26730945694724995 0
    outer loop
      vertex 32.99303874373436 14.564981766045094 0.9
      vertex 32.99303874373436 14.564981766045094 1.5
      vertex 33.06769344955683 14.834100849926472 0.9
    endloop
  endfacet
  facet normal -0.9636107379157655 0.26730945694724995 0
    outer loop
      vertex 33.06769344955683 14.834100849926472 1.5
      vertex 33.06769344955683 14.834100849926472 0.9
      vertex 32.99303874373436 14.564981766045094 1.5
    endloop
  endfacet
  facet normal -0.8748485589104951 0.4843965307186151 0
    outer loop
      vertex 32.86861424148083 14.340263813734055 0.9
      vertex 32.86861424148083 14.340263813734055 1.5
      vertex 32.99303874373436 14.564981766045094 0.9
    endloop
  endfacet
  facet normal -0.8748485589104951 0.4843965307186151 0
    outer loop
      vertex 32.99303874373436 14.564981766045094 1.5
      vertex 32.99303874373436 14.564981766045094 0.9
      vertex 32.86861424148083 14.340263813734055 1.5
    endloop
  endfacet
  facet normal -0.7192114665416232 0.6947912394345858 0
    outer loop
      vertex 32.69441994279623 14.159947007894516 0.9
      vertex 32.69441994279623 14.159947007894516 1.5
      vertex 32.86861424148083 14.340263813734055 0.9
    endloop
  endfacet
  facet normal -0.7192114665416232 0.6947912394345858 0
    outer loop
      vertex 32.86861424148083 14.340263813734055 1.5
      vertex 32.86861424148083 14.340263813734055 0.9
      vertex 32.69441994279623 14.159947007894516 1.5
    endloop
  endfacet
  facet normal -0.5188037243215257 0.8548933826098518 0
    outer loop
      vertex 32.47045584022999 14.024031333625317 0.9
      vertex 32.47045584022999 14.024031333625317 1.5
      vertex 32.69441994279623 14.159947007894516 0.9
    endloop
  endfacet
  facet normal -0.5188037243215257 0.8548933826098518 0
    outer loop
      vertex 32.69441994279623 14.159947007894516 1.5
      vertex 32.69441994279623 14.159947007894516 0.9
      vertex 32.47045584022999 14.024031333625317 1.5
    endloop
  endfacet
  facet normal -0.3535801625434618 0.9354042274095937 0
    outer loop
      vertex 32.31575384736061 13.965554416179657 0.9
      vertex 32.31575384736061 13.965554416179657 1.5
      vertex 32.47045584022999 14.024031333625317 0.9
    endloop
  endfacet
  facet normal -0.3535801625434618 0.9354042274095937 0
    outer loop
      vertex 32.47045584022999 14.024031333625317 1.5
      vertex 32.47045584022999 14.024031333625317 0.9
      vertex 32.31575384736061 13.965554416179657 1.5
    endloop
  endfacet
  facet normal -0.24140968848149888 0.9704232902745409 0
    outer loop
      vertex 32.13292421400547 13.920072361826897 0.9
      vertex 32.13292421400547 13.920072361826897 1.5
      vertex 32.31575384736061 13.965554416179657 0.9
    endloop
  endfacet
  facet normal -0.24140968848149888 0.9704232902745409 0
    outer loop
      vertex 32.31575384736061 13.965554416179657 1.5
      vertex 32.31575384736061 13.965554416179657 0.9
      vertex 32.13292421400547 13.920072361826897 1.5
    endloop
  endfacet
  facet normal -0.1522046151972136 0.9883490047107186 0
    outer loop
      vertex 31.921966955065727 13.887585185468197 0.9
      vertex 31.921966955065727 13.887585185468197 1.5
      vertex 32.13292421400547 13.920072361826897 0.9
    endloop
  endfacet
  facet normal -0.1522046151972136 0.9883490047107186 0
    outer loop
      vertex 32.13292421400547 13.920072361826897 1.5
      vertex 32.13292421400547 13.920072361826897 0.9
      vertex 31.921966955065727 13.887585185468197 1.5
    endloop
  endfacet
  facet normal -0.0812592165422992 0.9966930017447357 0
    outer loop
      vertex 31.68288204818964 13.868092872202396 0.9
      vertex 31.68288204818964 13.868092872202396 1.5
      vertex 31.921966955065727 13.887585185468197 0.9
    endloop
  endfacet
  facet normal -0.0812592165422992 0.9966930017447357 0
    outer loop
      vertex 31.921966955065727 13.887585185468197 1.5
      vertex 31.921966955065727 13.887585185468197 0.9
      vertex 31.68288204818964 13.868092872202396 1.5
    endloop
  endfacet
  facet normal -0.0243084231971907 0.9997045066226651 0
    outer loop
      vertex 31.41566951572895 13.861595436930656 0.9
      vertex 31.41566951572895 13.861595436930656 1.5
      vertex 31.68288204818964 13.868092872202396 0.9
    endloop
  endfacet
  facet normal -0.0243084231971907 0.9997045066226651 0
    outer loop
      vertex 31.68288204818964 13.868092872202396 1.5
      vertex 31.68288204818964 13.868092872202396 0.9
      vertex 31.41566951572895 13.861595436930656 1.5
    endloop
  endfacet
  facet normal 0 1 0
    outer loop
      vertex 29.0557122528553 13.861595436930656 0.9
      vertex 29.0557122528553 13.861595436930656 1.5
      vertex 31.41566951572895 13.861595436930656 0.9
    endloop
  endfacet
  facet normal 0 1 0
    outer loop
      vertex 31.41566951572895 13.861595436930656 1.5
      vertex 31.41566951572895 13.861595436930656 0.9
      vertex 29.0557122528553 13.861595436930656 1.5
    endloop
  endfacet
  facet normal 1 0 0
    outer loop
      vertex 29.0557122528553 16.541937321424484 0.9
      vertex 29.0557122528553 16.541937321424484 1.5
      vertex 29.0557122528553 13.861595436930656 0.9
    endloop
  endfacet
  facet normal 1 0 0
    outer loop
      vertex 29.0557122528553 13.861595436930656 1.5
      vertex 29.0557122528553 13.861595436930656 0.9
      vertex 29.0557122528553 16.541937321424484 1.5
    endloop
  endfacet
  facet normal 0 1 0
    outer loop
      vertex 39.070797719061375 10.096353270113468 0.9
      vertex 44.58853276073933 10.096353270113468 1.5
      vertex 44.58853276073933 10.096353270113468 0.9
    endloop
  endfacet
  facet normal 0 1 0
    outer loop
      vertex 39.070797719061375 10.096353270113468 0.9
      vertex 39.070797719061375 10.096353270113468 1.5
      vertex 44.58853276073933 10.096353270113468 1.5
    endloop
  endfacet
  facet normal 1 0 0
    outer loop
      vertex 39.070797719061375 12.655441589653492 0.9
      vertex 39.070797719061375 10.096353270113468 1.5
      vertex 39.070797719061375 10.096353270113468 0.9
    endloop
  endfacet
  facet normal 1 0 0
    outer loop
      vertex 39.070797719061375 12.655441589653492 0.9
      vertex 39.070797719061375 12.655441589653492 1.5
      vertex 39.070797719061375 10.096353270113468 1.5
    endloop
  endfacet
  facet normal 0 -1 0
    outer loop
      vertex 43.912264958024025 12.655441589653492 0.9
      vertex 39.070797719061375 12.655441589653492 1.5
      vertex 39.070797719061375 12.655441589653492 0.9
    endloop
  endfacet
  facet normal 0 -1 0
    outer loop
      vertex 43.912264958024025 12.655441589653492 0.9
      vertex 43.912264958024025 12.655441589653492 1.5
      vertex 39.070797719061375 12.655441589653492 1.5
    endloop
  endfacet
  facet normal 1 0 0
    outer loop
      vertex 43.912264958024025 14.384900279343128 0.9
      vertex 43.912264958024025 12.655441589653492 1.5
      vertex 43.912264958024025 12.655441589653492 0.9
    endloop
  endfacet
  facet normal 1 0 0
    outer loop
      vertex 43.912264958024025 14.384900279343128 0.9
      vertex 43.912264958024025 14.384900279343128 1.5
      vertex 43.912264958024025 12.655441589653492 1.5
    endloop
  endfacet
  facet normal 0 1 0
    outer loop
      vertex 39.070797719061375 14.384900279343128 0.9
      vertex 43.912264958024025 14.384900279343128 1.5
      vertex 43.912264958024025 14.384900279343128 0.9
    endloop
  endfacet
  facet normal 0 1 0
    outer loop
      vertex 39.070797719061375 14.384900279343128 0.9
      vertex 39.070797719061375 14.384900279343128 1.5
      vertex 43.912264958024025 14.384900279343128 1.5
    endloop
  endfacet
  facet normal 1 0 0
    outer loop
      vertex 39.070797719061375 16.503646723926067 0.9
      vertex 39.070797719061375 14.384900279343128 1.5
      vertex 39.070797719061375 14.384900279343128 0.9
    endloop
  endfacet
  facet normal 1 0 0
    outer loop
      vertex 39.070797719061375 16.503646723926067 0.9
      vertex 39.070797719061375 16.503646723926067 1.5
      vertex 39.070797719061375 14.384900279343128 1.5
    endloop
  endfacet
  facet normal 0 -1 0
    outer loop
      vertex 44.34502848982811 16.503646723926067 0.9
      vertex 39.070797719061375 16.503646723926067 1.5
      vertex 39.070797719061375 16.503646723926067 0.9
    endloop
  endfacet
  facet normal 0 -1 0
    outer loop
      vertex 44.34502848982811 16.503646723926067 0.9
      vertex 44.34502848982811 16.503646723926067 1.5
      vertex 39.070797719061375 16.503646723926067 1.5
    endloop
  endfacet
  facet normal 1 0 0
    outer loop
      vertex 44.34502848982811 18.27139601111412 0.9
      vertex 44.34502848982811 16.503646723926067 1.5
      vertex 44.34502848982811 16.503646723926067 0.9
    endloop
  endfacet
  facet normal 1 0 0
    outer loop
      vertex 44.34502848982811 18.27139601111412 0.9
      vertex 44.34502848982811 18.27139601111412 1.5
      vertex 44.34502848982811 16.503646723926067 1.5
    endloop
  endfacet
  facet normal 0 1 0
    outer loop
      vertex 37.03541310876608 18.27139601111412 0.9
      vertex 44.34502848982811 18.27139601111412 1.5
      vertex 44.34502848982811 18.27139601111412 0.9
    endloop
  endfacet
  facet normal 0 1 0
    outer loop
      vertex 37.03541310876608 18.27139601111412 0.9
      vertex 37.03541310876608 18.27139601111412 1.5
      vertex 44.34502848982811 18.27139601111412 1.5
    endloop
  endfacet
  facet normal -1 0 0
    outer loop
      vertex 37.03541310876608 8.303076922893524 0.9
      vertex 37.03541310876608 18.27139601111412 1.5
      vertex 37.03541310876608 18.27139601111412 0.9
    endloop
  endfacet
  facet normal -1 0 0
    outer loop
      vertex 37.03541310876608 8.303076922893524 0.9
      vertex 37.03541310876608 8.303076922893524 1.5
      vertex 37.03541310876608 18.27139601111412 1.5
    endloop
  endfacet
  facet normal 0 -1 0
    outer loop
      vertex 44.58853276073933 8.303076922893524 0.9
      vertex 37.03541310876608 8.303076922893524 1.5
      vertex 37.03541310876608 8.303076922893524 0.9
    endloop
  endfacet
  facet normal 0 -1 0
    outer loop
      vertex 44.58853276073933 8.303076922893524 0.9
      vertex 44.58853276073933 8.303076922893524 1.5
      vertex 37.03541310876608 8.303076922893524 1.5
    endloop
  endfacet
  facet normal 1 0 0
    outer loop
      vertex 44.58853276073933 10.096353270113468 0.9
      vertex 44.58853276073933 8.303076922893524 1.5
      vertex 44.58853276073933 8.303076922893524 0.9
    endloop
  endfacet
  facet normal 1 0 0
    outer loop
      vertex 44.58853276073933 10.096353270113468 0.9
      vertex 44.58853276073933 10.096353270113468 1.5
      vertex 44.58853276073933 8.303076922893524 1.5
    endloop
  endfacet
  facet normal 0 1 0
    outer loop
      vertex 48.29464387148619 10.096353270113468 0.9
      vertex 53.23084045946598 10.096353270113468 1.5
      vertex 53.23084045946598 10.096353270113468 0.9
    endloop
  endfacet
  facet normal 0 1 0
    outer loop
      vertex 48.29464387148619 10.096353270113468 0.9
      vertex 48.29464387148619 10.096353270113468 1.5
      vertex 53.23084045946598 10.096353270113468 1.5
    endloop
  endfacet
  facet normal 1 0 0
    outer loop
      vertex 48.29464387148619 18.27139601111412 0.9
      vertex 48.29464387148619 10.096353270113468 1.5
      vertex 48.29464387148619 10.096353270113468 0.9
    endloop
  endfacet
  facet normal 1 0 0
    outer loop
      vertex 48.29464387148619 18.27139601111412 0.9
      vertex 48.29464387148619 18.27139601111412 1.5
      vertex 48.29464387148619 10.096353270113468 1.5
    endloop
  endfacet
  facet normal 0 1 0
    outer loop
      vertex 46.21199430525303 18.27139601111412 0.9
      vertex 48.29464387148619 18.27139601111412 1.5
      vertex 48.29464387148619 18.27139601111412 0.9
    endloop
  endfacet
  facet normal 0 1 0
    outer loop
      vertex 46.21199430525303 18.27139601111412 0.9
      vertex 46.21199430525303 18.27139601111412 1.5
      vertex 48.29464387148619 18.27139601111412 1.5
    endloop
  endfacet
  facet normal -1 0 0
    outer loop
      vertex 46.21199430525303 8.303076922893524 0.9
      vertex 46.21199430525303 18.27139601111412 1.5
      vertex 46.21199430525303 18.27139601111412 0.9
    endloop
  endfacet
  facet normal -1 0 0
    outer loop
      vertex 46.21199430525303 8.303076922893524 0.9
      vertex 46.21199430525303 8.303076922893524 1.5
      vertex 46.21199430525303 18.27139601111412 1.5
    endloop
  endfacet
  facet normal 0 -1 0
    outer loop
      vertex 53.23084045946598 8.303076922893524 0.9
      vertex 46.21199430525303 8.303076922893524 1.5
      vertex 46.21199430525303 8.303076922893524 0.9
    endloop
  endfacet
  facet normal 0 -1 0
    outer loop
      vertex 53.23084045946598 8.303076922893524 0.9
      vertex 53.23084045946598 8.303076922893524 1.5
      vertex 46.21199430525303 8.303076922893524 1.5
    endloop
  endfacet
  facet normal 1 0 0
    outer loop
      vertex 53.23084045946598 10.096353270113468 0.9
      vertex 53.23084045946598 8.303076922893524 1.5
      vertex 53.23084045946598 8.303076922893524 0.9
    endloop
  endfacet
  facet normal 1 0 0
    outer loop
      vertex 53.23084045946598 10.096353270113468 0.9
      vertex 53.23084045946598 10.096353270113468 1.5
      vertex 53.23084045946598 8.303076922893524 1.5
    endloop
  endfacet
  facet normal 0 1 0
    outer loop
      vertex 56.75437322258949 10.096353270113468 0.9
      vertex 61.690569803118706 10.096353270113468 1.5
      vertex 61.690569803118706 10.096353270113468 0.9
    endloop
  endfacet
  facet normal 0 1 0
    outer loop
      vertex 56.75437322258949 10.096353270113468 0.9
      vertex 56.75437322258949 10.096353270113468 1.5
      vertex 61.690569803118706 10.096353270113468 1.5
    endloop
  endfacet
  facet normal 1 0 0
    outer loop
      vertex 56.75437322258949 18.27139601111412 0.9
      vertex 56.75437322258949 10.096353270113468 1.5
      vertex 56.75437322258949 10.096353270113468 0.9
    endloop
  endfacet
  facet normal 1 0 0
    outer loop
      vertex 56.75437322258949 18.27139601111412 0.9
      vertex 56.75437322258949 18.27139601111412 1.5
      vertex 56.75437322258949 10.096353270113468 1.5
    endloop
  endfacet
  facet normal 0 1 0
    outer loop
      vertex 54.671723648905754 18.27139601111412 0.9
      vertex 56.75437322258949 18.27139601111412 1.5
      vertex 56.75437322258949 18.27139601111412 0.9
    endloop
  endfacet
  facet normal 0 1 0
    outer loop
      vertex 54.671723648905754 18.27139601111412 0.9
      vertex 54.671723648905754 18.27139601111412 1.5
      vertex 56.75437322258949 18.27139601111412 1.5
    endloop
  endfacet
  facet normal -1 0 0
    outer loop
      vertex 54.671723648905754 8.303076922893524 0.9
      vertex 54.671723648905754 18.27139601111412 1.5
      vertex 54.671723648905754 18.27139601111412 0.9
    endloop
  endfacet
  facet normal -1 0 0
    outer loop
      vertex 54.671723648905754 8.303076922893524 0.9
      vertex 54.671723648905754 8.303076922893524 1.5
      vertex 54.671723648905754 18.27139601111412 1.5
    endloop
  endfacet
  facet normal 0 -1 0
    outer loop
      vertex 61.690569803118706 8.303076922893524 0.9
      vertex 54.671723648905754 8.303076922893524 1.5
      vertex 54.671723648905754 8.303076922893524 0.9
    endloop
  endfacet
  facet normal 0 -1 0
    outer loop
      vertex 61.690569803118706 8.303076922893524 0.9
      vertex 61.690569803118706 8.303076922893524 1.5
      vertex 54.671723648905754 8.303076922893524 1.5
    endloop
  endfacet
  facet normal 1 0 0
    outer loop
      vertex 61.690569803118706 10.096353270113468 0.9
      vertex 61.690569803118706 8.303076922893524 1.5
      vertex 61.690569803118706 8.303076922893524 0.9
    endloop
  endfacet
  facet normal 1 0 0
    outer loop
      vertex 61.690569803118706 10.096353270113468 0.9
      vertex 61.690569803118706 10.096353270113468 1.5
      vertex 61.690569803118706 8.303076922893524 1.5
    endloop
  endfacet
  facet normal 0 1 0
    outer loop
      vertex 65.22766381502151 10.096353270113468 0.9
      vertex 70.74539885669947 10.096353270113468 1.5
      vertex 70.74539885669947 10.096353270113468 0.9
    endloop
  endfacet
  facet normal 0 1 0
    outer loop
      vertex 65.22766381502151 10.096353270113468 0.9
      vertex 65.22766381502151 10.096353270113468 1.5
      vertex 70.74539885669947 10.096353270113468 1.5
    endloop
  endfacet
  facet normal 1 0 0
    outer loop
      vertex 65.22766381502151 12.655441589653492 0.9
      vertex 65.22766381502151 10.096353270113468 1.5
      vertex 65.22766381502151 10.096353270113468 0.9
    endloop
  endfacet
  facet normal 1 0 0
    outer loop
      vertex 65.22766381502151 12.655441589653492 0.9
      vertex 65.22766381502151 12.655441589653492 1.5
      vertex 65.22766381502151 10.096353270113468 1.5
    endloop
  endfacet
  facet normal 0 -1 0
    outer loop
      vertex 70.06913105398417 12.655441589653492 0.9
      vertex 65.22766381502151 12.655441589653492 1.5
      vertex 65.22766381502151 12.655441589653492 0.9
    endloop
  endfacet
  facet normal 0 -1 0
    outer loop
      vertex 70.06913105398417 12.655441589653492 0.9
      vertex 70.06913105398417 12.655441589653492 1.5
      vertex 65.22766381502151 12.655441589653492 1.5
    endloop
  endfacet
  facet normal 1 0 0
    outer loop
      vertex 70.06913105398417 14.384900279343128 0.9
      vertex 70.06913105398417 12.655441589653492 1.5
      vertex 70.06913105398417 12.655441589653492 0.9
    endloop
  endfacet
  facet normal 1 0 0
    outer loop
      vertex 70.06913105398417 14.384900279343128 0.9
      vertex 70.06913105398417 14.384900279343128 1.5
      vertex 70.06913105398417 12.655441589653492 1.5
    endloop
  endfacet
  facet normal 0 1 0
    outer loop
      vertex 65.22766381502151 14.384900279343128 0.9
      vertex 70.06913105398417 14.384900279343128 1.5
      vertex 70.06913105398417 14.384900279343128 0.9
    endloop
  endfacet
  facet normal 0 1 0
    outer loop
      vertex 65.22766381502151 14.384900279343128 0.9
      vertex 65.22766381502151 14.384900279343128 1.5
      vertex 70.06913105398417 14.384900279343128 1.5
    endloop
  endfacet
  facet normal 1 0 0
    outer loop
      vertex 65.22766381502151 16.503646723926067 0.9
      vertex 65.22766381502151 14.384900279343128 1.5
      vertex 65.22766381502151 14.384900279343128 0.9
    endloop
  endfacet
  facet normal 1 0 0
    outer loop
      vertex 65.22766381502151 16.503646723926067 0.9
      vertex 65.22766381502151 16.503646723926067 1.5
      vertex 65.22766381502151 14.384900279343128 1.5
    endloop
  endfacet
  facet normal 0 -1 0
    outer loop
      vertex 70.50189458578825 16.503646723926067 0.9
      vertex 65.22766381502151 16.503646723926067 1.5
      vertex 65.22766381502151 16.503646723926067 0.9
    endloop
  endfacet
  facet normal 0 -1 0
    outer loop
      vertex 70.50189458578825 16.503646723926067 0.9
      vertex 70.50189458578825 16.503646723926067 1.5
      vertex 65.22766381502151 16.503646723926067 1.5
    endloop
  endfacet
  facet normal 1 0 0
    outer loop
      vertex 70.50189458578825 18.27139601111412 0.9
      vertex 70.50189458578825 16.503646723926067 1.5
      vertex 70.50189458578825 16.503646723926067 0.9
    endloop
  endfacet
  facet normal 1 0 0
    outer loop
      vertex 70.50189458578825 18.27139601111412 0.9
      vertex 70.50189458578825 18.27139601111412 1.5
      vertex 70.50189458578825 16.503646723926067 1.5
    endloop
  endfacet
  facet normal 0 1 0
    outer loop
      vertex 63.19227920472622 18.27139601111412 0.9
      vertex 70.50189458578825 18.27139601111412 1.5
      vertex 70.50189458578825 18.27139601111412 0.9
    endloop
  endfacet
  facet normal 0 1 0
    outer loop
      vertex 63.19227920472622 18.27139601111412 0.9
      vertex 63.19227920472622 18.27139601111412 1.5
      vertex 70.50189458578825 18.27139601111412 1.5
    endloop
  endfacet
  facet normal -1 0 0
    outer loop
      vertex 63.19227920472622 8.303076922893524 0.9
      vertex 63.19227920472622 18.27139601111412 1.5
      vertex 63.19227920472622 18.27139601111412 0.9
    endloop
  endfacet
  facet normal -1 0 0
    outer loop
      vertex 63.19227920472622 8.303076922893524 0.9
      vertex 63.19227920472622 8.303076922893524 1.5
      vertex 63.19227920472622 18.27139601111412 1.5
    endloop
  endfacet
  facet normal 0 -1 0
    outer loop
      vertex 70.74539885669947 8.303076922893524 0.9
      vertex 63.19227920472622 8.303076922893524 1.5
      vertex 63.19227920472622 8.303076922893524 0.9
    endloop
  endfacet
  facet normal 0 -1 0
    outer loop
      vertex 70.74539885669947 8.303076922893524 0.9
      vertex 70.74539885669947 8.303076922893524 1.5
      vertex 63.19227920472622 8.303076922893524 1.5
    endloop
  endfacet
  facet normal 1 0 0
    outer loop
      vertex 70.74539885669947 10.096353270113468 0.9
      vertex 70.74539885669947 8.303076922893524 1.5
      vertex 70.74539885669947 8.303076922893524 0.9
    endloop
  endfacet
  facet normal 1 0 0
    outer loop
      vertex 70.74539885669947 10.096353270113468 0.9
      vertex 70.74539885669947 10.096353270113468 1.5
      vertex 70.74539885669947 8.303076922893524 1.5
    endloop
  endfacet
  facet normal 0 -1 0
    outer loop
      vertex 14.185000002384186 12.483133897185326 0.9
      vertex 9.810000002384186 12.483133897185326 1.5
      vertex 9.810000002384186 12.483133897185326 0.9
    endloop
  endfacet
  facet normal 0 -1 0
    outer loop
      vertex 14.185000002384186 12.483133897185326 0.9
      vertex 14.185000002384186 12.483133897185326 1.5
      vertex 9.810000002384186 12.483133897185326 1.5
    endloop
  endfacet
  facet normal 1 0 0
    outer loop
      vertex 14.185000002384186 14.212592586874962 0.9
      vertex 14.185000002384186 12.483133897185326 1.5
      vertex 14.185000002384186 12.483133897185326 0.9
    endloop
  endfacet
  facet normal 1 0 0
    outer loop
      vertex 14.185000002384186 14.212592586874962 0.9
      vertex 14.185000002384186 14.212592586874962 1.5
      vertex 14.185000002384186 12.483133897185326 1.5
    endloop
  endfacet
  facet normal 0 1 0
    outer loop
      vertex 9.810000002384186 14.212592586874962 0.9
      vertex 14.185000002384186 14.212592586874962 1.5
      vertex 14.185000002384186 14.212592586874962 0.9
    endloop
  endfacet
  facet normal 0 1 0
    outer loop
      vertex 9.810000002384186 14.212592586874962 0.9
      vertex 9.810000002384186 14.212592586874962 1.5
      vertex 14.185000002384186 14.212592586874962 1.5
    endloop
  endfacet
  facet normal 1 0 0
    outer loop
      vertex 9.810000002384186 16.51002848893404 0.9
      vertex 9.810000002384186 14.212592586874962 1.5
      vertex 9.810000002384186 14.212592586874962 0.9
    endloop
  endfacet
  facet normal 1 0 0
    outer loop
      vertex 9.810000002384186 16.51002848893404 0.9
      vertex 9.810000002384186 16.51002848893404 1.5
      vertex 9.810000002384186 14.212592586874962 1.5
    endloop
  endfacet
  facet normal 0 -1 0
    outer loop
      vertex 14.807122506201267 16.51002848893404 0.9
      vertex 9.810000002384186 16.51002848893404 1.5
      vertex 9.810000002384186 16.51002848893404 0.9
    endloop
  endfacet
  facet normal 0 -1 0
    outer loop
      vertex 14.807122506201267 16.51002848893404 0.9
      vertex 14.807122506201267 16.51002848893404 1.5
      vertex 9.810000002384186 16.51002848893404 1.5
    endloop
  endfacet
  facet normal 1 0 0
    outer loop
      vertex 14.807122506201267 18.258632473647594 0.9
      vertex 14.807122506201267 16.51002848893404 1.5
      vertex 14.807122506201267 16.51002848893404 0.9
    endloop
  endfacet
  facet normal 1 0 0
    outer loop
      vertex 14.807122506201267 18.258632473647594 0.9
      vertex 14.807122506201267 18.258632473647594 1.5
      vertex 14.807122506201267 16.51002848893404 1.5
    endloop
  endfacet
  facet normal 0 1 0
    outer loop
      vertex 7.740911677479744 18.258632473647594 0.9
      vertex 14.807122506201267 18.258632473647594 1.5
      vertex 14.807122506201267 18.258632473647594 0.9
    endloop
  endfacet
  facet normal 0 1 0
    outer loop
      vertex 7.740911677479744 18.258632473647594 0.9
      vertex 7.740911677479744 18.258632473647594 1.5
      vertex 14.807122506201267 18.258632473647594 1.5
    endloop
  endfacet
  facet normal -1 0 0
    outer loop
      vertex 7.740911677479744 8.303076922893524 0.9
      vertex 7.740911677479744 18.258632473647594 1.5
      vertex 7.740911677479744 18.258632473647594 0.9
    endloop
  endfacet
  facet normal -1 0 0
    outer loop
      vertex 7.740911677479744 8.303076922893524 0.9
      vertex 7.740911677479744 8.303076922893524 1.5
      vertex 7.740911677479744 18.258632473647594 1.5
    endloop
  endfacet
  facet normal 0 -1 0
    outer loop
      vertex 9.810000002384186 8.303076922893524 0.9
      vertex 7.740911677479744 8.303076922893524 1.5
      vertex 7.740911677479744 8.303076922893524 0.9
    endloop
  endfacet
  facet normal 0 -1 0
    outer loop
      vertex 9.810000002384186 8.303076922893524 0.9
      vertex 9.810000002384186 8.303076922893524 1.5
      vertex 7.740911677479744 8.303076922893524 1.5
    endloop
  endfacet
  facet normal 1 0 0
    outer loop
      vertex 9.810000002384186 12.483133897185326 0.9
      vertex 9.810000002384186 8.303076922893524 1.5
      vertex 9.810000002384186 8.303076922893524 0.9
    endloop
  endfacet
  facet normal 1 0 0
    outer loop
      vertex 9.810000002384186 12.483133897185326 0.9
      vertex 9.810000002384186 12.483133897185326 1.5
      vertex 9.810000002384186 8.303076922893524 1.5
    endloop
  endfacet
  facet normal 0 0 1
    outer loop
      vertex 22.96701817959547 40.29999999701977 1.5
      vertex 21.151963643729687 29.33849411457777 1.5
      vertex 28.07398957014084 36.43017756193876 1.5
    endloop
  endfacet
  facet normal 0 0 1
    outer loop
      vertex 28.07398957014084 44.16982243955135 1.5
      vertex 21.151963643729687 51.261505886912346 1.5
      vertex 22.96701817959547 40.29999999701977 1.5
    endloop
  endfacet
  facet normal 0 0 1
    outer loop
      vertex 39 57.9167058840394 1.5
      vertex 32.04229090362787 50.08705881983042 1.5
      vertex 33.542569637298584 49.98211085796356 1.5
    endloop
  endfacet
  facet normal 0 0 1
    outer loop
      vertex 39 24.64070588350296 1.5
      vertex 42.9326181858778 31.295905880630016 1.5
      vertex 42.58681323379278 31.280474424362183 1.5
    endloop
  endfacet
  facet normal 0 0 1
    outer loop
      vertex 42.52950677275658 49.353453889489174 1.5
      vertex 43.23512727022171 49.3040941208601 1.5
      vertex 39 57.9167058840394 1.5
    endloop
  endfacet
  facet normal 0 0 1
    outer loop
      vertex 42.52950677275658 49.353453889489174 1.5
      vertex 39 57.9167058840394 1.5
      vertex 33.542569637298584 49.98211085796356 1.5
    endloop
  endfacet
  facet normal 0 0 1
    outer loop
      vertex 34.84515815228224 30.017560057342052 1.5
      vertex 39 24.64070588350296 1.5
      vertex 42.58681323379278 31.280474424362183 1.5
    endloop
  endfacet
  facet normal 0 0 1
    outer loop
      vertex 28.07398957014084 44.16982243955135 1.5
      vertex 22.96701817959547 40.29999999701977 1.5
      vertex 28.07398957014084 36.43017756193876 1.5
    endloop
  endfacet
  facet normal 0 0 1
    outer loop
      vertex 29.86422861367464 46.130456909537315 1.5
      vertex 28.07398957014084 44.16982243955135 1.5
      vertex 28.07398957014084 36.43017756193876 1.5
    endloop
  endfacet
  facet normal 0 0 1
    outer loop
      vertex 29.86422861367464 46.130456909537315 1.5
      vertex 28.07398957014084 36.43017756193876 1.5
      vertex 29.86422861367464 34.46954308450222 1.5
    endloop
  endfacet
  facet normal 0 0 1
    outer loop
      vertex 42.52950677275658 49.353453889489174 1.5
      vertex 33.542569637298584 49.98211085796356 1.5
      vertex 32.445503152906895 49.2839567810297 1.5
    endloop
  endfacet
  facet normal 0 0 1
    outer loop
      vertex 42.52950677275658 49.353453889489174 1.5
      vertex 32.445503152906895 49.2839567810297 1.5
      vertex 31.070267654955387 47.9402272105217 1.5
    endloop
  endfacet
  facet normal 0 0 1
    outer loop
      vertex 42.52950677275658 49.353453889489174 1.5
      vertex 31.070267654955387 47.9402272105217 1.5
      vertex 29.94164104759693 46.30288800597191 1.5
    endloop
  endfacet
  facet normal 0 0 1
    outer loop
      vertex 42.52950677275658 49.353453889489174 1.5
      vertex 29.94164104759693 46.30288800597191 1.5
      vertex 29.86422861367464 46.130456909537315 1.5
    endloop
  endfacet
  facet normal 0 0 1
    outer loop
      vertex 42.52950677275658 49.353453889489174 1.5
      vertex 29.86422861367464 46.130456909537315 1.5
      vertex 29.86422861367464 34.46954308450222 1.5
    endloop
  endfacet
  facet normal 0 0 1
    outer loop
      vertex 42.52950677275658 49.353453889489174 1.5
      vertex 29.86422861367464 34.46954308450222 1.5
      vertex 29.94164104759693 34.29711199551821 1.5
    endloop
  endfacet
  facet normal 0 0 1
    outer loop
      vertex 42.52950677275658 49.353453889489174 1.5
      vertex 29.94164104759693 34.29711199551821 1.5
      vertex 31.070267654955387 32.65977279096842 1.5
    endloop
  endfacet
  facet normal 0 0 1
    outer loop
      vertex 42.52950677275658 49.353453889489174 1.5
      vertex 31.070267654955387 32.65977279096842 1.5
      vertex 32.445503152906895 31.316043220460415 1.5
    endloop
  endfacet
  facet normal 0 0 1
    outer loop
      vertex 42.52950677275658 49.353453889489174 1.5
      vertex 32.445503152906895 31.316043220460415 1.5
      vertex 34.01449802517891 30.317562088370323 1.5
    endloop
  endfacet
  facet normal 0 0 1
    outer loop
      vertex 42.52950677275658 49.353453889489174 1.5
      vertex 34.01449802517891 30.317562088370323 1.5
      vertex 34.84515815228224 30.017560057342052 1.5
    endloop
  endfacet
  facet normal 0 0 1
    outer loop
      vertex 42.52950677275658 49.353453889489174 1.5
      vertex 34.84515815228224 30.017560057342052 1.5
      vertex 42.58681323379278 31.280474424362183 1.5
    endloop
  endfacet
  facet normal 0 0 1
    outer loop
      vertex 42.52950677275658 49.353453889489174 1.5
      vertex 42.58681323379278 31.280474424362183 1.5
      vertex 52.9340126439929 37.40653973072767 1.5
    endloop
  endfacet
  facet normal 0 0 1
    outer loop
      vertex 42.52950677275658 49.353453889489174 1.5
      vertex 52.9340126439929 37.40653973072767 1.5
      vertex 53.35241127759218 37.69595455378294 1.5
    endloop
  endfacet
  facet normal 0 0 1
    outer loop
      vertex 42.52950677275658 49.353453889489174 1.5
      vertex 53.35241127759218 37.69595455378294 1.5
      vertex 53.719140745699406 38.08544138818979 1.5
    endloop
  endfacet
  facet normal 0 0 1
    outer loop
      vertex 42.52950677275658 49.353453889489174 1.5
      vertex 53.719140745699406 38.08544138818979 1.5
      vertex 54.020107835531235 38.56003246456385 1.5
    endloop
  endfacet
  facet normal 0 0 1
    outer loop
      vertex 42.52950677275658 49.353453889489174 1.5
      vertex 54.020107835531235 38.56003246456385 1.5
      vertex 54.24374657124281 39.10148952156305 1.5
    endloop
  endfacet
  facet normal 0 0 1
    outer loop
      vertex 42.52950677275658 49.353453889489174 1.5
      vertex 54.24374657124281 39.10148952156305 1.5
      vertex 54.38146261870861 39.68900464475155 1.5
    endloop
  endfacet
  facet normal 0 0 1
    outer loop
      vertex 42.52950677275658 49.353453889489174 1.5
      vertex 54.38146261870861 39.68900464475155 1.5
      vertex 54.42796364426613 40.29999999701977 1.5
    endloop
  endfacet
  facet normal 0 0 1
    outer loop
      vertex 42.52950677275658 49.353453889489174 1.5
      vertex 54.42796364426613 40.29999999701977 1.5
      vertex 54.38146261870861 40.91099534928799 1.5
    endloop
  endfacet
  facet normal 0 0 1
    outer loop
      vertex 42.52950677275658 49.353453889489174 1.5
      vertex 54.38146261870861 40.91099534928799 1.5
      vertex 54.24374657124281 41.49851047992706 1.5
    endloop
  endfacet
  facet normal 0 0 1
    outer loop
      vertex 42.52950677275658 49.353453889489174 1.5
      vertex 54.24374657124281 41.49851047992706 1.5
      vertex 54.020107835531235 42.03996753692627 1.5
    endloop
  endfacet
  facet normal 0 0 1
    outer loop
      vertex 42.52950677275658 49.353453889489174 1.5
      vertex 54.020107835531235 42.03996753692627 1.5
      vertex 53.719140745699406 42.51455861330032 1.5
    endloop
  endfacet
  facet normal 0 0 1
    outer loop
      vertex 42.52950677275658 49.353453889489174 1.5
      vertex 53.719140745699406 42.51455861330032 1.5
      vertex 53.35241127759218 42.904045447707176 1.5
    endloop
  endfacet
  facet normal 0 0 1
    outer loop
      vertex 52.9340126439929 43.19346027076244 1.5
      vertex 42.52950677275658 49.353453889489174 1.5
      vertex 53.35241127759218 42.904045447707176 1.5
    endloop
  endfacet
  facet normal 0 0 1
    outer loop
      vertex 25.383304841816425 13.299999997019768 1.5
      vertex 23.300655268132687 13.299999997019768 1.5
      vertex 23.271713957190514 12.658421076834202 1.5
    endloop
  endfacet
  facet normal 0 0 1
    outer loop
      vertex 25.32298917323351 12.277102559804916 1.5
      vertex 25.383304841816425 13.299999997019768 1.5
      vertex 23.271713957190514 12.658421076834202 1.5
    endloop
  endfacet
  facet normal 0 0 1
    outer loop
      vertex 25.32298917323351 12.277102559804916 1.5
      vertex 23.271713957190514 12.658421076834202 1.5
      vertex 23.184890031814575 12.078402273356915 1.5
    endloop
  endfacet
  facet normal 0 0 1
    outer loop
      vertex 25.14204216748476 11.354757830500603 1.5
      vertex 25.32298917323351 12.277102559804916 1.5
      vertex 23.184890031814575 12.078402273356915 1.5
    endloop
  endfacet
  facet normal 0 0 1
    outer loop
      vertex 25.14204216748476 11.354757830500603 1.5
      vertex 23.184890031814575 12.078402273356915 1.5
      vertex 23.04018347710371 11.559943586587906 1.5
    endloop
  endfacet
  facet normal 0 0 1
    outer loop
      vertex 24.8404638171196 10.532965809106827 1.5
      vertex 25.14204216748476 11.354757830500603 1.5
      vertex 23.04018347710371 11.559943586587906 1.5
    endloop
  endfacet
  facet normal 0 0 1
    outer loop
      vertex 24.8404638171196 10.532965809106827 1.5
      vertex 23.04018347710371 11.559943586587906 1.5
      vertex 22.8375943005085 11.103045009076595 1.5
    endloop
  endfacet
  facet normal 0 0 1
    outer loop
      vertex 24.418254129588604 9.811726495623589 1.5
      vertex 24.8404638171196 10.532965809106827 1.5
      vertex 22.8375943005085 11.103045009076595 1.5
    endloop
  endfacet
  facet normal 0 0 1
    outer loop
      vertex 24.418254129588604 9.811726495623589 1.5
      vertex 22.8375943005085 11.103045009076595 1.5
      vertex 22.577122509479523 10.707706548273563 1.5
    endloop
  endfacet
  facet normal 0 0 1
    outer loop
      vertex 23.875413104891777 9.191039882600307 1.5
      vertex 24.418254129588604 9.811726495623589 1.5
      vertex 22.577122509479523 10.707706548273563 1.5
    endloop
  endfacet
  facet normal 0 0 1
    outer loop
      vertex 23.875413104891777 9.191039882600307 1.5
      vertex 22.577122509479523 10.707706548273563 1.5
      vertex 22.2647150978446 10.379639886319637 1.5
    endloop
  endfacet
  facet normal 0 0 1
    outer loop
      vertex 23.383402846753597 8.772583469748497 1.5
      vertex 23.875413104891777 9.191039882600307 1.5
      vertex 22.2647150978446 10.379639886319637 1.5
    endloop
  endfacet
  facet normal 0 0 1
    outer loop
      vertex 23.383402846753597 8.772583469748497 1.5
      vertex 22.2647150978446 10.379639886319637 1.5
      vertex 21.911743588745594 10.124476917088032 1.5
    endloop
  endfacet
  facet normal 0 0 1
    outer loop
      vertex 22.81079088151455 8.447117373347282 1.5
      vertex 23.383402846753597 8.772583469748497 1.5
      vertex 21.911743588745594 10.124476917088032 1.5
    endloop
  endfacet
  facet normal 0 0 1
    outer loop
      vertex 23.27157834917307 13.93926951289177 1.5
      vertex 23.300655268132687 13.299999997019768 1.5
      vertex 25.383304841816425 13.299999997019768 1.5
    endloop
  endfacet
  facet normal 0 0 1
    outer loop
      vertex 23.27157834917307 13.93926951289177 1.5
      vertex 25.383304841816425 13.299999997019768 1.5
      vertex 25.32298917323351 14.34022393077612 1.5
    endloop
  endfacet
  facet normal 0 0 1
    outer loop
      vertex 23.184347577393055 14.517784610390663 1.5
      vertex 23.27157834917307 13.93926951289177 1.5
      vertex 25.32298917323351 14.34022393077612 1.5
    endloop
  endfacet
  facet normal 0 0 1
    outer loop
      vertex 23.184347577393055 14.517784610390663 1.5
      vertex 25.32298917323351 14.34022393077612 1.5
      vertex 25.14204216748476 15.271231904625893 1.5
    endloop
  endfacet
  facet normal 0 0 1
    outer loop
      vertex 23.038962960243225 15.03554529696703 1.5
      vertex 23.184347577393055 14.517784610390663 1.5
      vertex 25.14204216748476 15.271231904625893 1.5
    endloop
  endfacet
  facet normal 0 0 1
    outer loop
      vertex 23.038962960243225 15.03554529696703 1.5
      vertex 25.14204216748476 15.271231904625893 1.5
      vertex 24.8404638171196 16.09302392601967 1.5
    endloop
  endfacet
  facet normal 0 0 1
    outer loop
      vertex 22.83542449772358 15.492551565170288 1.5
      vertex 23.038962960243225 15.03554529696703 1.5
      vertex 24.8404638171196 16.09302392601967 1.5
    endloop
  endfacet
  facet normal 0 0 1
    outer loop
      vertex 22.83542449772358 15.492551565170288 1.5
      vertex 24.8404638171196 16.09302392601967 1.5
      vertex 24.418254129588604 16.805599994957447 1.5
    endloop
  endfacet
  facet normal 0 0 1
    outer loop
      vertex 22.5737321972847 15.888803415000439 1.5
      vertex 22.83542449772358 15.492551565170288 1.5
      vertex 24.418254129588604 16.805599994957447 1.5
    endloop
  endfacet
  facet normal 0 0 1
    outer loop
      vertex 22.5737321972847 15.888803415000439 1.5
      vertex 24.418254129588604 16.805599994957447 1.5
      vertex 23.875413104891777 17.408960111439228 1.5
    endloop
  endfacet
  facet normal 0 0 1
    outer loop
      vertex 22.26254530251026 16.218126490712166 1.5
      vertex 22.5737321972847 15.888803415000439 1.5
      vertex 23.875413104891777 17.408960111439228 1.5
    endloop
  endfacet
  facet normal 0 0 1
    outer loop
      vertex 22.26254530251026 16.218126490712166 1.5
      vertex 23.875413104891777 17.408960111439228 1.5
      vertex 23.383402846753597 17.82741652429104 1.5
    endloop
  endfacet
  facet normal 0 0 1
    outer loop
      vertex 21.91052307933569 16.474266663193703 1.5
      vertex 22.26254530251026 16.218126490712166 1.5
      vertex 23.383402846753597 17.82741652429104 1.5
    endloop
  endfacet
  facet normal 0 0 1
    outer loop
      vertex 21.91052307933569 16.474266663193703 1.5
      vertex 23.383402846753597 17.82741652429104 1.5
      vertex 22.81079088151455 18.152882620692253 1.5
    endloop
  endfacet
  facet normal 0 0 1
    outer loop
      vertex 21.517665527760983 16.65722392499447 1.5
      vertex 21.91052307933569 16.474266663193703 1.5
      vertex 22.81079088151455 18.152882620692253 1.5
    endloop
  endfacet
  facet normal 0 0 1
    outer loop
      vertex 21.517665527760983 16.65722392499447 1.5
      vertex 22.81079088151455 18.152882620692253 1.5
      vertex 22.157577209174633 18.385358400642872 1.5
    endloop
  endfacet
  facet normal 0 0 1
    outer loop
      vertex 21.517665527760983 16.65722392499447 1.5
      vertex 22.157577209174633 18.385358400642872 1.5
      vertex 21.423761822283268 18.524843871593475 1.5
    endloop
  endfacet
  facet normal 0 0 1
    outer loop
      vertex 21.08397264778614 16.766998291015625 1.5
      vertex 21.517665527760983 16.65722392499447 1.5
      vertex 21.423761822283268 18.524843871593475 1.5
    endloop
  endfacet
  facet normal 0 0 1
    outer loop
      vertex 22.81079088151455 8.447117373347282 1.5
      vertex 21.911743588745594 10.124476917088032 1.5
      vertex 21.518207974731922 9.942217662930489 1.5
    endloop
  endfacet
  facet normal 0 0 1
    outer loop
      vertex 22.157577209174633 8.214641593396664 1.5
      vertex 22.81079088151455 8.447117373347282 1.5
      vertex 21.518207974731922 9.942217662930489 1.5
    endloop
  endfacet
  facet normal 0 0 1
    outer loop
      vertex 21.423761822283268 8.07515612244606 1.5
      vertex 22.157577209174633 8.214641593396664 1.5
      vertex 21.518207974731922 9.942217662930489 1.5
    endloop
  endfacet
  facet normal 0 0 1
    outer loop
      vertex 21.423761822283268 8.07515612244606 1.5
      vertex 21.518207974731922 9.942217662930489 1.5
      vertex 21.084108263254166 9.832862108945847 1.5
    endloop
  endfacet
  facet normal 0 0 1
    outer loop
      vertex 20.609344728291035 8.028660967946053 1.5
      vertex 21.423761822283268 8.07515612244606 1.5
      vertex 21.084108263254166 9.832862108945847 1.5
    endloop
  endfacet
  facet normal 0 0 1
    outer loop
      vertex 20.609344728291035 8.028660967946053 1.5
      vertex 21.084108263254166 9.832862108945847 1.5
      vertex 20.609444446861744 9.796410255134106 1.5
    endloop
  endfacet
  facet normal 0 0 1
    outer loop
      vertex 21.08397264778614 16.766998291015625 1.5
      vertex 21.423761822283268 18.524843871593475 1.5
      vertex 20.609344728291035 18.571339026093483 1.5
    endloop
  endfacet
  facet normal 0 0 1
    outer loop
      vertex 20.609444446861744 16.80358973890543 1.5
      vertex 21.08397264778614 16.766998291015625 1.5
      vertex 20.609344728291035 18.571339026093483 1.5
    endloop
  endfacet
  facet normal 0 0 1
    outer loop
      vertex 20.609344728291035 8.028660967946053 1.5
      vertex 20.609444446861744 9.796410255134106 1.5
      vertex 20.134473502635956 9.832862108945847 1.5
    endloop
  endfacet
  facet normal 0 0 1
    outer loop
      vertex 19.794963531196117 8.07515612244606 1.5
      vertex 20.609344728291035 8.028660967946053 1.5
      vertex 20.134473502635956 9.832862108945847 1.5
    endloop
  endfacet
  facet normal 0 0 1
    outer loop
      vertex 19.794963531196117 8.07515612244606 1.5
      vertex 20.134473502635956 9.832862108945847 1.5
      vertex 19.699532195925713 9.942217662930489 1.5
    endloop
  endfacet
  facet normal 0 0 1
    outer loop
      vertex 19.06117606908083 8.214641593396664 1.5
      vertex 19.794963531196117 8.07515612244606 1.5
      vertex 19.699532195925713 9.942217662930489 1.5
    endloop
  endfacet
  facet normal 0 0 1
    outer loop
      vertex 18.40798233449459 8.447117373347282 1.5
      vertex 19.06117606908083 8.214641593396664 1.5
      vertex 19.699532195925713 9.942217662930489 1.5
    endloop
  endfacet
  facet normal 0 0 1
    outer loop
      vertex 18.40798233449459 8.447117373347282 1.5
      vertex 19.699532195925713 9.942217662930489 1.5
      vertex 19.304620511829853 10.124476917088032 1.5
    endloop
  endfacet
  facet normal 0 0 1
    outer loop
      vertex 17.83538233488798 8.772583469748497 1.5
      vertex 18.40798233449459 8.447117373347282 1.5
      vertex 19.304620511829853 10.124476917088032 1.5
    endloop
  endfacet
  facet normal 0 0 1
    outer loop
      vertex 17.83538233488798 8.772583469748497 1.5
      vertex 19.304620511829853 10.124476917088032 1.5
      vertex 18.94973846524954 10.379639886319637 1.5
    endloop
  endfacet
  facet normal 0 0 1
    outer loop
      vertex 17.343376070261 9.191039882600307 1.5
      vertex 17.83538233488798 8.772583469748497 1.5
      vertex 18.94973846524954 10.379639886319637 1.5
    endloop
  endfacet
  facet normal 0 0 1
    outer loop
      vertex 17.343376070261 9.191039882600307 1.5
      vertex 18.94973846524954 10.379639886319637 1.5
      vertex 18.634886041283607 10.707706548273563 1.5
    endloop
  endfacet
  facet normal 0 0 1
    outer loop
      vertex 16.798094019293785 9.811726495623589 1.5
      vertex 17.343376070261 9.191039882600307 1.5
      vertex 18.634886041283607 10.707706548273563 1.5
    endloop
  endfacet
  facet normal 0 0 1
    outer loop
      vertex 16.798094019293785 9.811726495623589 1.5
      vertex 18.634886041283607 10.707706548273563 1.5
      vertex 18.369568094611168 11.103045009076595 1.5
    endloop
  endfacet
  facet normal 0 0 1
    outer loop
      vertex 16.37398575246334 10.532965809106827 1.5
      vertex 16.798094019293785 9.811726495623589 1.5
      vertex 18.369568094611168 11.103045009076595 1.5
    endloop
  endfacet
  facet normal 0 0 1
    outer loop
      vertex 16.37398575246334 10.532965809106827 1.5
      vertex 18.369568094611168 11.103045009076595 1.5
      vertex 18.163209684193134 11.559943586587906 1.5
    endloop
  endfacet
  facet normal 0 0 1
    outer loop
      vertex 16.07105128467083 11.354757830500603 1.5
      vertex 16.37398575246334 10.532965809106827 1.5
      vertex 18.163209684193134 11.559943586587906 1.5
    endloop
  endfacet
  facet normal 0 0 1
    outer loop
      vertex 16.07105128467083 11.354757830500603 1.5
      vertex 18.163209684193134 11.559943586587906 1.5
      vertex 18.015810824930668 12.078402273356915 1.5
    endloop
  endfacet
  facet normal 0 0 1
    outer loop
      vertex 15.889290601015091 12.277102559804916 1.5
      vertex 16.07105128467083 11.354757830500603 1.5
      vertex 18.015810824930668 12.078402273356915 1.5
    endloop
  endfacet
  facet normal 0 0 1
    outer loop
      vertex 15.889290601015091 12.277102559804916 1.5
      vertex 18.015810824930668 12.078402273356915 1.5
      vertex 17.927371509373188 12.658421076834202 1.5
    endloop
  endfacet
  facet normal 0 0 1
    outer loop
      vertex 15.828703701496124 13.299999997019768 1.5
      vertex 15.889290601015091 12.277102559804916 1.5
      vertex 17.927371509373188 12.658421076834202 1.5
    endloop
  endfacet
  facet normal 0 0 1
    outer loop
      vertex 15.828703701496124 13.299999997019768 1.5
      vertex 17.927371509373188 12.658421076834202 1.5
      vertex 17.897891737520695 13.299999997019768 1.5
    endloop
  endfacet
  facet normal 0 0 1
    outer loop
      vertex 15.828703701496124 13.299999997019768 1.5
      vertex 17.897891737520695 13.299999997019768 1.5
      vertex 17.927371509373188 13.941574923694134 1.5
    endloop
  endfacet
  facet normal 0 0 1
    outer loop
      vertex 15.889290601015091 14.34022393077612 1.5
      vertex 15.828703701496124 13.299999997019768 1.5
      vertex 17.927371509373188 13.941574923694134 1.5
    endloop
  endfacet
  facet normal 0 0 1
    outer loop
      vertex 15.889290601015091 14.34022393077612 1.5
      vertex 17.927371509373188 13.941574923694134 1.5
      vertex 18.015810824930668 14.521581761538982 1.5
    endloop
  endfacet
  facet normal 0 0 1
    outer loop
      vertex 16.07105128467083 15.271231904625893 1.5
      vertex 15.889290601015091 14.34022393077612 1.5
      vertex 18.015810824930668 14.521581761538982 1.5
    endloop
  endfacet
  facet normal 0 0 1
    outer loop
      vertex 16.07105128467083 15.271231904625893 1.5
      vertex 18.015810824930668 14.521581761538982 1.5
      vertex 18.163209684193134 15.040020510554314 1.5
    endloop
  endfacet
  facet normal 0 0 1
    outer loop
      vertex 16.37398575246334 16.09302392601967 1.5
      vertex 16.07105128467083 15.271231904625893 1.5
      vertex 18.163209684193134 15.040020510554314 1.5
    endloop
  endfacet
  facet normal 0 0 1
    outer loop
      vertex 16.37398575246334 16.09302392601967 1.5
      vertex 18.163209684193134 15.040020510554314 1.5
      vertex 18.369568094611168 15.496891163289547 1.5
    endloop
  endfacet
  facet normal 0 0 1
    outer loop
      vertex 16.798094019293785 16.805599994957447 1.5
      vertex 16.37398575246334 16.09302392601967 1.5
      vertex 18.369568094611168 15.496891163289547 1.5
    endloop
  endfacet
  facet normal 0 0 1
    outer loop
      vertex 16.798094019293785 16.805599994957447 1.5
      vertex 18.369568094611168 15.496891163289547 1.5
      vertex 18.634886041283607 15.892193727195263 1.5
    endloop
  endfacet
  facet normal 0 0 1
    outer loop
      vertex 17.343376070261 17.408960111439228 1.5
      vertex 16.798094019293785 16.805599994957447 1.5
      vertex 18.634886041283607 15.892193727195263 1.5
    endloop
  endfacet
  facet normal 0 0 1
    outer loop
      vertex 17.343376070261 17.408960111439228 1.5
      vertex 18.634886041283607 15.892193727195263 1.5
      vertex 18.94973846524954 16.220296293497086 1.5
    endloop
  endfacet
  facet normal 0 0 1
    outer loop
      vertex 17.83538233488798 17.82741652429104 1.5
      vertex 17.343376070261 17.408960111439228 1.5
      vertex 18.94973846524954 16.220296293497086 1.5
    endloop
  endfacet
  facet normal 0 0 1
    outer loop
      vertex 17.83538233488798 17.82741652429104 1.5
      vertex 18.94973846524954 16.220296293497086 1.5
      vertex 19.304620511829853 16.475487180054188 1.5
    endloop
  endfacet
  facet normal 0 0 1
    outer loop
      vertex 18.40798233449459 18.152882620692253 1.5
      vertex 17.83538233488798 17.82741652429104 1.5
      vertex 19.304620511829853 16.475487180054188 1.5
    endloop
  endfacet
  facet normal 0 0 1
    outer loop
      vertex 18.40798233449459 18.152882620692253 1.5
      vertex 19.304620511829853 16.475487180054188 1.5
      vertex 19.699532195925713 16.65776637941599 1.5
    endloop
  endfacet
  facet normal 0 0 1
    outer loop
      vertex 19.06117606908083 18.385358400642872 1.5
      vertex 18.40798233449459 18.152882620692253 1.5
      vertex 19.699532195925713 16.65776637941599 1.5
    endloop
  endfacet
  facet normal 0 0 1
    outer loop
      vertex 19.794963531196117 18.524843871593475 1.5
      vertex 19.06117606908083 18.385358400642872 1.5
      vertex 19.699532195925713 16.65776637941599 1.5
    endloop
  endfacet
  facet normal 0 0 1
    outer loop
      vertex 19.794963531196117 18.524843871593475 1.5
      vertex 19.699532195925713 16.65776637941599 1.5
      vertex 20.134473502635956 16.76713389903307 1.5
    endloop
  endfacet
  facet normal 0 0 1
    outer loop
      vertex 20.609344728291035 18.571339026093483 1.5
      vertex 19.794963531196117 18.524843871593475 1.5
      vertex 20.134473502635956 16.76713389903307 1.5
    endloop
  endfacet
  facet normal 0 0 1
    outer loop
      vertex 20.609444446861744 16.80358973890543 1.5
      vertex 20.609344728291035 18.571339026093483 1.5
      vertex 20.134473502635956 16.76713389903307 1.5
    endloop
  endfacet
  facet normal 0 0 1
    outer loop
      vertex 35.12466837465763 14.865562960505486 1.5
      vertex 35.167673505842686 15.146847292780876 1.5
      vertex 33.09257834404707 15.14762108027935 1.5
    endloop
  endfacet
  facet normal 0 0 1
    outer loop
      vertex 27.020327635109425 8.303076922893524 1.5
      vertex 29.0557122528553 8.303076922893524 1.5
      vertex 29.0557122528553 12.208717942237854 1.5
    endloop
  endfacet
  facet normal 0 0 1
    outer loop
      vertex 35.05299316346645 14.586161248385906 1.5
      vertex 35.12466837465763 14.865562960505486 1.5
      vertex 33.09257834404707 15.14762108027935 1.5
    endloop
  endfacet
  facet normal 0 0 1
    outer loop
      vertex 35.05299316346645 14.586161248385906 1.5
      vertex 33.09257834404707 15.14762108027935 1.5
      vertex 33.06769344955683 14.834100849926472 1.5
    endloop
  endfacet
  facet normal 0 0 1
    outer loop
      vertex 34.95264786481857 14.308642163872719 1.5
      vertex 35.05299316346645 14.586161248385906 1.5
      vertex 33.06769344955683 14.834100849926472 1.5
    endloop
  endfacet
  facet normal 0 0 1
    outer loop
      vertex 34.82363247871399 14.033005692064762 1.5
      vertex 34.95264786481857 14.308642163872719 1.5
      vertex 33.06769344955683 14.834100849926472 1.5
    endloop
  endfacet
  facet normal 0 0 1
    outer loop
      vertex 33.09257834404707 15.14762108027935 1.5
      vertex 35.167673505842686 15.146847292780876 1.5
      vertex 35.18200854957104 15.430014245212078 1.5
    endloop
  endfacet
  facet normal 0 0 1
    outer loop
      vertex 33.06850712001324 15.486596576869488 1.5
      vertex 33.09257834404707 15.14762108027935 1.5
      vertex 35.18200854957104 15.430014245212078 1.5
    endloop
  endfacet
  facet normal 0 0 1
    outer loop
      vertex 33.06850712001324 15.486596576869488 1.5
      vertex 35.18200854957104 15.430014245212078 1.5
      vertex 35.174434185028076 15.660316236317158 1.5
    endloop
  endfacet
  facet normal 0 0 1
    outer loop
      vertex 33.06850712001324 15.486596576869488 1.5
      vertex 35.174434185028076 15.660316236317158 1.5
      vertex 35.151711113750935 15.880327634513378 1.5
    endloop
  endfacet
  facet normal 0 0 1
    outer loop
      vertex 33.06850712001324 15.486596576869488 1.5
      vertex 35.151711113750935 15.880327634513378 1.5
      vertex 35.11383931338787 16.09004843235016 1.5
    endloop
  endfacet
  facet normal 0 0 1
    outer loop
      vertex 32.99629344791174 15.777916237711906 1.5
      vertex 33.06850712001324 15.486596576869488 1.5
      vertex 35.11383931338787 16.09004843235016 1.5
    endloop
  endfacet
  facet normal 0 0 1
    outer loop
      vertex 32.99629344791174 15.777916237711906 1.5
      vertex 35.11383931338787 16.09004843235016 1.5
      vertex 35.06081880629063 16.2894786298275 1.5
    endloop
  endfacet
  facet normal 0 0 1
    outer loop
      vertex 32.99629344791174 15.777916237711906 1.5
      vertex 35.06081880629063 16.2894786298275 1.5
      vertex 34.99264957010746 16.4786182269454 1.5
    endloop
  endfacet
  facet normal 0 0 1
    outer loop
      vertex 32.99629344791174 15.777916237711906 1.5
      vertex 34.99264957010746 16.4786182269454 1.5
      vertex 34.91153333336115 16.659401707351208 1.5
    endloop
  endfacet
  facet normal 0 0 1
    outer loop
      vertex 32.99629344791174 15.777916237711906 1.5
      vertex 34.91153333336115 16.659401707351208 1.5
      vertex 34.8195920214057 16.833683758974075 1.5
    endloop
  endfacet
  facet normal 0 0 1
    outer loop
      vertex 32.99629344791174 15.777916237711906 1.5
      vertex 34.8195920214057 16.833683758974075 1.5
      vertex 34.716825641691685 17.001464381814003 1.5
    endloop
  endfacet
  facet normal 0 0 1
    outer loop
      vertex 32.875937320291996 16.021580055356026 1.5
      vertex 32.99629344791174 15.777916237711906 1.5
      vertex 34.716825641691685 17.001464381814003 1.5
    endloop
  endfacet
  facet normal 0 0 1
    outer loop
      vertex 32.875937320291996 16.021580055356026 1.5
      vertex 34.716825641691685 17.001464381814003 1.5
      vertex 34.60323418676853 17.16274358332157 1.5
    endloop
  endfacet
  facet normal 0 0 1
    outer loop
      vertex 32.875937320291996 16.021580055356026 1.5
      vertex 34.60323418676853 17.16274358332157 1.5
      vertex 34.47881766408682 17.31752136349678 1.5
    endloop
  endfacet
  facet normal 0 0 1
    outer loop
      vertex 32.875937320291996 16.021580055356026 1.5
      vertex 34.47881766408682 17.31752136349678 1.5
      vertex 34.31504558771849 17.49258518218994 1.5
    endloop
  endfacet
  facet normal 0 0 1
    outer loop
      vertex 32.70743874460459 16.217588029801846 1.5
      vertex 32.875937320291996 16.021580055356026 1.5
      vertex 34.31504558771849 17.49258518218994 1.5
    endloop
  endfacet
  facet normal 0 0 1
    outer loop
      vertex 32.70743874460459 16.217588029801846 1.5
      vertex 34.31504558771849 17.49258518218994 1.5
      vertex 34.137472935020924 17.6497880294919 1.5
    endloop
  endfacet
  facet normal 0 0 1
    outer loop
      vertex 32.70743874460459 16.217588029801846 1.5
      vertex 34.137472935020924 17.6497880294919 1.5
      vertex 33.94609971344471 17.78912991285324 1.5
    endloop
  endfacet
  facet normal 0 0 1
    outer loop
      vertex 32.70743874460459 16.217588029801846 1.5
      vertex 33.94609971344471 17.78912991285324 1.5
      vertex 33.740925922989845 17.91061082482338 1.5
    endloop
  endfacet
  facet normal 0 0 1
    outer loop
      vertex 32.70743874460459 16.217588029801846 1.5
      vertex 33.740925922989845 17.91061082482338 1.5
      vertex 33.52195156365633 18.014230765402317 1.5
    endloop
  endfacet
  facet normal 0 0 1
    outer loop
      vertex 32.490797720849514 16.365940168499947 1.5
      vertex 32.70743874460459 16.217588029801846 1.5
      vertex 33.52195156365633 18.014230765402317 1.5
    endloop
  endfacet
  facet normal 0 0 1
    outer loop
      vertex 32.490797720849514 16.365940168499947 1.5
      vertex 33.52195156365633 18.014230765402317 1.5
      vertex 33.27677606791258 18.10030084848404 1.5
    endloop
  endfacet
  facet normal 0 0 1
    outer loop
      vertex 32.490797720849514 16.365940168499947 1.5
      vertex 33.27677606791258 18.10030084848404 1.5
      vertex 32.99291908740997 18.16905242204666 1.5
    endloop
  endfacet
  facet normal 0 0 1
    outer loop
      vertex 32.34202279150486 16.429299145936966 1.5
      vertex 32.490797720849514 16.365940168499947 1.5
      vertex 32.99291908740997 18.16905242204666 1.5
    endloop
  endfacet
  facet normal 0 0 1
    outer loop
      vertex 32.34202279150486 16.429299145936966 1.5
      vertex 32.99291908740997 18.16905242204666 1.5
      vertex 32.670380629599094 18.22048546373844 1.5
    endloop
  endfacet
  facet normal 0 0 1
    outer loop
      vertex 32.16620513051748 16.478578343987465 1.5
      vertex 32.34202279150486 16.429299145936966 1.5
      vertex 32.670380629599094 18.22048546373844 1.5
    endloop
  endfacet
  facet normal 0 0 1
    outer loop
      vertex 32.16620513051748 16.478578343987465 1.5
      vertex 32.670380629599094 18.22048546373844 1.5
      vertex 32.30916068702936 18.25459999591112 1.5
    endloop
  endfacet
  facet normal 0 0 1
    outer loop
      vertex 31.963344730436802 16.513777777552605 1.5
      vertex 32.16620513051748 16.478578343987465 1.5
      vertex 32.30916068702936 18.25459999591112 1.5
    endloop
  endfacet
  facet normal 0 0 1
    outer loop
      vertex 31.963344730436802 16.513777777552605 1.5
      vertex 32.30916068702936 18.25459999591112 1.5
      vertex 31.909259259700775 18.27139601111412 1.5
    endloop
  endfacet
  facet normal 0 0 1
    outer loop
      vertex 31.733441598713398 16.534897431731224 1.5
      vertex 31.963344730436802 16.513777777552605 1.5
      vertex 31.909259259700775 18.27139601111412 1.5
    endloop
  endfacet
  facet normal 0 0 1
    outer loop
      vertex 34.82363247871399 14.033005692064762 1.5
      vertex 33.06769344955683 14.834100849926472 1.5
      vertex 32.99303874373436 14.564981766045094 1.5
    endloop
  endfacet
  facet normal 0 0 1
    outer loop
      vertex 31.47649572789669 16.541937321424484 1.5
      vertex 31.733441598713398 16.534897431731224 1.5
      vertex 31.909259259700775 18.27139601111412 1.5
    endloop
  endfacet
  facet normal 0 0 1
    outer loop
      vertex 34.66161937266588 13.774452418088913 1.5
      vertex 34.82363247871399 14.033005692064762 1.5
      vertex 32.99303874373436 14.564981766045094 1.5
    endloop
  endfacet
  facet normal 0 0 1
    outer loop
      vertex 34.46228091418743 13.548103131353855 1.5
      vertex 34.66161937266588 13.774452418088913 1.5
      vertex 32.99303874373436 14.564981766045094 1.5
    endloop
  endfacet
  facet normal 0 0 1
    outer loop
      vertex 34.225617095828056 13.353957831859589 1.5
      vertex 34.46228091418743 13.548103131353855 1.5
      vertex 32.99303874373436 14.564981766045094 1.5
    endloop
  endfacet
  facet normal 0 0 1
    outer loop
      vertex 34.225617095828056 13.353957831859589 1.5
      vertex 32.99303874373436 14.564981766045094 1.5
      vertex 32.86861424148083 14.340263813734055 1.5
    endloop
  endfacet
  facet normal 0 0 1
    outer loop
      vertex 33.95162791758776 13.192016519606113 1.5
      vertex 34.225617095828056 13.353957831859589 1.5
      vertex 32.86861424148083 14.340263813734055 1.5
    endloop
  endfacet
  facet normal 0 0 1
    outer loop
      vertex 33.640313386917114 13.06227920204401 1.5
      vertex 33.95162791758776 13.192016519606113 1.5
      vertex 32.86861424148083 14.340263813734055 1.5
    endloop
  endfacet
  facet normal 0 0 1
    outer loop
      vertex 33.640313386917114 13.06227920204401 1.5
      vertex 32.86861424148083 14.340263813734055 1.5
      vertex 32.69441994279623 14.159947007894516 1.5
    endloop
  endfacet
  facet normal 0 0 1
    outer loop
      vertex 33.640313386917114 13.06227920204401 1.5
      vertex 32.69441994279623 14.159947007894516 1.5
      vertex 32.47045584022999 14.024031333625317 1.5
    endloop
  endfacet
  facet normal 0 0 1
    outer loop
      vertex 29.0557122528553 16.541937321424484 1.5
      vertex 31.47649572789669 16.541937321424484 1.5
      vertex 31.909259259700775 18.27139601111412 1.5
    endloop
  endfacet
  facet normal 0 0 1
    outer loop
      vertex 29.0557122528553 16.541937321424484 1.5
      vertex 31.909259259700775 18.27139601111412 1.5
      vertex 27.020327635109425 18.27139601111412 1.5
    endloop
  endfacet
  facet normal 0 0 1
    outer loop
      vertex 33.00952364504337 8.430365242064 1.5
      vertex 33.04521367698908 8.303076922893524 1.5
      vertex 35.33756410330534 8.303076922893524 1.5
    endloop
  endfacet
  facet normal 0 0 1
    outer loop
      vertex 32.97815726697445 8.547386892139912 1.5
      vertex 33.00952364504337 8.430365242064 1.5
      vertex 35.33756410330534 8.303076922893524 1.5
    endloop
  endfacet
  facet normal 0 0 1
    outer loop
      vertex 32.951114527881145 8.654141880571842 1.5
      vertex 32.97815726697445 8.547386892139912 1.5
      vertex 35.33756410330534 8.303076922893524 1.5
    endloop
  endfacet
  facet normal 0 0 1
    outer loop
      vertex 32.92839544266462 8.75063019990921 1.5
      vertex 32.951114527881145 8.654141880571842 1.5
      vertex 35.33756410330534 8.303076922893524 1.5
    endloop
  endfacet
  facet normal 0 0 1
    outer loop
      vertex 32.90999999642372 8.836851850152016 1.5
      vertex 32.92839544266462 8.75063019990921 1.5
      vertex 35.33756410330534 8.303076922893524 1.5
    endloop
  endfacet
  facet normal 0 0 1
    outer loop
      vertex 32.90999999642372 8.836851850152016 1.5
      vertex 35.33756410330534 8.303076922893524 1.5
      vertex 35.33756410330534 8.553162388503551 1.5
    endloop
  endfacet
  facet normal 0 0 1
    outer loop
      vertex 32.90999999642372 8.836851850152016 1.5
      vertex 35.33756410330534 8.553162388503551 1.5
      vertex 35.22719942778349 8.63430256396532 1.5
    endloop
  endfacet
  facet normal 0 0 1
    outer loop
      vertex 32.90999999642372 8.836851850152016 1.5
      vertex 35.22719942778349 8.63430256396532 1.5
      vertex 35.13414529711008 8.731660395860672 1.5
    endloop
  endfacet
  facet normal 0 0 1
    outer loop
      vertex 32.90999999642372 8.836851850152016 1.5
      vertex 35.13414529711008 8.731660395860672 1.5
      vertex 35.058401711285114 8.845235891640186 1.5
    endloop
  endfacet
  facet normal 0 0 1
    outer loop
      vertex 32.90999999642372 8.836851850152016 1.5
      vertex 35.058401711285114 8.845235891640186 1.5
      vertex 34.99996866285801 8.975029058754444 1.5
    endloop
  endfacet
  facet normal 0 0 1
    outer loop
      vertex 32.90999999642372 8.836851850152016 1.5
      vertex 34.99996866285801 8.975029058754444 1.5
      vertex 34.958846151828766 9.121039882302284 1.5
    endloop
  endfacet
  facet normal 0 0 1
    outer loop
      vertex 32.90999999642372 8.836851850152016 1.5
      vertex 34.958846151828766 9.121039882302284 1.5
      vertex 34.93938974291086 9.235975496470928 1.5
    endloop
  endfacet
  facet normal 0 0 1
    outer loop
      vertex 32.880544155836105 9.005262672901154 1.5
      vertex 32.90999999642372 8.836851850152016 1.5
      vertex 34.93938974291086 9.235975496470928 1.5
    endloop
  endfacet
  facet normal 0 0 1
    outer loop
      vertex 32.880544155836105 9.005262672901154 1.5
      vertex 34.93938974291086 9.235975496470928 1.5
      vertex 34.92425698041916 9.386058688163757 1.5
    endloop
  endfacet
  facet normal 0 0 1
    outer loop
      vertex 32.85703133791685 9.175292871892452 1.5
      vertex 32.880544155836105 9.005262672901154 1.5
      vertex 34.92425698041916 9.386058688163757 1.5
    endloop
  endfacet
  facet normal 0 0 1
    outer loop
      vertex 32.83946153521538 9.346942447125912 1.5
      vertex 32.85703133791685 9.175292871892452 1.5
      vertex 34.92425698041916 9.386058688163757 1.5
    endloop
  endfacet
  facet normal 0 0 1
    outer loop
      vertex 32.83946153521538 9.346942447125912 1.5
      vertex 34.92425698041916 9.386058688163757 1.5
      vertex 34.91344786435366 9.571289457380772 1.5
    endloop
  endfacet
  facet normal 0 0 1
    outer loop
      vertex 32.827834755182266 9.520211391150951 1.5
      vertex 32.83946153521538 9.346942447125912 1.5
      vertex 34.91344786435366 9.571289457380772 1.5
    endloop
  endfacet
  facet normal 0 0 1
    outer loop
      vertex 32.827834755182266 9.520211391150951 1.5
      vertex 34.91344786435366 9.571289457380772 1.5
      vertex 34.906962394714355 9.791667804121971 1.5
    endloop
  endfacet
  facet normal 0 0 1
    outer loop
      vertex 32.822150997817516 9.695099711418152 1.5
      vertex 32.827834755182266 9.520211391150951 1.5
      vertex 34.906962394714355 9.791667804121971 1.5
    endloop
  endfacet
  facet normal 0 0 1
    outer loop
      vertex 32.822150997817516 9.695099711418152 1.5
      vertex 34.906962394714355 9.791667804121971 1.5
      vertex 34.904800571501255 10.047193728387356 1.5
    endloop
  endfacet
  facet normal 0 0 1
    outer loop
      vertex 32.80858974158764 10.620754979550838 1.5
      vertex 32.822150997817516 9.695099711418152 1.5
      vertex 34.904800571501255 10.047193728387356 1.5
    endloop
  endfacet
  facet normal 0 0 1
    outer loop
      vertex 32.80858974158764 10.620754979550838 1.5
      vertex 34.904800571501255 10.047193728387356 1.5
      vertex 34.904800571501255 10.716481477022171 1.5
    endloop
  endfacet
  facet normal 0 0 1
    outer loop
      vertex 32.79035384953022 10.976458683609962 1.5
      vertex 32.80858974158764 10.620754979550838 1.5
      vertex 34.904800571501255 10.716481477022171 1.5
    endloop
  endfacet
  facet normal 0 0 1
    outer loop
      vertex 32.79035384953022 10.976458683609962 1.5
      vertex 34.904800571501255 10.716481477022171 1.5
      vertex 34.89330541342497 11.11410541087389 1.5
    endloop
  endfacet
  facet normal 0 0 1
    outer loop
      vertex 32.79035384953022 10.976458683609962 1.5
      vertex 34.89330541342497 11.11410541087389 1.5
      vertex 34.85881994664669 11.468732193112373 1.5
    endloop
  endfacet
  facet normal 0 0 1
    outer loop
      vertex 32.74641538411379 11.281347572803497 1.5
      vertex 32.79035384953022 10.976458683609962 1.5
      vertex 34.85881994664669 11.468732193112373 1.5
    endloop
  endfacet
  facet normal 0 0 1
    outer loop
      vertex 32.74641538411379 11.281347572803497 1.5
      vertex 34.85881994664669 11.468732193112373 1.5
      vertex 34.80134415626526 11.780361823737621 1.5
    endloop
  endfacet
  facet normal 0 0 1
    outer loop
      vertex 32.74641538411379 11.281347572803497 1.5
      vertex 34.80134415626526 11.780361823737621 1.5
      vertex 34.720878064632416 12.048994295299053 1.5
    endloop
  endfacet
  facet normal 0 0 1
    outer loop
      vertex 32.676774360239506 11.535421647131443 1.5
      vertex 32.74641538411379 11.281347572803497 1.5
      vertex 34.720878064632416 12.048994295299053 1.5
    endloop
  endfacet
  facet normal 0 0 1
    outer loop
      vertex 32.676774360239506 11.535421647131443 1.5
      vertex 34.720878064632416 12.048994295299053 1.5
      vertex 34.61742164939642 12.27462963014841 1.5
    endloop
  endfacet
  facet normal 0 0 1
    outer loop
      vertex 32.676774360239506 11.535421647131443 1.5
      vertex 34.61742164939642 12.27462963014841 1.5
      vertex 34.48637606948614 12.46947692334652 1.5
    endloop
  endfacet
  facet normal 0 0 1
    outer loop
      vertex 32.676774360239506 11.535421647131443 1.5
      vertex 34.48637606948614 12.46947692334652 1.5
      vertex 34.32314244657755 12.645665526390076 1.5
    endloop
  endfacet
  facet normal 0 0 1
    outer loop
      vertex 32.676774360239506 11.535421647131443 1.5
      vertex 34.32314244657755 12.645665526390076 1.5
      vertex 34.127720795571804 12.80319543927908 1.5
    endloop
  endfacet
  facet normal 0 0 1
    outer loop
      vertex 32.676774360239506 11.535421647131443 1.5
      vertex 34.127720795571804 12.80319543927908 1.5
      vertex 33.900111109018326 12.94206666201353 1.5
    endloop
  endfacet
  facet normal 0 0 1
    outer loop
      vertex 32.58143077045679 11.7386809065938 1.5
      vertex 32.676774360239506 11.535421647131443 1.5
      vertex 33.900111109018326 12.94206666201353 1.5
    endloop
  endfacet
  facet normal 0 0 1
    outer loop
      vertex 32.58143077045679 11.7386809065938 1.5
      vertex 33.900111109018326 12.94206666201353 1.5
      vertex 33.640313386917114 13.06227920204401 1.5
    endloop
  endfacet
  facet normal 0 0 1
    outer loop
      vertex 32.460384614765644 11.891125351190567 1.5
      vertex 32.58143077045679 11.7386809065938 1.5
      vertex 33.640313386917114 13.06227920204401 1.5
    endloop
  endfacet
  facet normal 0 0 1
    outer loop
      vertex 32.30309401452541 12.005458682775497 1.5
      vertex 32.460384614765644 11.891125351190567 1.5
      vertex 33.640313386917114 13.06227920204401 1.5
    endloop
  endfacet
  facet normal 0 0 1
    outer loop
      vertex 32.30309401452541 12.005458682775497 1.5
      vertex 33.640313386917114 13.06227920204401 1.5
      vertex 32.47045584022999 14.024031333625317 1.5
    endloop
  endfacet
  facet normal 0 0 1
    outer loop
      vertex 32.30309401452541 12.005458682775497 1.5
      vertex 32.47045584022999 14.024031333625317 1.5
      vertex 32.31575384736061 13.965554416179657 1.5
    endloop
  endfacet
  facet normal 0 0 1
    outer loop
      vertex 32.09901709109545 12.094384610652924 1.5
      vertex 32.30309401452541 12.005458682775497 1.5
      vertex 32.31575384736061 13.965554416179657 1.5
    endloop
  endfacet
  facet normal 0 0 1
    outer loop
      vertex 32.09901709109545 12.094384610652924 1.5
      vertex 32.31575384736061 13.965554416179657 1.5
      vertex 32.13292421400547 13.920072361826897 1.5
    endloop
  endfacet
  facet normal 0 0 1
    outer loop
      vertex 31.848153844475746 12.157903127372265 1.5
      vertex 32.09901709109545 12.094384610652924 1.5
      vertex 32.13292421400547 13.920072361826897 1.5
    endloop
  endfacet
  facet normal 0 0 1
    outer loop
      vertex 31.848153844475746 12.157903127372265 1.5
      vertex 32.13292421400547 13.920072361826897 1.5
      vertex 31.921966955065727 13.887585185468197 1.5
    endloop
  endfacet
  facet normal 0 0 1
    outer loop
      vertex 31.848153844475746 12.157903127372265 1.5
      vertex 31.921966955065727 13.887585185468197 1.5
      vertex 31.68288204818964 13.868092872202396 1.5
    endloop
  endfacet
  facet normal 0 0 1
    outer loop
      vertex 31.55050427466631 12.196014240384102 1.5
      vertex 31.848153844475746 12.157903127372265 1.5
      vertex 31.68288204818964 13.868092872202396 1.5
    endloop
  endfacet
  facet normal 0 0 1
    outer loop
      vertex 31.55050427466631 12.196014240384102 1.5
      vertex 31.68288204818964 13.868092872202396 1.5
      vertex 31.41566951572895 13.861595436930656 1.5
    endloop
  endfacet
  facet normal 0 0 1
    outer loop
      vertex 31.206068374216557 12.208717942237854 1.5
      vertex 31.55050427466631 12.196014240384102 1.5
      vertex 31.41566951572895 13.861595436930656 1.5
    endloop
  endfacet
  facet normal 0 0 1
    outer loop
      vertex 31.206068374216557 12.208717942237854 1.5
      vertex 31.41566951572895 13.861595436930656 1.5
      vertex 29.0557122528553 13.861595436930656 1.5
    endloop
  endfacet
  facet normal 0 0 1
    outer loop
      vertex 29.0557122528553 12.208717942237854 1.5
      vertex 31.206068374216557 12.208717942237854 1.5
      vertex 29.0557122528553 13.861595436930656 1.5
    endloop
  endfacet
  facet normal 0 0 1
    outer loop
      vertex 29.0557122528553 13.861595436930656 1.5
      vertex 29.0557122528553 16.541937321424484 1.5
      vertex 27.020327635109425 18.27139601111412 1.5
    endloop
  endfacet
  facet normal 0 0 1
    outer loop
      vertex 27.020327635109425 18.27139601111412 1.5
      vertex 27.020327635109425 8.303076922893524 1.5
      vertex 29.0557122528553 12.208717942237854 1.5
    endloop
  endfacet
  facet normal 0 0 1
    outer loop
      vertex 29.0557122528553 13.861595436930656 1.5
      vertex 27.020327635109425 18.27139601111412 1.5
      vertex 29.0557122528553 12.208717942237854 1.5
    endloop
  endfacet
  facet normal 0 0 1
    outer loop
      vertex 39.070797719061375 12.655441589653492 1.5
      vertex 43.912264958024025 12.655441589653492 1.5
      vertex 43.912264958024025 14.384900279343128 1.5
    endloop
  endfacet
  facet normal 0 0 1
    outer loop
      vertex 39.070797719061375 12.655441589653492 1.5
      vertex 43.912264958024025 14.384900279343128 1.5
      vertex 39.070797719061375 14.384900279343128 1.5
    endloop
  endfacet
  facet normal 0 0 1
    outer loop
      vertex 39.070797719061375 16.503646723926067 1.5
      vertex 44.34502848982811 16.503646723926067 1.5
      vertex 44.34502848982811 18.27139601111412 1.5
    endloop
  endfacet
  facet normal 0 0 1
    outer loop
      vertex 39.070797719061375 16.503646723926067 1.5
      vertex 44.34502848982811 18.27139601111412 1.5
      vertex 37.03541310876608 18.27139601111412 1.5
    endloop
  endfacet
  facet normal 0 0 1
    outer loop
      vertex 44.58853276073933 8.303076922893524 1.5
      vertex 44.58853276073933 10.096353270113468 1.5
      vertex 39.070797719061375 10.096353270113468 1.5
    endloop
  endfacet
  facet normal 0 0 1
    outer loop
      vertex 37.03541310876608 8.303076922893524 1.5
      vertex 44.58853276073933 8.303076922893524 1.5
      vertex 39.070797719061375 10.096353270113468 1.5
    endloop
  endfacet
  facet normal 0 0 1
    outer loop
      vertex 39.070797719061375 14.384900279343128 1.5
      vertex 39.070797719061375 16.503646723926067 1.5
      vertex 37.03541310876608 18.27139601111412 1.5
    endloop
  endfacet
  facet normal 0 0 1
    outer loop
      vertex 37.03541310876608 8.303076922893524 1.5
      vertex 39.070797719061375 10.096353270113468 1.5
      vertex 39.070797719061375 12.655441589653492 1.5
    endloop
  endfacet
  facet normal 0 0 1
    outer loop
      vertex 39.070797719061375 14.384900279343128 1.5
      vertex 37.03541310876608 18.27139601111412 1.5
      vertex 37.03541310876608 8.303076922893524 1.5
    endloop
  endfacet
  facet normal 0 0 1
    outer loop
      vertex 39.070797719061375 14.384900279343128 1.5
      vertex 37.03541310876608 8.303076922893524 1.5
      vertex 39.070797719061375 12.655441589653492 1.5
    endloop
  endfacet
  facet normal 0 0 1
    outer loop
      vertex 48.29464387148619 10.096353270113468 1.5
      vertex 48.29464387148619 18.27139601111412 1.5
      vertex 46.21199430525303 18.27139601111412 1.5
    endloop
  endfacet
  facet normal 0 0 1
    outer loop
      vertex 48.29464387148619 10.096353270113468 1.5
      vertex 46.21199430525303 18.27139601111412 1.5
      vertex 46.21199430525303 8.303076922893524 1.5
    endloop
  endfacet
  facet normal 0 0 1
    outer loop
      vertex 53.23084045946598 8.303076922893524 1.5
      vertex 53.23084045946598 10.096353270113468 1.5
      vertex 48.29464387148619 10.096353270113468 1.5
    endloop
  endfacet
  facet normal 0 0 1
    outer loop
      vertex 46.21199430525303 8.303076922893524 1.5
      vertex 53.23084045946598 8.303076922893524 1.5
      vertex 48.29464387148619 10.096353270113468 1.5
    endloop
  endfacet
  facet normal 0 0 1
    outer loop
      vertex 56.75437322258949 10.096353270113468 1.5
      vertex 56.75437322258949 18.27139601111412 1.5
      vertex 54.671723648905754 18.27139601111412 1.5
    endloop
  endfacet
  facet normal 0 0 1
    outer loop
      vertex 56.75437322258949 10.096353270113468 1.5
      vertex 54.671723648905754 18.27139601111412 1.5
      vertex 54.671723648905754 8.303076922893524 1.5
    endloop
  endfacet
  facet normal 0 0 1
    outer loop
      vertex 61.690569803118706 8.303076922893524 1.5
      vertex 61.690569803118706 10.096353270113468 1.5
      vertex 56.75437322258949 10.096353270113468 1.5
    endloop
  endfacet
  facet normal 0 0 1
    outer loop
      vertex 54.671723648905754 8.303076922893524 1.5
      vertex 61.690569803118706 8.303076922893524 1.5
      vertex 56.75437322258949 10.096353270113468 1.5
    endloop
  endfacet
  facet normal 0 0 1
    outer loop
      vertex 65.22766381502151 12.655441589653492 1.5
      vertex 70.06913105398417 12.655441589653492 1.5
      vertex 70.06913105398417 14.384900279343128 1.5
    endloop
  endfacet
  facet normal 0 0 1
    outer loop
      vertex 65.22766381502151 12.655441589653492 1.5
      vertex 70.06913105398417 14.384900279343128 1.5
      vertex 65.22766381502151 14.384900279343128 1.5
    endloop
  endfacet
  facet normal 0 0 1
    outer loop
      vertex 65.22766381502151 16.503646723926067 1.5
      vertex 70.50189458578825 16.503646723926067 1.5
      vertex 70.50189458578825 18.27139601111412 1.5
    endloop
  endfacet
  facet normal 0 0 1
    outer loop
      vertex 65.22766381502151 16.503646723926067 1.5
      vertex 70.50189458578825 18.27139601111412 1.5
      vertex 63.19227920472622 18.27139601111412 1.5
    endloop
  endfacet
  facet normal 0 0 1
    outer loop
      vertex 70.74539885669947 8.303076922893524 1.5
      vertex 70.74539885669947 10.096353270113468 1.5
      vertex 65.22766381502151 10.096353270113468 1.5
    endloop
  endfacet
  facet normal 0 0 1
    outer loop
      vertex 63.19227920472622 8.303076922893524 1.5
      vertex 70.74539885669947 8.303076922893524 1.5
      vertex 65.22766381502151 10.096353270113468 1.5
    endloop
  endfacet
  facet normal 0 0 1
    outer loop
      vertex 65.22766381502151 14.384900279343128 1.5
      vertex 65.22766381502151 16.503646723926067 1.5
      vertex 63.19227920472622 18.27139601111412 1.5
    endloop
  endfacet
  facet normal 0 0 1
    outer loop
      vertex 63.19227920472622 8.303076922893524 1.5
      vertex 65.22766381502151 10.096353270113468 1.5
      vertex 65.22766381502151 12.655441589653492 1.5
    endloop
  endfacet
  facet normal 0 0 1
    outer loop
      vertex 65.22766381502151 14.384900279343128 1.5
      vertex 63.19227920472622 18.27139601111412 1.5
      vertex 63.19227920472622 8.303076922893524 1.5
    endloop
  endfacet
  facet normal 0 0 1
    outer loop
      vertex 65.22766381502151 14.384900279343128 1.5
      vertex 63.19227920472622 8.303076922893524 1.5
      vertex 65.22766381502151 12.655441589653492 1.5
    endloop
  endfacet
  facet normal 0 0 1
    outer loop
      vertex 9.810000002384186 12.483133897185326 1.5
      vertex 14.185000002384186 12.483133897185326 1.5
      vertex 14.185000002384186 14.212592586874962 1.5
    endloop
  endfacet
  facet normal 0 0 1
    outer loop
      vertex 9.810000002384186 12.483133897185326 1.5
      vertex 14.185000002384186 14.212592586874962 1.5
      vertex 9.810000002384186 14.212592586874962 1.5
    endloop
  endfacet
  facet normal 0 0 1
    outer loop
      vertex 9.810000002384186 16.51002848893404 1.5
      vertex 14.807122506201267 16.51002848893404 1.5
      vertex 14.807122506201267 18.258632473647594 1.5
    endloop
  endfacet
  facet normal 0 0 1
    outer loop
      vertex 9.810000002384186 16.51002848893404 1.5
      vertex 14.807122506201267 18.258632473647594 1.5
      vertex 7.740911677479744 18.258632473647594 1.5
    endloop
  endfacet
  facet normal 0 0 1
    outer loop
      vertex 7.740911677479744 8.303076922893524 1.5
      vertex 9.810000002384186 8.303076922893524 1.5
      vertex 9.810000002384186 12.483133897185326 1.5
    endloop
  endfacet
  facet normal 0 0 1
    outer loop
      vertex 9.810000002384186 14.212592586874962 1.5
      vertex 9.810000002384186 16.51002848893404 1.5
      vertex 7.740911677479744 18.258632473647594 1.5
    endloop
  endfacet
  facet normal 0 0 1
    outer loop
      vertex 9.810000002384186 14.212592586874962 1.5
      vertex 7.740911677479744 18.258632473647594 1.5
      vertex 7.740911677479744 8.303076922893524 1.5
    endloop
  endfacet
  facet normal 0 0 1
    outer loop
      vertex 9.810000002384186 14.212592586874962 1.5
      vertex 7.740911677479744 8.303076922893524 1.5
      vertex 9.810000002384186 12.483133897185326 1.5
    endloop
  endfacet
  facet normal 0 0 -1
    outer loop
      vertex 28.07398957014084 36.43017756193876 0.9
      vertex 21.151963643729687 29.33849411457777 0.9
      vertex 22.96701817959547 40.29999999701977 0.9
    endloop
  endfacet
  facet normal 0 0 -1
    outer loop
      vertex 22.96701817959547 40.29999999701977 0.9
      vertex 21.151963643729687 51.261505886912346 0.9
      vertex 28.07398957014084 44.16982243955135 0.9
    endloop
  endfacet
  facet normal 0 0 -1
    outer loop
      vertex 33.542569637298584 49.98211085796356 0.9
      vertex 32.04229090362787 50.08705881983042 0.9
      vertex 39 57.9167058840394 0.9
    endloop
  endfacet
  facet normal 0 0 -1
    outer loop
      vertex 42.58681323379278 31.280474424362183 0.9
      vertex 42.9326181858778 31.295905880630016 0.9
      vertex 39 24.64070588350296 0.9
    endloop
  endfacet
  facet normal 0 0 -1
    outer loop
      vertex 39 57.9167058840394 0.9
      vertex 43.23512727022171 49.3040941208601 0.9
      vertex 42.52950677275658 49.353453889489174 0.9
    endloop
  endfacet
  facet normal 0 0 -1
    outer loop
      vertex 33.542569637298584 49.98211085796356 0.9
      vertex 39 57.9167058840394 0.9
      vertex 42.52950677275658 49.353453889489174 0.9
    endloop
  endfacet
  facet normal 0 0 -1
    outer loop
      vertex 42.58681323379278 31.280474424362183 0.9
      vertex 39 24.64070588350296 0.9
      vertex 34.84515815228224 30.017560057342052 0.9
    endloop
  endfacet
  facet normal 0 0 -1
    outer loop
      vertex 28.07398957014084 36.43017756193876 0.9
      vertex 22.96701817959547 40.29999999701977 0.9
      vertex 28.07398957014084 44.16982243955135 0.9
    endloop
  endfacet
  facet normal 0 0 -1
    outer loop
      vertex 28.07398957014084 36.43017756193876 0.9
      vertex 28.07398957014084 44.16982243955135 0.9
      vertex 29.86422861367464 46.130456909537315 0.9
    endloop
  endfacet
  facet normal 0 0 -1
    outer loop
      vertex 29.86422861367464 34.46954308450222 0.9
      vertex 28.07398957014084 36.43017756193876 0.9
      vertex 29.86422861367464 46.130456909537315 0.9
    endloop
  endfacet
  facet normal 0 0 -1
    outer loop
      vertex 32.445503152906895 49.2839567810297 0.9
      vertex 33.542569637298584 49.98211085796356 0.9
      vertex 42.52950677275658 49.353453889489174 0.9
    endloop
  endfacet
  facet normal 0 0 -1
    outer loop
      vertex 31.070267654955387 47.9402272105217 0.9
      vertex 32.445503152906895 49.2839567810297 0.9
      vertex 42.52950677275658 49.353453889489174 0.9
    endloop
  endfacet
  facet normal 0 0 -1
    outer loop
      vertex 29.94164104759693 46.30288800597191 0.9
      vertex 31.070267654955387 47.9402272105217 0.9
      vertex 42.52950677275658 49.353453889489174 0.9
    endloop
  endfacet
  facet normal 0 0 -1
    outer loop
      vertex 29.86422861367464 46.130456909537315 0.9
      vertex 29.94164104759693 46.30288800597191 0.9
      vertex 42.52950677275658 49.353453889489174 0.9
    endloop
  endfacet
  facet normal 0 0 -1
    outer loop
      vertex 29.86422861367464 34.46954308450222 0.9
      vertex 29.86422861367464 46.130456909537315 0.9
      vertex 42.52950677275658 49.353453889489174 0.9
    endloop
  endfacet
  facet normal 0 0 -1
    outer loop
      vertex 29.94164104759693 34.29711199551821 0.9
      vertex 29.86422861367464 34.46954308450222 0.9
      vertex 42.52950677275658 49.353453889489174 0.9
    endloop
  endfacet
  facet normal 0 0 -1
    outer loop
      vertex 31.070267654955387 32.65977279096842 0.9
      vertex 29.94164104759693 34.29711199551821 0.9
      vertex 42.52950677275658 49.353453889489174 0.9
    endloop
  endfacet
  facet normal 0 0 -1
    outer loop
      vertex 32.445503152906895 31.316043220460415 0.9
      vertex 31.070267654955387 32.65977279096842 0.9
      vertex 42.52950677275658 49.353453889489174 0.9
    endloop
  endfacet
  facet normal 0 0 -1
    outer loop
      vertex 34.01449802517891 30.317562088370323 0.9
      vertex 32.445503152906895 31.316043220460415 0.9
      vertex 42.52950677275658 49.353453889489174 0.9
    endloop
  endfacet
  facet normal 0 0 -1
    outer loop
      vertex 34.84515815228224 30.017560057342052 0.9
      vertex 34.01449802517891 30.317562088370323 0.9
      vertex 42.52950677275658 49.353453889489174 0.9
    endloop
  endfacet
  facet normal 0 0 -1
    outer loop
      vertex 42.58681323379278 31.280474424362183 0.9
      vertex 34.84515815228224 30.017560057342052 0.9
      vertex 42.52950677275658 49.353453889489174 0.9
    endloop
  endfacet
  facet normal 0 0 -1
    outer loop
      vertex 52.9340126439929 37.40653973072767 0.9
      vertex 42.58681323379278 31.280474424362183 0.9
      vertex 42.52950677275658 49.353453889489174 0.9
    endloop
  endfacet
  facet normal 0 0 -1
    outer loop
      vertex 53.35241127759218 37.69595455378294 0.9
      vertex 52.9340126439929 37.40653973072767 0.9
      vertex 42.52950677275658 49.353453889489174 0.9
    endloop
  endfacet
  facet normal 0 0 -1
    outer loop
      vertex 53.719140745699406 38.08544138818979 0.9
      vertex 53.35241127759218 37.69595455378294 0.9
      vertex 42.52950677275658 49.353453889489174 0.9
    endloop
  endfacet
  facet normal 0 0 -1
    outer loop
      vertex 54.020107835531235 38.56003246456385 0.9
      vertex 53.719140745699406 38.08544138818979 0.9
      vertex 42.52950677275658 49.353453889489174 0.9
    endloop
  endfacet
  facet normal 0 0 -1
    outer loop
      vertex 54.24374657124281 39.10148952156305 0.9
      vertex 54.020107835531235 38.56003246456385 0.9
      vertex 42.52950677275658 49.353453889489174 0.9
    endloop
  endfacet
  facet normal 0 0 -1
    outer loop
      vertex 54.38146261870861 39.68900464475155 0.9
      vertex 54.24374657124281 39.10148952156305 0.9
      vertex 42.52950677275658 49.353453889489174 0.9
    endloop
  endfacet
  facet normal 0 0 -1
    outer loop
      vertex 54.42796364426613 40.29999999701977 0.9
      vertex 54.38146261870861 39.68900464475155 0.9
      vertex 42.52950677275658 49.353453889489174 0.9
    endloop
  endfacet
  facet normal 0 0 -1
    outer loop
      vertex 54.38146261870861 40.91099534928799 0.9
      vertex 54.42796364426613 40.29999999701977 0.9
      vertex 42.52950677275658 49.353453889489174 0.9
    endloop
  endfacet
  facet normal 0 0 -1
    outer loop
      vertex 54.24374657124281 41.49851047992706 0.9
      vertex 54.38146261870861 40.91099534928799 0.9
      vertex 42.52950677275658 49.353453889489174 0.9
    endloop
  endfacet
  facet normal 0 0 -1
    outer loop
      vertex 54.020107835531235 42.03996753692627 0.9
      vertex 54.24374657124281 41.49851047992706 0.9
      vertex 42.52950677275658 49.353453889489174 0.9
    endloop
  endfacet
  facet normal 0 0 -1
    outer loop
      vertex 53.719140745699406 42.51455861330032 0.9
      vertex 54.020107835531235 42.03996753692627 0.9
      vertex 42.52950677275658 49.353453889489174 0.9
    endloop
  endfacet
  facet normal 0 0 -1
    outer loop
      vertex 53.35241127759218 42.904045447707176 0.9
      vertex 53.719140745699406 42.51455861330032 0.9
      vertex 42.52950677275658 49.353453889489174 0.9
    endloop
  endfacet
  facet normal 0 0 -1
    outer loop
      vertex 53.35241127759218 42.904045447707176 0.9
      vertex 42.52950677275658 49.353453889489174 0.9
      vertex 52.9340126439929 43.19346027076244 0.9
    endloop
  endfacet
  facet normal 0 0 -1
    outer loop
      vertex 23.271713957190514 12.658421076834202 0.9
      vertex 23.300655268132687 13.299999997019768 0.9
      vertex 25.383304841816425 13.299999997019768 0.9
    endloop
  endfacet
  facet normal 0 0 -1
    outer loop
      vertex 23.271713957190514 12.658421076834202 0.9
      vertex 25.383304841816425 13.299999997019768 0.9
      vertex 25.32298917323351 12.277102559804916 0.9
    endloop
  endfacet
  facet normal 0 0 -1
    outer loop
      vertex 23.184890031814575 12.078402273356915 0.9
      vertex 23.271713957190514 12.658421076834202 0.9
      vertex 25.32298917323351 12.277102559804916 0.9
    endloop
  endfacet
  facet normal 0 0 -1
    outer loop
      vertex 23.184890031814575 12.078402273356915 0.9
      vertex 25.32298917323351 12.277102559804916 0.9
      vertex 25.14204216748476 11.354757830500603 0.9
    endloop
  endfacet
  facet normal 0 0 -1
    outer loop
      vertex 23.04018347710371 11.559943586587906 0.9
      vertex 23.184890031814575 12.078402273356915 0.9
      vertex 25.14204216748476 11.354757830500603 0.9
    endloop
  endfacet
  facet normal 0 0 -1
    outer loop
      vertex 23.04018347710371 11.559943586587906 0.9
      vertex 25.14204216748476 11.354757830500603 0.9
      vertex 24.8404638171196 10.532965809106827 0.9
    endloop
  endfacet
  facet normal 0 0 -1
    outer loop
      vertex 22.8375943005085 11.103045009076595 0.9
      vertex 23.04018347710371 11.559943586587906 0.9
      vertex 24.8404638171196 10.532965809106827 0.9
    endloop
  endfacet
  facet normal 0 0 -1
    outer loop
      vertex 22.8375943005085 11.103045009076595 0.9
      vertex 24.8404638171196 10.532965809106827 0.9
      vertex 24.418254129588604 9.811726495623589 0.9
    endloop
  endfacet
  facet normal 0 0 -1
    outer loop
      vertex 22.577122509479523 10.707706548273563 0.9
      vertex 22.8375943005085 11.103045009076595 0.9
      vertex 24.418254129588604 9.811726495623589 0.9
    endloop
  endfacet
  facet normal 0 0 -1
    outer loop
      vertex 22.577122509479523 10.707706548273563 0.9
      vertex 24.418254129588604 9.811726495623589 0.9
      vertex 23.875413104891777 9.191039882600307 0.9
    endloop
  endfacet
  facet normal 0 0 -1
    outer loop
      vertex 22.2647150978446 10.379639886319637 0.9
      vertex 22.577122509479523 10.707706548273563 0.9
      vertex 23.875413104891777 9.191039882600307 0.9
    endloop
  endfacet
  facet normal 0 0 -1
    outer loop
      vertex 22.2647150978446 10.379639886319637 0.9
      vertex 23.875413104891777 9.191039882600307 0.9
      vertex 23.383402846753597 8.772583469748497 0.9
    endloop
  endfacet
  facet normal 0 0 -1
    outer loop
      vertex 21.911743588745594 10.124476917088032 0.9
      vertex 22.2647150978446 10.379639886319637 0.9
      vertex 23.383402846753597 8.772583469748497 0.9
    endloop
  endfacet
  facet normal 0 0 -1
    outer loop
      vertex 21.911743588745594 10.124476917088032 0.9
      vertex 23.383402846753597 8.772583469748497 0.9
      vertex 22.81079088151455 8.447117373347282 0.9
    endloop
  endfacet
  facet normal 0 0 -1
    outer loop
      vertex 25.383304841816425 13.299999997019768 0.9
      vertex 23.300655268132687 13.299999997019768 0.9
      vertex 23.27157834917307 13.93926951289177 0.9
    endloop
  endfacet
  facet normal 0 0 -1
    outer loop
      vertex 25.32298917323351 14.34022393077612 0.9
      vertex 25.383304841816425 13.299999997019768 0.9
      vertex 23.27157834917307 13.93926951289177 0.9
    endloop
  endfacet
  facet normal 0 0 -1
    outer loop
      vertex 25.32298917323351 14.34022393077612 0.9
      vertex 23.27157834917307 13.93926951289177 0.9
      vertex 23.184347577393055 14.517784610390663 0.9
    endloop
  endfacet
  facet normal 0 0 -1
    outer loop
      vertex 25.14204216748476 15.271231904625893 0.9
      vertex 25.32298917323351 14.34022393077612 0.9
      vertex 23.184347577393055 14.517784610390663 0.9
    endloop
  endfacet
  facet normal 0 0 -1
    outer loop
      vertex 25.14204216748476 15.271231904625893 0.9
      vertex 23.184347577393055 14.517784610390663 0.9
      vertex 23.038962960243225 15.03554529696703 0.9
    endloop
  endfacet
  facet normal 0 0 -1
    outer loop
      vertex 24.8404638171196 16.09302392601967 0.9
      vertex 25.14204216748476 15.271231904625893 0.9
      vertex 23.038962960243225 15.03554529696703 0.9
    endloop
  endfacet
  facet normal 0 0 -1
    outer loop
      vertex 24.8404638171196 16.09302392601967 0.9
      vertex 23.038962960243225 15.03554529696703 0.9
      vertex 22.83542449772358 15.492551565170288 0.9
    endloop
  endfacet
  facet normal 0 0 -1
    outer loop
      vertex 24.418254129588604 16.805599994957447 0.9
      vertex 24.8404638171196 16.09302392601967 0.9
      vertex 22.83542449772358 15.492551565170288 0.9
    endloop
  endfacet
  facet normal 0 0 -1
    outer loop
      vertex 24.418254129588604 16.805599994957447 0.9
      vertex 22.83542449772358 15.492551565170288 0.9
      vertex 22.5737321972847 15.888803415000439 0.9
    endloop
  endfacet
  facet normal 0 0 -1
    outer loop
      vertex 23.875413104891777 17.408960111439228 0.9
      vertex 24.418254129588604 16.805599994957447 0.9
      vertex 22.5737321972847 15.888803415000439 0.9
    endloop
  endfacet
  facet normal 0 0 -1
    outer loop
      vertex 23.875413104891777 17.408960111439228 0.9
      vertex 22.5737321972847 15.888803415000439 0.9
      vertex 22.26254530251026 16.218126490712166 0.9
    endloop
  endfacet
  facet normal 0 0 -1
    outer loop
      vertex 23.383402846753597 17.82741652429104 0.9
      vertex 23.875413104891777 17.408960111439228 0.9
      vertex 22.26254530251026 16.218126490712166 0.9
    endloop
  endfacet
  facet normal 0 0 -1
    outer loop
      vertex 23.383402846753597 17.82741652429104 0.9
      vertex 22.26254530251026 16.218126490712166 0.9
      vertex 21.91052307933569 16.474266663193703 0.9
    endloop
  endfacet
  facet normal 0 0 -1
    outer loop
      vertex 22.81079088151455 18.152882620692253 0.9
      vertex 23.383402846753597 17.82741652429104 0.9
      vertex 21.91052307933569 16.474266663193703 0.9
    endloop
  endfacet
  facet normal 0 0 -1
    outer loop
      vertex 22.81079088151455 18.152882620692253 0.9
      vertex 21.91052307933569 16.474266663193703 0.9
      vertex 21.517665527760983 16.65722392499447 0.9
    endloop
  endfacet
  facet normal 0 0 -1
    outer loop
      vertex 22.157577209174633 18.385358400642872 0.9
      vertex 22.81079088151455 18.152882620692253 0.9
      vertex 21.517665527760983 16.65722392499447 0.9
    endloop
  endfacet
  facet normal 0 0 -1
    outer loop
      vertex 21.423761822283268 18.524843871593475 0.9
      vertex 22.157577209174633 18.385358400642872 0.9
      vertex 21.517665527760983 16.65722392499447 0.9
    endloop
  endfacet
  facet normal 0 0 -1
    outer loop
      vertex 21.423761822283268 18.524843871593475 0.9
      vertex 21.517665527760983 16.65722392499447 0.9
      vertex 21.08397264778614 16.766998291015625 0.9
    endloop
  endfacet
  facet normal 0 0 -1
    outer loop
      vertex 21.518207974731922 9.942217662930489 0.9
      vertex 21.911743588745594 10.124476917088032 0.9
      vertex 22.81079088151455 8.447117373347282 0.9
    endloop
  endfacet
  facet normal 0 0 -1
    outer loop
      vertex 21.518207974731922 9.942217662930489 0.9
      vertex 22.81079088151455 8.447117373347282 0.9
      vertex 22.157577209174633 8.214641593396664 0.9
    endloop
  endfacet
  facet normal 0 0 -1
    outer loop
      vertex 21.518207974731922 9.942217662930489 0.9
      vertex 22.157577209174633 8.214641593396664 0.9
      vertex 21.423761822283268 8.07515612244606 0.9
    endloop
  endfacet
  facet normal 0 0 -1
    outer loop
      vertex 21.084108263254166 9.832862108945847 0.9
      vertex 21.518207974731922 9.942217662930489 0.9
      vertex 21.423761822283268 8.07515612244606 0.9
    endloop
  endfacet
  facet normal 0 0 -1
    outer loop
      vertex 21.084108263254166 9.832862108945847 0.9
      vertex 21.423761822283268 8.07515612244606 0.9
      vertex 20.609344728291035 8.028660967946053 0.9
    endloop
  endfacet
  facet normal 0 0 -1
    outer loop
      vertex 20.609444446861744 9.796410255134106 0.9
      vertex 21.084108263254166 9.832862108945847 0.9
      vertex 20.609344728291035 8.028660967946053 0.9
    endloop
  endfacet
  facet normal 0 0 -1
    outer loop
      vertex 20.609344728291035 18.571339026093483 0.9
      vertex 21.423761822283268 18.524843871593475 0.9
      vertex 21.08397264778614 16.766998291015625 0.9
    endloop
  endfacet
  facet normal 0 0 -1
    outer loop
      vertex 20.609344728291035 18.571339026093483 0.9
      vertex 21.08397264778614 16.766998291015625 0.9
      vertex 20.609444446861744 16.80358973890543 0.9
    endloop
  endfacet
  facet normal 0 0 -1
    outer loop
      vertex 20.134473502635956 9.832862108945847 0.9
      vertex 20.609444446861744 9.796410255134106 0.9
      vertex 20.609344728291035 8.028660967946053 0.9
    endloop
  endfacet
  facet normal 0 0 -1
    outer loop
      vertex 20.134473502635956 9.832862108945847 0.9
      vertex 20.609344728291035 8.028660967946053 0.9
      vertex 19.794963531196117 8.07515612244606 0.9
    endloop
  endfacet
  facet normal 0 0 -1
    outer loop
      vertex 19.699532195925713 9.942217662930489 0.9
      vertex 20.134473502635956 9.832862108945847 0.9
      vertex 19.794963531196117 8.07515612244606 0.9
    endloop
  endfacet
  facet normal 0 0 -1
    outer loop
      vertex 19.699532195925713 9.942217662930489 0.9
      vertex 19.794963531196117 8.07515612244606 0.9
      vertex 19.06117606908083 8.214641593396664 0.9
    endloop
  endfacet
  facet normal 0 0 -1
    outer loop
      vertex 19.699532195925713 9.942217662930489 0.9
      vertex 19.06117606908083 8.214641593396664 0.9
      vertex 18.40798233449459 8.447117373347282 0.9
    endloop
  endfacet
  facet normal 0 0 -1
    outer loop
      vertex 19.304620511829853 10.124476917088032 0.9
      vertex 19.699532195925713 9.942217662930489 0.9
      vertex 18.40798233449459 8.447117373347282 0.9
    endloop
  endfacet
  facet normal 0 0 -1
    outer loop
      vertex 19.304620511829853 10.124476917088032 0.9
      vertex 18.40798233449459 8.447117373347282 0.9
      vertex 17.83538233488798 8.772583469748497 0.9
    endloop
  endfacet
  facet normal 0 0 -1
    outer loop
      vertex 18.94973846524954 10.379639886319637 0.9
      vertex 19.304620511829853 10.124476917088032 0.9
      vertex 17.83538233488798 8.772583469748497 0.9
    endloop
  endfacet
  facet normal 0 0 -1
    outer loop
      vertex 18.94973846524954 10.379639886319637 0.9
      vertex 17.83538233488798 8.772583469748497 0.9
      vertex 17.343376070261 9.191039882600307 0.9
    endloop
  endfacet
  facet normal 0 0 -1
    outer loop
      vertex 18.634886041283607 10.707706548273563 0.9
      vertex 18.94973846524954 10.379639886319637 0.9
      vertex 17.343376070261 9.191039882600307 0.9
    endloop
  endfacet
  facet normal 0 0 -1
    outer loop
      vertex 18.634886041283607 10.707706548273563 0.9
      vertex 17.343376070261 9.191039882600307 0.9
      vertex 16.798094019293785 9.811726495623589 0.9
    endloop
  endfacet
  facet normal 0 0 -1
    outer loop
      vertex 18.369568094611168 11.103045009076595 0.9
      vertex 18.634886041283607 10.707706548273563 0.9
      vertex 16.798094019293785 9.811726495623589 0.9
    endloop
  endfacet
  facet normal 0 0 -1
    outer loop
      vertex 18.369568094611168 11.103045009076595 0.9
      vertex 16.798094019293785 9.811726495623589 0.9
      vertex 16.37398575246334 10.532965809106827 0.9
    endloop
  endfacet
  facet normal 0 0 -1
    outer loop
      vertex 18.163209684193134 11.559943586587906 0.9
      vertex 18.369568094611168 11.103045009076595 0.9
      vertex 16.37398575246334 10.532965809106827 0.9
    endloop
  endfacet
  facet normal 0 0 -1
    outer loop
      vertex 18.163209684193134 11.559943586587906 0.9
      vertex 16.37398575246334 10.532965809106827 0.9
      vertex 16.07105128467083 11.354757830500603 0.9
    endloop
  endfacet
  facet normal 0 0 -1
    outer loop
      vertex 18.015810824930668 12.078402273356915 0.9
      vertex 18.163209684193134 11.559943586587906 0.9
      vertex 16.07105128467083 11.354757830500603 0.9
    endloop
  endfacet
  facet normal 0 0 -1
    outer loop
      vertex 18.015810824930668 12.078402273356915 0.9
      vertex 16.07105128467083 11.354757830500603 0.9
      vertex 15.889290601015091 12.277102559804916 0.9
    endloop
  endfacet
  facet normal 0 0 -1
    outer loop
      vertex 17.927371509373188 12.658421076834202 0.9
      vertex 18.015810824930668 12.078402273356915 0.9
      vertex 15.889290601015091 12.277102559804916 0.9
    endloop
  endfacet
  facet normal 0 0 -1
    outer loop
      vertex 17.927371509373188 12.658421076834202 0.9
      vertex 15.889290601015091 12.277102559804916 0.9
      vertex 15.828703701496124 13.299999997019768 0.9
    endloop
  endfacet
  facet normal 0 0 -1
    outer loop
      vertex 17.897891737520695 13.299999997019768 0.9
      vertex 17.927371509373188 12.658421076834202 0.9
      vertex 15.828703701496124 13.299999997019768 0.9
    endloop
  endfacet
  facet normal 0 0 -1
    outer loop
      vertex 17.927371509373188 13.941574923694134 0.9
      vertex 17.897891737520695 13.299999997019768 0.9
      vertex 15.828703701496124 13.299999997019768 0.9
    endloop
  endfacet
  facet normal 0 0 -1
    outer loop
      vertex 17.927371509373188 13.941574923694134 0.9
      vertex 15.828703701496124 13.299999997019768 0.9
      vertex 15.889290601015091 14.34022393077612 0.9
    endloop
  endfacet
  facet normal 0 0 -1
    outer loop
      vertex 18.015810824930668 14.521581761538982 0.9
      vertex 17.927371509373188 13.941574923694134 0.9
      vertex 15.889290601015091 14.34022393077612 0.9
    endloop
  endfacet
  facet normal 0 0 -1
    outer loop
      vertex 18.015810824930668 14.521581761538982 0.9
      vertex 15.889290601015091 14.34022393077612 0.9
      vertex 16.07105128467083 15.271231904625893 0.9
    endloop
  endfacet
  facet normal 0 0 -1
    outer loop
      vertex 18.163209684193134 15.040020510554314 0.9
      vertex 18.015810824930668 14.521581761538982 0.9
      vertex 16.07105128467083 15.271231904625893 0.9
    endloop
  endfacet
  facet normal 0 0 -1
    outer loop
      vertex 18.163209684193134 15.040020510554314 0.9
      vertex 16.07105128467083 15.271231904625893 0.9
      vertex 16.37398575246334 16.09302392601967 0.9
    endloop
  endfacet
  facet normal 0 0 -1
    outer loop
      vertex 18.369568094611168 15.496891163289547 0.9
      vertex 18.163209684193134 15.040020510554314 0.9
      vertex 16.37398575246334 16.09302392601967 0.9
    endloop
  endfacet
  facet normal 0 0 -1
    outer loop
      vertex 18.369568094611168 15.496891163289547 0.9
      vertex 16.37398575246334 16.09302392601967 0.9
      vertex 16.798094019293785 16.805599994957447 0.9
    endloop
  endfacet
  facet normal 0 0 -1
    outer loop
      vertex 18.634886041283607 15.892193727195263 0.9
      vertex 18.369568094611168 15.496891163289547 0.9
      vertex 16.798094019293785 16.805599994957447 0.9
    endloop
  endfacet
  facet normal 0 0 -1
    outer loop
      vertex 18.634886041283607 15.892193727195263 0.9
      vertex 16.798094019293785 16.805599994957447 0.9
      vertex 17.343376070261 17.408960111439228 0.9
    endloop
  endfacet
  facet normal 0 0 -1
    outer loop
      vertex 18.94973846524954 16.220296293497086 0.9
      vertex 18.634886041283607 15.892193727195263 0.9
      vertex 17.343376070261 17.408960111439228 0.9
    endloop
  endfacet
  facet normal 0 0 -1
    outer loop
      vertex 18.94973846524954 16.220296293497086 0.9
      vertex 17.343376070261 17.408960111439228 0.9
      vertex 17.83538233488798 17.82741652429104 0.9
    endloop
  endfacet
  facet normal 0 0 -1
    outer loop
      vertex 19.304620511829853 16.475487180054188 0.9
      vertex 18.94973846524954 16.220296293497086 0.9
      vertex 17.83538233488798 17.82741652429104 0.9
    endloop
  endfacet
  facet normal 0 0 -1
    outer loop
      vertex 19.304620511829853 16.475487180054188 0.9
      vertex 17.83538233488798 17.82741652429104 0.9
      vertex 18.40798233449459 18.152882620692253 0.9
    endloop
  endfacet
  facet normal 0 0 -1
    outer loop
      vertex 19.699532195925713 16.65776637941599 0.9
      vertex 19.304620511829853 16.475487180054188 0.9
      vertex 18.40798233449459 18.152882620692253 0.9
    endloop
  endfacet
  facet normal 0 0 -1
    outer loop
      vertex 19.699532195925713 16.65776637941599 0.9
      vertex 18.40798233449459 18.152882620692253 0.9
      vertex 19.06117606908083 18.385358400642872 0.9
    endloop
  endfacet
  facet normal 0 0 -1
    outer loop
      vertex 19.699532195925713 16.65776637941599 0.9
      vertex 19.06117606908083 18.385358400642872 0.9
      vertex 19.794963531196117 18.524843871593475 0.9
    endloop
  endfacet
  facet normal 0 0 -1
    outer loop
      vertex 20.134473502635956 16.76713389903307 0.9
      vertex 19.699532195925713 16.65776637941599 0.9
      vertex 19.794963531196117 18.524843871593475 0.9
    endloop
  endfacet
  facet normal 0 0 -1
    outer loop
      vertex 20.134473502635956 16.76713389903307 0.9
      vertex 19.794963531196117 18.524843871593475 0.9
      vertex 20.609344728291035 18.571339026093483 0.9
    endloop
  endfacet
  facet normal 0 0 -1
    outer loop
      vertex 20.134473502635956 16.76713389903307 0.9
      vertex 20.609344728291035 18.571339026093483 0.9
      vertex 20.609444446861744 16.80358973890543 0.9
    endloop
  endfacet
  facet normal 0 0 -1
    outer loop
      vertex 33.09257834404707 15.14762108027935 0.9
      vertex 35.167673505842686 15.146847292780876 0.9
      vertex 35.12466837465763 14.865562960505486 0.9
    endloop
  endfacet
  facet normal 0 0 -1
    outer loop
      vertex 29.0557122528553 12.208717942237854 0.9
      vertex 29.0557122528553 8.303076922893524 0.9
      vertex 27.020327635109425 8.303076922893524 0.9
    endloop
  endfacet
  facet normal 0 0 -1
    outer loop
      vertex 33.09257834404707 15.14762108027935 0.9
      vertex 35.12466837465763 14.865562960505486 0.9
      vertex 35.05299316346645 14.586161248385906 0.9
    endloop
  endfacet
  facet normal 0 0 -1
    outer loop
      vertex 33.06769344955683 14.834100849926472 0.9
      vertex 33.09257834404707 15.14762108027935 0.9
      vertex 35.05299316346645 14.586161248385906 0.9
    endloop
  endfacet
  facet normal 0 0 -1
    outer loop
      vertex 33.06769344955683 14.834100849926472 0.9
      vertex 35.05299316346645 14.586161248385906 0.9
      vertex 34.95264786481857 14.308642163872719 0.9
    endloop
  endfacet
  facet normal 0 0 -1
    outer loop
      vertex 33.06769344955683 14.834100849926472 0.9
      vertex 34.95264786481857 14.308642163872719 0.9
      vertex 34.82363247871399 14.033005692064762 0.9
    endloop
  endfacet
  facet normal 0 0 -1
    outer loop
      vertex 35.18200854957104 15.430014245212078 0.9
      vertex 35.167673505842686 15.146847292780876 0.9
      vertex 33.09257834404707 15.14762108027935 0.9
    endloop
  endfacet
  facet normal 0 0 -1
    outer loop
      vertex 35.18200854957104 15.430014245212078 0.9
      vertex 33.09257834404707 15.14762108027935 0.9
      vertex 33.06850712001324 15.486596576869488 0.9
    endloop
  endfacet
  facet normal 0 0 -1
    outer loop
      vertex 35.174434185028076 15.660316236317158 0.9
      vertex 35.18200854957104 15.430014245212078 0.9
      vertex 33.06850712001324 15.486596576869488 0.9
    endloop
  endfacet
  facet normal 0 0 -1
    outer loop
      vertex 35.151711113750935 15.880327634513378 0.9
      vertex 35.174434185028076 15.660316236317158 0.9
      vertex 33.06850712001324 15.486596576869488 0.9
    endloop
  endfacet
  facet normal 0 0 -1
    outer loop
      vertex 35.11383931338787 16.09004843235016 0.9
      vertex 35.151711113750935 15.880327634513378 0.9
      vertex 33.06850712001324 15.486596576869488 0.9
    endloop
  endfacet
  facet normal 0 0 -1
    outer loop
      vertex 35.11383931338787 16.09004843235016 0.9
      vertex 33.06850712001324 15.486596576869488 0.9
      vertex 32.99629344791174 15.777916237711906 0.9
    endloop
  endfacet
  facet normal 0 0 -1
    outer loop
      vertex 35.06081880629063 16.2894786298275 0.9
      vertex 35.11383931338787 16.09004843235016 0.9
      vertex 32.99629344791174 15.777916237711906 0.9
    endloop
  endfacet
  facet normal 0 0 -1
    outer loop
      vertex 34.99264957010746 16.4786182269454 0.9
      vertex 35.06081880629063 16.2894786298275 0.9
      vertex 32.99629344791174 15.777916237711906 0.9
    endloop
  endfacet
  facet normal 0 0 -1
    outer loop
      vertex 34.91153333336115 16.659401707351208 0.9
      vertex 34.99264957010746 16.4786182269454 0.9
      vertex 32.99629344791174 15.777916237711906 0.9
    endloop
  endfacet
  facet normal 0 0 -1
    outer loop
      vertex 34.8195920214057 16.833683758974075 0.9
      vertex 34.91153333336115 16.659401707351208 0.9
      vertex 32.99629344791174 15.777916237711906 0.9
    endloop
  endfacet
  facet normal 0 0 -1
    outer loop
      vertex 34.716825641691685 17.001464381814003 0.9
      vertex 34.8195920214057 16.833683758974075 0.9
      vertex 32.99629344791174 15.777916237711906 0.9
    endloop
  endfacet
  facet normal 0 0 -1
    outer loop
      vertex 34.716825641691685 17.001464381814003 0.9
      vertex 32.99629344791174 15.777916237711906 0.9
      vertex 32.875937320291996 16.021580055356026 0.9
    endloop
  endfacet
  facet normal 0 0 -1
    outer loop
      vertex 34.60323418676853 17.16274358332157 0.9
      vertex 34.716825641691685 17.001464381814003 0.9
      vertex 32.875937320291996 16.021580055356026 0.9
    endloop
  endfacet
  facet normal 0 0 -1
    outer loop
      vertex 34.47881766408682 17.31752136349678 0.9
      vertex 34.60323418676853 17.16274358332157 0.9
      vertex 32.875937320291996 16.021580055356026 0.9
    endloop
  endfacet
  facet normal 0 0 -1
    outer loop
      vertex 34.31504558771849 17.49258518218994 0.9
      vertex 34.47881766408682 17.31752136349678 0.9
      vertex 32.875937320291996 16.021580055356026 0.9
    endloop
  endfacet
  facet normal 0 0 -1
    outer loop
      vertex 34.31504558771849 17.49258518218994 0.9
      vertex 32.875937320291996 16.021580055356026 0.9
      vertex 32.70743874460459 16.217588029801846 0.9
    endloop
  endfacet
  facet normal 0 0 -1
    outer loop
      vertex 34.137472935020924 17.6497880294919 0.9
      vertex 34.31504558771849 17.49258518218994 0.9
      vertex 32.70743874460459 16.217588029801846 0.9
    endloop
  endfacet
  facet normal 0 0 -1
    outer loop
      vertex 33.94609971344471 17.78912991285324 0.9
      vertex 34.137472935020924 17.6497880294919 0.9
      vertex 32.70743874460459 16.217588029801846 0.9
    endloop
  endfacet
  facet normal 0 0 -1
    outer loop
      vertex 33.740925922989845 17.91061082482338 0.9
      vertex 33.94609971344471 17.78912991285324 0.9
      vertex 32.70743874460459 16.217588029801846 0.9
    endloop
  endfacet
  facet normal 0 0 -1
    outer loop
      vertex 33.52195156365633 18.014230765402317 0.9
      vertex 33.740925922989845 17.91061082482338 0.9
      vertex 32.70743874460459 16.217588029801846 0.9
    endloop
  endfacet
  facet normal 0 0 -1
    outer loop
      vertex 33.52195156365633 18.014230765402317 0.9
      vertex 32.70743874460459 16.217588029801846 0.9
      vertex 32.490797720849514 16.365940168499947 0.9
    endloop
  endfacet
  facet normal 0 0 -1
    outer loop
      vertex 33.27677606791258 18.10030084848404 0.9
      vertex 33.52195156365633 18.014230765402317 0.9
      vertex 32.490797720849514 16.365940168499947 0.9
    endloop
  endfacet
  facet normal 0 0 -1
    outer loop
      vertex 32.99291908740997 18.16905242204666 0.9
      vertex 33.27677606791258 18.10030084848404 0.9
      vertex 32.490797720849514 16.365940168499947 0.9
    endloop
  endfacet
  facet normal 0 0 -1
    outer loop
      vertex 32.99291908740997 18.16905242204666 0.9
      vertex 32.490797720849514 16.365940168499947 0.9
      vertex 32.34202279150486 16.429299145936966 0.9
    endloop
  endfacet
  facet normal 0 0 -1
    outer loop
      vertex 32.670380629599094 18.22048546373844 0.9
      vertex 32.99291908740997 18.16905242204666 0.9
      vertex 32.34202279150486 16.429299145936966 0.9
    endloop
  endfacet
  facet normal 0 0 -1
    outer loop
      vertex 32.670380629599094 18.22048546373844 0.9
      vertex 32.34202279150486 16.429299145936966 0.9
      vertex 32.16620513051748 16.478578343987465 0.9
    endloop
  endfacet
  facet normal 0 0 -1
    outer loop
      vertex 32.30916068702936 18.25459999591112 0.9
      vertex 32.670380629599094 18.22048546373844 0.9
      vertex 32.16620513051748 16.478578343987465 0.9
    endloop
  endfacet
  facet normal 0 0 -1
    outer loop
      vertex 32.30916068702936 18.25459999591112 0.9
      vertex 32.16620513051748 16.478578343987465 0.9
      vertex 31.963344730436802 16.513777777552605 0.9
    endloop
  endfacet
  facet normal 0 0 -1
    outer loop
      vertex 31.909259259700775 18.27139601111412 0.9
      vertex 32.30916068702936 18.25459999591112 0.9
      vertex 31.963344730436802 16.513777777552605 0.9
    endloop
  endfacet
  facet normal 0 0 -1
    outer loop
      vertex 31.909259259700775 18.27139601111412 0.9
      vertex 31.963344730436802 16.513777777552605 0.9
      vertex 31.733441598713398 16.534897431731224 0.9
    endloop
  endfacet
  facet normal 0 0 -1
    outer loop
      vertex 32.99303874373436 14.564981766045094 0.9
      vertex 33.06769344955683 14.834100849926472 0.9
      vertex 34.82363247871399 14.033005692064762 0.9
    endloop
  endfacet
  facet normal 0 0 -1
    outer loop
      vertex 31.909259259700775 18.27139601111412 0.9
      vertex 31.733441598713398 16.534897431731224 0.9
      vertex 31.47649572789669 16.541937321424484 0.9
    endloop
  endfacet
  facet normal 0 0 -1
    outer loop
      vertex 32.99303874373436 14.564981766045094 0.9
      vertex 34.82363247871399 14.033005692064762 0.9
      vertex 34.66161937266588 13.774452418088913 0.9
    endloop
  endfacet
  facet normal 0 0 -1
    outer loop
      vertex 32.99303874373436 14.564981766045094 0.9
      vertex 34.66161937266588 13.774452418088913 0.9
      vertex 34.46228091418743 13.548103131353855 0.9
    endloop
  endfacet
  facet normal 0 0 -1
    outer loop
      vertex 32.99303874373436 14.564981766045094 0.9
      vertex 34.46228091418743 13.548103131353855 0.9
      vertex 34.225617095828056 13.353957831859589 0.9
    endloop
  endfacet
  facet normal 0 0 -1
    outer loop
      vertex 32.86861424148083 14.340263813734055 0.9
      vertex 32.99303874373436 14.564981766045094 0.9
      vertex 34.225617095828056 13.353957831859589 0.9
    endloop
  endfacet
  facet normal 0 0 -1
    outer loop
      vertex 32.86861424148083 14.340263813734055 0.9
      vertex 34.225617095828056 13.353957831859589 0.9
      vertex 33.95162791758776 13.192016519606113 0.9
    endloop
  endfacet
  facet normal 0 0 -1
    outer loop
      vertex 32.86861424148083 14.340263813734055 0.9
      vertex 33.95162791758776 13.192016519606113 0.9
      vertex 33.640313386917114 13.06227920204401 0.9
    endloop
  endfacet
  facet normal 0 0 -1
    outer loop
      vertex 32.69441994279623 14.159947007894516 0.9
      vertex 32.86861424148083 14.340263813734055 0.9
      vertex 33.640313386917114 13.06227920204401 0.9
    endloop
  endfacet
  facet normal 0 0 -1
    outer loop
      vertex 32.47045584022999 14.024031333625317 0.9
      vertex 32.69441994279623 14.159947007894516 0.9
      vertex 33.640313386917114 13.06227920204401 0.9
    endloop
  endfacet
  facet normal 0 0 -1
    outer loop
      vertex 31.909259259700775 18.27139601111412 0.9
      vertex 31.47649572789669 16.541937321424484 0.9
      vertex 29.0557122528553 16.541937321424484 0.9
    endloop
  endfacet
  facet normal 0 0 -1
    outer loop
      vertex 27.020327635109425 18.27139601111412 0.9
      vertex 31.909259259700775 18.27139601111412 0.9
      vertex 29.0557122528553 16.541937321424484 0.9
    endloop
  endfacet
  facet normal 0 0 -1
    outer loop
      vertex 35.33756410330534 8.303076922893524 0.9
      vertex 33.04521367698908 8.303076922893524 0.9
      vertex 33.00952364504337 8.430365242064 0.9
    endloop
  endfacet
  facet normal 0 0 -1
    outer loop
      vertex 35.33756410330534 8.303076922893524 0.9
      vertex 33.00952364504337 8.430365242064 0.9
      vertex 32.97815726697445 8.547386892139912 0.9
    endloop
  endfacet
  facet normal 0 0 -1
    outer loop
      vertex 35.33756410330534 8.303076922893524 0.9
      vertex 32.97815726697445 8.547386892139912 0.9
      vertex 32.951114527881145 8.654141880571842 0.9
    endloop
  endfacet
  facet normal 0 0 -1
    outer loop
      vertex 35.33756410330534 8.303076922893524 0.9
      vertex 32.951114527881145 8.654141880571842 0.9
      vertex 32.92839544266462 8.75063019990921 0.9
    endloop
  endfacet
  facet normal 0 0 -1
    outer loop
      vertex 35.33756410330534 8.303076922893524 0.9
      vertex 32.92839544266462 8.75063019990921 0.9
      vertex 32.90999999642372 8.836851850152016 0.9
    endloop
  endfacet
  facet normal 0 0 -1
    outer loop
      vertex 35.33756410330534 8.553162388503551 0.9
      vertex 35.33756410330534 8.303076922893524 0.9
      vertex 32.90999999642372 8.836851850152016 0.9
    endloop
  endfacet
  facet normal 0 0 -1
    outer loop
      vertex 35.22719942778349 8.63430256396532 0.9
      vertex 35.33756410330534 8.553162388503551 0.9
      vertex 32.90999999642372 8.836851850152016 0.9
    endloop
  endfacet
  facet normal 0 0 -1
    outer loop
      vertex 35.13414529711008 8.731660395860672 0.9
      vertex 35.22719942778349 8.63430256396532 0.9
      vertex 32.90999999642372 8.836851850152016 0.9
    endloop
  endfacet
  facet normal 0 0 -1
    outer loop
      vertex 35.058401711285114 8.845235891640186 0.9
      vertex 35.13414529711008 8.731660395860672 0.9
      vertex 32.90999999642372 8.836851850152016 0.9
    endloop
  endfacet
  facet normal 0 0 -1
    outer loop
      vertex 34.99996866285801 8.975029058754444 0.9
      vertex 35.058401711285114 8.845235891640186 0.9
      vertex 32.90999999642372 8.836851850152016 0.9
    endloop
  endfacet
  facet normal 0 0 -1
    outer loop
      vertex 34.958846151828766 9.121039882302284 0.9
      vertex 34.99996866285801 8.975029058754444 0.9
      vertex 32.90999999642372 8.836851850152016 0.9
    endloop
  endfacet
  facet normal 0 0 -1
    outer loop
      vertex 34.93938974291086 9.235975496470928 0.9
      vertex 34.958846151828766 9.121039882302284 0.9
      vertex 32.90999999642372 8.836851850152016 0.9
    endloop
  endfacet
  facet normal 0 0 -1
    outer loop
      vertex 34.93938974291086 9.235975496470928 0.9
      vertex 32.90999999642372 8.836851850152016 0.9
      vertex 32.880544155836105 9.005262672901154 0.9
    endloop
  endfacet
  facet normal 0 0 -1
    outer loop
      vertex 34.92425698041916 9.386058688163757 0.9
      vertex 34.93938974291086 9.235975496470928 0.9
      vertex 32.880544155836105 9.005262672901154 0.9
    endloop
  endfacet
  facet normal 0 0 -1
    outer loop
      vertex 34.92425698041916 9.386058688163757 0.9
      vertex 32.880544155836105 9.005262672901154 0.9
      vertex 32.85703133791685 9.175292871892452 0.9
    endloop
  endfacet
  facet normal 0 0 -1
    outer loop
      vertex 34.92425698041916 9.386058688163757 0.9
      vertex 32.85703133791685 9.175292871892452 0.9
      vertex 32.83946153521538 9.346942447125912 0.9
    endloop
  endfacet
  facet normal 0 0 -1
    outer loop
      vertex 34.91344786435366 9.571289457380772 0.9
      vertex 34.92425698041916 9.386058688163757 0.9
      vertex 32.83946153521538 9.346942447125912 0.9
    endloop
  endfacet
  facet normal 0 0 -1
    outer loop
      vertex 34.91344786435366 9.571289457380772 0.9
      vertex 32.83946153521538 9.346942447125912 0.9
      vertex 32.827834755182266 9.520211391150951 0.9
    endloop
  endfacet
  facet normal 0 0 -1
    outer loop
      vertex 34.906962394714355 9.791667804121971 0.9
      vertex 34.91344786435366 9.571289457380772 0.9
      vertex 32.827834755182266 9.520211391150951 0.9
    endloop
  endfacet
  facet normal 0 0 -1
    outer loop
      vertex 34.906962394714355 9.791667804121971 0.9
      vertex 32.827834755182266 9.520211391150951 0.9
      vertex 32.822150997817516 9.695099711418152 0.9
    endloop
  endfacet
  facet normal 0 0 -1
    outer loop
      vertex 34.904800571501255 10.047193728387356 0.9
      vertex 34.906962394714355 9.791667804121971 0.9
      vertex 32.822150997817516 9.695099711418152 0.9
    endloop
  endfacet
  facet normal 0 0 -1
    outer loop
      vertex 34.904800571501255 10.047193728387356 0.9
      vertex 32.822150997817516 9.695099711418152 0.9
      vertex 32.80858974158764 10.620754979550838 0.9
    endloop
  endfacet
  facet normal 0 0 -1
    outer loop
      vertex 34.904800571501255 10.716481477022171 0.9
      vertex 34.904800571501255 10.047193728387356 0.9
      vertex 32.80858974158764 10.620754979550838 0.9
    endloop
  endfacet
  facet normal 0 0 -1
    outer loop
      vertex 34.904800571501255 10.716481477022171 0.9
      vertex 32.80858974158764 10.620754979550838 0.9
      vertex 32.79035384953022 10.976458683609962 0.9
    endloop
  endfacet
  facet normal 0 0 -1
    outer loop
      vertex 34.89330541342497 11.11410541087389 0.9
      vertex 34.904800571501255 10.716481477022171 0.9
      vertex 32.79035384953022 10.976458683609962 0.9
    endloop
  endfacet
  facet normal 0 0 -1
    outer loop
      vertex 34.85881994664669 11.468732193112373 0.9
      vertex 34.89330541342497 11.11410541087389 0.9
      vertex 32.79035384953022 10.976458683609962 0.9
    endloop
  endfacet
  facet normal 0 0 -1
    outer loop
      vertex 34.85881994664669 11.468732193112373 0.9
      vertex 32.79035384953022 10.976458683609962 0.9
      vertex 32.74641538411379 11.281347572803497 0.9
    endloop
  endfacet
  facet normal 0 0 -1
    outer loop
      vertex 34.80134415626526 11.780361823737621 0.9
      vertex 34.85881994664669 11.468732193112373 0.9
      vertex 32.74641538411379 11.281347572803497 0.9
    endloop
  endfacet
  facet normal 0 0 -1
    outer loop
      vertex 34.720878064632416 12.048994295299053 0.9
      vertex 34.80134415626526 11.780361823737621 0.9
      vertex 32.74641538411379 11.281347572803497 0.9
    endloop
  endfacet
  facet normal 0 0 -1
    outer loop
      vertex 34.720878064632416 12.048994295299053 0.9
      vertex 32.74641538411379 11.281347572803497 0.9
      vertex 32.676774360239506 11.535421647131443 0.9
    endloop
  endfacet
  facet normal 0 0 -1
    outer loop
      vertex 34.61742164939642 12.27462963014841 0.9
      vertex 34.720878064632416 12.048994295299053 0.9
      vertex 32.676774360239506 11.535421647131443 0.9
    endloop
  endfacet
  facet normal 0 0 -1
    outer loop
      vertex 34.48637606948614 12.46947692334652 0.9
      vertex 34.61742164939642 12.27462963014841 0.9
      vertex 32.676774360239506 11.535421647131443 0.9
    endloop
  endfacet
  facet normal 0 0 -1
    outer loop
      vertex 34.32314244657755 12.645665526390076 0.9
      vertex 34.48637606948614 12.46947692334652 0.9
      vertex 32.676774360239506 11.535421647131443 0.9
    endloop
  endfacet
  facet normal 0 0 -1
    outer loop
      vertex 34.127720795571804 12.80319543927908 0.9
      vertex 34.32314244657755 12.645665526390076 0.9
      vertex 32.676774360239506 11.535421647131443 0.9
    endloop
  endfacet
  facet normal 0 0 -1
    outer loop
      vertex 33.900111109018326 12.94206666201353 0.9
      vertex 34.127720795571804 12.80319543927908 0.9
      vertex 32.676774360239506 11.535421647131443 0.9
    endloop
  endfacet
  facet normal 0 0 -1
    outer loop
      vertex 33.900111109018326 12.94206666201353 0.9
      vertex 32.676774360239506 11.535421647131443 0.9
      vertex 32.58143077045679 11.7386809065938 0.9
    endloop
  endfacet
  facet normal 0 0 -1
    outer loop
      vertex 33.640313386917114 13.06227920204401 0.9
      vertex 33.900111109018326 12.94206666201353 0.9
      vertex 32.58143077045679 11.7386809065938 0.9
    endloop
  endfacet
  facet normal 0 0 -1
    outer loop
      vertex 33.640313386917114 13.06227920204401 0.9
      vertex 32.58143077045679 11.7386809065938 0.9
      vertex 32.460384614765644 11.891125351190567 0.9
    endloop
  endfacet
  facet normal 0 0 -1
    outer loop
      vertex 33.640313386917114 13.06227920204401 0.9
      vertex 32.460384614765644 11.891125351190567 0.9
      vertex 32.30309401452541 12.005458682775497 0.9
    endloop
  endfacet
  facet normal 0 0 -1
    outer loop
      vertex 32.47045584022999 14.024031333625317 0.9
      vertex 33.640313386917114 13.06227920204401 0.9
      vertex 32.30309401452541 12.005458682775497 0.9
    endloop
  endfacet
  facet normal 0 0 -1
    outer loop
      vertex 32.31575384736061 13.965554416179657 0.9
      vertex 32.47045584022999 14.024031333625317 0.9
      vertex 32.30309401452541 12.005458682775497 0.9
    endloop
  endfacet
  facet normal 0 0 -1
    outer loop
      vertex 32.31575384736061 13.965554416179657 0.9
      vertex 32.30309401452541 12.005458682775497 0.9
      vertex 32.09901709109545 12.094384610652924 0.9
    endloop
  endfacet
  facet normal 0 0 -1
    outer loop
      vertex 32.13292421400547 13.920072361826897 0.9
      vertex 32.31575384736061 13.965554416179657 0.9
      vertex 32.09901709109545 12.094384610652924 0.9
    endloop
  endfacet
  facet normal 0 0 -1
    outer loop
      vertex 32.13292421400547 13.920072361826897 0.9
      vertex 32.09901709109545 12.094384610652924 0.9
      vertex 31.848153844475746 12.157903127372265 0.9
    endloop
  endfacet
  facet normal 0 0 -1
    outer loop
      vertex 31.921966955065727 13.887585185468197 0.9
      vertex 32.13292421400547 13.920072361826897 0.9
      vertex 31.848153844475746 12.157903127372265 0.9
    endloop
  endfacet
  facet normal 0 0 -1
    outer loop
      vertex 31.68288204818964 13.868092872202396 0.9
      vertex 31.921966955065727 13.887585185468197 0.9
      vertex 31.848153844475746 12.157903127372265 0.9
    endloop
  endfacet
  facet normal 0 0 -1
    outer loop
      vertex 31.68288204818964 13.868092872202396 0.9
      vertex 31.848153844475746 12.157903127372265 0.9
      vertex 31.55050427466631 12.196014240384102 0.9
    endloop
  endfacet
  facet normal 0 0 -1
    outer loop
      vertex 31.41566951572895 13.861595436930656 0.9
      vertex 31.68288204818964 13.868092872202396 0.9
      vertex 31.55050427466631 12.196014240384102 0.9
    endloop
  endfacet
  facet normal 0 0 -1
    outer loop
      vertex 31.41566951572895 13.861595436930656 0.9
      vertex 31.55050427466631 12.196014240384102 0.9
      vertex 31.206068374216557 12.208717942237854 0.9
    endloop
  endfacet
  facet normal 0 0 -1
    outer loop
      vertex 29.0557122528553 13.861595436930656 0.9
      vertex 31.41566951572895 13.861595436930656 0.9
      vertex 31.206068374216557 12.208717942237854 0.9
    endloop
  endfacet
  facet normal 0 0 -1
    outer loop
      vertex 29.0557122528553 13.861595436930656 0.9
      vertex 31.206068374216557 12.208717942237854 0.9
      vertex 29.0557122528553 12.208717942237854 0.9
    endloop
  endfacet
  facet normal 0 0 -1
    outer loop
      vertex 27.020327635109425 18.27139601111412 0.9
      vertex 29.0557122528553 16.541937321424484 0.9
      vertex 29.0557122528553 13.861595436930656 0.9
    endloop
  endfacet
  facet normal 0 0 -1
    outer loop
      vertex 29.0557122528553 12.208717942237854 0.9
      vertex 27.020327635109425 8.303076922893524 0.9
      vertex 27.020327635109425 18.27139601111412 0.9
    endloop
  endfacet
  facet normal 0 0 -1
    outer loop
      vertex 29.0557122528553 12.208717942237854 0.9
      vertex 27.020327635109425 18.27139601111412 0.9
      vertex 29.0557122528553 13.861595436930656 0.9
    endloop
  endfacet
  facet normal 0 0 -1
    outer loop
      vertex 43.912264958024025 14.384900279343128 0.9
      vertex 43.912264958024025 12.655441589653492 0.9
      vertex 39.070797719061375 12.655441589653492 0.9
    endloop
  endfacet
  facet normal 0 0 -1
    outer loop
      vertex 39.070797719061375 14.384900279343128 0.9
      vertex 43.912264958024025 14.384900279343128 0.9
      vertex 39.070797719061375 12.655441589653492 0.9
    endloop
  endfacet
  facet normal 0 0 -1
    outer loop
      vertex 44.34502848982811 18.27139601111412 0.9
      vertex 44.34502848982811 16.503646723926067 0.9
      vertex 39.070797719061375 16.503646723926067 0.9
    endloop
  endfacet
  facet normal 0 0 -1
    outer loop
      vertex 37.03541310876608 18.27139601111412 0.9
      vertex 44.34502848982811 18.27139601111412 0.9
      vertex 39.070797719061375 16.503646723926067 0.9
    endloop
  endfacet
  facet normal 0 0 -1
    outer loop
      vertex 39.070797719061375 10.096353270113468 0.9
      vertex 44.58853276073933 10.096353270113468 0.9
      vertex 44.58853276073933 8.303076922893524 0.9
    endloop
  endfacet
  facet normal 0 0 -1
    outer loop
      vertex 39.070797719061375 10.096353270113468 0.9
      vertex 44.58853276073933 8.303076922893524 0.9
      vertex 37.03541310876608 8.303076922893524 0.9
    endloop
  endfacet
  facet normal 0 0 -1
    outer loop
      vertex 37.03541310876608 18.27139601111412 0.9
      vertex 39.070797719061375 16.503646723926067 0.9
      vertex 39.070797719061375 14.384900279343128 0.9
    endloop
  endfacet
  facet normal 0 0 -1
    outer loop
      vertex 39.070797719061375 12.655441589653492 0.9
      vertex 39.070797719061375 10.096353270113468 0.9
      vertex 37.03541310876608 8.303076922893524 0.9
    endloop
  endfacet
  facet normal 0 0 -1
    outer loop
      vertex 37.03541310876608 8.303076922893524 0.9
      vertex 37.03541310876608 18.27139601111412 0.9
      vertex 39.070797719061375 14.384900279343128 0.9
    endloop
  endfacet
  facet normal 0 0 -1
    outer loop
      vertex 39.070797719061375 12.655441589653492 0.9
      vertex 37.03541310876608 8.303076922893524 0.9
      vertex 39.070797719061375 14.384900279343128 0.9
    endloop
  endfacet
  facet normal 0 0 -1
    outer loop
      vertex 46.21199430525303 18.27139601111412 0.9
      vertex 48.29464387148619 18.27139601111412 0.9
      vertex 48.29464387148619 10.096353270113468 0.9
    endloop
  endfacet
  facet normal 0 0 -1
    outer loop
      vertex 46.21199430525303 8.303076922893524 0.9
      vertex 46.21199430525303 18.27139601111412 0.9
      vertex 48.29464387148619 10.096353270113468 0.9
    endloop
  endfacet
  facet normal 0 0 -1
    outer loop
      vertex 48.29464387148619 10.096353270113468 0.9
      vertex 53.23084045946598 10.096353270113468 0.9
      vertex 53.23084045946598 8.303076922893524 0.9
    endloop
  endfacet
  facet normal 0 0 -1
    outer loop
      vertex 48.29464387148619 10.096353270113468 0.9
      vertex 53.23084045946598 8.303076922893524 0.9
      vertex 46.21199430525303 8.303076922893524 0.9
    endloop
  endfacet
  facet normal 0 0 -1
    outer loop
      vertex 54.671723648905754 18.27139601111412 0.9
      vertex 56.75437322258949 18.27139601111412 0.9
      vertex 56.75437322258949 10.096353270113468 0.9
    endloop
  endfacet
  facet normal 0 0 -1
    outer loop
      vertex 54.671723648905754 8.303076922893524 0.9
      vertex 54.671723648905754 18.27139601111412 0.9
      vertex 56.75437322258949 10.096353270113468 0.9
    endloop
  endfacet
  facet normal 0 0 -1
    outer loop
      vertex 56.75437322258949 10.096353270113468 0.9
      vertex 61.690569803118706 10.096353270113468 0.9
      vertex 61.690569803118706 8.303076922893524 0.9
    endloop
  endfacet
  facet normal 0 0 -1
    outer loop
      vertex 56.75437322258949 10.096353270113468 0.9
      vertex 61.690569803118706 8.303076922893524 0.9
      vertex 54.671723648905754 8.303076922893524 0.9
    endloop
  endfacet
  facet normal 0 0 -1
    outer loop
      vertex 70.06913105398417 14.384900279343128 0.9
      vertex 70.06913105398417 12.655441589653492 0.9
      vertex 65.22766381502151 12.655441589653492 0.9
    endloop
  endfacet
  facet normal 0 0 -1
    outer loop
      vertex 65.22766381502151 14.384900279343128 0.9
      vertex 70.06913105398417 14.384900279343128 0.9
      vertex 65.22766381502151 12.655441589653492 0.9
    endloop
  endfacet
  facet normal 0 0 -1
    outer loop
      vertex 70.50189458578825 18.27139601111412 0.9
      vertex 70.50189458578825 16.503646723926067 0.9
      vertex 65.22766381502151 16.503646723926067 0.9
    endloop
  endfacet
  facet normal 0 0 -1
    outer loop
      vertex 63.19227920472622 18.27139601111412 0.9
      vertex 70.50189458578825 18.27139601111412 0.9
      vertex 65.22766381502151 16.503646723926067 0.9
    endloop
  endfacet
  facet normal 0 0 -1
    outer loop
      vertex 65.22766381502151 10.096353270113468 0.9
      vertex 70.74539885669947 10.096353270113468 0.9
      vertex 70.74539885669947 8.303076922893524 0.9
    endloop
  endfacet
  facet normal 0 0 -1
    outer loop
      vertex 65.22766381502151 10.096353270113468 0.9
      vertex 70.74539885669947 8.303076922893524 0.9
      vertex 63.19227920472622 8.303076922893524 0.9
    endloop
  endfacet
  facet normal 0 0 -1
    outer loop
      vertex 63.19227920472622 18.27139601111412 0.9
      vertex 65.22766381502151 16.503646723926067 0.9
      vertex 65.22766381502151 14.384900279343128 0.9
    endloop
  endfacet
  facet normal 0 0 -1
    outer loop
      vertex 65.22766381502151 12.655441589653492 0.9
      vertex 65.22766381502151 10.096353270113468 0.9
      vertex 63.19227920472622 8.303076922893524 0.9
    endloop
  endfacet
  facet normal 0 0 -1
    outer loop
      vertex 63.19227920472622 8.303076922893524 0.9
      vertex 63.19227920472622 18.27139601111412 0.9
      vertex 65.22766381502151 14.384900279343128 0.9
    endloop
  endfacet
  facet normal 0 0 -1
    outer loop
      vertex 65.22766381502151 12.655441589653492 0.9
      vertex 63.19227920472622 8.303076922893524 0.9
      vertex 65.22766381502151 14.384900279343128 0.9
    endloop
  endfacet
  facet normal 0 0 -1
    outer loop
      vertex 14.185000002384186 14.212592586874962 0.9
      vertex 14.185000002384186 12.483133897185326 0.9
      vertex 9.810000002384186 12.483133897185326 0.9
    endloop
  endfacet
  facet normal 0 0 -1
    outer loop
      vertex 9.810000002384186 14.212592586874962 0.9
      vertex 14.185000002384186 14.212592586874962 0.9
      vertex 9.810000002384186 12.483133897185326 0.9
    endloop
  endfacet
  facet normal 0 0 -1
    outer loop
      vertex 14.807122506201267 18.258632473647594 0.9
      vertex 14.807122506201267 16.51002848893404 0.9
      vertex 9.810000002384186 16.51002848893404 0.9
    endloop
  endfacet
  facet normal 0 0 -1
    outer loop
      vertex 7.740911677479744 18.258632473647594 0.9
      vertex 14.807122506201267 18.258632473647594 0.9
      vertex 9.810000002384186 16.51002848893404 0.9
    endloop
  endfacet
  facet normal 0 0 -1
    outer loop
      vertex 9.810000002384186 12.483133897185326 0.9
      vertex 9.810000002384186 8.303076922893524 0.9
      vertex 7.740911677479744 8.303076922893524 0.9
    endloop
  endfacet
  facet normal 0 0 -1
    outer loop
      vertex 7.740911677479744 18.258632473647594 0.9
      vertex 9.810000002384186 16.51002848893404 0.9
      vertex 9.810000002384186 14.212592586874962 0.9
    endloop
  endfacet
  facet normal 0 0 -1
    outer loop
      vertex 7.740911677479744 8.303076922893524 0.9
      vertex 7.740911677479744 18.258632473647594 0.9
      vertex 9.810000002384186 14.212592586874962 0.9
    endloop
  endfacet
  facet normal 0 0 -1
    outer loop
      vertex 9.810000002384186 12.483133897185326 0.9
      vertex 7.740911677479744 8.303076922893524 0.9
      vertex 9.810000002384186 14.212592586874962 0.9
    endloop
  endfacet
endsolid OpenSCAD_Model
