solid OpenSCAD_Model
  facet normal -0.6343932751742409 -0.7730104607401506 0
    outer loop
      vertex 0.41005050390958786 0.41005050390958786 0
      vertex 0.6222016736865044 0.235942542552948 0
      vertex 0.41005050390958786 0.41005050390958786 1.5
    endloop
  endfacet
  facet normal -0.7730104607401506 -0.6343932751742409 0
    outer loop
      vertex 0.41005050390958786 0.41005050390958786 0
      vertex 0.235942542552948 0.6222016736865044 1.5
      vertex 0.235942542552948 0.6222016736865044 0
    endloop
  endfacet
  facet normal -0.8819212681735322 -0.47139672966959456 0
    outer loop
      vertex 0.235942542552948 0.6222016736865044 0
      vertex 0.10656865686178207 0.8642431944608688 1.5
      vertex 0.10656865686178207 0.8642431944608688 0
    endloop
  endfacet
  facet normal -0.47139672966959456 -0.8819212681735322 0
    outer loop
      vertex 0.6222016736865044 0.235942542552948 0
      vertex 0.8642431944608688 0.10656865686178207 0
      vertex 0.6222016736865044 0.235942542552948 1.5
    endloop
  endfacet
  facet normal -0.2902846915285437 -0.9569403314022136 0
    outer loop
      vertex 0.8642431944608688 0.10656865686178207 0
      vertex 1.1268735527992249 0.026900604367256165 0
      vertex 0.8642431944608688 0.10656865686178207 1.5
    endloop
  endfacet
  facet normal -0.09801713107425283 -0.9951847275837651 0
    outer loop
      vertex 1.1268735527992249 0.026900604367256165 0
      vertex 1.3999999985098839 0 0
      vertex 1.1268735527992249 0.026900604367256165 1.5
    endloop
  endfacet
  facet normal -0.9569403314022136 -0.2902846915285437 0
    outer loop
      vertex 0.10656865686178207 0.8642431944608688 0
      vertex 0.026900604367256165 1.1268735527992249 1.5
      vertex 0.026900604367256165 1.1268735527992249 0
    endloop
  endfacet
  facet normal -0.9951847275837651 -0.09801713107425283 0
    outer loop
      vertex 0.026900604367256165 1.1268735527992249 0
      vertex 0 1.3999999985098839 1.5
      vertex 0 1.3999999985098839 0
    endloop
  endfacet
  facet normal -1 0 0
    outer loop
      vertex 0 1.3999999985098839 0
      vertex 0 8.424882082947917 0.901
      vertex 0 10.835815266231773 0.901
    endloop
  endfacet
  facet normal -1 0 0
    outer loop
      vertex 0 1.3999999985098839 0
      vertex 0 10.835815266231773 0.901
      vertex 0 15.686204577332644 0.901
    endloop
  endfacet
  facet normal -1 0 0
    outer loop
      vertex 0 1.3999999985098839 0
      vertex 0 15.686204577332644 0.901
      vertex 0 18.103552256257235 0.901
    endloop
  endfacet
  facet normal 0 0 -1
    outer loop
      vertex 0.41005050390958786 0.41005050390958786 0
      vertex 0.235942542552948 0.6222016736865044 0
      vertex 0.235942542552948 61.377798326313496 0
    endloop
  endfacet
  facet normal 0 0 -1
    outer loop
      vertex 0.41005050390958786 0.41005050390958786 0
      vertex 0.41005050390958786 61.58994949609041 0
      vertex 0.6222016736865044 0.235942542552948 0
    endloop
  endfacet
  facet normal 0 0 -1
    outer loop
      vertex 0.235942542552948 0.6222016736865044 0
      vertex 0.10656865686178207 0.8642431944608688 0
      vertex 0.10656865686178207 61.13575680553913 0
    endloop
  endfacet
  facet normal 0 0 -1
    outer loop
      vertex 0.10656865686178207 0.8642431944608688 0
      vertex 0.026900604367256165 1.1268735527992249 0
      vertex 0.026900604367256165 60.873126447200775 0
    endloop
  endfacet
  facet normal 0 0 -1
    outer loop
      vertex 0.026900604367256165 1.1268735527992249 0
      vertex 0 1.3999999985098839 0
      vertex 0 60.600000001490116 0
    endloop
  endfacet
  facet normal 0 0 -1
    outer loop
      vertex 0.6222016736865044 0.235942542552948 0
      vertex 0.6222016736865044 61.76405745744705 0
      vertex 0.8642431944608688 0.10656865686178207 0
    endloop
  endfacet
  facet normal 0 0 -1
    outer loop
      vertex 0.8642431944608688 0.10656865686178207 0
      vertex 0.8642431944608688 61.89343134313822 0
      vertex 1.1268735527992249 0.026900604367256165 0
    endloop
  endfacet
  facet normal 0 0 -1
    outer loop
      vertex 1.1268735527992249 0.026900604367256165 0
      vertex 1.1268735527992249 61.973099395632744 0
      vertex 1.3999999985098839 0 0
    endloop
  endfacet
  facet normal 0 -1 0
    outer loop
      vertex 1.3999999985098839 0 0
      vertex 76.60000000149012 0 0
      vertex 1.3999999985098839 0 1.5
    endloop
  endfacet
  facet normal 0 0 -1
    outer loop
      vertex 1.3999999985098839 0 0
      vertex 1.3999999985098839 62 0
      vertex 76.60000000149012 0 0
    endloop
  endfacet
  facet normal -1 0 0
    outer loop
      vertex 0 1.3999999985098839 0
      vertex 0 1.3999999985098839 1.5
      vertex 0 8.424882082947917 0.901
    endloop
  endfacet
  facet normal -0.7730104607401506 -0.6343932751742409 0
    outer loop
      vertex 0.41005050390958786 0.41005050390958786 0
      vertex 0.41005050390958786 0.41005050390958786 1.5
      vertex 0.235942542552948 0.6222016736865044 1.5
    endloop
  endfacet
  facet normal -0.6343932751742409 -0.7730104607401506 0
    outer loop
      vertex 0.6222016736865044 0.235942542552948 0
      vertex 0.6222016736865044 0.235942542552948 1.5
      vertex 0.41005050390958786 0.41005050390958786 1.5
    endloop
  endfacet
  facet normal -0.8819212681735322 -0.47139672966959456 0
    outer loop
      vertex 0.235942542552948 0.6222016736865044 0
      vertex 0.235942542552948 0.6222016736865044 1.5
      vertex 0.10656865686178207 0.8642431944608688 1.5
    endloop
  endfacet
  facet normal -0.9569403314022136 -0.2902846915285437 0
    outer loop
      vertex 0.10656865686178207 0.8642431944608688 0
      vertex 0.10656865686178207 0.8642431944608688 1.5
      vertex 0.026900604367256165 1.1268735527992249 1.5
    endloop
  endfacet
  facet normal -0.47139672966959456 -0.8819212681735322 0
    outer loop
      vertex 0.8642431944608688 0.10656865686178207 0
      vertex 0.8642431944608688 0.10656865686178207 1.5
      vertex 0.6222016736865044 0.235942542552948 1.5
    endloop
  endfacet
  facet normal -0.2902846915285437 -0.9569403314022136 0
    outer loop
      vertex 1.1268735527992249 0.026900604367256165 0
      vertex 1.1268735527992249 0.026900604367256165 1.5
      vertex 0.8642431944608688 0.10656865686178207 1.5
    endloop
  endfacet
  facet normal -0.9951847275837651 -0.09801713107425283 0
    outer loop
      vertex 0.026900604367256165 1.1268735527992249 0
      vertex 0.026900604367256165 1.1268735527992249 1.5
      vertex 0 1.3999999985098839 1.5
    endloop
  endfacet
  facet normal -0.09801713107425283 -0.9951847275837651 0
    outer loop
      vertex 1.3999999985098839 0 0
      vertex 1.3999999985098839 0 1.5
      vertex 1.1268735527992249 0.026900604367256165 1.5
    endloop
  endfacet
  facet normal -1 0 0
    outer loop
      vertex 0 10.835815266231773 1.5
      vertex 0 15.686204577332644 0.901
      vertex 0 10.835815266231773 0.901
    endloop
  endfacet
  facet normal -1 0 0
    outer loop
      vertex 0 1.3999999985098839 1.5
      vertex 0 8.424882082947917 1.5
      vertex 0 8.424882082947917 0.901
    endloop
  endfacet
  facet normal 0 0 1
    outer loop
      vertex 0.6222016736865044 0.235942542552948 1.5
      vertex 0.8642431944608688 0.10656865686178207 1.5
      vertex 0.3498529940843582 8.276959538459778 1.5
    endloop
  endfacet
  facet normal 0 0 1
    outer loop
      vertex 0.8642431944608688 0.10656865686178207 1.5
      vertex 1.1268735527992249 0.026900604367256165 1.5
      vertex 1.0563663840293884 8.112274073064327 1.5
    endloop
  endfacet
  facet normal 0 0 1
    outer loop
      vertex 1.1268735527992249 0.026900604367256165 1.5
      vertex 1.3999999985098839 0 1.5
      vertex 1.0563663840293884 8.112274073064327 1.5
    endloop
  endfacet
  facet normal 0 0 1
    outer loop
      vertex 0.235942542552948 0.6222016736865044 1.5
      vertex 0 8.424882082947917 1.5
      vertex 0.10656865686178207 0.8642431944608688 1.5
    endloop
  endfacet
  facet normal 0 0 1
    outer loop
      vertex 0.41005050390958786 0.41005050390958786 1.5
      vertex 0.3498529940843582 8.276959538459778 1.5
      vertex 0.235942542552948 0.6222016736865044 1.5
    endloop
  endfacet
  facet normal 0 0 1
    outer loop
      vertex 0.41005050390958786 0.41005050390958786 1.5
      vertex 0.6222016736865044 0.235942542552948 1.5
      vertex 0.3498529940843582 8.276959538459778 1.5
    endloop
  endfacet
  facet normal 0 0 1
    outer loop
      vertex 0.10656865686178207 0.8642431944608688 1.5
      vertex 0 8.424882082947917 1.5
      vertex 0.026900604367256165 1.1268735527992249 1.5
    endloop
  endfacet
  facet normal 0 0 1
    outer loop
      vertex 0.026900604367256165 1.1268735527992249 1.5
      vertex 0 8.424882082947917 1.5
      vertex 0 1.3999999985098839 1.5
    endloop
  endfacet
  facet normal 0 0 1
    outer loop
      vertex 0.235942542552948 0.6222016736865044 1.5
      vertex 0.3498529940843582 8.276959538459778 1.5
      vertex 0 8.424882082947917 1.5
    endloop
  endfacet
  facet normal 0 0 1
    outer loop
      vertex 0.8642431944608688 0.10656865686178207 1.5
      vertex 1.0563663840293884 8.112274073064327 1.5
      vertex 0.3498529940843582 8.276959538459778 1.5
    endloop
  endfacet
  facet normal 0 0 1
    outer loop
      vertex 1.3999999985098839 0 1.5
      vertex 1.8202279210090637 8.05737891793251 1.5
      vertex 1.0563663840293884 8.112274073064327 1.5
    endloop
  endfacet
  facet normal 0 0 1
    outer loop
      vertex 1.3999999985098839 0 1.5
      vertex 2.286507695913315 8.077629059553146 1.5
      vertex 1.8202279210090637 8.05737891793251 1.5
    endloop
  endfacet
  facet normal 0 0 1
    outer loop
      vertex 1.3999999985098839 0 1.5
      vertex 2.722498007118702 8.138379484415054 1.5
      vertex 2.286507695913315 8.077629059553146 1.5
    endloop
  endfacet
  facet normal 0 0 1
    outer loop
      vertex 1.3999999985098839 0 1.5
      vertex 3.1281988620758057 8.239630199968815 1.5
      vertex 2.722498007118702 8.138379484415054 1.5
    endloop
  endfacet
  facet normal 0 0 1
    outer loop
      vertex 1.3999999985098839 0 1.5
      vertex 3.5036102533340454 8.381381191313267 1.5
      vertex 3.1281988620758057 8.239630199968815 1.5
    endloop
  endfacet
  facet normal 0 0 1
    outer loop
      vertex 1.3999999985098839 0 1.5
      vertex 3.8487321957945824 8.563632473349571 1.5
      vertex 3.5036102533340454 8.381381191313267 1.5
    endloop
  endfacet
  facet normal 0 0 1
    outer loop
      vertex 1.3999999985098839 0 1.5
      vertex 5.140242166817188 8.319031335413456 1.5
      vertex 3.8487321957945824 8.563632473349571 1.5
    endloop
  endfacet
  facet normal 0 0 1
    outer loop
      vertex 1.3999999985098839 0 1.5
      vertex 6.519700855016708 8.319031335413456 1.5
      vertex 5.140242166817188 8.319031335413456 1.5
    endloop
  endfacet
  facet normal 0 0 1
    outer loop
      vertex 1.3999999985098839 0 1.5
      vertex 8.569245010614395 8.319031335413456 1.5
      vertex 6.519700855016708 8.319031335413456 1.5
    endloop
  endfacet
  facet normal 0 0 1
    outer loop
      vertex 1.3999999985098839 0 1.5
      vertex 16.122364670038223 8.319031335413456 1.5
      vertex 8.569245010614395 8.319031335413456 1.5
    endloop
  endfacet
  facet normal -1 0 0
    outer loop
      vertex 0 15.686204577332644 1.5
      vertex 0 15.686204577332644 0.901
      vertex 0 10.835815266231773 1.5
    endloop
  endfacet
  facet normal 0 0 1
    outer loop
      vertex 2.13123931735754 9.812364667654037 1.5
      vertex 2.367863245308399 12.001310534775257 1.5
      vertex 1.7130940183997154 9.84293332695961 1.5
    endloop
  endfacet
  facet normal 0 0 1
    outer loop
      vertex 2.5353327617049217 9.836551561951637 1.5
      vertex 2.367863245308399 12.001310534775257 1.5
      vertex 2.13123931735754 9.812364667654037 1.5
    endloop
  endfacet
  facet normal 0 0 1
    outer loop
      vertex 3.8487321957945824 8.563632473349571 1.5
      vertex 5.140242166817188 8.319031335413456 1.5
      vertex 4.0456495732069016 8.696445010602474 1.5
    endloop
  endfacet
  facet normal 0 0 1
    outer loop
      vertex 4.0456495732069016 8.696445010602474 1.5
      vertex 5.140242166817188 8.319031335413456 1.5
      vertex 4.252299144864082 8.862745866179466 1.5
    endloop
  endfacet
  facet normal 0 0 1
    outer loop
      vertex 4.252299144864082 8.862745866179466 1.5
      vertex 5.140242166817188 8.319031335413456 1.5
      vertex 4.468680910766125 9.062535040080547 1.5
    endloop
  endfacet
  facet normal 0 0 1
    outer loop
      vertex 4.468680910766125 9.062535040080547 1.5
      vertex 5.140242166817188 8.319031335413456 1.5
      vertex 4.694794870913029 9.295812532305717 1.5
    endloop
  endfacet
  facet normal 0 0 1
    outer loop
      vertex 2.909128777682781 9.909112244844437 1.5
      vertex 2.367863245308399 12.001310534775257 1.5
      vertex 2.5353327617049217 9.836551561951637 1.5
    endloop
  endfacet
  facet normal 0 0 1
    outer loop
      vertex 3.2526273503899574 10.030046723783016 1.5
      vertex 2.367863245308399 12.001310534775257 1.5
      vertex 2.909128777682781 9.909112244844437 1.5
    endloop
  endfacet
  facet normal 0 0 1
    outer loop
      vertex 3.565828487277031 10.199354983866215 1.5
      vertex 2.367863245308399 12.001310534775257 1.5
      vertex 3.2526273503899574 10.030046723783016 1.5
    endloop
  endfacet
  facet normal 0 0 1
    outer loop
      vertex 3.8487321957945824 10.417037032544613 1.5
      vertex 2.367863245308399 12.001310534775257 1.5
      vertex 3.565828487277031 10.199354983866215 1.5
    endloop
  endfacet
  facet normal 0 0 1
    outer loop
      vertex 4.095965810120106 10.67390312999487 1.5
      vertex 2.367863245308399 12.001310534775257 1.5
      vertex 3.8487321957945824 10.417037032544613 1.5
    endloop
  endfacet
  facet normal 0 0 1
    outer loop
      vertex 4.302076920866966 10.960763528943062 1.5
      vertex 2.367863245308399 12.001310534775257 1.5
      vertex 4.095965810120106 10.67390312999487 1.5
    endloop
  endfacet
  facet normal 0 0 1
    outer loop
      vertex 4.467065528035164 11.27761822938919 1.5
      vertex 2.367863245308399 12.001310534775257 1.5
      vertex 4.302076920866966 10.960763528943062 1.5
    endloop
  endfacet
  facet normal 0 0 1
    outer loop
      vertex 0 15.686204577332644 1.5
      vertex 0 10.835815266231773 1.5
      vertex 0.22438746690750122 10.576581194996834 1.5
    endloop
  endfacet
  facet normal 0 0 1
    outer loop
      vertex 0.1600712239742279 15.91622506827116 1.5
      vertex 0.22438746690750122 10.576581194996834 1.5
      vertex 0.568982906639576 10.30146324634552 1.5
    endloop
  endfacet
  facet normal 0 0 1
    outer loop
      vertex 0.4869612529873848 16.24371737241745 1.5
      vertex 0.568982906639576 10.30146324634552 1.5
      vertex 0.9319658130407333 10.087482616305351 1.5
    endloop
  endfacet
  facet normal 0 0 1
    outer loop
      vertex 0.8482011407613754 16.498433612287045 1.5
      vertex 0.9319658130407333 10.087482616305351 1.5
      vertex 1.3133361786603928 9.934639312326908 1.5
    endloop
  endfacet
  facet normal 0 0 1
    outer loop
      vertex 1.2437908798456192 16.680373787879944 1.5
      vertex 1.3133361786603928 9.934639312326908 1.5
      vertex 1.7130940183997154 9.84293332695961 1.5
    endloop
  endfacet
  facet normal 0 0 1
    outer loop
      vertex 1.2437908798456192 16.680373787879944 1.5
      vertex 1.7130940183997154 9.84293332695961 1.5
      vertex 2.367863245308399 12.001310534775257 1.5
    endloop
  endfacet
  facet normal 0 0 1
    outer loop
      vertex 0.22438746690750122 10.576581194996834 1.5
      vertex 0.1600712239742279 15.91622506827116 1.5
      vertex 0 15.686204577332644 1.5
    endloop
  endfacet
  facet normal 0 0 1
    outer loop
      vertex 0.568982906639576 10.30146324634552 1.5
      vertex 0.4869612529873848 16.24371737241745 1.5
      vertex 0.1600712239742279 15.91622506827116 1.5
    endloop
  endfacet
  facet normal 0 0 1
    outer loop
      vertex 0.4869612529873848 16.24371737241745 1.5
      vertex 0.9319658130407333 10.087482616305351 1.5
      vertex 0.8482011407613754 16.498433612287045 1.5
    endloop
  endfacet
  facet normal 0 0 1
    outer loop
      vertex 1.3133361786603928 9.934639312326908 1.5
      vertex 1.2437908798456192 16.680373787879944 1.5
      vertex 0.8482011407613754 16.498433612287045 1.5
    endloop
  endfacet
  facet normal 0 0 1
    outer loop
      vertex 1.2437908798456192 16.680373787879944 1.5
      vertex 2.367863245308399 12.001310534775257 1.5
      vertex 2.367863245308399 13.666951566934586 1.5
    endloop
  endfacet
  facet normal 0 0 1
    outer loop
      vertex 2.367863245308399 12.001310534775257 1.5
      vertex 4.467065528035164 11.27761822938919 1.5
      vertex 4.590931624174118 11.624467231333256 1.5
    endloop
  endfacet
  facet normal 0 0 1
    outer loop
      vertex 2.367863245308399 12.001310534775257 1.5
      vertex 4.590931624174118 11.624467231333256 1.5
      vertex 4.673675216734409 12.001310534775257 1.5
    endloop
  endfacet
  facet normal 0 0 1
    outer loop
      vertex 3.621301993727684 16.41588945686817 1.5
      vertex 2.367863245308399 13.666951566934586 1.5
      vertex 3.9072051271796227 16.179780051112175 1.5
    endloop
  endfacet
  facet normal 0 0 1
    outer loop
      vertex 3.9072051271796227 16.179780051112175 1.5
      vertex 2.367863245308399 13.666951566934586 1.5
      vertex 4.138464383780956 15.894435323774815 1.5
    endloop
  endfacet
  facet normal 0 0 1
    outer loop
      vertex 4.138464383780956 15.894435323774815 1.5
      vertex 2.367863245308399 13.666951566934586 1.5
      vertex 4.3150797709822655 15.55985526740551 1.5
    endloop
  endfacet
  facet normal 0 0 1
    outer loop
      vertex 2.367863245308399 13.666951566934586 1.5
      vertex 6.519700855016708 13.666951566934586 1.5
      vertex 4.43705128133297 15.176039882004261 1.5
    endloop
  endfacet
  facet normal 0 0 1
    outer loop
      vertex 2.367863245308399 13.666951566934586 1.5
      vertex 4.43705128133297 15.176039882004261 1.5
      vertex 4.3150797709822655 15.55985526740551 1.5
    endloop
  endfacet
  facet normal 0 0 1
    outer loop
      vertex 5.140242166817188 8.319031335413456 1.5
      vertex 4.930641025304794 9.562578342854977 1.5
      vertex 4.694794870913029 9.295812532305717 1.5
    endloop
  endfacet
  facet normal 0 0 1
    outer loop
      vertex 6.519700855016708 8.319031335413456 1.5
      vertex 8.569245010614395 18.287350423634052 1.5
      vertex 6.519700855016708 13.666951566934586 1.5
    endloop
  endfacet
  facet normal 0 0 1
    outer loop
      vertex 4.43705128133297 15.176039882004261 1.5
      vertex 6.519700855016708 13.666951566934586 1.5
      vertex 6.485897436738014 15.176039882004261 1.5
    endloop
  endfacet
  facet normal 0 0 1
    outer loop
      vertex 6.519700855016708 8.319031335413456 1.5
      vertex 8.569245010614395 8.319031335413456 1.5
      vertex 8.569245010614395 18.287350423634052 1.5
    endloop
  endfacet
  facet normal 0 0 1
    outer loop
      vertex 1.3999999985098839 0 1.5
      vertex 17.745826207101345 8.319031335413456 1.5
      vertex 16.122364670038223 8.319031335413456 1.5
    endloop
  endfacet
  facet normal 0 0 1
    outer loop
      vertex 1.3999999985098839 0 1.5
      vertex 19.814914532005787 8.319031335413456 1.5
      vertex 17.745826207101345 8.319031335413456 1.5
    endloop
  endfacet
  facet normal 0 0 1
    outer loop
      vertex 1.3999999985098839 0 1.5
      vertex 26.20555555820465 8.319031335413456 1.5
      vertex 19.814914532005787 8.319031335413456 1.5
    endloop
  endfacet
  facet normal 0 0 1
    outer loop
      vertex 10.604629628360271 10.11230769008398 1.5
      vertex 16.122364670038223 10.11230769008398 1.5
      vertex 10.604629628360271 12.671396009624004 1.5
    endloop
  endfacet
  facet normal 0 0 1
    outer loop
      vertex 10.604629628360271 12.671396009624004 1.5
      vertex 16.122364670038223 10.11230769008398 1.5
      vertex 15.446096867322922 12.671396009624004 1.5
    endloop
  endfacet
  facet normal 0 0 1
    outer loop
      vertex 10.604629628360271 14.40085469931364 1.5
      vertex 15.446096867322922 14.40085469931364 1.5
      vertex 10.604629628360271 16.519601136446 1.5
    endloop
  endfacet
  facet normal 0 0 1
    outer loop
      vertex 16.122364670038223 8.319031335413456 1.5
      vertex 17.745826207101345 8.319031335413456 1.5
      vertex 16.122364670038223 10.11230769008398 1.5
    endloop
  endfacet
  facet normal 0 0 1
    outer loop
      vertex 17.745826207101345 18.274586893618107 1.5
      vertex 15.446096867322922 12.671396009624004 1.5
      vertex 16.122364670038223 10.11230769008398 1.5
    endloop
  endfacet
  facet normal 0 0 1
    outer loop
      vertex 15.446096867322922 12.671396009624004 1.5
      vertex 17.745826207101345 18.274586893618107 1.5
      vertex 15.446096867322922 14.40085469931364 1.5
    endloop
  endfacet
  facet normal 0 0 1
    outer loop
      vertex 17.745826207101345 18.274586893618107 1.5
      vertex 16.122364670038223 10.11230769008398 1.5
      vertex 17.745826207101345 8.319031335413456 1.5
    endloop
  endfacet
  facet normal -1 0 0
    outer loop
      vertex 0 1.3999999985098839 0
      vertex 0 18.103552256257235 0.901
      vertex 0 60.600000001490116 1.5
    endloop
  endfacet
  facet normal 0 0 1
    outer loop
      vertex 1.2437908798456192 16.680373787879944 1.5
      vertex 2.367863245308399 13.666951566934586 1.5
      vertex 1.6737304851412773 16.789537891745567 1.5
    endloop
  endfacet
  facet normal 0 0 1
    outer loop
      vertex 1.6737304851412773 16.789537891745567 1.5
      vertex 2.367863245308399 13.666951566934586 1.5
      vertex 2.1380199417471886 16.825925923883915 1.5
    endloop
  endfacet
  facet normal 0 0 1
    outer loop
      vertex 2.1380199417471886 16.825925923883915 1.5
      vertex 2.367863245308399 13.666951566934586 1.5
      vertex 2.384946435689926 16.816999427974224 1.5
    endloop
  endfacet
  facet normal 0 0 1
    outer loop
      vertex 2.6226831898093224 16.79021994024515 1.5
      vertex 2.367863245308399 13.666951566934586 1.5
      vertex 2.8512301966547966 16.745587460696697 1.5
    endloop
  endfacet
  facet normal 0 0 1
    outer loop
      vertex 2.384946435689926 16.816999427974224 1.5
      vertex 2.367863245308399 13.666951566934586 1.5
      vertex 2.6226831898093224 16.79021994024515 1.5
    endloop
  endfacet
  facet normal 0 0 1
    outer loop
      vertex 2.8512301966547966 16.745587460696697 1.5
      vertex 2.367863245308399 13.666951566934586 1.5
      vertex 3.0705874636769295 16.68310198932886 1.5
    endloop
  endfacet
  facet normal 0 0 1
    outer loop
      vertex 3.0705874636769295 16.68310198932886 1.5
      vertex 2.367863245308399 13.666951566934586 1.5
      vertex 3.2807549834251404 16.602763526141644 1.5
    endloop
  endfacet
  facet normal 0 0 1
    outer loop
      vertex 3.2807549834251404 16.602763526141644 1.5
      vertex 2.367863245308399 13.666951566934586 1.5
      vertex 3.621301993727684 16.41588945686817 1.5
    endloop
  endfacet
  facet normal 0 0 1
    outer loop
      vertex 8.569245010614395 18.287350423634052 1.5
      vertex 6.485897436738014 15.176039882004261 1.5
      vertex 6.519700855016708 13.666951566934586 1.5
    endloop
  endfacet
  facet normal 0 0 1
    outer loop
      vertex 6.485897436738014 15.176039882004261 1.5
      vertex 8.569245010614395 18.287350423634052 1.5
      vertex 6.3789350390434265 15.733068376779556 1.5
    endloop
  endfacet
  facet normal 0 0 1
    outer loop
      vertex 6.193261541426182 16.25192592293024 1.5
      vertex 6.3789350390434265 15.733068376779556 1.5
      vertex 8.569245010614395 18.287350423634052 1.5
    endloop
  endfacet
  facet normal 0 0 1
    outer loop
      vertex 10.604629628360271 16.519601136446 1.5
      vertex 15.446096867322922 14.40085469931364 1.5
      vertex 15.878860399127007 16.519601136446 1.5
    endloop
  endfacet
  facet normal 0 0 1
    outer loop
      vertex 17.745826207101345 18.274586893618107 1.5
      vertex 15.878860399127007 16.519601136446 1.5
      vertex 15.446096867322922 14.40085469931364 1.5
    endloop
  endfacet
  facet normal 0 0 1
    outer loop
      vertex 15.878860399127007 16.519601136446 1.5
      vertex 17.745826207101345 18.274586893618107 1.5
      vertex 15.878860399127007 18.287350423634052 1.5
    endloop
  endfacet
  facet normal 0 0 1
    outer loop
      vertex 5.585781194269657 17.1751281991601 1.5
      vertex 29.224783182144165 38.666972763836384 1.5
      vertex 5.163974359631538 17.579472929239273 1.5
    endloop
  endfacet
  facet normal 0 0 1
    outer loop
      vertex 29.224783182144165 38.666972763836384 1.5
      vertex 4.672921366989613 17.92620626837015 1.5
      vertex 5.163974359631538 17.579472929239273 1.5
    endloop
  endfacet
  facet normal 0 0 1
    outer loop
      vertex 5.928876921534538 16.732612535357475 1.5
      vertex 29.224783182144165 38.666972763836384 1.5
      vertex 5.585781194269657 17.1751281991601 1.5
    endloop
  endfacet
  facet normal 0 0 1
    outer loop
      vertex 6.193261541426182 16.25192592293024 1.5
      vertex 29.224783182144165 38.666972763836384 1.5
      vertex 5.928876921534538 16.732612535357475 1.5
    endloop
  endfacet
  facet normal 0 0 1
    outer loop
      vertex 6.193261541426182 16.25192592293024 1.5
      vertex 8.569245010614395 18.287350423634052 1.5
      vertex 29.224783182144165 38.666972763836384 1.5
    endloop
  endfacet
  facet normal 0 0 1
    outer loop
      vertex 15.878860399127007 18.287350423634052 1.5
      vertex 29.224783182144165 38.666972763836384 1.5
      vertex 8.569245010614395 18.287350423634052 1.5
    endloop
  endfacet
  facet normal 0 0 1
    outer loop
      vertex 1.3999999985098839 0 1.5
      vertex 33.2244017124176 8.319031335413456 1.5
      vertex 26.20555555820465 8.319031335413456 1.5
    endloop
  endfacet
  facet normal 0 0 1
    outer loop
      vertex 19.814914532005787 12.499088317155838 1.5
      vertex 19.814914532005787 8.319031335413456 1.5
      vertex 24.189914532005787 12.499088317155838 1.5
    endloop
  endfacet
  facet normal 0 0 1
    outer loop
      vertex 19.814914532005787 8.319031335413456 1.5
      vertex 26.20555555820465 8.319031335413456 1.5
      vertex 24.189914532005787 12.499088317155838 1.5
    endloop
  endfacet
  facet normal 0 0 1
    outer loop
      vertex 24.189914532005787 14.228547006845474 1.5
      vertex 19.814914532005787 16.525982901453972 1.5
      vertex 19.814914532005787 14.228547006845474 1.5
    endloop
  endfacet
  facet normal 0 0 1
    outer loop
      vertex 26.20555555820465 18.287350423634052 1.5
      vertex 24.189914532005787 12.499088317155838 1.5
      vertex 26.20555555820465 8.319031335413456 1.5
    endloop
  endfacet
  facet normal 0 0 1
    outer loop
      vertex 24.189914532005787 12.499088317155838 1.5
      vertex 26.20555555820465 18.287350423634052 1.5
      vertex 24.189914532005787 14.228547006845474 1.5
    endloop
  endfacet
  facet normal 0 0 1
    outer loop
      vertex 1.3999999985098839 0 1.5
      vertex 76.60000000149012 0 1.5
      vertex 33.2244017124176 8.319031335413456 1.5
    endloop
  endfacet
  facet normal 0 0 1
    outer loop
      vertex 33.2244017124176 8.319031335413456 1.5
      vertex 34.98118233680725 10.068963527679443 1.5
      vertex 33.2244017124176 10.11230769008398 1.5
    endloop
  endfacet
  facet normal 0 0 1
    outer loop
      vertex 28.28820513188839 10.11230769008398 1.5
      vertex 33.2244017124176 10.11230769008398 1.5
      vertex 34.744259260594845 11.002631902694702 1.5
    endloop
  endfacet
  facet normal 0 0 1
    outer loop
      vertex 28.28820513188839 10.11230769008398 1.5
      vertex 34.744259260594845 11.002631902694702 1.5
      vertex 34.68502849340439 11.5538609623909 1.5
    endloop
  endfacet
  facet normal 0 0 1
    outer loop
      vertex 28.28820513188839 10.11230769008398 1.5
      vertex 34.68502849340439 11.5538609623909 1.5
      vertex 34.665284901857376 12.161353275179863 1.5
    endloop
  endfacet
  facet normal 0 0 1
    outer loop
      vertex 28.28820513188839 10.11230769008398 1.5
      vertex 34.665284901857376 12.161353275179863 1.5
      vertex 34.665284901857376 18.287350423634052 1.5
    endloop
  endfacet
  facet normal 0 0 1
    outer loop
      vertex 35.59598974138498 9.102329343557358 1.5
      vertex 33.2244017124176 8.319031335413456 1.5
      vertex 36.16617264598608 8.647955551743507 1.5
    endloop
  endfacet
  facet normal 0 0 1
    outer loop
      vertex 35.1588746458292 9.686524212360382 1.5
      vertex 33.2244017124176 8.319031335413456 1.5
      vertex 35.59598974138498 9.102329343557358 1.5
    endloop
  endfacet
  facet normal 0 0 1
    outer loop
      vertex 34.98118233680725 10.068963527679443 1.5
      vertex 33.2244017124176 8.319031335413456 1.5
      vertex 35.1588746458292 9.686524212360382 1.5
    endloop
  endfacet
  facet normal 0 0 1
    outer loop
      vertex 36.16617264598608 8.647955551743507 1.5
      vertex 33.2244017124176 8.319031335413456 1.5
      vertex 36.86942335963249 8.323402844369411 1.5
    endloop
  endfacet
  facet normal 0 0 1
    outer loop
      vertex 36.86942335963249 8.323402844369411 1.5
      vertex 33.2244017124176 8.319031335413456 1.5
      vertex 37.70574188232422 8.12867122143507 1.5
    endloop
  endfacet
  facet normal 0 0 1
    outer loop
      vertex 34.842977210879326 10.50766609609127 1.5
      vertex 33.2244017124176 10.11230769008398 1.5
      vertex 34.98118233680725 10.068963527679443 1.5
    endloop
  endfacet
  facet normal 0 0 1
    outer loop
      vertex 34.744259260594845 11.002631902694702 1.5
      vertex 33.2244017124176 10.11230769008398 1.5
      vertex 34.842977210879326 10.50766609609127 1.5
    endloop
  endfacet
  facet normal 0 0 1
    outer loop
      vertex 37.47090883553028 10.120679765939713 1.5
      vertex 37.800886042416096 9.95293902605772 1.5
      vertex 37.212327636778355 10.35551680624485 1.5
    endloop
  endfacet
  facet normal 0 0 1
    outer loop
      vertex 37.212327636778355 10.35551680624485 1.5
      vertex 37.800886042416096 9.95293902605772 1.5
      vertex 38.2022592574358 9.852294586598873 1.5
    endloop
  endfacet
  facet normal 0 0 1
    outer loop
      vertex 37.212327636778355 10.35551680624485 1.5
      vertex 38.67502848803997 9.81874643266201 1.5
      vertex 37.0251424536109 10.657450139522552 1.5
    endloop
  endfacet
  facet normal 0 0 1
    outer loop
      vertex 37.0251424536109 10.657450139522552 1.5
      vertex 38.67502848803997 9.81874643266201 1.5
      vertex 36.93751680850983 10.869053557515144 1.5
    endloop
  endfacet
  facet normal 0 0 1
    outer loop
      vertex 36.93751680850983 10.869053557515144 1.5
      vertex 38.67502848803997 9.81874643266201 1.5
      vertex 36.8693635314703 11.12502621114254 1.5
    endloop
  endfacet
  facet normal 0 0 1
    outer loop
      vertex 39.14539258927107 9.852294586598873 1.5
      vertex 36.82068262249231 11.425368085503578 1.5
      vertex 36.8693635314703 11.12502621114254 1.5
    endloop
  endfacet
  facet normal 0 0 1
    outer loop
      vertex 36.82068262249231 11.425368085503578 1.5
      vertex 39.54489515721798 9.95293902605772 1.5
      vertex 36.79147407412529 11.77007920295 1.5
    endloop
  endfacet
  facet normal 0 0 1
    outer loop
      vertex 37.212327636778355 10.35551680624485 1.5
      vertex 38.2022592574358 9.852294586598873 1.5
      vertex 38.67502848803997 9.81874643266201 1.5
    endloop
  endfacet
  facet normal 0 0 1
    outer loop
      vertex 39.14539258927107 9.852294586598873 1.5
      vertex 36.8693635314703 11.12502621114254 1.5
      vertex 38.67502848803997 9.81874643266201 1.5
    endloop
  endfacet
  facet normal 0 0 1
    outer loop
      vertex 36.82068262249231 11.425368085503578 1.5
      vertex 39.14539258927107 9.852294586598873 1.5
      vertex 39.54489515721798 9.95293902605772 1.5
    endloop
  endfacet
  facet normal 0 0 1
    outer loop
      vertex 36.79147407412529 11.77007920295 1.5
      vertex 39.54489515721798 9.95293902605772 1.5
      vertex 39.87353618443012 10.120679765939713 1.5
    endloop
  endfacet
  facet normal 0 0 1
    outer loop
      vertex 36.79147407412529 11.77007920295 1.5
      vertex 39.87353618443012 10.120679765939713 1.5
      vertex 40.1313156709075 10.35551680624485 1.5
    endloop
  endfacet
  facet normal 0 0 1
    outer loop
      vertex 36.79147407412529 11.77007920295 1.5
      vertex 40.56163817644119 12.159159541130066 1.5
      vertex 36.78173789381981 12.159159541130066 1.5
    endloop
  endfacet
  facet normal 0 0 1
    outer loop
      vertex 19.814914532005787 16.525982901453972 1.5
      vertex 24.189914532005787 14.228547006845474 1.5
      vertex 24.81203703582287 16.525982901453972 1.5
    endloop
  endfacet
  facet normal 0 0 1
    outer loop
      vertex 26.20555555820465 18.287350423634052 1.5
      vertex 24.81203703582287 16.525982901453972 1.5
      vertex 24.189914532005787 14.228547006845474 1.5
    endloop
  endfacet
  facet normal 0 0 1
    outer loop
      vertex 24.81203703582287 16.525982901453972 1.5
      vertex 26.20555555820465 18.287350423634052 1.5
      vertex 24.81203703582287 18.274586893618107 1.5
    endloop
  endfacet
  facet normal 0 0 1
    outer loop
      vertex 15.878860399127007 18.287350423634052 1.5
      vertex 17.745826207101345 18.274586893618107 1.5
      vertex 29.791947104036808 37.096701845526695 1.5
    endloop
  endfacet
  facet normal 0 0 1
    outer loop
      vertex 24.81203703582287 18.274586893618107 1.5
      vertex 29.791947104036808 37.096701845526695 1.5
      vertex 17.745826207101345 18.274586893618107 1.5
    endloop
  endfacet
  facet normal 0 0 1
    outer loop
      vertex 24.81203703582287 18.274586893618107 1.5
      vertex 26.20555555820465 18.287350423634052 1.5
      vertex 30.712971329689026 35.64953187853098 1.5
    endloop
  endfacet
  facet normal 0 0 1
    outer loop
      vertex 28.28820513188839 18.287350423634052 1.5
      vertex 30.712971329689026 35.64953187853098 1.5
      vertex 26.20555555820465 18.287350423634052 1.5
    endloop
  endfacet
  facet normal 0 0 1
    outer loop
      vertex 24.81203703582287 18.274586893618107 1.5
      vertex 30.712971329689026 35.64953187853098 1.5
      vertex 29.791947104036808 37.096701845526695 1.5
    endloop
  endfacet
  facet normal 0 0 1
    outer loop
      vertex 28.28820513188839 10.11230769008398 1.5
      vertex 34.665284901857376 18.287350423634052 1.5
      vertex 28.28820513188839 18.287350423634052 1.5
    endloop
  endfacet
  facet normal 0 0 1
    outer loop
      vertex 28.28820513188839 18.287350423634052 1.5
      vertex 34.665284901857376 18.287350423634052 1.5
      vertex 34.981159418821335 24.734138429164886 1.5
    endloop
  endfacet
  facet normal 0 0 1
    outer loop
      vertex 36.78173789381981 12.159159541130066 1.5
      vertex 40.56163817644119 18.287350423634052 1.5
      vertex 36.78173789381981 18.287350423634052 1.5
    endloop
  endfacet
  facet normal 0 0 1
    outer loop
      vertex 36.78173789381981 18.287350423634052 1.5
      vertex 34.981159418821335 24.734138429164886 1.5
      vertex 34.665284901857376 18.287350423634052 1.5
    endloop
  endfacet
  facet normal 0 0 1
    outer loop
      vertex 36.78173789381981 18.287350423634052 1.5
      vertex 40.56163817644119 18.287350423634052 1.5
      vertex 34.981159418821335 24.734138429164886 1.5
    endloop
  endfacet
  facet normal 0 0 1
    outer loop
      vertex 39.8037681132555 24.734138429164886 1.5
      vertex 34.981159418821335 24.734138429164886 1.5
      vertex 40.56163817644119 18.287350423634052 1.5
    endloop
  endfacet
  facet normal 0 0 1
    outer loop
      vertex 28.28820513188839 18.287350423634052 1.5
      vertex 34.981159418821335 24.734138429164886 1.5
      vertex 30.712971329689026 35.64953187853098 1.5
    endloop
  endfacet
  facet normal 0 0 1
    outer loop
      vertex 34.981159418821335 24.734138429164886 1.5
      vertex 33.462784476578236 33.340082600712776 1.5
      vertex 31.952461421489716 34.38107678294182 1.5
    endloop
  endfacet
  facet normal 0 0 1
    outer loop
      vertex 34.981159418821335 24.734138429164886 1.5
      vertex 34.981159418821335 32.65846464037895 1.5
      vertex 33.462784476578236 33.340082600712776 1.5
    endloop
  endfacet
  facet normal 0 0 1
    outer loop
      vertex 37.39246376603842 32.06235180050135 1.5
      vertex 37.39246376603842 26.95783293247223 1.5
      vertex 40.76828985661268 29.542101448063278 1.5
    endloop
  endfacet
  facet normal 0 0 -1
    outer loop
      vertex 0.026900604367256165 1.1268735527992249 0
      vertex 0 60.600000001490116 0
      vertex 0.026900604367256165 60.873126447200775 0
    endloop
  endfacet
  facet normal 0 0 -1
    outer loop
      vertex 0.10656865686178207 0.8642431944608688 0
      vertex 0.026900604367256165 60.873126447200775 0
      vertex 0.10656865686178207 61.13575680553913 0
    endloop
  endfacet
  facet normal 0 0 -1
    outer loop
      vertex 0.235942542552948 0.6222016736865044 0
      vertex 0.10656865686178207 61.13575680553913 0
      vertex 0.235942542552948 61.377798326313496 0
    endloop
  endfacet
  facet normal 0 0 -1
    outer loop
      vertex 0.41005050390958786 0.41005050390958786 0
      vertex 0.235942542552948 61.377798326313496 0
      vertex 0.41005050390958786 61.58994949609041 0
    endloop
  endfacet
  facet normal 0 0 -1
    outer loop
      vertex 0.6222016736865044 0.235942542552948 0
      vertex 0.41005050390958786 61.58994949609041 0
      vertex 0.6222016736865044 61.76405745744705 0
    endloop
  endfacet
  facet normal 0 0 -1
    outer loop
      vertex 0.8642431944608688 0.10656865686178207 0
      vertex 0.6222016736865044 61.76405745744705 0
      vertex 0.8642431944608688 61.89343134313822 0
    endloop
  endfacet
  facet normal 0 0 -1
    outer loop
      vertex 1.1268735527992249 0.026900604367256165 0
      vertex 0.8642431944608688 61.89343134313822 0
      vertex 1.1268735527992249 61.973099395632744 0
    endloop
  endfacet
  facet normal 0 0 -1
    outer loop
      vertex 1.3999999985098839 0 0
      vertex 1.1268735527992249 61.973099395632744 0
      vertex 1.3999999985098839 62 0
    endloop
  endfacet
  facet normal -1 0 0
    outer loop
      vertex 0 1.3999999985098839 0
      vertex 0 60.600000001490116 1.5
      vertex 0 60.600000001490116 0
    endloop
  endfacet
  facet normal -0.9951847275837651 0.09801713107425283 0
    outer loop
      vertex 0 60.600000001490116 0
      vertex 0.026900604367256165 60.873126447200775 1.5
      vertex 0.026900604367256165 60.873126447200775 0
    endloop
  endfacet
  facet normal -0.9569403314022136 0.2902846915285437 0
    outer loop
      vertex 0.026900604367256165 60.873126447200775 0
      vertex 0.10656865686178207 61.13575680553913 1.5
      vertex 0.10656865686178207 61.13575680553913 0
    endloop
  endfacet
  facet normal -0.8819212681735322 0.47139672966959456 0
    outer loop
      vertex 0.10656865686178207 61.13575680553913 0
      vertex 0.235942542552948 61.377798326313496 1.5
      vertex 0.235942542552948 61.377798326313496 0
    endloop
  endfacet
  facet normal -0.7730104607401506 0.6343932751742409 0
    outer loop
      vertex 0.235942542552948 61.377798326313496 0
      vertex 0.41005050390958786 61.58994949609041 1.5
      vertex 0.41005050390958786 61.58994949609041 0
    endloop
  endfacet
  facet normal -0.6343932751742409 0.7730104607401506 0
    outer loop
      vertex 0.41005050390958786 61.58994949609041 0
      vertex 0.6222016736865044 61.76405745744705 1.5
      vertex 0.6222016736865044 61.76405745744705 0
    endloop
  endfacet
  facet normal -0.47139672966959456 0.8819212681735322 0
    outer loop
      vertex 0.6222016736865044 61.76405745744705 0
      vertex 0.8642431944608688 61.89343134313822 1.5
      vertex 0.8642431944608688 61.89343134313822 0
    endloop
  endfacet
  facet normal -0.2902846915285437 0.9569403314022136 0
    outer loop
      vertex 0.8642431944608688 61.89343134313822 0
      vertex 1.1268735527992249 61.973099395632744 1.5
      vertex 1.1268735527992249 61.973099395632744 0
    endloop
  endfacet
  facet normal -0.09801713107425283 0.9951847275837651 0
    outer loop
      vertex 1.1268735527992249 61.973099395632744 0
      vertex 1.3999999985098839 62 1.5
      vertex 1.3999999985098839 62 0
    endloop
  endfacet
  facet normal -1 0 0
    outer loop
      vertex 0 60.600000001490116 1.5
      vertex 0 18.103552256257235 0.901
      vertex 0 18.103552256257235 1.5
    endloop
  endfacet
  facet normal 0 0 1
    outer loop
      vertex 0 60.600000001490116 1.5
      vertex 0 18.103552256257235 1.5
      vertex 0.49562450498342514 18.308984614908695 1.5
    endloop
  endfacet
  facet normal 0 0 1
    outer loop
      vertex 0.41005050390958786 61.58994949609041 1.5
      vertex 0.49562450498342514 18.308984614908695 1.5
      vertex 1.2689111083745956 18.484211966395378 1.5
    endloop
  endfacet
  facet normal 0 0 1
    outer loop
      vertex 1.1268735527992249 61.973099395632744 1.5
      vertex 1.2689111083745956 18.484211966395378 1.5
      vertex 2.110897436738014 18.542621076107025 1.5
    endloop
  endfacet
  facet normal 0 0 1
    outer loop
      vertex 1.3999999985098839 62 1.5
      vertex 2.110897436738014 18.542621076107025 1.5
      vertex 2.841075211763382 18.504095152020454 1.5
    endloop
  endfacet
  facet normal 0 0 1
    outer loop
      vertex 1.3999999985098839 62 1.5
      vertex 3.5114717930555344 18.38851737231016 1.5
      vertex 4.122087180614471 18.195887744426727 1.5
    endloop
  endfacet
  facet normal 0 0 1
    outer loop
      vertex 1.3999999985098839 62 1.5
      vertex 4.122087180614471 18.195887744426727 1.5
      vertex 4.672921366989613 17.92620626837015 1.5
    endloop
  endfacet
  facet normal 0 0 1
    outer loop
      vertex 1.3999999985098839 62 1.5
      vertex 2.841075211763382 18.504095152020454 1.5
      vertex 3.5114717930555344 18.38851737231016 1.5
    endloop
  endfacet
  facet normal 0 0 1
    outer loop
      vertex 1.3999999985098839 62 1.5
      vertex 4.672921366989613 17.92620626837015 1.5
      vertex 29.224783182144165 38.666972763836384 1.5
    endloop
  endfacet
  facet normal -0.9951847275837651 0.09801713107425283 0
    outer loop
      vertex 0 60.600000001490116 0
      vertex 0 60.600000001490116 1.5
      vertex 0.026900604367256165 60.873126447200775 1.5
    endloop
  endfacet
  facet normal -0.9569403314022136 0.2902846915285437 0
    outer loop
      vertex 0.026900604367256165 60.873126447200775 0
      vertex 0.026900604367256165 60.873126447200775 1.5
      vertex 0.10656865686178207 61.13575680553913 1.5
    endloop
  endfacet
  facet normal -0.8819212681735322 0.47139672966959456 0
    outer loop
      vertex 0.10656865686178207 61.13575680553913 0
      vertex 0.10656865686178207 61.13575680553913 1.5
      vertex 0.235942542552948 61.377798326313496 1.5
    endloop
  endfacet
  facet normal -0.7730104607401506 0.6343932751742409 0
    outer loop
      vertex 0.235942542552948 61.377798326313496 0
      vertex 0.235942542552948 61.377798326313496 1.5
      vertex 0.41005050390958786 61.58994949609041 1.5
    endloop
  endfacet
  facet normal -0.6343932751742409 0.7730104607401506 0
    outer loop
      vertex 0.41005050390958786 61.58994949609041 0
      vertex 0.41005050390958786 61.58994949609041 1.5
      vertex 0.6222016736865044 61.76405745744705 1.5
    endloop
  endfacet
  facet normal -0.47139672966959456 0.8819212681735322 0
    outer loop
      vertex 0.6222016736865044 61.76405745744705 0
      vertex 0.6222016736865044 61.76405745744705 1.5
      vertex 0.8642431944608688 61.89343134313822 1.5
    endloop
  endfacet
  facet normal -0.2902846915285437 0.9569403314022136 0
    outer loop
      vertex 0.8642431944608688 61.89343134313822 0
      vertex 0.8642431944608688 61.89343134313822 1.5
      vertex 1.1268735527992249 61.973099395632744 1.5
    endloop
  endfacet
  facet normal -0.09801713107425283 0.9951847275837651 0
    outer loop
      vertex 1.1268735527992249 61.973099395632744 0
      vertex 1.1268735527992249 61.973099395632744 1.5
      vertex 1.3999999985098839 62 1.5
    endloop
  endfacet
  facet normal 0 0 1
    outer loop
      vertex 0 60.600000001490116 1.5
      vertex 0.49562450498342514 18.308984614908695 1.5
      vertex 0.026900604367256165 60.873126447200775 1.5
    endloop
  endfacet
  facet normal 0 0 1
    outer loop
      vertex 0.026900604367256165 60.873126447200775 1.5
      vertex 0.49562450498342514 18.308984614908695 1.5
      vertex 0.10656865686178207 61.13575680553913 1.5
    endloop
  endfacet
  facet normal 0 0 1
    outer loop
      vertex 0.10656865686178207 61.13575680553913 1.5
      vertex 0.49562450498342514 18.308984614908695 1.5
      vertex 0.235942542552948 61.377798326313496 1.5
    endloop
  endfacet
  facet normal 0 0 1
    outer loop
      vertex 0.235942542552948 61.377798326313496 1.5
      vertex 0.49562450498342514 18.308984614908695 1.5
      vertex 0.41005050390958786 61.58994949609041 1.5
    endloop
  endfacet
  facet normal 0 0 1
    outer loop
      vertex 0.41005050390958786 61.58994949609041 1.5
      vertex 1.2689111083745956 18.484211966395378 1.5
      vertex 0.6222016736865044 61.76405745744705 1.5
    endloop
  endfacet
  facet normal 0 0 1
    outer loop
      vertex 0.6222016736865044 61.76405745744705 1.5
      vertex 1.2689111083745956 18.484211966395378 1.5
      vertex 0.8642431944608688 61.89343134313822 1.5
    endloop
  endfacet
  facet normal 0 0 1
    outer loop
      vertex 0.8642431944608688 61.89343134313822 1.5
      vertex 1.2689111083745956 18.484211966395378 1.5
      vertex 1.1268735527992249 61.973099395632744 1.5
    endloop
  endfacet
  facet normal 0 0 1
    outer loop
      vertex 1.1268735527992249 61.973099395632744 1.5
      vertex 2.110897436738014 18.542621076107025 1.5
      vertex 1.3999999985098839 62 1.5
    endloop
  endfacet
  facet normal 0 0 1
    outer loop
      vertex 1.3999999985098839 62 1.5
      vertex 24.038488633930683 43.94192432612181 1.5
      vertex 23.83857087790966 44.18261790275574 1.5
    endloop
  endfacet
  facet normal 0 0 1
    outer loop
      vertex 1.3999999985098839 62 1.5
      vertex 23.83857087790966 44.18261790275574 1.5
      vertex 23.690018571913242 44.45722319930792 1.5
    endloop
  endfacet
  facet normal 0 0 1
    outer loop
      vertex 1.3999999985098839 62 1.5
      vertex 28.140072099864483 40.05279678106308 1.5
      vertex 24.038488633930683 43.94192432612181 1.5
    endloop
  endfacet
  facet normal 0 0 1
    outer loop
      vertex 1.3999999985098839 62 1.5
      vertex 23.690018571913242 44.45722319930792 1.5
      vertex 23.598540529608727 44.75518732517958 1.5
    endloop
  endfacet
  facet normal 0 0 1
    outer loop
      vertex 1.3999999985098839 62 1.5
      vertex 23.598540529608727 44.75518732517958 1.5
      vertex 22.312511548399925 52.06161214411259 1.5
    endloop
  endfacet
  facet normal 0 0 1
    outer loop
      vertex 1.3999999985098839 62 1.5
      vertex 22.312511548399925 52.06161214411259 1.5
      vertex 22.28162318468094 52.371484488248825 1.5
    endloop
  endfacet
  facet normal 0 0 1
    outer loop
      vertex 1.3999999985098839 62 1.5
      vertex 22.28162318468094 52.371484488248825 1.5
      vertex 22.312511548399925 52.68135683238506 1.5
    endloop
  endfacet
  facet normal 0 0 1
    outer loop
      vertex 1.3999999985098839 62 1.5
      vertex 22.312511548399925 52.68135683238506 1.5
      vertex 22.40398959070444 52.97932095825672 1.5
    endloop
  endfacet
  facet normal 0 0 1
    outer loop
      vertex 1.3999999985098839 62 1.5
      vertex 22.40398959070444 52.97932095825672 1.5
      vertex 22.55254189670086 53.2539262548089 1.5
    endloop
  endfacet
  facet normal 0 0 1
    outer loop
      vertex 1.3999999985098839 62 1.5
      vertex 22.55254189670086 53.2539262548089 1.5
      vertex 22.7524596452713 53.49461981654167 1.5
    endloop
  endfacet
  facet normal 0 0 1
    outer loop
      vertex 1.3999999985098839 62 1.5
      vertex 22.7524596452713 53.49461981654167 1.5
      vertex 22.996060132980347 53.69215192645788 1.5
    endloop
  endfacet
  facet normal 0 0 1
    outer loop
      vertex 1.3999999985098839 62 1.5
      vertex 22.996060132980347 53.69215192645788 1.5
      vertex 23.27398193627596 53.838931523263454 1.5
    endloop
  endfacet
  facet normal 0 0 1
    outer loop
      vertex 1.3999999985098839 62 1.5
      vertex 23.27398193627596 53.838931523263454 1.5
      vertex 23.57554465532303 53.92931795120239 1.5
    endloop
  endfacet
  facet normal 0 0 1
    outer loop
      vertex 1.3999999985098839 62 1.5
      vertex 23.57554465532303 53.92931795120239 1.5
      vertex 23.88915941864252 53.95983771234751 1.5
    endloop
  endfacet
  facet normal 0 0 1
    outer loop
      vertex 15.878860399127007 18.287350423634052 1.5
      vertex 29.791947104036808 37.096701845526695 1.5
      vertex 29.224783182144165 38.666972763836384 1.5
    endloop
  endfacet
  facet normal 0 0 1
    outer loop
      vertex 29.224783182144165 38.666972763836384 1.5
      vertex 29.14209621399641 39.372061893343925 1.5
      vertex 28.67599318176508 39.618226148188114 1.5
    endloop
  endfacet
  facet normal 0 0 1
    outer loop
      vertex 29.224783182144165 38.666972763836384 1.5
      vertex 28.67599318176508 39.618226148188114 1.5
      vertex 28.140072099864483 40.05279678106308 1.5
    endloop
  endfacet
  facet normal 0 0 1
    outer loop
      vertex 34.981159418821335 24.734138429164886 1.5
      vertex 31.952461421489716 34.38107678294182 1.5
      vertex 30.712971329689026 35.64953187853098 1.5
    endloop
  endfacet
  facet normal 0 1 0
    outer loop
      vertex 1.3999999985098839 62 0
      vertex 1.3999999985098839 62 1.5
      vertex 76.60000000149012 62 1.5
    endloop
  endfacet
  facet normal 0 0 1
    outer loop
      vertex 1.3999999985098839 62 1.5
      vertex 29.224783182144165 38.666972763836384 1.5
      vertex 28.140072099864483 40.05279678106308 1.5
    endloop
  endfacet
  facet normal 0 0 1
    outer loop
      vertex 1.3999999985098839 62 1.5
      vertex 23.88915941864252 53.95983771234751 1.5
      vertex 41.76760786026716 56.74715843051672 1.5
    endloop
  endfacet
  facet normal 0 0 1
    outer loop
      vertex 1.3999999985098839 62 1.5
      vertex 41.76760786026716 56.74715843051672 1.5
      vertex 42.144561260938644 56.86014147847891 1.5
    endloop
  endfacet
  facet normal 0 0 1
    outer loop
      vertex 1.3999999985098839 62 1.5
      vertex 42.144561260938644 56.86014147847891 1.5
      vertex 43.831509962677956 57.67553120106459 1.5
    endloop
  endfacet
  facet normal 0 0 1
    outer loop
      vertex 33.462784476578236 47.25991739332676 1.5
      vertex 25.02585918456316 53.49461981654167 1.5
      vertex 31.964594580233097 46.22728601843119 1.5
    endloop
  endfacet
  facet normal 0 0 1
    outer loop
      vertex 25.02585918456316 53.49461981654167 1.5
      vertex 33.462784476578236 47.25991739332676 1.5
      vertex 35.1858996078372 48.03344585746527 1.5
    endloop
  endfacet
  facet normal 0 0 1
    outer loop
      vertex 25.02585918456316 53.49461981654167 1.5
      vertex 35.1858996078372 48.03344585746527 1.5
      vertex 37.055588476359844 48.5097823292017 1.5
    endloop
  endfacet
  facet normal 0 0 1
    outer loop
      vertex 25.02585918456316 53.49461981654167 1.5
      vertex 37.055588476359844 48.5097823292017 1.5
      vertex 39.58419244736433 51.17036870867014 1.5
    endloop
  endfacet
  facet normal 0 0 1
    outer loop
      vertex 39 48.67062148451805 1.5
      vertex 39.58419244736433 51.17036870867014 1.5
      vertex 37.055588476359844 48.5097823292017 1.5
    endloop
  endfacet
  facet normal 0 0 1
    outer loop
      vertex 25.02585918456316 53.49461981654167 1.5
      vertex 39.58419244736433 51.17036870867014 1.5
      vertex 39.886070020496845 52.15365029871464 1.5
    endloop
  endfacet
  facet normal 0 0 1
    outer loop
      vertex 25.02585918456316 53.49461981654167 1.5
      vertex 39.886070020496845 52.15365029871464 1.5
      vertex 40.37629259377718 53.05984781682491 1.5
    endloop
  endfacet
  facet normal 0 0 1
    outer loop
      vertex 25.02585918456316 53.49461981654167 1.5
      vertex 40.37629259377718 53.05984781682491 1.5
      vertex 40.565769873559475 54.52550921589136 1.5
    endloop
  endfacet
  facet normal 0 0 1
    outer loop
      vertex 24.782258696854115 53.69215192645788 1.5
      vertex 41.115705005824566 56.31676881760359 1.5
      vertex 24.504336901009083 53.838931523263454 1.5
    endloop
  endfacet
  facet normal 0 0 1
    outer loop
      vertex 25.02585918456316 53.49461981654167 1.5
      vertex 40.86580780148506 56.01590186357498 1.5
      vertex 24.782258696854115 53.69215192645788 1.5
    endloop
  endfacet
  facet normal 0 0 1
    outer loop
      vertex 24.202774181962013 53.92931795120239 1.5
      vertex 41.76760786026716 56.74715843051672 1.5
      vertex 23.88915941864252 53.95983771234751 1.5
    endloop
  endfacet
  facet normal 0 0 1
    outer loop
      vertex 24.504336901009083 53.838931523263454 1.5
      vertex 41.42020561546087 56.563683934509754 1.5
      vertex 24.202774181962013 53.92931795120239 1.5
    endloop
  endfacet
  facet normal 0 0 1
    outer loop
      vertex 1.3999999985098839 62 1.5
      vertex 43.831509962677956 57.67553120106459 1.5
      vertex 44.178912207484245 57.85900568962097 1.5
    endloop
  endfacet
  facet normal 0 0 1
    outer loop
      vertex 1.3999999985098839 62 1.5
      vertex 44.178912207484245 57.85900568962097 1.5
      vertex 44.55586560815573 57.971988722682 1.5
    endloop
  endfacet
  facet normal 0 0 1
    outer loop
      vertex 1.3999999985098839 62 1.5
      vertex 44.55586560815573 57.971988722682 1.5
      vertex 44.94788406044245 58.01013842970133 1.5
    endloop
  endfacet
  facet normal 0 0 1
    outer loop
      vertex 25.02585918456316 53.49461981654167 1.5
      vertex 40.565769873559475 54.52550921589136 1.5
      vertex 40.52715942263603 54.91284964978695 1.5
    endloop
  endfacet
  facet normal 0 0 1
    outer loop
      vertex 25.02585918456316 53.49461981654167 1.5
      vertex 40.52715942263603 54.91284964978695 1.5
      vertex 40.565769873559475 55.300190068781376 1.5
    endloop
  endfacet
  facet normal 0 0 1
    outer loop
      vertex 25.02585918456316 53.49461981654167 1.5
      vertex 40.565769873559475 55.300190068781376 1.5
      vertex 40.680117435753345 55.67264522612095 1.5
    endloop
  endfacet
  facet normal 0 0 1
    outer loop
      vertex 25.02585918456316 53.49461981654167 1.5
      vertex 40.680117435753345 55.67264522612095 1.5
      vertex 40.86580780148506 56.01590186357498 1.5
    endloop
  endfacet
  facet normal 0 0 1
    outer loop
      vertex 24.782258696854115 53.69215192645788 1.5
      vertex 40.86580780148506 56.01590186357498 1.5
      vertex 41.115705005824566 56.31676881760359 1.5
    endloop
  endfacet
  facet normal 0 0 1
    outer loop
      vertex 24.504336901009083 53.838931523263454 1.5
      vertex 41.115705005824566 56.31676881760359 1.5
      vertex 41.42020561546087 56.563683934509754 1.5
    endloop
  endfacet
  facet normal 0 0 1
    outer loop
      vertex 24.202774181962013 53.92931795120239 1.5
      vertex 41.42020561546087 56.563683934509754 1.5
      vertex 41.76760786026716 56.74715843051672 1.5
    endloop
  endfacet
  facet normal 0.09801713107425283 -0.9951847275837651 0
    outer loop
      vertex 76.60000000149012 0 0
      vertex 76.87312644720078 0.026900604367256165 0
      vertex 76.60000000149012 0 1.5
    endloop
  endfacet
  facet normal 0.2902846915285437 -0.9569403314022136 0
    outer loop
      vertex 76.87312644720078 0.026900604367256165 0
      vertex 77.13575680553913 0.10656865686178207 0
      vertex 76.87312644720078 0.026900604367256165 1.5
    endloop
  endfacet
  facet normal 0.47139672966959456 -0.8819212681735322 0
    outer loop
      vertex 77.13575680553913 0.10656865686178207 0
      vertex 77.3777983263135 0.235942542552948 0
      vertex 77.13575680553913 0.10656865686178207 1.5
    endloop
  endfacet
  facet normal 0.6343932751742409 -0.7730104607401506 0
    outer loop
      vertex 77.3777983263135 0.235942542552948 0
      vertex 77.58994949609041 0.41005050390958786 0
      vertex 77.3777983263135 0.235942542552948 1.5
    endloop
  endfacet
  facet normal 0.7730104607401506 -0.6343932751742409 0
    outer loop
      vertex 77.58994949609041 0.41005050390958786 0
      vertex 77.76405745744705 0.6222016736865044 0
      vertex 77.58994949609041 0.41005050390958786 1.5
    endloop
  endfacet
  facet normal 0.8819212681735322 -0.47139672966959456 0
    outer loop
      vertex 77.76405745744705 0.6222016736865044 0
      vertex 77.89343134313822 0.8642431944608688 0
      vertex 77.76405745744705 0.6222016736865044 1.5
    endloop
  endfacet
  facet normal 0.9569403314022136 -0.2902846915285437 0
    outer loop
      vertex 77.89343134313822 0.8642431944608688 0
      vertex 77.97309939563274 1.1268735527992249 0
      vertex 77.89343134313822 0.8642431944608688 1.5
    endloop
  endfacet
  facet normal 0.9951847275837651 -0.09801713107425283 0
    outer loop
      vertex 77.97309939563274 1.1268735527992249 0
      vertex 78 1.3999999985098839 0
      vertex 77.97309939563274 1.1268735527992249 1.5
    endloop
  endfacet
  facet normal 0 0 -1
    outer loop
      vertex 76.60000000149012 0 0
      vertex 76.60000000149012 62 0
      vertex 76.87312644720078 0.026900604367256165 0
    endloop
  endfacet
  facet normal 0 0 -1
    outer loop
      vertex 76.87312644720078 0.026900604367256165 0
      vertex 76.87312644720078 61.973099395632744 0
      vertex 77.13575680553913 0.10656865686178207 0
    endloop
  endfacet
  facet normal 0 0 -1
    outer loop
      vertex 77.13575680553913 0.10656865686178207 0
      vertex 77.13575680553913 61.89343134313822 0
      vertex 77.3777983263135 0.235942542552948 0
    endloop
  endfacet
  facet normal 0 0 -1
    outer loop
      vertex 77.3777983263135 0.235942542552948 0
      vertex 77.3777983263135 61.76405745744705 0
      vertex 77.58994949609041 0.41005050390958786 0
    endloop
  endfacet
  facet normal 0 0 -1
    outer loop
      vertex 77.58994949609041 0.41005050390958786 0
      vertex 77.58994949609041 61.58994949609041 0
      vertex 77.76405745744705 0.6222016736865044 0
    endloop
  endfacet
  facet normal 0 0 -1
    outer loop
      vertex 77.76405745744705 0.6222016736865044 0
      vertex 77.76405745744705 61.377798326313496 0
      vertex 77.89343134313822 0.8642431944608688 0
    endloop
  endfacet
  facet normal 0 0 -1
    outer loop
      vertex 77.89343134313822 0.8642431944608688 0
      vertex 77.89343134313822 61.13575680553913 0
      vertex 77.97309939563274 1.1268735527992249 0
    endloop
  endfacet
  facet normal 0 0 -1
    outer loop
      vertex 77.97309939563274 1.1268735527992249 0
      vertex 77.97309939563274 60.873126447200775 0
      vertex 78 1.3999999985098839 0
    endloop
  endfacet
  facet normal 1 0 0
    outer loop
      vertex 78 1.3999999985098839 0
      vertex 78 60.600000001490116 0
      vertex 78 8.319031335413456 0.901
    endloop
  endfacet
  facet normal 1 0 0
    outer loop
      vertex 78 60.600000001490116 0
      vertex 78 10.11230769008398 0.901
      vertex 78 8.319031335413456 0.901
    endloop
  endfacet
  facet normal 0 -1 0
    outer loop
      vertex 1.3999999985098839 0 1.5
      vertex 76.60000000149012 0 0
      vertex 76.60000000149012 0 1.5
    endloop
  endfacet
  facet normal 0 0 1
    outer loop
      vertex 36.79147407412529 11.77007920295 1.5
      vertex 40.1313156709075 10.35551680624485 1.5
      vertex 40.318233616650105 10.657450139522552 1.5
    endloop
  endfacet
  facet normal 0 0 1
    outer loop
      vertex 36.79147407412529 11.77007920295 1.5
      vertex 40.318233616650105 10.657450139522552 1.5
      vertex 40.405859261751175 10.869053557515144 1.5
    endloop
  endfacet
  facet normal 0 0 1
    outer loop
      vertex 36.79147407412529 11.77007920295 1.5
      vertex 40.405859261751175 10.869053557515144 1.5
      vertex 40.4740125387907 11.12502621114254 1.5
    endloop
  endfacet
  facet normal 0 0 1
    outer loop
      vertex 36.79147407412529 11.77007920295 1.5
      vertex 40.4740125387907 11.12502621114254 1.5
      vertex 40.52269344776869 11.425368085503578 1.5
    endloop
  endfacet
  facet normal 0 0 1
    outer loop
      vertex 39.64424330741167 8.12867122143507 1.5
      vertex 44.72763532400131 8.319031335413456 1.5
      vertex 40.47974814474583 8.323402844369411 1.5
    endloop
  endfacet
  facet normal 0 0 1
    outer loop
      vertex 40.47974814474583 8.323402844369411 1.5
      vertex 44.72763532400131 8.319031335413456 1.5
      vertex 41.18164273351431 8.647955551743507 1.5
    endloop
  endfacet
  facet normal 0 0 1
    outer loop
      vertex 41.18164273351431 8.647955551743507 1.5
      vertex 44.72763532400131 8.319031335413456 1.5
      vertex 41.74992706626654 9.102329343557358 1.5
    endloop
  endfacet
  facet normal 0 0 1
    outer loop
      vertex 41.74992706626654 9.102329343557358 1.5
      vertex 44.72763532400131 8.319031335413456 1.5
      vertex 42.18460114300251 9.686524212360382 1.5
    endloop
  endfacet
  facet normal 0 0 1
    outer loop
      vertex 42.18460114300251 9.686524212360382 1.5
      vertex 44.72763532400131 8.319031335413456 1.5
      vertex 42.36229344457388 10.068963527679443 1.5
    endloop
  endfacet
  facet normal 0 0 1
    outer loop
      vertex 42.36229344457388 10.068963527679443 1.5
      vertex 44.72763532400131 8.319031335413456 1.5
      vertex 42.500498577952385 10.50766609609127 1.5
    endloop
  endfacet
  facet normal 0 0 1
    outer loop
      vertex 42.500498577952385 10.50766609609127 1.5
      vertex 44.72763532400131 8.319031335413456 1.5
      vertex 42.599216520786285 11.002631902694702 1.5
    endloop
  endfacet
  facet normal 0 0 1
    outer loop
      vertex 36.79147407412529 11.77007920295 1.5
      vertex 40.52269344776869 11.425368085503578 1.5
      vertex 40.55190199613571 11.77007920295 1.5
    endloop
  endfacet
  facet normal 0 0 1
    outer loop
      vertex 36.79147407412529 11.77007920295 1.5
      vertex 40.55190199613571 11.77007920295 1.5
      vertex 40.56163817644119 12.159159541130066 1.5
    endloop
  endfacet
  facet normal 0 0 1
    outer loop
      vertex 36.78173789381981 12.159159541130066 1.5
      vertex 40.56163817644119 12.159159541130066 1.5
      vertex 40.56163817644119 18.287350423634052 1.5
    endloop
  endfacet
  facet normal 0 0 1
    outer loop
      vertex 42.599216520786285 11.002631902694702 1.5
      vertex 44.72763532400131 18.287350423634052 1.5
      vertex 42.65844729542732 11.5538609623909 1.5
    endloop
  endfacet
  facet normal 0 0 1
    outer loop
      vertex 42.65844729542732 11.5538609623909 1.5
      vertex 44.72763532400131 18.287350423634052 1.5
      vertex 42.678190879523754 12.161353275179863 1.5
    endloop
  endfacet
  facet normal 0 0 1
    outer loop
      vertex 46.76301994174719 10.11230769008398 1.5
      vertex 52.28075498342514 10.11230769008398 1.5
      vertex 46.76301994174719 12.671396009624004 1.5
    endloop
  endfacet
  facet normal 0 0 1
    outer loop
      vertex 44.72763532400131 18.287350423634052 1.5
      vertex 42.599216520786285 11.002631902694702 1.5
      vertex 44.72763532400131 8.319031335413456 1.5
    endloop
  endfacet
  facet normal 0 0 1
    outer loop
      vertex 46.76301994174719 14.40085469931364 1.5
      vertex 51.60448718070984 14.40085469931364 1.5
      vertex 46.76301994174719 16.519601136446 1.5
    endloop
  endfacet
  facet normal 0 0 1
    outer loop
      vertex 76.60000000149012 0 1.5
      vertex 37.70574188232422 8.12867122143507 1.5
      vertex 33.2244017124176 8.319031335413456 1.5
    endloop
  endfacet
  facet normal 0 0 1
    outer loop
      vertex 76.60000000149012 0 1.5
      vertex 38.67512820661068 8.063760682940483 1.5
      vertex 37.70574188232422 8.12867122143507 1.5
    endloop
  endfacet
  facet normal 0 0 1
    outer loop
      vertex 76.60000000149012 0 1.5
      vertex 39.64424330741167 8.12867122143507 1.5
      vertex 38.67512820661068 8.063760682940483 1.5
    endloop
  endfacet
  facet normal 0 0 1
    outer loop
      vertex 76.60000000149012 0 1.5
      vertex 44.72763532400131 8.319031335413456 1.5
      vertex 39.64424330741167 8.12867122143507 1.5
    endloop
  endfacet
  facet normal 0 0 1
    outer loop
      vertex 76.60000000149012 0 1.5
      vertex 52.28075498342514 8.319031335413456 1.5
      vertex 44.72763532400131 8.319031335413456 1.5
    endloop
  endfacet
  facet normal 0 0 1
    outer loop
      vertex 52.28075498342514 8.319031335413456 1.5
      vertex 54.2679492905736 10.021945863962173 1.5
      vertex 52.28075498342514 10.11230769008398 1.5
    endloop
  endfacet
  facet normal 0 0 1
    outer loop
      vertex 53.89876011759043 10.695262104272842 1.5
      vertex 52.28075498342514 10.11230769008398 1.5
      vertex 54.2679492905736 10.021945863962173 1.5
    endloop
  endfacet
  facet normal 0 0 1
    outer loop
      vertex 52.28075498342514 10.11230769008398 1.5
      vertex 53.63505356013775 11.449706546962261 1.5
      vertex 51.60448718070984 12.671396009624004 1.5
    endloop
  endfacet
  facet normal 0 0 1
    outer loop
      vertex 53.63505356013775 11.449706546962261 1.5
      vertex 52.28075498342514 10.11230769008398 1.5
      vertex 53.89876011759043 10.695262104272842 1.5
    endloop
  endfacet
  facet normal 0 0 1
    outer loop
      vertex 46.76301994174719 12.671396009624004 1.5
      vertex 52.28075498342514 10.11230769008398 1.5
      vertex 51.60448718070984 12.671396009624004 1.5
    endloop
  endfacet
  facet normal 0 0 1
    outer loop
      vertex 53.47682963311672 12.28527919948101 1.5
      vertex 51.60448718070984 12.671396009624004 1.5
      vertex 53.63505356013775 11.449706546962261 1.5
    endloop
  endfacet
  facet normal 0 0 1
    outer loop
      vertex 53.424088321626186 13.20198005437851 1.5
      vertex 51.60448718070984 12.671396009624004 1.5
      vertex 53.47682963311672 12.28527919948101 1.5
    endloop
  endfacet
  facet normal 0 0 1
    outer loop
      vertex 51.60448718070984 12.671396009624004 1.5
      vertex 53.424088321626186 13.20198005437851 1.5
      vertex 53.47737208008766 14.13165583461523 1.5
    endloop
  endfacet
  facet normal 0 0 1
    outer loop
      vertex 51.60448718070984 12.671396009624004 1.5
      vertex 53.47737208008766 14.13165583461523 1.5
      vertex 51.60448718070984 14.40085469931364 1.5
    endloop
  endfacet
  facet normal 0 0 1
    outer loop
      vertex 53.63722336292267 14.984535038471222 1.5
      vertex 51.60448718070984 14.40085469931364 1.5
      vertex 53.47737208008766 14.13165583461523 1.5
    endloop
  endfacet
  facet normal 0 0 1
    outer loop
      vertex 51.60448718070984 14.40085469931364 1.5
      vertex 53.63722336292267 14.984535038471222 1.5
      vertex 52.037250712513924 16.519601136446 1.5
    endloop
  endfacet
  facet normal 0 0 1
    outer loop
      vertex 55.27709002792835 8.935701422393322 1.5
      vertex 52.28075498342514 8.319031335413456 1.5
      vertex 55.86890712380409 8.551435321569443 1.5
    endloop
  endfacet
  facet normal 0 0 1
    outer loop
      vertex 54.74262107908726 9.429757833480835 1.5
      vertex 52.28075498342514 8.319031335413456 1.5
      vertex 55.27709002792835 8.935701422393322 1.5
    endloop
  endfacet
  facet normal 0 0 1
    outer loop
      vertex 54.2679492905736 10.021945863962173 1.5
      vertex 52.28075498342514 8.319031335413456 1.5
      vertex 54.74262107908726 9.429757833480835 1.5
    endloop
  endfacet
  facet normal 0 0 1
    outer loop
      vertex 55.86890712380409 8.551435321569443 1.5
      vertex 52.28075498342514 8.319031335413456 1.5
      vertex 56.51807236671448 8.276959538459778 1.5
    endloop
  endfacet
  facet normal 0 0 1
    outer loop
      vertex 56.737202279269695 10.30146324634552 1.5
      vertex 58.53608261793852 12.001310534775257 1.5
      vertex 56.39260683953762 10.576581194996834 1.5
    endloop
  endfacet
  facet normal 0 0 1
    outer loop
      vertex 56.09074530005455 10.92532079666853 1.5
      vertex 58.53608261793852 12.001310534775257 1.5
      vertex 55.85596410185099 11.360086604952812 1.5
    endloop
  endfacet
  facet normal 0 0 1
    outer loop
      vertex 56.39260683953762 10.576581194996834 1.5
      vertex 58.53608261793852 12.001310534775257 1.5
      vertex 56.09074530005455 10.92532079666853 1.5
    endloop
  endfacet
  facet normal 0 0 1
    outer loop
      vertex 57.881313391029835 9.84293332695961 1.5
      vertex 58.53608261793852 12.001310534775257 1.5
      vertex 57.48155555874109 9.934639312326908 1.5
    endloop
  endfacet
  facet normal 0 0 1
    outer loop
      vertex 58.29945868998766 9.812364667654037 1.5
      vertex 58.53608261793852 12.001310534775257 1.5
      vertex 57.881313391029835 9.84293332695961 1.5
    endloop
  endfacet
  facet normal 0 0 1
    outer loop
      vertex 57.10018518567085 10.087482616305351 1.5
      vertex 58.53608261793852 12.001310534775257 1.5
      vertex 56.737202279269695 10.30146324634552 1.5
    endloop
  endfacet
  facet normal 0 0 1
    outer loop
      vertex 57.48155555874109 9.934639312326908 1.5
      vertex 58.53608261793852 12.001310534775257 1.5
      vertex 57.10018518567085 10.087482616305351 1.5
    endloop
  endfacet
  facet normal 0 0 1
    outer loop
      vertex 55.85596410185099 11.360086604952812 1.5
      vertex 58.53608261793852 12.001310534775257 1.5
      vertex 55.68826324492693 11.880878627300262 1.5
    endloop
  endfacet
  facet normal 0 0 1
    outer loop
      vertex 55.68826324492693 11.880878627300262 1.5
      vertex 58.53608261793852 13.666951566934586 1.5
      vertex 55.58764273673296 12.48769686371088 1.5
    endloop
  endfacet
  facet normal 0 0 1
    outer loop
      vertex 55.58764273673296 12.48769686371088 1.5
      vertex 58.53608261793852 13.666951566934586 1.5
      vertex 55.554102562367916 13.180541306734085 1.5
    endloop
  endfacet
  facet normal 0 0 1
    outer loop
      vertex 58.53608261793852 13.666951566934586 1.5
      vertex 55.68826324492693 11.880878627300262 1.5
      vertex 58.53608261793852 12.001310534775257 1.5
    endloop
  endfacet
  facet normal 0 0 1
    outer loop
      vertex 55.554102562367916 13.180541306734085 1.5
      vertex 58.53608261793852 13.666951566934586 1.5
      vertex 55.585070088505745 13.874315097928047 1.5
    endloop
  endfacet
  facet normal 0 0 1
    outer loop
      vertex 55.585070088505745 13.874315097928047 1.5
      vertex 58.53608261793852 13.666951566934586 1.5
      vertex 55.67797265201807 14.494770370423794 1.5
    endloop
  endfacet
  facet normal 0 0 1
    outer loop
      vertex 55.67797265201807 14.494770370423794 1.5
      vertex 58.53608261793852 13.666951566934586 1.5
      vertex 55.83281025290489 15.041907116770744 1.5
    endloop
  endfacet
  facet normal 0 0 1
    outer loop
      vertex 55.83281025290489 15.041907116770744 1.5
      vertex 58.53608261793852 13.666951566934586 1.5
      vertex 56.04958290606737 15.51572535187006 1.5
    endloop
  endfacet
  facet normal 0 0 1
    outer loop
      vertex 56.04958290606737 15.51572535187006 1.5
      vertex 58.53608261793852 13.666951566934586 1.5
      vertex 56.32829059660435 15.91622506827116 1.5
    endloop
  endfacet
  facet normal 0 0 1
    outer loop
      vertex 56.32829059660435 15.91622506827116 1.5
      vertex 58.53608261793852 13.666951566934586 1.5
      vertex 56.655180625617504 16.24371737241745 1.5
    endloop
  endfacet
  facet normal 0 0 1
    outer loop
      vertex 58.53608261793852 13.666951566934586 1.5
      vertex 57.016420513391495 16.498433612287045 1.5
      vertex 56.655180625617504 16.24371737241745 1.5
    endloop
  endfacet
  facet normal 0 0 1
    outer loop
      vertex 42.678190879523754 12.161353275179863 1.5
      vertex 44.72763532400131 18.287350423634052 1.5
      vertex 42.678190879523754 18.287350423634052 1.5
    endloop
  endfacet
  facet normal 0 0 1
    outer loop
      vertex 42.678190879523754 18.287350423634052 1.5
      vertex 40.76828985661268 24.734138429164886 1.5
      vertex 40.56163817644119 18.287350423634052 1.5
    endloop
  endfacet
  facet normal 0 0 1
    outer loop
      vertex 39.8037681132555 24.734138429164886 1.5
      vertex 40.56163817644119 18.287350423634052 1.5
      vertex 40.76828985661268 24.734138429164886 1.5
    endloop
  endfacet
  facet normal 0 0 1
    outer loop
      vertex 40.76828985661268 24.734138429164886 1.5
      vertex 42.678190879523754 18.287350423634052 1.5
      vertex 44.72763532400131 18.287350423634052 1.5
    endloop
  endfacet
  facet normal 0 0 1
    outer loop
      vertex 40.76828985661268 24.734138429164886 1.5
      vertex 44.72763532400131 18.287350423634052 1.5
      vertex 45.59089855104685 24.734138429164886 1.5
    endloop
  endfacet
  facet normal 0 0 1
    outer loop
      vertex 52.037250712513924 18.287350423634052 1.5
      vertex 45.59089855104685 24.734138429164886 1.5
      vertex 44.72763532400131 18.287350423634052 1.5
    endloop
  endfacet
  facet normal 0 0 1
    outer loop
      vertex 39.8037681132555 24.734138429164886 1.5
      vertex 40.76828985661268 29.542101448063278 1.5
      vertex 39.8037681132555 26.95783293247223 1.5
    endloop
  endfacet
  facet normal 0 0 1
    outer loop
      vertex 39.8037681132555 24.734138429164886 1.5
      vertex 40.76828985661268 24.734138429164886 1.5
      vertex 40.76828985661268 29.542101448063278 1.5
    endloop
  endfacet
  facet normal 0 0 1
    outer loop
      vertex 37.39246376603842 26.95783293247223 1.5
      vertex 39.8037681132555 26.95783293247223 1.5
      vertex 40.76828985661268 29.542101448063278 1.5
    endloop
  endfacet
  facet normal 0 0 1
    outer loop
      vertex 43.179594203829765 26.95783293247223 1.5
      vertex 45.59089855104685 26.95783293247223 1.5
      vertex 43.179594203829765 32.73062900453806 1.5
    endloop
  endfacet
  facet normal 0 0 1
    outer loop
      vertex 46.76301994174719 16.519601136446 1.5
      vertex 51.60448718070984 14.40085469931364 1.5
      vertex 52.037250712513924 16.519601136446 1.5
    endloop
  endfacet
  facet normal 0 0 1
    outer loop
      vertex 53.903642162680626 15.760617658495903 1.5
      vertex 52.037250712513924 16.519601136446 1.5
      vertex 53.63722336292267 14.984535038471222 1.5
    endloop
  endfacet
  facet normal 0 0 1
    outer loop
      vertex 54.276628486812115 16.459903702139854 1.5
      vertex 52.037250712513924 16.519601136446 1.5
      vertex 53.903642162680626 15.760617658495903 1.5
    endloop
  endfacet
  facet normal 0 0 1
    outer loop
      vertex 52.037250712513924 16.519601136446 1.5
      vertex 54.756182335317135 17.082393161952496 1.5
      vertex 52.037250712513924 18.287350423634052 1.5
    endloop
  endfacet
  facet normal 0 0 1
    outer loop
      vertex 55.323369801044464 17.608075208961964 1.5
      vertex 45.59089855104685 24.734138429164886 1.5
      vertex 52.037250712513924 18.287350423634052 1.5
    endloop
  endfacet
  facet normal 0 0 1
    outer loop
      vertex 45.59089855104685 24.734138429164886 1.5
      vertex 55.323369801044464 17.608075208961964 1.5
      vertex 55.95925697684288 18.016939029097557 1.5
    endloop
  endfacet
  facet normal 0 0 1
    outer loop
      vertex 45.59089855104685 24.734138429164886 1.5
      vertex 55.95925697684288 18.016939029097557 1.5
      vertex 56.663843877613544 18.308984614908695 1.5
    endloop
  endfacet
  facet normal 0 0 1
    outer loop
      vertex 57.437130481004715 18.484211966395378 1.5
      vertex 45.59089855104685 26.95783293247223 1.5
      vertex 56.663843877613544 18.308984614908695 1.5
    endloop
  endfacet
  facet normal 0 0 1
    outer loop
      vertex 52.037250712513924 16.519601136446 1.5
      vertex 54.276628486812115 16.459903702139854 1.5
      vertex 54.756182335317135 17.082393161952496 1.5
    endloop
  endfacet
  facet normal 0 0 1
    outer loop
      vertex 55.323369801044464 17.608075208961964 1.5
      vertex 52.037250712513924 18.287350423634052 1.5
      vertex 54.756182335317135 17.082393161952496 1.5
    endloop
  endfacet
  facet normal 0 0 1
    outer loop
      vertex 58.53608261793852 13.666951566934586 1.5
      vertex 57.41201025992632 16.680373787879944 1.5
      vertex 57.016420513391495 16.498433612287045 1.5
    endloop
  endfacet
  facet normal 0 0 1
    outer loop
      vertex 58.53608261793852 13.666951566934586 1.5
      vertex 57.8419498577714 16.789537891745567 1.5
      vertex 57.41201025992632 16.680373787879944 1.5
    endloop
  endfacet
  facet normal 0 0 1
    outer loop
      vertex 58.53608261793852 13.666951566934586 1.5
      vertex 58.30623931437731 16.825925923883915 1.5
      vertex 57.8419498577714 16.789537891745567 1.5
    endloop
  endfacet
  facet normal 0 0 1
    outer loop
      vertex 58.53608261793852 13.666951566934586 1.5
      vertex 58.553165808320045 16.816999427974224 1.5
      vertex 58.30623931437731 16.825925923883915 1.5
    endloop
  endfacet
  facet normal 0 0 1
    outer loop
      vertex 45.59089855104685 24.734138429164886 1.5
      vertex 56.663843877613544 18.308984614908695 1.5
      vertex 45.59089855104685 26.95783293247223 1.5
    endloop
  endfacet
  facet normal 0 0 1
    outer loop
      vertex 57.437130481004715 18.484211966395378 1.5
      vertex 46.047538578510284 34.38107678294182 1.5
      vertex 45.59089855104685 26.95783293247223 1.5
    endloop
  endfacet
  facet normal 0 0 1
    outer loop
      vertex 57.437130481004715 18.484211966395378 1.5
      vertex 47.287028670310974 35.64953187853098 1.5
      vertex 46.047538578510284 34.38107678294182 1.5
    endloop
  endfacet
  facet normal 0 0 1
    outer loop
      vertex 58.27911680936813 18.542621076107025 1.5
      vertex 48.20805289596319 37.096701845526695 1.5
      vertex 47.287028670310974 35.64953187853098 1.5
    endloop
  endfacet
  facet normal 0 0 1
    outer loop
      vertex 58.27911680936813 18.542621076107025 1.5
      vertex 47.287028670310974 35.64953187853098 1.5
      vertex 57.437130481004715 18.484211966395378 1.5
    endloop
  endfacet
  facet normal 0 0 1
    outer loop
      vertex 59.0092945843935 18.504095152020454 1.5
      vertex 48.20805289596319 37.096701845526695 1.5
      vertex 58.27911680936813 18.542621076107025 1.5
    endloop
  endfacet
  facet normal 0 0 1
    outer loop
      vertex 59.679691165685654 18.38851737231016 1.5
      vertex 48.20805289596319 37.096701845526695 1.5
      vertex 59.0092945843935 18.504095152020454 1.5
    endloop
  endfacet
  facet normal 0 0 1
    outer loop
      vertex 60.29030655324459 18.195887744426727 1.5
      vertex 48.775216817855835 38.666972763836384 1.5
      vertex 59.679691165685654 18.38851737231016 1.5
    endloop
  endfacet
  facet normal 1 0 0
    outer loop
      vertex 78 1.3999999985098839 0
      vertex 78 8.319031335413456 0.901
      vertex 78 1.3999999985098839 1.5
    endloop
  endfacet
  facet normal 0.09801713107425283 -0.9951847275837651 0
    outer loop
      vertex 76.87312644720078 0.026900604367256165 0
      vertex 76.87312644720078 0.026900604367256165 1.5
      vertex 76.60000000149012 0 1.5
    endloop
  endfacet
  facet normal 0.2902846915285437 -0.9569403314022136 0
    outer loop
      vertex 77.13575680553913 0.10656865686178207 0
      vertex 77.13575680553913 0.10656865686178207 1.5
      vertex 76.87312644720078 0.026900604367256165 1.5
    endloop
  endfacet
  facet normal 0.47139672966959456 -0.8819212681735322 0
    outer loop
      vertex 77.3777983263135 0.235942542552948 0
      vertex 77.3777983263135 0.235942542552948 1.5
      vertex 77.13575680553913 0.10656865686178207 1.5
    endloop
  endfacet
  facet normal 0.6343932751742409 -0.7730104607401506 0
    outer loop
      vertex 77.58994949609041 0.41005050390958786 0
      vertex 77.58994949609041 0.41005050390958786 1.5
      vertex 77.3777983263135 0.235942542552948 1.5
    endloop
  endfacet
  facet normal 0.7730104607401506 -0.6343932751742409 0
    outer loop
      vertex 77.76405745744705 0.6222016736865044 0
      vertex 77.76405745744705 0.6222016736865044 1.5
      vertex 77.58994949609041 0.41005050390958786 1.5
    endloop
  endfacet
  facet normal 0.8819212681735322 -0.47139672966959456 0
    outer loop
      vertex 77.89343134313822 0.8642431944608688 0
      vertex 77.89343134313822 0.8642431944608688 1.5
      vertex 77.76405745744705 0.6222016736865044 1.5
    endloop
  endfacet
  facet normal 0.9569403314022136 -0.2902846915285437 0
    outer loop
      vertex 77.97309939563274 1.1268735527992249 0
      vertex 77.97309939563274 1.1268735527992249 1.5
      vertex 77.89343134313822 0.8642431944608688 1.5
    endloop
  endfacet
  facet normal 0.9951847275837651 -0.09801713107425283 0
    outer loop
      vertex 78 1.3999999985098839 0
      vertex 78 1.3999999985098839 1.5
      vertex 77.97309939563274 1.1268735527992249 1.5
    endloop
  endfacet
  facet normal 0 0 1
    outer loop
      vertex 76.60000000149012 0 1.5
      vertex 56.51807236671448 8.276959538459778 1.5
      vertex 52.28075498342514 8.319031335413456 1.5
    endloop
  endfacet
  facet normal 0 0 1
    outer loop
      vertex 76.60000000149012 0 1.5
      vertex 57.22458575665951 8.112274073064327 1.5
      vertex 56.51807236671448 8.276959538459778 1.5
    endloop
  endfacet
  facet normal 0 0 1
    outer loop
      vertex 76.60000000149012 0 1.5
      vertex 57.98844729363918 8.05737891793251 1.5
      vertex 57.22458575665951 8.112274073064327 1.5
    endloop
  endfacet
  facet normal 0 0 1
    outer loop
      vertex 76.60000000149012 0 1.5
      vertex 58.454727068543434 8.077629059553146 1.5
      vertex 57.98844729363918 8.05737891793251 1.5
    endloop
  endfacet
  facet normal 0 0 1
    outer loop
      vertex 76.60000000149012 0 1.5
      vertex 58.89071737974882 8.138379484415054 1.5
      vertex 58.454727068543434 8.077629059553146 1.5
    endloop
  endfacet
  facet normal 0 0 1
    outer loop
      vertex 76.60000000149012 0 1.5
      vertex 59.296418234705925 8.239630199968815 1.5
      vertex 58.89071737974882 8.138379484415054 1.5
    endloop
  endfacet
  facet normal 0 0 1
    outer loop
      vertex 76.60000000149012 0 1.5
      vertex 59.671829625964165 8.381381191313267 1.5
      vertex 59.296418234705925 8.239630199968815 1.5
    endloop
  endfacet
  facet normal 0 0 1
    outer loop
      vertex 76.60000000149012 0 1.5
      vertex 61.30846153944731 8.319031335413456 1.5
      vertex 59.671829625964165 8.381381191313267 1.5
    endloop
  endfacet
  facet normal 0 0 1
    outer loop
      vertex 76.60000000149012 0 1.5
      vertex 62.68792022764683 8.319031335413456 1.5
      vertex 61.30846153944731 8.319031335413456 1.5
    endloop
  endfacet
  facet normal 0 0 1
    outer loop
      vertex 76.60000000149012 0 1.5
      vertex 64.7374643906951 8.319031335413456 1.5
      vertex 62.68792022764683 8.319031335413456 1.5
    endloop
  endfacet
  facet normal 0 0 1
    outer loop
      vertex 59.671829625964165 8.381381191313267 1.5
      vertex 61.30846153944731 8.319031335413456 1.5
      vertex 60.0169515684247 8.563632473349571 1.5
    endloop
  endfacet
  facet normal 0 0 1
    outer loop
      vertex 60.0169515684247 8.563632473349571 1.5
      vertex 61.30846153944731 8.319031335413456 1.5
      vertex 60.21386894583702 8.696445010602474 1.5
    endloop
  endfacet
  facet normal 0 0 1
    outer loop
      vertex 60.21386894583702 8.696445010602474 1.5
      vertex 61.30846153944731 8.319031335413456 1.5
      vertex 60.4205185174942 8.862745866179466 1.5
    endloop
  endfacet
  facet normal 0 0 1
    outer loop
      vertex 60.4205185174942 8.862745866179466 1.5
      vertex 61.30846153944731 8.319031335413456 1.5
      vertex 60.636900283396244 9.062535040080547 1.5
    endloop
  endfacet
  facet normal 0 0 1
    outer loop
      vertex 60.636900283396244 9.062535040080547 1.5
      vertex 61.30846153944731 8.319031335413456 1.5
      vertex 60.86301424354315 9.295812532305717 1.5
    endloop
  endfacet
  facet normal 0 0 1
    outer loop
      vertex 58.70355213433504 9.836551561951637 1.5
      vertex 58.53608261793852 12.001310534775257 1.5
      vertex 58.29945868998766 9.812364667654037 1.5
    endloop
  endfacet
  facet normal 0 0 1
    outer loop
      vertex 59.0773481503129 9.909112244844437 1.5
      vertex 58.53608261793852 12.001310534775257 1.5
      vertex 58.70355213433504 9.836551561951637 1.5
    endloop
  endfacet
  facet normal 0 0 1
    outer loop
      vertex 59.42084672302008 10.030046723783016 1.5
      vertex 58.53608261793852 12.001310534775257 1.5
      vertex 59.0773481503129 9.909112244844437 1.5
    endloop
  endfacet
  facet normal 0 0 1
    outer loop
      vertex 59.73404785990715 10.199354983866215 1.5
      vertex 58.53608261793852 12.001310534775257 1.5
      vertex 59.42084672302008 10.030046723783016 1.5
    endloop
  endfacet
  facet normal 0 0 1
    outer loop
      vertex 60.0169515684247 10.417037032544613 1.5
      vertex 58.53608261793852 12.001310534775257 1.5
      vertex 59.73404785990715 10.199354983866215 1.5
    endloop
  endfacet
  facet normal 0 0 1
    outer loop
      vertex 60.264185182750225 10.67390312999487 1.5
      vertex 58.53608261793852 12.001310534775257 1.5
      vertex 60.0169515684247 10.417037032544613 1.5
    endloop
  endfacet
  facet normal 0 0 1
    outer loop
      vertex 60.470296293497086 10.960763528943062 1.5
      vertex 58.53608261793852 12.001310534775257 1.5
      vertex 60.264185182750225 10.67390312999487 1.5
    endloop
  endfacet
  facet normal 0 0 1
    outer loop
      vertex 58.53608261793852 12.001310534775257 1.5
      vertex 60.470296293497086 10.960763528943062 1.5
      vertex 60.63528490066528 11.27761822938919 1.5
    endloop
  endfacet
  facet normal 0 0 1
    outer loop
      vertex 61.30846153944731 8.319031335413456 1.5
      vertex 61.098860397934914 9.562578342854977 1.5
      vertex 60.86301424354315 9.295812532305717 1.5
    endloop
  endfacet
  facet normal 0 0 1
    outer loop
      vertex 58.53608261793852 12.001310534775257 1.5
      vertex 60.63528490066528 11.27761822938919 1.5
      vertex 60.75915099680424 11.624467231333256 1.5
    endloop
  endfacet
  facet normal 0 0 1
    outer loop
      vertex 58.53608261793852 12.001310534775257 1.5
      vertex 60.75915099680424 11.624467231333256 1.5
      vertex 60.84189458936453 12.001310534775257 1.5
    endloop
  endfacet
  facet normal 0 0 1
    outer loop
      vertex 58.53608261793852 13.666951566934586 1.5
      vertex 60.306683763861656 15.894435323774815 1.5
      vertex 60.07542449980974 16.179780051112175 1.5
    endloop
  endfacet
  facet normal 0 0 1
    outer loop
      vertex 59.7895213663578 16.41588945686817 1.5
      vertex 58.53608261793852 13.666951566934586 1.5
      vertex 60.07542449980974 16.179780051112175 1.5
    endloop
  endfacet
  facet normal 0 0 1
    outer loop
      vertex 58.53608261793852 13.666951566934586 1.5
      vertex 62.68792022764683 13.666951566934586 1.5
      vertex 60.60527065396309 15.176039882004261 1.5
    endloop
  endfacet
  facet normal 0 0 1
    outer loop
      vertex 58.53608261793852 13.666951566934586 1.5
      vertex 60.60527065396309 15.176039882004261 1.5
      vertex 60.483299143612385 15.55985526740551 1.5
    endloop
  endfacet
  facet normal 0 0 1
    outer loop
      vertex 58.53608261793852 13.666951566934586 1.5
      vertex 60.483299143612385 15.55985526740551 1.5
      vertex 60.306683763861656 15.894435323774815 1.5
    endloop
  endfacet
  facet normal 0 0 1
    outer loop
      vertex 62.68792022764683 8.319031335413456 1.5
      vertex 64.7374643906951 18.287350423634052 1.5
      vertex 62.68792022764683 13.666951566934586 1.5
    endloop
  endfacet
  facet normal 0 0 1
    outer loop
      vertex 60.60527065396309 15.176039882004261 1.5
      vertex 62.68792022764683 13.666951566934586 1.5
      vertex 62.65411680936813 15.176039882004261 1.5
    endloop
  endfacet
  facet normal 0 0 1
    outer loop
      vertex 64.7374643906951 18.287350423634052 1.5
      vertex 62.68792022764683 8.319031335413456 1.5
      vertex 64.7374643906951 8.319031335413456 1.5
    endloop
  endfacet
  facet normal 1 0 0
    outer loop
      vertex 78 1.3999999985098839 1.5
      vertex 78 8.319031335413456 0.901
      vertex 78 8.319031335413456 1.5
    endloop
  endfacet
  facet normal 0 0 1
    outer loop
      vertex 76.60000000149012 0 1.5
      vertex 72.29058404266834 8.319031335413456 1.5
      vertex 64.7374643906951 8.319031335413456 1.5
    endloop
  endfacet
  facet normal 0 0 1
    outer loop
      vertex 76.60000000149012 0 1.5
      vertex 76.87312644720078 0.026900604367256165 1.5
      vertex 73.91404558718204 8.319031335413456 1.5
    endloop
  endfacet
  facet normal 0 0 1
    outer loop
      vertex 76.87312644720078 0.026900604367256165 1.5
      vertex 77.13575680553913 0.10656865686178207 1.5
      vertex 73.91404558718204 8.319031335413456 1.5
    endloop
  endfacet
  facet normal 0 0 1
    outer loop
      vertex 77.13575680553913 0.10656865686178207 1.5
      vertex 77.3777983263135 0.235942542552948 1.5
      vertex 73.91404558718204 8.319031335413456 1.5
    endloop
  endfacet
  facet normal 0 0 1
    outer loop
      vertex 77.3777983263135 0.235942542552948 1.5
      vertex 77.58994949609041 0.41005050390958786 1.5
      vertex 73.91404558718204 8.319031335413456 1.5
    endloop
  endfacet
  facet normal 0 0 1
    outer loop
      vertex 77.58994949609041 0.41005050390958786 1.5
      vertex 77.76405745744705 0.6222016736865044 1.5
      vertex 73.91404558718204 8.319031335413456 1.5
    endloop
  endfacet
  facet normal 0 0 1
    outer loop
      vertex 77.76405745744705 0.6222016736865044 1.5
      vertex 77.89343134313822 0.8642431944608688 1.5
      vertex 73.91404558718204 8.319031335413456 1.5
    endloop
  endfacet
  facet normal 0 0 1
    outer loop
      vertex 77.89343134313822 0.8642431944608688 1.5
      vertex 77.97309939563274 1.1268735527992249 1.5
      vertex 73.91404558718204 8.319031335413456 1.5
    endloop
  endfacet
  facet normal 0 0 1
    outer loop
      vertex 77.97309939563274 1.1268735527992249 1.5
      vertex 78 1.3999999985098839 1.5
      vertex 73.91404558718204 8.319031335413456 1.5
    endloop
  endfacet
  facet normal 0 0 1
    outer loop
      vertex 76.60000000149012 0 1.5
      vertex 73.91404558718204 8.319031335413456 1.5
      vertex 72.29058404266834 8.319031335413456 1.5
    endloop
  endfacet
  facet normal 0 0 1
    outer loop
      vertex 78 1.3999999985098839 1.5
      vertex 78 8.319031335413456 1.5
      vertex 73.91404558718204 8.319031335413456 1.5
    endloop
  endfacet
  facet normal 0 0 1
    outer loop
      vertex 66.77284900099039 10.11230769008398 1.5
      vertex 72.29058404266834 10.11230769008398 1.5
      vertex 66.77284900099039 12.671396009624004 1.5
    endloop
  endfacet
  facet normal 0 0 1
    outer loop
      vertex 72.29058404266834 10.11230769008398 1.5
      vertex 71.61431623995304 12.671396009624004 1.5
      vertex 66.77284900099039 12.671396009624004 1.5
    endloop
  endfacet
  facet normal 0 0 1
    outer loop
      vertex 66.77284900099039 14.40085469931364 1.5
      vertex 71.61431623995304 14.40085469931364 1.5
      vertex 66.77284900099039 16.519601136446 1.5
    endloop
  endfacet
  facet normal 0 0 1
    outer loop
      vertex 72.29058404266834 8.319031335413456 1.5
      vertex 73.91404558718204 18.287350423634052 1.5
      vertex 72.29058404266834 10.11230769008398 1.5
    endloop
  endfacet
  facet normal 0 0 1
    outer loop
      vertex 73.91404558718204 18.287350423634052 1.5
      vertex 71.61431623995304 12.671396009624004 1.5
      vertex 72.29058404266834 10.11230769008398 1.5
    endloop
  endfacet
  facet normal 0 0 1
    outer loop
      vertex 71.61431623995304 12.671396009624004 1.5
      vertex 73.91404558718204 18.287350423634052 1.5
      vertex 71.61431623995304 14.40085469931364 1.5
    endloop
  endfacet
  facet normal 0 0 1
    outer loop
      vertex 72.29058404266834 8.319031335413456 1.5
      vertex 73.91404558718204 8.319031335413456 1.5
      vertex 73.91404558718204 18.287350423634052 1.5
    endloop
  endfacet
  facet normal 0 0 1
    outer loop
      vertex 58.53608261793852 13.666951566934586 1.5
      vertex 59.019449569284916 16.745587460696697 1.5
      vertex 58.79090256243944 16.79021994024515 1.5
    endloop
  endfacet
  facet normal 0 0 1
    outer loop
      vertex 58.53608261793852 13.666951566934586 1.5
      vertex 58.79090256243944 16.79021994024515 1.5
      vertex 58.553165808320045 16.816999427974224 1.5
    endloop
  endfacet
  facet normal 0 0 1
    outer loop
      vertex 58.53608261793852 13.666951566934586 1.5
      vertex 59.23880683630705 16.68310198932886 1.5
      vertex 59.019449569284916 16.745587460696697 1.5
    endloop
  endfacet
  facet normal 0 0 1
    outer loop
      vertex 58.53608261793852 13.666951566934586 1.5
      vertex 59.44897435605526 16.602763526141644 1.5
      vertex 59.23880683630705 16.68310198932886 1.5
    endloop
  endfacet
  facet normal 0 0 1
    outer loop
      vertex 59.44897435605526 16.602763526141644 1.5
      vertex 58.53608261793852 13.666951566934586 1.5
      vertex 59.7895213663578 16.41588945686817 1.5
    endloop
  endfacet
  facet normal 0 0 1
    outer loop
      vertex 62.68792022764683 13.666951566934586 1.5
      vertex 64.7374643906951 18.287350423634052 1.5
      vertex 62.65411680936813 15.176039882004261 1.5
    endloop
  endfacet
  facet normal 0 0 1
    outer loop
      vertex 62.65411680936813 15.176039882004261 1.5
      vertex 64.7374643906951 18.287350423634052 1.5
      vertex 62.547154419124126 15.733068376779556 1.5
    endloop
  endfacet
  facet normal 0 0 1
    outer loop
      vertex 62.547154419124126 15.733068376779556 1.5
      vertex 64.7374643906951 18.287350423634052 1.5
      vertex 62.3614809140563 16.25192592293024 1.5
    endloop
  endfacet
  facet normal 0 0 1
    outer loop
      vertex 62.3614809140563 16.25192592293024 1.5
      vertex 64.7374643906951 18.287350423634052 1.5
      vertex 62.09709629416466 16.732612535357475 1.5
    endloop
  endfacet
  facet normal 0 0 1
    outer loop
      vertex 62.09709629416466 16.732612535357475 1.5
      vertex 64.7374643906951 18.287350423634052 1.5
      vertex 61.75400056689978 17.1751281991601 1.5
    endloop
  endfacet
  facet normal 0 0 1
    outer loop
      vertex 66.77284900099039 16.519601136446 1.5
      vertex 71.61431623995304 14.40085469931364 1.5
      vertex 72.04707977175713 16.519601136446 1.5
    endloop
  endfacet
  facet normal 0 0 1
    outer loop
      vertex 73.91404558718204 18.287350423634052 1.5
      vertex 72.04707977175713 16.519601136446 1.5
      vertex 71.61431623995304 14.40085469931364 1.5
    endloop
  endfacet
  facet normal 0 0 1
    outer loop
      vertex 72.04707977175713 16.519601136446 1.5
      vertex 73.91404558718204 18.287350423634052 1.5
      vertex 72.04707977175713 18.287350423634052 1.5
    endloop
  endfacet
  facet normal 1 0 0
    outer loop
      vertex 78 60.600000001490116 1.5
      vertex 78 10.11230769008398 1.5
      vertex 78 10.11230769008398 0.901
    endloop
  endfacet
  facet normal 0 0 1
    outer loop
      vertex 76.60000000149012 62 1.5
      vertex 75.9966951534152 10.11230769008398 1.5
      vertex 78 10.11230769008398 1.5
    endloop
  endfacet
  facet normal 0 0 1
    outer loop
      vertex 76.60000000149012 62 1.5
      vertex 75.9966951534152 18.287350423634052 1.5
      vertex 75.9966951534152 10.11230769008398 1.5
    endloop
  endfacet
  facet normal 0 0 -1
    outer loop
      vertex 1.3999999985098839 62 0
      vertex 76.60000000149012 62 0
      vertex 76.60000000149012 0 0
    endloop
  endfacet
  facet normal 0 1 0
    outer loop
      vertex 1.3999999985098839 62 0
      vertex 76.60000000149012 62 1.5
      vertex 76.60000000149012 62 0
    endloop
  endfacet
  facet normal 0 0 -1
    outer loop
      vertex 76.87312644720078 0.026900604367256165 0
      vertex 76.60000000149012 62 0
      vertex 76.87312644720078 61.973099395632744 0
    endloop
  endfacet
  facet normal 0 0 -1
    outer loop
      vertex 77.13575680553913 0.10656865686178207 0
      vertex 76.87312644720078 61.973099395632744 0
      vertex 77.13575680553913 61.89343134313822 0
    endloop
  endfacet
  facet normal 0 0 -1
    outer loop
      vertex 77.3777983263135 0.235942542552948 0
      vertex 77.13575680553913 61.89343134313822 0
      vertex 77.3777983263135 61.76405745744705 0
    endloop
  endfacet
  facet normal 0 0 -1
    outer loop
      vertex 78 1.3999999985098839 0
      vertex 77.97309939563274 60.873126447200775 0
      vertex 78 60.600000001490116 0
    endloop
  endfacet
  facet normal 0 0 -1
    outer loop
      vertex 77.97309939563274 1.1268735527992249 0
      vertex 77.89343134313822 61.13575680553913 0
      vertex 77.97309939563274 60.873126447200775 0
    endloop
  endfacet
  facet normal 0 0 -1
    outer loop
      vertex 77.89343134313822 0.8642431944608688 0
      vertex 77.76405745744705 61.377798326313496 0
      vertex 77.89343134313822 61.13575680553913 0
    endloop
  endfacet
  facet normal 0 0 -1
    outer loop
      vertex 77.58994949609041 0.41005050390958786 0
      vertex 77.3777983263135 61.76405745744705 0
      vertex 77.58994949609041 61.58994949609041 0
    endloop
  endfacet
  facet normal 0 0 -1
    outer loop
      vertex 77.76405745744705 0.6222016736865044 0
      vertex 77.58994949609041 61.58994949609041 0
      vertex 77.76405745744705 61.377798326313496 0
    endloop
  endfacet
  facet normal 0.9951847275837651 0.09801713107425283 0
    outer loop
      vertex 78 60.600000001490116 0
      vertex 77.97309939563274 60.873126447200775 0
      vertex 78 60.600000001490116 1.5
    endloop
  endfacet
  facet normal 0.9569403314022136 0.2902846915285437 0
    outer loop
      vertex 77.97309939563274 60.873126447200775 0
      vertex 77.89343134313822 61.13575680553913 0
      vertex 77.97309939563274 60.873126447200775 1.5
    endloop
  endfacet
  facet normal 0.09801713107425283 0.9951847275837651 0
    outer loop
      vertex 76.60000000149012 62 0
      vertex 76.87312644720078 61.973099395632744 1.5
      vertex 76.87312644720078 61.973099395632744 0
    endloop
  endfacet
  facet normal 0.2902846915285437 0.9569403314022136 0
    outer loop
      vertex 76.87312644720078 61.973099395632744 0
      vertex 77.13575680553913 61.89343134313822 1.5
      vertex 77.13575680553913 61.89343134313822 0
    endloop
  endfacet
  facet normal 0.47139672966959456 0.8819212681735322 0
    outer loop
      vertex 77.13575680553913 61.89343134313822 0
      vertex 77.3777983263135 61.76405745744705 1.5
      vertex 77.3777983263135 61.76405745744705 0
    endloop
  endfacet
  facet normal 0.8819212681735322 0.47139672966959456 0
    outer loop
      vertex 77.89343134313822 61.13575680553913 0
      vertex 77.76405745744705 61.377798326313496 0
      vertex 77.89343134313822 61.13575680553913 1.5
    endloop
  endfacet
  facet normal 0.7730104607401506 0.6343932751742409 0
    outer loop
      vertex 77.76405745744705 61.377798326313496 0
      vertex 77.58994949609041 61.58994949609041 0
      vertex 77.76405745744705 61.377798326313496 1.5
    endloop
  endfacet
  facet normal 0.6343932751742409 0.7730104607401506 0
    outer loop
      vertex 77.3777983263135 61.76405745744705 0
      vertex 77.58994949609041 61.58994949609041 1.5
      vertex 77.58994949609041 61.58994949609041 0
    endloop
  endfacet
  facet normal 0 0 1
    outer loop
      vertex 40.76828985661268 29.542101448063278 1.5
      vertex 39 31.929378516972065 1.5
      vertex 37.39246376603842 32.06235180050135 1.5
    endloop
  endfacet
  facet normal 0 0 1
    outer loop
      vertex 40.76828985661268 29.542101448063278 1.5
      vertex 40.76828985661268 32.07564912736416 1.5
      vertex 39 31.929378516972065 1.5
    endloop
  endfacet
  facet normal 0 0 1
    outer loop
      vertex 45.59089855104685 26.95783293247223 1.5
      vertex 44.537215523421764 33.340082600712776 1.5
      vertex 43.179594203829765 32.73062900453806 1.5
    endloop
  endfacet
  facet normal 0 0 1
    outer loop
      vertex 45.59089855104685 26.95783293247223 1.5
      vertex 46.047538578510284 34.38107678294182 1.5
      vertex 44.537215523421764 33.340082600712776 1.5
    endloop
  endfacet
  facet normal 0 0 1
    outer loop
      vertex 59.679691165685654 18.38851737231016 1.5
      vertex 48.775216817855835 38.666972763836384 1.5
      vertex 48.20805289596319 37.096701845526695 1.5
    endloop
  endfacet
  facet normal 0 0 1
    outer loop
      vertex 60.29030655324459 18.195887744426727 1.5
      vertex 48.96672464162111 40.29999999701977 1.5
      vertex 48.775216817855835 38.666972763836384 1.5
    endloop
  endfacet
  facet normal 0 0 1
    outer loop
      vertex 39 48.67062148451805 1.5
      vertex 39.164965122938156 48.65697578340769 1.5
      vertex 39.56122715771198 49.35559918731451 1.5
    endloop
  endfacet
  facet normal 0 0 1
    outer loop
      vertex 39 48.67062148451805 1.5
      vertex 39.56122715771198 49.35559918731451 1.5
      vertex 39.4822608679533 50.14778998494148 1.5
    endloop
  endfacet
  facet normal 0 0 1
    outer loop
      vertex 39 48.67062148451805 1.5
      vertex 39.4822608679533 50.14778998494148 1.5
      vertex 39.58419244736433 51.17036870867014 1.5
    endloop
  endfacet
  facet normal 0 0 1
    outer loop
      vertex 40.37629259377718 53.05984781682491 1.5
      vertex 40.86580780148506 53.80979743599892 1.5
      vertex 40.680117435753345 54.15305407345295 1.5
    endloop
  endfacet
  facet normal 0 0 1
    outer loop
      vertex 40.37629259377718 53.05984781682491 1.5
      vertex 40.93250065296888 53.72950170189142 1.5
      vertex 40.86580780148506 53.80979743599892 1.5
    endloop
  endfacet
  facet normal 0 0 1
    outer loop
      vertex 40.565769873559475 54.52550921589136 1.5
      vertex 40.37629259377718 53.05984781682491 1.5
      vertex 40.680117435753345 54.15305407345295 1.5
    endloop
  endfacet
  facet normal 0 0 1
    outer loop
      vertex 42.536579713225365 56.89829117804766 1.5
      vertex 43.52700935304165 57.42861606925726 1.5
      vertex 42.144561260938644 56.86014147847891 1.5
    endloop
  endfacet
  facet normal 0 0 1
    outer loop
      vertex 43.10391852259636 56.80759325623512 1.5
      vertex 43.277112148702145 57.12774910777807 1.5
      vertex 42.928598158061504 56.86014147847891 1.5
    endloop
  endfacet
  facet normal 0 0 1
    outer loop
      vertex 42.928598158061504 56.86014147847891 1.5
      vertex 43.52700935304165 57.42861606925726 1.5
      vertex 42.536579713225365 56.89829117804766 1.5
    endloop
  endfacet
  facet normal 0 0 1
    outer loop
      vertex 42.928598158061504 56.86014147847891 1.5
      vertex 43.277112148702145 57.12774910777807 1.5
      vertex 43.52700935304165 57.42861606925726 1.5
    endloop
  endfacet
  facet normal 0 0 1
    outer loop
      vertex 43.831509962677956 57.67553120106459 1.5
      vertex 42.144561260938644 56.86014147847891 1.5
      vertex 43.52700935304165 57.42861606925726 1.5
    endloop
  endfacet
  facet normal 0 0 1
    outer loop
      vertex 1.3999999985098839 62 1.5
      vertex 44.94788406044245 58.01013842970133 1.5
      vertex 76.60000000149012 62 1.5
    endloop
  endfacet
  facet normal 0 0 1
    outer loop
      vertex 46.791849583387375 56.80759325623512 1.5
      vertex 46.96716995537281 56.86014147847891 1.5
      vertex 46.61865596473217 57.12774910777807 1.5
    endloop
  endfacet
  facet normal 0 0 1
    outer loop
      vertex 46.61865596473217 57.12774910777807 1.5
      vertex 47.35918841511011 56.89829117804766 1.5
      vertex 46.36875877529383 57.42861606925726 1.5
    endloop
  endfacet
  facet normal 0 0 1
    outer loop
      vertex 47.35918841511011 56.89829117804766 1.5
      vertex 46.61865596473217 57.12774910777807 1.5
      vertex 46.96716995537281 56.86014147847891 1.5
    endloop
  endfacet
  facet normal 0 0 1
    outer loop
      vertex 47.75120685249567 56.86014147847891 1.5
      vertex 46.36875877529383 57.42861606925726 1.5
      vertex 47.35918841511011 56.89829117804766 1.5
    endloop
  endfacet
  facet normal 0 0 1
    outer loop
      vertex 46.36875877529383 57.42861606925726 1.5
      vertex 47.75120685249567 56.86014147847891 1.5
      vertex 46.06425816565752 57.67553120106459 1.5
    endloop
  endfacet
  facet normal 0 0 1
    outer loop
      vertex 49.197968274354935 47.23573213815689 1.5
      vertex 55.55762318521738 51.10080190747976 1.5
      vertex 49.68819085508585 48.141929648816586 1.5
    endloop
  endfacet
  facet normal 0 0 1
    outer loop
      vertex 49.68819085508585 48.141929648816586 1.5
      vertex 55.55762318521738 51.10080190747976 1.5
      vertex 49.89143888652325 48.80395319312811 1.5
    endloop
  endfacet
  facet normal 0 0 1
    outer loop
      vertex 49.28823188692331 52.89299164712429 1.5
      vertex 49.28823188692331 53.64216706156731 1.5
      vertex 49.197968274354935 53.05984781682491 1.5
    endloop
  endfacet
  facet normal 0 0 1
    outer loop
      vertex 48.80251382291317 53.53596029430628 1.5
      vertex 49.28823188692331 53.64216706156731 1.5
      vertex 49.02996031194925 53.80979743599892 1.5
    endloop
  endfacet
  facet normal 0 0 1
    outer loop
      vertex 49.197968274354935 53.05984781682491 1.5
      vertex 49.28823188692331 53.64216706156731 1.5
      vertex 48.80251382291317 53.53596029430628 1.5
    endloop
  endfacet
  facet normal 0 0 1
    outer loop
      vertex 49.02996031194925 53.80979743599892 1.5
      vertex 49.28823188692331 53.64216706156731 1.5
      vertex 49.21565068513155 54.15305407345295 1.5
    endloop
  endfacet
  facet normal 0 0 1
    outer loop
      vertex 55.55762318521738 51.10080190747976 1.5
      vertex 49.21565068513155 54.15305407345295 1.5
      vertex 49.28823188692331 53.64216706156731 1.5
    endloop
  endfacet
  facet normal 0 0 1
    outer loop
      vertex 49.21565068513155 54.15305407345295 1.5
      vertex 55.55762318521738 51.10080190747976 1.5
      vertex 49.329998254776 54.52550921589136 1.5
    endloop
  endfacet
  facet normal 0 0 1
    outer loop
      vertex 49.329998254776 54.52550921589136 1.5
      vertex 55.55762318521738 51.10080190747976 1.5
      vertex 49.368608705699444 54.91284964978695 1.5
    endloop
  endfacet
  facet normal 0 0 1
    outer loop
      vertex 49.368608705699444 54.91284964978695 1.5
      vertex 55.55762318521738 51.10080190747976 1.5
      vertex 49.329998254776 55.300190068781376 1.5
    endloop
  endfacet
  facet normal 0 0 1
    outer loop
      vertex 49.329998254776 55.300190068781376 1.5
      vertex 55.55762318521738 51.10080190747976 1.5
      vertex 49.21565068513155 55.67264522612095 1.5
    endloop
  endfacet
  facet normal 0 0 1
    outer loop
      vertex 76.60000000149012 62 1.5
      vertex 48.775216817855835 41.93302723765373 1.5
      vertex 48.96672464162111 40.29999999701977 1.5
    endloop
  endfacet
  facet normal 0 0 1
    outer loop
      vertex 76.60000000149012 62 1.5
      vertex 48.20805289596319 43.50329815596342 1.5
      vertex 48.775216817855835 41.93302723765373 1.5
    endloop
  endfacet
  facet normal 0 0 1
    outer loop
      vertex 76.60000000149012 62 1.5
      vertex 47.7211841493845 44.26829628646374 1.5
      vertex 48.20805289596319 43.50329815596342 1.5
    endloop
  endfacet
  facet normal 0 0 1
    outer loop
      vertex 76.60000000149012 62 1.5
      vertex 48.147492215037346 46.12459193170071 1.5
      vertex 47.7211841493845 44.26829628646374 1.5
    endloop
  endfacet
  facet normal 0 0 1
    outer loop
      vertex 76.60000000149012 62 1.5
      vertex 48.53823967278004 46.441443376243114 1.5
      vertex 48.147492215037346 46.12459193170071 1.5
    endloop
  endfacet
  facet normal 0 0 1
    outer loop
      vertex 76.60000000149012 62 1.5
      vertex 49.197968274354935 47.23573213815689 1.5
      vertex 48.53823967278004 46.441443376243114 1.5
    endloop
  endfacet
  facet normal 0 0 1
    outer loop
      vertex 49.02996031194925 56.01590186357498 1.5
      vertex 55.55762318521738 51.10080190747976 1.5
      vertex 48.78006312251091 56.31676881760359 1.5
    endloop
  endfacet
  facet normal 0 0 1
    outer loop
      vertex 49.21565068513155 55.67264522612095 1.5
      vertex 55.55762318521738 51.10080190747976 1.5
      vertex 49.02996031194925 56.01590186357498 1.5
    endloop
  endfacet
  facet normal 0 0 1
    outer loop
      vertex 76.60000000149012 62 1.5
      vertex 44.94788406044245 58.01013842970133 1.5
      vertex 45.33990250527859 57.971988722682 1.5
    endloop
  endfacet
  facet normal 0 0 1
    outer loop
      vertex 76.60000000149012 62 1.5
      vertex 45.33990250527859 57.971988722682 1.5
      vertex 45.71685592085123 57.85900568962097 1.5
    endloop
  endfacet
  facet normal 0 0 1
    outer loop
      vertex 76.60000000149012 62 1.5
      vertex 46.06425816565752 57.67553120106459 1.5
      vertex 47.75120685249567 56.86014147847891 1.5
    endloop
  endfacet
  facet normal 0 0 1
    outer loop
      vertex 76.60000000149012 62 1.5
      vertex 45.71685592085123 57.85900568962097 1.5
      vertex 46.06425816565752 57.67553120106459 1.5
    endloop
  endfacet
  facet normal 0 0 1
    outer loop
      vertex 76.60000000149012 62 1.5
      vertex 47.75120685249567 56.86014147847891 1.5
      vertex 48.128160268068314 56.74715843051672 1.5
    endloop
  endfacet
  facet normal 0 0 1
    outer loop
      vertex 76.60000000149012 62 1.5
      vertex 48.128160268068314 56.74715843051672 1.5
      vertex 48.4755625128746 56.563683934509754 1.5
    endloop
  endfacet
  facet normal 0 0 1
    outer loop
      vertex 76.60000000149012 62 1.5
      vertex 48.4755625128746 56.563683934509754 1.5
      vertex 48.78006312251091 56.31676881760359 1.5
    endloop
  endfacet
  facet normal 1 0 0
    outer loop
      vertex 78 60.600000001490116 0
      vertex 78 60.600000001490116 1.5
      vertex 78 10.11230769008398 0.901
    endloop
  endfacet
  facet normal 0 0 1
    outer loop
      vertex 76.60000000149012 62 1.5
      vertex 60.29030655324459 18.195887744426727 1.5
      vertex 60.84114073961973 17.92620626837015 1.5
    endloop
  endfacet
  facet normal 0 0 1
    outer loop
      vertex 76.60000000149012 62 1.5
      vertex 60.84114073961973 17.92620626837015 1.5
      vertex 61.33219373226166 17.579472929239273 1.5
    endloop
  endfacet
  facet normal 0 0 1
    outer loop
      vertex 76.60000000149012 62 1.5
      vertex 61.33219373226166 17.579472929239273 1.5
      vertex 61.75400056689978 17.1751281991601 1.5
    endloop
  endfacet
  facet normal 0 0 1
    outer loop
      vertex 76.60000000149012 62 1.5
      vertex 61.75400056689978 17.1751281991601 1.5
      vertex 64.7374643906951 18.287350423634052 1.5
    endloop
  endfacet
  facet normal 0 0 1
    outer loop
      vertex 76.60000000149012 62 1.5
      vertex 48.96672464162111 40.29999999701977 1.5
      vertex 60.29030655324459 18.195887744426727 1.5
    endloop
  endfacet
  facet normal 0 0 1
    outer loop
      vertex 76.60000000149012 62 1.5
      vertex 64.7374643906951 18.287350423634052 1.5
      vertex 72.04707977175713 18.287350423634052 1.5
    endloop
  endfacet
  facet normal 0 0 1
    outer loop
      vertex 76.60000000149012 62 1.5
      vertex 72.04707977175713 18.287350423634052 1.5
      vertex 73.91404558718204 18.287350423634052 1.5
    endloop
  endfacet
  facet normal 0 0 1
    outer loop
      vertex 76.60000000149012 62 1.5
      vertex 73.91404558718204 18.287350423634052 1.5
      vertex 75.9966951534152 18.287350423634052 1.5
    endloop
  endfacet
  facet normal 0 0 1
    outer loop
      vertex 78 60.600000001490116 1.5
      vertex 77.97309939563274 60.873126447200775 1.5
      vertex 78 10.11230769008398 1.5
    endloop
  endfacet
  facet normal 0 0 1
    outer loop
      vertex 77.97309939563274 60.873126447200775 1.5
      vertex 77.89343134313822 61.13575680553913 1.5
      vertex 78 10.11230769008398 1.5
    endloop
  endfacet
  facet normal 0 0 1
    outer loop
      vertex 77.3777983263135 61.76405745744705 1.5
      vertex 78 10.11230769008398 1.5
      vertex 77.58994949609041 61.58994949609041 1.5
    endloop
  endfacet
  facet normal 0 0 1
    outer loop
      vertex 77.89343134313822 61.13575680553913 1.5
      vertex 77.76405745744705 61.377798326313496 1.5
      vertex 78 10.11230769008398 1.5
    endloop
  endfacet
  facet normal 0 0 1
    outer loop
      vertex 77.76405745744705 61.377798326313496 1.5
      vertex 77.58994949609041 61.58994949609041 1.5
      vertex 78 10.11230769008398 1.5
    endloop
  endfacet
  facet normal 0 0 1
    outer loop
      vertex 76.60000000149012 62 1.5
      vertex 78 10.11230769008398 1.5
      vertex 76.87312644720078 61.973099395632744 1.5
    endloop
  endfacet
  facet normal 0 0 1
    outer loop
      vertex 76.87312644720078 61.973099395632744 1.5
      vertex 78 10.11230769008398 1.5
      vertex 77.13575680553913 61.89343134313822 1.5
    endloop
  endfacet
  facet normal 0 0 1
    outer loop
      vertex 77.13575680553913 61.89343134313822 1.5
      vertex 78 10.11230769008398 1.5
      vertex 77.3777983263135 61.76405745744705 1.5
    endloop
  endfacet
  facet normal 0.09801713107425283 0.9951847275837651 0
    outer loop
      vertex 76.60000000149012 62 0
      vertex 76.60000000149012 62 1.5
      vertex 76.87312644720078 61.973099395632744 1.5
    endloop
  endfacet
  facet normal 0.9951847275837651 0.09801713107425283 0
    outer loop
      vertex 77.97309939563274 60.873126447200775 0
      vertex 77.97309939563274 60.873126447200775 1.5
      vertex 78 60.600000001490116 1.5
    endloop
  endfacet
  facet normal 0.2902846915285437 0.9569403314022136 0
    outer loop
      vertex 76.87312644720078 61.973099395632744 0
      vertex 76.87312644720078 61.973099395632744 1.5
      vertex 77.13575680553913 61.89343134313822 1.5
    endloop
  endfacet
  facet normal 0.47139672966959456 0.8819212681735322 0
    outer loop
      vertex 77.13575680553913 61.89343134313822 0
      vertex 77.13575680553913 61.89343134313822 1.5
      vertex 77.3777983263135 61.76405745744705 1.5
    endloop
  endfacet
  facet normal 0.9569403314022136 0.2902846915285437 0
    outer loop
      vertex 77.89343134313822 61.13575680553913 0
      vertex 77.89343134313822 61.13575680553913 1.5
      vertex 77.97309939563274 60.873126447200775 1.5
    endloop
  endfacet
  facet normal 0.8819212681735322 0.47139672966959456 0
    outer loop
      vertex 77.76405745744705 61.377798326313496 0
      vertex 77.76405745744705 61.377798326313496 1.5
      vertex 77.89343134313822 61.13575680553913 1.5
    endloop
  endfacet
  facet normal 0.6343932751742409 0.7730104607401506 0
    outer loop
      vertex 77.3777983263135 61.76405745744705 0
      vertex 77.3777983263135 61.76405745744705 1.5
      vertex 77.58994949609041 61.58994949609041 1.5
    endloop
  endfacet
  facet normal 0.7730104607401506 0.6343932751742409 0
    outer loop
      vertex 77.58994949609041 61.58994949609041 0
      vertex 77.58994949609041 61.58994949609041 1.5
      vertex 77.76405745744705 61.377798326313496 1.5
    endloop
  endfacet
  facet normal 0 0 1
    outer loop
      vertex 76.60000000149012 62 1.5
      vertex 55.55762318521738 51.10080190747976 1.5
      vertex 49.197968274354935 47.23573213815689 1.5
    endloop
  endfacet
  facet normal 0 0 1
    outer loop
      vertex 76.60000000149012 62 1.5
      vertex 48.78006312251091 56.31676881760359 1.5
      vertex 55.55762318521738 51.10080190747976 1.5
    endloop
  endfacet
  facet normal 0 0 1
    outer loop
      vertex 0.3498529940843582 8.276959538459778 0.901
      vertex 0.9319658130407333 10.087482616305351 0.901
      vertex 0 8.424882082947917 0.901
    endloop
  endfacet
  facet normal 0 0 1
    outer loop
      vertex 0.568982906639576 10.30146324634552 0.901
      vertex 0 8.424882082947917 0.901
      vertex 0.9319658130407333 10.087482616305351 0.901
    endloop
  endfacet
  facet normal 0 0 1
    outer loop
      vertex 0.3498529940843582 8.276959538459778 0.901
      vertex 1.0563663840293884 8.112274073064327 0.901
      vertex 1.3133361786603928 9.934639312326908 0.901
    endloop
  endfacet
  facet normal 0 0 1
    outer loop
      vertex 0.3498529940843582 8.276959538459778 0.901
      vertex 1.3133361786603928 9.934639312326908 0.901
      vertex 0.9319658130407333 10.087482616305351 0.901
    endloop
  endfacet
  facet normal 0 0 1
    outer loop
      vertex 1.0563663840293884 8.112274073064327 0.901
      vertex 1.8202279210090637 8.05737891793251 0.901
      vertex 1.7130940183997154 9.84293332695961 0.901
    endloop
  endfacet
  facet normal 0 0 1
    outer loop
      vertex 1.8202279210090637 8.05737891793251 0.901
      vertex 2.286507695913315 8.077629059553146 0.901
      vertex 2.13123931735754 9.812364667654037 0.901
    endloop
  endfacet
  facet normal 0 0 1
    outer loop
      vertex 1.0563663840293884 8.112274073064327 0.901
      vertex 1.7130940183997154 9.84293332695961 0.901
      vertex 1.3133361786603928 9.934639312326908 0.901
    endloop
  endfacet
  facet normal 0 0 1
    outer loop
      vertex 1.8202279210090637 8.05737891793251 0.901
      vertex 2.13123931735754 9.812364667654037 0.901
      vertex 1.7130940183997154 9.84293332695961 0.901
    endloop
  endfacet
  facet normal 0 0 1
    outer loop
      vertex 2.286507695913315 8.077629059553146 0.901
      vertex 2.5353327617049217 9.836551561951637 0.901
      vertex 2.13123931735754 9.812364667654037 0.901
    endloop
  endfacet
  facet normal 0 0 1
    outer loop
      vertex 0.568982906639576 10.30146324634552 0.901
      vertex 0.22438746690750122 10.576581194996834 0.901
      vertex 0 8.424882082947917 0.901
    endloop
  endfacet
  facet normal 0 0 1
    outer loop
      vertex 0.22438746690750122 10.576581194996834 0.901
      vertex 0 10.835815266231773 0.901
      vertex 0 8.424882082947917 0.901
    endloop
  endfacet
  facet normal 0 0 1
    outer loop
      vertex 2.286507695913315 8.077629059553146 0.901
      vertex 2.722498007118702 8.138379484415054 0.901
      vertex 2.5353327617049217 9.836551561951637 0.901
    endloop
  endfacet
  facet normal 0 0 1
    outer loop
      vertex 2.722498007118702 8.138379484415054 0.901
      vertex 3.1281988620758057 8.239630199968815 0.901
      vertex 2.5353327617049217 9.836551561951637 0.901
    endloop
  endfacet
  facet normal 0 0 1
    outer loop
      vertex 3.1281988620758057 8.239630199968815 0.901
      vertex 2.909128777682781 9.909112244844437 0.901
      vertex 2.5353327617049217 9.836551561951637 0.901
    endloop
  endfacet
  facet normal 0 0 1
    outer loop
      vertex 3.1281988620758057 8.239630199968815 0.901
      vertex 3.5036102533340454 8.381381191313267 0.901
      vertex 2.909128777682781 9.909112244844437 0.901
    endloop
  endfacet
  facet normal 0 0 1
    outer loop
      vertex 3.5036102533340454 8.381381191313267 0.901
      vertex 3.8487321957945824 8.563632473349571 0.901
      vertex 2.909128777682781 9.909112244844437 0.901
    endloop
  endfacet
  facet normal 0 0 1
    outer loop
      vertex 3.8487321957945824 8.563632473349571 0.901
      vertex 3.2526273503899574 10.030046723783016 0.901
      vertex 2.909128777682781 9.909112244844437 0.901
    endloop
  endfacet
  facet normal 0 0 1
    outer loop
      vertex 3.8487321957945824 8.563632473349571 0.901
      vertex 4.0456495732069016 8.696445010602474 0.901
      vertex 3.2526273503899574 10.030046723783016 0.901
    endloop
  endfacet
  facet normal 0 0 1
    outer loop
      vertex 4.0456495732069016 8.696445010602474 0.901
      vertex 4.252299144864082 8.862745866179466 0.901
      vertex 3.2526273503899574 10.030046723783016 0.901
    endloop
  endfacet
  facet normal 0 0 1
    outer loop
      vertex 4.252299144864082 8.862745866179466 0.901
      vertex 4.468680910766125 9.062535040080547 0.901
      vertex 3.565828487277031 10.199354983866215 0.901
    endloop
  endfacet
  facet normal 0 0 1
    outer loop
      vertex 4.468680910766125 9.062535040080547 0.901
      vertex 4.694794870913029 9.295812532305717 0.901
      vertex 3.565828487277031 10.199354983866215 0.901
    endloop
  endfacet
  facet normal 0 0 1
    outer loop
      vertex 4.252299144864082 8.862745866179466 0.901
      vertex 3.565828487277031 10.199354983866215 0.901
      vertex 3.2526273503899574 10.030046723783016 0.901
    endloop
  endfacet
  facet normal 0 0 1
    outer loop
      vertex 4.694794870913029 9.295812532305717 0.901
      vertex 3.8487321957945824 10.417037032544613 0.901
      vertex 3.565828487277031 10.199354983866215 0.901
    endloop
  endfacet
  facet normal 0 0 1
    outer loop
      vertex 4.694794870913029 9.295812532305717 0.901
      vertex 4.930641025304794 9.562578342854977 0.901
      vertex 3.8487321957945824 10.417037032544613 0.901
    endloop
  endfacet
  facet normal 0 0 1
    outer loop
      vertex 4.930641025304794 9.562578342854977 0.901
      vertex 4.095965810120106 10.67390312999487 0.901
      vertex 3.8487321957945824 10.417037032544613 0.901
    endloop
  endfacet
  facet normal 0 0 1
    outer loop
      vertex 4.930641025304794 9.562578342854977 0.901
      vertex 4.302076920866966 10.960763528943062 0.901
      vertex 4.095965810120106 10.67390312999487 0.901
    endloop
  endfacet
  facet normal 0 0 1
    outer loop
      vertex 4.930641025304794 9.562578342854977 0.901
      vertex 4.467065528035164 11.27761822938919 0.901
      vertex 4.302076920866966 10.960763528943062 0.901
    endloop
  endfacet
  facet normal 0 0 1
    outer loop
      vertex 2.367863245308399 12.001310534775257 0.901
      vertex 4.673675216734409 12.001310534775257 0.901
      vertex 2.367863245308399 13.666951566934586 0.901
    endloop
  endfacet
  facet normal 0 0 1
    outer loop
      vertex 2.367863245308399 13.666951566934586 0.901
      vertex 4.673675216734409 12.001310534775257 0.901
      vertex 6.519700855016708 13.666951566934586 0.901
    endloop
  endfacet
  facet normal 0 0 1
    outer loop
      vertex 4.930641025304794 9.562578342854977 0.901
      vertex 5.140242166817188 8.319031335413456 0.901
      vertex 6.519700855016708 8.319031335413456 0.901
    endloop
  endfacet
  facet normal 0 0 1
    outer loop
      vertex 4.930641025304794 9.562578342854977 0.901
      vertex 6.519700855016708 8.319031335413456 0.901
      vertex 6.519700855016708 13.666951566934586 0.901
    endloop
  endfacet
  facet normal 0 0 1
    outer loop
      vertex 4.930641025304794 9.562578342854977 0.901
      vertex 6.519700855016708 13.666951566934586 0.901
      vertex 4.467065528035164 11.27761822938919 0.901
    endloop
  endfacet
  facet normal 0 0 1
    outer loop
      vertex 4.467065528035164 11.27761822938919 0.901
      vertex 6.519700855016708 13.666951566934586 0.901
      vertex 4.590931624174118 11.624467231333256 0.901
    endloop
  endfacet
  facet normal 0 0 1
    outer loop
      vertex 4.590931624174118 11.624467231333256 0.901
      vertex 6.519700855016708 13.666951566934586 0.901
      vertex 4.673675216734409 12.001310534775257 0.901
    endloop
  endfacet
  facet normal 0 0 1
    outer loop
      vertex 4.43705128133297 15.176039882004261 0.901
      vertex 6.3789350390434265 15.733068376779556 0.901
      vertex 4.3150797709822655 15.55985526740551 0.901
    endloop
  endfacet
  facet normal 0 0 1
    outer loop
      vertex 4.43705128133297 15.176039882004261 0.901
      vertex 6.485897436738014 15.176039882004261 0.901
      vertex 6.3789350390434265 15.733068376779556 0.901
    endloop
  endfacet
  facet normal 0 0 1
    outer loop
      vertex 8.569245010614395 8.319031335413456 0.901
      vertex 10.604629628360271 14.40085469931364 0.901
      vertex 8.569245010614395 18.287350423634052 0.901
    endloop
  endfacet
  facet normal 0.2270104335867663 0.9738923262059047 0
    outer loop
      vertex 0.3498529940843582 8.276959538459778 0.901
      vertex 0.3498529940843582 8.276959538459778 1.5
      vertex 1.0563663840293884 8.112274073064327 0.901
    endloop
  endfacet
  facet normal 0.38943413505943275 0.9210543167753525 -1.344592888377595e-17
    outer loop
      vertex 0.3498529940843582 8.276959538459778 0.901
      vertex 0 8.424882082947917 0.901
      vertex 0 8.424882082947917 1.5
    endloop
  endfacet
  facet normal 0.07168045880936334 0.997427647413525 0
    outer loop
      vertex 1.0563663840293884 8.112274073064327 0.901
      vertex 1.0563663840293884 8.112274073064327 1.5
      vertex 1.8202279210090637 8.05737891793251 0.901
    endloop
  endfacet
  facet normal -0.043388267862803476 0.9990582856930149 0
    outer loop
      vertex 1.8202279210090637 8.05737891793251 0.901
      vertex 1.8202279210090637 8.05737891793251 1.5
      vertex 2.286507695913315 8.077629059553146 0.901
    endloop
  endfacet
  facet normal -0.1380056603136959 0.9904314401922937 0
    outer loop
      vertex 2.286507695913315 8.077629059553146 0.901
      vertex 2.286507695913315 8.077629059553146 1.5
      vertex 2.722498007118702 8.138379484415054 0.901
    endloop
  endfacet
  facet normal -0.6239225670660199 -0.7814861676995618 0
    outer loop
      vertex 0.568982906639576 10.30146324634552 0.901
      vertex 0.568982906639576 10.30146324634552 1.5
      vertex 0.22438746690750122 10.576581194996834 0.901
    endloop
  endfacet
  facet normal -0.5078332054406264 -0.8614554169844767 0
    outer loop
      vertex 0.568982906639576 10.30146324634552 0.901
      vertex 0.9319658130407333 10.087482616305351 0.901
      vertex 0.9319658130407333 10.087482616305351 1.5
    endloop
  endfacet
  facet normal -0.37200989826015185 -0.9282287625345765 0
    outer loop
      vertex 0.9319658130407333 10.087482616305351 0.901
      vertex 1.3133361786603928 9.934639312326908 0.901
      vertex 1.3133361786603928 9.934639312326908 1.5
    endloop
  endfacet
  facet normal -0.7560960986352401 -0.6544606096844708 1.6180963613134332e-17
    outer loop
      vertex 0.22438746690750122 10.576581194996834 0.901
      vertex 0 10.835815266231773 1.5
      vertex 0 10.835815266231773 0.901
    endloop
  endfacet
  facet normal -0.22359578894226392 -0.9746819600091542 0
    outer loop
      vertex 1.3133361786603928 9.934639312326908 0.901
      vertex 1.7130940183997154 9.84293332695961 0.901
      vertex 1.7130940183997154 9.84293332695961 1.5
    endloop
  endfacet
  facet normal -0.07291077979988504 -0.9973384672161065 0
    outer loop
      vertex 1.7130940183997154 9.84293332695961 0.901
      vertex 2.13123931735754 9.812364667654037 0.901
      vertex 2.13123931735754 9.812364667654037 1.5
    endloop
  endfacet
  facet normal 0.059747775892773664 -0.9982135058572725 0
    outer loop
      vertex 2.13123931735754 9.812364667654037 0.901
      vertex 2.5353327617049217 9.836551561951637 0.901
      vertex 2.5353327617049217 9.836551561951637 1.5
    endloop
  endfacet
  facet normal -0.2421428376968421 0.9702406125039916 0
    outer loop
      vertex 2.722498007118702 8.138379484415054 0.901
      vertex 2.722498007118702 8.138379484415054 1.5
      vertex 3.1281988620758057 8.239630199968815 0.901
    endloop
  endfacet
  facet normal -0.35324553251740776 0.9355306482186956 0
    outer loop
      vertex 3.1281988620758057 8.239630199968815 0.901
      vertex 3.1281988620758057 8.239630199968815 1.5
      vertex 3.5036102533340454 8.381381191313267 0.901
    endloop
  endfacet
  facet normal -0.46696620124788957 0.8842751646925947 0
    outer loop
      vertex 3.5036102533340454 8.381381191313267 0.901
      vertex 3.5036102533340454 8.381381191313267 1.5
      vertex 3.8487321957945824 8.563632473349571 0.901
    endloop
  endfacet
  facet normal -0.5591642242048847 0.8290569162423949 0
    outer loop
      vertex 3.8487321957945824 8.563632473349571 0.901
      vertex 3.8487321957945824 8.563632473349571 1.5
      vertex 4.0456495732069016 8.696445010602474 0.901
    endloop
  endfacet
  facet normal -0.6269479784244555 0.779061122345024 0
    outer loop
      vertex 4.0456495732069016 8.696445010602474 0.901
      vertex 4.0456495732069016 8.696445010602474 1.5
      vertex 4.252299144864082 8.862745866179466 0.901
    endloop
  endfacet
  facet normal -0.6783757220713769 0.7347151690989768 0
    outer loop
      vertex 4.252299144864082 8.862745866179466 0.901
      vertex 4.252299144864082 8.862745866179466 1.5
      vertex 4.468680910766125 9.062535040080547 0.901
    endloop
  endfacet
  facet normal -0.7180457744388934 0.6959958805987646 0
    outer loop
      vertex 4.468680910766125 9.062535040080547 0.901
      vertex 4.468680910766125 9.062535040080547 1.5
      vertex 4.694794870913029 9.295812532305717 0.901
    endloop
  endfacet
  facet normal -0.7491902378879326 0.6623548802971282 0
    outer loop
      vertex 4.694794870913029 9.295812532305717 0.901
      vertex 4.694794870913029 9.295812532305717 1.5
      vertex 4.930641025304794 9.562578342854977 0.901
    endloop
  endfacet
  facet normal 0.1905612362463357 -0.9816753104974517 0
    outer loop
      vertex 2.5353327617049217 9.836551561951637 0.901
      vertex 2.909128777682781 9.909112244844437 0.901
      vertex 2.909128777682781 9.909112244844437 1.5
    endloop
  endfacet
  facet normal 0.33208670695301734 -0.9432488638027086 0
    outer loop
      vertex 2.909128777682781 9.909112244844437 0.901
      vertex 3.2526273503899574 10.030046723783016 0.901
      vertex 3.2526273503899574 10.030046723783016 1.5
    endloop
  endfacet
  facet normal 0.4755395274025899 -0.8796943548061005 0
    outer loop
      vertex 3.2526273503899574 10.030046723783016 0.901
      vertex 3.565828487277031 10.199354983866215 0.901
      vertex 3.565828487277031 10.199354983866215 1.5
    endloop
  endfacet
  facet normal 0.6098230634900693 -0.7925375897934349 0
    outer loop
      vertex 3.565828487277031 10.199354983866215 0.901
      vertex 3.8487321957945824 10.417037032544613 0.901
      vertex 3.8487321957945824 10.417037032544613 1.5
    endloop
  endfacet
  facet normal 0.7204868596246329 -0.6934685898497743 0
    outer loop
      vertex 3.8487321957945824 10.417037032544613 0.901
      vertex 4.095965810120106 10.67390312999487 0.901
      vertex 4.095965810120106 10.67390312999487 1.5
    endloop
  endfacet
  facet normal 0.8121090117375596 -0.5835057438060438 0
    outer loop
      vertex 4.095965810120106 10.67390312999487 0.901
      vertex 4.302076920866966 10.960763528943062 0.901
      vertex 4.302076920866966 10.960763528943062 1.5
    endloop
  endfacet
  facet normal 0.8869598191331115 -0.46184659708972436 0
    outer loop
      vertex 4.302076920866966 10.960763528943062 0.901
      vertex 4.467065528035164 11.27761822938919 0.901
      vertex 4.467065528035164 11.27761822938919 1.5
    endloop
  endfacet
  facet normal 0.9417492621811347 -0.3363158146464246 0
    outer loop
      vertex 4.467065528035164 11.27761822938919 0.901
      vertex 4.590931624174118 11.624467231333256 0.901
      vertex 4.590931624174118 11.624467231333256 1.5
    endloop
  endfacet
  facet normal 1 0 0
    outer loop
      vertex 2.367863245308399 12.001310534775257 0.901
      vertex 2.367863245308399 13.666951566934586 0.901
      vertex 2.367863245308399 13.666951566934586 1.5
    endloop
  endfacet
  facet normal 0 1 0
    outer loop
      vertex 2.367863245308399 12.001310534775257 0.901
      vertex 2.367863245308399 12.001310534775257 1.5
      vertex 4.673675216734409 12.001310534775257 0.901
    endloop
  endfacet
  facet normal 0.9767324589249561 -0.21446142702688756 0
    outer loop
      vertex 4.590931624174118 11.624467231333256 0.901
      vertex 4.673675216734409 12.001310534775257 0.901
      vertex 4.673675216734409 12.001310534775257 1.5
    endloop
  endfacet
  facet normal 0 -1 0
    outer loop
      vertex 2.367863245308399 13.666951566934586 0.901
      vertex 6.519700855016708 13.666951566934586 0.901
      vertex 2.367863245308399 13.666951566934586 1.5
    endloop
  endfacet
  facet normal 0.9530344573679613 0.3028618877794882 0
    outer loop
      vertex 4.43705128133297 15.176039882004261 0.901
      vertex 4.3150797709822655 15.55985526740551 0.901
      vertex 4.3150797709822655 15.55985526740551 1.5
    endloop
  endfacet
  facet normal 0 1 0
    outer loop
      vertex 5.140242166817188 8.319031335413456 0.901
      vertex 5.140242166817188 8.319031335413456 1.5
      vertex 6.519700855016708 8.319031335413456 0.901
    endloop
  endfacet
  facet normal 0.9860909431359 0.16620665409468843 0
    outer loop
      vertex 4.930641025304794 9.562578342854977 0.901
      vertex 5.140242166817188 8.319031335413456 1.5
      vertex 5.140242166817188 8.319031335413456 0.901
    endloop
  endfacet
  facet normal -1 0 0
    outer loop
      vertex 6.519700855016708 8.319031335413456 0.901
      vertex 6.519700855016708 8.319031335413456 1.5
      vertex 6.519700855016708 13.666951566934586 0.901
    endloop
  endfacet
  facet normal 0 1 0
    outer loop
      vertex 4.43705128133297 15.176039882004261 0.901
      vertex 4.43705128133297 15.176039882004261 1.5
      vertex 6.485897436738014 15.176039882004261 0.901
    endloop
  endfacet
  facet normal -0.9820582211606544 -0.18857796862510537 0
    outer loop
      vertex 6.3789350390434265 15.733068376779556 0.901
      vertex 6.485897436738014 15.176039882004261 0.901
      vertex 6.485897436738014 15.176039882004261 1.5
    endloop
  endfacet
  facet normal 1 0 0
    outer loop
      vertex 8.569245010614395 8.319031335413456 0.901
      vertex 8.569245010614395 18.287350423634052 0.901
      vertex 8.569245010614395 18.287350423634052 1.5
    endloop
  endfacet
  facet normal 0 0 1
    outer loop
      vertex 8.569245010614395 8.319031335413456 0.901
      vertex 16.122364670038223 8.319031335413456 0.901
      vertex 10.604629628360271 10.11230769008398 0.901
    endloop
  endfacet
  facet normal 0 0 1
    outer loop
      vertex 8.569245010614395 8.319031335413456 0.901
      vertex 10.604629628360271 10.11230769008398 0.901
      vertex 10.604629628360271 12.671396009624004 0.901
    endloop
  endfacet
  facet normal 0 0 1
    outer loop
      vertex 10.604629628360271 10.11230769008398 0.901
      vertex 16.122364670038223 8.319031335413456 0.901
      vertex 16.122364670038223 10.11230769008398 0.901
    endloop
  endfacet
  facet normal 0 0 1
    outer loop
      vertex 8.569245010614395 8.319031335413456 0.901
      vertex 10.604629628360271 12.671396009624004 0.901
      vertex 10.604629628360271 14.40085469931364 0.901
    endloop
  endfacet
  facet normal 0 0 1
    outer loop
      vertex 10.604629628360271 12.671396009624004 0.901
      vertex 15.446096867322922 12.671396009624004 0.901
      vertex 15.446096867322922 14.40085469931364 0.901
    endloop
  endfacet
  facet normal 0 0 1
    outer loop
      vertex 10.604629628360271 12.671396009624004 0.901
      vertex 15.446096867322922 14.40085469931364 0.901
      vertex 10.604629628360271 14.40085469931364 0.901
    endloop
  endfacet
  facet normal 0 0 1
    outer loop
      vertex 17.745826207101345 8.319031335413456 0.901
      vertex 19.814914532005787 8.319031335413456 0.901
      vertex 19.814914532005787 12.499088317155838 0.901
    endloop
  endfacet
  facet normal 0 0 1
    outer loop
      vertex 17.745826207101345 8.319031335413456 0.901
      vertex 19.814914532005787 12.499088317155838 0.901
      vertex 19.814914532005787 14.228547006845474 0.901
    endloop
  endfacet
  facet normal 0 0 1
    outer loop
      vertex 17.745826207101345 8.319031335413456 0.901
      vertex 19.814914532005787 14.228547006845474 0.901
      vertex 17.745826207101345 18.274586893618107 0.901
    endloop
  endfacet
  facet normal 0 1 0
    outer loop
      vertex 8.569245010614395 8.319031335413456 0.901
      vertex 8.569245010614395 8.319031335413456 1.5
      vertex 16.122364670038223 8.319031335413456 0.901
    endloop
  endfacet
  facet normal -1 0 0
    outer loop
      vertex 10.604629628360271 10.11230769008398 0.901
      vertex 10.604629628360271 10.11230769008398 1.5
      vertex 10.604629628360271 12.671396009624004 0.901
    endloop
  endfacet
  facet normal 0 -1 0
    outer loop
      vertex 10.604629628360271 10.11230769008398 0.901
      vertex 16.122364670038223 10.11230769008398 0.901
      vertex 16.122364670038223 10.11230769008398 1.5
    endloop
  endfacet
  facet normal -1 0 0
    outer loop
      vertex 10.604629628360271 14.40085469931364 0.901
      vertex 10.604629628360271 14.40085469931364 1.5
      vertex 10.604629628360271 16.519601136446 0.901
    endloop
  endfacet
  facet normal 0 1 0
    outer loop
      vertex 10.604629628360271 12.671396009624004 0.901
      vertex 10.604629628360271 12.671396009624004 1.5
      vertex 15.446096867322922 12.671396009624004 0.901
    endloop
  endfacet
  facet normal 0 -1 0
    outer loop
      vertex 10.604629628360271 14.40085469931364 0.901
      vertex 15.446096867322922 14.40085469931364 0.901
      vertex 15.446096867322922 14.40085469931364 1.5
    endloop
  endfacet
  facet normal -1 0 0
    outer loop
      vertex 16.122364670038223 8.319031335413456 0.901
      vertex 16.122364670038223 8.319031335413456 1.5
      vertex 16.122364670038223 10.11230769008398 0.901
    endloop
  endfacet
  facet normal 0 1 0
    outer loop
      vertex 17.745826207101345 8.319031335413456 0.901
      vertex 17.745826207101345 8.319031335413456 1.5
      vertex 19.814914532005787 8.319031335413456 0.901
    endloop
  endfacet
  facet normal -1 0 0
    outer loop
      vertex 15.446096867322922 12.671396009624004 0.901
      vertex 15.446096867322922 12.671396009624004 1.5
      vertex 15.446096867322922 14.40085469931364 0.901
    endloop
  endfacet
  facet normal 1 0 0
    outer loop
      vertex 17.745826207101345 8.319031335413456 0.901
      vertex 17.745826207101345 18.274586893618107 0.901
      vertex 17.745826207101345 18.274586893618107 1.5
    endloop
  endfacet
  facet normal 0.38943413505943275 0.9210543167753525 0
    outer loop
      vertex 0.3498529940843582 8.276959538459778 0.901
      vertex 0 8.424882082947917 1.5
      vertex 0.3498529940843582 8.276959538459778 1.5
    endloop
  endfacet
  facet normal 0.2270104335867663 0.9738923262059047 0
    outer loop
      vertex 1.0563663840293884 8.112274073064327 0.901
      vertex 0.3498529940843582 8.276959538459778 1.5
      vertex 1.0563663840293884 8.112274073064327 1.5
    endloop
  endfacet
  facet normal 0.07168045880936334 0.997427647413525 0
    outer loop
      vertex 1.8202279210090637 8.05737891793251 0.901
      vertex 1.0563663840293884 8.112274073064327 1.5
      vertex 1.8202279210090637 8.05737891793251 1.5
    endloop
  endfacet
  facet normal -0.043388267862803476 0.9990582856930149 0
    outer loop
      vertex 2.286507695913315 8.077629059553146 0.901
      vertex 1.8202279210090637 8.05737891793251 1.5
      vertex 2.286507695913315 8.077629059553146 1.5
    endloop
  endfacet
  facet normal -0.6239225670660199 -0.7814861676995618 0
    outer loop
      vertex 0.22438746690750122 10.576581194996834 0.901
      vertex 0.568982906639576 10.30146324634552 1.5
      vertex 0.22438746690750122 10.576581194996834 1.5
    endloop
  endfacet
  facet normal -0.37200989826015185 -0.9282287625345765 0
    outer loop
      vertex 0.9319658130407333 10.087482616305351 0.901
      vertex 1.3133361786603928 9.934639312326908 1.5
      vertex 0.9319658130407333 10.087482616305351 1.5
    endloop
  endfacet
  facet normal -0.5078332054406264 -0.8614554169844767 0
    outer loop
      vertex 0.568982906639576 10.30146324634552 0.901
      vertex 0.9319658130407333 10.087482616305351 1.5
      vertex 0.568982906639576 10.30146324634552 1.5
    endloop
  endfacet
  facet normal -0.7560960986352401 -0.6544606096844708 0
    outer loop
      vertex 0.22438746690750122 10.576581194996834 0.901
      vertex 0.22438746690750122 10.576581194996834 1.5
      vertex 0 10.835815266231773 1.5
    endloop
  endfacet
  facet normal -0.22359578894226392 -0.9746819600091542 0
    outer loop
      vertex 1.3133361786603928 9.934639312326908 0.901
      vertex 1.7130940183997154 9.84293332695961 1.5
      vertex 1.3133361786603928 9.934639312326908 1.5
    endloop
  endfacet
  facet normal -0.07291077979988504 -0.9973384672161065 0
    outer loop
      vertex 1.7130940183997154 9.84293332695961 0.901
      vertex 2.13123931735754 9.812364667654037 1.5
      vertex 1.7130940183997154 9.84293332695961 1.5
    endloop
  endfacet
  facet normal 0.059747775892773664 -0.9982135058572725 0
    outer loop
      vertex 2.13123931735754 9.812364667654037 0.901
      vertex 2.5353327617049217 9.836551561951637 1.5
      vertex 2.13123931735754 9.812364667654037 1.5
    endloop
  endfacet
  facet normal -0.1380056603136959 0.9904314401922937 0
    outer loop
      vertex 2.722498007118702 8.138379484415054 0.901
      vertex 2.286507695913315 8.077629059553146 1.5
      vertex 2.722498007118702 8.138379484415054 1.5
    endloop
  endfacet
  facet normal -0.2421428376968421 0.9702406125039916 0
    outer loop
      vertex 3.1281988620758057 8.239630199968815 0.901
      vertex 2.722498007118702 8.138379484415054 1.5
      vertex 3.1281988620758057 8.239630199968815 1.5
    endloop
  endfacet
  facet normal -0.35324553251740776 0.9355306482186956 0
    outer loop
      vertex 3.5036102533340454 8.381381191313267 0.901
      vertex 3.1281988620758057 8.239630199968815 1.5
      vertex 3.5036102533340454 8.381381191313267 1.5
    endloop
  endfacet
  facet normal -0.46696620124788957 0.8842751646925947 0
    outer loop
      vertex 3.8487321957945824 8.563632473349571 0.901
      vertex 3.5036102533340454 8.381381191313267 1.5
      vertex 3.8487321957945824 8.563632473349571 1.5
    endloop
  endfacet
  facet normal -0.5591642242048847 0.8290569162423949 0
    outer loop
      vertex 4.0456495732069016 8.696445010602474 0.901
      vertex 3.8487321957945824 8.563632473349571 1.5
      vertex 4.0456495732069016 8.696445010602474 1.5
    endloop
  endfacet
  facet normal -0.6269479784244555 0.779061122345024 0
    outer loop
      vertex 4.252299144864082 8.862745866179466 0.901
      vertex 4.0456495732069016 8.696445010602474 1.5
      vertex 4.252299144864082 8.862745866179466 1.5
    endloop
  endfacet
  facet normal -0.6783757220713769 0.7347151690989768 0
    outer loop
      vertex 4.468680910766125 9.062535040080547 0.901
      vertex 4.252299144864082 8.862745866179466 1.5
      vertex 4.468680910766125 9.062535040080547 1.5
    endloop
  endfacet
  facet normal -0.7180457744388934 0.6959958805987646 0
    outer loop
      vertex 4.694794870913029 9.295812532305717 0.901
      vertex 4.468680910766125 9.062535040080547 1.5
      vertex 4.694794870913029 9.295812532305717 1.5
    endloop
  endfacet
  facet normal -0.7491902378879326 0.6623548802971282 0
    outer loop
      vertex 4.930641025304794 9.562578342854977 0.901
      vertex 4.694794870913029 9.295812532305717 1.5
      vertex 4.930641025304794 9.562578342854977 1.5
    endloop
  endfacet
  facet normal 0.1905612362463357 -0.9816753104974517 0
    outer loop
      vertex 2.5353327617049217 9.836551561951637 0.901
      vertex 2.909128777682781 9.909112244844437 1.5
      vertex 2.5353327617049217 9.836551561951637 1.5
    endloop
  endfacet
  facet normal 0.33208670695301734 -0.9432488638027086 0
    outer loop
      vertex 2.909128777682781 9.909112244844437 0.901
      vertex 3.2526273503899574 10.030046723783016 1.5
      vertex 2.909128777682781 9.909112244844437 1.5
    endloop
  endfacet
  facet normal 0.4755395274025899 -0.8796943548061005 0
    outer loop
      vertex 3.2526273503899574 10.030046723783016 0.901
      vertex 3.565828487277031 10.199354983866215 1.5
      vertex 3.2526273503899574 10.030046723783016 1.5
    endloop
  endfacet
  facet normal 0.6098230634900693 -0.7925375897934349 0
    outer loop
      vertex 3.565828487277031 10.199354983866215 0.901
      vertex 3.8487321957945824 10.417037032544613 1.5
      vertex 3.565828487277031 10.199354983866215 1.5
    endloop
  endfacet
  facet normal 0.7204868596246329 -0.6934685898497743 0
    outer loop
      vertex 3.8487321957945824 10.417037032544613 0.901
      vertex 4.095965810120106 10.67390312999487 1.5
      vertex 3.8487321957945824 10.417037032544613 1.5
    endloop
  endfacet
  facet normal 0.8121090117375596 -0.5835057438060438 0
    outer loop
      vertex 4.095965810120106 10.67390312999487 0.901
      vertex 4.302076920866966 10.960763528943062 1.5
      vertex 4.095965810120106 10.67390312999487 1.5
    endloop
  endfacet
  facet normal 0.8869598191331115 -0.46184659708972436 0
    outer loop
      vertex 4.302076920866966 10.960763528943062 0.901
      vertex 4.467065528035164 11.27761822938919 1.5
      vertex 4.302076920866966 10.960763528943062 1.5
    endloop
  endfacet
  facet normal 0.9417492621811347 -0.3363158146464246 0
    outer loop
      vertex 4.467065528035164 11.27761822938919 0.901
      vertex 4.590931624174118 11.624467231333256 1.5
      vertex 4.467065528035164 11.27761822938919 1.5
    endloop
  endfacet
  facet normal 1 0 0
    outer loop
      vertex 2.367863245308399 12.001310534775257 0.901
      vertex 2.367863245308399 13.666951566934586 1.5
      vertex 2.367863245308399 12.001310534775257 1.5
    endloop
  endfacet
  facet normal 0 1 0
    outer loop
      vertex 4.673675216734409 12.001310534775257 0.901
      vertex 2.367863245308399 12.001310534775257 1.5
      vertex 4.673675216734409 12.001310534775257 1.5
    endloop
  endfacet
  facet normal 0.9767324589249561 -0.21446142702688756 0
    outer loop
      vertex 4.590931624174118 11.624467231333256 0.901
      vertex 4.673675216734409 12.001310534775257 1.5
      vertex 4.590931624174118 11.624467231333256 1.5
    endloop
  endfacet
  facet normal 0.9530344573679613 0.3028618877794882 0
    outer loop
      vertex 4.43705128133297 15.176039882004261 0.901
      vertex 4.3150797709822655 15.55985526740551 1.5
      vertex 4.43705128133297 15.176039882004261 1.5
    endloop
  endfacet
  facet normal 0 1 0
    outer loop
      vertex 6.519700855016708 8.319031335413456 0.901
      vertex 5.140242166817188 8.319031335413456 1.5
      vertex 6.519700855016708 8.319031335413456 1.5
    endloop
  endfacet
  facet normal 0.9860909431359 0.16620665409468843 0
    outer loop
      vertex 4.930641025304794 9.562578342854977 0.901
      vertex 4.930641025304794 9.562578342854977 1.5
      vertex 5.140242166817188 8.319031335413456 1.5
    endloop
  endfacet
  facet normal -1 0 0
    outer loop
      vertex 6.519700855016708 13.666951566934586 0.901
      vertex 6.519700855016708 8.319031335413456 1.5
      vertex 6.519700855016708 13.666951566934586 1.5
    endloop
  endfacet
  facet normal 0 -1 0
    outer loop
      vertex 6.519700855016708 13.666951566934586 0.901
      vertex 6.519700855016708 13.666951566934586 1.5
      vertex 2.367863245308399 13.666951566934586 1.5
    endloop
  endfacet
  facet normal 0 1 0
    outer loop
      vertex 6.485897436738014 15.176039882004261 0.901
      vertex 4.43705128133297 15.176039882004261 1.5
      vertex 6.485897436738014 15.176039882004261 1.5
    endloop
  endfacet
  facet normal 1 0 0
    outer loop
      vertex 8.569245010614395 8.319031335413456 0.901
      vertex 8.569245010614395 18.287350423634052 1.5
      vertex 8.569245010614395 8.319031335413456 1.5
    endloop
  endfacet
  facet normal 0 1 0
    outer loop
      vertex 16.122364670038223 8.319031335413456 0.901
      vertex 8.569245010614395 8.319031335413456 1.5
      vertex 16.122364670038223 8.319031335413456 1.5
    endloop
  endfacet
  facet normal 0 -1 0
    outer loop
      vertex 10.604629628360271 10.11230769008398 0.901
      vertex 16.122364670038223 10.11230769008398 1.5
      vertex 10.604629628360271 10.11230769008398 1.5
    endloop
  endfacet
  facet normal -1 0 0
    outer loop
      vertex 10.604629628360271 12.671396009624004 0.901
      vertex 10.604629628360271 10.11230769008398 1.5
      vertex 10.604629628360271 12.671396009624004 1.5
    endloop
  endfacet
  facet normal 0 1 0
    outer loop
      vertex 15.446096867322922 12.671396009624004 0.901
      vertex 10.604629628360271 12.671396009624004 1.5
      vertex 15.446096867322922 12.671396009624004 1.5
    endloop
  endfacet
  facet normal 0 -1 0
    outer loop
      vertex 10.604629628360271 14.40085469931364 0.901
      vertex 15.446096867322922 14.40085469931364 1.5
      vertex 10.604629628360271 14.40085469931364 1.5
    endloop
  endfacet
  facet normal -1 0 0
    outer loop
      vertex 16.122364670038223 10.11230769008398 0.901
      vertex 16.122364670038223 8.319031335413456 1.5
      vertex 16.122364670038223 10.11230769008398 1.5
    endloop
  endfacet
  facet normal 0 1 0
    outer loop
      vertex 19.814914532005787 8.319031335413456 0.901
      vertex 17.745826207101345 8.319031335413456 1.5
      vertex 19.814914532005787 8.319031335413456 1.5
    endloop
  endfacet
  facet normal -1 0 0
    outer loop
      vertex 15.446096867322922 14.40085469931364 0.901
      vertex 15.446096867322922 12.671396009624004 1.5
      vertex 15.446096867322922 14.40085469931364 1.5
    endloop
  endfacet
  facet normal 1 0 0
    outer loop
      vertex 17.745826207101345 8.319031335413456 0.901
      vertex 17.745826207101345 18.274586893618107 1.5
      vertex 17.745826207101345 8.319031335413456 1.5
    endloop
  endfacet
  facet normal 0 0 1
    outer loop
      vertex 0.1600712239742279 15.91622506827116 0.901
      vertex 0 18.103552256257235 0.901
      vertex 0 15.686204577332644 0.901
    endloop
  endfacet
  facet normal 0 0 1
    outer loop
      vertex 0.1600712239742279 15.91622506827116 0.901
      vertex 0.4869612529873848 16.24371737241745 0.901
      vertex 0 18.103552256257235 0.901
    endloop
  endfacet
  facet normal 0 0 1
    outer loop
      vertex 0.4869612529873848 16.24371737241745 0.901
      vertex 0.8482011407613754 16.498433612287045 0.901
      vertex 0 18.103552256257235 0.901
    endloop
  endfacet
  facet normal 0 0 1
    outer loop
      vertex 0.8482011407613754 16.498433612287045 0.901
      vertex 1.2437908798456192 16.680373787879944 0.901
      vertex 0.49562450498342514 18.308984614908695 0.901
    endloop
  endfacet
  facet normal 0 0 1
    outer loop
      vertex 1.2437908798456192 16.680373787879944 0.901
      vertex 1.6737304851412773 16.789537891745567 0.901
      vertex 1.2689111083745956 18.484211966395378 0.901
    endloop
  endfacet
  facet normal 0 0 1
    outer loop
      vertex 1.6737304851412773 16.789537891745567 0.901
      vertex 2.1380199417471886 16.825925923883915 0.901
      vertex 2.110897436738014 18.542621076107025 0.901
    endloop
  endfacet
  facet normal 0 0 1
    outer loop
      vertex 2.1380199417471886 16.825925923883915 0.901
      vertex 2.384946435689926 16.816999427974224 0.901
      vertex 2.110897436738014 18.542621076107025 0.901
    endloop
  endfacet
  facet normal 0 0 1
    outer loop
      vertex 0.8482011407613754 16.498433612287045 0.901
      vertex 0.49562450498342514 18.308984614908695 0.901
      vertex 0 18.103552256257235 0.901
    endloop
  endfacet
  facet normal 0 0 1
    outer loop
      vertex 1.2437908798456192 16.680373787879944 0.901
      vertex 1.2689111083745956 18.484211966395378 0.901
      vertex 0.49562450498342514 18.308984614908695 0.901
    endloop
  endfacet
  facet normal 0 0 1
    outer loop
      vertex 1.6737304851412773 16.789537891745567 0.901
      vertex 2.110897436738014 18.542621076107025 0.901
      vertex 1.2689111083745956 18.484211966395378 0.901
    endloop
  endfacet
  facet normal 0 0 1
    outer loop
      vertex 2.384946435689926 16.816999427974224 0.901
      vertex 2.6226831898093224 16.79021994024515 0.901
      vertex 2.841075211763382 18.504095152020454 0.901
    endloop
  endfacet
  facet normal 0 0 1
    outer loop
      vertex 2.6226831898093224 16.79021994024515 0.901
      vertex 2.8512301966547966 16.745587460696697 0.901
      vertex 2.841075211763382 18.504095152020454 0.901
    endloop
  endfacet
  facet normal 0 0 1
    outer loop
      vertex 2.8512301966547966 16.745587460696697 0.901
      vertex 3.0705874636769295 16.68310198932886 0.901
      vertex 3.5114717930555344 18.38851737231016 0.901
    endloop
  endfacet
  facet normal 0 0 1
    outer loop
      vertex 3.2807549834251404 16.602763526141644 0.901
      vertex 3.5114717930555344 18.38851737231016 0.901
      vertex 3.0705874636769295 16.68310198932886 0.901
    endloop
  endfacet
  facet normal 0 0 1
    outer loop
      vertex 3.9072051271796227 16.179780051112175 0.901
      vertex 4.138464383780956 15.894435323774815 0.901
      vertex 5.585781194269657 17.1751281991601 0.901
    endloop
  endfacet
  facet normal 0 0 1
    outer loop
      vertex 4.3150797709822655 15.55985526740551 0.901
      vertex 5.928876921534538 16.732612535357475 0.901
      vertex 4.138464383780956 15.894435323774815 0.901
    endloop
  endfacet
  facet normal 0 0 1
    outer loop
      vertex 3.621301993727684 16.41588945686817 0.901
      vertex 3.9072051271796227 16.179780051112175 0.901
      vertex 5.163974359631538 17.579472929239273 0.901
    endloop
  endfacet
  facet normal 0 0 1
    outer loop
      vertex 3.2807549834251404 16.602763526141644 0.901
      vertex 3.621301993727684 16.41588945686817 0.901
      vertex 4.122087180614471 18.195887744426727 0.901
    endloop
  endfacet
  facet normal 0 0 1
    outer loop
      vertex 3.621301993727684 16.41588945686817 0.901
      vertex 5.163974359631538 17.579472929239273 0.901
      vertex 4.672921366989613 17.92620626837015 0.901
    endloop
  endfacet
  facet normal 0 0 1
    outer loop
      vertex 2.384946435689926 16.816999427974224 0.901
      vertex 2.841075211763382 18.504095152020454 0.901
      vertex 2.110897436738014 18.542621076107025 0.901
    endloop
  endfacet
  facet normal 0 0 1
    outer loop
      vertex 2.8512301966547966 16.745587460696697 0.901
      vertex 3.5114717930555344 18.38851737231016 0.901
      vertex 2.841075211763382 18.504095152020454 0.901
    endloop
  endfacet
  facet normal 0 0 1
    outer loop
      vertex 3.2807549834251404 16.602763526141644 0.901
      vertex 4.122087180614471 18.195887744426727 0.901
      vertex 3.5114717930555344 18.38851737231016 0.901
    endloop
  endfacet
  facet normal 0 0 1
    outer loop
      vertex 3.621301993727684 16.41588945686817 0.901
      vertex 4.672921366989613 17.92620626837015 0.901
      vertex 4.122087180614471 18.195887744426727 0.901
    endloop
  endfacet
  facet normal 0 0 1
    outer loop
      vertex 4.3150797709822655 15.55985526740551 0.901
      vertex 6.193261541426182 16.25192592293024 0.901
      vertex 5.928876921534538 16.732612535357475 0.901
    endloop
  endfacet
  facet normal 0 0 1
    outer loop
      vertex 4.3150797709822655 15.55985526740551 0.901
      vertex 6.3789350390434265 15.733068376779556 0.901
      vertex 6.193261541426182 16.25192592293024 0.901
    endloop
  endfacet
  facet normal 0 0 1
    outer loop
      vertex 4.138464383780956 15.894435323774815 0.901
      vertex 5.928876921534538 16.732612535357475 0.901
      vertex 5.585781194269657 17.1751281991601 0.901
    endloop
  endfacet
  facet normal 0 0 1
    outer loop
      vertex 3.9072051271796227 16.179780051112175 0.901
      vertex 5.585781194269657 17.1751281991601 0.901
      vertex 5.163974359631538 17.579472929239273 0.901
    endloop
  endfacet
  facet normal -0.8208098896907825 0.5712014749506564 1.125863147496958e-17
    outer loop
      vertex 0.1600712239742279 15.91622506827116 0.901
      vertex 0 15.686204577332644 0.901
      vertex 0 15.686204577332644 1.5
    endloop
  endfacet
  facet normal -0.7077572826568 0.7064556807374843 0
    outer loop
      vertex 0.1600712239742279 15.91622506827116 0.901
      vertex 0.1600712239742279 15.91622506827116 1.5
      vertex 0.4869612529873848 16.24371737241745 0.901
    endloop
  endfacet
  facet normal -0.576265423903116 0.8172626023584842 0
    outer loop
      vertex 0.4869612529873848 16.24371737241745 0.901
      vertex 0.4869612529873848 16.24371737241745 1.5
      vertex 0.8482011407613754 16.498433612287045 0.901
    endloop
  endfacet
  facet normal -0.4178466482746346 0.9085175719410461 0
    outer loop
      vertex 0.8482011407613754 16.498433612287045 0.901
      vertex 0.8482011407613754 16.498433612287045 1.5
      vertex 1.2437908798456192 16.680373787879944 0.901
    endloop
  endfacet
  facet normal -0.24609686264604566 0.9692452394496315 0
    outer loop
      vertex 1.2437908798456192 16.680373787879944 0.901
      vertex 1.2437908798456192 16.680373787879944 1.5
      vertex 1.6737304851412773 16.789537891745567 0.901
    endloop
  endfacet
  facet normal -0.07813399281847887 0.9969428665506573 0
    outer loop
      vertex 1.6737304851412773 16.789537891745567 0.901
      vertex 1.6737304851412773 16.789537891745567 1.5
      vertex 2.1380199417471886 16.825925923883915 0.901
    endloop
  endfacet
  facet normal 0.03612681924220598 0.9993472134005483 0
    outer loop
      vertex 2.1380199417471886 16.825925923883915 0.901
      vertex 2.1380199417471886 16.825925923883915 1.5
      vertex 2.384946435689926 16.816999427974224 0.901
    endloop
  endfacet
  facet normal 0.38290291687262623 -0.9237885885041202 1.3839398954843544e-17
    outer loop
      vertex 0.49562450498342514 18.308984614908695 0.901
      vertex 0 18.103552256257235 1.5
      vertex 0 18.103552256257235 0.901
    endloop
  endfacet
  facet normal 0.22099791751022693 -0.9752742796035088 0
    outer loop
      vertex 0.49562450498342514 18.308984614908695 0.901
      vertex 1.2689111083745956 18.484211966395378 0.901
      vertex 1.2689111083745956 18.484211966395378 1.5
    endloop
  endfacet
  facet normal 0.06920429988249491 -0.9976025084560353 0
    outer loop
      vertex 1.2689111083745956 18.484211966395378 0.901
      vertex 2.110897436738014 18.542621076107025 0.901
      vertex 2.110897436738014 18.542621076107025 1.5
    endloop
  endfacet
  facet normal 0.11193553700534198 0.9937154701197549 0
    outer loop
      vertex 2.384946435689926 16.816999427974224 0.901
      vertex 2.384946435689926 16.816999427974224 1.5
      vertex 2.6226831898093224 16.79021994024515 0.901
    endloop
  endfacet
  facet normal 0.19166731563088668 0.9814599533953741 0
    outer loop
      vertex 2.6226831898093224 16.79021994024515 0.901
      vertex 2.6226831898093224 16.79021994024515 1.5
      vertex 2.8512301966547966 16.745587460696697 0.901
    endloop
  endfacet
  facet normal 0.2739588542634065 0.9617414133594756 0
    outer loop
      vertex 2.8512301966547966 16.745587460696697 0.901
      vertex 2.8512301966547966 16.745587460696697 1.5
      vertex 3.0705874636769295 16.68310198932886 0.901
    endloop
  endfacet
  facet normal 0.3570610529561413 0.9340810481226196 0
    outer loop
      vertex 3.2807549834251404 16.602763526141644 0.901
      vertex 3.0705874636769295 16.68310198932886 0.901
      vertex 3.0705874636769295 16.68310198932886 1.5
    endloop
  endfacet
  facet normal 0.4810750041320793 0.8766794399319058 0
    outer loop
      vertex 3.2807549834251404 16.602763526141644 0.901
      vertex 3.2807549834251404 16.602763526141644 1.5
      vertex 3.621301993727684 16.41588945686817 0.901
    endloop
  endfacet
  facet normal 0.8843504156302998 0.4668236737511455 0
    outer loop
      vertex 4.3150797709822655 15.55985526740551 0.901
      vertex 4.138464383780956 15.894435323774815 0.901
      vertex 4.138464383780956 15.894435323774815 1.5
    endloop
  endfacet
  facet normal 0.6367669160234082 0.7710563498590994 0
    outer loop
      vertex 3.621301993727684 16.41588945686817 0.901
      vertex 3.621301993727684 16.41588945686817 1.5
      vertex 3.9072051271796227 16.179780051112175 0.901
    endloop
  endfacet
  facet normal 0.776890698636049 0.6296354837306993 0
    outer loop
      vertex 3.9072051271796227 16.179780051112175 0.901
      vertex 3.9072051271796227 16.179780051112175 1.5
      vertex 4.138464383780956 15.894435323774815 0.901
    endloop
  endfacet
  facet normal -0.052689100560573895 -0.9986109646314313 0
    outer loop
      vertex 2.110897436738014 18.542621076107025 0.901
      vertex 2.841075211763382 18.504095152020454 0.901
      vertex 2.841075211763382 18.504095152020454 1.5
    endloop
  endfacet
  facet normal -0.16989572784289514 -0.9854620447590728 0
    outer loop
      vertex 2.841075211763382 18.504095152020454 0.901
      vertex 3.5114717930555344 18.38851737231016 0.901
      vertex 3.5114717930555344 18.38851737231016 1.5
    endloop
  endfacet
  facet normal -0.30085259393833413 -0.9536706542200908 0
    outer loop
      vertex 3.5114717930555344 18.38851737231016 0.901
      vertex 4.122087180614471 18.195887744426727 0.901
      vertex 4.122087180614471 18.195887744426727 1.5
    endloop
  endfacet
  facet normal -0.4397163983502871 -0.8981366761366845 0
    outer loop
      vertex 4.122087180614471 18.195887744426727 0.901
      vertex 4.672921366989613 17.92620626837015 0.901
      vertex 4.672921366989613 17.92620626837015 1.5
    endloop
  endfacet
  facet normal -0.6920063256909772 -0.7218914358846995 0
    outer loop
      vertex 5.585781194269657 17.1751281991601 0.901
      vertex 5.585781194269657 17.1751281991601 1.5
      vertex 5.163974359631538 17.579472929239273 0.901
    endloop
  endfacet
  facet normal -0.7902887121335868 -0.6127346501335115 0
    outer loop
      vertex 5.585781194269657 17.1751281991601 0.901
      vertex 5.928876921534538 16.732612535357475 0.901
      vertex 5.928876921534538 16.732612535357475 1.5
    endloop
  endfacet
  facet normal -0.941530653681121 -0.3369273336771608 0
    outer loop
      vertex 6.3789350390434265 15.733068376779556 0.901
      vertex 6.193261541426182 16.25192592293024 1.5
      vertex 6.193261541426182 16.25192592293024 0.901
    endloop
  endfacet
  facet normal -0.8762105336407351 -0.4819285224356598 0
    outer loop
      vertex 6.193261541426182 16.25192592293024 0.901
      vertex 6.193261541426182 16.25192592293024 1.5
      vertex 5.928876921534538 16.732612535357475 0.901
    endloop
  endfacet
  facet normal -0.5768027680649912 -0.8168834474712804 0
    outer loop
      vertex 4.672921366989613 17.92620626837015 0.901
      vertex 5.163974359631538 17.579472929239273 0.901
      vertex 5.163974359631538 17.579472929239273 1.5
    endloop
  endfacet
  facet normal 0 0 1
    outer loop
      vertex 10.604629628360271 14.40085469931364 0.901
      vertex 10.604629628360271 16.519601136446 0.901
      vertex 8.569245010614395 18.287350423634052 0.901
    endloop
  endfacet
  facet normal 0 0 1
    outer loop
      vertex 10.604629628360271 16.519601136446 0.901
      vertex 15.878860399127007 18.287350423634052 0.901
      vertex 8.569245010614395 18.287350423634052 0.901
    endloop
  endfacet
  facet normal 0 0 1
    outer loop
      vertex 10.604629628360271 16.519601136446 0.901
      vertex 15.878860399127007 16.519601136446 0.901
      vertex 15.878860399127007 18.287350423634052 0.901
    endloop
  endfacet
  facet normal 0 0 1
    outer loop
      vertex 17.745826207101345 18.274586893618107 0.901
      vertex 19.814914532005787 14.228547006845474 0.901
      vertex 19.814914532005787 16.525982901453972 0.901
    endloop
  endfacet
  facet normal 0 1 0
    outer loop
      vertex 10.604629628360271 16.519601136446 0.901
      vertex 10.604629628360271 16.519601136446 1.5
      vertex 15.878860399127007 16.519601136446 0.901
    endloop
  endfacet
  facet normal 0 -1 0
    outer loop
      vertex 8.569245010614395 18.287350423634052 0.901
      vertex 15.878860399127007 18.287350423634052 0.901
      vertex 15.878860399127007 18.287350423634052 1.5
    endloop
  endfacet
  facet normal -1 0 0
    outer loop
      vertex 15.878860399127007 16.519601136446 0.901
      vertex 15.878860399127007 16.519601136446 1.5
      vertex 15.878860399127007 18.287350423634052 0.901
    endloop
  endfacet
  facet normal -0.8208098896907825 0.5712014749506564 0
    outer loop
      vertex 0.1600712239742279 15.91622506827116 0.901
      vertex 0 15.686204577332644 1.5
      vertex 0.1600712239742279 15.91622506827116 1.5
    endloop
  endfacet
  facet normal -0.7077572826568 0.7064556807374843 0
    outer loop
      vertex 0.4869612529873848 16.24371737241745 0.901
      vertex 0.1600712239742279 15.91622506827116 1.5
      vertex 0.4869612529873848 16.24371737241745 1.5
    endloop
  endfacet
  facet normal -0.576265423903116 0.8172626023584842 0
    outer loop
      vertex 0.8482011407613754 16.498433612287045 0.901
      vertex 0.4869612529873848 16.24371737241745 1.5
      vertex 0.8482011407613754 16.498433612287045 1.5
    endloop
  endfacet
  facet normal -0.4178466482746346 0.9085175719410461 0
    outer loop
      vertex 1.2437908798456192 16.680373787879944 0.901
      vertex 0.8482011407613754 16.498433612287045 1.5
      vertex 1.2437908798456192 16.680373787879944 1.5
    endloop
  endfacet
  facet normal -0.24609686264604566 0.9692452394496315 0
    outer loop
      vertex 1.6737304851412773 16.789537891745567 0.901
      vertex 1.2437908798456192 16.680373787879944 1.5
      vertex 1.6737304851412773 16.789537891745567 1.5
    endloop
  endfacet
  facet normal -0.07813399281847887 0.9969428665506573 0
    outer loop
      vertex 2.1380199417471886 16.825925923883915 0.901
      vertex 1.6737304851412773 16.789537891745567 1.5
      vertex 2.1380199417471886 16.825925923883915 1.5
    endloop
  endfacet
  facet normal 0.03612681924220598 0.9993472134005483 0
    outer loop
      vertex 2.384946435689926 16.816999427974224 0.901
      vertex 2.1380199417471886 16.825925923883915 1.5
      vertex 2.384946435689926 16.816999427974224 1.5
    endloop
  endfacet
  facet normal 0.38290291687262623 -0.9237885885041202 0
    outer loop
      vertex 0.49562450498342514 18.308984614908695 0.901
      vertex 0.49562450498342514 18.308984614908695 1.5
      vertex 0 18.103552256257235 1.5
    endloop
  endfacet
  facet normal 0.22099791751022693 -0.9752742796035088 0
    outer loop
      vertex 0.49562450498342514 18.308984614908695 0.901
      vertex 1.2689111083745956 18.484211966395378 1.5
      vertex 0.49562450498342514 18.308984614908695 1.5
    endloop
  endfacet
  facet normal 0.06920429988249491 -0.9976025084560353 0
    outer loop
      vertex 1.2689111083745956 18.484211966395378 0.901
      vertex 2.110897436738014 18.542621076107025 1.5
      vertex 1.2689111083745956 18.484211966395378 1.5
    endloop
  endfacet
  facet normal -0.052689100560573895 -0.9986109646314313 0
    outer loop
      vertex 2.110897436738014 18.542621076107025 0.901
      vertex 2.841075211763382 18.504095152020454 1.5
      vertex 2.110897436738014 18.542621076107025 1.5
    endloop
  endfacet
  facet normal 0.11193553700534198 0.9937154701197549 0
    outer loop
      vertex 2.6226831898093224 16.79021994024515 0.901
      vertex 2.384946435689926 16.816999427974224 1.5
      vertex 2.6226831898093224 16.79021994024515 1.5
    endloop
  endfacet
  facet normal 0.2739588542634065 0.9617414133594756 0
    outer loop
      vertex 3.0705874636769295 16.68310198932886 0.901
      vertex 2.8512301966547966 16.745587460696697 1.5
      vertex 3.0705874636769295 16.68310198932886 1.5
    endloop
  endfacet
  facet normal 0.19166731563088668 0.9814599533953741 0
    outer loop
      vertex 2.8512301966547966 16.745587460696697 0.901
      vertex 2.6226831898093224 16.79021994024515 1.5
      vertex 2.8512301966547966 16.745587460696697 1.5
    endloop
  endfacet
  facet normal 0.3570610529561413 0.9340810481226196 0
    outer loop
      vertex 3.2807549834251404 16.602763526141644 0.901
      vertex 3.0705874636769295 16.68310198932886 1.5
      vertex 3.2807549834251404 16.602763526141644 1.5
    endloop
  endfacet
  facet normal 0.4810750041320793 0.8766794399319058 0
    outer loop
      vertex 3.621301993727684 16.41588945686817 0.901
      vertex 3.2807549834251404 16.602763526141644 1.5
      vertex 3.621301993727684 16.41588945686817 1.5
    endloop
  endfacet
  facet normal 0.8843504156302998 0.4668236737511455 0
    outer loop
      vertex 4.3150797709822655 15.55985526740551 0.901
      vertex 4.138464383780956 15.894435323774815 1.5
      vertex 4.3150797709822655 15.55985526740551 1.5
    endloop
  endfacet
  facet normal 0.6367669160234082 0.7710563498590994 0
    outer loop
      vertex 3.9072051271796227 16.179780051112175 0.901
      vertex 3.621301993727684 16.41588945686817 1.5
      vertex 3.9072051271796227 16.179780051112175 1.5
    endloop
  endfacet
  facet normal 0.776890698636049 0.6296354837306993 0
    outer loop
      vertex 4.138464383780956 15.894435323774815 0.901
      vertex 3.9072051271796227 16.179780051112175 1.5
      vertex 4.138464383780956 15.894435323774815 1.5
    endloop
  endfacet
  facet normal -0.16989572784289514 -0.9854620447590728 0
    outer loop
      vertex 2.841075211763382 18.504095152020454 0.901
      vertex 3.5114717930555344 18.38851737231016 1.5
      vertex 2.841075211763382 18.504095152020454 1.5
    endloop
  endfacet
  facet normal -0.30085259393833413 -0.9536706542200908 0
    outer loop
      vertex 3.5114717930555344 18.38851737231016 0.901
      vertex 4.122087180614471 18.195887744426727 1.5
      vertex 3.5114717930555344 18.38851737231016 1.5
    endloop
  endfacet
  facet normal -0.5768027680649912 -0.8168834474712804 0
    outer loop
      vertex 4.672921366989613 17.92620626837015 0.901
      vertex 5.163974359631538 17.579472929239273 1.5
      vertex 4.672921366989613 17.92620626837015 1.5
    endloop
  endfacet
  facet normal -0.4397163983502871 -0.8981366761366845 0
    outer loop
      vertex 4.122087180614471 18.195887744426727 0.901
      vertex 4.672921366989613 17.92620626837015 1.5
      vertex 4.122087180614471 18.195887744426727 1.5
    endloop
  endfacet
  facet normal -0.8762105336407351 -0.4819285224356598 0
    outer loop
      vertex 5.928876921534538 16.732612535357475 0.901
      vertex 6.193261541426182 16.25192592293024 1.5
      vertex 5.928876921534538 16.732612535357475 1.5
    endloop
  endfacet
  facet normal -0.7902887121335868 -0.6127346501335115 0
    outer loop
      vertex 5.585781194269657 17.1751281991601 0.901
      vertex 5.928876921534538 16.732612535357475 1.5
      vertex 5.585781194269657 17.1751281991601 1.5
    endloop
  endfacet
  facet normal -0.941530653681121 -0.3369273336771608 0
    outer loop
      vertex 6.3789350390434265 15.733068376779556 0.901
      vertex 6.3789350390434265 15.733068376779556 1.5
      vertex 6.193261541426182 16.25192592293024 1.5
    endloop
  endfacet
  facet normal -0.9820582211606544 -0.18857796862510537 0
    outer loop
      vertex 6.3789350390434265 15.733068376779556 0.901
      vertex 6.485897436738014 15.176039882004261 1.5
      vertex 6.3789350390434265 15.733068376779556 1.5
    endloop
  endfacet
  facet normal -0.6920063256909772 -0.7218914358846995 0
    outer loop
      vertex 5.163974359631538 17.579472929239273 0.901
      vertex 5.585781194269657 17.1751281991601 1.5
      vertex 5.163974359631538 17.579472929239273 1.5
    endloop
  endfacet
  facet normal -1 0 0
    outer loop
      vertex 10.604629628360271 16.519601136446 0.901
      vertex 10.604629628360271 14.40085469931364 1.5
      vertex 10.604629628360271 16.519601136446 1.5
    endloop
  endfacet
  facet normal 0 -1 0
    outer loop
      vertex 8.569245010614395 18.287350423634052 0.901
      vertex 15.878860399127007 18.287350423634052 1.5
      vertex 8.569245010614395 18.287350423634052 1.5
    endloop
  endfacet
  facet normal 0 1 0
    outer loop
      vertex 15.878860399127007 16.519601136446 0.901
      vertex 10.604629628360271 16.519601136446 1.5
      vertex 15.878860399127007 16.519601136446 1.5
    endloop
  endfacet
  facet normal -1 0 0
    outer loop
      vertex 15.878860399127007 18.287350423634052 0.901
      vertex 15.878860399127007 16.519601136446 1.5
      vertex 15.878860399127007 18.287350423634052 1.5
    endloop
  endfacet
  facet normal 0 0 1
    outer loop
      vertex 19.814914532005787 12.499088317155838 0.901
      vertex 24.189914532005787 14.228547006845474 0.901
      vertex 19.814914532005787 14.228547006845474 0.901
    endloop
  endfacet
  facet normal 0 0 1
    outer loop
      vertex 19.814914532005787 12.499088317155838 0.901
      vertex 24.189914532005787 12.499088317155838 0.901
      vertex 24.189914532005787 14.228547006845474 0.901
    endloop
  endfacet
  facet normal 0 0 1
    outer loop
      vertex 26.20555555820465 8.319031335413456 0.901
      vertex 33.2244017124176 8.319031335413456 0.901
      vertex 28.28820513188839 10.11230769008398 0.901
    endloop
  endfacet
  facet normal 0 0 1
    outer loop
      vertex 26.20555555820465 8.319031335413456 0.901
      vertex 28.28820513188839 10.11230769008398 0.901
      vertex 26.20555555820465 18.287350423634052 0.901
    endloop
  endfacet
  facet normal -1 0 0
    outer loop
      vertex 19.814914532005787 8.319031335413456 0.901
      vertex 19.814914532005787 8.319031335413456 1.5
      vertex 19.814914532005787 12.499088317155838 0.901
    endloop
  endfacet
  facet normal 0 1 0
    outer loop
      vertex 19.814914532005787 12.499088317155838 0.901
      vertex 19.814914532005787 12.499088317155838 1.5
      vertex 24.189914532005787 12.499088317155838 0.901
    endloop
  endfacet
  facet normal -1 0 0
    outer loop
      vertex 19.814914532005787 14.228547006845474 0.901
      vertex 19.814914532005787 14.228547006845474 1.5
      vertex 19.814914532005787 16.525982901453972 0.901
    endloop
  endfacet
  facet normal -1 0 0
    outer loop
      vertex 24.189914532005787 12.499088317155838 0.901
      vertex 24.189914532005787 12.499088317155838 1.5
      vertex 24.189914532005787 14.228547006845474 0.901
    endloop
  endfacet
  facet normal 0 -1 0
    outer loop
      vertex 19.814914532005787 14.228547006845474 0.901
      vertex 24.189914532005787 14.228547006845474 0.901
      vertex 24.189914532005787 14.228547006845474 1.5
    endloop
  endfacet
  facet normal 0 1 0
    outer loop
      vertex 26.20555555820465 8.319031335413456 0.901
      vertex 26.20555555820465 8.319031335413456 1.5
      vertex 33.2244017124176 8.319031335413456 0.901
    endloop
  endfacet
  facet normal 1 0 0
    outer loop
      vertex 26.20555555820465 8.319031335413456 0.901
      vertex 26.20555555820465 18.287350423634052 0.901
      vertex 26.20555555820465 18.287350423634052 1.5
    endloop
  endfacet
  facet normal -1 0 0
    outer loop
      vertex 28.28820513188839 10.11230769008398 0.901
      vertex 28.28820513188839 10.11230769008398 1.5
      vertex 28.28820513188839 18.287350423634052 0.901
    endloop
  endfacet
  facet normal 0 0 1
    outer loop
      vertex 28.28820513188839 10.11230769008398 0.901
      vertex 33.2244017124176 8.319031335413456 0.901
      vertex 33.2244017124176 10.11230769008398 0.901
    endloop
  endfacet
  facet normal 0 0 1
    outer loop
      vertex 36.16617264598608 8.647955551743507 0.901
      vertex 37.212327636778355 10.35551680624485 0.901
      vertex 35.59598974138498 9.102329343557358 0.901
    endloop
  endfacet
  facet normal 0 0 1
    outer loop
      vertex 35.59598974138498 9.102329343557358 0.901
      vertex 37.0251424536109 10.657450139522552 0.901
      vertex 35.1588746458292 9.686524212360382 0.901
    endloop
  endfacet
  facet normal 0 0 1
    outer loop
      vertex 35.1588746458292 9.686524212360382 0.901
      vertex 37.0251424536109 10.657450139522552 0.901
      vertex 34.98118233680725 10.068963527679443 0.901
    endloop
  endfacet
  facet normal 0 0 1
    outer loop
      vertex 34.98118233680725 10.068963527679443 0.901
      vertex 36.93751680850983 10.869053557515144 0.901
      vertex 34.842977210879326 10.50766609609127 0.901
    endloop
  endfacet
  facet normal 0 0 1
    outer loop
      vertex 34.98118233680725 10.068963527679443 0.901
      vertex 37.0251424536109 10.657450139522552 0.901
      vertex 36.93751680850983 10.869053557515144 0.901
    endloop
  endfacet
  facet normal 0 0 1
    outer loop
      vertex 34.842977210879326 10.50766609609127 0.901
      vertex 36.8693635314703 11.12502621114254 0.901
      vertex 34.744259260594845 11.002631902694702 0.901
    endloop
  endfacet
  facet normal 0 0 1
    outer loop
      vertex 34.744259260594845 11.002631902694702 0.901
      vertex 36.82068262249231 11.425368085503578 0.901
      vertex 34.68502849340439 11.5538609623909 0.901
    endloop
  endfacet
  facet normal 0 0 1
    outer loop
      vertex 34.842977210879326 10.50766609609127 0.901
      vertex 36.93751680850983 10.869053557515144 0.901
      vertex 36.8693635314703 11.12502621114254 0.901
    endloop
  endfacet
  facet normal 0 0 1
    outer loop
      vertex 34.744259260594845 11.002631902694702 0.901
      vertex 36.8693635314703 11.12502621114254 0.901
      vertex 36.82068262249231 11.425368085503578 0.901
    endloop
  endfacet
  facet normal 0 0 1
    outer loop
      vertex 34.68502849340439 11.5538609623909 0.901
      vertex 36.82068262249231 11.425368085503578 0.901
      vertex 36.79147407412529 11.77007920295 0.901
    endloop
  endfacet
  facet normal 0 0 1
    outer loop
      vertex 36.16617264598608 8.647955551743507 0.901
      vertex 36.86942335963249 8.323402844369411 0.901
      vertex 37.47090883553028 10.120679765939713 0.901
    endloop
  endfacet
  facet normal 0 0 1
    outer loop
      vertex 36.86942335963249 8.323402844369411 0.901
      vertex 37.70574188232422 8.12867122143507 0.901
      vertex 37.800886042416096 9.95293902605772 0.901
    endloop
  endfacet
  facet normal 0 0 1
    outer loop
      vertex 36.86942335963249 8.323402844369411 0.901
      vertex 37.800886042416096 9.95293902605772 0.901
      vertex 37.47090883553028 10.120679765939713 0.901
    endloop
  endfacet
  facet normal 0 0 1
    outer loop
      vertex 37.70574188232422 8.12867122143507 0.901
      vertex 38.67512820661068 8.063760682940483 0.901
      vertex 38.2022592574358 9.852294586598873 0.901
    endloop
  endfacet
  facet normal 0 0 1
    outer loop
      vertex 37.70574188232422 8.12867122143507 0.901
      vertex 38.2022592574358 9.852294586598873 0.901
      vertex 37.800886042416096 9.95293902605772 0.901
    endloop
  endfacet
  facet normal 0 0 1
    outer loop
      vertex 38.67512820661068 8.063760682940483 0.901
      vertex 38.67502848803997 9.81874643266201 0.901
      vertex 38.2022592574358 9.852294586598873 0.901
    endloop
  endfacet
  facet normal 0 0 1
    outer loop
      vertex 38.67512820661068 8.063760682940483 0.901
      vertex 39.14539258927107 9.852294586598873 0.901
      vertex 38.67502848803997 9.81874643266201 0.901
    endloop
  endfacet
  facet normal 0 0 1
    outer loop
      vertex 35.59598974138498 9.102329343557358 0.901
      vertex 37.212327636778355 10.35551680624485 0.901
      vertex 37.0251424536109 10.657450139522552 0.901
    endloop
  endfacet
  facet normal 0 0 1
    outer loop
      vertex 36.16617264598608 8.647955551743507 0.901
      vertex 37.47090883553028 10.120679765939713 0.901
      vertex 37.212327636778355 10.35551680624485 0.901
    endloop
  endfacet
  facet normal 0 0 1
    outer loop
      vertex 34.68502849340439 11.5538609623909 0.901
      vertex 36.79147407412529 11.77007920295 0.901
      vertex 34.665284901857376 12.161353275179863 0.901
    endloop
  endfacet
  facet normal 0 0 1
    outer loop
      vertex 34.665284901857376 12.161353275179863 0.901
      vertex 36.79147407412529 11.77007920295 0.901
      vertex 36.78173789381981 12.159159541130066 0.901
    endloop
  endfacet
  facet normal 0 0 1
    outer loop
      vertex 34.665284901857376 12.161353275179863 0.901
      vertex 36.78173789381981 12.159159541130066 0.901
      vertex 36.78173789381981 18.287350423634052 0.901
    endloop
  endfacet
  facet normal 0 -1 0
    outer loop
      vertex 28.28820513188839 10.11230769008398 0.901
      vertex 33.2244017124176 10.11230769008398 0.901
      vertex 33.2244017124176 10.11230769008398 1.5
    endloop
  endfacet
  facet normal -1 0 0
    outer loop
      vertex 33.2244017124176 8.319031335413456 0.901
      vertex 33.2244017124176 8.319031335413456 1.5
      vertex 33.2244017124176 10.11230769008398 0.901
    endloop
  endfacet
  facet normal 0.8006777914985475 0.5990952129678625 0
    outer loop
      vertex 35.59598974138498 9.102329343557358 0.901
      vertex 35.1588746458292 9.686524212360382 0.901
      vertex 35.1588746458292 9.686524212360382 1.5
    endloop
  endfacet
  facet normal 0.4190320521096057 0.9079714418993654 0
    outer loop
      vertex 36.16617264598608 8.647955551743507 0.901
      vertex 36.16617264598608 8.647955551743507 1.5
      vertex 36.86942335963249 8.323402844369411 0.901
    endloop
  endfacet
  facet normal 0.6232114980130886 0.7820533413676347 0
    outer loop
      vertex 36.16617264598608 8.647955551743507 0.901
      vertex 35.59598974138498 9.102329343557358 0.901
      vertex 35.59598974138498 9.102329343557358 1.5
    endloop
  endfacet
  facet normal 0.9068901008573558 0.42136723290608996 0
    outer loop
      vertex 35.1588746458292 9.686524212360382 0.901
      vertex 34.98118233680725 10.068963527679443 0.901
      vertex 34.98118233680725 10.068963527679443 1.5
    endloop
  endfacet
  facet normal 0.9537900370243838 0.30047390115120554 0
    outer loop
      vertex 34.98118233680725 10.068963527679443 0.901
      vertex 34.842977210879326 10.50766609609127 0.901
      vertex 34.842977210879326 10.50766609609127 1.5
    endloop
  endfacet
  facet normal 0.9942765287785809 0.1068371860356503 0
    outer loop
      vertex 34.744259260594845 11.002631902694702 0.901
      vertex 34.68502849340439 11.5538609623909 0.901
      vertex 34.68502849340439 11.5538609623909 1.5
    endloop
  endfacet
  facet normal 0.9806853972476762 0.1955917984608948 0
    outer loop
      vertex 34.842977210879326 10.50766609609127 0.901
      vertex 34.744259260594845 11.002631902694702 0.901
      vertex 34.744259260594845 11.002631902694702 1.5
    endloop
  endfacet
  facet normal 0.22677747377029073 0.9739465988391587 0
    outer loop
      vertex 36.86942335963249 8.323402844369411 0.901
      vertex 36.86942335963249 8.323402844369411 1.5
      vertex 37.70574188232422 8.12867122143507 0.901
    endloop
  endfacet
  facet normal 0.06681083142665672 0.9977656602650138 0
    outer loop
      vertex 37.70574188232422 8.12867122143507 0.901
      vertex 37.70574188232422 8.12867122143507 1.5
      vertex 38.67512820661068 8.063760682940483 0.901
    endloop
  endfacet
  facet normal -0.06682944608631619 0.9977644136447222 0
    outer loop
      vertex 38.67512820661068 8.063760682940483 0.901
      vertex 38.67512820661068 8.063760682940483 1.5
      vertex 39.64424330741167 8.12867122143507 0.901
    endloop
  endfacet
  facet normal -0.8499196892938924 -0.5269122524202424 0
    outer loop
      vertex 37.212327636778355 10.35551680624485 0.901
      vertex 37.212327636778355 10.35551680624485 1.5
      vertex 37.0251424536109 10.657450139522552 0.901
    endloop
  endfacet
  facet normal -0.4531516244949044 -0.8914334552941287 0
    outer loop
      vertex 37.47090883553028 10.120679765939713 0.901
      vertex 37.800886042416096 9.95293902605772 0.901
      vertex 37.800886042416096 9.95293902605772 1.5
    endloop
  endfacet
  facet normal -0.6723015763004256 -0.7402773740321684 0
    outer loop
      vertex 37.212327636778355 10.35551680624485 0.901
      vertex 37.47090883553028 10.120679765939713 0.901
      vertex 37.47090883553028 10.120679765939713 1.5
    endloop
  endfacet
  facet normal -0.9239155901187651 -0.38259636999780067 0
    outer loop
      vertex 37.0251424536109 10.657450139522552 0.901
      vertex 37.0251424536109 10.657450139522552 1.5
      vertex 36.93751680850983 10.869053557515144 0.901
    endloop
  endfacet
  facet normal -0.9663345849603198 -0.2572886898205336 0
    outer loop
      vertex 36.93751680850983 10.869053557515144 0.901
      vertex 36.93751680850983 10.869053557515144 1.5
      vertex 36.8693635314703 11.12502621114254 0.901
    endloop
  endfacet
  facet normal -0.9871175119979018 -0.1599969296801426 0
    outer loop
      vertex 36.8693635314703 11.12502621114254 0.901
      vertex 36.8693635314703 11.12502621114254 1.5
      vertex 36.82068262249231 11.425368085503578 0.901
    endloop
  endfacet
  facet normal -0.9964293405053317 -0.08443085561635495 0
    outer loop
      vertex 36.82068262249231 11.425368085503578 0.901
      vertex 36.82068262249231 11.425368085503578 1.5
      vertex 36.79147407412529 11.77007920295 0.901
    endloop
  endfacet
  facet normal -0.24322049064474002 -0.9699710268510766 0
    outer loop
      vertex 37.800886042416096 9.95293902605772 0.901
      vertex 38.2022592574358 9.852294586598873 0.901
      vertex 38.2022592574358 9.852294586598873 1.5
    endloop
  endfacet
  facet normal -0.07078296194770958 -0.9974917404660095 0
    outer loop
      vertex 38.2022592574358 9.852294586598873 0.901
      vertex 38.67502848803997 9.81874643266201 0.901
      vertex 38.67502848803997 9.81874643266201 1.5
    endloop
  endfacet
  facet normal 0.07114307171836634 -0.9974661214028652 0
    outer loop
      vertex 38.67502848803997 9.81874643266201 0.901
      vertex 39.14539258927107 9.852294586598873 0.901
      vertex 39.14539258927107 9.852294586598873 1.5
    endloop
  endfacet
  facet normal 0.9994722881250542 0.032482999708597124 0
    outer loop
      vertex 34.68502849340439 11.5538609623909 0.901
      vertex 34.665284901857376 12.161353275179863 0.901
      vertex 34.665284901857376 12.161353275179863 1.5
    endloop
  endfacet
  facet normal -0.9996870573542554 -0.02501574221145107 0
    outer loop
      vertex 36.79147407412529 11.77007920295 0.901
      vertex 36.79147407412529 11.77007920295 1.5
      vertex 36.78173789381981 12.159159541130066 0.901
    endloop
  endfacet
  facet normal -1 0 0
    outer loop
      vertex 36.78173789381981 12.159159541130066 0.901
      vertex 36.78173789381981 12.159159541130066 1.5
      vertex 36.78173789381981 18.287350423634052 0.901
    endloop
  endfacet
  facet normal -1 0 0
    outer loop
      vertex 19.814914532005787 12.499088317155838 0.901
      vertex 19.814914532005787 8.319031335413456 1.5
      vertex 19.814914532005787 12.499088317155838 1.5
    endloop
  endfacet
  facet normal 0 -1 0
    outer loop
      vertex 19.814914532005787 14.228547006845474 0.901
      vertex 24.189914532005787 14.228547006845474 1.5
      vertex 19.814914532005787 14.228547006845474 1.5
    endloop
  endfacet
  facet normal 0 1 0
    outer loop
      vertex 24.189914532005787 12.499088317155838 0.901
      vertex 19.814914532005787 12.499088317155838 1.5
      vertex 24.189914532005787 12.499088317155838 1.5
    endloop
  endfacet
  facet normal -1 0 0
    outer loop
      vertex 24.189914532005787 14.228547006845474 0.901
      vertex 24.189914532005787 12.499088317155838 1.5
      vertex 24.189914532005787 14.228547006845474 1.5
    endloop
  endfacet
  facet normal 1 0 0
    outer loop
      vertex 26.20555555820465 8.319031335413456 0.901
      vertex 26.20555555820465 18.287350423634052 1.5
      vertex 26.20555555820465 8.319031335413456 1.5
    endloop
  endfacet
  facet normal 0 1 0
    outer loop
      vertex 33.2244017124176 8.319031335413456 0.901
      vertex 26.20555555820465 8.319031335413456 1.5
      vertex 33.2244017124176 8.319031335413456 1.5
    endloop
  endfacet
  facet normal 0 -1 0
    outer loop
      vertex 28.28820513188839 10.11230769008398 0.901
      vertex 33.2244017124176 10.11230769008398 1.5
      vertex 28.28820513188839 10.11230769008398 1.5
    endloop
  endfacet
  facet normal -1 0 0
    outer loop
      vertex 33.2244017124176 10.11230769008398 0.901
      vertex 33.2244017124176 8.319031335413456 1.5
      vertex 33.2244017124176 10.11230769008398 1.5
    endloop
  endfacet
  facet normal 0.8006777914985475 0.5990952129678625 0
    outer loop
      vertex 35.59598974138498 9.102329343557358 0.901
      vertex 35.1588746458292 9.686524212360382 1.5
      vertex 35.59598974138498 9.102329343557358 1.5
    endloop
  endfacet
  facet normal 0.6232114980130886 0.7820533413676347 0
    outer loop
      vertex 36.16617264598608 8.647955551743507 0.901
      vertex 35.59598974138498 9.102329343557358 1.5
      vertex 36.16617264598608 8.647955551743507 1.5
    endloop
  endfacet
  facet normal 0.9068901008573558 0.42136723290608996 0
    outer loop
      vertex 35.1588746458292 9.686524212360382 0.901
      vertex 34.98118233680725 10.068963527679443 1.5
      vertex 35.1588746458292 9.686524212360382 1.5
    endloop
  endfacet
  facet normal 0.9537900370243838 0.30047390115120554 0
    outer loop
      vertex 34.98118233680725 10.068963527679443 0.901
      vertex 34.842977210879326 10.50766609609127 1.5
      vertex 34.98118233680725 10.068963527679443 1.5
    endloop
  endfacet
  facet normal 0.9942765287785809 0.1068371860356503 0
    outer loop
      vertex 34.744259260594845 11.002631902694702 0.901
      vertex 34.68502849340439 11.5538609623909 1.5
      vertex 34.744259260594845 11.002631902694702 1.5
    endloop
  endfacet
  facet normal 0.9806853972476762 0.1955917984608948 0
    outer loop
      vertex 34.842977210879326 10.50766609609127 0.901
      vertex 34.744259260594845 11.002631902694702 1.5
      vertex 34.842977210879326 10.50766609609127 1.5
    endloop
  endfacet
  facet normal 0.4190320521096057 0.9079714418993654 0
    outer loop
      vertex 36.86942335963249 8.323402844369411 0.901
      vertex 36.16617264598608 8.647955551743507 1.5
      vertex 36.86942335963249 8.323402844369411 1.5
    endloop
  endfacet
  facet normal 0.22677747377029073 0.9739465988391587 0
    outer loop
      vertex 37.70574188232422 8.12867122143507 0.901
      vertex 36.86942335963249 8.323402844369411 1.5
      vertex 37.70574188232422 8.12867122143507 1.5
    endloop
  endfacet
  facet normal 0.06681083142665672 0.9977656602650138 0
    outer loop
      vertex 38.67512820661068 8.063760682940483 0.901
      vertex 37.70574188232422 8.12867122143507 1.5
      vertex 38.67512820661068 8.063760682940483 1.5
    endloop
  endfacet
  facet normal -0.8499196892938924 -0.5269122524202424 0
    outer loop
      vertex 37.0251424536109 10.657450139522552 0.901
      vertex 37.212327636778355 10.35551680624485 1.5
      vertex 37.0251424536109 10.657450139522552 1.5
    endloop
  endfacet
  facet normal -0.4531516244949044 -0.8914334552941287 0
    outer loop
      vertex 37.47090883553028 10.120679765939713 0.901
      vertex 37.800886042416096 9.95293902605772 1.5
      vertex 37.47090883553028 10.120679765939713 1.5
    endloop
  endfacet
  facet normal -0.6723015763004256 -0.7402773740321684 0
    outer loop
      vertex 37.212327636778355 10.35551680624485 0.901
      vertex 37.47090883553028 10.120679765939713 1.5
      vertex 37.212327636778355 10.35551680624485 1.5
    endloop
  endfacet
  facet normal -0.9239155901187651 -0.38259636999780067 0
    outer loop
      vertex 36.93751680850983 10.869053557515144 0.901
      vertex 37.0251424536109 10.657450139522552 1.5
      vertex 36.93751680850983 10.869053557515144 1.5
    endloop
  endfacet
  facet normal -0.9663345849603198 -0.2572886898205336 0
    outer loop
      vertex 36.8693635314703 11.12502621114254 0.901
      vertex 36.93751680850983 10.869053557515144 1.5
      vertex 36.8693635314703 11.12502621114254 1.5
    endloop
  endfacet
  facet normal -0.9871175119979018 -0.1599969296801426 0
    outer loop
      vertex 36.82068262249231 11.425368085503578 0.901
      vertex 36.8693635314703 11.12502621114254 1.5
      vertex 36.82068262249231 11.425368085503578 1.5
    endloop
  endfacet
  facet normal -0.24322049064474002 -0.9699710268510766 0
    outer loop
      vertex 37.800886042416096 9.95293902605772 0.901
      vertex 38.2022592574358 9.852294586598873 1.5
      vertex 37.800886042416096 9.95293902605772 1.5
    endloop
  endfacet
  facet normal -0.07078296194770958 -0.9974917404660095 0
    outer loop
      vertex 38.2022592574358 9.852294586598873 0.901
      vertex 38.67502848803997 9.81874643266201 1.5
      vertex 38.2022592574358 9.852294586598873 1.5
    endloop
  endfacet
  facet normal 0.07114307171836634 -0.9974661214028652 0
    outer loop
      vertex 38.67502848803997 9.81874643266201 0.901
      vertex 39.14539258927107 9.852294586598873 1.5
      vertex 38.67502848803997 9.81874643266201 1.5
    endloop
  endfacet
  facet normal 0.9994722881250542 0.032482999708597124 0
    outer loop
      vertex 34.68502849340439 11.5538609623909 0.901
      vertex 34.665284901857376 12.161353275179863 1.5
      vertex 34.68502849340439 11.5538609623909 1.5
    endloop
  endfacet
  facet normal 1 0 0
    outer loop
      vertex 34.665284901857376 12.161353275179863 0.901
      vertex 34.665284901857376 18.287350423634052 1.5
      vertex 34.665284901857376 12.161353275179863 1.5
    endloop
  endfacet
  facet normal -0.9964293405053317 -0.08443085561635495 0
    outer loop
      vertex 36.79147407412529 11.77007920295 0.901
      vertex 36.82068262249231 11.425368085503578 1.5
      vertex 36.79147407412529 11.77007920295 1.5
    endloop
  endfacet
  facet normal -0.9996870573542554 -0.02501574221145107 0
    outer loop
      vertex 36.78173789381981 12.159159541130066 0.901
      vertex 36.79147407412529 11.77007920295 1.5
      vertex 36.78173789381981 12.159159541130066 1.5
    endloop
  endfacet
  facet normal 0 0 1
    outer loop
      vertex 17.745826207101345 18.274586893618107 0.901
      vertex 19.814914532005787 16.525982901453972 0.901
      vertex 24.81203703582287 18.274586893618107 0.901
    endloop
  endfacet
  facet normal 0 0 1
    outer loop
      vertex 19.814914532005787 16.525982901453972 0.901
      vertex 24.81203703582287 16.525982901453972 0.901
      vertex 24.81203703582287 18.274586893618107 0.901
    endloop
  endfacet
  facet normal 0 0 1
    outer loop
      vertex 28.28820513188839 10.11230769008398 0.901
      vertex 28.28820513188839 18.287350423634052 0.901
      vertex 26.20555555820465 18.287350423634052 0.901
    endloop
  endfacet
  facet normal 0 1 0
    outer loop
      vertex 19.814914532005787 16.525982901453972 0.901
      vertex 19.814914532005787 16.525982901453972 1.5
      vertex 24.81203703582287 16.525982901453972 0.901
    endloop
  endfacet
  facet normal 0 -1 0
    outer loop
      vertex 17.745826207101345 18.274586893618107 0.901
      vertex 24.81203703582287 18.274586893618107 0.901
      vertex 24.81203703582287 18.274586893618107 1.5
    endloop
  endfacet
  facet normal -1 0 0
    outer loop
      vertex 24.81203703582287 16.525982901453972 0.901
      vertex 24.81203703582287 16.525982901453972 1.5
      vertex 24.81203703582287 18.274586893618107 0.901
    endloop
  endfacet
  facet normal 0 -1 0
    outer loop
      vertex 26.20555555820465 18.287350423634052 0.901
      vertex 28.28820513188839 18.287350423634052 0.901
      vertex 28.28820513188839 18.287350423634052 1.5
    endloop
  endfacet
  facet normal 0 0 1
    outer loop
      vertex 34.665284901857376 12.161353275179863 0.901
      vertex 36.78173789381981 18.287350423634052 0.901
      vertex 34.665284901857376 18.287350423634052 0.901
    endloop
  endfacet
  facet normal 1 0 0
    outer loop
      vertex 34.665284901857376 12.161353275179863 0.901
      vertex 34.665284901857376 18.287350423634052 0.901
      vertex 34.665284901857376 18.287350423634052 1.5
    endloop
  endfacet
  facet normal 0 -1 0
    outer loop
      vertex 34.665284901857376 18.287350423634052 0.901
      vertex 36.78173789381981 18.287350423634052 0.901
      vertex 36.78173789381981 18.287350423634052 1.5
    endloop
  endfacet
  facet normal 0 0 1
    outer loop
      vertex 34.981159418821335 24.734138429164886 0.901
      vertex 39.8037681132555 24.734138429164886 0.901
      vertex 37.39246376603842 26.95783293247223 0.901
    endloop
  endfacet
  facet normal 0 0 1
    outer loop
      vertex 37.39246376603842 26.95783293247223 0.901
      vertex 39.8037681132555 24.734138429164886 0.901
      vertex 39.8037681132555 26.95783293247223 0.901
    endloop
  endfacet
  facet normal 0 0 1
    outer loop
      vertex 34.981159418821335 24.734138429164886 0.901
      vertex 37.39246376603842 26.95783293247223 0.901
      vertex 34.981159418821335 32.65846464037895 0.901
    endloop
  endfacet
  facet normal 0 0 1
    outer loop
      vertex 37.39246376603842 26.95783293247223 0.901
      vertex 37.39246376603842 32.06235180050135 0.901
      vertex 34.981159418821335 32.65846464037895 0.901
    endloop
  endfacet
  facet normal 0 1 0
    outer loop
      vertex 34.981159418821335 24.734138429164886 0.901
      vertex 34.981159418821335 24.734138429164886 1.5
      vertex 39.8037681132555 24.734138429164886 0.901
    endloop
  endfacet
  facet normal 0 -1 0
    outer loop
      vertex 37.39246376603842 26.95783293247223 0.901
      vertex 39.8037681132555 26.95783293247223 0.901
      vertex 39.8037681132555 26.95783293247223 1.5
    endloop
  endfacet
  facet normal 1 0 0
    outer loop
      vertex 34.981159418821335 24.734138429164886 0.901
      vertex 34.981159418821335 32.65846464037895 0.901
      vertex 34.981159418821335 24.734138429164886 1.5
    endloop
  endfacet
  facet normal -1 0 0
    outer loop
      vertex 37.39246376603842 26.95783293247223 0.901
      vertex 37.39246376603842 26.95783293247223 1.5
      vertex 37.39246376603842 32.06235180050135 0.901
    endloop
  endfacet
  facet normal -1 0 0
    outer loop
      vertex 19.814914532005787 16.525982901453972 0.901
      vertex 19.814914532005787 14.228547006845474 1.5
      vertex 19.814914532005787 16.525982901453972 1.5
    endloop
  endfacet
  facet normal 0 -1 0
    outer loop
      vertex 17.745826207101345 18.274586893618107 0.901
      vertex 24.81203703582287 18.274586893618107 1.5
      vertex 17.745826207101345 18.274586893618107 1.5
    endloop
  endfacet
  facet normal 0 1 0
    outer loop
      vertex 24.81203703582287 16.525982901453972 0.901
      vertex 19.814914532005787 16.525982901453972 1.5
      vertex 24.81203703582287 16.525982901453972 1.5
    endloop
  endfacet
  facet normal -1 0 0
    outer loop
      vertex 24.81203703582287 18.274586893618107 0.901
      vertex 24.81203703582287 16.525982901453972 1.5
      vertex 24.81203703582287 18.274586893618107 1.5
    endloop
  endfacet
  facet normal -1 0 0
    outer loop
      vertex 28.28820513188839 18.287350423634052 0.901
      vertex 28.28820513188839 10.11230769008398 1.5
      vertex 28.28820513188839 18.287350423634052 1.5
    endloop
  endfacet
  facet normal 0 -1 0
    outer loop
      vertex 26.20555555820465 18.287350423634052 0.901
      vertex 28.28820513188839 18.287350423634052 1.5
      vertex 26.20555555820465 18.287350423634052 1.5
    endloop
  endfacet
  facet normal 0 -1 0
    outer loop
      vertex 34.665284901857376 18.287350423634052 0.901
      vertex 36.78173789381981 18.287350423634052 1.5
      vertex 34.665284901857376 18.287350423634052 1.5
    endloop
  endfacet
  facet normal -1 0 0
    outer loop
      vertex 36.78173789381981 18.287350423634052 0.901
      vertex 36.78173789381981 12.159159541130066 1.5
      vertex 36.78173789381981 18.287350423634052 1.5
    endloop
  endfacet
  facet normal 0 1 0
    outer loop
      vertex 39.8037681132555 24.734138429164886 0.901
      vertex 34.981159418821335 24.734138429164886 1.5
      vertex 39.8037681132555 24.734138429164886 1.5
    endloop
  endfacet
  facet normal 0 -1 0
    outer loop
      vertex 37.39246376603842 26.95783293247223 0.901
      vertex 39.8037681132555 26.95783293247223 1.5
      vertex 37.39246376603842 26.95783293247223 1.5
    endloop
  endfacet
  facet normal 1 0 0
    outer loop
      vertex 34.981159418821335 32.65846464037895 0.901
      vertex 34.981159418821335 32.65846464037895 1.5
      vertex 34.981159418821335 24.734138429164886 1.5
    endloop
  endfacet
  facet normal -1 0 0
    outer loop
      vertex 37.39246376603842 32.06235180050135 0.901
      vertex 37.39246376603842 26.95783293247223 1.5
      vertex 37.39246376603842 32.06235180050135 1.5
    endloop
  endfacet
  facet normal 0.8795496894589642 0.4758070446858051 0
    outer loop
      vertex 23.83857087790966 44.18261790275574 0.901
      vertex 23.690018571913242 44.45722319930792 0.901
      vertex 23.690018571913242 44.45722319930792 1.5
    endloop
  endfacet
  facet normal 0.7692580151388254 0.6389382647366447 0
    outer loop
      vertex 24.038488633930683 43.94192432612181 0.901
      vertex 23.83857087790966 44.18261790275574 0.901
      vertex 23.83857087790966 44.18261790275574 1.5
    endloop
  endfacet
  facet normal 0.955962092601975 0.29349016594777577 0
    outer loop
      vertex 23.690018571913242 44.45722319930792 0.901
      vertex 23.598540529608727 44.75518732517958 0.901
      vertex 23.598540529608727 44.75518732517958 1.5
    endloop
  endfacet
  facet normal 0.9931938021202896 0.1164734795129037 0
    outer loop
      vertex 29.224783182144165 38.666972763836384 0.901
      vertex 29.14209621399641 39.372061893343925 0.901
      vertex 29.224783182144165 38.666972763836384 1.5
    endloop
  endfacet
  facet normal 0.4670040715767912 0.884255165170495 0
    outer loop
      vertex 28.67599318176508 39.618226148188114 0.901
      vertex 28.67599318176508 39.618226148188114 1.5
      vertex 29.14209621399641 39.372061893343925 0.901
    endloop
  endfacet
  facet normal 0.6298369585950274 0.776727368893208 0
    outer loop
      vertex 28.140072099864483 40.05279678106308 0.901
      vertex 28.140072099864483 40.05279678106308 1.5
      vertex 28.67599318176508 39.618226148188114 0.901
    endloop
  endfacet
  facet normal 0.6880631658221108 0.725650797449334 2.2953957360928103e-16
    outer loop
      vertex 28.140072099864483 40.05279678106308 0.901
      vertex 24.038488633930683 43.94192432612181 0.901
      vertex 24.038488633930683 43.94192432612181 1.5
    endloop
  endfacet
  facet normal 0 0 1
    outer loop
      vertex 34.981159418821335 32.65846464037895 0.901
      vertex 47.7211841493845 44.26829628646374 0.901
      vertex 33.462784476578236 33.340082600712776 0.901
    endloop
  endfacet
  facet normal 0 0 1
    outer loop
      vertex 31.952461421489716 34.38107678294182 0.901
      vertex 33.462784476578236 33.340082600712776 0.901
      vertex 47.7211841493845 44.26829628646374 0.901
    endloop
  endfacet
  facet normal 0 0 1
    outer loop
      vertex 30.712971329689026 35.64953187853098 0.901
      vertex 31.952461421489716 34.38107678294182 0.901
      vertex 47.7211841493845 44.26829628646374 0.901
    endloop
  endfacet
  facet normal 0.5675083407672519 0.8233676476274744 0
    outer loop
      vertex 31.952461421489716 34.38107678294182 0.901
      vertex 31.952461421489716 34.38107678294182 1.5
      vertex 33.462784476578236 33.340082600712776 0.901
    endloop
  endfacet
  facet normal 0.4095396978000629 0.9122922974166959 -1.1136235014313863e-16
    outer loop
      vertex 34.981159418821335 32.65846464037895 0.901
      vertex 33.462784476578236 33.340082600712776 0.901
      vertex 33.462784476578236 33.340082600712776 1.5
    endloop
  endfacet
  facet normal 0.8436356412784608 0.5369161058905575 5.402425540516848e-17
    outer loop
      vertex 30.712971329689026 35.64953187853098 0.901
      vertex 29.791947104036808 37.096701845526695 0.901
      vertex 29.791947104036808 37.096701845526695 1.5
    endloop
  endfacet
  facet normal 0.7152256683535637 0.6988935851245153 0
    outer loop
      vertex 30.712971329689026 35.64953187853098 0.901
      vertex 30.712971329689026 35.64953187853098 1.5
      vertex 31.952461421489716 34.38107678294182 0.901
    endloop
  endfacet
  facet normal 0.9405306217253219 0.33970891892468674 5.5507512326676066e-17
    outer loop
      vertex 29.791947104036808 37.096701845526695 0.901
      vertex 29.224783182144165 38.666972763836384 0.901
      vertex 29.224783182144165 38.666972763836384 1.5
    endloop
  endfacet
  facet normal 0.08243713277441606 0.9965962668703577 0
    outer loop
      vertex 37.39246376603842 32.06235180050135 0.901
      vertex 37.39246376603842 32.06235180050135 1.5
      vertex 39 31.929378516972065 0.901
    endloop
  endfacet
  facet normal 0 0 1
    outer loop
      vertex 28.140072099864483 40.05279678106308 0.901
      vertex 48.147492215037346 46.12459193170071 0.901
      vertex 24.038488633930683 43.94192432612181 0.901
    endloop
  endfacet
  facet normal 0 0 1
    outer loop
      vertex 23.83857087790966 44.18261790275574 0.901
      vertex 48.147492215037346 46.12459193170071 0.901
      vertex 23.690018571913242 44.45722319930792 0.901
    endloop
  endfacet
  facet normal 0 0 1
    outer loop
      vertex 24.038488633930683 43.94192432612181 0.901
      vertex 48.147492215037346 46.12459193170071 0.901
      vertex 23.83857087790966 44.18261790275574 0.901
    endloop
  endfacet
  facet normal 0 0 1
    outer loop
      vertex 23.690018571913242 44.45722319930792 0.901
      vertex 48.147492215037346 46.12459193170071 0.901
      vertex 23.598540529608727 44.75518732517958 0.901
    endloop
  endfacet
  facet normal 0 0 1
    outer loop
      vertex 30.712971329689026 35.64953187853098 0.901
      vertex 47.7211841493845 44.26829628646374 0.901
      vertex 29.791947104036808 37.096701845526695 0.901
    endloop
  endfacet
  facet normal 0 0 1
    outer loop
      vertex 29.791947104036808 37.096701845526695 0.901
      vertex 47.7211841493845 44.26829628646374 0.901
      vertex 29.224783182144165 38.666972763836384 0.901
    endloop
  endfacet
  facet normal 0 0 1
    outer loop
      vertex 28.140072099864483 40.05279678106308 0.901
      vertex 28.67599318176508 39.618226148188114 0.901
      vertex 48.147492215037346 46.12459193170071 0.901
    endloop
  endfacet
  facet normal 0 0 1
    outer loop
      vertex 28.67599318176508 39.618226148188114 0.901
      vertex 29.14209621399641 39.372061893343925 0.901
      vertex 48.147492215037346 46.12459193170071 0.901
    endloop
  endfacet
  facet normal 0 0 1
    outer loop
      vertex 29.224783182144165 38.666972763836384 0.901
      vertex 47.7211841493845 44.26829628646374 0.901
      vertex 29.14209621399641 39.372061893343925 0.901
    endloop
  endfacet
  facet normal 0 0 1
    outer loop
      vertex 23.598540529608727 44.75518732517958 0.901
      vertex 48.147492215037346 46.12459193170071 0.901
      vertex 31.964594580233097 46.22728601843119 0.901
    endloop
  endfacet
  facet normal 0.955962092601975 0.29349016594777577 0
    outer loop
      vertex 23.690018571913242 44.45722319930792 0.901
      vertex 23.598540529608727 44.75518732517958 1.5
      vertex 23.690018571913242 44.45722319930792 1.5
    endloop
  endfacet
  facet normal 0.7692580151388254 0.6389382647366447 0
    outer loop
      vertex 24.038488633930683 43.94192432612181 0.901
      vertex 23.83857087790966 44.18261790275574 1.5
      vertex 24.038488633930683 43.94192432612181 1.5
    endloop
  endfacet
  facet normal 0.8795496894589642 0.4758070446858051 0
    outer loop
      vertex 23.83857087790966 44.18261790275574 0.901
      vertex 23.690018571913242 44.45722319930792 1.5
      vertex 23.83857087790966 44.18261790275574 1.5
    endloop
  endfacet
  facet normal 0.6880631658221108 0.725650797449334 0
    outer loop
      vertex 28.140072099864483 40.05279678106308 0.901
      vertex 24.038488633930683 43.94192432612181 1.5
      vertex 28.140072099864483 40.05279678106308 1.5
    endloop
  endfacet
  facet normal 0.9931938021202896 0.1164734795129037 0
    outer loop
      vertex 29.14209621399641 39.372061893343925 0.901
      vertex 29.14209621399641 39.372061893343925 1.5
      vertex 29.224783182144165 38.666972763836384 1.5
    endloop
  endfacet
  facet normal 0.4670040715767912 0.884255165170495 0
    outer loop
      vertex 29.14209621399641 39.372061893343925 0.901
      vertex 28.67599318176508 39.618226148188114 1.5
      vertex 29.14209621399641 39.372061893343925 1.5
    endloop
  endfacet
  facet normal 0.6298369585950274 0.776727368893208 0
    outer loop
      vertex 28.67599318176508 39.618226148188114 0.901
      vertex 28.140072099864483 40.05279678106308 1.5
      vertex 28.67599318176508 39.618226148188114 1.5
    endloop
  endfacet
  facet normal 0.7152256683535637 0.6988935851245153 0
    outer loop
      vertex 31.952461421489716 34.38107678294182 0.901
      vertex 30.712971329689026 35.64953187853098 1.5
      vertex 31.952461421489716 34.38107678294182 1.5
    endloop
  endfacet
  facet normal 0.5675083407672519 0.8233676476274744 0
    outer loop
      vertex 33.462784476578236 33.340082600712776 0.901
      vertex 31.952461421489716 34.38107678294182 1.5
      vertex 33.462784476578236 33.340082600712776 1.5
    endloop
  endfacet
  facet normal 0.8436356412784608 0.5369161058905575 0
    outer loop
      vertex 30.712971329689026 35.64953187853098 0.901
      vertex 29.791947104036808 37.096701845526695 1.5
      vertex 30.712971329689026 35.64953187853098 1.5
    endloop
  endfacet
  facet normal 0.9405306217253219 0.33970891892468674 0
    outer loop
      vertex 29.791947104036808 37.096701845526695 0.901
      vertex 29.224783182144165 38.666972763836384 1.5
      vertex 29.791947104036808 37.096701845526695 1.5
    endloop
  endfacet
  facet normal 0.4095396978000629 0.9122922974166959 0
    outer loop
      vertex 34.981159418821335 32.65846464037895 0.901
      vertex 33.462784476578236 33.340082600712776 1.5
      vertex 34.981159418821335 32.65846464037895 1.5
    endloop
  endfacet
  facet normal 0.08243713277441606 0.9965962668703577 0
    outer loop
      vertex 39 31.929378516972065 0.901
      vertex 37.39246376603842 32.06235180050135 1.5
      vertex 39 31.929378516972065 1.5
    endloop
  endfacet
  facet normal 0 0 1
    outer loop
      vertex 22.312511548399925 52.06161214411259 0.901
      vertex 22.312511548399925 52.68135683238506 0.901
      vertex 22.28162318468094 52.371484488248825 0.901
    endloop
  endfacet
  facet normal 0 0 1
    outer loop
      vertex 22.312511548399925 52.06161214411259 0.901
      vertex 22.40398959070444 52.97932095825672 0.901
      vertex 22.312511548399925 52.68135683238506 0.901
    endloop
  endfacet
  facet normal 0 0 1
    outer loop
      vertex 22.312511548399925 52.06161214411259 0.901
      vertex 22.55254189670086 53.2539262548089 0.901
      vertex 22.40398959070444 52.97932095825672 0.901
    endloop
  endfacet
  facet normal 0 0 1
    outer loop
      vertex 22.312511548399925 52.06161214411259 0.901
      vertex 22.7524596452713 53.49461981654167 0.901
      vertex 22.55254189670086 53.2539262548089 0.901
    endloop
  endfacet
  facet normal 0 0 1
    outer loop
      vertex 22.312511548399925 52.06161214411259 0.901
      vertex 22.996060132980347 53.69215192645788 0.901
      vertex 22.7524596452713 53.49461981654167 0.901
    endloop
  endfacet
  facet normal 0 0 1
    outer loop
      vertex 22.312511548399925 52.06161214411259 0.901
      vertex 23.27398193627596 53.838931523263454 0.901
      vertex 22.996060132980347 53.69215192645788 0.901
    endloop
  endfacet
  facet normal 0 0 1
    outer loop
      vertex 22.312511548399925 52.06161214411259 0.901
      vertex 23.57554465532303 53.92931795120239 0.901
      vertex 23.27398193627596 53.838931523263454 0.901
    endloop
  endfacet
  facet normal 0 0 1
    outer loop
      vertex 22.312511548399925 52.06161214411259 0.901
      vertex 24.504336901009083 53.838931523263454 0.901
      vertex 24.202774181962013 53.92931795120239 0.901
    endloop
  endfacet
  facet normal 0 0 1
    outer loop
      vertex 22.312511548399925 52.06161214411259 0.901
      vertex 24.782258696854115 53.69215192645788 0.901
      vertex 24.504336901009083 53.838931523263454 0.901
    endloop
  endfacet
  facet normal 0 0 1
    outer loop
      vertex 22.312511548399925 52.06161214411259 0.901
      vertex 25.02585918456316 53.49461981654167 0.901
      vertex 24.782258696854115 53.69215192645788 0.901
    endloop
  endfacet
  facet normal 0 0 1
    outer loop
      vertex 22.312511548399925 52.06161214411259 0.901
      vertex 23.88915941864252 53.95983771234751 0.901
      vertex 23.57554465532303 53.92931795120239 0.901
    endloop
  endfacet
  facet normal 0 0 1
    outer loop
      vertex 22.312511548399925 52.06161214411259 0.901
      vertex 24.202774181962013 53.92931795120239 0.901
      vertex 23.88915941864252 53.95983771234751 0.901
    endloop
  endfacet
  facet normal 0 0 1
    outer loop
      vertex 23.598540529608727 44.75518732517958 0.901
      vertex 31.964594580233097 46.22728601843119 0.901
      vertex 22.312511548399925 52.06161214411259 0.901
    endloop
  endfacet
  facet normal 0 0 1
    outer loop
      vertex 22.312511548399925 52.06161214411259 0.901
      vertex 31.964594580233097 46.22728601843119 0.901
      vertex 25.02585918456316 53.49461981654167 0.901
    endloop
  endfacet
  facet normal 0.9848605139972946 0.17334868897394312 1.998679693906232e-16
    outer loop
      vertex 23.598540529608727 44.75518732517958 0.901
      vertex 22.312511548399925 52.06161214411259 0.901
      vertex 22.312511548399925 52.06161214411259 1.5
    endloop
  endfacet
  facet normal 0.9950685757677936 0.09918936192684599 0
    outer loop
      vertex 22.312511548399925 52.06161214411259 0.901
      vertex 22.28162318468094 52.371484488248825 0.901
      vertex 22.28162318468094 52.371484488248825 1.5
    endloop
  endfacet
  facet normal 0.9950685757677936 -0.09918936192684599 0
    outer loop
      vertex 22.28162318468094 52.371484488248825 0.901
      vertex 22.312511548399925 52.68135683238506 0.901
      vertex 22.312511548399925 52.68135683238506 1.5
    endloop
  endfacet
  facet normal 0.955962092601975 -0.29349016594777577 0
    outer loop
      vertex 22.312511548399925 52.68135683238506 0.901
      vertex 22.40398959070444 52.97932095825672 0.901
      vertex 22.40398959070444 52.97932095825672 1.5
    endloop
  endfacet
  facet normal 0.8795496894589642 -0.4758070446858051 0
    outer loop
      vertex 22.40398959070444 52.97932095825672 0.901
      vertex 22.55254189670086 53.2539262548089 0.901
      vertex 22.55254189670086 53.2539262548089 1.5
    endloop
  endfacet
  facet normal 0.7692580074004689 -0.6389382740533393 0
    outer loop
      vertex 22.55254189670086 53.2539262548089 0.901
      vertex 22.7524596452713 53.49461981654167 0.901
      vertex 22.7524596452713 53.49461981654167 1.5
    endloop
  endfacet
  facet normal 0.6298369727519004 -0.776727357413605 0
    outer loop
      vertex 22.7524596452713 53.49461981654167 0.901
      vertex 22.996060132980347 53.69215192645788 0.901
      vertex 22.996060132980347 53.69215192645788 1.5
    endloop
  endfacet
  facet normal 0.4670040797299189 -0.8842551608645615 0
    outer loop
      vertex 22.996060132980347 53.69215192645788 0.901
      vertex 23.27398193627596 53.838931523263454 0.901
      vertex 23.27398193627596 53.838931523263454 1.5
    endloop
  endfacet
  facet normal 0.28710778435536566 -0.9578982827850527 0
    outer loop
      vertex 23.27398193627596 53.838931523263454 0.901
      vertex 23.57554465532303 53.92931795120239 0.901
      vertex 23.57554465532303 53.92931795120239 1.5
    endloop
  endfacet
  facet normal 0.09685852089420374 -0.9952981598145287 0
    outer loop
      vertex 23.57554465532303 53.92931795120239 0.901
      vertex 23.88915941864252 53.95983771234751 0.901
      vertex 23.88915941864252 53.95983771234751 1.5
    endloop
  endfacet
  facet normal -0.09685852089420374 -0.9952981598145287 0
    outer loop
      vertex 23.88915941864252 53.95983771234751 0.901
      vertex 24.202774181962013 53.92931795120239 0.901
      vertex 24.202774181962013 53.92931795120239 1.5
    endloop
  endfacet
  facet normal -0.46700408951903294 -0.8842551556946099 0
    outer loop
      vertex 24.504336901009083 53.838931523263454 0.901
      vertex 24.782258696854115 53.69215192645788 0.901
      vertex 24.782258696854115 53.69215192645788 1.5
    endloop
  endfacet
  facet normal -0.6298369727519004 -0.776727357413605 0
    outer loop
      vertex 25.02585918456316 53.49461981654167 0.901
      vertex 25.02585918456316 53.49461981654167 1.5
      vertex 24.782258696854115 53.69215192645788 0.901
    endloop
  endfacet
  facet normal -0.28710778435536566 -0.9578982827850527 0
    outer loop
      vertex 24.202774181962013 53.92931795120239 0.901
      vertex 24.504336901009083 53.838931523263454 0.901
      vertex 24.504336901009083 53.838931523263454 1.5
    endloop
  endfacet
  facet normal -0.7232692977298297 -0.6905660887716678 0
    outer loop
      vertex 25.02585918456316 53.49461981654167 0.901
      vertex 31.964594580233097 46.22728601843119 0.901
      vertex 25.02585918456316 53.49461981654167 1.5
    endloop
  endfacet
  facet normal 0 0 1
    outer loop
      vertex 31.964594580233097 46.22728601843119 0.901
      vertex 48.147492215037346 46.12459193170071 0.901
      vertex 33.462784476578236 47.25991739332676 0.901
    endloop
  endfacet
  facet normal 0 0 1
    outer loop
      vertex 33.462784476578236 47.25991739332676 0.901
      vertex 48.147492215037346 46.12459193170071 0.901
      vertex 35.1858996078372 48.03344585746527 0.901
    endloop
  endfacet
  facet normal 0.5675083424799736 -0.8233676464469765 0
    outer loop
      vertex 31.964594580233097 46.22728601843119 0.901
      vertex 33.462784476578236 47.25991739332676 0.901
      vertex 33.462784476578236 47.25991739332676 1.5
    endloop
  endfacet
  facet normal 0.4095397024058351 -0.9122922953491058 -9.81302981536014e-17
    outer loop
      vertex 33.462784476578236 47.25991739332676 0.901
      vertex 35.1858996078372 48.03344585746527 0.901
      vertex 35.1858996078372 48.03344585746527 1.5
    endloop
  endfacet
  facet normal 0.24688160373814702 -0.9690456510070515 0
    outer loop
      vertex 35.1858996078372 48.03344585746527 0.901
      vertex 37.055588476359844 48.5097823292017 0.901
      vertex 37.055588476359844 48.5097823292017 1.5
    endloop
  endfacet
  facet normal 0.08243712808141178 -0.9965962672585569 0
    outer loop
      vertex 37.055588476359844 48.5097823292017 0.901
      vertex 39 48.67062148451805 0.901
      vertex 39 48.67062148451805 1.5
    endloop
  endfacet
  facet normal 0.9848605139972946 0.17334868897394312 0
    outer loop
      vertex 23.598540529608727 44.75518732517958 0.901
      vertex 22.312511548399925 52.06161214411259 1.5
      vertex 23.598540529608727 44.75518732517958 1.5
    endloop
  endfacet
  facet normal 0.9950685757677936 0.09918936192684599 0
    outer loop
      vertex 22.312511548399925 52.06161214411259 0.901
      vertex 22.28162318468094 52.371484488248825 1.5
      vertex 22.312511548399925 52.06161214411259 1.5
    endloop
  endfacet
  facet normal 0.9950685757677936 -0.09918936192684599 0
    outer loop
      vertex 22.28162318468094 52.371484488248825 0.901
      vertex 22.312511548399925 52.68135683238506 1.5
      vertex 22.28162318468094 52.371484488248825 1.5
    endloop
  endfacet
  facet normal 0.955962092601975 -0.29349016594777577 0
    outer loop
      vertex 22.312511548399925 52.68135683238506 0.901
      vertex 22.40398959070444 52.97932095825672 1.5
      vertex 22.312511548399925 52.68135683238506 1.5
    endloop
  endfacet
  facet normal 0.8795496894589642 -0.4758070446858051 0
    outer loop
      vertex 22.40398959070444 52.97932095825672 0.901
      vertex 22.55254189670086 53.2539262548089 1.5
      vertex 22.40398959070444 52.97932095825672 1.5
    endloop
  endfacet
  facet normal 0.7692580074004689 -0.6389382740533393 0
    outer loop
      vertex 22.55254189670086 53.2539262548089 0.901
      vertex 22.7524596452713 53.49461981654167 1.5
      vertex 22.55254189670086 53.2539262548089 1.5
    endloop
  endfacet
  facet normal 0.6298369727519004 -0.776727357413605 0
    outer loop
      vertex 22.7524596452713 53.49461981654167 0.901
      vertex 22.996060132980347 53.69215192645788 1.5
      vertex 22.7524596452713 53.49461981654167 1.5
    endloop
  endfacet
  facet normal 0.4670040797299189 -0.8842551608645615 0
    outer loop
      vertex 22.996060132980347 53.69215192645788 0.901
      vertex 23.27398193627596 53.838931523263454 1.5
      vertex 22.996060132980347 53.69215192645788 1.5
    endloop
  endfacet
  facet normal 0.28710778435536566 -0.9578982827850527 0
    outer loop
      vertex 23.27398193627596 53.838931523263454 0.901
      vertex 23.57554465532303 53.92931795120239 1.5
      vertex 23.27398193627596 53.838931523263454 1.5
    endloop
  endfacet
  facet normal 0.09685852089420374 -0.9952981598145287 0
    outer loop
      vertex 23.57554465532303 53.92931795120239 0.901
      vertex 23.88915941864252 53.95983771234751 1.5
      vertex 23.57554465532303 53.92931795120239 1.5
    endloop
  endfacet
  facet normal -0.09685852089420374 -0.9952981598145287 0
    outer loop
      vertex 23.88915941864252 53.95983771234751 0.901
      vertex 24.202774181962013 53.92931795120239 1.5
      vertex 23.88915941864252 53.95983771234751 1.5
    endloop
  endfacet
  facet normal -0.28710778435536566 -0.9578982827850527 0
    outer loop
      vertex 24.202774181962013 53.92931795120239 0.901
      vertex 24.504336901009083 53.838931523263454 1.5
      vertex 24.202774181962013 53.92931795120239 1.5
    endloop
  endfacet
  facet normal -0.6298369727519004 -0.776727357413605 0
    outer loop
      vertex 24.782258696854115 53.69215192645788 0.901
      vertex 25.02585918456316 53.49461981654167 1.5
      vertex 24.782258696854115 53.69215192645788 1.5
    endloop
  endfacet
  facet normal -0.46700408951903294 -0.8842551556946099 0
    outer loop
      vertex 24.504336901009083 53.838931523263454 0.901
      vertex 24.782258696854115 53.69215192645788 1.5
      vertex 24.504336901009083 53.838931523263454 1.5
    endloop
  endfacet
  facet normal -0.7232692977298297 -0.6905660887716678 0
    outer loop
      vertex 31.964594580233097 46.22728601843119 0.901
      vertex 31.964594580233097 46.22728601843119 1.5
      vertex 25.02585918456316 53.49461981654167 1.5
    endloop
  endfacet
  facet normal 0.5675083424799736 -0.8233676464469765 0
    outer loop
      vertex 31.964594580233097 46.22728601843119 0.901
      vertex 33.462784476578236 47.25991739332676 1.5
      vertex 31.964594580233097 46.22728601843119 1.5
    endloop
  endfacet
  facet normal 0.4095397024058351 -0.9122922953491058 0
    outer loop
      vertex 33.462784476578236 47.25991739332676 0.901
      vertex 35.1858996078372 48.03344585746527 1.5
      vertex 33.462784476578236 47.25991739332676 1.5
    endloop
  endfacet
  facet normal 0.24688160373814702 -0.9690456510070515 0
    outer loop
      vertex 35.1858996078372 48.03344585746527 0.901
      vertex 37.055588476359844 48.5097823292017 1.5
      vertex 35.1858996078372 48.03344585746527 1.5
    endloop
  endfacet
  facet normal 0.08243712808141178 -0.9965962672585569 0
    outer loop
      vertex 37.055588476359844 48.5097823292017 0.901
      vertex 39 48.67062148451805 1.5
      vertex 37.055588476359844 48.5097823292017 1.5
    endloop
  endfacet
  facet normal 0 0 1
    outer loop
      vertex 38.67512820661068 8.063760682940483 0.901
      vertex 39.64424330741167 8.12867122143507 0.901
      vertex 39.14539258927107 9.852294586598873 0.901
    endloop
  endfacet
  facet normal 0 0 1
    outer loop
      vertex 39.64424330741167 8.12867122143507 0.901
      vertex 39.54489515721798 9.95293902605772 0.901
      vertex 39.14539258927107 9.852294586598873 0.901
    endloop
  endfacet
  facet normal 0 0 1
    outer loop
      vertex 39.64424330741167 8.12867122143507 0.901
      vertex 40.47974814474583 8.323402844369411 0.901
      vertex 39.54489515721798 9.95293902605772 0.901
    endloop
  endfacet
  facet normal 0 0 1
    outer loop
      vertex 40.47974814474583 8.323402844369411 0.901
      vertex 39.87353618443012 10.120679765939713 0.901
      vertex 39.54489515721798 9.95293902605772 0.901
    endloop
  endfacet
  facet normal 0 0 1
    outer loop
      vertex 40.47974814474583 8.323402844369411 0.901
      vertex 41.18164273351431 8.647955551743507 0.901
      vertex 39.87353618443012 10.120679765939713 0.901
    endloop
  endfacet
  facet normal 0 0 1
    outer loop
      vertex 41.18164273351431 8.647955551743507 0.901
      vertex 41.74992706626654 9.102329343557358 0.901
      vertex 40.1313156709075 10.35551680624485 0.901
    endloop
  endfacet
  facet normal 0 0 1
    outer loop
      vertex 41.18164273351431 8.647955551743507 0.901
      vertex 40.1313156709075 10.35551680624485 0.901
      vertex 39.87353618443012 10.120679765939713 0.901
    endloop
  endfacet
  facet normal 0 0 1
    outer loop
      vertex 40.1313156709075 10.35551680624485 0.901
      vertex 41.74992706626654 9.102329343557358 0.901
      vertex 40.318233616650105 10.657450139522552 0.901
    endloop
  endfacet
  facet normal 0 0 1
    outer loop
      vertex 40.318233616650105 10.657450139522552 0.901
      vertex 41.74992706626654 9.102329343557358 0.901
      vertex 42.18460114300251 9.686524212360382 0.901
    endloop
  endfacet
  facet normal 0 0 1
    outer loop
      vertex 40.318233616650105 10.657450139522552 0.901
      vertex 42.36229344457388 10.068963527679443 0.901
      vertex 40.405859261751175 10.869053557515144 0.901
    endloop
  endfacet
  facet normal 0 0 1
    outer loop
      vertex 40.405859261751175 10.869053557515144 0.901
      vertex 42.500498577952385 10.50766609609127 0.901
      vertex 40.4740125387907 11.12502621114254 0.901
    endloop
  endfacet
  facet normal 0 0 1
    outer loop
      vertex 40.4740125387907 11.12502621114254 0.901
      vertex 42.599216520786285 11.002631902694702 0.901
      vertex 40.52269344776869 11.425368085503578 0.901
    endloop
  endfacet
  facet normal 0 0 1
    outer loop
      vertex 40.52269344776869 11.425368085503578 0.901
      vertex 42.65844729542732 11.5538609623909 0.901
      vertex 40.55190199613571 11.77007920295 0.901
    endloop
  endfacet
  facet normal 0 0 1
    outer loop
      vertex 40.318233616650105 10.657450139522552 0.901
      vertex 42.18460114300251 9.686524212360382 0.901
      vertex 42.36229344457388 10.068963527679443 0.901
    endloop
  endfacet
  facet normal 0 0 1
    outer loop
      vertex 40.405859261751175 10.869053557515144 0.901
      vertex 42.36229344457388 10.068963527679443 0.901
      vertex 42.500498577952385 10.50766609609127 0.901
    endloop
  endfacet
  facet normal 0 0 1
    outer loop
      vertex 40.4740125387907 11.12502621114254 0.901
      vertex 42.500498577952385 10.50766609609127 0.901
      vertex 42.599216520786285 11.002631902694702 0.901
    endloop
  endfacet
  facet normal 0 0 1
    outer loop
      vertex 42.599216520786285 11.002631902694702 0.901
      vertex 42.65844729542732 11.5538609623909 0.901
      vertex 40.52269344776869 11.425368085503578 0.901
    endloop
  endfacet
  facet normal 0 0 1
    outer loop
      vertex 40.55190199613571 11.77007920295 0.901
      vertex 42.678190879523754 12.161353275179863 0.901
      vertex 40.56163817644119 12.159159541130066 0.901
    endloop
  endfacet
  facet normal 0 0 1
    outer loop
      vertex 40.56163817644119 12.159159541130066 0.901
      vertex 42.678190879523754 12.161353275179863 0.901
      vertex 40.56163817644119 18.287350423634052 0.901
    endloop
  endfacet
  facet normal 0 0 1
    outer loop
      vertex 40.55190199613571 11.77007920295 0.901
      vertex 42.65844729542732 11.5538609623909 0.901
      vertex 42.678190879523754 12.161353275179863 0.901
    endloop
  endfacet
  facet normal 0 0 1
    outer loop
      vertex 44.72763532400131 8.319031335413456 0.901
      vertex 46.76301994174719 10.11230769008398 0.901
      vertex 46.76301994174719 12.671396009624004 0.901
    endloop
  endfacet
  facet normal 0 0 1
    outer loop
      vertex 44.72763532400131 8.319031335413456 0.901
      vertex 52.28075498342514 8.319031335413456 0.901
      vertex 46.76301994174719 10.11230769008398 0.901
    endloop
  endfacet
  facet normal 0 0 1
    outer loop
      vertex 44.72763532400131 8.319031335413456 0.901
      vertex 46.76301994174719 12.671396009624004 0.901
      vertex 46.76301994174719 14.40085469931364 0.901
    endloop
  endfacet
  facet normal 0 0 1
    outer loop
      vertex 44.72763532400131 8.319031335413456 0.901
      vertex 46.76301994174719 14.40085469931364 0.901
      vertex 44.72763532400131 18.287350423634052 0.901
    endloop
  endfacet
  facet normal 0 0 1
    outer loop
      vertex 46.76301994174719 12.671396009624004 0.901
      vertex 51.60448718070984 14.40085469931364 0.901
      vertex 46.76301994174719 14.40085469931364 0.901
    endloop
  endfacet
  facet normal -0.2269869549926173 0.9738977986745732 0
    outer loop
      vertex 39.64424330741167 8.12867122143507 0.901
      vertex 39.64424330741167 8.12867122143507 1.5
      vertex 40.47974814474583 8.323402844369411 0.901
    endloop
  endfacet
  facet normal -0.4196991634668116 0.9076632702634047 0
    outer loop
      vertex 40.47974814474583 8.323402844369411 0.901
      vertex 40.47974814474583 8.323402844369411 1.5
      vertex 41.18164273351431 8.647955551743507 0.901
    endloop
  endfacet
  facet normal -0.6244824359233995 0.7810388512892156 0
    outer loop
      vertex 41.18164273351431 8.647955551743507 0.901
      vertex 41.18164273351431 8.647955551743507 1.5
      vertex 41.74992706626654 9.102329343557358 0.901
    endloop
  endfacet
  facet normal 0.2442915395106898 -0.9697018323812207 0
    outer loop
      vertex 39.14539258927107 9.852294586598873 0.901
      vertex 39.54489515721798 9.95293902605772 0.901
      vertex 39.54489515721798 9.95293902605772 1.5
    endloop
  endfacet
  facet normal 0.45461386994115566 -0.8906886264330122 0
    outer loop
      vertex 39.54489515721798 9.95293902605772 0.901
      vertex 39.87353618443012 10.120679765939713 0.901
      vertex 39.87353618443012 10.120679765939713 1.5
    endloop
  endfacet
  facet normal 0.6734450014687056 -0.7392373299535239 0
    outer loop
      vertex 39.87353618443012 10.120679765939713 0.901
      vertex 40.1313156709075 10.35551680624485 0.901
      vertex 40.1313156709075 10.35551680624485 1.5
    endloop
  endfacet
  facet normal 0.8502565328883303 -0.5263685289611412 0
    outer loop
      vertex 40.1313156709075 10.35551680624485 0.901
      vertex 40.318233616650105 10.657450139522552 0.901
      vertex 40.318233616650105 10.657450139522552 1.5
    endloop
  endfacet
  facet normal 0.9239155901187651 -0.38259636999780067 0
    outer loop
      vertex 40.318233616650105 10.657450139522552 0.901
      vertex 40.405859261751175 10.869053557515144 0.901
      vertex 40.405859261751175 10.869053557515144 1.5
    endloop
  endfacet
  facet normal 0.9663345849603198 -0.2572886898205336 0
    outer loop
      vertex 40.405859261751175 10.869053557515144 0.901
      vertex 40.4740125387907 11.12502621114254 0.901
      vertex 40.4740125387907 11.12502621114254 1.5
    endloop
  endfacet
  facet normal 0.9871175119979018 -0.1599969296801426 0
    outer loop
      vertex 40.4740125387907 11.12502621114254 0.901
      vertex 40.52269344776869 11.425368085503578 0.901
      vertex 40.52269344776869 11.425368085503578 1.5
    endloop
  endfacet
  facet normal -0.8022829388920611 0.596943955462083 0
    outer loop
      vertex 41.74992706626654 9.102329343557358 0.901
      vertex 41.74992706626654 9.102329343557358 1.5
      vertex 42.18460114300251 9.686524212360382 0.901
    endloop
  endfacet
  facet normal -0.9068901076088153 0.42136721837522134 0
    outer loop
      vertex 42.18460114300251 9.686524212360382 0.901
      vertex 42.18460114300251 9.686524212360382 1.5
      vertex 42.36229344457388 10.068963527679443 0.901
    endloop
  endfacet
  facet normal -0.9537900323820938 0.30047391588716044 0
    outer loop
      vertex 42.36229344457388 10.068963527679443 0.901
      vertex 42.36229344457388 10.068963527679443 1.5
      vertex 42.500498577952385 10.50766609609127 0.901
    endloop
  endfacet
  facet normal -0.980685400079231 0.19559178426365081 0
    outer loop
      vertex 42.500498577952385 10.50766609609127 0.901
      vertex 42.500498577952385 10.50766609609127 1.5
      vertex 42.599216520786285 11.002631902694702 0.901
    endloop
  endfacet
  facet normal -0.9942765273510191 0.10683719932120138 0
    outer loop
      vertex 42.599216520786285 11.002631902694702 0.901
      vertex 42.599216520786285 11.002631902694702 1.5
      vertex 42.65844729542732 11.5538609623909 0.901
    endloop
  endfacet
  facet normal 0.9964293405053317 -0.08443085561635495 0
    outer loop
      vertex 40.52269344776869 11.425368085503578 0.901
      vertex 40.55190199613571 11.77007920295 0.901
      vertex 40.55190199613571 11.77007920295 1.5
    endloop
  endfacet
  facet normal 0.9996870573542554 -0.02501574221145107 0
    outer loop
      vertex 40.55190199613571 11.77007920295 0.901
      vertex 40.56163817644119 12.159159541130066 0.901
      vertex 40.56163817644119 12.159159541130066 1.5
    endloop
  endfacet
  facet normal -0.999472288523021 0.032482987463517826 0
    outer loop
      vertex 42.65844729542732 11.5538609623909 0.901
      vertex 42.65844729542732 11.5538609623909 1.5
      vertex 42.678190879523754 12.161353275179863 0.901
    endloop
  endfacet
  facet normal -1 0 0
    outer loop
      vertex 42.678190879523754 12.161353275179863 0.901
      vertex 42.678190879523754 12.161353275179863 1.5
      vertex 42.678190879523754 18.287350423634052 0.901
    endloop
  endfacet
  facet normal 0 1 0
    outer loop
      vertex 44.72763532400131 8.319031335413456 0.901
      vertex 44.72763532400131 8.319031335413456 1.5
      vertex 52.28075498342514 8.319031335413456 0.901
    endloop
  endfacet
  facet normal -1 0 0
    outer loop
      vertex 46.76301994174719 10.11230769008398 0.901
      vertex 46.76301994174719 10.11230769008398 1.5
      vertex 46.76301994174719 12.671396009624004 0.901
    endloop
  endfacet
  facet normal 1 0 0
    outer loop
      vertex 44.72763532400131 8.319031335413456 0.901
      vertex 44.72763532400131 18.287350423634052 0.901
      vertex 44.72763532400131 18.287350423634052 1.5
    endloop
  endfacet
  facet normal 0 1 0
    outer loop
      vertex 46.76301994174719 12.671396009624004 0.901
      vertex 46.76301994174719 12.671396009624004 1.5
      vertex 51.60448718070984 12.671396009624004 0.901
    endloop
  endfacet
  facet normal -1 0 0
    outer loop
      vertex 46.76301994174719 14.40085469931364 0.901
      vertex 46.76301994174719 14.40085469931364 1.5
      vertex 46.76301994174719 16.519601136446 0.901
    endloop
  endfacet
  facet normal 0 0 1
    outer loop
      vertex 46.76301994174719 10.11230769008398 0.901
      vertex 52.28075498342514 8.319031335413456 0.901
      vertex 52.28075498342514 10.11230769008398 0.901
    endloop
  endfacet
  facet normal 0 0 1
    outer loop
      vertex 46.76301994174719 12.671396009624004 0.901
      vertex 51.60448718070984 12.671396009624004 0.901
      vertex 51.60448718070984 14.40085469931364 0.901
    endloop
  endfacet
  facet normal 0 0 1
    outer loop
      vertex 54.74262107908726 9.429757833480835 0.901
      vertex 55.27709002792835 8.935701422393322 0.901
      vertex 56.39260683953762 10.576581194996834 0.901
    endloop
  endfacet
  facet normal 0 0 1
    outer loop
      vertex 55.86890712380409 8.551435321569443 0.901
      vertex 56.737202279269695 10.30146324634552 0.901
      vertex 55.27709002792835 8.935701422393322 0.901
    endloop
  endfacet
  facet normal 0 0 1
    outer loop
      vertex 54.2679492905736 10.021945863962173 0.901
      vertex 55.85596410185099 11.360086604952812 0.901
      vertex 53.89876011759043 10.695262104272842 0.901
    endloop
  endfacet
  facet normal 0 0 1
    outer loop
      vertex 53.89876011759043 10.695262104272842 0.901
      vertex 55.68826324492693 11.880878627300262 0.901
      vertex 53.63505356013775 11.449706546962261 0.901
    endloop
  endfacet
  facet normal 0 0 1
    outer loop
      vertex 54.74262107908726 9.429757833480835 0.901
      vertex 56.09074530005455 10.92532079666853 0.901
      vertex 54.2679492905736 10.021945863962173 0.901
    endloop
  endfacet
  facet normal 0 0 1
    outer loop
      vertex 54.74262107908726 9.429757833480835 0.901
      vertex 56.39260683953762 10.576581194996834 0.901
      vertex 56.09074530005455 10.92532079666853 0.901
    endloop
  endfacet
  facet normal 0 0 1
    outer loop
      vertex 54.2679492905736 10.021945863962173 0.901
      vertex 56.09074530005455 10.92532079666853 0.901
      vertex 55.85596410185099 11.360086604952812 0.901
    endloop
  endfacet
  facet normal 0 0 1
    outer loop
      vertex 53.89876011759043 10.695262104272842 0.901
      vertex 55.85596410185099 11.360086604952812 0.901
      vertex 55.68826324492693 11.880878627300262 0.901
    endloop
  endfacet
  facet normal 0 0 1
    outer loop
      vertex 55.86890712380409 8.551435321569443 0.901
      vertex 56.51807236671448 8.276959538459778 0.901
      vertex 57.10018518567085 10.087482616305351 0.901
    endloop
  endfacet
  facet normal 0 0 1
    outer loop
      vertex 55.86890712380409 8.551435321569443 0.901
      vertex 57.10018518567085 10.087482616305351 0.901
      vertex 56.737202279269695 10.30146324634552 0.901
    endloop
  endfacet
  facet normal 0 0 1
    outer loop
      vertex 56.51807236671448 8.276959538459778 0.901
      vertex 57.22458575665951 8.112274073064327 0.901
      vertex 57.48155555874109 9.934639312326908 0.901
    endloop
  endfacet
  facet normal 0 0 1
    outer loop
      vertex 56.51807236671448 8.276959538459778 0.901
      vertex 57.48155555874109 9.934639312326908 0.901
      vertex 57.10018518567085 10.087482616305351 0.901
    endloop
  endfacet
  facet normal 0 0 1
    outer loop
      vertex 57.22458575665951 8.112274073064327 0.901
      vertex 57.98844729363918 8.05737891793251 0.901
      vertex 57.881313391029835 9.84293332695961 0.901
    endloop
  endfacet
  facet normal 0 0 1
    outer loop
      vertex 57.98844729363918 8.05737891793251 0.901
      vertex 58.454727068543434 8.077629059553146 0.901
      vertex 58.29945868998766 9.812364667654037 0.901
    endloop
  endfacet
  facet normal 0 0 1
    outer loop
      vertex 57.22458575665951 8.112274073064327 0.901
      vertex 57.881313391029835 9.84293332695961 0.901
      vertex 57.48155555874109 9.934639312326908 0.901
    endloop
  endfacet
  facet normal 0 0 1
    outer loop
      vertex 57.98844729363918 8.05737891793251 0.901
      vertex 58.29945868998766 9.812364667654037 0.901
      vertex 57.881313391029835 9.84293332695961 0.901
    endloop
  endfacet
  facet normal 0 0 1
    outer loop
      vertex 58.454727068543434 8.077629059553146 0.901
      vertex 58.70355213433504 9.836551561951637 0.901
      vertex 58.29945868998766 9.812364667654037 0.901
    endloop
  endfacet
  facet normal 0 0 1
    outer loop
      vertex 55.27709002792835 8.935701422393322 0.901
      vertex 56.737202279269695 10.30146324634552 0.901
      vertex 56.39260683953762 10.576581194996834 0.901
    endloop
  endfacet
  facet normal 0 0 1
    outer loop
      vertex 53.63505356013775 11.449706546962261 0.901
      vertex 55.58764273673296 12.48769686371088 0.901
      vertex 53.47682963311672 12.28527919948101 0.901
    endloop
  endfacet
  facet normal 0 0 1
    outer loop
      vertex 53.47682963311672 12.28527919948101 0.901
      vertex 55.554102562367916 13.180541306734085 0.901
      vertex 53.424088321626186 13.20198005437851 0.901
    endloop
  endfacet
  facet normal 0 0 1
    outer loop
      vertex 53.63505356013775 11.449706546962261 0.901
      vertex 55.68826324492693 11.880878627300262 0.901
      vertex 55.58764273673296 12.48769686371088 0.901
    endloop
  endfacet
  facet normal 0 0 1
    outer loop
      vertex 53.47682963311672 12.28527919948101 0.901
      vertex 55.58764273673296 12.48769686371088 0.901
      vertex 55.554102562367916 13.180541306734085 0.901
    endloop
  endfacet
  facet normal 0 0 1
    outer loop
      vertex 53.424088321626186 13.20198005437851 0.901
      vertex 55.554102562367916 13.180541306734085 0.901
      vertex 55.585070088505745 13.874315097928047 0.901
    endloop
  endfacet
  facet normal 0 0 1
    outer loop
      vertex 53.424088321626186 13.20198005437851 0.901
      vertex 55.585070088505745 13.874315097928047 0.901
      vertex 53.47737208008766 14.13165583461523 0.901
    endloop
  endfacet
  facet normal 0 0 1
    outer loop
      vertex 53.47737208008766 14.13165583461523 0.901
      vertex 55.67797265201807 14.494770370423794 0.901
      vertex 53.63722336292267 14.984535038471222 0.901
    endloop
  endfacet
  facet normal 0 0 1
    outer loop
      vertex 53.63722336292267 14.984535038471222 0.901
      vertex 55.83281025290489 15.041907116770744 0.901
      vertex 53.903642162680626 15.760617658495903 0.901
    endloop
  endfacet
  facet normal 0 0 1
    outer loop
      vertex 53.47737208008766 14.13165583461523 0.901
      vertex 55.585070088505745 13.874315097928047 0.901
      vertex 55.67797265201807 14.494770370423794 0.901
    endloop
  endfacet
  facet normal 0 0 1
    outer loop
      vertex 53.63722336292267 14.984535038471222 0.901
      vertex 55.67797265201807 14.494770370423794 0.901
      vertex 55.83281025290489 15.041907116770744 0.901
    endloop
  endfacet
  facet normal 0 -1 0
    outer loop
      vertex 46.76301994174719 10.11230769008398 0.901
      vertex 52.28075498342514 10.11230769008398 0.901
      vertex 52.28075498342514 10.11230769008398 1.5
    endloop
  endfacet
  facet normal -1 0 0
    outer loop
      vertex 52.28075498342514 8.319031335413456 0.901
      vertex 52.28075498342514 8.319031335413456 1.5
      vertex 52.28075498342514 10.11230769008398 0.901
    endloop
  endfacet
  facet normal 0 -1 0
    outer loop
      vertex 46.76301994174719 14.40085469931364 0.901
      vertex 51.60448718070984 14.40085469931364 0.901
      vertex 51.60448718070984 14.40085469931364 1.5
    endloop
  endfacet
  facet normal -1 0 0
    outer loop
      vertex 51.60448718070984 12.671396009624004 0.901
      vertex 51.60448718070984 12.671396009624004 1.5
      vertex 51.60448718070984 14.40085469931364 0.901
    endloop
  endfacet
  facet normal 0.9825396019555999 0.18605356913784707 0
    outer loop
      vertex 53.63505356013775 11.449706546962261 0.901
      vertex 53.47682963311672 12.28527919948101 0.901
      vertex 53.47682963311672 12.28527919948101 1.5
    endloop
  endfacet
  facet normal 0.9983490267688575 0.057438843561433195 0
    outer loop
      vertex 53.47682963311672 12.28527919948101 0.901
      vertex 53.424088321626186 13.20198005437851 0.901
      vertex 53.424088321626186 13.20198005437851 1.5
    endloop
  endfacet
  facet normal 0.9983615684269118 -0.05722043942645683 0
    outer loop
      vertex 53.424088321626186 13.20198005437851 0.901
      vertex 53.47737208008766 14.13165583461523 0.901
      vertex 53.47737208008766 14.13165583461523 1.5
    endloop
  endfacet
  facet normal 0.9828854537022669 -0.18421776488843067 0
    outer loop
      vertex 53.47737208008766 14.13165583461523 0.901
      vertex 53.63722336292267 14.984535038471222 0.901
      vertex 53.63722336292267 14.984535038471222 1.5
    endloop
  endfacet
  facet normal 0.6787995576985089 0.7343236074567594 0
    outer loop
      vertex 54.74262107908726 9.429757833480835 0.901
      vertex 54.74262107908726 9.429757833480835 1.5
      vertex 55.27709002792835 8.935701422393322 0.901
    endloop
  endfacet
  facet normal 0.544574824486259 0.838712263255856 0
    outer loop
      vertex 55.86890712380409 8.551435321569443 0.901
      vertex 55.27709002792835 8.935701422393322 0.901
      vertex 55.27709002792835 8.935701422393322 1.5
    endloop
  endfacet
  facet normal 0.8768391812301295 0.4807837874343064 0
    outer loop
      vertex 54.2679492905736 10.021945863962173 0.901
      vertex 53.89876011759043 10.695262104272842 0.901
      vertex 53.89876011759043 10.695262104272842 1.5
    endloop
  endfacet
  facet normal 0.7802762615671527 0.6254350131187 0
    outer loop
      vertex 54.74262107908726 9.429757833480835 0.901
      vertex 54.2679492905736 10.021945863962173 0.901
      vertex 54.2679492905736 10.021945863962173 1.5
    endloop
  endfacet
  facet normal 0.9439944351361913 0.32996137112077684 0
    outer loop
      vertex 53.89876011759043 10.695262104272842 0.901
      vertex 53.63505356013775 11.449706546962261 0.901
      vertex 53.63505356013775 11.449706546962261 1.5
    endloop
  endfacet
  facet normal -0.8798989146656333 -0.47516092007891436 0
    outer loop
      vertex 56.09074530005455 10.92532079666853 0.901
      vertex 56.09074530005455 10.92532079666853 1.5
      vertex 55.85596410185099 11.360086604952812 0.901
    endloop
  endfacet
  facet normal -0.9518668654886482 -0.306511778541732 0
    outer loop
      vertex 55.85596410185099 11.360086604952812 0.901
      vertex 55.85596410185099 11.360086604952812 1.5
      vertex 55.68826324492693 11.880878627300262 0.901
    endloop
  endfacet
  facet normal 0.3894341350594326 0.9210543167753527 0
    outer loop
      vertex 55.86890712380409 8.551435321569443 0.901
      vertex 55.86890712380409 8.551435321569443 1.5
      vertex 56.51807236671448 8.276959538459778 0.901
    endloop
  endfacet
  facet normal 0.2270104335867663 0.9738923262059047 0
    outer loop
      vertex 56.51807236671448 8.276959538459778 0.901
      vertex 56.51807236671448 8.276959538459778 1.5
      vertex 57.22458575665951 8.112274073064327 0.901
    endloop
  endfacet
  facet normal 0.07168045880936334 0.997427647413525 0
    outer loop
      vertex 57.22458575665951 8.112274073064327 0.901
      vertex 57.22458575665951 8.112274073064327 1.5
      vertex 57.98844729363918 8.05737891793251 0.901
    endloop
  endfacet
  facet normal -0.043388267862803476 0.9990582856930149 0
    outer loop
      vertex 57.98844729363918 8.05737891793251 0.901
      vertex 57.98844729363918 8.05737891793251 1.5
      vertex 58.454727068543434 8.077629059553146 0.901
    endloop
  endfacet
  facet normal -0.6239225670660199 -0.7814861676995618 0
    outer loop
      vertex 56.737202279269695 10.30146324634552 0.901
      vertex 56.737202279269695 10.30146324634552 1.5
      vertex 56.39260683953762 10.576581194996834 0.901
    endloop
  endfacet
  facet normal -0.5078332054406264 -0.8614554169844767 0
    outer loop
      vertex 56.737202279269695 10.30146324634552 0.901
      vertex 57.10018518567085 10.087482616305351 0.901
      vertex 57.10018518567085 10.087482616305351 1.5
    endloop
  endfacet
  facet normal -0.7560960986352409 -0.6544606096844701 0
    outer loop
      vertex 56.09074530005455 10.92532079666853 0.901
      vertex 56.39260683953762 10.576581194996834 0.901
      vertex 56.39260683953762 10.576581194996834 1.5
    endloop
  endfacet
  facet normal -0.37200989199822915 -0.928228765044192 0
    outer loop
      vertex 57.10018518567085 10.087482616305351 0.901
      vertex 57.48155555874109 9.934639312326908 0.901
      vertex 57.48155555874109 9.934639312326908 1.5
    endloop
  endfacet
  facet normal -0.22359579290123757 -0.9746819591009505 0
    outer loop
      vertex 57.48155555874109 9.934639312326908 0.901
      vertex 57.881313391029835 9.84293332695961 0.901
      vertex 57.881313391029835 9.84293332695961 1.5
    endloop
  endfacet
  facet normal -0.07291077979988504 -0.9973384672161065 0
    outer loop
      vertex 57.881313391029835 9.84293332695961 0.901
      vertex 58.29945868998766 9.812364667654037 0.901
      vertex 58.29945868998766 9.812364667654037 1.5
    endloop
  endfacet
  facet normal -0.9865295856215697 -0.16358293521432443 0
    outer loop
      vertex 55.68826324492693 11.880878627300262 0.901
      vertex 55.68826324492693 11.880878627300262 1.5
      vertex 55.58764273673296 12.48769686371088 0.901
    endloop
  endfacet
  facet normal -0.998830321082086 -0.04835276297231365 0
    outer loop
      vertex 55.58764273673296 12.48769686371088 0.901
      vertex 55.58764273673296 12.48769686371088 1.5
      vertex 55.554102562367916 13.180541306734085 0.901
    endloop
  endfacet
  facet normal -0.9990052845219113 0.04459194430942731 0
    outer loop
      vertex 55.554102562367916 13.180541306734085 0.901
      vertex 55.554102562367916 13.180541306734085 1.5
      vertex 55.585070088505745 13.874315097928047 0.901
    endloop
  endfacet
  facet normal -0.9889750713821 0.14808209947448198 0
    outer loop
      vertex 55.585070088505745 13.874315097928047 0.901
      vertex 55.585070088505745 13.874315097928047 1.5
      vertex 55.67797265201807 14.494770370423794 0.901
    endloop
  endfacet
  facet normal -0.9622117696973859 0.2723022406368058 0
    outer loop
      vertex 55.67797265201807 14.494770370423794 0.901
      vertex 55.67797265201807 14.494770370423794 1.5
      vertex 55.83281025290489 15.041907116770744 0.901
    endloop
  endfacet
  facet normal -0.9093510449807579 0.4160296587893747 0
    outer loop
      vertex 55.83281025290489 15.041907116770744 0.901
      vertex 55.83281025290489 15.041907116770744 1.5
      vertex 56.04958290606737 15.51572535187006 0.901
    endloop
  endfacet
  facet normal -0.06682944608631619 0.9977644136447222 0
    outer loop
      vertex 39.64424330741167 8.12867122143507 0.901
      vertex 38.67512820661068 8.063760682940483 1.5
      vertex 39.64424330741167 8.12867122143507 1.5
    endloop
  endfacet
  facet normal -0.2269869549926173 0.9738977986745732 0
    outer loop
      vertex 40.47974814474583 8.323402844369411 0.901
      vertex 39.64424330741167 8.12867122143507 1.5
      vertex 40.47974814474583 8.323402844369411 1.5
    endloop
  endfacet
  facet normal -0.4196991634668116 0.9076632702634047 0
    outer loop
      vertex 41.18164273351431 8.647955551743507 0.901
      vertex 40.47974814474583 8.323402844369411 1.5
      vertex 41.18164273351431 8.647955551743507 1.5
    endloop
  endfacet
  facet normal 0.2442915395106898 -0.9697018323812207 0
    outer loop
      vertex 39.14539258927107 9.852294586598873 0.901
      vertex 39.54489515721798 9.95293902605772 1.5
      vertex 39.14539258927107 9.852294586598873 1.5
    endloop
  endfacet
  facet normal 0.45461386994115566 -0.8906886264330122 0
    outer loop
      vertex 39.54489515721798 9.95293902605772 0.901
      vertex 39.87353618443012 10.120679765939713 1.5
      vertex 39.54489515721798 9.95293902605772 1.5
    endloop
  endfacet
  facet normal 0.6734450014687056 -0.7392373299535239 0
    outer loop
      vertex 39.87353618443012 10.120679765939713 0.901
      vertex 40.1313156709075 10.35551680624485 1.5
      vertex 39.87353618443012 10.120679765939713 1.5
    endloop
  endfacet
  facet normal 0.8502565328883303 -0.5263685289611412 0
    outer loop
      vertex 40.1313156709075 10.35551680624485 0.901
      vertex 40.318233616650105 10.657450139522552 1.5
      vertex 40.1313156709075 10.35551680624485 1.5
    endloop
  endfacet
  facet normal 0.9239155901187651 -0.38259636999780067 0
    outer loop
      vertex 40.318233616650105 10.657450139522552 0.901
      vertex 40.405859261751175 10.869053557515144 1.5
      vertex 40.318233616650105 10.657450139522552 1.5
    endloop
  endfacet
  facet normal 0.9663345849603198 -0.2572886898205336 0
    outer loop
      vertex 40.405859261751175 10.869053557515144 0.901
      vertex 40.4740125387907 11.12502621114254 1.5
      vertex 40.405859261751175 10.869053557515144 1.5
    endloop
  endfacet
  facet normal 0.9871175119979018 -0.1599969296801426 0
    outer loop
      vertex 40.4740125387907 11.12502621114254 0.901
      vertex 40.52269344776869 11.425368085503578 1.5
      vertex 40.4740125387907 11.12502621114254 1.5
    endloop
  endfacet
  facet normal 0.9964293405053317 -0.08443085561635495 0
    outer loop
      vertex 40.52269344776869 11.425368085503578 0.901
      vertex 40.55190199613571 11.77007920295 1.5
      vertex 40.52269344776869 11.425368085503578 1.5
    endloop
  endfacet
  facet normal -0.6244824359233995 0.7810388512892156 0
    outer loop
      vertex 41.74992706626654 9.102329343557358 0.901
      vertex 41.18164273351431 8.647955551743507 1.5
      vertex 41.74992706626654 9.102329343557358 1.5
    endloop
  endfacet
  facet normal -0.8022829388920611 0.596943955462083 0
    outer loop
      vertex 42.18460114300251 9.686524212360382 0.901
      vertex 41.74992706626654 9.102329343557358 1.5
      vertex 42.18460114300251 9.686524212360382 1.5
    endloop
  endfacet
  facet normal -0.9068901076088153 0.42136721837522134 0
    outer loop
      vertex 42.36229344457388 10.068963527679443 0.901
      vertex 42.18460114300251 9.686524212360382 1.5
      vertex 42.36229344457388 10.068963527679443 1.5
    endloop
  endfacet
  facet normal -0.9537900323820938 0.30047391588716044 0
    outer loop
      vertex 42.500498577952385 10.50766609609127 0.901
      vertex 42.36229344457388 10.068963527679443 1.5
      vertex 42.500498577952385 10.50766609609127 1.5
    endloop
  endfacet
  facet normal -0.980685400079231 0.19559178426365081 0
    outer loop
      vertex 42.599216520786285 11.002631902694702 0.901
      vertex 42.500498577952385 10.50766609609127 1.5
      vertex 42.599216520786285 11.002631902694702 1.5
    endloop
  endfacet
  facet normal -0.9942765273510191 0.10683719932120138 0
    outer loop
      vertex 42.65844729542732 11.5538609623909 0.901
      vertex 42.599216520786285 11.002631902694702 1.5
      vertex 42.65844729542732 11.5538609623909 1.5
    endloop
  endfacet
  facet normal 0.9996870573542554 -0.02501574221145107 0
    outer loop
      vertex 40.55190199613571 11.77007920295 0.901
      vertex 40.56163817644119 12.159159541130066 1.5
      vertex 40.55190199613571 11.77007920295 1.5
    endloop
  endfacet
  facet normal 1 0 0
    outer loop
      vertex 40.56163817644119 12.159159541130066 0.901
      vertex 40.56163817644119 18.287350423634052 1.5
      vertex 40.56163817644119 12.159159541130066 1.5
    endloop
  endfacet
  facet normal -0.999472288523021 0.032482987463517826 0
    outer loop
      vertex 42.678190879523754 12.161353275179863 0.901
      vertex 42.65844729542732 11.5538609623909 1.5
      vertex 42.678190879523754 12.161353275179863 1.5
    endloop
  endfacet
  facet normal 0 -1 0
    outer loop
      vertex 46.76301994174719 10.11230769008398 0.901
      vertex 52.28075498342514 10.11230769008398 1.5
      vertex 46.76301994174719 10.11230769008398 1.5
    endloop
  endfacet
  facet normal 1 0 0
    outer loop
      vertex 44.72763532400131 8.319031335413456 0.901
      vertex 44.72763532400131 18.287350423634052 1.5
      vertex 44.72763532400131 8.319031335413456 1.5
    endloop
  endfacet
  facet normal -1 0 0
    outer loop
      vertex 46.76301994174719 12.671396009624004 0.901
      vertex 46.76301994174719 10.11230769008398 1.5
      vertex 46.76301994174719 12.671396009624004 1.5
    endloop
  endfacet
  facet normal 0 -1 0
    outer loop
      vertex 46.76301994174719 14.40085469931364 0.901
      vertex 51.60448718070984 14.40085469931364 1.5
      vertex 46.76301994174719 14.40085469931364 1.5
    endloop
  endfacet
  facet normal 0 1 0
    outer loop
      vertex 52.28075498342514 8.319031335413456 0.901
      vertex 44.72763532400131 8.319031335413456 1.5
      vertex 52.28075498342514 8.319031335413456 1.5
    endloop
  endfacet
  facet normal -1 0 0
    outer loop
      vertex 52.28075498342514 10.11230769008398 0.901
      vertex 52.28075498342514 8.319031335413456 1.5
      vertex 52.28075498342514 10.11230769008398 1.5
    endloop
  endfacet
  facet normal 0 1 0
    outer loop
      vertex 51.60448718070984 12.671396009624004 0.901
      vertex 46.76301994174719 12.671396009624004 1.5
      vertex 51.60448718070984 12.671396009624004 1.5
    endloop
  endfacet
  facet normal 0.9825396019555999 0.18605356913784707 0
    outer loop
      vertex 53.63505356013775 11.449706546962261 0.901
      vertex 53.47682963311672 12.28527919948101 1.5
      vertex 53.63505356013775 11.449706546962261 1.5
    endloop
  endfacet
  facet normal 0.9983490267688575 0.057438843561433195 0
    outer loop
      vertex 53.47682963311672 12.28527919948101 0.901
      vertex 53.424088321626186 13.20198005437851 1.5
      vertex 53.47682963311672 12.28527919948101 1.5
    endloop
  endfacet
  facet normal 0.9983615684269118 -0.05722043942645683 0
    outer loop
      vertex 53.424088321626186 13.20198005437851 0.901
      vertex 53.47737208008766 14.13165583461523 1.5
      vertex 53.424088321626186 13.20198005437851 1.5
    endloop
  endfacet
  facet normal -1 0 0
    outer loop
      vertex 51.60448718070984 14.40085469931364 0.901
      vertex 51.60448718070984 12.671396009624004 1.5
      vertex 51.60448718070984 14.40085469931364 1.5
    endloop
  endfacet
  facet normal 0.9828854537022669 -0.18421776488843067 0
    outer loop
      vertex 53.47737208008766 14.13165583461523 0.901
      vertex 53.63722336292267 14.984535038471222 1.5
      vertex 53.47737208008766 14.13165583461523 1.5
    endloop
  endfacet
  facet normal 0.7802762615671527 0.6254350131187 0
    outer loop
      vertex 54.74262107908726 9.429757833480835 0.901
      vertex 54.2679492905736 10.021945863962173 1.5
      vertex 54.74262107908726 9.429757833480835 1.5
    endloop
  endfacet
  facet normal 0.544574824486259 0.838712263255856 0
    outer loop
      vertex 55.86890712380409 8.551435321569443 0.901
      vertex 55.27709002792835 8.935701422393322 1.5
      vertex 55.86890712380409 8.551435321569443 1.5
    endloop
  endfacet
  facet normal 0.6787995576985089 0.7343236074567594 0
    outer loop
      vertex 55.27709002792835 8.935701422393322 0.901
      vertex 54.74262107908726 9.429757833480835 1.5
      vertex 55.27709002792835 8.935701422393322 1.5
    endloop
  endfacet
  facet normal 0.8768391812301295 0.4807837874343064 0
    outer loop
      vertex 54.2679492905736 10.021945863962173 0.901
      vertex 53.89876011759043 10.695262104272842 1.5
      vertex 54.2679492905736 10.021945863962173 1.5
    endloop
  endfacet
  facet normal 0.9439944351361913 0.32996137112077684 0
    outer loop
      vertex 53.89876011759043 10.695262104272842 0.901
      vertex 53.63505356013775 11.449706546962261 1.5
      vertex 53.89876011759043 10.695262104272842 1.5
    endloop
  endfacet
  facet normal -0.8798989146656333 -0.47516092007891436 0
    outer loop
      vertex 55.85596410185099 11.360086604952812 0.901
      vertex 56.09074530005455 10.92532079666853 1.5
      vertex 55.85596410185099 11.360086604952812 1.5
    endloop
  endfacet
  facet normal 0.3894341350594326 0.9210543167753527 0
    outer loop
      vertex 56.51807236671448 8.276959538459778 0.901
      vertex 55.86890712380409 8.551435321569443 1.5
      vertex 56.51807236671448 8.276959538459778 1.5
    endloop
  endfacet
  facet normal 0.2270104335867663 0.9738923262059047 0
    outer loop
      vertex 57.22458575665951 8.112274073064327 0.901
      vertex 56.51807236671448 8.276959538459778 1.5
      vertex 57.22458575665951 8.112274073064327 1.5
    endloop
  endfacet
  facet normal 0.07168045880936334 0.997427647413525 0
    outer loop
      vertex 57.98844729363918 8.05737891793251 0.901
      vertex 57.22458575665951 8.112274073064327 1.5
      vertex 57.98844729363918 8.05737891793251 1.5
    endloop
  endfacet
  facet normal -0.043388267862803476 0.9990582856930149 0
    outer loop
      vertex 58.454727068543434 8.077629059553146 0.901
      vertex 57.98844729363918 8.05737891793251 1.5
      vertex 58.454727068543434 8.077629059553146 1.5
    endloop
  endfacet
  facet normal -0.6239225670660199 -0.7814861676995618 0
    outer loop
      vertex 56.39260683953762 10.576581194996834 0.901
      vertex 56.737202279269695 10.30146324634552 1.5
      vertex 56.39260683953762 10.576581194996834 1.5
    endloop
  endfacet
  facet normal -0.37200989199822915 -0.928228765044192 0
    outer loop
      vertex 57.10018518567085 10.087482616305351 0.901
      vertex 57.48155555874109 9.934639312326908 1.5
      vertex 57.10018518567085 10.087482616305351 1.5
    endloop
  endfacet
  facet normal -0.5078332054406264 -0.8614554169844767 0
    outer loop
      vertex 56.737202279269695 10.30146324634552 0.901
      vertex 57.10018518567085 10.087482616305351 1.5
      vertex 56.737202279269695 10.30146324634552 1.5
    endloop
  endfacet
  facet normal -0.7560960986352409 -0.6544606096844701 0
    outer loop
      vertex 56.09074530005455 10.92532079666853 0.901
      vertex 56.39260683953762 10.576581194996834 1.5
      vertex 56.09074530005455 10.92532079666853 1.5
    endloop
  endfacet
  facet normal -0.22359579290123757 -0.9746819591009505 0
    outer loop
      vertex 57.48155555874109 9.934639312326908 0.901
      vertex 57.881313391029835 9.84293332695961 1.5
      vertex 57.48155555874109 9.934639312326908 1.5
    endloop
  endfacet
  facet normal -0.07291077979988504 -0.9973384672161065 0
    outer loop
      vertex 57.881313391029835 9.84293332695961 0.901
      vertex 58.29945868998766 9.812364667654037 1.5
      vertex 57.881313391029835 9.84293332695961 1.5
    endloop
  endfacet
  facet normal 0.059747775892773664 -0.9982135058572725 0
    outer loop
      vertex 58.29945868998766 9.812364667654037 0.901
      vertex 58.70355213433504 9.836551561951637 1.5
      vertex 58.29945868998766 9.812364667654037 1.5
    endloop
  endfacet
  facet normal -0.9518668654886482 -0.306511778541732 0
    outer loop
      vertex 55.68826324492693 11.880878627300262 0.901
      vertex 55.85596410185099 11.360086604952812 1.5
      vertex 55.68826324492693 11.880878627300262 1.5
    endloop
  endfacet
  facet normal -0.9865295856215697 -0.16358293521432443 0
    outer loop
      vertex 55.58764273673296 12.48769686371088 0.901
      vertex 55.68826324492693 11.880878627300262 1.5
      vertex 55.58764273673296 12.48769686371088 1.5
    endloop
  endfacet
  facet normal -0.998830321082086 -0.04835276297231365 0
    outer loop
      vertex 55.554102562367916 13.180541306734085 0.901
      vertex 55.58764273673296 12.48769686371088 1.5
      vertex 55.554102562367916 13.180541306734085 1.5
    endloop
  endfacet
  facet normal 0.9458212464468277 -0.3246878035432948 0
    outer loop
      vertex 53.63722336292267 14.984535038471222 0.901
      vertex 53.903642162680626 15.760617658495903 1.5
      vertex 53.63722336292267 14.984535038471222 1.5
    endloop
  endfacet
  facet normal -0.9990052845219113 0.04459194430942731 0
    outer loop
      vertex 55.585070088505745 13.874315097928047 0.901
      vertex 55.554102562367916 13.180541306734085 1.5
      vertex 55.585070088505745 13.874315097928047 1.5
    endloop
  endfacet
  facet normal -0.9889750713821 0.14808209947448198 0
    outer loop
      vertex 55.67797265201807 14.494770370423794 0.901
      vertex 55.585070088505745 13.874315097928047 1.5
      vertex 55.67797265201807 14.494770370423794 1.5
    endloop
  endfacet
  facet normal -0.9622117696973859 0.2723022406368058 0
    outer loop
      vertex 55.83281025290489 15.041907116770744 0.901
      vertex 55.67797265201807 14.494770370423794 1.5
      vertex 55.83281025290489 15.041907116770744 1.5
    endloop
  endfacet
  facet normal -0.9093510449807579 0.4160296587893747 0
    outer loop
      vertex 56.04958290606737 15.51572535187006 0.901
      vertex 55.83281025290489 15.041907116770744 1.5
      vertex 56.04958290606737 15.51572535187006 1.5
    endloop
  endfacet
  facet normal 0 0 1
    outer loop
      vertex 42.678190879523754 12.161353275179863 0.901
      vertex 42.678190879523754 18.287350423634052 0.901
      vertex 40.56163817644119 18.287350423634052 0.901
    endloop
  endfacet
  facet normal 0 0 1
    outer loop
      vertex 46.76301994174719 14.40085469931364 0.901
      vertex 46.76301994174719 16.519601136446 0.901
      vertex 44.72763532400131 18.287350423634052 0.901
    endloop
  endfacet
  facet normal 0 0 1
    outer loop
      vertex 46.76301994174719 16.519601136446 0.901
      vertex 52.037250712513924 18.287350423634052 0.901
      vertex 44.72763532400131 18.287350423634052 0.901
    endloop
  endfacet
  facet normal 1 0 0
    outer loop
      vertex 40.56163817644119 12.159159541130066 0.901
      vertex 40.56163817644119 18.287350423634052 0.901
      vertex 40.56163817644119 18.287350423634052 1.5
    endloop
  endfacet
  facet normal 0 -1 0
    outer loop
      vertex 40.56163817644119 18.287350423634052 0.901
      vertex 42.678190879523754 18.287350423634052 0.901
      vertex 42.678190879523754 18.287350423634052 1.5
    endloop
  endfacet
  facet normal 0 1 0
    outer loop
      vertex 46.76301994174719 16.519601136446 0.901
      vertex 46.76301994174719 16.519601136446 1.5
      vertex 52.037250712513924 16.519601136446 0.901
    endloop
  endfacet
  facet normal 0 0 1
    outer loop
      vertex 40.76828985661268 24.734138429164886 0.901
      vertex 45.59089855104685 24.734138429164886 0.901
      vertex 43.179594203829765 26.95783293247223 0.901
    endloop
  endfacet
  facet normal 0 0 1
    outer loop
      vertex 40.76828985661268 24.734138429164886 0.901
      vertex 43.179594203829765 26.95783293247223 0.901
      vertex 40.76828985661268 32.07564912736416 0.901
    endloop
  endfacet
  facet normal 0 0 1
    outer loop
      vertex 43.179594203829765 26.95783293247223 0.901
      vertex 43.179594203829765 32.73062900453806 0.901
      vertex 40.76828985661268 32.07564912736416 0.901
    endloop
  endfacet
  facet normal 0 0 1
    outer loop
      vertex 45.59089855104685 24.734138429164886 0.901
      vertex 45.59089855104685 26.95783293247223 0.901
      vertex 43.179594203829765 26.95783293247223 0.901
    endloop
  endfacet
  facet normal -1 0 0
    outer loop
      vertex 39.8037681132555 24.734138429164886 0.901
      vertex 39.8037681132555 24.734138429164886 1.5
      vertex 39.8037681132555 26.95783293247223 0.901
    endloop
  endfacet
  facet normal 0 1 0
    outer loop
      vertex 40.76828985661268 24.734138429164886 0.901
      vertex 40.76828985661268 24.734138429164886 1.5
      vertex 45.59089855104685 24.734138429164886 0.901
    endloop
  endfacet
  facet normal 1 0 0
    outer loop
      vertex 40.76828985661268 24.734138429164886 0.901
      vertex 40.76828985661268 32.07564912736416 0.901
      vertex 40.76828985661268 29.542101448063278 1.5
    endloop
  endfacet
  facet normal -1 0 0
    outer loop
      vertex 43.179594203829765 26.95783293247223 0.901
      vertex 43.179594203829765 26.95783293247223 1.5
      vertex 43.179594203829765 32.73062900453806 0.901
    endloop
  endfacet
  facet normal 0 -1 0
    outer loop
      vertex 43.179594203829765 26.95783293247223 0.901
      vertex 45.59089855104685 26.95783293247223 0.901
      vertex 45.59089855104685 26.95783293247223 1.5
    endloop
  endfacet
  facet normal -1 0 0
    outer loop
      vertex 45.59089855104685 24.734138429164886 0.901
      vertex 45.59089855104685 24.734138429164886 1.5
      vertex 45.59089855104685 26.95783293247223 0.901
    endloop
  endfacet
  facet normal 0 0 1
    outer loop
      vertex 46.76301994174719 16.519601136446 0.901
      vertex 52.037250712513924 16.519601136446 0.901
      vertex 52.037250712513924 18.287350423634052 0.901
    endloop
  endfacet
  facet normal 0 0 1
    outer loop
      vertex 53.903642162680626 15.760617658495903 0.901
      vertex 55.83281025290489 15.041907116770744 0.901
      vertex 54.276628486812115 16.459903702139854 0.901
    endloop
  endfacet
  facet normal 0 0 1
    outer loop
      vertex 54.276628486812115 16.459903702139854 0.901
      vertex 55.83281025290489 15.041907116770744 0.901
      vertex 56.04958290606737 15.51572535187006 0.901
    endloop
  endfacet
  facet normal 0 0 1
    outer loop
      vertex 54.276628486812115 16.459903702139854 0.901
      vertex 56.04958290606737 15.51572535187006 0.901
      vertex 54.756182335317135 17.082393161952496 0.901
    endloop
  endfacet
  facet normal 0 0 1
    outer loop
      vertex 54.756182335317135 17.082393161952496 0.901
      vertex 56.04958290606737 15.51572535187006 0.901
      vertex 56.32829059660435 15.91622506827116 0.901
    endloop
  endfacet
  facet normal 0 0 1
    outer loop
      vertex 54.756182335317135 17.082393161952496 0.901
      vertex 56.32829059660435 15.91622506827116 0.901
      vertex 55.323369801044464 17.608075208961964 0.901
    endloop
  endfacet
  facet normal 0 0 1
    outer loop
      vertex 56.655180625617504 16.24371737241745 0.901
      vertex 55.95925697684288 18.016939029097557 0.901
      vertex 55.323369801044464 17.608075208961964 0.901
    endloop
  endfacet
  facet normal 0 0 1
    outer loop
      vertex 56.32829059660435 15.91622506827116 0.901
      vertex 56.655180625617504 16.24371737241745 0.901
      vertex 55.323369801044464 17.608075208961964 0.901
    endloop
  endfacet
  facet normal 0 0 1
    outer loop
      vertex 56.655180625617504 16.24371737241745 0.901
      vertex 57.016420513391495 16.498433612287045 0.901
      vertex 55.95925697684288 18.016939029097557 0.901
    endloop
  endfacet
  facet normal 0 0 1
    outer loop
      vertex 57.016420513391495 16.498433612287045 0.901
      vertex 57.41201025992632 16.680373787879944 0.901
      vertex 56.663843877613544 18.308984614908695 0.901
    endloop
  endfacet
  facet normal 0 0 1
    outer loop
      vertex 57.41201025992632 16.680373787879944 0.901
      vertex 57.8419498577714 16.789537891745567 0.901
      vertex 57.437130481004715 18.484211966395378 0.901
    endloop
  endfacet
  facet normal 0 0 1
    outer loop
      vertex 57.8419498577714 16.789537891745567 0.901
      vertex 58.30623931437731 16.825925923883915 0.901
      vertex 58.27911680936813 18.542621076107025 0.901
    endloop
  endfacet
  facet normal 0 0 1
    outer loop
      vertex 58.30623931437731 16.825925923883915 0.901
      vertex 58.553165808320045 16.816999427974224 0.901
      vertex 58.27911680936813 18.542621076107025 0.901
    endloop
  endfacet
  facet normal 0 0 1
    outer loop
      vertex 57.016420513391495 16.498433612287045 0.901
      vertex 56.663843877613544 18.308984614908695 0.901
      vertex 55.95925697684288 18.016939029097557 0.901
    endloop
  endfacet
  facet normal 0 0 1
    outer loop
      vertex 57.41201025992632 16.680373787879944 0.901
      vertex 57.437130481004715 18.484211966395378 0.901
      vertex 56.663843877613544 18.308984614908695 0.901
    endloop
  endfacet
  facet normal 0 0 1
    outer loop
      vertex 57.8419498577714 16.789537891745567 0.901
      vertex 58.27911680936813 18.542621076107025 0.901
      vertex 57.437130481004715 18.484211966395378 0.901
    endloop
  endfacet
  facet normal 0 -1 0
    outer loop
      vertex 44.72763532400131 18.287350423634052 0.901
      vertex 52.037250712513924 18.287350423634052 0.901
      vertex 52.037250712513924 18.287350423634052 1.5
    endloop
  endfacet
  facet normal -1 0 0
    outer loop
      vertex 52.037250712513924 16.519601136446 0.901
      vertex 52.037250712513924 16.519601136446 1.5
      vertex 52.037250712513924 18.287350423634052 0.901
    endloop
  endfacet
  facet normal 0.9458212464468277 -0.3246878035432948 0
    outer loop
      vertex 53.63722336292267 14.984535038471222 0.901
      vertex 53.903642162680626 15.760617658495903 0.901
      vertex 53.903642162680626 15.760617658495903 1.5
    endloop
  endfacet
  facet normal 0.8823352491874182 -0.4706214062719381 0
    outer loop
      vertex 53.903642162680626 15.760617658495903 0.901
      vertex 54.276628486812115 16.459903702139854 0.901
      vertex 54.276628486812115 16.459903702139854 1.5
    endloop
  endfacet
  facet normal 0.7921835540527822 -0.6102828988987834 0
    outer loop
      vertex 54.276628486812115 16.459903702139854 0.901
      vertex 54.756182335317135 17.082393161952496 0.901
      vertex 54.756182335317135 17.082393161952496 1.5
    endloop
  endfacet
  facet normal 0.6797619545676183 -0.7334328088669141 0
    outer loop
      vertex 54.756182335317135 17.082393161952496 0.901
      vertex 55.323369801044464 17.608075208961964 0.901
      vertex 55.323369801044464 17.608075208961964 1.5
    endloop
  endfacet
  facet normal 0.5408317243366704 -0.841130813816153 0
    outer loop
      vertex 55.323369801044464 17.608075208961964 0.901
      vertex 55.95925697684288 18.016939029097557 0.901
      vertex 55.95925697684288 18.016939029097557 1.5
    endloop
  endfacet
  facet normal -0.8208098896907826 0.5712014749506562 0
    outer loop
      vertex 56.04958290606737 15.51572535187006 0.901
      vertex 56.04958290606737 15.51572535187006 1.5
      vertex 56.32829059660435 15.91622506827116 0.901
    endloop
  endfacet
  facet normal -0.7077572826568 0.7064556807374843 0
    outer loop
      vertex 56.32829059660435 15.91622506827116 0.901
      vertex 56.32829059660435 15.91622506827116 1.5
      vertex 56.655180625617504 16.24371737241745 0.901
    endloop
  endfacet
  facet normal -0.576265423903116 0.8172626023584842 0
    outer loop
      vertex 56.655180625617504 16.24371737241745 0.901
      vertex 56.655180625617504 16.24371737241745 1.5
      vertex 57.016420513391495 16.498433612287045 0.901
    endloop
  endfacet
  facet normal -0.41784664177889397 0.9085175749285761 0
    outer loop
      vertex 57.016420513391495 16.498433612287045 0.901
      vertex 57.016420513391495 16.498433612287045 1.5
      vertex 57.41201025992632 16.680373787879944 0.901
    endloop
  endfacet
  facet normal -0.2460968666524622 0.9692452384323795 0
    outer loop
      vertex 57.41201025992632 16.680373787879944 0.901
      vertex 57.41201025992632 16.680373787879944 1.5
      vertex 57.8419498577714 16.789537891745567 0.901
    endloop
  endfacet
  facet normal -0.07813399281847887 0.9969428665506573 0
    outer loop
      vertex 57.8419498577714 16.789537891745567 0.901
      vertex 57.8419498577714 16.789537891745567 1.5
      vertex 58.30623931437731 16.825925923883915 0.901
    endloop
  endfacet
  facet normal 0.03612681924220598 0.9993472134005483 0
    outer loop
      vertex 58.30623931437731 16.825925923883915 0.901
      vertex 58.30623931437731 16.825925923883915 1.5
      vertex 58.553165808320045 16.816999427974224 0.901
    endloop
  endfacet
  facet normal 0.3829029168726253 -0.9237885885041206 0
    outer loop
      vertex 55.95925697684288 18.016939029097557 0.901
      vertex 56.663843877613544 18.308984614908695 0.901
      vertex 56.663843877613544 18.308984614908695 1.5
    endloop
  endfacet
  facet normal 0.22099791751022693 -0.9752742796035088 0
    outer loop
      vertex 56.663843877613544 18.308984614908695 0.901
      vertex 57.437130481004715 18.484211966395378 0.901
      vertex 57.437130481004715 18.484211966395378 1.5
    endloop
  endfacet
  facet normal 0.06920429988249491 -0.9976025084560353 0
    outer loop
      vertex 57.437130481004715 18.484211966395378 0.901
      vertex 58.27911680936813 18.542621076107025 0.901
      vertex 58.27911680936813 18.542621076107025 1.5
    endloop
  endfacet
  facet normal 0 -1 0
    outer loop
      vertex 40.56163817644119 18.287350423634052 0.901
      vertex 42.678190879523754 18.287350423634052 1.5
      vertex 40.56163817644119 18.287350423634052 1.5
    endloop
  endfacet
  facet normal -1 0 0
    outer loop
      vertex 42.678190879523754 18.287350423634052 0.901
      vertex 42.678190879523754 12.161353275179863 1.5
      vertex 42.678190879523754 18.287350423634052 1.5
    endloop
  endfacet
  facet normal -1 0 0
    outer loop
      vertex 46.76301994174719 16.519601136446 0.901
      vertex 46.76301994174719 14.40085469931364 1.5
      vertex 46.76301994174719 16.519601136446 1.5
    endloop
  endfacet
  facet normal 0 -1 0
    outer loop
      vertex 44.72763532400131 18.287350423634052 0.901
      vertex 52.037250712513924 18.287350423634052 1.5
      vertex 44.72763532400131 18.287350423634052 1.5
    endloop
  endfacet
  facet normal -1 0 0
    outer loop
      vertex 39.8037681132555 26.95783293247223 0.901
      vertex 39.8037681132555 24.734138429164886 1.5
      vertex 39.8037681132555 26.95783293247223 1.5
    endloop
  endfacet
  facet normal 1 0 0
    outer loop
      vertex 40.76828985661268 24.734138429164886 0.901
      vertex 40.76828985661268 29.542101448063278 1.5
      vertex 40.76828985661268 24.734138429164886 1.5
    endloop
  endfacet
  facet normal -1 0 0
    outer loop
      vertex 43.179594203829765 32.73062900453806 0.901
      vertex 43.179594203829765 26.95783293247223 1.5
      vertex 43.179594203829765 32.73062900453806 1.5
    endloop
  endfacet
  facet normal 0 1 0
    outer loop
      vertex 45.59089855104685 24.734138429164886 0.901
      vertex 40.76828985661268 24.734138429164886 1.5
      vertex 45.59089855104685 24.734138429164886 1.5
    endloop
  endfacet
  facet normal 0 -1 0
    outer loop
      vertex 43.179594203829765 26.95783293247223 0.901
      vertex 45.59089855104685 26.95783293247223 1.5
      vertex 43.179594203829765 26.95783293247223 1.5
    endloop
  endfacet
  facet normal -1 0 0
    outer loop
      vertex 45.59089855104685 26.95783293247223 0.901
      vertex 45.59089855104685 24.734138429164886 1.5
      vertex 45.59089855104685 26.95783293247223 1.5
    endloop
  endfacet
  facet normal 0 1 0
    outer loop
      vertex 52.037250712513924 16.519601136446 0.901
      vertex 46.76301994174719 16.519601136446 1.5
      vertex 52.037250712513924 16.519601136446 1.5
    endloop
  endfacet
  facet normal -1 0 0
    outer loop
      vertex 52.037250712513924 18.287350423634052 0.901
      vertex 52.037250712513924 16.519601136446 1.5
      vertex 52.037250712513924 18.287350423634052 1.5
    endloop
  endfacet
  facet normal 0.8823352491874182 -0.4706214062719381 0
    outer loop
      vertex 53.903642162680626 15.760617658495903 0.901
      vertex 54.276628486812115 16.459903702139854 1.5
      vertex 53.903642162680626 15.760617658495903 1.5
    endloop
  endfacet
  facet normal 0.7921835540527822 -0.6102828988987834 0
    outer loop
      vertex 54.276628486812115 16.459903702139854 0.901
      vertex 54.756182335317135 17.082393161952496 1.5
      vertex 54.276628486812115 16.459903702139854 1.5
    endloop
  endfacet
  facet normal 0.6797619545676183 -0.7334328088669141 0
    outer loop
      vertex 54.756182335317135 17.082393161952496 0.901
      vertex 55.323369801044464 17.608075208961964 1.5
      vertex 54.756182335317135 17.082393161952496 1.5
    endloop
  endfacet
  facet normal 0.5408317243366704 -0.841130813816153 0
    outer loop
      vertex 55.323369801044464 17.608075208961964 0.901
      vertex 55.95925697684288 18.016939029097557 1.5
      vertex 55.323369801044464 17.608075208961964 1.5
    endloop
  endfacet
  facet normal -0.8208098896907826 0.5712014749506562 0
    outer loop
      vertex 56.32829059660435 15.91622506827116 0.901
      vertex 56.04958290606737 15.51572535187006 1.5
      vertex 56.32829059660435 15.91622506827116 1.5
    endloop
  endfacet
  facet normal -0.7077572826568 0.7064556807374843 0
    outer loop
      vertex 56.655180625617504 16.24371737241745 0.901
      vertex 56.32829059660435 15.91622506827116 1.5
      vertex 56.655180625617504 16.24371737241745 1.5
    endloop
  endfacet
  facet normal -0.576265423903116 0.8172626023584842 0
    outer loop
      vertex 57.016420513391495 16.498433612287045 0.901
      vertex 56.655180625617504 16.24371737241745 1.5
      vertex 57.016420513391495 16.498433612287045 1.5
    endloop
  endfacet
  facet normal -0.41784664177889397 0.9085175749285761 0
    outer loop
      vertex 57.41201025992632 16.680373787879944 0.901
      vertex 57.016420513391495 16.498433612287045 1.5
      vertex 57.41201025992632 16.680373787879944 1.5
    endloop
  endfacet
  facet normal -0.2460968666524622 0.9692452384323795 0
    outer loop
      vertex 57.8419498577714 16.789537891745567 0.901
      vertex 57.41201025992632 16.680373787879944 1.5
      vertex 57.8419498577714 16.789537891745567 1.5
    endloop
  endfacet
  facet normal -0.07813399281847887 0.9969428665506573 0
    outer loop
      vertex 58.30623931437731 16.825925923883915 0.901
      vertex 57.8419498577714 16.789537891745567 1.5
      vertex 58.30623931437731 16.825925923883915 1.5
    endloop
  endfacet
  facet normal 0.03612681924220598 0.9993472134005483 0
    outer loop
      vertex 58.553165808320045 16.816999427974224 0.901
      vertex 58.30623931437731 16.825925923883915 1.5
      vertex 58.553165808320045 16.816999427974224 1.5
    endloop
  endfacet
  facet normal 0.3829029168726253 -0.9237885885041206 0
    outer loop
      vertex 55.95925697684288 18.016939029097557 0.901
      vertex 56.663843877613544 18.308984614908695 1.5
      vertex 55.95925697684288 18.016939029097557 1.5
    endloop
  endfacet
  facet normal 0.22099791751022693 -0.9752742796035088 0
    outer loop
      vertex 56.663843877613544 18.308984614908695 0.901
      vertex 57.437130481004715 18.484211966395378 1.5
      vertex 56.663843877613544 18.308984614908695 1.5
    endloop
  endfacet
  facet normal 0.06920429988249491 -0.9976025084560353 0
    outer loop
      vertex 57.437130481004715 18.484211966395378 0.901
      vertex 58.27911680936813 18.542621076107025 1.5
      vertex 57.437130481004715 18.484211966395378 1.5
    endloop
  endfacet
  facet normal 0 0 1
    outer loop
      vertex 58.454727068543434 8.077629059553146 0.901
      vertex 58.89071737974882 8.138379484415054 0.901
      vertex 58.70355213433504 9.836551561951637 0.901
    endloop
  endfacet
  facet normal 0 0 1
    outer loop
      vertex 58.89071737974882 8.138379484415054 0.901
      vertex 59.296418234705925 8.239630199968815 0.901
      vertex 58.70355213433504 9.836551561951637 0.901
    endloop
  endfacet
  facet normal 0 0 1
    outer loop
      vertex 59.296418234705925 8.239630199968815 0.901
      vertex 59.0773481503129 9.909112244844437 0.901
      vertex 58.70355213433504 9.836551561951637 0.901
    endloop
  endfacet
  facet normal 0 0 1
    outer loop
      vertex 59.296418234705925 8.239630199968815 0.901
      vertex 59.671829625964165 8.381381191313267 0.901
      vertex 59.0773481503129 9.909112244844437 0.901
    endloop
  endfacet
  facet normal 0 0 1
    outer loop
      vertex 59.671829625964165 8.381381191313267 0.901
      vertex 60.0169515684247 8.563632473349571 0.901
      vertex 59.0773481503129 9.909112244844437 0.901
    endloop
  endfacet
  facet normal 0 0 1
    outer loop
      vertex 59.0773481503129 9.909112244844437 0.901
      vertex 60.0169515684247 8.563632473349571 0.901
      vertex 59.42084672302008 10.030046723783016 0.901
    endloop
  endfacet
  facet normal 0 0 1
    outer loop
      vertex 59.42084672302008 10.030046723783016 0.901
      vertex 60.0169515684247 8.563632473349571 0.901
      vertex 60.21386894583702 8.696445010602474 0.901
    endloop
  endfacet
  facet normal 0 0 1
    outer loop
      vertex 59.42084672302008 10.030046723783016 0.901
      vertex 60.21386894583702 8.696445010602474 0.901
      vertex 60.4205185174942 8.862745866179466 0.901
    endloop
  endfacet
  facet normal 0 0 1
    outer loop
      vertex 59.73404785990715 10.199354983866215 0.901
      vertex 60.4205185174942 8.862745866179466 0.901
      vertex 60.636900283396244 9.062535040080547 0.901
    endloop
  endfacet
  facet normal 0 0 1
    outer loop
      vertex 59.73404785990715 10.199354983866215 0.901
      vertex 60.636900283396244 9.062535040080547 0.901
      vertex 60.86301424354315 9.295812532305717 0.901
    endloop
  endfacet
  facet normal 0 0 1
    outer loop
      vertex 59.42084672302008 10.030046723783016 0.901
      vertex 60.4205185174942 8.862745866179466 0.901
      vertex 59.73404785990715 10.199354983866215 0.901
    endloop
  endfacet
  facet normal 0 0 1
    outer loop
      vertex 59.73404785990715 10.199354983866215 0.901
      vertex 60.86301424354315 9.295812532305717 0.901
      vertex 60.0169515684247 10.417037032544613 0.901
    endloop
  endfacet
  facet normal 0 0 1
    outer loop
      vertex 60.86301424354315 9.295812532305717 0.901
      vertex 61.098860397934914 9.562578342854977 0.901
      vertex 60.0169515684247 10.417037032544613 0.901
    endloop
  endfacet
  facet normal 0 0 1
    outer loop
      vertex 61.098860397934914 9.562578342854977 0.901
      vertex 60.264185182750225 10.67390312999487 0.901
      vertex 60.0169515684247 10.417037032544613 0.901
    endloop
  endfacet
  facet normal 0 0 1
    outer loop
      vertex 61.098860397934914 9.562578342854977 0.901
      vertex 60.470296293497086 10.960763528943062 0.901
      vertex 60.264185182750225 10.67390312999487 0.901
    endloop
  endfacet
  facet normal 0 0 1
    outer loop
      vertex 61.098860397934914 9.562578342854977 0.901
      vertex 60.63528490066528 11.27761822938919 0.901
      vertex 60.470296293497086 10.960763528943062 0.901
    endloop
  endfacet
  facet normal 0 0 1
    outer loop
      vertex 61.30846153944731 8.319031335413456 0.901
      vertex 62.68792022764683 8.319031335413456 0.901
      vertex 61.098860397934914 9.562578342854977 0.901
    endloop
  endfacet
  facet normal 0 0 1
    outer loop
      vertex 61.098860397934914 9.562578342854977 0.901
      vertex 62.68792022764683 13.666951566934586 0.901
      vertex 60.63528490066528 11.27761822938919 0.901
    endloop
  endfacet
  facet normal 0 0 1
    outer loop
      vertex 61.098860397934914 9.562578342854977 0.901
      vertex 62.68792022764683 8.319031335413456 0.901
      vertex 62.68792022764683 13.666951566934586 0.901
    endloop
  endfacet
  facet normal 0 0 1
    outer loop
      vertex 58.53608261793852 12.001310534775257 0.901
      vertex 60.84189458936453 12.001310534775257 0.901
      vertex 58.53608261793852 13.666951566934586 0.901
    endloop
  endfacet
  facet normal 0 0 1
    outer loop
      vertex 58.53608261793852 13.666951566934586 0.901
      vertex 60.84189458936453 12.001310534775257 0.901
      vertex 62.68792022764683 13.666951566934586 0.901
    endloop
  endfacet
  facet normal 0 0 1
    outer loop
      vertex 60.63528490066528 11.27761822938919 0.901
      vertex 62.68792022764683 13.666951566934586 0.901
      vertex 60.75915099680424 11.624467231333256 0.901
    endloop
  endfacet
  facet normal 0 0 1
    outer loop
      vertex 60.75915099680424 11.624467231333256 0.901
      vertex 62.68792022764683 13.666951566934586 0.901
      vertex 60.84189458936453 12.001310534775257 0.901
    endloop
  endfacet
  facet normal 0 0 1
    outer loop
      vertex 60.60527065396309 15.176039882004261 0.901
      vertex 62.547154419124126 15.733068376779556 0.901
      vertex 60.483299143612385 15.55985526740551 0.901
    endloop
  endfacet
  facet normal 0 0 1
    outer loop
      vertex 60.60527065396309 15.176039882004261 0.901
      vertex 62.65411680936813 15.176039882004261 0.901
      vertex 62.547154419124126 15.733068376779556 0.901
    endloop
  endfacet
  facet normal 0 0 1
    outer loop
      vertex 64.7374643906951 8.319031335413456 0.901
      vertex 72.29058404266834 8.319031335413456 0.901
      vertex 66.77284900099039 10.11230769008398 0.901
    endloop
  endfacet
  facet normal 0 0 1
    outer loop
      vertex 64.7374643906951 8.319031335413456 0.901
      vertex 66.77284900099039 10.11230769008398 0.901
      vertex 66.77284900099039 12.671396009624004 0.901
    endloop
  endfacet
  facet normal 0 0 1
    outer loop
      vertex 64.7374643906951 8.319031335413456 0.901
      vertex 66.77284900099039 14.40085469931364 0.901
      vertex 64.7374643906951 18.287350423634052 0.901
    endloop
  endfacet
  facet normal 0 0 1
    outer loop
      vertex 64.7374643906951 8.319031335413456 0.901
      vertex 66.77284900099039 12.671396009624004 0.901
      vertex 66.77284900099039 14.40085469931364 0.901
    endloop
  endfacet
  facet normal -0.1380056603136959 0.9904314401922937 0
    outer loop
      vertex 58.454727068543434 8.077629059553146 0.901
      vertex 58.454727068543434 8.077629059553146 1.5
      vertex 58.89071737974882 8.138379484415054 0.901
    endloop
  endfacet
  facet normal -0.2421428376968421 0.9702406125039916 0
    outer loop
      vertex 58.89071737974882 8.138379484415054 0.901
      vertex 58.89071737974882 8.138379484415054 1.5
      vertex 59.296418234705925 8.239630199968815 0.901
    endloop
  endfacet
  facet normal -0.35324553251740776 0.9355306482186956 0
    outer loop
      vertex 59.296418234705925 8.239630199968815 0.901
      vertex 59.296418234705925 8.239630199968815 1.5
      vertex 59.671829625964165 8.381381191313267 0.901
    endloop
  endfacet
  facet normal -0.46696620124788957 0.8842751646925947 0
    outer loop
      vertex 59.671829625964165 8.381381191313267 0.901
      vertex 59.671829625964165 8.381381191313267 1.5
      vertex 60.0169515684247 8.563632473349571 0.901
    endloop
  endfacet
  facet normal -0.5591642242048847 0.8290569162423949 0
    outer loop
      vertex 60.0169515684247 8.563632473349571 0.901
      vertex 60.0169515684247 8.563632473349571 1.5
      vertex 60.21386894583702 8.696445010602474 0.901
    endloop
  endfacet
  facet normal -0.6269479784244555 0.779061122345024 0
    outer loop
      vertex 60.21386894583702 8.696445010602474 0.901
      vertex 60.21386894583702 8.696445010602474 1.5
      vertex 60.4205185174942 8.862745866179466 0.901
    endloop
  endfacet
  facet normal -0.6783757220713769 0.7347151690989768 0
    outer loop
      vertex 60.4205185174942 8.862745866179466 0.901
      vertex 60.4205185174942 8.862745866179466 1.5
      vertex 60.636900283396244 9.062535040080547 0.901
    endloop
  endfacet
  facet normal -0.7180457744388934 0.6959958805987646 0
    outer loop
      vertex 60.636900283396244 9.062535040080547 0.901
      vertex 60.636900283396244 9.062535040080547 1.5
      vertex 60.86301424354315 9.295812532305717 0.901
    endloop
  endfacet
  facet normal 0.059747775892773664 -0.9982135058572725 0
    outer loop
      vertex 58.29945868998766 9.812364667654037 0.901
      vertex 58.70355213433504 9.836551561951637 0.901
      vertex 58.70355213433504 9.836551561951637 1.5
    endloop
  endfacet
  facet normal 0.1905612362463357 -0.9816753104974517 0
    outer loop
      vertex 58.70355213433504 9.836551561951637 0.901
      vertex 59.0773481503129 9.909112244844437 0.901
      vertex 59.0773481503129 9.909112244844437 1.5
    endloop
  endfacet
  facet normal 0.33208670695301734 -0.9432488638027086 0
    outer loop
      vertex 59.0773481503129 9.909112244844437 0.901
      vertex 59.42084672302008 10.030046723783016 0.901
      vertex 59.42084672302008 10.030046723783016 1.5
    endloop
  endfacet
  facet normal 0.4755395274025899 -0.8796943548061005 0
    outer loop
      vertex 59.42084672302008 10.030046723783016 0.901
      vertex 59.73404785990715 10.199354983866215 0.901
      vertex 59.73404785990715 10.199354983866215 1.5
    endloop
  endfacet
  facet normal 0.6098230634900693 -0.7925375897934349 0
    outer loop
      vertex 59.73404785990715 10.199354983866215 0.901
      vertex 60.0169515684247 10.417037032544613 0.901
      vertex 60.0169515684247 10.417037032544613 1.5
    endloop
  endfacet
  facet normal 0.7204868596246329 -0.6934685898497743 0
    outer loop
      vertex 60.0169515684247 10.417037032544613 0.901
      vertex 60.264185182750225 10.67390312999487 0.901
      vertex 60.264185182750225 10.67390312999487 1.5
    endloop
  endfacet
  facet normal 0.8121090117375596 -0.5835057438060438 0
    outer loop
      vertex 60.264185182750225 10.67390312999487 0.901
      vertex 60.470296293497086 10.960763528943062 0.901
      vertex 60.470296293497086 10.960763528943062 1.5
    endloop
  endfacet
  facet normal 0.8869598191331115 -0.46184659708972436 0
    outer loop
      vertex 60.470296293497086 10.960763528943062 0.901
      vertex 60.63528490066528 11.27761822938919 0.901
      vertex 60.63528490066528 11.27761822938919 1.5
    endloop
  endfacet
  facet normal 0.9417492621811347 -0.3363158146464246 0
    outer loop
      vertex 60.63528490066528 11.27761822938919 0.901
      vertex 60.75915099680424 11.624467231333256 0.901
      vertex 60.75915099680424 11.624467231333256 1.5
    endloop
  endfacet
  facet normal 0 1 0
    outer loop
      vertex 61.30846153944731 8.319031335413456 0.901
      vertex 61.30846153944731 8.319031335413456 1.5
      vertex 62.68792022764683 8.319031335413456 0.901
    endloop
  endfacet
  facet normal 0.9860909431359 0.16620665409468843 0
    outer loop
      vertex 61.30846153944731 8.319031335413456 0.901
      vertex 61.098860397934914 9.562578342854977 0.901
      vertex 61.30846153944731 8.319031335413456 1.5
    endloop
  endfacet
  facet normal -0.7491902378879326 0.6623548802971282 0
    outer loop
      vertex 60.86301424354315 9.295812532305717 0.901
      vertex 60.86301424354315 9.295812532305717 1.5
      vertex 61.098860397934914 9.562578342854977 0.901
    endloop
  endfacet
  facet normal -1 0 0
    outer loop
      vertex 62.68792022764683 8.319031335413456 0.901
      vertex 62.68792022764683 8.319031335413456 1.5
      vertex 62.68792022764683 13.666951566934586 0.901
    endloop
  endfacet
  facet normal 0 1 0
    outer loop
      vertex 58.53608261793852 12.001310534775257 0.901
      vertex 58.53608261793852 12.001310534775257 1.5
      vertex 60.84189458936453 12.001310534775257 0.901
    endloop
  endfacet
  facet normal 1 0 0
    outer loop
      vertex 58.53608261793852 12.001310534775257 0.901
      vertex 58.53608261793852 13.666951566934586 0.901
      vertex 58.53608261793852 13.666951566934586 1.5
    endloop
  endfacet
  facet normal 0.9767324589249561 -0.21446142702688756 0
    outer loop
      vertex 60.75915099680424 11.624467231333256 0.901
      vertex 60.84189458936453 12.001310534775257 0.901
      vertex 60.84189458936453 12.001310534775257 1.5
    endloop
  endfacet
  facet normal 0 -1 0
    outer loop
      vertex 58.53608261793852 13.666951566934586 0.901
      vertex 62.68792022764683 13.666951566934586 0.901
      vertex 58.53608261793852 13.666951566934586 1.5
    endloop
  endfacet
  facet normal 0.9530344573679613 0.3028618877794882 0
    outer loop
      vertex 60.60527065396309 15.176039882004261 0.901
      vertex 60.483299143612385 15.55985526740551 0.901
      vertex 60.483299143612385 15.55985526740551 1.5
    endloop
  endfacet
  facet normal 0 1 0
    outer loop
      vertex 60.60527065396309 15.176039882004261 0.901
      vertex 60.60527065396309 15.176039882004261 1.5
      vertex 62.65411680936813 15.176039882004261 0.901
    endloop
  endfacet
  facet normal -0.982058223593296 -0.18857795595662818 0
    outer loop
      vertex 62.547154419124126 15.733068376779556 0.901
      vertex 62.65411680936813 15.176039882004261 0.901
      vertex 62.65411680936813 15.176039882004261 1.5
    endloop
  endfacet
  facet normal 0 1 0
    outer loop
      vertex 64.7374643906951 8.319031335413456 0.901
      vertex 64.7374643906951 8.319031335413456 1.5
      vertex 72.29058404266834 8.319031335413456 0.901
    endloop
  endfacet
  facet normal -1 0 0
    outer loop
      vertex 66.77284900099039 10.11230769008398 0.901
      vertex 66.77284900099039 10.11230769008398 1.5
      vertex 66.77284900099039 12.671396009624004 0.901
    endloop
  endfacet
  facet normal 1 0 0
    outer loop
      vertex 64.7374643906951 8.319031335413456 0.901
      vertex 64.7374643906951 18.287350423634052 0.901
      vertex 64.7374643906951 18.287350423634052 1.5
    endloop
  endfacet
  facet normal -1 0 0
    outer loop
      vertex 66.77284900099039 14.40085469931364 0.901
      vertex 66.77284900099039 14.40085469931364 1.5
      vertex 66.77284900099039 16.519601136446 0.901
    endloop
  endfacet
  facet normal 0 0 1
    outer loop
      vertex 66.77284900099039 10.11230769008398 0.901
      vertex 72.29058404266834 8.319031335413456 0.901
      vertex 72.29058404266834 10.11230769008398 0.901
    endloop
  endfacet
  facet normal 0 0 1
    outer loop
      vertex 66.77284900099039 12.671396009624004 0.901
      vertex 71.61431623995304 12.671396009624004 0.901
      vertex 71.61431623995304 14.40085469931364 0.901
    endloop
  endfacet
  facet normal 0 0 1
    outer loop
      vertex 66.77284900099039 12.671396009624004 0.901
      vertex 71.61431623995304 14.40085469931364 0.901
      vertex 66.77284900099039 14.40085469931364 0.901
    endloop
  endfacet
  facet normal 0 0 1
    outer loop
      vertex 73.91404558718204 8.319031335413456 0.901
      vertex 78 8.319031335413456 0.901
      vertex 75.9966951534152 10.11230769008398 0.901
    endloop
  endfacet
  facet normal 0 0 1
    outer loop
      vertex 75.9966951534152 10.11230769008398 0.901
      vertex 78 8.319031335413456 0.901
      vertex 78 10.11230769008398 0.901
    endloop
  endfacet
  facet normal 0 0 1
    outer loop
      vertex 73.91404558718204 8.319031335413456 0.901
      vertex 75.9966951534152 10.11230769008398 0.901
      vertex 73.91404558718204 18.287350423634052 0.901
    endloop
  endfacet
  facet normal 0 -1 0
    outer loop
      vertex 66.77284900099039 10.11230769008398 0.901
      vertex 72.29058404266834 10.11230769008398 0.901
      vertex 72.29058404266834 10.11230769008398 1.5
    endloop
  endfacet
  facet normal -1 0 0
    outer loop
      vertex 72.29058404266834 8.319031335413456 0.901
      vertex 72.29058404266834 8.319031335413456 1.5
      vertex 72.29058404266834 10.11230769008398 0.901
    endloop
  endfacet
  facet normal 0 1 0
    outer loop
      vertex 66.77284900099039 12.671396009624004 0.901
      vertex 66.77284900099039 12.671396009624004 1.5
      vertex 71.61431623995304 12.671396009624004 0.901
    endloop
  endfacet
  facet normal 0 -1 0
    outer loop
      vertex 66.77284900099039 14.40085469931364 0.901
      vertex 71.61431623995304 14.40085469931364 0.901
      vertex 71.61431623995304 14.40085469931364 1.5
    endloop
  endfacet
  facet normal -1 0 0
    outer loop
      vertex 71.61431623995304 12.671396009624004 0.901
      vertex 71.61431623995304 12.671396009624004 1.5
      vertex 71.61431623995304 14.40085469931364 0.901
    endloop
  endfacet
  facet normal 0 1 0
    outer loop
      vertex 73.91404558718204 8.319031335413456 0.901
      vertex 73.91404558718204 8.319031335413456 1.5
      vertex 78 8.319031335413456 0.901
    endloop
  endfacet
  facet normal 0 -1 0
    outer loop
      vertex 75.9966951534152 10.11230769008398 0.901
      vertex 78 10.11230769008398 0.901
      vertex 78 10.11230769008398 1.5
    endloop
  endfacet
  facet normal 1 0 0
    outer loop
      vertex 73.91404558718204 8.319031335413456 0.901
      vertex 73.91404558718204 18.287350423634052 0.901
      vertex 73.91404558718204 18.287350423634052 1.5
    endloop
  endfacet
  facet normal -1 0 0
    outer loop
      vertex 75.9966951534152 10.11230769008398 0.901
      vertex 75.9966951534152 10.11230769008398 1.5
      vertex 75.9966951534152 18.287350423634052 0.901
    endloop
  endfacet
  facet normal -0.1380056603136959 0.9904314401922937 0
    outer loop
      vertex 58.89071737974882 8.138379484415054 0.901
      vertex 58.454727068543434 8.077629059553146 1.5
      vertex 58.89071737974882 8.138379484415054 1.5
    endloop
  endfacet
  facet normal -0.2421428376968421 0.9702406125039916 0
    outer loop
      vertex 59.296418234705925 8.239630199968815 0.901
      vertex 58.89071737974882 8.138379484415054 1.5
      vertex 59.296418234705925 8.239630199968815 1.5
    endloop
  endfacet
  facet normal -0.35324553251740776 0.9355306482186956 0
    outer loop
      vertex 59.671829625964165 8.381381191313267 0.901
      vertex 59.296418234705925 8.239630199968815 1.5
      vertex 59.671829625964165 8.381381191313267 1.5
    endloop
  endfacet
  facet normal -0.46696620124788957 0.8842751646925947 0
    outer loop
      vertex 60.0169515684247 8.563632473349571 0.901
      vertex 59.671829625964165 8.381381191313267 1.5
      vertex 60.0169515684247 8.563632473349571 1.5
    endloop
  endfacet
  facet normal -0.5591642242048847 0.8290569162423949 0
    outer loop
      vertex 60.21386894583702 8.696445010602474 0.901
      vertex 60.0169515684247 8.563632473349571 1.5
      vertex 60.21386894583702 8.696445010602474 1.5
    endloop
  endfacet
  facet normal -0.6269479784244555 0.779061122345024 0
    outer loop
      vertex 60.4205185174942 8.862745866179466 0.901
      vertex 60.21386894583702 8.696445010602474 1.5
      vertex 60.4205185174942 8.862745866179466 1.5
    endloop
  endfacet
  facet normal -0.6783757220713769 0.7347151690989768 0
    outer loop
      vertex 60.636900283396244 9.062535040080547 0.901
      vertex 60.4205185174942 8.862745866179466 1.5
      vertex 60.636900283396244 9.062535040080547 1.5
    endloop
  endfacet
  facet normal -0.7180457744388934 0.6959958805987646 0
    outer loop
      vertex 60.86301424354315 9.295812532305717 0.901
      vertex 60.636900283396244 9.062535040080547 1.5
      vertex 60.86301424354315 9.295812532305717 1.5
    endloop
  endfacet
  facet normal 0.1905612362463357 -0.9816753104974517 0
    outer loop
      vertex 58.70355213433504 9.836551561951637 0.901
      vertex 59.0773481503129 9.909112244844437 1.5
      vertex 58.70355213433504 9.836551561951637 1.5
    endloop
  endfacet
  facet normal 0.33208670695301734 -0.9432488638027086 0
    outer loop
      vertex 59.0773481503129 9.909112244844437 0.901
      vertex 59.42084672302008 10.030046723783016 1.5
      vertex 59.0773481503129 9.909112244844437 1.5
    endloop
  endfacet
  facet normal 0.4755395274025899 -0.8796943548061005 0
    outer loop
      vertex 59.42084672302008 10.030046723783016 0.901
      vertex 59.73404785990715 10.199354983866215 1.5
      vertex 59.42084672302008 10.030046723783016 1.5
    endloop
  endfacet
  facet normal 0.6098230634900693 -0.7925375897934349 0
    outer loop
      vertex 59.73404785990715 10.199354983866215 0.901
      vertex 60.0169515684247 10.417037032544613 1.5
      vertex 59.73404785990715 10.199354983866215 1.5
    endloop
  endfacet
  facet normal 0.7204868596246329 -0.6934685898497743 0
    outer loop
      vertex 60.0169515684247 10.417037032544613 0.901
      vertex 60.264185182750225 10.67390312999487 1.5
      vertex 60.0169515684247 10.417037032544613 1.5
    endloop
  endfacet
  facet normal 0.8121090117375596 -0.5835057438060438 0
    outer loop
      vertex 60.264185182750225 10.67390312999487 0.901
      vertex 60.470296293497086 10.960763528943062 1.5
      vertex 60.264185182750225 10.67390312999487 1.5
    endloop
  endfacet
  facet normal 0.8869598191331115 -0.46184659708972436 0
    outer loop
      vertex 60.470296293497086 10.960763528943062 0.901
      vertex 60.63528490066528 11.27761822938919 1.5
      vertex 60.470296293497086 10.960763528943062 1.5
    endloop
  endfacet
  facet normal 0.9417492621811347 -0.3363158146464246 0
    outer loop
      vertex 60.63528490066528 11.27761822938919 0.901
      vertex 60.75915099680424 11.624467231333256 1.5
      vertex 60.63528490066528 11.27761822938919 1.5
    endloop
  endfacet
  facet normal 0.9860909431359 0.16620665409468843 0
    outer loop
      vertex 61.098860397934914 9.562578342854977 0.901
      vertex 61.098860397934914 9.562578342854977 1.5
      vertex 61.30846153944731 8.319031335413456 1.5
    endloop
  endfacet
  facet normal -0.7491902378879326 0.6623548802971282 0
    outer loop
      vertex 61.098860397934914 9.562578342854977 0.901
      vertex 60.86301424354315 9.295812532305717 1.5
      vertex 61.098860397934914 9.562578342854977 1.5
    endloop
  endfacet
  facet normal 0 1 0
    outer loop
      vertex 62.68792022764683 8.319031335413456 0.901
      vertex 61.30846153944731 8.319031335413456 1.5
      vertex 62.68792022764683 8.319031335413456 1.5
    endloop
  endfacet
  facet normal 1 0 0
    outer loop
      vertex 58.53608261793852 12.001310534775257 0.901
      vertex 58.53608261793852 13.666951566934586 1.5
      vertex 58.53608261793852 12.001310534775257 1.5
    endloop
  endfacet
  facet normal 0 1 0
    outer loop
      vertex 60.84189458936453 12.001310534775257 0.901
      vertex 58.53608261793852 12.001310534775257 1.5
      vertex 60.84189458936453 12.001310534775257 1.5
    endloop
  endfacet
  facet normal 0.9767324589249561 -0.21446142702688756 0
    outer loop
      vertex 60.75915099680424 11.624467231333256 0.901
      vertex 60.84189458936453 12.001310534775257 1.5
      vertex 60.75915099680424 11.624467231333256 1.5
    endloop
  endfacet
  facet normal 0.9530344573679613 0.3028618877794882 0
    outer loop
      vertex 60.60527065396309 15.176039882004261 0.901
      vertex 60.483299143612385 15.55985526740551 1.5
      vertex 60.60527065396309 15.176039882004261 1.5
    endloop
  endfacet
  facet normal -1 0 0
    outer loop
      vertex 62.68792022764683 13.666951566934586 0.901
      vertex 62.68792022764683 8.319031335413456 1.5
      vertex 62.68792022764683 13.666951566934586 1.5
    endloop
  endfacet
  facet normal 0 -1 0
    outer loop
      vertex 62.68792022764683 13.666951566934586 0.901
      vertex 62.68792022764683 13.666951566934586 1.5
      vertex 58.53608261793852 13.666951566934586 1.5
    endloop
  endfacet
  facet normal 0 1 0
    outer loop
      vertex 62.65411680936813 15.176039882004261 0.901
      vertex 60.60527065396309 15.176039882004261 1.5
      vertex 62.65411680936813 15.176039882004261 1.5
    endloop
  endfacet
  facet normal 1 0 0
    outer loop
      vertex 64.7374643906951 8.319031335413456 0.901
      vertex 64.7374643906951 18.287350423634052 1.5
      vertex 64.7374643906951 8.319031335413456 1.5
    endloop
  endfacet
  facet normal -1 0 0
    outer loop
      vertex 66.77284900099039 12.671396009624004 0.901
      vertex 66.77284900099039 10.11230769008398 1.5
      vertex 66.77284900099039 12.671396009624004 1.5
    endloop
  endfacet
  facet normal 0 1 0
    outer loop
      vertex 72.29058404266834 8.319031335413456 0.901
      vertex 64.7374643906951 8.319031335413456 1.5
      vertex 72.29058404266834 8.319031335413456 1.5
    endloop
  endfacet
  facet normal 0 -1 0
    outer loop
      vertex 66.77284900099039 10.11230769008398 0.901
      vertex 72.29058404266834 10.11230769008398 1.5
      vertex 66.77284900099039 10.11230769008398 1.5
    endloop
  endfacet
  facet normal -1 0 0
    outer loop
      vertex 72.29058404266834 10.11230769008398 0.901
      vertex 72.29058404266834 8.319031335413456 1.5
      vertex 72.29058404266834 10.11230769008398 1.5
    endloop
  endfacet
  facet normal 0 1 0
    outer loop
      vertex 71.61431623995304 12.671396009624004 0.901
      vertex 66.77284900099039 12.671396009624004 1.5
      vertex 71.61431623995304 12.671396009624004 1.5
    endloop
  endfacet
  facet normal 0 -1 0
    outer loop
      vertex 66.77284900099039 14.40085469931364 0.901
      vertex 71.61431623995304 14.40085469931364 1.5
      vertex 66.77284900099039 14.40085469931364 1.5
    endloop
  endfacet
  facet normal -1 0 0
    outer loop
      vertex 71.61431623995304 14.40085469931364 0.901
      vertex 71.61431623995304 12.671396009624004 1.5
      vertex 71.61431623995304 14.40085469931364 1.5
    endloop
  endfacet
  facet normal 0 1 0
    outer loop
      vertex 78 8.319031335413456 1.5
      vertex 78 8.319031335413456 0.901
      vertex 73.91404558718204 8.319031335413456 1.5
    endloop
  endfacet
  facet normal 0 -1 0
    outer loop
      vertex 75.9966951534152 10.11230769008398 0.901
      vertex 78 10.11230769008398 1.5
      vertex 75.9966951534152 10.11230769008398 1.5
    endloop
  endfacet
  facet normal 1 0 0
    outer loop
      vertex 73.91404558718204 8.319031335413456 0.901
      vertex 73.91404558718204 18.287350423634052 1.5
      vertex 73.91404558718204 8.319031335413456 1.5
    endloop
  endfacet
  facet normal 0 0 1
    outer loop
      vertex 58.553165808320045 16.816999427974224 0.901
      vertex 58.79090256243944 16.79021994024515 0.901
      vertex 59.0092945843935 18.504095152020454 0.901
    endloop
  endfacet
  facet normal 0 0 1
    outer loop
      vertex 58.79090256243944 16.79021994024515 0.901
      vertex 59.019449569284916 16.745587460696697 0.901
      vertex 59.0092945843935 18.504095152020454 0.901
    endloop
  endfacet
  facet normal 0 0 1
    outer loop
      vertex 59.019449569284916 16.745587460696697 0.901
      vertex 59.23880683630705 16.68310198932886 0.901
      vertex 59.679691165685654 18.38851737231016 0.901
    endloop
  endfacet
  facet normal 0 0 1
    outer loop
      vertex 59.44897435605526 16.602763526141644 0.901
      vertex 59.679691165685654 18.38851737231016 0.901
      vertex 59.23880683630705 16.68310198932886 0.901
    endloop
  endfacet
  facet normal 0 0 1
    outer loop
      vertex 60.306683763861656 15.894435323774815 0.901
      vertex 61.75400056689978 17.1751281991601 0.901
      vertex 60.07542449980974 16.179780051112175 0.901
    endloop
  endfacet
  facet normal 0 0 1
    outer loop
      vertex 59.44897435605526 16.602763526141644 0.901
      vertex 59.7895213663578 16.41588945686817 0.901
      vertex 60.29030655324459 18.195887744426727 0.901
    endloop
  endfacet
  facet normal 0 0 1
    outer loop
      vertex 59.7895213663578 16.41588945686817 0.901
      vertex 60.07542449980974 16.179780051112175 0.901
      vertex 61.33219373226166 17.579472929239273 0.901
    endloop
  endfacet
  facet normal 0 0 1
    outer loop
      vertex 59.7895213663578 16.41588945686817 0.901
      vertex 61.33219373226166 17.579472929239273 0.901
      vertex 60.84114073961973 17.92620626837015 0.901
    endloop
  endfacet
  facet normal 0 0 1
    outer loop
      vertex 58.553165808320045 16.816999427974224 0.901
      vertex 59.0092945843935 18.504095152020454 0.901
      vertex 58.27911680936813 18.542621076107025 0.901
    endloop
  endfacet
  facet normal 0 0 1
    outer loop
      vertex 59.019449569284916 16.745587460696697 0.901
      vertex 59.679691165685654 18.38851737231016 0.901
      vertex 59.0092945843935 18.504095152020454 0.901
    endloop
  endfacet
  facet normal 0 0 1
    outer loop
      vertex 59.44897435605526 16.602763526141644 0.901
      vertex 60.29030655324459 18.195887744426727 0.901
      vertex 59.679691165685654 18.38851737231016 0.901
    endloop
  endfacet
  facet normal 0 0 1
    outer loop
      vertex 59.7895213663578 16.41588945686817 0.901
      vertex 60.84114073961973 17.92620626837015 0.901
      vertex 60.29030655324459 18.195887744426727 0.901
    endloop
  endfacet
  facet normal 0 0 1
    outer loop
      vertex 60.483299143612385 15.55985526740551 0.901
      vertex 62.09709629416466 16.732612535357475 0.901
      vertex 60.306683763861656 15.894435323774815 0.901
    endloop
  endfacet
  facet normal 0 0 1
    outer loop
      vertex 60.483299143612385 15.55985526740551 0.901
      vertex 62.547154419124126 15.733068376779556 0.901
      vertex 62.3614809140563 16.25192592293024 0.901
    endloop
  endfacet
  facet normal 0 0 1
    outer loop
      vertex 60.483299143612385 15.55985526740551 0.901
      vertex 62.3614809140563 16.25192592293024 0.901
      vertex 62.09709629416466 16.732612535357475 0.901
    endloop
  endfacet
  facet normal 0 0 1
    outer loop
      vertex 60.306683763861656 15.894435323774815 0.901
      vertex 62.09709629416466 16.732612535357475 0.901
      vertex 61.75400056689978 17.1751281991601 0.901
    endloop
  endfacet
  facet normal 0 0 1
    outer loop
      vertex 60.07542449980974 16.179780051112175 0.901
      vertex 61.75400056689978 17.1751281991601 0.901
      vertex 61.33219373226166 17.579472929239273 0.901
    endloop
  endfacet
  facet normal 0 0 1
    outer loop
      vertex 64.7374643906951 18.287350423634052 0.901
      vertex 66.77284900099039 14.40085469931364 0.901
      vertex 66.77284900099039 16.519601136446 0.901
    endloop
  endfacet
  facet normal 0 0 1
    outer loop
      vertex 64.7374643906951 18.287350423634052 0.901
      vertex 66.77284900099039 16.519601136446 0.901
      vertex 72.04707977175713 18.287350423634052 0.901
    endloop
  endfacet
  facet normal 0.11193553700534198 0.9937154701197549 0
    outer loop
      vertex 58.553165808320045 16.816999427974224 0.901
      vertex 58.553165808320045 16.816999427974224 1.5
      vertex 58.79090256243944 16.79021994024515 0.901
    endloop
  endfacet
  facet normal 0.19166731563088668 0.9814599533953741 0
    outer loop
      vertex 58.79090256243944 16.79021994024515 0.901
      vertex 58.79090256243944 16.79021994024515 1.5
      vertex 59.019449569284916 16.745587460696697 0.901
    endloop
  endfacet
  facet normal 0.2739588542634065 0.9617414133594756 0
    outer loop
      vertex 59.019449569284916 16.745587460696697 0.901
      vertex 59.019449569284916 16.745587460696697 1.5
      vertex 59.23880683630705 16.68310198932886 0.901
    endloop
  endfacet
  facet normal 0.3570610529561413 0.9340810481226196 0
    outer loop
      vertex 59.44897435605526 16.602763526141644 0.901
      vertex 59.23880683630705 16.68310198932886 0.901
      vertex 59.23880683630705 16.68310198932886 1.5
    endloop
  endfacet
  facet normal 0.4810750041320793 0.8766794399319058 0
    outer loop
      vertex 59.44897435605526 16.602763526141644 0.901
      vertex 59.44897435605526 16.602763526141644 1.5
      vertex 59.7895213663578 16.41588945686817 0.901
    endloop
  endfacet
  facet normal 0.6367669160234082 0.7710563498590994 0
    outer loop
      vertex 59.7895213663578 16.41588945686817 0.901
      vertex 59.7895213663578 16.41588945686817 1.5
      vertex 60.07542449980974 16.179780051112175 0.901
    endloop
  endfacet
  facet normal 0.7768906887133618 0.6296354959740424 0
    outer loop
      vertex 60.306683763861656 15.894435323774815 0.901
      vertex 60.07542449980974 16.179780051112175 0.901
      vertex 60.07542449980974 16.179780051112175 1.5
    endloop
  endfacet
  facet normal 0.8843504237603216 0.4668236583496381 0
    outer loop
      vertex 60.483299143612385 15.55985526740551 0.901
      vertex 60.306683763861656 15.894435323774815 0.901
      vertex 60.306683763861656 15.894435323774815 1.5
    endloop
  endfacet
  facet normal -0.052689100560573895 -0.9986109646314313 0
    outer loop
      vertex 58.27911680936813 18.542621076107025 0.901
      vertex 59.0092945843935 18.504095152020454 0.901
      vertex 59.0092945843935 18.504095152020454 1.5
    endloop
  endfacet
  facet normal -0.16989572784289514 -0.9854620447590728 0
    outer loop
      vertex 59.0092945843935 18.504095152020454 0.901
      vertex 59.679691165685654 18.38851737231016 0.901
      vertex 59.679691165685654 18.38851737231016 1.5
    endloop
  endfacet
  facet normal -0.30085259393833413 -0.9536706542200908 0
    outer loop
      vertex 59.679691165685654 18.38851737231016 0.901
      vertex 60.29030655324459 18.195887744426727 0.901
      vertex 60.29030655324459 18.195887744426727 1.5
    endloop
  endfacet
  facet normal -0.4397163983502871 -0.8981366761366845 0
    outer loop
      vertex 60.29030655324459 18.195887744426727 0.901
      vertex 60.84114073961973 17.92620626837015 0.901
      vertex 60.84114073961973 17.92620626837015 1.5
    endloop
  endfacet
  facet normal -0.7902887121335868 -0.6127346501335115 0
    outer loop
      vertex 61.75400056689978 17.1751281991601 0.901
      vertex 62.09709629416466 16.732612535357475 0.901
      vertex 62.09709629416466 16.732612535357475 1.5
    endloop
  endfacet
  facet normal -0.6920063256909772 -0.7218914358846995 0
    outer loop
      vertex 61.75400056689978 17.1751281991601 0.901
      vertex 61.75400056689978 17.1751281991601 1.5
      vertex 61.33219373226166 17.579472929239273 0.901
    endloop
  endfacet
  facet normal -0.9415306493922089 -0.3369273456623631 0
    outer loop
      vertex 62.547154419124126 15.733068376779556 0.901
      vertex 62.547154419124126 15.733068376779556 1.5
      vertex 62.3614809140563 16.25192592293024 0.901
    endloop
  endfacet
  facet normal -0.8762105336407351 -0.4819285224356598 0
    outer loop
      vertex 62.3614809140563 16.25192592293024 0.901
      vertex 62.3614809140563 16.25192592293024 1.5
      vertex 62.09709629416466 16.732612535357475 0.901
    endloop
  endfacet
  facet normal -0.5768027680649912 -0.8168834474712804 0
    outer loop
      vertex 60.84114073961973 17.92620626837015 0.901
      vertex 61.33219373226166 17.579472929239273 0.901
      vertex 61.33219373226166 17.579472929239273 1.5
    endloop
  endfacet
  facet normal 0 0 1
    outer loop
      vertex 66.77284900099039 16.519601136446 0.901
      vertex 72.04707977175713 16.519601136446 0.901
      vertex 72.04707977175713 18.287350423634052 0.901
    endloop
  endfacet
  facet normal 0 0 1
    outer loop
      vertex 75.9966951534152 10.11230769008398 0.901
      vertex 75.9966951534152 18.287350423634052 0.901
      vertex 73.91404558718204 18.287350423634052 0.901
    endloop
  endfacet
  facet normal 0 1 0
    outer loop
      vertex 66.77284900099039 16.519601136446 0.901
      vertex 66.77284900099039 16.519601136446 1.5
      vertex 72.04707977175713 16.519601136446 0.901
    endloop
  endfacet
  facet normal 0 -1 0
    outer loop
      vertex 64.7374643906951 18.287350423634052 0.901
      vertex 72.04707977175713 18.287350423634052 0.901
      vertex 72.04707977175713 18.287350423634052 1.5
    endloop
  endfacet
  facet normal -1 0 0
    outer loop
      vertex 72.04707977175713 16.519601136446 0.901
      vertex 72.04707977175713 16.519601136446 1.5
      vertex 72.04707977175713 18.287350423634052 0.901
    endloop
  endfacet
  facet normal 0 -1 0
    outer loop
      vertex 73.91404558718204 18.287350423634052 0.901
      vertex 75.9966951534152 18.287350423634052 0.901
      vertex 75.9966951534152 18.287350423634052 1.5
    endloop
  endfacet
  facet normal 0.11193553700534198 0.9937154701197549 0
    outer loop
      vertex 58.79090256243944 16.79021994024515 0.901
      vertex 58.553165808320045 16.816999427974224 1.5
      vertex 58.79090256243944 16.79021994024515 1.5
    endloop
  endfacet
  facet normal 0.19166731563088668 0.9814599533953741 0
    outer loop
      vertex 59.019449569284916 16.745587460696697 0.901
      vertex 58.79090256243944 16.79021994024515 1.5
      vertex 59.019449569284916 16.745587460696697 1.5
    endloop
  endfacet
  facet normal 0.2739588542634065 0.9617414133594756 0
    outer loop
      vertex 59.23880683630705 16.68310198932886 0.901
      vertex 59.019449569284916 16.745587460696697 1.5
      vertex 59.23880683630705 16.68310198932886 1.5
    endloop
  endfacet
  facet normal 0.3570610529561413 0.9340810481226196 0
    outer loop
      vertex 59.44897435605526 16.602763526141644 0.901
      vertex 59.23880683630705 16.68310198932886 1.5
      vertex 59.44897435605526 16.602763526141644 1.5
    endloop
  endfacet
  facet normal 0.4810750041320793 0.8766794399319058 0
    outer loop
      vertex 59.7895213663578 16.41588945686817 0.901
      vertex 59.44897435605526 16.602763526141644 1.5
      vertex 59.7895213663578 16.41588945686817 1.5
    endloop
  endfacet
  facet normal 0.6367669160234082 0.7710563498590994 0
    outer loop
      vertex 60.07542449980974 16.179780051112175 0.901
      vertex 59.7895213663578 16.41588945686817 1.5
      vertex 60.07542449980974 16.179780051112175 1.5
    endloop
  endfacet
  facet normal 0.7768906887133618 0.6296354959740424 0
    outer loop
      vertex 60.306683763861656 15.894435323774815 0.901
      vertex 60.07542449980974 16.179780051112175 1.5
      vertex 60.306683763861656 15.894435323774815 1.5
    endloop
  endfacet
  facet normal 0.8843504237603216 0.4668236583496381 0
    outer loop
      vertex 60.483299143612385 15.55985526740551 0.901
      vertex 60.306683763861656 15.894435323774815 1.5
      vertex 60.483299143612385 15.55985526740551 1.5
    endloop
  endfacet
  facet normal -0.052689100560573895 -0.9986109646314313 0
    outer loop
      vertex 58.27911680936813 18.542621076107025 0.901
      vertex 59.0092945843935 18.504095152020454 1.5
      vertex 58.27911680936813 18.542621076107025 1.5
    endloop
  endfacet
  facet normal -0.16989572784289514 -0.9854620447590728 0
    outer loop
      vertex 59.0092945843935 18.504095152020454 0.901
      vertex 59.679691165685654 18.38851737231016 1.5
      vertex 59.0092945843935 18.504095152020454 1.5
    endloop
  endfacet
  facet normal -0.30085259393833413 -0.9536706542200908 0
    outer loop
      vertex 59.679691165685654 18.38851737231016 0.901
      vertex 60.29030655324459 18.195887744426727 1.5
      vertex 59.679691165685654 18.38851737231016 1.5
    endloop
  endfacet
  facet normal -0.4397163983502871 -0.8981366761366845 0
    outer loop
      vertex 60.29030655324459 18.195887744426727 0.901
      vertex 60.84114073961973 17.92620626837015 1.5
      vertex 60.29030655324459 18.195887744426727 1.5
    endloop
  endfacet
  facet normal -0.7902887121335868 -0.6127346501335115 0
    outer loop
      vertex 61.75400056689978 17.1751281991601 0.901
      vertex 62.09709629416466 16.732612535357475 1.5
      vertex 61.75400056689978 17.1751281991601 1.5
    endloop
  endfacet
  facet normal -0.982058223593296 -0.18857795595662818 0
    outer loop
      vertex 62.547154419124126 15.733068376779556 0.901
      vertex 62.65411680936813 15.176039882004261 1.5
      vertex 62.547154419124126 15.733068376779556 1.5
    endloop
  endfacet
  facet normal -0.9415306493922089 -0.3369273456623631 0
    outer loop
      vertex 62.3614809140563 16.25192592293024 0.901
      vertex 62.547154419124126 15.733068376779556 1.5
      vertex 62.3614809140563 16.25192592293024 1.5
    endloop
  endfacet
  facet normal -0.8762105336407351 -0.4819285224356598 0
    outer loop
      vertex 62.09709629416466 16.732612535357475 0.901
      vertex 62.3614809140563 16.25192592293024 1.5
      vertex 62.09709629416466 16.732612535357475 1.5
    endloop
  endfacet
  facet normal -0.5768027680649912 -0.8168834474712804 0
    outer loop
      vertex 60.84114073961973 17.92620626837015 0.901
      vertex 61.33219373226166 17.579472929239273 1.5
      vertex 60.84114073961973 17.92620626837015 1.5
    endloop
  endfacet
  facet normal -0.6920063256909772 -0.7218914358846995 0
    outer loop
      vertex 61.33219373226166 17.579472929239273 0.901
      vertex 61.75400056689978 17.1751281991601 1.5
      vertex 61.33219373226166 17.579472929239273 1.5
    endloop
  endfacet
  facet normal -1 0 0
    outer loop
      vertex 66.77284900099039 16.519601136446 0.901
      vertex 66.77284900099039 14.40085469931364 1.5
      vertex 66.77284900099039 16.519601136446 1.5
    endloop
  endfacet
  facet normal 0 -1 0
    outer loop
      vertex 64.7374643906951 18.287350423634052 0.901
      vertex 72.04707977175713 18.287350423634052 1.5
      vertex 64.7374643906951 18.287350423634052 1.5
    endloop
  endfacet
  facet normal 0 1 0
    outer loop
      vertex 72.04707977175713 16.519601136446 0.901
      vertex 66.77284900099039 16.519601136446 1.5
      vertex 72.04707977175713 16.519601136446 1.5
    endloop
  endfacet
  facet normal -1 0 0
    outer loop
      vertex 72.04707977175713 18.287350423634052 0.901
      vertex 72.04707977175713 16.519601136446 1.5
      vertex 72.04707977175713 18.287350423634052 1.5
    endloop
  endfacet
  facet normal 0 -1 0
    outer loop
      vertex 73.91404558718204 18.287350423634052 0.901
      vertex 75.9966951534152 18.287350423634052 1.5
      vertex 73.91404558718204 18.287350423634052 1.5
    endloop
  endfacet
  facet normal -1 0 0
    outer loop
      vertex 75.9966951534152 18.287350423634052 0.901
      vertex 75.9966951534152 10.11230769008398 1.5
      vertex 75.9966951534152 18.287350423634052 1.5
    endloop
  endfacet
  facet normal 0 0 1
    outer loop
      vertex 34.981159418821335 32.65846464037895 0.901
      vertex 37.39246376603842 32.06235180050135 0.901
      vertex 47.7211841493845 44.26829628646374 0.901
    endloop
  endfacet
  facet normal 0 0 1
    outer loop
      vertex 37.39246376603842 32.06235180050135 0.901
      vertex 39 31.929378516972065 0.901
      vertex 47.7211841493845 44.26829628646374 0.901
    endloop
  endfacet
  facet normal 0 0 1
    outer loop
      vertex 39 31.929378516972065 0.901
      vertex 40.76828985661268 32.07564912736416 0.901
      vertex 47.7211841493845 44.26829628646374 0.901
    endloop
  endfacet
  facet normal 0 0 1
    outer loop
      vertex 40.76828985661268 32.07564912736416 0.901
      vertex 43.179594203829765 32.73062900453806 0.901
      vertex 47.7211841493845 44.26829628646374 0.901
    endloop
  endfacet
  facet normal 0 0 1
    outer loop
      vertex 43.179594203829765 32.73062900453806 0.901
      vertex 44.537215523421764 33.340082600712776 0.901
      vertex 47.7211841493845 44.26829628646374 0.901
    endloop
  endfacet
  facet normal 0 0 1
    outer loop
      vertex 44.537215523421764 33.340082600712776 0.901
      vertex 46.047538578510284 34.38107678294182 0.901
      vertex 47.7211841493845 44.26829628646374 0.901
    endloop
  endfacet
  facet normal 0 0 1
    outer loop
      vertex 46.047538578510284 34.38107678294182 0.901
      vertex 47.287028670310974 35.64953187853098 0.901
      vertex 47.7211841493845 44.26829628646374 0.901
    endloop
  endfacet
  facet normal -0.08243713197480228 0.9965962669365008 0
    outer loop
      vertex 39 31.929378516972065 0.901
      vertex 39 31.929378516972065 1.5
      vertex 40.76828985661268 32.07564912736416 0.901
    endloop
  endfacet
  facet normal -0.4095396956363169 0.912292298388029 0
    outer loop
      vertex 43.179594203829765 32.73062900453806 0.901
      vertex 43.179594203829765 32.73062900453806 1.5
      vertex 44.537215523421764 33.340082600712776 0.901
    endloop
  endfacet
  facet normal -0.5675083407672519 0.8233676476274744 0
    outer loop
      vertex 44.537215523421764 33.340082600712776 0.901
      vertex 44.537215523421764 33.340082600712776 1.5
      vertex 46.047538578510284 34.38107678294182 0.901
    endloop
  endfacet
  facet normal -0.7152256683535637 0.6988935851245153 0
    outer loop
      vertex 46.047538578510284 34.38107678294182 0.901
      vertex 46.047538578510284 34.38107678294182 1.5
      vertex 47.287028670310974 35.64953187853098 0.901
    endloop
  endfacet
  facet normal -0.8436356412784608 0.5369161058905575 0
    outer loop
      vertex 47.287028670310974 35.64953187853098 0.901
      vertex 47.287028670310974 35.64953187853098 1.5
      vertex 48.20805289596319 37.096701845526695 0.901
    endloop
  endfacet
  facet normal -0.9405306217253219 0.33970891892468674 0
    outer loop
      vertex 48.20805289596319 37.096701845526695 0.901
      vertex 48.20805289596319 37.096701845526695 1.5
      vertex 48.775216817855835 38.666972763836384 0.901
    endloop
  endfacet
  facet normal 0 0 1
    outer loop
      vertex 29.14209621399641 39.372061893343925 0.901
      vertex 47.7211841493845 44.26829628646374 0.901
      vertex 48.147492215037346 46.12459193170071 0.901
    endloop
  endfacet
  facet normal 0 0 1
    outer loop
      vertex 47.287028670310974 35.64953187853098 0.901
      vertex 48.20805289596319 37.096701845526695 0.901
      vertex 47.7211841493845 44.26829628646374 0.901
    endloop
  endfacet
  facet normal 0 0 1
    outer loop
      vertex 48.20805289596319 37.096701845526695 0.901
      vertex 48.775216817855835 38.666972763836384 0.901
      vertex 48.775216817855835 41.93302723765373 0.901
    endloop
  endfacet
  facet normal 0 0 1
    outer loop
      vertex 48.20805289596319 37.096701845526695 0.901
      vertex 48.20805289596319 43.50329815596342 0.901
      vertex 47.7211841493845 44.26829628646374 0.901
    endloop
  endfacet
  facet normal 0 0 1
    outer loop
      vertex 48.20805289596319 37.096701845526695 0.901
      vertex 48.775216817855835 41.93302723765373 0.901
      vertex 48.20805289596319 43.50329815596342 0.901
    endloop
  endfacet
  facet normal -0.9405306217253219 -0.33970891892468674 0
    outer loop
      vertex 48.775216817855835 41.93302723765373 0.901
      vertex 48.775216817855835 41.93302723765373 1.5
      vertex 48.20805289596319 43.50329815596342 0.901
    endloop
  endfacet
  facet normal -0.843635635359411 -0.5369161151909325 0
    outer loop
      vertex 48.20805289596319 43.50329815596342 0.901
      vertex 48.20805289596319 43.50329815596342 1.5
      vertex 47.7211841493845 44.26829628646374 0.901
    endloop
  endfacet
  facet normal -0.9746285294627597 0.22382857180721755 0
    outer loop
      vertex 47.7211841493845 44.26829628646374 0.901
      vertex 47.7211841493845 44.26829628646374 1.5
      vertex 48.147492215037346 46.12459193170071 0.901
    endloop
  endfacet
  facet normal -0.6298369562575087 0.7767273707886682 0
    outer loop
      vertex 48.147492215037346 46.12459193170071 0.901
      vertex 48.147492215037346 46.12459193170071 1.5
      vertex 48.53823967278004 46.441443376243114 0.901
    endloop
  endfacet
  facet normal 0 0 1
    outer loop
      vertex 48.775216817855835 38.666972763836384 0.901
      vertex 48.96672464162111 40.29999999701977 0.901
      vertex 48.775216817855835 41.93302723765373 0.901
    endloop
  endfacet
  facet normal -0.9931938007295215 0.11647349137227543 0
    outer loop
      vertex 48.775216817855835 38.666972763836384 0.901
      vertex 48.775216817855835 38.666972763836384 1.5
      vertex 48.96672464162111 40.29999999701977 0.901
    endloop
  endfacet
  facet normal -0.9931938007909945 -0.11647349084808176 0
    outer loop
      vertex 48.96672464162111 40.29999999701977 0.901
      vertex 48.96672464162111 40.29999999701977 1.5
      vertex 48.775216817855835 41.93302723765373 0.901
    endloop
  endfacet
  facet normal -0.08243713197480228 0.9965962669365008 0
    outer loop
      vertex 40.76828985661268 32.07564912736416 0.901
      vertex 39 31.929378516972065 1.5
      vertex 40.76828985661268 32.07564912736416 1.5
    endloop
  endfacet
  facet normal 1 0 0
    outer loop
      vertex 40.76828985661268 32.07564912736416 0.901
      vertex 40.76828985661268 32.07564912736416 1.5
      vertex 40.76828985661268 29.542101448063278 1.5
    endloop
  endfacet
  facet normal -0.4095396956363169 0.912292298388029 0
    outer loop
      vertex 44.537215523421764 33.340082600712776 0.901
      vertex 43.179594203829765 32.73062900453806 1.5
      vertex 44.537215523421764 33.340082600712776 1.5
    endloop
  endfacet
  facet normal -0.5675083407672519 0.8233676476274744 0
    outer loop
      vertex 46.047538578510284 34.38107678294182 0.901
      vertex 44.537215523421764 33.340082600712776 1.5
      vertex 46.047538578510284 34.38107678294182 1.5
    endloop
  endfacet
  facet normal -0.7152256683535637 0.6988935851245153 0
    outer loop
      vertex 47.287028670310974 35.64953187853098 0.901
      vertex 46.047538578510284 34.38107678294182 1.5
      vertex 47.287028670310974 35.64953187853098 1.5
    endloop
  endfacet
  facet normal -0.8436356412784608 0.5369161058905575 0
    outer loop
      vertex 48.20805289596319 37.096701845526695 0.901
      vertex 47.287028670310974 35.64953187853098 1.5
      vertex 48.20805289596319 37.096701845526695 1.5
    endloop
  endfacet
  facet normal -0.9405306217253219 0.33970891892468674 0
    outer loop
      vertex 48.775216817855835 38.666972763836384 0.901
      vertex 48.20805289596319 37.096701845526695 1.5
      vertex 48.775216817855835 38.666972763836384 1.5
    endloop
  endfacet
  facet normal -0.9405306217253219 -0.33970891892468674 0
    outer loop
      vertex 48.20805289596319 43.50329815596342 0.901
      vertex 48.775216817855835 41.93302723765373 1.5
      vertex 48.20805289596319 43.50329815596342 1.5
    endloop
  endfacet
  facet normal -0.843635635359411 -0.5369161151909325 0
    outer loop
      vertex 47.7211841493845 44.26829628646374 0.901
      vertex 48.20805289596319 43.50329815596342 1.5
      vertex 47.7211841493845 44.26829628646374 1.5
    endloop
  endfacet
  facet normal -0.9746285294627597 0.22382857180721755 0
    outer loop
      vertex 48.147492215037346 46.12459193170071 0.901
      vertex 47.7211841493845 44.26829628646374 1.5
      vertex 48.147492215037346 46.12459193170071 1.5
    endloop
  endfacet
  facet normal -0.6298369562575087 0.7767273707886682 0
    outer loop
      vertex 48.53823967278004 46.441443376243114 0.901
      vertex 48.147492215037346 46.12459193170071 1.5
      vertex 48.53823967278004 46.441443376243114 1.5
    endloop
  endfacet
  facet normal -0.9931938007295215 0.11647349137227543 0
    outer loop
      vertex 48.96672464162111 40.29999999701977 0.901
      vertex 48.775216817855835 38.666972763836384 1.5
      vertex 48.96672464162111 40.29999999701977 1.5
    endloop
  endfacet
  facet normal -0.9931938007909945 -0.11647349084808176 0
    outer loop
      vertex 48.775216817855835 41.93302723765373 0.901
      vertex 48.96672464162111 40.29999999701977 1.5
      vertex 48.775216817855835 41.93302723765373 1.5
    endloop
  endfacet
  facet normal 0 0 1
    outer loop
      vertex 35.1858996078372 48.03344585746527 0.901
      vertex 48.147492215037346 46.12459193170071 0.901
      vertex 37.055588476359844 48.5097823292017 0.901
    endloop
  endfacet
  facet normal 0 0 1
    outer loop
      vertex 37.055588476359844 48.5097823292017 0.901
      vertex 48.147492215037346 46.12459193170071 0.901
      vertex 39 48.67062148451805 0.901
    endloop
  endfacet
  facet normal 0 0 1
    outer loop
      vertex 39 48.67062148451805 0.901
      vertex 48.147492215037346 46.12459193170071 0.901
      vertex 39.164965122938156 48.65697578340769 0.901
    endloop
  endfacet
  facet normal 0 0 1
    outer loop
      vertex 39.164965122938156 48.65697578340769 0.901
      vertex 48.147492215037346 46.12459193170071 0.901
      vertex 39.56122715771198 49.35559918731451 0.901
    endloop
  endfacet
  facet normal 0 0 1
    outer loop
      vertex 39.56122715771198 49.35559918731451 0.901
      vertex 48.80251382291317 53.53596029430628 0.901
      vertex 39.4822608679533 50.14778998494148 0.901
    endloop
  endfacet
  facet normal 0 0 1
    outer loop
      vertex 39.4822608679533 50.14778998494148 0.901
      vertex 48.80251382291317 53.53596029430628 0.901
      vertex 39.58419244736433 51.17036870867014 0.901
    endloop
  endfacet
  facet normal 0 0 1
    outer loop
      vertex 39.58419244736433 51.17036870867014 0.901
      vertex 48.80251382291317 53.53596029430628 0.901
      vertex 39.886070020496845 52.15365029871464 0.901
    endloop
  endfacet
  facet normal 0 0 1
    outer loop
      vertex 39.886070020496845 52.15365029871464 0.901
      vertex 48.80251382291317 53.53596029430628 0.901
      vertex 40.37629259377718 53.05984781682491 0.901
    endloop
  endfacet
  facet normal 0 0 1
    outer loop
      vertex 40.37629259377718 53.05984781682491 0.901
      vertex 48.80251382291317 53.53596029430628 0.901
      vertex 40.93250065296888 53.72950170189142 0.901
    endloop
  endfacet
  facet normal 0 0 1
    outer loop
      vertex 40.86580780148506 53.80979743599892 0.901
      vertex 40.93250065296888 53.72950170189142 0.901
      vertex 49.368608705699444 54.91284964978695 0.901
    endloop
  endfacet
  facet normal 0 0 1
    outer loop
      vertex 39.56122715771198 49.35559918731451 0.901
      vertex 48.147492215037346 46.12459193170071 0.901
      vertex 48.80251382291317 53.53596029430628 0.901
    endloop
  endfacet
  facet normal 0 0 1
    outer loop
      vertex 48.147492215037346 46.12459193170071 0.901
      vertex 48.53823967278004 46.441443376243114 0.901
      vertex 49.28823188692331 52.89299164712429 0.901
    endloop
  endfacet
  facet normal 0 0 1
    outer loop
      vertex 40.93250065296888 53.72950170189142 0.901
      vertex 48.80251382291317 53.53596029430628 0.901
      vertex 49.02996031194925 53.80979743599892 0.901
    endloop
  endfacet
  facet normal 0 0 1
    outer loop
      vertex 48.147492215037346 46.12459193170071 0.901
      vertex 49.197968274354935 53.05984781682491 0.901
      vertex 48.80251382291317 53.53596029430628 0.901
    endloop
  endfacet
  facet normal 0 0 1
    outer loop
      vertex 40.93250065296888 53.72950170189142 0.901
      vertex 49.02996031194925 53.80979743599892 0.901
      vertex 49.21565068513155 54.15305407345295 0.901
    endloop
  endfacet
  facet normal 0 0 1
    outer loop
      vertex 40.93250065296888 53.72950170189142 0.901
      vertex 49.21565068513155 54.15305407345295 0.901
      vertex 49.329998254776 54.52550921589136 0.901
    endloop
  endfacet
  facet normal -0.08243715109306733 -0.9965962653550627 0
    outer loop
      vertex 39 48.67062148451805 0.901
      vertex 39.164965122938156 48.65697578340769 0.901
      vertex 39.164965122938156 48.65697578340769 1.5
    endloop
  endfacet
  facet normal 0.869821613598635 -0.49336635527432043 0
    outer loop
      vertex 39.164965122938156 48.65697578340769 0.901
      vertex 39.56122715771198 49.35559918731451 0.901
      vertex 39.56122715771198 49.35559918731451 1.5
    endloop
  endfacet
  facet normal 0.9950685790392038 0.09918932910802424 0
    outer loop
      vertex 39.56122715771198 49.35559918731451 0.901
      vertex 39.4822608679533 50.14778998494148 0.901
      vertex 39.4822608679533 50.14778998494148 1.5
    endloop
  endfacet
  facet normal 0.9950685776573173 -0.0991893429711253 0
    outer loop
      vertex 39.4822608679533 50.14778998494148 0.901
      vertex 39.58419244736433 51.17036870867014 0.901
      vertex 39.58419244736433 51.17036870867014 1.5
    endloop
  endfacet
  facet normal 0.9559620813352572 -0.2934902026459536 0
    outer loop
      vertex 39.58419244736433 51.17036870867014 0.901
      vertex 39.886070020496845 52.15365029871464 0.901
      vertex 39.886070020496845 52.15365029871464 1.5
    endloop
  endfacet
  facet normal 0.879549712964982 -0.4758070012339222 0
    outer loop
      vertex 39.886070020496845 52.15365029871464 0.901
      vertex 40.37629259377718 53.05984781682491 0.901
      vertex 40.37629259377718 53.05984781682491 1.5
    endloop
  endfacet
  facet normal 0.769258003160755 -0.6389382791577977 0
    outer loop
      vertex 40.37629259377718 53.05984781682491 0.901
      vertex 40.93250065296888 53.72950170189142 0.901
      vertex 40.37629259377718 53.05984781682491 1.5
    endloop
  endfacet
  facet normal 0.8795497171601618 0.4758069934789518 0
    outer loop
      vertex 40.86580780148506 53.80979743599892 0.901
      vertex 40.680117435753345 54.15305407345295 0.901
      vertex 40.680117435753345 54.15305407345295 1.5
    endloop
  endfacet
  facet normal 0.7692580546819753 0.6389382171281534 0
    outer loop
      vertex 40.86580780148506 53.80979743599892 0.901
      vertex 40.86580780148506 53.80979743599892 1.5
      vertex 40.93250065296888 53.72950170189142 0.901
    endloop
  endfacet
  facet normal 0 0 1
    outer loop
      vertex 40.680117435753345 54.15305407345295 0.901
      vertex 49.368608705699444 54.91284964978695 0.901
      vertex 40.565769873559475 54.52550921589136 0.901
    endloop
  endfacet
  facet normal 0 0 1
    outer loop
      vertex 40.86580780148506 53.80979743599892 0.901
      vertex 49.368608705699444 54.91284964978695 0.901
      vertex 40.680117435753345 54.15305407345295 0.901
    endloop
  endfacet
  facet normal 0 0 1
    outer loop
      vertex 40.565769873559475 54.52550921589136 0.901
      vertex 49.21565068513155 55.67264522612095 0.901
      vertex 40.52715942263603 54.91284964978695 0.901
    endloop
  endfacet
  facet normal 0 0 1
    outer loop
      vertex 40.52715942263603 54.91284964978695 0.901
      vertex 49.21565068513155 55.67264522612095 0.901
      vertex 40.565769873559475 55.300190068781376 0.901
    endloop
  endfacet
  facet normal 0 0 1
    outer loop
      vertex 40.565769873559475 55.300190068781376 0.901
      vertex 49.21565068513155 55.67264522612095 0.901
      vertex 40.680117435753345 55.67264522612095 0.901
    endloop
  endfacet
  facet normal 0 0 1
    outer loop
      vertex 40.680117435753345 55.67264522612095 0.901
      vertex 49.02996031194925 56.01590186357498 0.901
      vertex 40.86580780148506 56.01590186357498 0.901
    endloop
  endfacet
  facet normal 0 0 1
    outer loop
      vertex 40.86580780148506 56.01590186357498 0.901
      vertex 49.02996031194925 56.01590186357498 0.901
      vertex 41.115705005824566 56.31676881760359 0.901
    endloop
  endfacet
  facet normal 0 0 1
    outer loop
      vertex 41.76760786026716 56.74715843051672 0.901
      vertex 43.10391852259636 56.80759325623512 0.901
      vertex 42.144561260938644 56.86014147847891 0.901
    endloop
  endfacet
  facet normal 0 0 1
    outer loop
      vertex 42.144561260938644 56.86014147847891 0.901
      vertex 43.10391852259636 56.80759325623512 0.901
      vertex 42.536579713225365 56.89829117804766 0.901
    endloop
  endfacet
  facet normal 0 0 1
    outer loop
      vertex 42.536579713225365 56.89829117804766 0.901
      vertex 43.10391852259636 56.80759325623512 0.901
      vertex 42.928598158061504 56.86014147847891 0.901
    endloop
  endfacet
  facet normal 0 0 1
    outer loop
      vertex 41.115705005824566 56.31676881760359 0.901
      vertex 48.78006312251091 56.31676881760359 0.901
      vertex 41.42020561546087 56.563683934509754 0.901
    endloop
  endfacet
  facet normal 0 0 1
    outer loop
      vertex 43.10391852259636 56.80759325623512 0.901
      vertex 43.52700935304165 57.42861606925726 0.901
      vertex 43.277112148702145 57.12774910777807 0.901
    endloop
  endfacet
  facet normal 0 0 1
    outer loop
      vertex 41.42020561546087 56.563683934509754 0.901
      vertex 48.128160268068314 56.74715843051672 0.901
      vertex 41.76760786026716 56.74715843051672 0.901
    endloop
  endfacet
  facet normal 0 0 1
    outer loop
      vertex 43.10391852259636 56.80759325623512 0.901
      vertex 43.831509962677956 57.67553120106459 0.901
      vertex 43.52700935304165 57.42861606925726 0.901
    endloop
  endfacet
  facet normal 0 0 1
    outer loop
      vertex 43.10391852259636 56.80759325623512 0.901
      vertex 44.178912207484245 57.85900568962097 0.901
      vertex 43.831509962677956 57.67553120106459 0.901
    endloop
  endfacet
  facet normal 0 0 1
    outer loop
      vertex 40.680117435753345 55.67264522612095 0.901
      vertex 49.21565068513155 55.67264522612095 0.901
      vertex 49.02996031194925 56.01590186357498 0.901
    endloop
  endfacet
  facet normal 0 0 1
    outer loop
      vertex 41.76760786026716 56.74715843051672 0.901
      vertex 48.128160268068314 56.74715843051672 0.901
      vertex 43.10391852259636 56.80759325623512 0.901
    endloop
  endfacet
  facet normal 0 0 1
    outer loop
      vertex 43.10391852259636 56.80759325623512 0.901
      vertex 44.55586560815573 57.971988722682 0.901
      vertex 44.178912207484245 57.85900568962097 0.901
    endloop
  endfacet
  facet normal 0 0 1
    outer loop
      vertex 43.10391852259636 56.80759325623512 0.901
      vertex 44.94788406044245 58.01013842970133 0.901
      vertex 44.55586560815573 57.971988722682 0.901
    endloop
  endfacet
  facet normal 0 0 1
    outer loop
      vertex 43.10391852259636 56.80759325623512 0.901
      vertex 45.33990250527859 57.971988722682 0.901
      vertex 44.94788406044245 58.01013842970133 0.901
    endloop
  endfacet
  facet normal 0 0 1
    outer loop
      vertex 43.10391852259636 56.80759325623512 0.901
      vertex 45.71685592085123 57.85900568962097 0.901
      vertex 45.33990250527859 57.971988722682 0.901
    endloop
  endfacet
  facet normal 0 0 1
    outer loop
      vertex 43.10391852259636 56.80759325623512 0.901
      vertex 46.06425816565752 57.67553120106459 0.901
      vertex 45.71685592085123 57.85900568962097 0.901
    endloop
  endfacet
  facet normal 0 0 1
    outer loop
      vertex 43.10391852259636 56.80759325623512 0.901
      vertex 46.61865596473217 57.12774910777807 0.901
      vertex 46.36875877529383 57.42861606925726 0.901
    endloop
  endfacet
  facet normal 0 0 1
    outer loop
      vertex 43.10391852259636 56.80759325623512 0.901
      vertex 46.791849583387375 56.80759325623512 0.901
      vertex 46.61865596473217 57.12774910777807 0.901
    endloop
  endfacet
  facet normal 0 0 1
    outer loop
      vertex 41.115705005824566 56.31676881760359 0.901
      vertex 49.02996031194925 56.01590186357498 0.901
      vertex 48.78006312251091 56.31676881760359 0.901
    endloop
  endfacet
  facet normal 0 0 1
    outer loop
      vertex 41.42020561546087 56.563683934509754 0.901
      vertex 48.4755625128746 56.563683934509754 0.901
      vertex 48.128160268068314 56.74715843051672 0.901
    endloop
  endfacet
  facet normal 0 0 1
    outer loop
      vertex 41.42020561546087 56.563683934509754 0.901
      vertex 48.78006312251091 56.31676881760359 0.901
      vertex 48.4755625128746 56.563683934509754 0.901
    endloop
  endfacet
  facet normal 0 0 1
    outer loop
      vertex 43.10391852259636 56.80759325623512 0.901
      vertex 48.128160268068314 56.74715843051672 0.901
      vertex 46.791849583387375 56.80759325623512 0.901
    endloop
  endfacet
  facet normal 0 0 1
    outer loop
      vertex 43.10391852259636 56.80759325623512 0.901
      vertex 46.36875877529383 57.42861606925726 0.901
      vertex 46.06425816565752 57.67553120106459 0.901
    endloop
  endfacet
  facet normal 0 0 1
    outer loop
      vertex 40.93250065296888 53.72950170189142 0.901
      vertex 49.329998254776 54.52550921589136 0.901
      vertex 49.368608705699444 54.91284964978695 0.901
    endloop
  endfacet
  facet normal 0 0 1
    outer loop
      vertex 40.565769873559475 54.52550921589136 0.901
      vertex 49.368608705699444 54.91284964978695 0.901
      vertex 49.329998254776 55.300190068781376 0.901
    endloop
  endfacet
  facet normal 0 0 1
    outer loop
      vertex 40.565769873559475 54.52550921589136 0.901
      vertex 49.329998254776 55.300190068781376 0.901
      vertex 49.21565068513155 55.67264522612095 0.901
    endloop
  endfacet
  facet normal 0 0 1
    outer loop
      vertex 46.791849583387375 56.80759325623512 0.901
      vertex 48.128160268068314 56.74715843051672 0.901
      vertex 46.96716995537281 56.86014147847891 0.901
    endloop
  endfacet
  facet normal 0 0 1
    outer loop
      vertex 46.96716995537281 56.86014147847891 0.901
      vertex 48.128160268068314 56.74715843051672 0.901
      vertex 47.35918841511011 56.89829117804766 0.901
    endloop
  endfacet
  facet normal 0 0 1
    outer loop
      vertex 47.35918841511011 56.89829117804766 0.901
      vertex 48.128160268068314 56.74715843051672 0.901
      vertex 47.75120685249567 56.86014147847891 0.901
    endloop
  endfacet
  facet normal 0.9559620826010138 0.29349019852310665 0
    outer loop
      vertex 40.680117435753345 54.15305407345295 0.901
      vertex 40.565769873559475 54.52550921589136 0.901
      vertex 40.565769873559475 54.52550921589136 1.5
    endloop
  endfacet
  facet normal 0.9950685768065293 0.09918935150623902 0
    outer loop
      vertex 40.565769873559475 54.52550921589136 0.901
      vertex 40.52715942263603 54.91284964978695 0.901
      vertex 40.52715942263603 54.91284964978695 1.5
    endloop
  endfacet
  facet normal 0.9950685764299032 -0.09918935528455582 0
    outer loop
      vertex 40.52715942263603 54.91284964978695 0.901
      vertex 40.565769873559475 55.300190068781376 0.901
      vertex 40.565769873559475 55.300190068781376 1.5
    endloop
  endfacet
  facet normal 0.9559620858953959 -0.29349018779257946 0
    outer loop
      vertex 40.565769873559475 55.300190068781376 0.901
      vertex 40.680117435753345 55.67264522612095 0.901
      vertex 40.680117435753345 55.67264522612095 1.5
    endloop
  endfacet
  facet normal 0.8795497171601618 -0.4758069934789518 0
    outer loop
      vertex 40.680117435753345 55.67264522612095 0.901
      vertex 40.86580780148506 56.01590186357498 0.901
      vertex 40.86580780148506 56.01590186357498 1.5
    endloop
  endfacet
  facet normal 0.7692579859369976 -0.6389382998945627 0
    outer loop
      vertex 40.86580780148506 56.01590186357498 0.901
      vertex 41.115705005824566 56.31676881760359 0.901
      vertex 41.115705005824566 56.31676881760359 1.5
    endloop
  endfacet
  facet normal 0.6298369412207023 -0.776727382981796 0
    outer loop
      vertex 41.115705005824566 56.31676881760359 0.901
      vertex 41.42020561546087 56.563683934509754 0.901
      vertex 41.42020561546087 56.563683934509754 1.5
    endloop
  endfacet
  facet normal 0.46700408951903294 -0.88425515569461 0
    outer loop
      vertex 41.42020561546087 56.563683934509754 0.901
      vertex 41.76760786026716 56.74715843051672 0.901
      vertex 41.76760786026716 56.74715843051672 1.5
    endloop
  endfacet
  facet normal 0.2871078134553764 -0.9578982740629992 0
    outer loop
      vertex 41.76760786026716 56.74715843051672 0.901
      vertex 42.144561260938644 56.86014147847891 0.901
      vertex 42.144561260938644 56.86014147847891 1.5
    endloop
  endfacet
  facet normal 0.09685851666538643 -0.9952981602260607 0
    outer loop
      vertex 42.144561260938644 56.86014147847891 0.901
      vertex 42.536579713225365 56.89829117804766 0.901
      vertex 42.536579713225365 56.89829117804766 1.5
    endloop
  endfacet
  facet normal -0.09685851848897908 -0.9952981600485957 0
    outer loop
      vertex 42.536579713225365 56.89829117804766 0.901
      vertex 42.928598158061504 56.86014147847891 0.901
      vertex 42.928598158061504 56.86014147847891 1.5
    endloop
  endfacet
  facet normal -0.28710783897789427 -0.9578982664132154 0
    outer loop
      vertex 42.928598158061504 56.86014147847891 0.901
      vertex 43.10391852259636 56.80759325623512 0.901
      vertex 43.10391852259636 56.80759325623512 1.5
    endloop
  endfacet
  facet normal 0.8795497018821157 -0.47580702172107686 0
    outer loop
      vertex 43.10391852259636 56.80759325623512 0.901
      vertex 43.277112148702145 57.12774910777807 0.901
      vertex 43.277112148702145 57.12774910777807 1.5
    endloop
  endfacet
  facet normal 0.7692579937138789 -0.6389382905314862 0
    outer loop
      vertex 43.277112148702145 57.12774910777807 0.901
      vertex 43.52700935304165 57.42861606925726 0.901
      vertex 43.52700935304165 57.42861606925726 1.5
    endloop
  endfacet
  facet normal 0.629836964152483 -0.7767273643867478 0
    outer loop
      vertex 43.52700935304165 57.42861606925726 0.901
      vertex 43.831509962677956 57.67553120106459 0.901
      vertex 43.831509962677956 57.67553120106459 1.5
    endloop
  endfacet
  facet normal 0.46700407469076916 -0.8842551635259013 0
    outer loop
      vertex 43.831509962677956 57.67553120106459 0.901
      vertex 44.178912207484245 57.85900568962097 0.901
      vertex 44.178912207484245 57.85900568962097 1.5
    endloop
  endfacet
  facet normal 0.2871077787105116 -0.9578982844769668 0
    outer loop
      vertex 44.178912207484245 57.85900568962097 0.901
      vertex 44.55586560815573 57.971988722682 0.901
      vertex 44.55586560815573 57.971988722682 1.5
    endloop
  endfacet
  facet normal 0.09685853540424832 -0.9952981584024679 0
    outer loop
      vertex 44.55586560815573 57.971988722682 0.901
      vertex 44.94788406044245 58.01013842970133 0.901
      vertex 44.94788406044245 58.01013842970133 1.5
    endloop
  endfacet
  facet normal -0.09685853722784132 -0.9952981582250029 0
    outer loop
      vertex 44.94788406044245 58.01013842970133 0.901
      vertex 45.33990250527859 57.971988722682 0.901
      vertex 45.33990250527859 57.971988722682 1.5
    endloop
  endfacet
  facet normal -0.28710776829654494 -0.9578982875983115 0
    outer loop
      vertex 45.33990250527859 57.971988722682 0.901
      vertex 45.71685592085123 57.85900568962097 0.901
      vertex 45.71685592085123 57.85900568962097 1.5
    endloop
  endfacet
  facet normal -0.629836964152483 -0.7767273643867478 0
    outer loop
      vertex 46.06425816565752 57.67553120106459 0.901
      vertex 46.36875877529383 57.42861606925726 0.901
      vertex 46.36875877529383 57.42861606925726 1.5
    endloop
  endfacet
  facet normal -0.46700407469076916 -0.8842551635259013 0
    outer loop
      vertex 45.71685592085123 57.85900568962097 0.901
      vertex 46.06425816565752 57.67553120106459 0.901
      vertex 46.06425816565752 57.67553120106459 1.5
    endloop
  endfacet
  facet normal 0.28710782778244415 -0.9578982697687926 0
    outer loop
      vertex 46.791849583387375 56.80759325623512 0.901
      vertex 46.96716995537281 56.86014147847891 0.901
      vertex 46.96716995537281 56.86014147847891 1.5
    endloop
  endfacet
  facet normal -0.8795497104481594 -0.47580700588637703 0
    outer loop
      vertex 46.791849583387375 56.80759325623512 0.901
      vertex 46.791849583387375 56.80759325623512 1.5
      vertex 46.61865596473217 57.12774910777807 0.901
    endloop
  endfacet
  facet normal 0.09685851484179385 -0.9952981604035255 0
    outer loop
      vertex 46.96716995537281 56.86014147847891 0.901
      vertex 47.35918841511011 56.89829117804766 0.901
      vertex 47.35918841511011 56.89829117804766 1.5
    endloop
  endfacet
  facet normal -0.7692580124400319 -0.6389382679858921 0
    outer loop
      vertex 46.61865596473217 57.12774910777807 0.901
      vertex 46.61865596473217 57.12774910777807 1.5
      vertex 46.36875877529383 57.42861606925726 0.901
    endloop
  endfacet
  facet normal -0.0968585203125718 -0.9952981598711309 0
    outer loop
      vertex 47.35918841511011 56.89829117804766 0.901
      vertex 47.75120685249567 56.86014147847891 0.901
      vertex 47.75120685249567 56.86014147847891 1.5
    endloop
  endfacet
  facet normal -0.28710780304140876 -0.9578982771843447 0
    outer loop
      vertex 48.128160268068314 56.74715843051672 0.901
      vertex 48.128160268068314 56.74715843051672 1.5
      vertex 47.75120685249567 56.86014147847891 0.901
    endloop
  endfacet
  facet normal -0.46700408951903294 -0.88425515569461 0
    outer loop
      vertex 48.128160268068314 56.74715843051672 0.901
      vertex 48.4755625128746 56.563683934509754 0.901
      vertex 48.4755625128746 56.563683934509754 1.5
    endloop
  endfacet
  facet normal -0.6298369412207023 -0.776727382981796 0
    outer loop
      vertex 48.78006312251091 56.31676881760359 0.901
      vertex 48.78006312251091 56.31676881760359 1.5
      vertex 48.4755625128746 56.563683934509754 0.901
    endloop
  endfacet
  facet normal 0 0 1
    outer loop
      vertex 48.53823967278004 46.441443376243114 0.901
      vertex 49.197968274354935 47.23573213815689 0.901
      vertex 49.28823188692331 52.89299164712429 0.901
    endloop
  endfacet
  facet normal 0 0 1
    outer loop
      vertex 49.197968274354935 47.23573213815689 0.901
      vertex 49.68819085508585 48.141929648816586 0.901
      vertex 49.28823188692331 52.89299164712429 0.901
    endloop
  endfacet
  facet normal 0 0 1
    outer loop
      vertex 49.28823188692331 52.89299164712429 0.901
      vertex 49.68819085508585 48.141929648816586 0.901
      vertex 49.89143888652325 48.80395319312811 0.901
    endloop
  endfacet
  facet normal 0 0 1
    outer loop
      vertex 48.147492215037346 46.12459193170071 0.901
      vertex 49.28823188692331 52.89299164712429 0.901
      vertex 49.197968274354935 53.05984781682491 0.901
    endloop
  endfacet
  facet normal 0 0 1
    outer loop
      vertex 49.28823188692331 52.89299164712429 0.901
      vertex 49.89143888652325 48.80395319312811 0.901
      vertex 55.55762318521738 51.10080190747976 0.901
    endloop
  endfacet
  facet normal 0 0 1
    outer loop
      vertex 49.28823188692331 52.89299164712429 0.901
      vertex 55.55762318521738 51.10080190747976 0.901
      vertex 49.28823188692331 53.64216706156731 0.901
    endloop
  endfacet
  facet normal -0.7692579957450323 0.6389382880860529 0
    outer loop
      vertex 48.53823967278004 46.441443376243114 0.901
      vertex 48.53823967278004 46.441443376243114 1.5
      vertex 49.197968274354935 47.23573213815689 0.901
    endloop
  endfacet
  facet normal -0.8795497083014808 0.47580700985460456 0
    outer loop
      vertex 49.197968274354935 47.23573213815689 0.901
      vertex 49.197968274354935 47.23573213815689 1.5
      vertex 49.68819085508585 48.141929648816586 0.901
    endloop
  endfacet
  facet normal -0.9559620868515185 0.29349018467827787 0
    outer loop
      vertex 49.68819085508585 48.141929648816586 0.901
      vertex 49.68819085508585 48.141929648816586 1.5
      vertex 49.89143888652325 48.80395319312811 0.901
    endloop
  endfacet
  facet normal -0.8795497110009507 -0.4758070048645185 0
    outer loop
      vertex 49.28823188692331 52.89299164712429 0.901
      vertex 49.28823188692331 52.89299164712429 1.5
      vertex 49.197968274354935 53.05984781682491 0.901
    endloop
  endfacet
  facet normal -0.7692579880787034 -0.6389382973160281 0
    outer loop
      vertex 49.197968274354935 53.05984781682491 0.901
      vertex 49.197968274354935 53.05984781682491 1.5
      vertex 48.80251382291317 53.53596029430628 0.901
    endloop
  endfacet
  facet normal -0.7692580033416129 0.6389382789400515 0
    outer loop
      vertex 48.80251382291317 53.53596029430628 0.901
      vertex 48.80251382291317 53.53596029430628 1.5
      vertex 49.02996031194925 53.80979743599892 0.901
    endloop
  endfacet
  facet normal 1 0 0
    outer loop
      vertex 49.28823188692331 52.89299164712429 0.901
      vertex 49.28823188692331 53.64216706156731 0.901
      vertex 49.28823188692331 53.64216706156731 1.5
    endloop
  endfacet
  facet normal -0.8795497091706033 0.4758070082479945 0
    outer loop
      vertex 49.02996031194925 53.80979743599892 0.901
      vertex 49.02996031194925 53.80979743599892 1.5
      vertex 49.21565068513155 54.15305407345295 0.901
    endloop
  endfacet
  facet normal -0.37566956492356685 -0.9267536770847679 0
    outer loop
      vertex 49.28823188692331 53.64216706156731 0.901
      vertex 55.55762318521738 51.10080190747976 0.901
      vertex 55.55762318521738 51.10080190747976 1.5
    endloop
  endfacet
  facet normal -0.37566956514572736 0.9267536769947126 1.2125984820896584e-16
    outer loop
      vertex 49.89143888652325 48.80395319312811 0.901
      vertex 55.55762318521738 51.10080190747976 1.5
      vertex 55.55762318521738 51.10080190747976 0.901
    endloop
  endfacet
  facet normal -0.9559620772357498 0.2934902159989498 0
    outer loop
      vertex 49.21565068513155 54.15305407345295 0.901
      vertex 49.21565068513155 54.15305407345295 1.5
      vertex 49.329998254776 54.52550921589136 0.901
    endloop
  endfacet
  facet normal -0.9950685768065293 0.09918935150623902 0
    outer loop
      vertex 49.329998254776 54.52550921589136 0.901
      vertex 49.329998254776 54.52550921589136 1.5
      vertex 49.368608705699444 54.91284964978695 0.901
    endloop
  endfacet
  facet normal -0.9950685764299032 -0.09918935528455582 0
    outer loop
      vertex 49.368608705699444 54.91284964978695 0.901
      vertex 49.368608705699444 54.91284964978695 1.5
      vertex 49.329998254776 55.300190068781376 0.901
    endloop
  endfacet
  facet normal -0.9559620805301324 -0.2934902052684221 0
    outer loop
      vertex 49.329998254776 55.300190068781376 0.901
      vertex 49.329998254776 55.300190068781376 1.5
      vertex 49.21565068513155 55.67264522612095 0.901
    endloop
  endfacet
  facet normal -0.7692580046631509 -0.6389382773489688 0
    outer loop
      vertex 48.78006312251091 56.31676881760359 0.901
      vertex 49.02996031194925 56.01590186357498 0.901
      vertex 49.02996031194925 56.01590186357498 1.5
    endloop
  endfacet
  facet normal -0.8795497091706033 -0.4758070082479945 0
    outer loop
      vertex 49.21565068513155 55.67264522612095 0.901
      vertex 49.21565068513155 55.67264522612095 1.5
      vertex 49.02996031194925 56.01590186357498 0.901
    endloop
  endfacet
  facet normal -0.08243715109306733 -0.9965962653550627 0
    outer loop
      vertex 39 48.67062148451805 0.901
      vertex 39.164965122938156 48.65697578340769 1.5
      vertex 39 48.67062148451805 1.5
    endloop
  endfacet
  facet normal 0.869821613598635 -0.49336635527432043 0
    outer loop
      vertex 39.164965122938156 48.65697578340769 0.901
      vertex 39.56122715771198 49.35559918731451 1.5
      vertex 39.164965122938156 48.65697578340769 1.5
    endloop
  endfacet
  facet normal 0.9950685790392038 0.09918932910802424 0
    outer loop
      vertex 39.56122715771198 49.35559918731451 0.901
      vertex 39.4822608679533 50.14778998494148 1.5
      vertex 39.56122715771198 49.35559918731451 1.5
    endloop
  endfacet
  facet normal 0.9950685776573173 -0.0991893429711253 0
    outer loop
      vertex 39.4822608679533 50.14778998494148 0.901
      vertex 39.58419244736433 51.17036870867014 1.5
      vertex 39.4822608679533 50.14778998494148 1.5
    endloop
  endfacet
  facet normal 0.9559620813352572 -0.2934902026459536 0
    outer loop
      vertex 39.58419244736433 51.17036870867014 0.901
      vertex 39.886070020496845 52.15365029871464 1.5
      vertex 39.58419244736433 51.17036870867014 1.5
    endloop
  endfacet
  facet normal 0.879549712964982 -0.4758070012339222 0
    outer loop
      vertex 39.886070020496845 52.15365029871464 0.901
      vertex 40.37629259377718 53.05984781682491 1.5
      vertex 39.886070020496845 52.15365029871464 1.5
    endloop
  endfacet
  facet normal 0.769258003160755 -0.6389382791577977 0
    outer loop
      vertex 40.93250065296888 53.72950170189142 0.901
      vertex 40.93250065296888 53.72950170189142 1.5
      vertex 40.37629259377718 53.05984781682491 1.5
    endloop
  endfacet
  facet normal 0.8795497171601618 0.4758069934789518 0
    outer loop
      vertex 40.86580780148506 53.80979743599892 0.901
      vertex 40.680117435753345 54.15305407345295 1.5
      vertex 40.86580780148506 53.80979743599892 1.5
    endloop
  endfacet
  facet normal 0.7692580546819753 0.6389382171281534 0
    outer loop
      vertex 40.93250065296888 53.72950170189142 0.901
      vertex 40.86580780148506 53.80979743599892 1.5
      vertex 40.93250065296888 53.72950170189142 1.5
    endloop
  endfacet
  facet normal 0.9559620826010138 0.29349019852310665 0
    outer loop
      vertex 40.680117435753345 54.15305407345295 0.901
      vertex 40.565769873559475 54.52550921589136 1.5
      vertex 40.680117435753345 54.15305407345295 1.5
    endloop
  endfacet
  facet normal 0.9950685768065293 0.09918935150623902 0
    outer loop
      vertex 40.565769873559475 54.52550921589136 0.901
      vertex 40.52715942263603 54.91284964978695 1.5
      vertex 40.565769873559475 54.52550921589136 1.5
    endloop
  endfacet
  facet normal 0.9950685764299032 -0.09918935528455582 0
    outer loop
      vertex 40.52715942263603 54.91284964978695 0.901
      vertex 40.565769873559475 55.300190068781376 1.5
      vertex 40.52715942263603 54.91284964978695 1.5
    endloop
  endfacet
  facet normal 0.9559620858953959 -0.29349018779257946 0
    outer loop
      vertex 40.565769873559475 55.300190068781376 0.901
      vertex 40.680117435753345 55.67264522612095 1.5
      vertex 40.565769873559475 55.300190068781376 1.5
    endloop
  endfacet
  facet normal 0.8795497171601618 -0.4758069934789518 0
    outer loop
      vertex 40.680117435753345 55.67264522612095 0.901
      vertex 40.86580780148506 56.01590186357498 1.5
      vertex 40.680117435753345 55.67264522612095 1.5
    endloop
  endfacet
  facet normal 0.7692579859369976 -0.6389382998945627 0
    outer loop
      vertex 40.86580780148506 56.01590186357498 0.901
      vertex 41.115705005824566 56.31676881760359 1.5
      vertex 40.86580780148506 56.01590186357498 1.5
    endloop
  endfacet
  facet normal 0.6298369412207023 -0.776727382981796 0
    outer loop
      vertex 41.115705005824566 56.31676881760359 0.901
      vertex 41.42020561546087 56.563683934509754 1.5
      vertex 41.115705005824566 56.31676881760359 1.5
    endloop
  endfacet
  facet normal 0.46700408951903294 -0.88425515569461 0
    outer loop
      vertex 41.42020561546087 56.563683934509754 0.901
      vertex 41.76760786026716 56.74715843051672 1.5
      vertex 41.42020561546087 56.563683934509754 1.5
    endloop
  endfacet
  facet normal 0.2871078134553764 -0.9578982740629992 0
    outer loop
      vertex 41.76760786026716 56.74715843051672 0.901
      vertex 42.144561260938644 56.86014147847891 1.5
      vertex 41.76760786026716 56.74715843051672 1.5
    endloop
  endfacet
  facet normal 0.09685851666538643 -0.9952981602260607 0
    outer loop
      vertex 42.144561260938644 56.86014147847891 0.901
      vertex 42.536579713225365 56.89829117804766 1.5
      vertex 42.144561260938644 56.86014147847891 1.5
    endloop
  endfacet
  facet normal -0.09685851848897908 -0.9952981600485957 0
    outer loop
      vertex 42.536579713225365 56.89829117804766 0.901
      vertex 42.928598158061504 56.86014147847891 1.5
      vertex 42.536579713225365 56.89829117804766 1.5
    endloop
  endfacet
  facet normal -0.28710783897789427 -0.9578982664132154 0
    outer loop
      vertex 42.928598158061504 56.86014147847891 0.901
      vertex 43.10391852259636 56.80759325623512 1.5
      vertex 42.928598158061504 56.86014147847891 1.5
    endloop
  endfacet
  facet normal 0.8795497018821157 -0.47580702172107686 0
    outer loop
      vertex 43.10391852259636 56.80759325623512 0.901
      vertex 43.277112148702145 57.12774910777807 1.5
      vertex 43.10391852259636 56.80759325623512 1.5
    endloop
  endfacet
  facet normal 0.7692579937138789 -0.6389382905314862 0
    outer loop
      vertex 43.277112148702145 57.12774910777807 0.901
      vertex 43.52700935304165 57.42861606925726 1.5
      vertex 43.277112148702145 57.12774910777807 1.5
    endloop
  endfacet
  facet normal 0.629836964152483 -0.7767273643867478 0
    outer loop
      vertex 43.52700935304165 57.42861606925726 0.901
      vertex 43.831509962677956 57.67553120106459 1.5
      vertex 43.52700935304165 57.42861606925726 1.5
    endloop
  endfacet
  facet normal 0.46700407469076916 -0.8842551635259013 0
    outer loop
      vertex 43.831509962677956 57.67553120106459 0.901
      vertex 44.178912207484245 57.85900568962097 1.5
      vertex 43.831509962677956 57.67553120106459 1.5
    endloop
  endfacet
  facet normal 0.2871077787105116 -0.9578982844769668 0
    outer loop
      vertex 44.178912207484245 57.85900568962097 0.901
      vertex 44.55586560815573 57.971988722682 1.5
      vertex 44.178912207484245 57.85900568962097 1.5
    endloop
  endfacet
  facet normal 0.09685853540424832 -0.9952981584024679 0
    outer loop
      vertex 44.55586560815573 57.971988722682 0.901
      vertex 44.94788406044245 58.01013842970133 1.5
      vertex 44.55586560815573 57.971988722682 1.5
    endloop
  endfacet
  facet normal -0.09685853722784132 -0.9952981582250029 0
    outer loop
      vertex 44.94788406044245 58.01013842970133 0.901
      vertex 45.33990250527859 57.971988722682 1.5
      vertex 44.94788406044245 58.01013842970133 1.5
    endloop
  endfacet
  facet normal -0.28710776829654494 -0.9578982875983115 0
    outer loop
      vertex 45.33990250527859 57.971988722682 0.901
      vertex 45.71685592085123 57.85900568962097 1.5
      vertex 45.33990250527859 57.971988722682 1.5
    endloop
  endfacet
  facet normal -0.629836964152483 -0.7767273643867478 0
    outer loop
      vertex 46.06425816565752 57.67553120106459 0.901
      vertex 46.36875877529383 57.42861606925726 1.5
      vertex 46.06425816565752 57.67553120106459 1.5
    endloop
  endfacet
  facet normal -0.46700407469076916 -0.8842551635259013 0
    outer loop
      vertex 45.71685592085123 57.85900568962097 0.901
      vertex 46.06425816565752 57.67553120106459 1.5
      vertex 45.71685592085123 57.85900568962097 1.5
    endloop
  endfacet
  facet normal 0.28710782778244415 -0.9578982697687926 0
    outer loop
      vertex 46.791849583387375 56.80759325623512 0.901
      vertex 46.96716995537281 56.86014147847891 1.5
      vertex 46.791849583387375 56.80759325623512 1.5
    endloop
  endfacet
  facet normal -0.8795497104481594 -0.47580700588637703 0
    outer loop
      vertex 46.61865596473217 57.12774910777807 0.901
      vertex 46.791849583387375 56.80759325623512 1.5
      vertex 46.61865596473217 57.12774910777807 1.5
    endloop
  endfacet
  facet normal 0.09685851484179385 -0.9952981604035255 0
    outer loop
      vertex 46.96716995537281 56.86014147847891 0.901
      vertex 47.35918841511011 56.89829117804766 1.5
      vertex 46.96716995537281 56.86014147847891 1.5
    endloop
  endfacet
  facet normal -0.0968585203125718 -0.9952981598711309 0
    outer loop
      vertex 47.35918841511011 56.89829117804766 0.901
      vertex 47.75120685249567 56.86014147847891 1.5
      vertex 47.35918841511011 56.89829117804766 1.5
    endloop
  endfacet
  facet normal -0.7692580124400319 -0.6389382679858921 0
    outer loop
      vertex 46.36875877529383 57.42861606925726 0.901
      vertex 46.61865596473217 57.12774910777807 1.5
      vertex 46.36875877529383 57.42861606925726 1.5
    endloop
  endfacet
  facet normal -0.28710780304140876 -0.9578982771843447 0
    outer loop
      vertex 47.75120685249567 56.86014147847891 0.901
      vertex 48.128160268068314 56.74715843051672 1.5
      vertex 47.75120685249567 56.86014147847891 1.5
    endloop
  endfacet
  facet normal -0.6298369412207023 -0.776727382981796 0
    outer loop
      vertex 48.4755625128746 56.563683934509754 0.901
      vertex 48.78006312251091 56.31676881760359 1.5
      vertex 48.4755625128746 56.563683934509754 1.5
    endloop
  endfacet
  facet normal -0.46700408951903294 -0.88425515569461 0
    outer loop
      vertex 48.128160268068314 56.74715843051672 0.901
      vertex 48.4755625128746 56.563683934509754 1.5
      vertex 48.128160268068314 56.74715843051672 1.5
    endloop
  endfacet
  facet normal -0.7692579957450323 0.6389382880860529 0
    outer loop
      vertex 49.197968274354935 47.23573213815689 0.901
      vertex 48.53823967278004 46.441443376243114 1.5
      vertex 49.197968274354935 47.23573213815689 1.5
    endloop
  endfacet
  facet normal -0.8795497083014808 0.47580700985460456 0
    outer loop
      vertex 49.68819085508585 48.141929648816586 0.901
      vertex 49.197968274354935 47.23573213815689 1.5
      vertex 49.68819085508585 48.141929648816586 1.5
    endloop
  endfacet
  facet normal -0.9559620868515185 0.29349018467827787 0
    outer loop
      vertex 49.89143888652325 48.80395319312811 0.901
      vertex 49.68819085508585 48.141929648816586 1.5
      vertex 49.89143888652325 48.80395319312811 1.5
    endloop
  endfacet
  facet normal -0.37566956514572736 0.9267536769947126 0
    outer loop
      vertex 49.89143888652325 48.80395319312811 0.901
      vertex 49.89143888652325 48.80395319312811 1.5
      vertex 55.55762318521738 51.10080190747976 1.5
    endloop
  endfacet
  facet normal -0.8795497110009507 -0.4758070048645185 0
    outer loop
      vertex 49.197968274354935 53.05984781682491 0.901
      vertex 49.28823188692331 52.89299164712429 1.5
      vertex 49.197968274354935 53.05984781682491 1.5
    endloop
  endfacet
  facet normal 1 0 0
    outer loop
      vertex 49.28823188692331 52.89299164712429 0.901
      vertex 49.28823188692331 53.64216706156731 1.5
      vertex 49.28823188692331 52.89299164712429 1.5
    endloop
  endfacet
  facet normal -0.7692579880787034 -0.6389382973160281 0
    outer loop
      vertex 48.80251382291317 53.53596029430628 0.901
      vertex 49.197968274354935 53.05984781682491 1.5
      vertex 48.80251382291317 53.53596029430628 1.5
    endloop
  endfacet
  facet normal -0.7692580033416129 0.6389382789400515 0
    outer loop
      vertex 49.02996031194925 53.80979743599892 0.901
      vertex 48.80251382291317 53.53596029430628 1.5
      vertex 49.02996031194925 53.80979743599892 1.5
    endloop
  endfacet
  facet normal -0.8795497091706033 0.4758070082479945 0
    outer loop
      vertex 49.21565068513155 54.15305407345295 0.901
      vertex 49.02996031194925 53.80979743599892 1.5
      vertex 49.21565068513155 54.15305407345295 1.5
    endloop
  endfacet
  facet normal -0.37566956492356685 -0.9267536770847679 0
    outer loop
      vertex 49.28823188692331 53.64216706156731 0.901
      vertex 55.55762318521738 51.10080190747976 1.5
      vertex 49.28823188692331 53.64216706156731 1.5
    endloop
  endfacet
  facet normal -0.9559620772357498 0.2934902159989498 0
    outer loop
      vertex 49.329998254776 54.52550921589136 0.901
      vertex 49.21565068513155 54.15305407345295 1.5
      vertex 49.329998254776 54.52550921589136 1.5
    endloop
  endfacet
  facet normal -0.9950685768065293 0.09918935150623902 0
    outer loop
      vertex 49.368608705699444 54.91284964978695 0.901
      vertex 49.329998254776 54.52550921589136 1.5
      vertex 49.368608705699444 54.91284964978695 1.5
    endloop
  endfacet
  facet normal -0.9950685764299032 -0.09918935528455582 0
    outer loop
      vertex 49.329998254776 55.300190068781376 0.901
      vertex 49.368608705699444 54.91284964978695 1.5
      vertex 49.329998254776 55.300190068781376 1.5
    endloop
  endfacet
  facet normal -0.9559620805301324 -0.2934902052684221 0
    outer loop
      vertex 49.21565068513155 55.67264522612095 0.901
      vertex 49.329998254776 55.300190068781376 1.5
      vertex 49.21565068513155 55.67264522612095 1.5
    endloop
  endfacet
  facet normal -0.8795497091706033 -0.4758070082479945 0
    outer loop
      vertex 49.02996031194925 56.01590186357498 0.901
      vertex 49.21565068513155 55.67264522612095 1.5
      vertex 49.02996031194925 56.01590186357498 1.5
    endloop
  endfacet
  facet normal -0.7692580046631509 -0.6389382773489688 0
    outer loop
      vertex 48.78006312251091 56.31676881760359 0.901
      vertex 49.02996031194925 56.01590186357498 1.5
      vertex 48.78006312251091 56.31676881760359 1.5
    endloop
  endfacet
endsolid OpenSCAD_Model
