solid OpenSCAD_Model
  facet normal -0.6343932751742409 -0.7730104607401506 0
    outer loop
      vertex 0.41005050390958786 0.41005050390958786 0
      vertex 0.6222016736865044 0.235942542552948 0
      vertex 0.41005050390958786 0.41005050390958786 1.5
    endloop
  endfacet
  facet normal -0.7730104607401506 -0.6343932751742409 0
    outer loop
      vertex 0.41005050390958786 0.41005050390958786 0
      vertex 0.235942542552948 0.6222016736865044 1.5
      vertex 0.235942542552948 0.6222016736865044 0
    endloop
  endfacet
  facet normal -0.8819212681735322 -0.47139672966959456 0
    outer loop
      vertex 0.235942542552948 0.6222016736865044 0
      vertex 0.10656865686178207 0.8642431944608688 1.5
      vertex 0.10656865686178207 0.8642431944608688 0
    endloop
  endfacet
  facet normal -0.47139672966959456 -0.8819212681735322 0
    outer loop
      vertex 0.6222016736865044 0.235942542552948 0
      vertex 0.8642431944608688 0.10656865686178207 0
      vertex 0.6222016736865044 0.235942542552948 1.5
    endloop
  endfacet
  facet normal -0.2902846915285437 -0.9569403314022136 0
    outer loop
      vertex 0.8642431944608688 0.10656865686178207 0
      vertex 1.1268735527992249 0.026900604367256165 0
      vertex 0.8642431944608688 0.10656865686178207 1.5
    endloop
  endfacet
  facet normal -0.09801713107425283 -0.9951847275837651 0
    outer loop
      vertex 1.1268735527992249 0.026900604367256165 0
      vertex 1.3999999985098839 0 0
      vertex 1.1268735527992249 0.026900604367256165 1.5
    endloop
  endfacet
  facet normal -0.9569403314022136 -0.2902846915285437 0
    outer loop
      vertex 0.10656865686178207 0.8642431944608688 0
      vertex 0.026900604367256165 1.1268735527992249 1.5
      vertex 0.026900604367256165 1.1268735527992249 0
    endloop
  endfacet
  facet normal -0.9951847275837651 -0.09801713107425283 0
    outer loop
      vertex 0.026900604367256165 1.1268735527992249 0
      vertex 0 1.3999999985098839 1.5
      vertex 0 1.3999999985098839 0
    endloop
  endfacet
  facet normal 0 0 -1
    outer loop
      vertex 0.41005050390958786 0.41005050390958786 0
      vertex 0.235942542552948 0.6222016736865044 0
      vertex 0.235942542552948 61.377798326313496 0
    endloop
  endfacet
  facet normal 0 0 -1
    outer loop
      vertex 0.41005050390958786 0.41005050390958786 0
      vertex 0.41005050390958786 61.58994949609041 0
      vertex 0.6222016736865044 0.235942542552948 0
    endloop
  endfacet
  facet normal 0 0 -1
    outer loop
      vertex 0.235942542552948 0.6222016736865044 0
      vertex 0.10656865686178207 0.8642431944608688 0
      vertex 0.10656865686178207 61.13575680553913 0
    endloop
  endfacet
  facet normal 0 0 -1
    outer loop
      vertex 0.10656865686178207 0.8642431944608688 0
      vertex 0.026900604367256165 1.1268735527992249 0
      vertex 0.026900604367256165 60.873126447200775 0
    endloop
  endfacet
  facet normal 0 0 -1
    outer loop
      vertex 0.026900604367256165 1.1268735527992249 0
      vertex 0 1.3999999985098839 0
      vertex 0 60.600000001490116 0
    endloop
  endfacet
  facet normal 0 0 -1
    outer loop
      vertex 0.6222016736865044 0.235942542552948 0
      vertex 0.6222016736865044 61.76405745744705 0
      vertex 0.8642431944608688 0.10656865686178207 0
    endloop
  endfacet
  facet normal 0 0 -1
    outer loop
      vertex 0.8642431944608688 0.10656865686178207 0
      vertex 0.8642431944608688 61.89343134313822 0
      vertex 1.1268735527992249 0.026900604367256165 0
    endloop
  endfacet
  facet normal 0 0 -1
    outer loop
      vertex 1.1268735527992249 0.026900604367256165 0
      vertex 1.1268735527992249 61.973099395632744 0
      vertex 1.3999999985098839 0 0
    endloop
  endfacet
  facet normal 0 -1 0
    outer loop
      vertex 1.3999999985098839 0 0
      vertex 76.60000000149012 0 0
      vertex 1.3999999985098839 0 1.5
    endloop
  endfacet
  facet normal 0 0 -1
    outer loop
      vertex 1.3999999985098839 0 0
      vertex 1.3999999985098839 62 0
      vertex 76.60000000149012 0 0
    endloop
  endfacet
  facet normal -0.7730104607401506 -0.6343932751742409 0
    outer loop
      vertex 0.41005050390958786 0.41005050390958786 0
      vertex 0.41005050390958786 0.41005050390958786 1.5
      vertex 0.235942542552948 0.6222016736865044 1.5
    endloop
  endfacet
  facet normal -0.6343932751742409 -0.7730104607401506 0
    outer loop
      vertex 0.6222016736865044 0.235942542552948 0
      vertex 0.6222016736865044 0.235942542552948 1.5
      vertex 0.41005050390958786 0.41005050390958786 1.5
    endloop
  endfacet
  facet normal -0.8819212681735322 -0.47139672966959456 0
    outer loop
      vertex 0.235942542552948 0.6222016736865044 0
      vertex 0.235942542552948 0.6222016736865044 1.5
      vertex 0.10656865686178207 0.8642431944608688 1.5
    endloop
  endfacet
  facet normal -0.9569403314022136 -0.2902846915285437 0
    outer loop
      vertex 0.10656865686178207 0.8642431944608688 0
      vertex 0.10656865686178207 0.8642431944608688 1.5
      vertex 0.026900604367256165 1.1268735527992249 1.5
    endloop
  endfacet
  facet normal -0.47139672966959456 -0.8819212681735322 0
    outer loop
      vertex 0.8642431944608688 0.10656865686178207 0
      vertex 0.8642431944608688 0.10656865686178207 1.5
      vertex 0.6222016736865044 0.235942542552948 1.5
    endloop
  endfacet
  facet normal -0.2902846915285437 -0.9569403314022136 0
    outer loop
      vertex 1.1268735527992249 0.026900604367256165 0
      vertex 1.1268735527992249 0.026900604367256165 1.5
      vertex 0.8642431944608688 0.10656865686178207 1.5
    endloop
  endfacet
  facet normal -0.9951847275837651 -0.09801713107425283 0
    outer loop
      vertex 0.026900604367256165 1.1268735527992249 0
      vertex 0.026900604367256165 1.1268735527992249 1.5
      vertex 0 1.3999999985098839 1.5
    endloop
  endfacet
  facet normal -0.09801713107425283 -0.9951847275837651 0
    outer loop
      vertex 1.3999999985098839 0 0
      vertex 1.3999999985098839 0 1.5
      vertex 1.1268735527992249 0.026900604367256165 1.5
    endloop
  endfacet
  facet normal 0 0 1
    outer loop
      vertex 1.3999999985098839 0 1.5
      vertex 27.40408542007208 7.832037687301636 1.5
      vertex 22.24535382539034 7.832037687301636 1.5
    endloop
  endfacet
  facet normal 0 0 1
    outer loop
      vertex 1.3999999985098839 0 1.5
      vertex 22.24535382539034 7.832037687301636 1.5
      vertex 22.24535382539034 15.158581331372261 1.5
    endloop
  endfacet
  facet normal 0 0 1
    outer loop
      vertex 1.3999999985098839 0 1.5
      vertex 27.946203336119652 7.832037687301636 1.5
      vertex 27.40408542007208 7.832037687301636 1.5
    endloop
  endfacet
  facet normal 0 0 1
    outer loop
      vertex 1.3999999985098839 0 1.5
      vertex 22.24535382539034 15.158581331372261 1.5
      vertex 20.990987449884415 24.9375 1.5
    endloop
  endfacet
  facet normal -1 0 0
    outer loop
      vertex 0 1.3999999985098839 0
      vertex 0 1.3999999985098839 1.5
      vertex 0 60.600000001490116 1.5
    endloop
  endfacet
  facet normal 0 0 1
    outer loop
      vertex 0.41005050390958786 0.41005050390958786 1.5
      vertex 0.235942542552948 61.377798326313496 1.5
      vertex 0.235942542552948 0.6222016736865044 1.5
    endloop
  endfacet
  facet normal 0 0 1
    outer loop
      vertex 0.41005050390958786 0.41005050390958786 1.5
      vertex 0.6222016736865044 0.235942542552948 1.5
      vertex 0.41005050390958786 61.58994949609041 1.5
    endloop
  endfacet
  facet normal 0 0 1
    outer loop
      vertex 0.235942542552948 0.6222016736865044 1.5
      vertex 0.10656865686178207 61.13575680553913 1.5
      vertex 0.10656865686178207 0.8642431944608688 1.5
    endloop
  endfacet
  facet normal 0 0 1
    outer loop
      vertex 0.10656865686178207 0.8642431944608688 1.5
      vertex 0.026900604367256165 60.873126447200775 1.5
      vertex 0.026900604367256165 1.1268735527992249 1.5
    endloop
  endfacet
  facet normal 0 0 1
    outer loop
      vertex 0.026900604367256165 1.1268735527992249 1.5
      vertex 0 60.600000001490116 1.5
      vertex 0 1.3999999985098839 1.5
    endloop
  endfacet
  facet normal 0 0 1
    outer loop
      vertex 0.6222016736865044 0.235942542552948 1.5
      vertex 0.8642431944608688 0.10656865686178207 1.5
      vertex 0.6222016736865044 61.76405745744705 1.5
    endloop
  endfacet
  facet normal 0 0 1
    outer loop
      vertex 0.8642431944608688 0.10656865686178207 1.5
      vertex 1.1268735527992249 0.026900604367256165 1.5
      vertex 0.8642431944608688 61.89343134313822 1.5
    endloop
  endfacet
  facet normal 0 0 1
    outer loop
      vertex 1.1268735527992249 0.026900604367256165 1.5
      vertex 1.3999999985098839 0 1.5
      vertex 1.1268735527992249 61.973099395632744 1.5
    endloop
  endfacet
  facet normal 0 0 1
    outer loop
      vertex 1.3999999985098839 0 1.5
      vertex 20.990987449884415 24.9375 1.5
      vertex 20.990987449884415 50.81250000745058 1.5
    endloop
  endfacet
  facet normal 0 0 1
    outer loop
      vertex 1.3999999985098839 0 1.5
      vertex 29.5465395078063 7.832037687301636 1.5
      vertex 27.946203336119652 7.832037687301636 1.5
    endloop
  endfacet
  facet normal 0 0 1
    outer loop
      vertex 1.3999999985098839 0 1.5
      vertex 33.22424924373627 7.832037687301636 1.5
      vertex 29.5465395078063 7.832037687301636 1.5
    endloop
  endfacet
  facet normal 0 0 1
    outer loop
      vertex 27.40408542007208 7.832037687301636 1.5
      vertex 27.946203336119652 7.832037687301636 1.5
      vertex 27.40408542007208 9.150065064430237 1.5
    endloop
  endfacet
  facet normal 0 0 1
    outer loop
      vertex 23.776065558195114 9.150065064430237 1.5
      vertex 27.40408542007208 9.150065064430237 1.5
      vertex 30.560418002307415 15.158581331372261 1.5
    endloop
  endfacet
  facet normal 0 0 1
    outer loop
      vertex 30.560418002307415 15.158581331372261 1.5
      vertex 27.40408542007208 9.150065064430237 1.5
      vertex 27.946203336119652 7.832037687301636 1.5
    endloop
  endfacet
  facet normal 0 0 1
    outer loop
      vertex 23.776065558195114 9.150065064430237 1.5
      vertex 30.560418002307415 15.158581331372261 1.5
      vertex 23.776065558195114 15.158581331372261 1.5
    endloop
  endfacet
  facet normal 0 0 1
    outer loop
      vertex 1.3999999985098839 0 1.5
      vertex 76.60000000149012 0 1.5
      vertex 33.22424924373627 7.832037687301636 1.5
    endloop
  endfacet
  facet normal 0 0 1
    outer loop
      vertex 30.053478755056858 9.337684623897076 1.5
      vertex 29.5465395078063 7.832037687301636 1.5
      vertex 32.75212222337723 9.337684623897076 1.5
    endloop
  endfacet
  facet normal 0 0 1
    outer loop
      vertex 32.32470142096281 10.5994261354208 1.5
      vertex 31.41027595847845 13.481951422989368 1.5
      vertex 30.46594861894846 10.5994261354208 1.5
    endloop
  endfacet
  facet normal 0 0 1
    outer loop
      vertex 32.75212222337723 9.337684623897076 1.5
      vertex 29.5465395078063 7.832037687301636 1.5
      vertex 33.22424924373627 7.832037687301636 1.5
    endloop
  endfacet
  facet normal 0 0 1
    outer loop
      vertex 36.074885070323944 9.081147126853466 1.5
      vertex 34.884242579340935 7.832037687301636 1.5
      vertex 36.40051639825106 8.643638841807842 1.5
    endloop
  endfacet
  facet normal 0 0 1
    outer loop
      vertex 36.78936379402876 8.27885366231203 1.5
      vertex 34.884242579340935 7.832037687301636 1.5
      vertex 37.2322807982564 7.995131850242615 1.5
    endloop
  endfacet
  facet normal 0 0 1
    outer loop
      vertex 36.40051639825106 8.643638841807842 1.5
      vertex 34.884242579340935 7.832037687301636 1.5
      vertex 36.78936379402876 8.27885366231203 1.5
    endloop
  endfacet
  facet normal 0 0 1
    outer loop
      vertex 35.821616262197495 9.579051315784454 1.5
      vertex 34.884242579340935 7.832037687301636 1.5
      vertex 36.074885070323944 9.081147126853466 1.5
    endloop
  endfacet
  facet normal 0 0 1
    outer loop
      vertex 35.64070996642113 10.137351416051388 1.5
      vertex 34.884242579340935 7.832037687301636 1.5
      vertex 35.821616262197495 9.579051315784454 1.5
    endloop
  endfacet
  facet normal 0 0 1
    outer loop
      vertex 32.28988920152187 15.158581331372261 1.5
      vertex 34.884242579340935 7.832037687301636 1.5
      vertex 35.64070996642113 10.137351416051388 1.5
    endloop
  endfacet
  facet normal 0 0 1
    outer loop
      vertex 37.2322807982564 7.995131850242615 1.5
      vertex 34.884242579340935 7.832037687301636 1.5
      vertex 37.72926741093397 7.792473413050175 1.5
    endloop
  endfacet
  facet normal 0 0 1
    outer loop
      vertex 37.72926741093397 7.792473413050175 1.5
      vertex 34.884242579340935 7.832037687301636 1.5
      vertex 38.28032363206148 7.670878350734711 1.5
    endloop
  endfacet
  facet normal 0 0 1
    outer loop
      vertex 37.78567346930504 9.345377020537853 1.5
      vertex 40.48080199956894 12.713664002716541 1.5
      vertex 37.57086666673422 9.566052801907063 1.5
    endloop
  endfacet
  facet normal 0 0 1
    outer loop
      vertex 38.02254901826382 9.173740312457085 1.5
      vertex 40.48080199956894 12.713664002716541 1.5
      vertex 37.78567346930504 9.345377020537853 1.5
    endloop
  endfacet
  facet normal 0 0 1
    outer loop
      vertex 38.281493321061134 9.051142655313015 1.5
      vertex 40.48080199956894 12.713664002716541 1.5
      vertex 38.02254901826382 9.173740312457085 1.5
    endloop
  endfacet
  facet normal 0 0 1
    outer loop
      vertex 37.3874978646636 9.835964053869247 1.5
      vertex 40.48080199956894 12.713664002716541 1.5
      vertex 37.24487768858671 10.155307196080685 1.5
    endloop
  endfacet
  facet normal 0 0 1
    outer loop
      vertex 37.24487768858671 10.155307196080685 1.5
      vertex 40.48080199956894 12.713664002716541 1.5
      vertex 37.14300613105297 10.524082221090794 1.5
    endloop
  endfacet
  facet normal 0 0 1
    outer loop
      vertex 37.14300613105297 10.524082221090794 1.5
      vertex 40.48080199956894 12.713664002716541 1.5
      vertex 37.08188319951296 10.942289143800735 1.5
    endloop
  endfacet
  facet normal 0 0 1
    outer loop
      vertex 37.57086666673422 9.566052801907063 1.5
      vertex 40.48080199956894 12.713664002716541 1.5
      vertex 37.3874978646636 9.835964053869247 1.5
    endloop
  endfacet
  facet normal 0 0 1
    outer loop
      vertex 32.28988920152187 15.158581331372261 1.5
      vertex 35.64070996642113 10.137351416051388 1.5
      vertex 35.53216619044542 10.756047420203686 1.5
    endloop
  endfacet
  facet normal 0 0 1
    outer loop
      vertex 32.28988920152187 15.158581331372261 1.5
      vertex 35.53216619044542 10.756047420203686 1.5
      vertex 35.49598493427038 11.435139335691929 1.5
    endloop
  endfacet
  facet normal 0 0 1
    outer loop
      vertex 32.28988920152187 15.158581331372261 1.5
      vertex 35.49598493427038 11.435139335691929 1.5
      vertex 35.53713517636061 12.166896641254425 1.5
    endloop
  endfacet
  facet normal 0 0 1
    outer loop
      vertex 32.28988920152187 15.158581331372261 1.5
      vertex 35.53713517636061 12.166896641254425 1.5
      vertex 35.660585917532444 12.828320071101189 1.5
    endloop
  endfacet
  facet normal 0 0 1
    outer loop
      vertex 35.86633714288473 13.419409617781639 1.5
      vertex 32.28988920152187 15.158581331372261 1.5
      vertex 35.660585917532444 12.828320071101189 1.5
    endloop
  endfacet
  facet normal 0 0 1
    outer loop
      vertex 36.15438885986805 13.940165281295776 1.5
      vertex 32.28988920152187 15.158581331372261 1.5
      vertex 35.86633714288473 13.419409617781639 1.5
    endloop
  endfacet
  facet normal 0 0 1
    outer loop
      vertex 36.5247410684824 14.390587069094181 1.5
      vertex 32.28988920152187 15.158581331372261 1.5
      vertex 36.15438885986805 13.940165281295776 1.5
    endloop
  endfacet
  facet normal 0 0 1
    outer loop
      vertex 36.902049854397774 14.716033704578876 1.5
      vertex 32.28988920152187 15.158581331372261 1.5
      vertex 36.5247410684824 14.390587069094181 1.5
    endloop
  endfacet
  facet normal 0 0 1
    outer loop
      vertex 37.318324878811836 14.969158872961998 1.5
      vertex 32.28988920152187 15.158581331372261 1.5
      vertex 36.902049854397774 14.716033704578876 1.5
    endloop
  endfacet
  facet normal 0 0 1
    outer loop
      vertex 37.77356614172459 15.149962559342384 1.5
      vertex 32.28988920152187 15.158581331372261 1.5
      vertex 37.318324878811836 14.969158872961998 1.5
    endloop
  endfacet
  facet normal 0 0 1
    outer loop
      vertex 37.138632252812386 12.30534228682518 1.5
      vertex 38.86060453206301 13.985959112644196 1.5
      vertex 37.235036455094814 12.686034090816975 1.5
    endloop
  endfacet
  facet normal 0 0 1
    outer loop
      vertex 37.235036455094814 12.686034090816975 1.5
      vertex 38.249082043766975 13.87834756821394 1.5
      vertex 37.37000234425068 13.022048987448215 1.5
    endloop
  endfacet
  facet normal 0 0 1
    outer loop
      vertex 37.37000234425068 13.022048987448215 1.5
      vertex 38.249082043766975 13.87834756821394 1.5
      vertex 37.5435299128294 13.313386976718903 1.5
    endloop
  endfacet
  facet normal 0 0 1
    outer loop
      vertex 37.08188319951296 10.942289143800735 1.5
      vertex 40.48080199956894 12.713664002716541 1.5
      vertex 37.061508886516094 11.40992795675993 1.5
    endloop
  endfacet
  facet normal 0 0 1
    outer loop
      vertex 37.061508886516094 11.40992795675993 1.5
      vertex 40.48080199956894 12.713664002716541 1.5
      vertex 37.08078972995281 11.879973575472832 1.5
    endloop
  endfacet
  facet normal 0 0 1
    outer loop
      vertex 37.08078972995281 11.879973575472832 1.5
      vertex 40.48080199956894 12.713664002716541 1.5
      vertex 37.138632252812386 12.30534228682518 1.5
    endloop
  endfacet
  facet normal 0 0 1
    outer loop
      vertex 37.235036455094814 12.686034090816975 1.5
      vertex 38.540727846324444 13.959056228399277 1.5
      vertex 38.249082043766975 13.87834756821394 1.5
    endloop
  endfacet
  facet normal 0 0 1
    outer loop
      vertex 37.235036455094814 12.686034090816975 1.5
      vertex 38.86060453206301 13.985959112644196 1.5
      vertex 38.540727846324444 13.959056228399277 1.5
    endloop
  endfacet
  facet normal 0 0 1
    outer loop
      vertex 37.138632252812386 12.30534228682518 1.5
      vertex 39.172513246536255 13.966874681413174 1.5
      vertex 38.86060453206301 13.985959112644196 1.5
    endloop
  endfacet
  facet normal 0 0 1
    outer loop
      vertex 37.138632252812386 12.30534228682518 1.5
      vertex 39.452215895056725 13.90962140262127 1.5
      vertex 39.172513246536255 13.966874681413174 1.5
    endloop
  endfacet
  facet normal 0 0 1
    outer loop
      vertex 37.138632252812386 12.30534228682518 1.5
      vertex 39.91500298678875 13.680608287453651 1.5
      vertex 39.699712477624416 13.814199268817902 1.5
    endloop
  endfacet
  facet normal 0 0 1
    outer loop
      vertex 37.138632252812386 12.30534228682518 1.5
      vertex 39.699712477624416 13.814199268817902 1.5
      vertex 39.452215895056725 13.90962140262127 1.5
    endloop
  endfacet
  facet normal 0 0 1
    outer loop
      vertex 37.5435299128294 13.313386976718903 1.5
      vertex 38.249082043766975 13.87834756821394 1.5
      vertex 37.75048307329416 13.555512942373753 1.5
    endloop
  endfacet
  facet normal 0 0 1
    outer loop
      vertex 37.75048307329416 13.555512942373753 1.5
      vertex 38.249082043766975 13.87834756821394 1.5
      vertex 37.98566711694002 13.743833139538765 1.5
    endloop
  endfacet
  facet normal 0 0 1
    outer loop
      vertex 23.776065558195114 15.158581331372261 1.5
      vertex 20.990987449884415 24.9375 1.5
      vertex 22.24535382539034 15.158581331372261 1.5
    endloop
  endfacet
  facet normal 0 0 1
    outer loop
      vertex 23.776065558195114 15.158581331372261 1.5
      vertex 30.560418002307415 15.158581331372261 1.5
      vertex 20.990987449884415 24.9375 1.5
    endloop
  endfacet
  facet normal 0 0 1
    outer loop
      vertex 32.28988920152187 15.158581331372261 1.5
      vertex 20.990987449884415 24.9375 1.5
      vertex 30.560418002307415 15.158581331372261 1.5
    endloop
  endfacet
  facet normal 0 0 1
    outer loop
      vertex 28.038744047284126 28.653505563735962 1.5
      vertex 20.990987449884415 24.9375 1.5
      vertex 31.63126776367426 25.690612487494946 1.5
    endloop
  endfacet
  facet normal 0 0 1
    outer loop
      vertex 25.024198420345783 32.47079110890627 1.5
      vertex 20.990987449884415 24.9375 1.5
      vertex 28.038744047284126 28.653505563735962 1.5
    endloop
  endfacet
  facet normal 0 0 1
    outer loop
      vertex 32.28988920152187 15.158581331372261 1.5
      vertex 40.676952593028545 21 1.5
      vertex 20.990987449884415 24.9375 1.5
    endloop
  endfacet
  facet normal 0 0 1
    outer loop
      vertex 32.28988920152187 15.158581331372261 1.5
      vertex 37.77356614172459 15.149962559342384 1.5
      vertex 40.676952593028545 21 1.5
    endloop
  endfacet
  facet normal 0 0 1
    outer loop
      vertex 38.267773643136024 15.258444771170616 1.5
      vertex 40.676952593028545 21 1.5
      vertex 37.77356614172459 15.149962559342384 1.5
    endloop
  endfacet
  facet normal 0 0 1
    outer loop
      vertex 35.529383175075054 23.866071946918964 1.5
      vertex 40.676952593028545 21 1.5
      vertex 39.43032684922218 23.273245483636856 1.5
    endloop
  endfacet
  facet normal 0 0 1
    outer loop
      vertex 31.63126776367426 25.690612487494946 1.5
      vertex 20.990987449884415 24.9375 1.5
      vertex 35.529383175075054 23.866071946918964 1.5
    endloop
  endfacet
  facet normal 0 0 1
    outer loop
      vertex 35.529383175075054 23.866071946918964 1.5
      vertex 20.990987449884415 24.9375 1.5
      vertex 40.676952593028545 21 1.5
    endloop
  endfacet
  facet normal 0 0 -1
    outer loop
      vertex 0.026900604367256165 1.1268735527992249 0
      vertex 0 60.600000001490116 0
      vertex 0.026900604367256165 60.873126447200775 0
    endloop
  endfacet
  facet normal 0 0 -1
    outer loop
      vertex 0.10656865686178207 0.8642431944608688 0
      vertex 0.026900604367256165 60.873126447200775 0
      vertex 0.10656865686178207 61.13575680553913 0
    endloop
  endfacet
  facet normal 0 0 -1
    outer loop
      vertex 0.235942542552948 0.6222016736865044 0
      vertex 0.10656865686178207 61.13575680553913 0
      vertex 0.235942542552948 61.377798326313496 0
    endloop
  endfacet
  facet normal 0 0 -1
    outer loop
      vertex 0.41005050390958786 0.41005050390958786 0
      vertex 0.235942542552948 61.377798326313496 0
      vertex 0.41005050390958786 61.58994949609041 0
    endloop
  endfacet
  facet normal 0 0 -1
    outer loop
      vertex 0.6222016736865044 0.235942542552948 0
      vertex 0.41005050390958786 61.58994949609041 0
      vertex 0.6222016736865044 61.76405745744705 0
    endloop
  endfacet
  facet normal 0 0 -1
    outer loop
      vertex 0.8642431944608688 0.10656865686178207 0
      vertex 0.6222016736865044 61.76405745744705 0
      vertex 0.8642431944608688 61.89343134313822 0
    endloop
  endfacet
  facet normal 0 0 -1
    outer loop
      vertex 1.1268735527992249 0.026900604367256165 0
      vertex 0.8642431944608688 61.89343134313822 0
      vertex 1.1268735527992249 61.973099395632744 0
    endloop
  endfacet
  facet normal 0 0 -1
    outer loop
      vertex 1.3999999985098839 0 0
      vertex 1.1268735527992249 61.973099395632744 0
      vertex 1.3999999985098839 62 0
    endloop
  endfacet
  facet normal -1 0 0
    outer loop
      vertex 0 1.3999999985098839 0
      vertex 0 60.600000001490116 1.5
      vertex 0 60.600000001490116 0
    endloop
  endfacet
  facet normal -0.9951847275837651 0.09801713107425283 0
    outer loop
      vertex 0 60.600000001490116 0
      vertex 0.026900604367256165 60.873126447200775 1.5
      vertex 0.026900604367256165 60.873126447200775 0
    endloop
  endfacet
  facet normal -0.9569403314022136 0.2902846915285437 0
    outer loop
      vertex 0.026900604367256165 60.873126447200775 0
      vertex 0.10656865686178207 61.13575680553913 1.5
      vertex 0.10656865686178207 61.13575680553913 0
    endloop
  endfacet
  facet normal -0.8819212681735322 0.47139672966959456 0
    outer loop
      vertex 0.10656865686178207 61.13575680553913 0
      vertex 0.235942542552948 61.377798326313496 1.5
      vertex 0.235942542552948 61.377798326313496 0
    endloop
  endfacet
  facet normal -0.7730104607401506 0.6343932751742409 0
    outer loop
      vertex 0.235942542552948 61.377798326313496 0
      vertex 0.41005050390958786 61.58994949609041 1.5
      vertex 0.41005050390958786 61.58994949609041 0
    endloop
  endfacet
  facet normal -0.6343932751742409 0.7730104607401506 0
    outer loop
      vertex 0.41005050390958786 61.58994949609041 0
      vertex 0.6222016736865044 61.76405745744705 1.5
      vertex 0.6222016736865044 61.76405745744705 0
    endloop
  endfacet
  facet normal -0.47139672966959456 0.8819212681735322 0
    outer loop
      vertex 0.6222016736865044 61.76405745744705 0
      vertex 0.8642431944608688 61.89343134313822 1.5
      vertex 0.8642431944608688 61.89343134313822 0
    endloop
  endfacet
  facet normal -0.2902846915285437 0.9569403314022136 0
    outer loop
      vertex 0.8642431944608688 61.89343134313822 0
      vertex 1.1268735527992249 61.973099395632744 1.5
      vertex 1.1268735527992249 61.973099395632744 0
    endloop
  endfacet
  facet normal -0.09801713107425283 0.9951847275837651 0
    outer loop
      vertex 1.1268735527992249 61.973099395632744 0
      vertex 1.3999999985098839 62 1.5
      vertex 1.3999999985098839 62 0
    endloop
  endfacet
  facet normal 0 0 1
    outer loop
      vertex 1.3999999985098839 0 1.5
      vertex 20.990987449884415 50.81250000745058 1.5
      vertex 1.3999999985098839 62 1.5
    endloop
  endfacet
  facet normal 0 0 1
    outer loop
      vertex 0.026900604367256165 1.1268735527992249 1.5
      vertex 0.026900604367256165 60.873126447200775 1.5
      vertex 0 60.600000001490116 1.5
    endloop
  endfacet
  facet normal 0 0 1
    outer loop
      vertex 0.10656865686178207 0.8642431944608688 1.5
      vertex 0.10656865686178207 61.13575680553913 1.5
      vertex 0.026900604367256165 60.873126447200775 1.5
    endloop
  endfacet
  facet normal 0 0 1
    outer loop
      vertex 0.235942542552948 0.6222016736865044 1.5
      vertex 0.235942542552948 61.377798326313496 1.5
      vertex 0.10656865686178207 61.13575680553913 1.5
    endloop
  endfacet
  facet normal 0 0 1
    outer loop
      vertex 0.41005050390958786 0.41005050390958786 1.5
      vertex 0.41005050390958786 61.58994949609041 1.5
      vertex 0.235942542552948 61.377798326313496 1.5
    endloop
  endfacet
  facet normal 0 0 1
    outer loop
      vertex 0.6222016736865044 0.235942542552948 1.5
      vertex 0.6222016736865044 61.76405745744705 1.5
      vertex 0.41005050390958786 61.58994949609041 1.5
    endloop
  endfacet
  facet normal 0 0 1
    outer loop
      vertex 0.8642431944608688 0.10656865686178207 1.5
      vertex 0.8642431944608688 61.89343134313822 1.5
      vertex 0.6222016736865044 61.76405745744705 1.5
    endloop
  endfacet
  facet normal 0 0 1
    outer loop
      vertex 1.1268735527992249 0.026900604367256165 1.5
      vertex 1.1268735527992249 61.973099395632744 1.5
      vertex 0.8642431944608688 61.89343134313822 1.5
    endloop
  endfacet
  facet normal 0 0 1
    outer loop
      vertex 1.3999999985098839 0 1.5
      vertex 1.3999999985098839 62 1.5
      vertex 1.1268735527992249 61.973099395632744 1.5
    endloop
  endfacet
  facet normal -0.9951847275837651 0.09801713107425283 0
    outer loop
      vertex 0 60.600000001490116 0
      vertex 0 60.600000001490116 1.5
      vertex 0.026900604367256165 60.873126447200775 1.5
    endloop
  endfacet
  facet normal -0.9569403314022136 0.2902846915285437 0
    outer loop
      vertex 0.026900604367256165 60.873126447200775 0
      vertex 0.026900604367256165 60.873126447200775 1.5
      vertex 0.10656865686178207 61.13575680553913 1.5
    endloop
  endfacet
  facet normal -0.8819212681735322 0.47139672966959456 0
    outer loop
      vertex 0.10656865686178207 61.13575680553913 0
      vertex 0.10656865686178207 61.13575680553913 1.5
      vertex 0.235942542552948 61.377798326313496 1.5
    endloop
  endfacet
  facet normal -0.7730104607401506 0.6343932751742409 0
    outer loop
      vertex 0.235942542552948 61.377798326313496 0
      vertex 0.235942542552948 61.377798326313496 1.5
      vertex 0.41005050390958786 61.58994949609041 1.5
    endloop
  endfacet
  facet normal -0.6343932751742409 0.7730104607401506 0
    outer loop
      vertex 0.41005050390958786 61.58994949609041 0
      vertex 0.41005050390958786 61.58994949609041 1.5
      vertex 0.6222016736865044 61.76405745744705 1.5
    endloop
  endfacet
  facet normal -0.47139672966959456 0.8819212681735322 0
    outer loop
      vertex 0.6222016736865044 61.76405745744705 0
      vertex 0.6222016736865044 61.76405745744705 1.5
      vertex 0.8642431944608688 61.89343134313822 1.5
    endloop
  endfacet
  facet normal -0.2902846915285437 0.9569403314022136 0
    outer loop
      vertex 0.8642431944608688 61.89343134313822 0
      vertex 0.8642431944608688 61.89343134313822 1.5
      vertex 1.1268735527992249 61.973099395632744 1.5
    endloop
  endfacet
  facet normal -0.09801713107425283 0.9951847275837651 0
    outer loop
      vertex 1.1268735527992249 61.973099395632744 0
      vertex 1.1268735527992249 61.973099395632744 1.5
      vertex 1.3999999985098839 62 1.5
    endloop
  endfacet
  facet normal 0 1 0
    outer loop
      vertex 1.3999999985098839 62 0
      vertex 1.3999999985098839 62 1.5
      vertex 76.60000000149012 62 1.5
    endloop
  endfacet
  facet normal 0 0 1
    outer loop
      vertex 25.024198420345783 43.27920889854431 1.5
      vertex 28.038744047284126 47.09649444371462 1.5
      vertex 20.990987449884415 50.81250000745058 1.5
    endloop
  endfacet
  facet normal 0 0 1
    outer loop
      vertex 31.63126776367426 50.059387519955635 1.5
      vertex 20.990987449884415 50.81250000745058 1.5
      vertex 28.038744047284126 47.09649444371462 1.5
    endloop
  endfacet
  facet normal 0 0 1
    outer loop
      vertex 1.3999999985098839 62 1.5
      vertex 20.990987449884415 50.81250000745058 1.5
      vertex 37.76051330566406 57 1.5
    endloop
  endfacet
  facet normal 0 0 1
    outer loop
      vertex 35.529383175075054 51.883928060531616 1.5
      vertex 20.990987449884415 50.81250000745058 1.5
      vertex 31.63126776367426 50.059387519955635 1.5
    endloop
  endfacet
  facet normal 0 0 1
    outer loop
      vertex 35.529383175075054 51.883928060531616 1.5
      vertex 37.76051330566406 57 1.5
      vertex 20.990987449884415 50.81250000745058 1.5
    endloop
  endfacet
  facet normal 0 0 1
    outer loop
      vertex 35.620882511138916 51.897833198308945 1.5
      vertex 37.76051330566406 57 1.5
      vertex 35.529383175075054 51.883928060531616 1.5
    endloop
  endfacet
  facet normal 0 0 1
    outer loop
      vertex 37.76051330566406 57 1.5
      vertex 39.1529031842947 52.43459443002939 1.5
      vertex 39.5832878574729 52.50000001490116 1.5
    endloop
  endfacet
  facet normal 0 0 1
    outer loop
      vertex 1.3999999985098839 62 1.5
      vertex 37.76051330566406 57 1.5
      vertex 76.60000000149012 62 1.5
    endloop
  endfacet
  facet normal 0.09801713107425283 -0.9951847275837651 0
    outer loop
      vertex 76.60000000149012 0 0
      vertex 76.87312644720078 0.026900604367256165 0
      vertex 76.60000000149012 0 1.5
    endloop
  endfacet
  facet normal 0.2902846915285437 -0.9569403314022136 0
    outer loop
      vertex 76.87312644720078 0.026900604367256165 0
      vertex 77.13575680553913 0.10656865686178207 0
      vertex 76.87312644720078 0.026900604367256165 1.5
    endloop
  endfacet
  facet normal 0.47139672966959456 -0.8819212681735322 0
    outer loop
      vertex 77.13575680553913 0.10656865686178207 0
      vertex 77.3777983263135 0.235942542552948 0
      vertex 77.13575680553913 0.10656865686178207 1.5
    endloop
  endfacet
  facet normal 0.6343932751742409 -0.7730104607401506 0
    outer loop
      vertex 77.3777983263135 0.235942542552948 0
      vertex 77.58994949609041 0.41005050390958786 0
      vertex 77.3777983263135 0.235942542552948 1.5
    endloop
  endfacet
  facet normal 0.7730104607401506 -0.6343932751742409 0
    outer loop
      vertex 77.58994949609041 0.41005050390958786 0
      vertex 77.76405745744705 0.6222016736865044 0
      vertex 77.58994949609041 0.41005050390958786 1.5
    endloop
  endfacet
  facet normal 0.8819212681735322 -0.47139672966959456 0
    outer loop
      vertex 77.76405745744705 0.6222016736865044 0
      vertex 77.89343134313822 0.8642431944608688 0
      vertex 77.76405745744705 0.6222016736865044 1.5
    endloop
  endfacet
  facet normal 0.9569403314022136 -0.2902846915285437 0
    outer loop
      vertex 77.89343134313822 0.8642431944608688 0
      vertex 77.97309939563274 1.1268735527992249 0
      vertex 77.89343134313822 0.8642431944608688 1.5
    endloop
  endfacet
  facet normal 0.9951847275837651 -0.09801713107425283 0
    outer loop
      vertex 77.97309939563274 1.1268735527992249 0
      vertex 78 1.3999999985098839 0
      vertex 77.97309939563274 1.1268735527992249 1.5
    endloop
  endfacet
  facet normal 0 0 -1
    outer loop
      vertex 76.60000000149012 0 0
      vertex 76.60000000149012 62 0
      vertex 76.87312644720078 0.026900604367256165 0
    endloop
  endfacet
  facet normal 0 0 -1
    outer loop
      vertex 76.87312644720078 0.026900604367256165 0
      vertex 76.87312644720078 61.973099395632744 0
      vertex 77.13575680553913 0.10656865686178207 0
    endloop
  endfacet
  facet normal 0 0 -1
    outer loop
      vertex 77.13575680553913 0.10656865686178207 0
      vertex 77.13575680553913 61.89343134313822 0
      vertex 77.3777983263135 0.235942542552948 0
    endloop
  endfacet
  facet normal 0 0 -1
    outer loop
      vertex 77.3777983263135 0.235942542552948 0
      vertex 77.3777983263135 61.76405745744705 0
      vertex 77.58994949609041 0.41005050390958786 0
    endloop
  endfacet
  facet normal 0 0 -1
    outer loop
      vertex 77.58994949609041 0.41005050390958786 0
      vertex 77.58994949609041 61.58994949609041 0
      vertex 77.76405745744705 0.6222016736865044 0
    endloop
  endfacet
  facet normal 0 0 -1
    outer loop
      vertex 77.76405745744705 0.6222016736865044 0
      vertex 77.76405745744705 61.377798326313496 0
      vertex 77.89343134313822 0.8642431944608688 0
    endloop
  endfacet
  facet normal 0 0 -1
    outer loop
      vertex 77.89343134313822 0.8642431944608688 0
      vertex 77.89343134313822 61.13575680553913 0
      vertex 77.97309939563274 1.1268735527992249 0
    endloop
  endfacet
  facet normal 0 0 -1
    outer loop
      vertex 77.97309939563274 1.1268735527992249 0
      vertex 77.97309939563274 60.873126447200775 0
      vertex 78 1.3999999985098839 0
    endloop
  endfacet
  facet normal 1 0 0
    outer loop
      vertex 78 1.3999999985098839 0
      vertex 78 60.600000001490116 0
      vertex 78 1.3999999985098839 1.5
    endloop
  endfacet
  facet normal 0 -1 0
    outer loop
      vertex 1.3999999985098839 0 1.5
      vertex 76.60000000149012 0 0
      vertex 76.60000000149012 0 1.5
    endloop
  endfacet
  facet normal 0 0 1
    outer loop
      vertex 76.60000000149012 0 1.5
      vertex 34.884242579340935 7.832037687301636 1.5
      vertex 33.22424924373627 7.832037687301636 1.5
    endloop
  endfacet
  facet normal 0 0 1
    outer loop
      vertex 39.83411256968975 7.750481814146042 1.5
      vertex 43.15504026412964 7.832037687301636 1.5
      vertex 40.25357419997454 7.90065074712038 1.5
    endloop
  endfacet
  facet normal 0 0 1
    outer loop
      vertex 40.25357419997454 7.90065074712038 1.5
      vertex 43.15504026412964 7.832037687301636 1.5
      vertex 40.6364558711648 8.110887251794338 1.5
    endloop
  endfacet
  facet normal 0 0 1
    outer loop
      vertex 38.56250637769699 8.977584064006805 1.5
      vertex 40.48080199956894 12.713664002716541 1.5
      vertex 38.281493321061134 9.051142655313015 1.5
    endloop
  endfacet
  facet normal 0 0 1
    outer loop
      vertex 38.865588180720806 8.953064531087875 1.5
      vertex 40.48080199956894 12.713664002716541 1.5
      vertex 38.56250637769699 8.977584064006805 1.5
    endloop
  endfacet
  facet normal 0 0 1
    outer loop
      vertex 38.865588180720806 8.953064531087875 1.5
      vertex 39.172313906252384 8.974136553704739 1.5
      vertex 40.48080199956894 12.713664002716541 1.5
    endloop
  endfacet
  facet normal 0 0 1
    outer loop
      vertex 39.44842832535505 9.037352621555328 1.5
      vertex 40.48080199956894 12.713664002716541 1.5
      vertex 39.172313906252384 8.974136553704739 1.5
    endloop
  endfacet
  facet normal 0 0 1
    outer loop
      vertex 39.69393144547939 9.142712727189064 1.5
      vertex 40.48080199956894 12.713664002716541 1.5
      vertex 39.44842832535505 9.037352621555328 1.5
    endloop
  endfacet
  facet normal 0 0 1
    outer loop
      vertex 39.908823266625404 9.290216878056526 1.5
      vertex 40.48080199956894 12.713664002716541 1.5
      vertex 39.69393144547939 9.142712727189064 1.5
    endloop
  endfacet
  facet normal 0 0 1
    outer loop
      vertex 40.093103781342506 9.479865066707134 1.5
      vertex 40.48080199956894 12.713664002716541 1.5
      vertex 39.908823266625404 9.290216878056526 1.5
    endloop
  endfacet
  facet normal 0 0 1
    outer loop
      vertex 40.1833781003952 9.604503080248833 1.5
      vertex 40.48080199956894 12.713664002716541 1.5
      vertex 40.093103781342506 9.479865066707134 1.5
    endloop
  endfacet
  facet normal 0 0 1
    outer loop
      vertex 40.26728508621454 9.751807883381844 1.5
      vertex 40.48080199956894 12.713664002716541 1.5
      vertex 40.1833781003952 9.604503080248833 1.5
    endloop
  endfacet
  facet normal 0 0 1
    outer loop
      vertex 40.344824723899364 9.921779476106167 1.5
      vertex 40.48080199956894 12.713664002716541 1.5
      vertex 40.26728508621454 9.751807883381844 1.5
    endloop
  endfacet
  facet normal 0 0 1
    outer loop
      vertex 40.41599703580141 10.114417858421803 1.5
      vertex 40.48080199956894 12.713664002716541 1.5
      vertex 40.344824723899364 9.921779476106167 1.5
    endloop
  endfacet
  facet normal 0 0 1
    outer loop
      vertex 40.48080199956894 10.32972302287817 1.5
      vertex 40.48080199956894 12.713664002716541 1.5
      vertex 40.41599703580141 10.114417858421803 1.5
    endloop
  endfacet
  facet normal 0 0 1
    outer loop
      vertex 41.99663608521223 10.32972302287817 1.5
      vertex 40.48080199956894 12.713664002716541 1.5
      vertex 40.48080199956894 10.32972302287817 1.5
    endloop
  endfacet
  facet normal 0 0 1
    outer loop
      vertex 40.6364558711648 8.110887251794338 1.5
      vertex 43.15504026412964 7.832037687301636 1.5
      vertex 40.9827575981617 8.381191335618496 1.5
    endloop
  endfacet
  facet normal 0 0 1
    outer loop
      vertex 40.9827575981617 8.381191335618496 1.5
      vertex 43.15504026412964 7.832037687301636 1.5
      vertex 41.28412737697363 8.699379444122314 1.5
    endloop
  endfacet
  facet normal 0 0 1
    outer loop
      vertex 41.28412737697363 8.699379444122314 1.5
      vertex 43.15504026412964 7.832037687301636 1.5
      vertex 41.53620011359453 9.053326666355133 1.5
    endloop
  endfacet
  facet normal 0 0 1
    outer loop
      vertex 41.53620011359453 9.053326666355133 1.5
      vertex 43.15504026412964 7.832037687301636 1.5
      vertex 41.738975808024406 9.443033002316952 1.5
    endloop
  endfacet
  facet normal 0 0 1
    outer loop
      vertex 41.738975808024406 9.443033002316952 1.5
      vertex 43.15504026412964 7.832037687301636 1.5
      vertex 41.89245446771383 9.86849845200777 1.5
    endloop
  endfacet
  facet normal 0 0 1
    outer loop
      vertex 41.89245446771383 9.86849845200777 1.5
      vertex 43.15504026412964 7.832037687301636 1.5
      vertex 43.15504026412964 10.574912464050577 1.5
    endloop
  endfacet
  facet normal 0 0 1
    outer loop
      vertex 41.89245446771383 9.86849845200777 1.5
      vertex 43.15504026412964 10.574912464050577 1.5
      vertex 41.99663608521223 10.32972302287817 1.5
    endloop
  endfacet
  facet normal 0 0 1
    outer loop
      vertex 43.15504026412964 10.574912464050577 1.5
      vertex 40.48080199956894 12.713664002716541 1.5
      vertex 41.99663608521223 10.32972302287817 1.5
    endloop
  endfacet
  facet normal 0 0 1
    outer loop
      vertex 37.138632252812386 12.30534228682518 1.5
      vertex 40.41776769608259 12.914047546684742 1.5
      vertex 40.347979083657265 13.093757763504982 1.5
    endloop
  endfacet
  facet normal 0 0 1
    outer loop
      vertex 37.138632252812386 12.30534228682518 1.5
      vertex 40.18813894689083 13.39115821570158 1.5
      vertex 40.098087422549725 13.508848443627357 1.5
    endloop
  endfacet
  facet normal 0 0 1
    outer loop
      vertex 37.138632252812386 12.30534228682518 1.5
      vertex 40.347979083657265 13.093757763504982 1.5
      vertex 40.27143616229296 13.252794653177261 1.5
    endloop
  endfacet
  facet normal 0 0 1
    outer loop
      vertex 37.138632252812386 12.30534228682518 1.5
      vertex 40.27143616229296 13.252794653177261 1.5
      vertex 40.18813894689083 13.39115821570158 1.5
    endloop
  endfacet
  facet normal 0 0 1
    outer loop
      vertex 37.138632252812386 12.30534228682518 1.5
      vertex 40.48080199956894 12.713664002716541 1.5
      vertex 40.41776769608259 12.914047546684742 1.5
    endloop
  endfacet
  facet normal 0 0 1
    outer loop
      vertex 37.138632252812386 12.30534228682518 1.5
      vertex 40.098087422549725 13.508848443627357 1.5
      vertex 39.91500298678875 13.680608287453651 1.5
    endloop
  endfacet
  facet normal 0 0 1
    outer loop
      vertex 40.66167018562555 14.857528164982796 1.5
      vertex 43.15504026412964 15.158581331372261 1.5
      vertex 40.1209447607398 15.10034891217947 1.5
    endloop
  endfacet
  facet normal 0 0 1
    outer loop
      vertex 40.48080199956894 12.713664002716541 1.5
      vertex 43.15504026412964 10.574912464050577 1.5
      vertex 42.011513732373714 12.713664002716541 1.5
    endloop
  endfacet
  facet normal 0 0 1
    outer loop
      vertex 43.15504026412964 10.574912464050577 1.5
      vertex 43.15504026412964 15.158581331372261 1.5
      vertex 42.011513732373714 12.713664002716541 1.5
    endloop
  endfacet
  facet normal 0 0 1
    outer loop
      vertex 41.980096250772476 12.987805485725403 1.5
      vertex 43.15504026412964 15.158581331372261 1.5
      vertex 41.91369358450174 13.261560007929802 1.5
    endloop
  endfacet
  facet normal 0 0 1
    outer loop
      vertex 41.91369358450174 13.261560007929802 1.5
      vertex 43.15504026412964 15.158581331372261 1.5
      vertex 41.812305741012096 13.534927561879158 1.5
    endloop
  endfacet
  facet normal 0 0 1
    outer loop
      vertex 42.011513732373714 12.713664002716541 1.5
      vertex 43.15504026412964 15.158581331372261 1.5
      vertex 41.980096250772476 12.987805485725403 1.5
    endloop
  endfacet
  facet normal 0 0 1
    outer loop
      vertex 41.812305741012096 13.534927561879158 1.5
      vertex 43.15504026412964 15.158581331372261 1.5
      vertex 41.675932705402374 13.807908155024052 1.5
    endloop
  endfacet
  facet normal 0 0 1
    outer loop
      vertex 41.675932705402374 13.807908155024052 1.5
      vertex 43.15504026412964 15.158581331372261 1.5
      vertex 41.50457449257374 14.080501779913902 1.5
    endloop
  endfacet
  facet normal 0 0 1
    outer loop
      vertex 41.12288009375334 14.5175791233778 1.5
      vertex 43.15504026412964 15.158581331372261 1.5
      vertex 40.66167018562555 14.857528164982796 1.5
    endloop
  endfacet
  facet normal 0 0 1
    outer loop
      vertex 41.50457449257374 14.080501779913902 1.5
      vertex 43.15504026412964 15.158581331372261 1.5
      vertex 41.12288009375334 14.5175791233778 1.5
    endloop
  endfacet
  facet normal 0 0 1
    outer loop
      vertex 44.67087435722351 7.832037687301636 1.5
      vertex 47.53353835642338 11.101308442652225 1.5
      vertex 44.67087435722351 11.101308442652225 1.5
    endloop
  endfacet
  facet normal 0 0 1
    outer loop
      vertex 47.53353835642338 11.101308442652225 1.5
      vertex 44.67087435722351 7.832037687301636 1.5
      vertex 47.53353835642338 7.832037687301636 1.5
    endloop
  endfacet
  facet normal 0 0 1
    outer loop
      vertex 44.67087435722351 12.363049954175949 1.5
      vertex 47.53353835642338 15.158581331372261 1.5
      vertex 44.67087435722351 15.158581331372261 1.5
    endloop
  endfacet
  facet normal 0 0 1
    outer loop
      vertex 44.67087435722351 12.363049954175949 1.5
      vertex 47.53353835642338 12.363049954175949 1.5
      vertex 47.53353835642338 15.158581331372261 1.5
    endloop
  endfacet
  facet normal 0 0 1
    outer loop
      vertex 76.60000000149012 0 1.5
      vertex 38.28032363206148 7.670878350734711 1.5
      vertex 34.884242579340935 7.832037687301636 1.5
    endloop
  endfacet
  facet normal 0 0 1
    outer loop
      vertex 76.60000000149012 0 1.5
      vertex 38.88544946908951 7.630346663296223 1.5
      vertex 38.28032363206148 7.670878350734711 1.5
    endloop
  endfacet
  facet normal 0 0 1
    outer loop
      vertex 76.60000000149012 0 1.5
      vertex 39.3780709952116 7.660380452871323 1.5
      vertex 38.88544946908951 7.630346663296223 1.5
    endloop
  endfacet
  facet normal 0 0 1
    outer loop
      vertex 76.60000000149012 0 1.5
      vertex 39.83411256968975 7.750481814146042 1.5
      vertex 39.3780709952116 7.660380452871323 1.5
    endloop
  endfacet
  facet normal 0 0 1
    outer loop
      vertex 76.60000000149012 0 1.5
      vertex 43.15504026412964 7.832037687301636 1.5
      vertex 39.83411256968975 7.750481814146042 1.5
    endloop
  endfacet
  facet normal 0 0 1
    outer loop
      vertex 76.60000000149012 0 1.5
      vertex 44.67087435722351 7.832037687301636 1.5
      vertex 43.15504026412964 7.832037687301636 1.5
    endloop
  endfacet
  facet normal 0 0 1
    outer loop
      vertex 76.60000000149012 0 1.5
      vertex 47.53353835642338 7.832037687301636 1.5
      vertex 44.67087435722351 7.832037687301636 1.5
    endloop
  endfacet
  facet normal 0 0 1
    outer loop
      vertex 76.60000000149012 0 1.5
      vertex 49.05435609072447 7.832037687301636 1.5
      vertex 47.53353835642338 7.832037687301636 1.5
    endloop
  endfacet
  facet normal 0 0 1
    outer loop
      vertex 50.29427509754896 9.258670404553413 1.5
      vertex 49.05435609072447 7.832037687301636 1.5
      vertex 50.458280973136425 8.89932032674551 1.5
    endloop
  endfacet
  facet normal 0 0 1
    outer loop
      vertex 50.19587157666683 9.657174341380596 1.5
      vertex 49.05435609072447 7.832037687301636 1.5
      vertex 50.29427509754896 9.258670404553413 1.5
    endloop
  endfacet
  facet normal 0 0 1
    outer loop
      vertex 50.163070403039455 10.094832129776478 1.5
      vertex 49.05435609072447 7.832037687301636 1.5
      vertex 50.19587157666683 9.657174341380596 1.5
    endloop
  endfacet
  facet normal 0 0 1
    outer loop
      vertex 50.98309978097677 8.29808173328638 1.5
      vertex 49.05435609072447 7.832037687301636 1.5
      vertex 51.33556363731623 8.062762834131718 1.5
    endloop
  endfacet
  facet normal 0 0 1
    outer loop
      vertex 50.458280973136425 8.89932032674551 1.5
      vertex 49.05435609072447 7.832037687301636 1.5
      vertex 50.68788920342922 8.579124100506306 1.5
    endloop
  endfacet
  facet normal 0 0 1
    outer loop
      vertex 50.68788920342922 8.579124100506306 1.5
      vertex 49.05435609072447 7.832037687301636 1.5
      vertex 50.98309978097677 8.29808173328638 1.5
    endloop
  endfacet
  facet normal 0 0 1
    outer loop
      vertex 51.33556363731623 8.062762834131718 1.5
      vertex 49.05435609072447 7.832037687301636 1.5
      vertex 51.73693169653416 7.87973702698946 1.5
    endloop
  endfacet
  facet normal 0 0 1
    outer loop
      vertex 51.73693169653416 7.87973702698946 1.5
      vertex 49.05435609072447 7.832037687301636 1.5
      vertex 52.18720397353172 7.749004311859608 1.5
    endloop
  endfacet
  facet normal 0 0 1
    outer loop
      vertex 49.05435609072447 12.41570655462332 1.5
      vertex 49.05435609072447 7.832037687301636 1.5
      vertex 50.163070403039455 10.094832129776478 1.5
    endloop
  endfacet
  facet normal 0 0 1
    outer loop
      vertex 51.62423098087311 10.094832129776478 1.5
      vertex 51.02289564162493 11.5 1.5
      vertex 50.163070403039455 10.094832129776478 1.5
    endloop
  endfacet
  facet normal 0 0 1
    outer loop
      vertex 49.05435609072447 12.41570655462332 1.5
      vertex 50.163070403039455 10.094832129776478 1.5
      vertex 51.02289564162493 11.5 1.5
    endloop
  endfacet
  facet normal 0 0 1
    outer loop
      vertex 52.53631120175123 8.96445069462061 1.5
      vertex 52.603297241032124 10.938680402934551 1.5
      vertex 52.280870109796524 9.054903842508793 1.5
    endloop
  endfacet
  facet normal 0 0 1
    outer loop
      vertex 52.83428916335106 8.910178810358047 1.5
      vertex 52.603297241032124 10.938680402934551 1.5
      vertex 52.53631120175123 8.96445069462061 1.5
    endloop
  endfacet
  facet normal 0 0 1
    outer loop
      vertex 53.174804002046585 8.892088174819946 1.5
      vertex 52.603297241032124 10.938680402934551 1.5
      vertex 52.83428916335106 8.910178810358047 1.5
    endloop
  endfacet
  facet normal 0 0 1
    outer loop
      vertex 53.3833519294858 8.89685782045126 1.5
      vertex 53.37862040102482 10.76483915746212 1.5
      vertex 53.174804002046585 8.892088174819946 1.5
    endloop
  endfacet
  facet normal 0 0 1
    outer loop
      vertex 53.575594551861286 8.911166742444038 1.5
      vertex 53.37862040102482 10.76483915746212 1.5
      vertex 53.3833519294858 8.89685782045126 1.5
    endloop
  endfacet
  facet normal 0 0 1
    outer loop
      vertex 51.8214425817132 9.453900277614594 1.5
      vertex 52.603297241032124 10.938680402934551 1.5
      vertex 51.75602785497904 9.583721287548542 1.5
    endloop
  endfacet
  facet normal 0 0 1
    outer loop
      vertex 51.75602785497904 9.583721287548542 1.5
      vertex 52.603297241032124 10.938680402934551 1.5
      vertex 51.70135433971882 9.733816929161549 1.5
    endloop
  endfacet
  facet normal 0 0 1
    outer loop
      vertex 51.897598534822464 9.344353914260864 1.5
      vertex 52.603297241032124 10.938680402934551 1.5
      vertex 51.8214425817132 9.453900277614594 1.5
    endloop
  endfacet
  facet normal 0 0 1
    outer loop
      vertex 52.067965887486935 9.181538246572018 1.5
      vertex 52.603297241032124 10.938680402934551 1.5
      vertex 51.897598534822464 9.344353914260864 1.5
    endloop
  endfacet
  facet normal 0 0 1
    outer loop
      vertex 52.280870109796524 9.054903842508793 1.5
      vertex 52.603297241032124 10.938680402934551 1.5
      vertex 52.067965887486935 9.181538246572018 1.5
    endloop
  endfacet
  facet normal 0 0 1
    outer loop
      vertex 51.6574220508337 9.904187209904194 1.5
      vertex 52.1742934063077 11.043803051114082 1.5
      vertex 51.62423098087311 10.094832129776478 1.5
    endloop
  endfacet
  facet normal 0 0 1
    outer loop
      vertex 51.70135433971882 9.733816929161549 1.5
      vertex 52.603297241032124 10.938680402934551 1.5
      vertex 51.6574220508337 9.904187209904194 1.5
    endloop
  endfacet
  facet normal 0 0 1
    outer loop
      vertex 51.6574220508337 9.904187209904194 1.5
      vertex 52.603297241032124 10.938680402934551 1.5
      vertex 52.1742934063077 11.043803051114082 1.5
    endloop
  endfacet
  facet normal 0 0 1
    outer loop
      vertex 51.62423098087311 10.094832129776478 1.5
      vertex 51.226052448153496 11.380594812333584 1.5
      vertex 51.02289564162493 11.5 1.5
    endloop
  endfacet
  facet normal 0 0 1
    outer loop
      vertex 51.62423098087311 10.094832129776478 1.5
      vertex 51.48567100614309 11.264760255813599 1.5
      vertex 51.226052448153496 11.380594812333584 1.5
    endloop
  endfacet
  facet normal 0 0 1
    outer loop
      vertex 51.48567100614309 11.264760255813599 1.5
      vertex 51.62423098087311 10.094832129776478 1.5
      vertex 51.8017513230443 11.152496337890625 1.5
    endloop
  endfacet
  facet normal 0 0 1
    outer loop
      vertex 51.8017513230443 11.152496337890625 1.5
      vertex 51.62423098087311 10.094832129776478 1.5
      vertex 52.1742934063077 11.043803051114082 1.5
    endloop
  endfacet
  facet normal 0 0 1
    outer loop
      vertex 53.575594551861286 8.911166742444038 1.5
      vertex 53.636450707912445 10.703425996005535 1.5
      vertex 53.37862040102482 10.76483915746212 1.5
    endloop
  endfacet
  facet normal 0 0 1
    outer loop
      vertex 53.174804002046585 8.892088174819946 1.5
      vertex 53.37862040102482 10.76483915746212 1.5
      vertex 52.603297241032124 10.938680402934551 1.5
    endloop
  endfacet
  facet normal 0 0 1
    outer loop
      vertex 49.05435609072447 12.41570655462332 1.5
      vertex 50.4008664637804 12.313700146973133 1.5
      vertex 50.31200514733791 12.6763277053833 1.5
    endloop
  endfacet
  facet normal 0 0 1
    outer loop
      vertex 49.05435609072447 12.41570655462332 1.5
      vertex 50.31200514733791 12.6763277053833 1.5
      vertex 50.28238470852375 13.084652356803417 1.5
    endloop
  endfacet
  facet normal 0 0 1
    outer loop
      vertex 49.05435609072447 12.41570655462332 1.5
      vertex 50.28238470852375 13.084652356803417 1.5
      vertex 50.31101135164499 13.464754916727543 1.5
    endloop
  endfacet
  facet normal 0 0 1
    outer loop
      vertex 49.05435609072447 12.41570655462332 1.5
      vertex 50.31101135164499 13.464754916727543 1.5
      vertex 50.39689127355814 13.818233095109463 1.5
    endloop
  endfacet
  facet normal 0 0 1
    outer loop
      vertex 49.05435609072447 12.41570655462332 1.5
      vertex 50.75631170719862 11.725536294281483 1.5
      vertex 50.54896865040064 11.996769681572914 1.5
    endloop
  endfacet
  facet normal 0 0 1
    outer loop
      vertex 49.05435609072447 12.41570655462332 1.5
      vertex 51.02289564162493 11.5 1.5
      vertex 50.75631170719862 11.725536294281483 1.5
    endloop
  endfacet
  facet normal 0 0 1
    outer loop
      vertex 49.05435609072447 12.41570655462332 1.5
      vertex 50.54896865040064 11.996769681572914 1.5
      vertex 50.4008664637804 12.313700146973133 1.5
    endloop
  endfacet
  facet normal 0 0 1
    outer loop
      vertex 49.05435609072447 12.41570655462332 1.5
      vertex 50.39689127355814 13.818233095109463 1.5
      vertex 49.05435609072447 15.158581331372261 1.5
    endloop
  endfacet
  facet normal 0 0 1
    outer loop
      vertex 50.54002447426319 14.145086877048016 1.5
      vertex 49.05435609072447 15.158581331372261 1.5
      vertex 50.39689127355814 13.818233095109463 1.5
    endloop
  endfacet
  facet normal 0 0 1
    outer loop
      vertex 50.74041095376015 14.445316277444363 1.5
      vertex 49.05435609072447 15.158581331372261 1.5
      vertex 50.54002447426319 14.145086877048016 1.5
    endloop
  endfacet
  facet normal 0 0 1
    outer loop
      vertex 50.99805071204901 14.718921288847923 1.5
      vertex 49.05435609072447 15.158581331372261 1.5
      vertex 50.74041095376015 14.445316277444363 1.5
    endloop
  endfacet
  facet normal 0 0 1
    outer loop
      vertex 51.31115256994963 14.953184828162193 1.5
      vertex 49.05435609072447 15.158581331372261 1.5
      vertex 50.99805071204901 14.718921288847923 1.5
    endloop
  endfacet
  facet normal 0 0 1
    outer loop
      vertex 51.67792534828186 15.135389797389507 1.5
      vertex 49.05435609072447 15.158581331372261 1.5
      vertex 51.31115256994963 14.953184828162193 1.5
    endloop
  endfacet
  facet normal 0 0 1
    outer loop
      vertex 52.09836904704571 15.265536203980446 1.5
      vertex 49.05435609072447 15.158581331372261 1.5
      vertex 51.67792534828186 15.135389797389507 1.5
    endloop
  endfacet
  facet normal 0 0 1
    outer loop
      vertex 51.754430152475834 12.91206581890583 1.5
      vertex 51.824010625481606 12.794803597033024 1.5
      vertex 51.92142328619957 12.69344212859869 1.5
    endloop
  endfacet
  facet normal 0 0 1
    outer loop
      vertex 51.754430152475834 12.91206581890583 1.5
      vertex 51.92142328619957 12.69344212859869 1.5
      vertex 52.046668134629726 12.60798142105341 1.5
    endloop
  endfacet
  facet normal 0 0 1
    outer loop
      vertex 51.754430152475834 12.91206581890583 1.5
      vertex 52.046668134629726 12.60798142105341 1.5
      vertex 52.15641384571791 12.554509848356247 1.5
    endloop
  endfacet
  facet normal 0 0 1
    outer loop
      vertex 51.69876577705145 13.194292530417442 1.5
      vertex 52.15641384571791 12.554509848356247 1.5
      vertex 52.306708835065365 12.497461780905724 1.5
    endloop
  endfacet
  facet normal 0 0 1
    outer loop
      vertex 51.712681874632835 13.04522879421711 1.5
      vertex 52.15641384571791 12.554509848356247 1.5
      vertex 51.69876577705145 13.194292530417442 1.5
    endloop
  endfacet
  facet normal 0 0 1
    outer loop
      vertex 51.754430152475834 12.91206581890583 1.5
      vertex 52.15641384571791 12.554509848356247 1.5
      vertex 51.712681874632835 13.04522879421711 1.5
    endloop
  endfacet
  facet normal 0 0 1
    outer loop
      vertex 51.69876577705145 13.194292530417442 1.5
      vertex 52.306708835065365 12.497461780905724 1.5
      vertex 51.712881214916706 13.35765053331852 1.5
    endloop
  endfacet
  facet normal 0 0 1
    outer loop
      vertex 52.4975531026721 12.436837211251259 1.5
      vertex 52.202345460653305 13.945902332663536 1.5
      vertex 52.306708835065365 12.497461780905724 1.5
    endloop
  endfacet
  facet normal 0 0 1
    outer loop
      vertex 51.712881214916706 13.35765053331852 1.5
      vertex 52.306708835065365 12.497461780905724 1.5
      vertex 51.75522753596306 13.505905166268349 1.5
    endloop
  endfacet
  facet normal 0 0 1
    outer loop
      vertex 51.75522753596306 13.505905166268349 1.5
      vertex 52.306708835065365 12.497461780905724 1.5
      vertex 51.825804740190506 13.639056414365768 1.5
    endloop
  endfacet
  facet normal 0 0 1
    outer loop
      vertex 51.825804740190506 13.639056414365768 1.5
      vertex 52.306708835065365 12.497461780905724 1.5
      vertex 51.92461282014847 13.75710429251194 1.5
    endloop
  endfacet
  facet normal 0 0 1
    outer loop
      vertex 52.306708835065365 12.497461780905724 1.5
      vertex 52.051651775836945 13.860048800706863 1.5
      vertex 51.92461282014847 13.75710429251194 1.5
    endloop
  endfacet
  facet normal 0 0 1
    outer loop
      vertex 52.051651775836945 13.860048800706863 1.5
      vertex 52.306708835065365 12.497461780905724 1.5
      vertex 52.202345460653305 13.945902332663536 1.5
    endloop
  endfacet
  facet normal 0 0 1
    outer loop
      vertex 52.4975531026721 12.436837211251259 1.5
      vertex 52.37211770564318 14.012677311897278 1.5
      vertex 52.202345460653305 13.945902332663536 1.5
    endloop
  endfacet
  facet normal 0 0 1
    outer loop
      vertex 52.72894664853811 12.372636139392853 1.5
      vertex 52.56096851080656 14.060373716056347 1.5
      vertex 52.4975531026721 12.436837211251259 1.5
    endloop
  endfacet
  facet normal 0 0 1
    outer loop
      vertex 53.00088946521282 12.304858580231667 1.5
      vertex 52.768897883594036 14.088991560041904 1.5
      vertex 52.72894664853811 12.372636139392853 1.5
    endloop
  endfacet
  facet normal 0 0 1
    outer loop
      vertex 52.37211770564318 14.012677311897278 1.5
      vertex 52.4975531026721 12.436837211251259 1.5
      vertex 52.56096851080656 14.060373716056347 1.5
    endloop
  endfacet
  facet normal 0 0 1
    outer loop
      vertex 52.72894664853811 12.372636139392853 1.5
      vertex 52.768897883594036 14.088991560041904 1.5
      vertex 52.56096851080656 14.060373716056347 1.5
    endloop
  endfacet
  facet normal 0 0 1
    outer loop
      vertex 53.00088946521282 12.304858580231667 1.5
      vertex 52.995905824005604 14.09853084385395 1.5
      vertex 52.768897883594036 14.088991560041904 1.5
    endloop
  endfacet
  facet normal 0 0 1
    outer loop
      vertex 52.995905824005604 14.09853084385395 1.5
      vertex 53.00088946521282 12.304858580231667 1.5
      vertex 53.20166291296482 14.091175571084023 1.5
    endloop
  endfacet
  facet normal 0 0 1
    outer loop
      vertex 53.20166291296482 14.091175571084023 1.5
      vertex 53.00088946521282 12.304858580231667 1.5
      vertex 53.39350683987141 14.069109752774239 1.5
    endloop
  endfacet
  facet normal 0 0 1
    outer loop
      vertex 53.57143760472536 14.032333388924599 1.5
      vertex 53.00088946521282 12.304858580231667 1.5
      vertex 53.735455207526684 13.980846479535103 1.5
    endloop
  endfacet
  facet normal 0 0 1
    outer loop
      vertex 53.39350683987141 14.069109752774239 1.5
      vertex 53.00088946521282 12.304858580231667 1.5
      vertex 53.57143760472536 14.032333388924599 1.5
    endloop
  endfacet
  facet normal 0 0 1
    outer loop
      vertex 53.735455207526684 13.980846479535103 1.5
      vertex 53.00088946521282 12.304858580231667 1.5
      vertex 53.885559640824795 13.914649024605751 1.5
    endloop
  endfacet
  facet normal 0 0 1
    outer loop
      vertex 53.75153185427189 8.935014948248863 1.5
      vertex 53.636450707912445 10.703425996005535 1.5
      vertex 53.575594551861286 8.911166742444038 1.5
    endloop
  endfacet
  facet normal 0 0 1
    outer loop
      vertex 53.91116385161877 8.968402430415154 1.5
      vertex 53.86525861918926 10.63844220340252 1.5
      vertex 53.75153185427189 8.935014948248863 1.5
    endloop
  endfacet
  facet normal 0 0 1
    outer loop
      vertex 54.05449053645134 9.01132919639349 1.5
      vertex 53.86525861918926 10.63844220340252 1.5
      vertex 53.91116385161877 8.968402430415154 1.5
    endloop
  endfacet
  facet normal 0 0 1
    outer loop
      vertex 54.28529776632786 9.118430651724339 1.5
      vertex 53.86525861918926 10.63844220340252 1.5
      vertex 54.05449053645134 9.01132919639349 1.5
    endloop
  endfacet
  facet normal 0 0 1
    outer loop
      vertex 54.06504413485527 10.569887779653072 1.5
      vertex 54.28529776632786 9.118430651724339 1.5
      vertex 54.46481449902058 9.256923198699951 1.5
    endloop
  endfacet
  facet normal 0 0 1
    outer loop
      vertex 54.46481449902058 9.256923198699951 1.5
      vertex 54.593040741980076 9.426806844770908 1.5
      vertex 54.669976487755775 9.62808158248663 1.5
    endloop
  endfacet
  facet normal 0 0 1
    outer loop
      vertex 54.46481449902058 9.256923198699951 1.5
      vertex 54.669976487755775 9.62808158248663 1.5
      vertex 54.695621736347675 9.860747419297695 1.5
    endloop
  endfacet
  facet normal 0 0 1
    outer loop
      vertex 53.75153185427189 8.935014948248863 1.5
      vertex 53.86525861918926 10.63844220340252 1.5
      vertex 53.636450707912445 10.703425996005535 1.5
    endloop
  endfacet
  facet normal 0 0 1
    outer loop
      vertex 54.28529776632786 9.118430651724339 1.5
      vertex 54.06504413485527 10.569887779653072 1.5
      vertex 53.86525861918926 10.63844220340252 1.5
    endloop
  endfacet
  facet normal 0 0 1
    outer loop
      vertex 54.06504413485527 10.569887779653072 1.5
      vertex 54.46481449902058 9.256923198699951 1.5
      vertex 54.23580724745989 10.497762717306614 1.5
    endloop
  endfacet
  facet normal 0 0 1
    outer loop
      vertex 54.46481449902058 9.256923198699951 1.5
      vertex 54.37754795700312 10.422067023813725 1.5
      vertex 54.23580724745989 10.497762717306614 1.5
    endloop
  endfacet
  facet normal 0 0 1
    outer loop
      vertex 54.46481449902058 9.256923198699951 1.5
      vertex 54.492054514586926 10.336034663021564 1.5
      vertex 54.37754795700312 10.422067023813725 1.5
    endloop
  endfacet
  facet normal 0 0 1
    outer loop
      vertex 54.46481449902058 9.256923198699951 1.5
      vertex 54.581115171313286 10.236886523663998 1.5
      vertex 54.492054514586926 10.336034663021564 1.5
    endloop
  endfacet
  facet normal 0 0 1
    outer loop
      vertex 54.46481449902058 9.256923198699951 1.5
      vertex 54.695621736347675 9.860747419297695 1.5
      vertex 54.68289878219366 9.999242901802063 1.5
    endloop
  endfacet
  facet normal 0 0 1
    outer loop
      vertex 54.46481449902058 9.256923198699951 1.5
      vertex 54.68289878219366 9.999242901802063 1.5
      vertex 54.6447299271822 10.124622598290443 1.5
    endloop
  endfacet
  facet normal 0 0 1
    outer loop
      vertex 54.46481449902058 9.256923198699951 1.5
      vertex 54.6447299271822 10.124622598290443 1.5
      vertex 54.581115171313286 10.236886523663998 1.5
    endloop
  endfacet
  facet normal 0 0 1
    outer loop
      vertex 54.26321728527546 12.001809023320675 1.5
      vertex 54.350709564983845 13.44287671893835 1.5
      vertex 53.00088946521282 12.304858580231667 1.5
    endloop
  endfacet
  facet normal 0 0 1
    outer loop
      vertex 54.57891357690096 11.916940487921238 1.5
      vertex 54.462050043046474 12.975305333733559 1.5
      vertex 54.26321728527546 12.001809023320675 1.5
    endloop
  endfacet
  facet normal 0 0 1
    outer loop
      vertex 54.8620050996542 11.821342460811138 1.5
      vertex 54.462050043046474 12.975305333733559 1.5
      vertex 54.57891357690096 11.916940487921238 1.5
    endloop
  endfacet
  facet normal 0 0 1
    outer loop
      vertex 55.11249186843634 11.715014941990376 1.5
      vertex 54.462050043046474 12.975305333733559 1.5
      vertex 54.8620050996542 11.821342460811138 1.5
    endloop
  endfacet
  facet normal 0 0 1
    outer loop
      vertex 54.080361507833004 13.788002893328667 1.5
      vertex 53.00088946521282 12.304858580231667 1.5
      vertex 54.23541148751974 13.630745455622673 1.5
    endloop
  endfacet
  facet normal 0 0 1
    outer loop
      vertex 54.23541148751974 13.630745455622673 1.5
      vertex 53.00088946521282 12.304858580231667 1.5
      vertex 54.350709564983845 13.44287671893835 1.5
    endloop
  endfacet
  facet normal 0 0 1
    outer loop
      vertex 53.885559640824795 13.914649024605751 1.5
      vertex 53.00088946521282 12.304858580231667 1.5
      vertex 54.080361507833004 13.788002893328667 1.5
    endloop
  endfacet
  facet normal 0 0 1
    outer loop
      vertex 54.26321728527546 12.001809023320675 1.5
      vertex 54.462050043046474 12.975305333733559 1.5
      vertex 54.426255747675896 13.224396675825119 1.5
    endloop
  endfacet
  facet normal 0 0 1
    outer loop
      vertex 54.26321728527546 12.001809023320675 1.5
      vertex 54.426255747675896 13.224396675825119 1.5
      vertex 54.350709564983845 13.44287671893835 1.5
    endloop
  endfacet
  facet normal 0 0 1
    outer loop
      vertex 54.462050043046474 12.975305333733559 1.5
      vertex 55.11249186843634 11.715014941990376 1.5
      vertex 55.93310461938381 12.975305333733559 1.5
    endloop
  endfacet
  facet normal 0 0 1
    outer loop
      vertex 55.330373868346214 11.59795793145895 1.5
      vertex 55.93310461938381 12.975305333733559 1.5
      vertex 55.11249186843634 11.715014941990376 1.5
    endloop
  endfacet
  facet normal 0 0 1
    outer loop
      vertex 55.51565111428499 11.470171421766281 1.5
      vertex 55.93310461938381 12.975305333733559 1.5
      vertex 55.330373868346214 11.59795793145895 1.5
    endloop
  endfacet
  facet normal 0 0 1
    outer loop
      vertex 38.80094737559557 15.294605508446693 1.5
      vertex 40.676952593028545 21 1.5
      vertex 38.267773643136024 15.258444771170616 1.5
    endloop
  endfacet
  facet normal 0 0 1
    outer loop
      vertex 39.50070382654667 15.246041364967823 1.5
      vertex 40.676952593028545 21 1.5
      vertex 38.80094737559557 15.294605508446693 1.5
    endloop
  endfacet
  facet normal 0 0 1
    outer loop
      vertex 40.1209447607398 15.10034891217947 1.5
      vertex 40.676952593028545 21 1.5
      vertex 39.50070382654667 15.246041364967823 1.5
    endloop
  endfacet
  facet normal 0 0 1
    outer loop
      vertex 40.1209447607398 15.10034891217947 1.5
      vertex 43.15504026412964 15.158581331372261 1.5
      vertex 40.676952593028545 21 1.5
    endloop
  endfacet
  facet normal 0 0 1
    outer loop
      vertex 44.67087435722351 15.158581331372261 1.5
      vertex 40.676952593028545 21 1.5
      vertex 43.15504026412964 15.158581331372261 1.5
    endloop
  endfacet
  facet normal 0 0 1
    outer loop
      vertex 41.4341109469533 23.53126960992813 1.5
      vertex 40.676952593028545 21 1.5
      vertex 43.63719253242016 23.866071946918964 1.5
    endloop
  endfacet
  facet normal 0 0 1
    outer loop
      vertex 47.535307951271534 25.690612487494946 1.5
      vertex 44.67087435722351 15.158581331372261 1.5
      vertex 47.53353835642338 15.158581331372261 1.5
    endloop
  endfacet
  facet normal 0 0 1
    outer loop
      vertex 47.535307951271534 25.690612487494946 1.5
      vertex 47.53353835642338 15.158581331372261 1.5
      vertex 49.05435609072447 15.158581331372261 1.5
    endloop
  endfacet
  facet normal 0 0 1
    outer loop
      vertex 44.67087435722351 15.158581331372261 1.5
      vertex 47.535307951271534 25.690612487494946 1.5
      vertex 40.676952593028545 21 1.5
    endloop
  endfacet
  facet normal 0 0 1
    outer loop
      vertex 47.535307951271534 25.690612487494946 1.5
      vertex 43.63719253242016 23.866071946918964 1.5
      vertex 40.676952593028545 21 1.5
    endloop
  endfacet
  facet normal 0 0 1
    outer loop
      vertex 47.535307951271534 25.690612487494946 1.5
      vertex 49.05435609072447 15.158581331372261 1.5
      vertex 52.09836904704571 15.265536203980446 1.5
    endloop
  endfacet
  facet normal 0 0 1
    outer loop
      vertex 47.535307951271534 25.690612487494946 1.5
      vertex 52.09836904704571 15.265536203980446 1.5
      vertex 52.57248366624117 15.343624047935009 1.5
    endloop
  endfacet
  facet normal 0 0 1
    outer loop
      vertex 47.535307951271534 25.690612487494946 1.5
      vertex 52.57248366624117 15.343624047935009 1.5
      vertex 53.100269198417664 15.369653336703777 1.5
    endloop
  endfacet
  facet normal 0 0 1
    outer loop
      vertex 47.535307951271534 25.690612487494946 1.5
      vertex 53.100269198417664 15.369653336703777 1.5
      vertex 53.549864284694195 15.345125004649162 1.5
    endloop
  endfacet
  facet normal 0 0 1
    outer loop
      vertex 47.535307951271534 25.690612487494946 1.5
      vertex 53.549864284694195 15.345125004649162 1.5
      vertex 53.97221935540438 15.271540030837059 1.5
    endloop
  endfacet
  facet normal 0 0 1
    outer loop
      vertex 47.535307951271534 25.690612487494946 1.5
      vertex 53.97221935540438 15.271540030837059 1.5
      vertex 54.36733441799879 15.148898407816887 1.5
    endloop
  endfacet
  facet normal 0 0 1
    outer loop
      vertex 47.535307951271534 25.690612487494946 1.5
      vertex 54.36733441799879 15.148898407816887 1.5
      vertex 54.735209457576275 14.977200128138065 1.5
    endloop
  endfacet
  facet normal 0 0 1
    outer loop
      vertex 47.535307951271534 25.690612487494946 1.5
      vertex 55.07584448903799 14.756445199251175 1.5
      vertex 55.37174691259861 14.488972999155521 1.5
    endloop
  endfacet
  facet normal 0 0 1
    outer loop
      vertex 47.535307951271534 25.690612487494946 1.5
      vertex 54.735209457576275 14.977200128138065 1.5
      vertex 55.07584448903799 14.756445199251175 1.5
    endloop
  endfacet
  facet normal 0 0 1
    outer loop
      vertex 76.60000000149012 0 1.5
      vertex 51.12783166766167 28.653505563735962 1.5
      vertex 47.535307951271534 25.690612487494946 1.5
    endloop
  endfacet
  facet normal 0.09801713107425283 -0.9951847275837651 0
    outer loop
      vertex 76.87312644720078 0.026900604367256165 0
      vertex 76.87312644720078 0.026900604367256165 1.5
      vertex 76.60000000149012 0 1.5
    endloop
  endfacet
  facet normal 0.2902846915285437 -0.9569403314022136 0
    outer loop
      vertex 77.13575680553913 0.10656865686178207 0
      vertex 77.13575680553913 0.10656865686178207 1.5
      vertex 76.87312644720078 0.026900604367256165 1.5
    endloop
  endfacet
  facet normal 0.47139672966959456 -0.8819212681735322 0
    outer loop
      vertex 77.3777983263135 0.235942542552948 0
      vertex 77.3777983263135 0.235942542552948 1.5
      vertex 77.13575680553913 0.10656865686178207 1.5
    endloop
  endfacet
  facet normal 0.6343932751742409 -0.7730104607401506 0
    outer loop
      vertex 77.58994949609041 0.41005050390958786 0
      vertex 77.58994949609041 0.41005050390958786 1.5
      vertex 77.3777983263135 0.235942542552948 1.5
    endloop
  endfacet
  facet normal 0.7730104607401506 -0.6343932751742409 0
    outer loop
      vertex 77.76405745744705 0.6222016736865044 0
      vertex 77.76405745744705 0.6222016736865044 1.5
      vertex 77.58994949609041 0.41005050390958786 1.5
    endloop
  endfacet
  facet normal 0.8819212681735322 -0.47139672966959456 0
    outer loop
      vertex 77.89343134313822 0.8642431944608688 0
      vertex 77.89343134313822 0.8642431944608688 1.5
      vertex 77.76405745744705 0.6222016736865044 1.5
    endloop
  endfacet
  facet normal 0.9569403314022136 -0.2902846915285437 0
    outer loop
      vertex 77.97309939563274 1.1268735527992249 0
      vertex 77.97309939563274 1.1268735527992249 1.5
      vertex 77.89343134313822 0.8642431944608688 1.5
    endloop
  endfacet
  facet normal 0.9951847275837651 -0.09801713107425283 0
    outer loop
      vertex 78 1.3999999985098839 0
      vertex 78 1.3999999985098839 1.5
      vertex 77.97309939563274 1.1268735527992249 1.5
    endloop
  endfacet
  facet normal 0 0 1
    outer loop
      vertex 76.60000000149012 0 1.5
      vertex 52.18720397353172 7.749004311859608 1.5
      vertex 49.05435609072447 7.832037687301636 1.5
    endloop
  endfacet
  facet normal 0 0 1
    outer loop
      vertex 76.60000000149012 0 1.5
      vertex 52.686380460858345 7.670564673841 1.5
      vertex 52.18720397353172 7.749004311859608 1.5
    endloop
  endfacet
  facet normal 0 0 1
    outer loop
      vertex 76.60000000149012 0 1.5
      vertex 53.23446115851402 7.6444181352853775 1.5
      vertex 52.686380460858345 7.670564673841 1.5
    endloop
  endfacet
  facet normal 0 0 1
    outer loop
      vertex 76.60000000149012 0 1.5
      vertex 53.769716292619705 7.670948714017868 1.5
      vertex 53.23446115851402 7.6444181352853775 1.5
    endloop
  endfacet
  facet normal 0 0 1
    outer loop
      vertex 76.60000000149012 0 1.5
      vertex 54.25427897274494 7.750540442764759 1.5
      vertex 53.769716292619705 7.670948714017868 1.5
    endloop
  endfacet
  facet normal 0 0 1
    outer loop
      vertex 76.60000000149012 0 1.5
      vertex 54.68814919888973 7.883193336427212 1.5
      vertex 54.25427897274494 7.750540442764759 1.5
    endloop
  endfacet
  facet normal 0 0 1
    outer loop
      vertex 76.60000000149012 0 1.5
      vertex 55.0713269636035 8.068907380104065 1.5
      vertex 54.68814919888973 7.883193336427212 1.5
    endloop
  endfacet
  facet normal 0 0 1
    outer loop
      vertex 76.60000000149012 0 1.5
      vertex 55.403812266886234 8.3076825812459 1.5
      vertex 55.0713269636035 8.068907380104065 1.5
    endloop
  endfacet
  facet normal 0 0 1
    outer loop
      vertex 76.60000000149012 0 1.5
      vertex 55.68023743480444 8.586628884077072 1.5
      vertex 55.403812266886234 8.3076825812459 1.5
    endloop
  endfacet
  facet normal 0 0 1
    outer loop
      vertex 76.60000000149012 0 1.5
      vertex 55.895234785974026 8.892797611653805 1.5
      vertex 55.68023743480444 8.586628884077072 1.5
    endloop
  endfacet
  facet normal 0 0 1
    outer loop
      vertex 76.60000000149012 0 1.5
      vertex 56.04880432784557 9.226188771426678 1.5
      vertex 55.895234785974026 8.892797611653805 1.5
    endloop
  endfacet
  facet normal 0 0 1
    outer loop
      vertex 76.60000000149012 0 1.5
      vertex 56.14094604551792 9.58680234849453 1.5
      vertex 56.04880432784557 9.226188771426678 1.5
    endloop
  endfacet
  facet normal 0 0 1
    outer loop
      vertex 76.60000000149012 0 1.5
      vertex 56.17165995389223 9.974638357758522 1.5
      vertex 56.14094604551792 9.58680234849453 1.5
    endloop
  endfacet
  facet normal 0 0 1
    outer loop
      vertex 76.60000000149012 0 1.5
      vertex 56.14541960507631 10.347690522670746 1.5
      vertex 56.17165995389223 9.974638357758522 1.5
    endloop
  endfacet
  facet normal 0 0 1
    outer loop
      vertex 76.60000000149012 0 1.5
      vertex 55.75181429833174 11.245010368525982 1.5
      vertex 55.935496769845486 10.982876531779766 1.5
    endloop
  endfacet
  facet normal 0 0 1
    outer loop
      vertex 76.60000000149012 0 1.5
      vertex 55.51565111428499 11.470171421766281 1.5
      vertex 55.75181429833174 11.245010368525982 1.5
    endloop
  endfacet
  facet normal 0 0 1
    outer loop
      vertex 76.60000000149012 0 1.5
      vertex 56.0666985437274 10.683769918978214 1.5
      vertex 56.14541960507631 10.347690522670746 1.5
    endloop
  endfacet
  facet normal 0 0 1
    outer loop
      vertex 76.60000000149012 0 1.5
      vertex 55.935496769845486 10.982876531779766 1.5
      vertex 56.0666985437274 10.683769918978214 1.5
    endloop
  endfacet
  facet normal 0 0 1
    outer loop
      vertex 76.60000000149012 0 1.5
      vertex 55.93310461938381 12.975305333733559 1.5
      vertex 55.51565111428499 11.470171421766281 1.5
    endloop
  endfacet
  facet normal 0 0 1
    outer loop
      vertex 76.60000000149012 0 1.5
      vertex 55.7768761664629 13.820894941687584 1.5
      vertex 55.88610298931599 13.4202890843153 1.5
    endloop
  endfacet
  facet normal 0 0 1
    outer loop
      vertex 76.60000000149012 0 1.5
      vertex 55.605424135923386 14.177122920751572 1.5
      vertex 55.7768761664629 13.820894941687584 1.5
    endloop
  endfacet
  facet normal 0 0 1
    outer loop
      vertex 76.60000000149012 0 1.5
      vertex 55.37174691259861 14.488972999155521 1.5
      vertex 55.605424135923386 14.177122920751572 1.5
    endloop
  endfacet
  facet normal 0 0 1
    outer loop
      vertex 76.60000000149012 0 1.5
      vertex 55.88610298931599 13.4202890843153 1.5
      vertex 55.93310461938381 12.975305333733559 1.5
    endloop
  endfacet
  facet normal 0 0 1
    outer loop
      vertex 76.60000000149012 0 1.5
      vertex 47.535307951271534 25.690612487494946 1.5
      vertex 55.37174691259861 14.488972999155521 1.5
    endloop
  endfacet
  facet normal 0 0 1
    outer loop
      vertex 76.60000000149012 0 1.5
      vertex 54.27670504897833 32.64088881760836 1.5
      vertex 51.12783166766167 28.653505563735962 1.5
    endloop
  endfacet
  facet normal 0 0 1
    outer loop
      vertex 76.60000000149012 0 1.5
      vertex 76.87312644720078 0.026900604367256165 1.5
      vertex 76.60000000149012 62 1.5
    endloop
  endfacet
  facet normal 0 0 1
    outer loop
      vertex 76.87312644720078 0.026900604367256165 1.5
      vertex 77.13575680553913 0.10656865686178207 1.5
      vertex 76.87312644720078 61.973099395632744 1.5
    endloop
  endfacet
  facet normal 0 0 1
    outer loop
      vertex 77.13575680553913 0.10656865686178207 1.5
      vertex 77.3777983263135 0.235942542552948 1.5
      vertex 77.13575680553913 61.89343134313822 1.5
    endloop
  endfacet
  facet normal 0 0 1
    outer loop
      vertex 77.3777983263135 0.235942542552948 1.5
      vertex 77.58994949609041 0.41005050390958786 1.5
      vertex 77.3777983263135 61.76405745744705 1.5
    endloop
  endfacet
  facet normal 0 0 1
    outer loop
      vertex 77.58994949609041 0.41005050390958786 1.5
      vertex 77.76405745744705 0.6222016736865044 1.5
      vertex 77.58994949609041 61.58994949609041 1.5
    endloop
  endfacet
  facet normal 0 0 1
    outer loop
      vertex 77.76405745744705 0.6222016736865044 1.5
      vertex 77.89343134313822 0.8642431944608688 1.5
      vertex 77.76405745744705 61.377798326313496 1.5
    endloop
  endfacet
  facet normal 0 0 1
    outer loop
      vertex 77.89343134313822 0.8642431944608688 1.5
      vertex 77.97309939563274 1.1268735527992249 1.5
      vertex 77.89343134313822 61.13575680553913 1.5
    endloop
  endfacet
  facet normal 0 0 1
    outer loop
      vertex 77.97309939563274 1.1268735527992249 1.5
      vertex 78 1.3999999985098839 1.5
      vertex 77.97309939563274 60.873126447200775 1.5
    endloop
  endfacet
  facet normal 0 0 -1
    outer loop
      vertex 1.3999999985098839 62 0
      vertex 76.60000000149012 62 0
      vertex 76.60000000149012 0 0
    endloop
  endfacet
  facet normal 0 1 0
    outer loop
      vertex 1.3999999985098839 62 0
      vertex 76.60000000149012 62 1.5
      vertex 76.60000000149012 62 0
    endloop
  endfacet
  facet normal 0 0 -1
    outer loop
      vertex 76.87312644720078 0.026900604367256165 0
      vertex 76.60000000149012 62 0
      vertex 76.87312644720078 61.973099395632744 0
    endloop
  endfacet
  facet normal 0 0 -1
    outer loop
      vertex 77.13575680553913 0.10656865686178207 0
      vertex 76.87312644720078 61.973099395632744 0
      vertex 77.13575680553913 61.89343134313822 0
    endloop
  endfacet
  facet normal 0 0 -1
    outer loop
      vertex 77.3777983263135 0.235942542552948 0
      vertex 77.13575680553913 61.89343134313822 0
      vertex 77.3777983263135 61.76405745744705 0
    endloop
  endfacet
  facet normal 0 0 -1
    outer loop
      vertex 78 1.3999999985098839 0
      vertex 77.97309939563274 60.873126447200775 0
      vertex 78 60.600000001490116 0
    endloop
  endfacet
  facet normal 0 0 -1
    outer loop
      vertex 77.97309939563274 1.1268735527992249 0
      vertex 77.89343134313822 61.13575680553913 0
      vertex 77.97309939563274 60.873126447200775 0
    endloop
  endfacet
  facet normal 0 0 -1
    outer loop
      vertex 77.89343134313822 0.8642431944608688 0
      vertex 77.76405745744705 61.377798326313496 0
      vertex 77.89343134313822 61.13575680553913 0
    endloop
  endfacet
  facet normal 0 0 -1
    outer loop
      vertex 77.58994949609041 0.41005050390958786 0
      vertex 77.3777983263135 61.76405745744705 0
      vertex 77.58994949609041 61.58994949609041 0
    endloop
  endfacet
  facet normal 0 0 -1
    outer loop
      vertex 77.76405745744705 0.6222016736865044 0
      vertex 77.58994949609041 61.58994949609041 0
      vertex 77.76405745744705 61.377798326313496 0
    endloop
  endfacet
  facet normal 0.9951847275837651 0.09801713107425283 0
    outer loop
      vertex 78 60.600000001490116 0
      vertex 77.97309939563274 60.873126447200775 0
      vertex 78 60.600000001490116 1.5
    endloop
  endfacet
  facet normal 0.9569403314022136 0.2902846915285437 0
    outer loop
      vertex 77.97309939563274 60.873126447200775 0
      vertex 77.89343134313822 61.13575680553913 0
      vertex 77.97309939563274 60.873126447200775 1.5
    endloop
  endfacet
  facet normal 0.09801713107425283 0.9951847275837651 0
    outer loop
      vertex 76.60000000149012 62 0
      vertex 76.87312644720078 61.973099395632744 1.5
      vertex 76.87312644720078 61.973099395632744 0
    endloop
  endfacet
  facet normal 0.2902846915285437 0.9569403314022136 0
    outer loop
      vertex 76.87312644720078 61.973099395632744 0
      vertex 77.13575680553913 61.89343134313822 1.5
      vertex 77.13575680553913 61.89343134313822 0
    endloop
  endfacet
  facet normal 0.47139672966959456 0.8819212681735322 0
    outer loop
      vertex 77.13575680553913 61.89343134313822 0
      vertex 77.3777983263135 61.76405745744705 1.5
      vertex 77.3777983263135 61.76405745744705 0
    endloop
  endfacet
  facet normal 0.8819212681735322 0.47139672966959456 0
    outer loop
      vertex 77.89343134313822 61.13575680553913 0
      vertex 77.76405745744705 61.377798326313496 0
      vertex 77.89343134313822 61.13575680553913 1.5
    endloop
  endfacet
  facet normal 0.7730104607401506 0.6343932751742409 0
    outer loop
      vertex 77.76405745744705 61.377798326313496 0
      vertex 77.58994949609041 61.58994949609041 0
      vertex 77.76405745744705 61.377798326313496 1.5
    endloop
  endfacet
  facet normal 0.6343932751742409 0.7730104607401506 0
    outer loop
      vertex 77.3777983263135 61.76405745744705 0
      vertex 77.58994949609041 61.58994949609041 1.5
      vertex 77.58994949609041 61.58994949609041 0
    endloop
  endfacet
  facet normal 0 0 1
    outer loop
      vertex 48.0429563075304 39.68571547418833 1.5
      vertex 48.40536002069712 39.38682713359594 1.5
      vertex 49.61648401618004 39.20277260988951 1.5
    endloop
  endfacet
  facet normal 0 0 1
    outer loop
      vertex 47.46461858600378 40.578077524900436 1.5
      vertex 47.725306794047356 40.08795150369406 1.5
      vertex 50.950456373393536 40.578077524900436 1.5
    endloop
  endfacet
  facet normal 0 0 1
    outer loop
      vertex 47.27090976387262 41.137258283793926 1.5
      vertex 47.46461858600378 40.578077524900436 1.5
      vertex 51.14416519552469 41.137258283793926 1.5
    endloop
  endfacet
  facet normal 0 0 1
    outer loop
      vertex 47.15162447094917 41.74400474131107 1.5
      vertex 47.27090976387262 41.137258283793926 1.5
      vertex 51.263450503349304 41.74400474131107 1.5
    endloop
  endfacet
  facet normal 0 0 1
    outer loop
      vertex 47.11134675890207 42.37500000745058 1.5
      vertex 47.15162447094917 41.74400474131107 1.5
      vertex 51.303728215396404 42.37500000745058 1.5
    endloop
  endfacet
  facet normal 0 0 1
    outer loop
      vertex 47.15162447094917 43.005995251238346 1.5
      vertex 47.11134675890207 42.37500000745058 1.5
      vertex 51.263450503349304 43.005995251238346 1.5
    endloop
  endfacet
  facet normal 0 0 1
    outer loop
      vertex 47.27090976387262 43.612741738557816 1.5
      vertex 47.15162447094917 43.005995251238346 1.5
      vertex 51.14416519552469 43.612741738557816 1.5
    endloop
  endfacet
  facet normal 0 0 1
    outer loop
      vertex 47.46461858600378 44.17192246764898 1.5
      vertex 47.27090976387262 43.612741738557816 1.5
      vertex 50.950456373393536 44.17192246764898 1.5
    endloop
  endfacet
  facet normal 0 0 1
    outer loop
      vertex 47.725306794047356 44.66204849630594 1.5
      vertex 47.46461858600378 44.17192246764898 1.5
      vertex 50.68976816534996 44.66204849630594 1.5
    endloop
  endfacet
  facet normal 0 0 1
    outer loop
      vertex 48.0429563075304 45.06428452581167 1.5
      vertex 47.725306794047356 44.66204849630594 1.5
      vertex 50.37211865186691 45.06428452581167 1.5
    endloop
  endfacet
  facet normal 0 0 1
    outer loop
      vertex 49.20753748714924 39.14062499254942 1.5
      vertex 49.61648401618004 39.20277260988951 1.5
      vertex 48.79859095811844 39.20277260988951 1.5
    endloop
  endfacet
  facet normal 0 0 1
    outer loop
      vertex 48.40536002069712 39.38682713359594 1.5
      vertex 48.79859095811844 39.20277260988951 1.5
      vertex 49.61648401618004 39.20277260988951 1.5
    endloop
  endfacet
  facet normal 0 0 1
    outer loop
      vertex 49.61648401618004 39.20277260988951 1.5
      vertex 50.00971495360136 39.38682713359594 1.5
      vertex 48.0429563075304 39.68571547418833 1.5
    endloop
  endfacet
  facet normal 0 0 1
    outer loop
      vertex 50.00971495360136 39.38682713359594 1.5
      vertex 50.37211865186691 39.68571547418833 1.5
      vertex 48.0429563075304 39.68571547418833 1.5
    endloop
  endfacet
  facet normal 0 0 1
    outer loop
      vertex 47.725306794047356 40.08795150369406 1.5
      vertex 48.0429563075304 39.68571547418833 1.5
      vertex 50.68976816534996 40.08795150369406 1.5
    endloop
  endfacet
  facet normal 0 0 1
    outer loop
      vertex 50.37211865186691 39.68571547418833 1.5
      vertex 50.68976816534996 40.08795150369406 1.5
      vertex 48.0429563075304 39.68571547418833 1.5
    endloop
  endfacet
  facet normal 0 0 1
    outer loop
      vertex 50.68976816534996 40.08795150369406 1.5
      vertex 50.950456373393536 40.578077524900436 1.5
      vertex 47.725306794047356 40.08795150369406 1.5
    endloop
  endfacet
  facet normal 0 0 1
    outer loop
      vertex 50.950456373393536 40.578077524900436 1.5
      vertex 51.14416519552469 41.137258283793926 1.5
      vertex 47.46461858600378 40.578077524900436 1.5
    endloop
  endfacet
  facet normal 0 0 1
    outer loop
      vertex 51.14416519552469 41.137258283793926 1.5
      vertex 51.263450503349304 41.74400474131107 1.5
      vertex 47.27090976387262 41.137258283793926 1.5
    endloop
  endfacet
  facet normal 0 0 1
    outer loop
      vertex 51.263450503349304 41.74400474131107 1.5
      vertex 51.303728215396404 42.37500000745058 1.5
      vertex 47.15162447094917 41.74400474131107 1.5
    endloop
  endfacet
  facet normal 0 0 1
    outer loop
      vertex 51.303728215396404 42.37500000745058 1.5
      vertex 51.263450503349304 43.005995251238346 1.5
      vertex 47.11134675890207 42.37500000745058 1.5
    endloop
  endfacet
  facet normal 0 0 1
    outer loop
      vertex 51.263450503349304 43.005995251238346 1.5
      vertex 51.14416519552469 43.612741738557816 1.5
      vertex 47.15162447094917 43.005995251238346 1.5
    endloop
  endfacet
  facet normal 0 0 1
    outer loop
      vertex 51.14416519552469 43.612741738557816 1.5
      vertex 50.950456373393536 44.17192246764898 1.5
      vertex 47.27090976387262 43.612741738557816 1.5
    endloop
  endfacet
  facet normal 0 0 1
    outer loop
      vertex 50.950456373393536 44.17192246764898 1.5
      vertex 50.68976816534996 44.66204849630594 1.5
      vertex 47.46461858600378 44.17192246764898 1.5
    endloop
  endfacet
  facet normal 0 0 1
    outer loop
      vertex 48.40536002069712 45.363172858953476 1.5
      vertex 48.0429563075304 45.06428452581167 1.5
      vertex 50.00971495360136 45.363172858953476 1.5
    endloop
  endfacet
  facet normal 0 0 1
    outer loop
      vertex 48.79859095811844 45.54722738265991 1.5
      vertex 48.40536002069712 45.363172858953476 1.5
      vertex 49.61648401618004 45.54722738265991 1.5
    endloop
  endfacet
  facet normal 0 0 1
    outer loop
      vertex 48.40536002069712 45.363172858953476 1.5
      vertex 50.00971495360136 45.363172858953476 1.5
      vertex 49.61648401618004 45.54722738265991 1.5
    endloop
  endfacet
  facet normal 0 0 1
    outer loop
      vertex 50.68976816534996 44.66204849630594 1.5
      vertex 50.37211865186691 45.06428452581167 1.5
      vertex 47.725306794047356 44.66204849630594 1.5
    endloop
  endfacet
  facet normal 0 0 1
    outer loop
      vertex 50.37211865186691 45.06428452581167 1.5
      vertex 50.00971495360136 45.363172858953476 1.5
      vertex 48.0429563075304 45.06428452581167 1.5
    endloop
  endfacet
  facet normal 0 0 1
    outer loop
      vertex 48.79859095811844 45.54722738265991 1.5
      vertex 49.61648401618004 45.54722738265991 1.5
      vertex 49.20753748714924 45.60937500745058 1.5
    endloop
  endfacet
  facet normal 0 0 1
    outer loop
      vertex 37.76051330566406 57 1.5
      vertex 39.5832878574729 52.50000001490116 1.5
      vertex 43.63719253242016 51.883928060531616 1.5
    endloop
  endfacet
  facet normal 0 0 1
    outer loop
      vertex 76.60000000149012 62 1.5
      vertex 47.535307951271534 50.059387519955635 1.5
      vertex 51.12783166766167 47.09649444371462 1.5
    endloop
  endfacet
  facet normal 0 0 1
    outer loop
      vertex 76.60000000149012 62 1.5
      vertex 37.76051330566406 57 1.5
      vertex 43.63719253242016 51.883928060531616 1.5
    endloop
  endfacet
  facet normal 0 0 1
    outer loop
      vertex 76.60000000149012 62 1.5
      vertex 43.63719253242016 51.883928060531616 1.5
      vertex 47.535307951271534 50.059387519955635 1.5
    endloop
  endfacet
  facet normal 1 0 0
    outer loop
      vertex 78 1.3999999985098839 1.5
      vertex 78 60.600000001490116 0
      vertex 78 60.600000001490116 1.5
    endloop
  endfacet
  facet normal 0 0 1
    outer loop
      vertex 76.60000000149012 62 1.5
      vertex 56.860918655991554 37.49952940642834 1.5
      vertex 54.27670504897833 32.64088881760836 1.5
    endloop
  endfacet
  facet normal 0 0 1
    outer loop
      vertex 76.60000000149012 62 1.5
      vertex 56.990987449884415 37.87500000745058 1.5
      vertex 56.860918655991554 37.49952940642834 1.5
    endloop
  endfacet
  facet normal 0 0 1
    outer loop
      vertex 76.60000000149012 62 1.5
      vertex 56.860918655991554 38.25047060102224 1.5
      vertex 56.990987449884415 37.87500000745058 1.5
    endloop
  endfacet
  facet normal 0 0 1
    outer loop
      vertex 76.60000000149012 0 1.5
      vertex 76.60000000149012 62 1.5
      vertex 54.27670504897833 32.64088881760836 1.5
    endloop
  endfacet
  facet normal 0 0 1
    outer loop
      vertex 76.87312644720078 0.026900604367256165 1.5
      vertex 76.87312644720078 61.973099395632744 1.5
      vertex 76.60000000149012 62 1.5
    endloop
  endfacet
  facet normal 0 0 1
    outer loop
      vertex 77.13575680553913 0.10656865686178207 1.5
      vertex 77.13575680553913 61.89343134313822 1.5
      vertex 76.87312644720078 61.973099395632744 1.5
    endloop
  endfacet
  facet normal 0 0 1
    outer loop
      vertex 77.3777983263135 0.235942542552948 1.5
      vertex 77.3777983263135 61.76405745744705 1.5
      vertex 77.13575680553913 61.89343134313822 1.5
    endloop
  endfacet
  facet normal 0 0 1
    outer loop
      vertex 78 1.3999999985098839 1.5
      vertex 78 60.600000001490116 1.5
      vertex 77.97309939563274 60.873126447200775 1.5
    endloop
  endfacet
  facet normal 0 0 1
    outer loop
      vertex 77.97309939563274 1.1268735527992249 1.5
      vertex 77.97309939563274 60.873126447200775 1.5
      vertex 77.89343134313822 61.13575680553913 1.5
    endloop
  endfacet
  facet normal 0 0 1
    outer loop
      vertex 77.89343134313822 0.8642431944608688 1.5
      vertex 77.89343134313822 61.13575680553913 1.5
      vertex 77.76405745744705 61.377798326313496 1.5
    endloop
  endfacet
  facet normal 0 0 1
    outer loop
      vertex 77.58994949609041 0.41005050390958786 1.5
      vertex 77.58994949609041 61.58994949609041 1.5
      vertex 77.3777983263135 61.76405745744705 1.5
    endloop
  endfacet
  facet normal 0 0 1
    outer loop
      vertex 77.76405745744705 0.6222016736865044 1.5
      vertex 77.76405745744705 61.377798326313496 1.5
      vertex 77.58994949609041 61.58994949609041 1.5
    endloop
  endfacet
  facet normal 0.09801713107425283 0.9951847275837651 0
    outer loop
      vertex 76.60000000149012 62 0
      vertex 76.60000000149012 62 1.5
      vertex 76.87312644720078 61.973099395632744 1.5
    endloop
  endfacet
  facet normal 0.9951847275837651 0.09801713107425283 0
    outer loop
      vertex 77.97309939563274 60.873126447200775 0
      vertex 77.97309939563274 60.873126447200775 1.5
      vertex 78 60.600000001490116 1.5
    endloop
  endfacet
  facet normal 0.2902846915285437 0.9569403314022136 0
    outer loop
      vertex 76.87312644720078 61.973099395632744 0
      vertex 76.87312644720078 61.973099395632744 1.5
      vertex 77.13575680553913 61.89343134313822 1.5
    endloop
  endfacet
  facet normal 0.47139672966959456 0.8819212681735322 0
    outer loop
      vertex 77.13575680553913 61.89343134313822 0
      vertex 77.13575680553913 61.89343134313822 1.5
      vertex 77.3777983263135 61.76405745744705 1.5
    endloop
  endfacet
  facet normal 0.9569403314022136 0.2902846915285437 0
    outer loop
      vertex 77.89343134313822 61.13575680553913 0
      vertex 77.89343134313822 61.13575680553913 1.5
      vertex 77.97309939563274 60.873126447200775 1.5
    endloop
  endfacet
  facet normal 0.8819212681735322 0.47139672966959456 0
    outer loop
      vertex 77.76405745744705 61.377798326313496 0
      vertex 77.76405745744705 61.377798326313496 1.5
      vertex 77.89343134313822 61.13575680553913 1.5
    endloop
  endfacet
  facet normal 0.6343932751742409 0.7730104607401506 0
    outer loop
      vertex 77.3777983263135 61.76405745744705 0
      vertex 77.3777983263135 61.76405745744705 1.5
      vertex 77.58994949609041 61.58994949609041 1.5
    endloop
  endfacet
  facet normal 0.7730104607401506 0.6343932751742409 0
    outer loop
      vertex 77.58994949609041 61.58994949609041 0
      vertex 77.58994949609041 61.58994949609041 1.5
      vertex 77.76405745744705 61.377798326313496 1.5
    endloop
  endfacet
  facet normal 0 0 1
    outer loop
      vertex 76.60000000149012 62 1.5
      vertex 54.27670504897833 43.109111189842224 1.5
      vertex 56.860918655991554 38.25047060102224 1.5
    endloop
  endfacet
  facet normal 0 0 1
    outer loop
      vertex 76.60000000149012 62 1.5
      vertex 51.12783166766167 47.09649444371462 1.5
      vertex 54.27670504897833 43.109111189842224 1.5
    endloop
  endfacet
  facet normal 0 0 1
    outer loop
      vertex 22.24535382539034 7.832037687301636 0.901
      vertex 23.776065558195114 9.150065064430237 0.901
      vertex 22.24535382539034 15.158581331372261 0.901
    endloop
  endfacet
  facet normal 0 0 1
    outer loop
      vertex 23.776065558195114 9.150065064430237 0.901
      vertex 23.776065558195114 15.158581331372261 0.901
      vertex 22.24535382539034 15.158581331372261 0.901
    endloop
  endfacet
  facet normal 0 0 1
    outer loop
      vertex 22.24535382539034 7.832037687301636 0.901
      vertex 27.40408542007208 7.832037687301636 0.901
      vertex 23.776065558195114 9.150065064430237 0.901
    endloop
  endfacet
  facet normal 0 0 1
    outer loop
      vertex 23.776065558195114 9.150065064430237 0.901
      vertex 27.40408542007208 7.832037687301636 0.901
      vertex 27.40408542007208 9.150065064430237 0.901
    endloop
  endfacet
  facet normal 0 0 1
    outer loop
      vertex 27.946203336119652 7.832037687301636 0.901
      vertex 29.5465395078063 7.832037687301636 0.901
      vertex 30.053478755056858 9.337684623897076 0.901
    endloop
  endfacet
  facet normal 0 1 0
    outer loop
      vertex 22.24535382539034 7.832037687301636 0.901
      vertex 22.24535382539034 7.832037687301636 1.5
      vertex 27.40408542007208 7.832037687301636 0.901
    endloop
  endfacet
  facet normal -1 0 0
    outer loop
      vertex 23.776065558195114 9.150065064430237 0.901
      vertex 23.776065558195114 9.150065064430237 1.5
      vertex 23.776065558195114 15.158581331372261 0.901
    endloop
  endfacet
  facet normal 1 0 0
    outer loop
      vertex 22.24535382539034 7.832037687301636 0.901
      vertex 22.24535382539034 15.158581331372261 0.901
      vertex 22.24535382539034 15.158581331372261 1.5
    endloop
  endfacet
  facet normal 0 -1 0
    outer loop
      vertex 22.24535382539034 15.158581331372261 0.901
      vertex 23.776065558195114 15.158581331372261 0.901
      vertex 23.776065558195114 15.158581331372261 1.5
    endloop
  endfacet
  facet normal 0 -1 0
    outer loop
      vertex 23.776065558195114 9.150065064430237 0.901
      vertex 27.40408542007208 9.150065064430237 0.901
      vertex 27.40408542007208 9.150065064430237 1.5
    endloop
  endfacet
  facet normal -1 0 0
    outer loop
      vertex 27.40408542007208 7.832037687301636 0.901
      vertex 27.40408542007208 7.832037687301636 1.5
      vertex 27.40408542007208 9.150065064430237 0.901
    endloop
  endfacet
  facet normal 0 1 0
    outer loop
      vertex 27.946203336119652 7.832037687301636 0.901
      vertex 27.946203336119652 7.832037687301636 1.5
      vertex 29.5465395078063 7.832037687301636 0.901
    endloop
  endfacet
  facet normal 0.06683084587752754 0.9977643198868629 0
    outer loop
      vertex 38.28032363206148 7.670878350734711 0.901
      vertex 38.28032363206148 7.670878350734711 1.5
      vertex 38.88544946908951 7.630346663296223 0.901
    endloop
  endfacet
  facet normal 0 0 1
    outer loop
      vertex 27.946203336119652 7.832037687301636 0.901
      vertex 30.053478755056858 9.337684623897076 0.901
      vertex 30.560418002307415 15.158581331372261 0.901
    endloop
  endfacet
  facet normal 0 0 1
    outer loop
      vertex 30.053478755056858 9.337684623897076 0.901
      vertex 32.75212222337723 9.337684623897076 0.901
      vertex 30.46594861894846 10.5994261354208 0.901
    endloop
  endfacet
  facet normal 0 0 1
    outer loop
      vertex 33.22424924373627 7.832037687301636 0.901
      vertex 34.884242579340935 7.832037687301636 0.901
      vertex 32.75212222337723 9.337684623897076 0.901
    endloop
  endfacet
  facet normal 0 0 1
    outer loop
      vertex 32.75212222337723 9.337684623897076 0.901
      vertex 34.884242579340935 7.832037687301636 0.901
      vertex 32.32470142096281 10.5994261354208 0.901
    endloop
  endfacet
  facet normal 0 0 1
    outer loop
      vertex 30.46594861894846 10.5994261354208 0.901
      vertex 32.75212222337723 9.337684623897076 0.901
      vertex 32.32470142096281 10.5994261354208 0.901
    endloop
  endfacet
  facet normal 0 0 1
    outer loop
      vertex 32.32470142096281 10.5994261354208 0.901
      vertex 34.884242579340935 7.832037687301636 0.901
      vertex 32.28988920152187 15.158581331372261 0.901
    endloop
  endfacet
  facet normal 0 0 1
    outer loop
      vertex 30.053478755056858 9.337684623897076 0.901
      vertex 30.46594861894846 10.5994261354208 0.901
      vertex 30.560418002307415 15.158581331372261 0.901
    endloop
  endfacet
  facet normal 0 0 1
    outer loop
      vertex 30.46594861894846 10.5994261354208 0.901
      vertex 31.41027595847845 13.481951422989368 0.901
      vertex 30.560418002307415 15.158581331372261 0.901
    endloop
  endfacet
  facet normal 0 0 1
    outer loop
      vertex 31.41027595847845 13.481951422989368 0.901
      vertex 32.28988920152187 15.158581331372261 0.901
      vertex 30.560418002307415 15.158581331372261 0.901
    endloop
  endfacet
  facet normal 0 0 1
    outer loop
      vertex 31.41027595847845 13.481951422989368 0.901
      vertex 32.32470142096281 10.5994261354208 0.901
      vertex 32.28988920152187 15.158581331372261 0.901
    endloop
  endfacet
  facet normal 0 0 1
    outer loop
      vertex 36.074885070323944 9.081147126853466 0.901
      vertex 37.3874978646636 9.835964053869247 0.901
      vertex 35.821616262197495 9.579051315784454 0.901
    endloop
  endfacet
  facet normal 0 0 1
    outer loop
      vertex 35.821616262197495 9.579051315784454 0.901
      vertex 37.24487768858671 10.155307196080685 0.901
      vertex 35.64070996642113 10.137351416051388 0.901
    endloop
  endfacet
  facet normal 0 0 1
    outer loop
      vertex 35.64070996642113 10.137351416051388 0.901
      vertex 37.14300613105297 10.524082221090794 0.901
      vertex 35.53216619044542 10.756047420203686 0.901
    endloop
  endfacet
  facet normal 0 0 1
    outer loop
      vertex 35.53216619044542 10.756047420203686 0.901
      vertex 37.08188319951296 10.942289143800735 0.901
      vertex 35.49598493427038 11.435139335691929 0.901
    endloop
  endfacet
  facet normal 0 0 1
    outer loop
      vertex 35.49598493427038 11.435139335691929 0.901
      vertex 37.08188319951296 10.942289143800735 0.901
      vertex 37.061508886516094 11.40992795675993 0.901
    endloop
  endfacet
  facet normal 0 0 1
    outer loop
      vertex 35.49598493427038 11.435139335691929 0.901
      vertex 37.061508886516094 11.40992795675993 0.901
      vertex 37.08078972995281 11.879973575472832 0.901
    endloop
  endfacet
  facet normal 0 0 1
    outer loop
      vertex 36.78936379402876 8.27885366231203 0.901
      vertex 37.2322807982564 7.995131850242615 0.901
      vertex 37.78567346930504 9.345377020537853 0.901
    endloop
  endfacet
  facet normal 0 0 1
    outer loop
      vertex 37.2322807982564 7.995131850242615 0.901
      vertex 37.72926741093397 7.792473413050175 0.901
      vertex 38.02254901826382 9.173740312457085 0.901
    endloop
  endfacet
  facet normal 0 0 1
    outer loop
      vertex 36.074885070323944 9.081147126853466 0.901
      vertex 36.40051639825106 8.643638841807842 0.901
      vertex 37.3874978646636 9.835964053869247 0.901
    endloop
  endfacet
  facet normal 0 0 1
    outer loop
      vertex 36.40051639825106 8.643638841807842 0.901
      vertex 36.78936379402876 8.27885366231203 0.901
      vertex 37.57086666673422 9.566052801907063 0.901
    endloop
  endfacet
  facet normal 0 0 1
    outer loop
      vertex 36.40051639825106 8.643638841807842 0.901
      vertex 37.57086666673422 9.566052801907063 0.901
      vertex 37.3874978646636 9.835964053869247 0.901
    endloop
  endfacet
  facet normal 0 0 1
    outer loop
      vertex 36.78936379402876 8.27885366231203 0.901
      vertex 37.78567346930504 9.345377020537853 0.901
      vertex 37.57086666673422 9.566052801907063 0.901
    endloop
  endfacet
  facet normal 0 0 1
    outer loop
      vertex 37.2322807982564 7.995131850242615 0.901
      vertex 38.02254901826382 9.173740312457085 0.901
      vertex 37.78567346930504 9.345377020537853 0.901
    endloop
  endfacet
  facet normal 0 0 1
    outer loop
      vertex 37.72926741093397 7.792473413050175 0.901
      vertex 38.28032363206148 7.670878350734711 0.901
      vertex 38.281493321061134 9.051142655313015 0.901
    endloop
  endfacet
  facet normal 0 0 1
    outer loop
      vertex 37.72926741093397 7.792473413050175 0.901
      vertex 38.281493321061134 9.051142655313015 0.901
      vertex 38.02254901826382 9.173740312457085 0.901
    endloop
  endfacet
  facet normal 0 0 1
    outer loop
      vertex 38.28032363206148 7.670878350734711 0.901
      vertex 38.56250637769699 8.977584064006805 0.901
      vertex 38.281493321061134 9.051142655313015 0.901
    endloop
  endfacet
  facet normal 0 0 1
    outer loop
      vertex 38.28032363206148 7.670878350734711 0.901
      vertex 38.88544946908951 7.630346663296223 0.901
      vertex 38.56250637769699 8.977584064006805 0.901
    endloop
  endfacet
  facet normal 0 0 1
    outer loop
      vertex 38.88544946908951 7.630346663296223 0.901
      vertex 38.865588180720806 8.953064531087875 0.901
      vertex 38.56250637769699 8.977584064006805 0.901
    endloop
  endfacet
  facet normal 0 0 1
    outer loop
      vertex 38.88544946908951 7.630346663296223 0.901
      vertex 39.172313906252384 8.974136553704739 0.901
      vertex 38.865588180720806 8.953064531087875 0.901
    endloop
  endfacet
  facet normal 0 0 1
    outer loop
      vertex 35.821616262197495 9.579051315784454 0.901
      vertex 37.3874978646636 9.835964053869247 0.901
      vertex 37.24487768858671 10.155307196080685 0.901
    endloop
  endfacet
  facet normal 0 0 1
    outer loop
      vertex 35.64070996642113 10.137351416051388 0.901
      vertex 37.24487768858671 10.155307196080685 0.901
      vertex 37.14300613105297 10.524082221090794 0.901
    endloop
  endfacet
  facet normal 0 0 1
    outer loop
      vertex 35.53216619044542 10.756047420203686 0.901
      vertex 37.14300613105297 10.524082221090794 0.901
      vertex 37.08188319951296 10.942289143800735 0.901
    endloop
  endfacet
  facet normal 0 0 1
    outer loop
      vertex 35.49598493427038 11.435139335691929 0.901
      vertex 37.08078972995281 11.879973575472832 0.901
      vertex 35.53713517636061 12.166896641254425 0.901
    endloop
  endfacet
  facet normal 0 0 1
    outer loop
      vertex 35.53713517636061 12.166896641254425 0.901
      vertex 37.138632252812386 12.30534228682518 0.901
      vertex 35.660585917532444 12.828320071101189 0.901
    endloop
  endfacet
  facet normal 0 0 1
    outer loop
      vertex 35.660585917532444 12.828320071101189 0.901
      vertex 37.235036455094814 12.686034090816975 0.901
      vertex 35.86633714288473 13.419409617781639 0.901
    endloop
  endfacet
  facet normal 0 0 1
    outer loop
      vertex 35.86633714288473 13.419409617781639 0.901
      vertex 37.37000234425068 13.022048987448215 0.901
      vertex 36.15438885986805 13.940165281295776 0.901
    endloop
  endfacet
  facet normal 0 0 1
    outer loop
      vertex 35.53713517636061 12.166896641254425 0.901
      vertex 37.08078972995281 11.879973575472832 0.901
      vertex 37.138632252812386 12.30534228682518 0.901
    endloop
  endfacet
  facet normal 0 0 1
    outer loop
      vertex 35.660585917532444 12.828320071101189 0.901
      vertex 37.138632252812386 12.30534228682518 0.901
      vertex 37.235036455094814 12.686034090816975 0.901
    endloop
  endfacet
  facet normal 0 0 1
    outer loop
      vertex 35.86633714288473 13.419409617781639 0.901
      vertex 37.235036455094814 12.686034090816975 0.901
      vertex 37.37000234425068 13.022048987448215 0.901
    endloop
  endfacet
  facet normal 0 0 1
    outer loop
      vertex 37.37000234425068 13.022048987448215 0.901
      vertex 37.5435299128294 13.313386976718903 0.901
      vertex 36.15438885986805 13.940165281295776 0.901
    endloop
  endfacet
  facet normal 0 0 1
    outer loop
      vertex 37.5435299128294 13.313386976718903 0.901
      vertex 36.5247410684824 14.390587069094181 0.901
      vertex 36.15438885986805 13.940165281295776 0.901
    endloop
  endfacet
  facet normal 0 0 1
    outer loop
      vertex 37.75048307329416 13.555512942373753 0.901
      vertex 36.902049854397774 14.716033704578876 0.901
      vertex 36.5247410684824 14.390587069094181 0.901
    endloop
  endfacet
  facet normal 0 0 1
    outer loop
      vertex 37.5435299128294 13.313386976718903 0.901
      vertex 37.75048307329416 13.555512942373753 0.901
      vertex 36.5247410684824 14.390587069094181 0.901
    endloop
  endfacet
  facet normal 0 0 1
    outer loop
      vertex 37.75048307329416 13.555512942373753 0.901
      vertex 37.98566711694002 13.743833139538765 0.901
      vertex 36.902049854397774 14.716033704578876 0.901
    endloop
  endfacet
  facet normal 0 0 1
    outer loop
      vertex 37.98566711694002 13.743833139538765 0.901
      vertex 37.318324878811836 14.969158872961998 0.901
      vertex 36.902049854397774 14.716033704578876 0.901
    endloop
  endfacet
  facet normal 0 0 1
    outer loop
      vertex 37.318324878811836 14.969158872961998 0.901
      vertex 38.249082043766975 13.87834756821394 0.901
      vertex 37.77356614172459 15.149962559342384 0.901
    endloop
  endfacet
  facet normal 0 0 1
    outer loop
      vertex 37.98566711694002 13.743833139538765 0.901
      vertex 38.249082043766975 13.87834756821394 0.901
      vertex 37.318324878811836 14.969158872961998 0.901
    endloop
  endfacet
  facet normal 0 0 1
    outer loop
      vertex 38.249082043766975 13.87834756821394 0.901
      vertex 38.540727846324444 13.959056228399277 0.901
      vertex 38.267773643136024 15.258444771170616 0.901
    endloop
  endfacet
  facet normal 0 0 1
    outer loop
      vertex 38.540727846324444 13.959056228399277 0.901
      vertex 38.86060453206301 13.985959112644196 0.901
      vertex 38.80094737559557 15.294605508446693 0.901
    endloop
  endfacet
  facet normal 0 0 1
    outer loop
      vertex 38.86060453206301 13.985959112644196 0.901
      vertex 39.172513246536255 13.966874681413174 0.901
      vertex 38.80094737559557 15.294605508446693 0.901
    endloop
  endfacet
  facet normal 0 0 1
    outer loop
      vertex 37.77356614172459 15.149962559342384 0.901
      vertex 38.249082043766975 13.87834756821394 0.901
      vertex 38.267773643136024 15.258444771170616 0.901
    endloop
  endfacet
  facet normal 0 0 1
    outer loop
      vertex 38.267773643136024 15.258444771170616 0.901
      vertex 38.540727846324444 13.959056228399277 0.901
      vertex 38.80094737559557 15.294605508446693 0.901
    endloop
  endfacet
  facet normal -0.9477240517660638 0.3190910868453005 0
    outer loop
      vertex 29.5465395078063 7.832037687301636 0.901
      vertex 29.5465395078063 7.832037687301636 1.5
      vertex 30.053478755056858 9.337684623897076 0.901
    endloop
  endfacet
  facet normal 0 1 0
    outer loop
      vertex 30.053478755056858 9.337684623897076 0.901
      vertex 30.053478755056858 9.337684623897076 1.5
      vertex 32.75212222337723 9.337684623897076 0.901
    endloop
  endfacet
  facet normal -0.9503039741531929 0.31132355630219777 0
    outer loop
      vertex 30.46594861894846 10.5994261354208 0.901
      vertex 30.46594861894846 10.5994261354208 1.5
      vertex 31.41027595847845 13.481951422989368 0.901
    endloop
  endfacet
  facet normal 0 1 0
    outer loop
      vertex 33.22424924373627 7.832037687301636 0.901
      vertex 33.22424924373627 7.832037687301636 1.5
      vertex 34.884242579340935 7.832037687301636 0.901
    endloop
  endfacet
  facet normal 0.9541886166622465 0.29920575501181174 0
    outer loop
      vertex 33.22424924373627 7.832037687301636 0.901
      vertex 32.75212222337723 9.337684623897076 0.901
      vertex 32.75212222337723 9.337684623897076 1.5
    endloop
  endfacet
  facet normal 0 -1 0
    outer loop
      vertex 30.46594861894846 10.5994261354208 0.901
      vertex 32.32470142096281 10.5994261354208 0.901
      vertex 32.32470142096281 10.5994261354208 1.5
    endloop
  endfacet
  facet normal 0.9418399225064401 -0.3360618401024771 -2.6209217013292917e-16
    outer loop
      vertex 27.946203336119652 7.832037687301636 0.901
      vertex 30.560418002307415 15.158581331372261 0.901
      vertex 30.560418002307415 15.158581331372261 1.5
    endloop
  endfacet
  facet normal 0.9531873720691288 0.30238027999184747 0
    outer loop
      vertex 31.41027595847845 13.481951422989368 0.901
      vertex 31.41027595847845 13.481951422989368 1.5
      vertex 32.32470142096281 10.5994261354208 0.901
    endloop
  endfacet
  facet normal -0.9426460171585715 -0.3337940777411754 0
    outer loop
      vertex 32.28988920152187 15.158581331372261 0.901
      vertex 34.884242579340935 7.832037687301636 0.901
      vertex 32.28988920152187 15.158581331372261 1.5
    endloop
  endfacet
  facet normal 0 -1 0
    outer loop
      vertex 30.560418002307415 15.158581331372261 0.901
      vertex 32.28988920152187 15.158581331372261 0.901
      vertex 32.28988920152187 15.158581331372261 1.5
    endloop
  endfacet
  facet normal 0.6841814106972756 0.7293118655666353 0
    outer loop
      vertex 36.40051639825106 8.643638841807842 0.901
      vertex 36.40051639825106 8.643638841807842 1.5
      vertex 36.78936379402876 8.27885366231203 0.901
    endloop
  endfacet
  facet normal 0.8913148297513146 0.45338490740802667 0
    outer loop
      vertex 36.074885070323944 9.081147126853466 0.901
      vertex 35.821616262197495 9.579051315784454 0.901
      vertex 35.821616262197495 9.579051315784454 1.5
    endloop
  endfacet
  facet normal 0.8021947849756175 0.597062414625073 0
    outer loop
      vertex 36.074885070323944 9.081147126853466 0.901
      vertex 36.074885070323944 9.081147126853466 1.5
      vertex 36.40051639825106 8.643638841807842 0.901
    endloop
  endfacet
  facet normal 0.9513047937596941 0.30825182784506844 0
    outer loop
      vertex 35.821616262197495 9.579051315784454 0.901
      vertex 35.64070996642113 10.137351416051388 0.901
      vertex 35.64070996642113 10.137351416051388 1.5
    endloop
  endfacet
  facet normal 0.9849568573701692 0.17280043147943805 0
    outer loop
      vertex 35.64070996642113 10.137351416051388 0.901
      vertex 35.53216619044542 10.756047420203686 0.901
      vertex 35.53216619044542 10.756047420203686 1.5
    endloop
  endfacet
  facet normal 0.9985836950836284 0.05320342012621927 0
    outer loop
      vertex 35.53216619044542 10.756047420203686 0.901
      vertex 35.49598493427038 11.435139335691929 0.901
      vertex 35.49598493427038 11.435139335691929 1.5
    endloop
  endfacet
  facet normal 0.5393974786523812 0.8420512811126494 0
    outer loop
      vertex 36.78936379402876 8.27885366231203 0.901
      vertex 36.78936379402876 8.27885366231203 1.5
      vertex 37.2322807982564 7.995131850242615 0.901
    endloop
  endfacet
  facet normal 0.37758834991292056 0.9259735622630043 0
    outer loop
      vertex 37.2322807982564 7.995131850242615 0.901
      vertex 37.2322807982564 7.995131850242615 1.5
      vertex 37.72926741093397 7.792473413050175 0.901
    endloop
  endfacet
  facet normal -0.7165713549646572 -0.6975137943038225 0
    outer loop
      vertex 37.57086666673422 9.566052801907063 0.901
      vertex 37.78567346930504 9.345377020537853 0.901
      vertex 37.78567346930504 9.345377020537853 1.5
    endloop
  endfacet
  facet normal -0.8271698856568993 -0.5619519376800404 0
    outer loop
      vertex 37.3874978646636 9.835964053869247 0.901
      vertex 37.57086666673422 9.566052801907063 0.901
      vertex 37.57086666673422 9.566052801907063 1.5
    endloop
  endfacet
  facet normal 0.21547478693546282 0.9765094040484796 0
    outer loop
      vertex 37.72926741093397 7.792473413050175 0.901
      vertex 37.72926741093397 7.792473413050175 1.5
      vertex 38.28032363206148 7.670878350734711 0.901
    endloop
  endfacet
  facet normal -0.4279148056125327 -0.9038190743382153 0
    outer loop
      vertex 38.281493321061134 9.051142655313015 0.901
      vertex 38.281493321061134 9.051142655313015 1.5
      vertex 38.02254901826382 9.173740312457085 0.901
    endloop
  endfacet
  facet normal -0.5867478108341362 -0.8097697243546147 0
    outer loop
      vertex 37.78567346930504 9.345377020537853 0.901
      vertex 38.02254901826382 9.173740312457085 0.901
      vertex 38.02254901826382 9.173740312457085 1.5
    endloop
  endfacet
  facet normal -0.2532303123443099 -0.9674060207120914 0
    outer loop
      vertex 38.281493321061134 9.051142655313015 0.901
      vertex 38.56250637769699 8.977584064006805 0.901
      vertex 38.56250637769699 8.977584064006805 1.5
    endloop
  endfacet
  facet normal -0.08063725753041848 -0.9967435139984474 0
    outer loop
      vertex 38.56250637769699 8.977584064006805 0.901
      vertex 38.865588180720806 8.953064531087875 0.901
      vertex 38.865588180720806 8.953064531087875 1.5
    endloop
  endfacet
  facet normal -0.9130779793992633 -0.407784996703114 0
    outer loop
      vertex 37.24487768858671 10.155307196080685 0.901
      vertex 37.3874978646636 9.835964053869247 0.901
      vertex 37.3874978646636 9.835964053869247 1.5
    endloop
  endfacet
  facet normal -0.9638984045146152 -0.2662702870659423 0
    outer loop
      vertex 37.24487768858671 10.155307196080685 0.901
      vertex 37.24487768858671 10.155307196080685 1.5
      vertex 37.14300613105297 10.524082221090794 0.901
    endloop
  endfacet
  facet normal -0.9894875162828937 -0.1446183083855929 0
    outer loop
      vertex 37.14300613105297 10.524082221090794 0.901
      vertex 37.14300613105297 10.524082221090794 1.5
      vertex 37.08188319951296 10.942289143800735 0.901
    endloop
  endfacet
  facet normal -0.999052242777773 -0.04352718921205069 0
    outer loop
      vertex 37.08188319951296 10.942289143800735 0.901
      vertex 37.08188319951296 10.942289143800735 1.5
      vertex 37.061508886516094 11.40992795675993 0.901
    endloop
  endfacet
  facet normal -0.9991597772855455 0.040984624613372295 0
    outer loop
      vertex 37.061508886516094 11.40992795675993 0.901
      vertex 37.061508886516094 11.40992795675993 1.5
      vertex 37.08078972995281 11.879973575472832 0.901
    endloop
  endfacet
  facet normal 0.998422562705408 -0.056146115455709224 0
    outer loop
      vertex 35.49598493427038 11.435139335691929 0.901
      vertex 35.53713517636061 12.166896641254425 0.901
      vertex 35.53713517636061 12.166896641254425 1.5
    endloop
  endfacet
  facet normal 0.9830242606545179 -0.18347561953741542 0
    outer loop
      vertex 35.53713517636061 12.166896641254425 0.901
      vertex 35.660585917532444 12.828320071101189 0.901
      vertex 35.660585917532444 12.828320071101189 1.5
    endloop
  endfacet
  facet normal 0.9444199962554648 -0.328741343114656 0
    outer loop
      vertex 35.660585917532444 12.828320071101189 0.901
      vertex 35.86633714288473 13.419409617781639 0.901
      vertex 35.86633714288473 13.419409617781639 1.5
    endloop
  endfacet
  facet normal 0.8750524647143155 -0.4840280818272855 0
    outer loop
      vertex 35.86633714288473 13.419409617781639 0.901
      vertex 36.15438885986805 13.940165281295776 0.901
      vertex 36.15438885986805 13.940165281295776 1.5
    endloop
  endfacet
  facet normal 0.7724209386258898 -0.6351109301313427 0
    outer loop
      vertex 36.15438885986805 13.940165281295776 0.901
      vertex 36.5247410684824 14.390587069094181 0.901
      vertex 36.5247410684824 14.390587069094181 1.5
    endloop
  endfacet
  facet normal -0.9908807130461605 0.13474202207601202 0
    outer loop
      vertex 37.08078972995281 11.879973575472832 0.901
      vertex 37.08078972995281 11.879973575472832 1.5
      vertex 37.138632252812386 12.30534228682518 0.901
    endloop
  endfacet
  facet normal -0.96940029945963 0.2454853547720914 0
    outer loop
      vertex 37.138632252812386 12.30534228682518 0.901
      vertex 37.138632252812386 12.30534228682518 1.5
      vertex 37.235036455094814 12.686034090816975 0.901
    endloop
  endfacet
  facet normal -0.927942523485463 0.3727233197794725 0
    outer loop
      vertex 37.235036455094814 12.686034090816975 0.901
      vertex 37.235036455094814 12.686034090816975 1.5
      vertex 37.37000234425068 13.022048987448215 0.901
    endloop
  endfacet
  facet normal -0.8591475567528744 0.5117279313517746 0
    outer loop
      vertex 37.37000234425068 13.022048987448215 0.901
      vertex 37.37000234425068 13.022048987448215 1.5
      vertex 37.5435299128294 13.313386976718903 0.901
    endloop
  endfacet
  facet normal -0.7601608653208036 0.6497349142802216 0
    outer loop
      vertex 37.5435299128294 13.313386976718903 0.901
      vertex 37.5435299128294 13.313386976718903 1.5
      vertex 37.75048307329416 13.555512942373753 0.901
    endloop
  endfacet
  facet normal 0.6531473412644575 -0.7572308436660317 0
    outer loop
      vertex 36.5247410684824 14.390587069094181 0.901
      vertex 36.902049854397774 14.716033704578876 0.901
      vertex 36.902049854397774 14.716033704578876 1.5
    endloop
  endfacet
  facet normal 0.5195580540745341 -0.8544351516916211 0
    outer loop
      vertex 36.902049854397774 14.716033704578876 0.901
      vertex 37.318324878811836 14.969158872961998 0.901
      vertex 37.318324878811836 14.969158872961998 1.5
    endloop
  endfacet
  facet normal 0.36911428964293663 -0.9293840116880591 0
    outer loop
      vertex 37.318324878811836 14.969158872961998 0.901
      vertex 37.77356614172459 15.149962559342384 0.901
      vertex 37.77356614172459 15.149962559342384 1.5
    endloop
  endfacet
  facet normal -0.6250450281763517 0.7805886962748203 0
    outer loop
      vertex 37.75048307329416 13.555512942373753 0.901
      vertex 37.75048307329416 13.555512942373753 1.5
      vertex 37.98566711694002 13.743833139538765 0.901
    endloop
  endfacet
  facet normal -0.4547897037178335 0.8905988577312712 0
    outer loop
      vertex 37.98566711694002 13.743833139538765 0.901
      vertex 37.98566711694002 13.743833139538765 1.5
      vertex 38.249082043766975 13.87834756821394 0.901
    endloop
  endfacet
  facet normal -0.2667109063521159 0.9637765780681915 0
    outer loop
      vertex 38.249082043766975 13.87834756821394 0.901
      vertex 38.249082043766975 13.87834756821394 1.5
      vertex 38.540727846324444 13.959056228399277 0.901
    endloop
  endfacet
  facet normal -0.08380803879655992 0.9964819178655849 0
    outer loop
      vertex 38.540727846324444 13.959056228399277 0.901
      vertex 38.540727846324444 13.959056228399277 1.5
      vertex 38.86060453206301 13.985959112644196 0.901
    endloop
  endfacet
  facet normal 0.061071739743612144 0.9981333791656747 0
    outer loop
      vertex 38.86060453206301 13.985959112644196 0.901
      vertex 38.86060453206301 13.985959112644196 1.5
      vertex 39.172513246536255 13.966874681413174 0.901
    endloop
  endfacet
  facet normal 0.21440284187028522 -0.9767453206429738 0
    outer loop
      vertex 37.77356614172459 15.149962559342384 0.901
      vertex 38.267773643136024 15.258444771170616 0.901
      vertex 38.267773643136024 15.258444771170616 1.5
    endloop
  endfacet
  facet normal 0.06766623179987244 -0.9977080139369463 0
    outer loop
      vertex 38.267773643136024 15.258444771170616 0.901
      vertex 38.80094737559557 15.294605508446693 0.901
      vertex 38.80094737559557 15.294605508446693 1.5
    endloop
  endfacet
  facet normal 1 0 0
    outer loop
      vertex 22.24535382539034 7.832037687301636 0.901
      vertex 22.24535382539034 15.158581331372261 1.5
      vertex 22.24535382539034 7.832037687301636 1.5
    endloop
  endfacet
  facet normal -1 0 0
    outer loop
      vertex 23.776065558195114 15.158581331372261 0.901
      vertex 23.776065558195114 9.150065064430237 1.5
      vertex 23.776065558195114 15.158581331372261 1.5
    endloop
  endfacet
  facet normal 0 -1 0
    outer loop
      vertex 22.24535382539034 15.158581331372261 0.901
      vertex 23.776065558195114 15.158581331372261 1.5
      vertex 22.24535382539034 15.158581331372261 1.5
    endloop
  endfacet
  facet normal 0 -1 0
    outer loop
      vertex 23.776065558195114 9.150065064430237 0.901
      vertex 27.40408542007208 9.150065064430237 1.5
      vertex 23.776065558195114 9.150065064430237 1.5
    endloop
  endfacet
  facet normal 0 1 0
    outer loop
      vertex 27.40408542007208 7.832037687301636 0.901
      vertex 22.24535382539034 7.832037687301636 1.5
      vertex 27.40408542007208 7.832037687301636 1.5
    endloop
  endfacet
  facet normal -1 0 0
    outer loop
      vertex 27.40408542007208 9.150065064430237 0.901
      vertex 27.40408542007208 7.832037687301636 1.5
      vertex 27.40408542007208 9.150065064430237 1.5
    endloop
  endfacet
  facet normal 0 1 0
    outer loop
      vertex 29.5465395078063 7.832037687301636 0.901
      vertex 27.946203336119652 7.832037687301636 1.5
      vertex 29.5465395078063 7.832037687301636 1.5
    endloop
  endfacet
  facet normal 0.9418399225064401 -0.3360618401024771 0
    outer loop
      vertex 27.946203336119652 7.832037687301636 0.901
      vertex 30.560418002307415 15.158581331372261 1.5
      vertex 27.946203336119652 7.832037687301636 1.5
    endloop
  endfacet
  facet normal 0.21547478693546282 0.9765094040484796 0
    outer loop
      vertex 38.28032363206148 7.670878350734711 0.901
      vertex 37.72926741093397 7.792473413050175 1.5
      vertex 38.28032363206148 7.670878350734711 1.5
    endloop
  endfacet
  facet normal 0.06683084587752754 0.9977643198868629 0
    outer loop
      vertex 38.88544946908951 7.630346663296223 0.901
      vertex 38.28032363206148 7.670878350734711 1.5
      vertex 38.88544946908951 7.630346663296223 1.5
    endloop
  endfacet
  facet normal -0.9477240517660638 0.3190910868453005 0
    outer loop
      vertex 30.053478755056858 9.337684623897076 0.901
      vertex 29.5465395078063 7.832037687301636 1.5
      vertex 30.053478755056858 9.337684623897076 1.5
    endloop
  endfacet
  facet normal 0 -1 0
    outer loop
      vertex 30.46594861894846 10.5994261354208 0.901
      vertex 32.32470142096281 10.5994261354208 1.5
      vertex 30.46594861894846 10.5994261354208 1.5
    endloop
  endfacet
  facet normal 0 1 0
    outer loop
      vertex 32.75212222337723 9.337684623897076 0.901
      vertex 30.053478755056858 9.337684623897076 1.5
      vertex 32.75212222337723 9.337684623897076 1.5
    endloop
  endfacet
  facet normal 0.9541886166622465 0.29920575501181174 0
    outer loop
      vertex 33.22424924373627 7.832037687301636 0.901
      vertex 32.75212222337723 9.337684623897076 1.5
      vertex 33.22424924373627 7.832037687301636 1.5
    endloop
  endfacet
  facet normal 0.9531873720691288 0.30238027999184747 0
    outer loop
      vertex 32.32470142096281 10.5994261354208 0.901
      vertex 31.41027595847845 13.481951422989368 1.5
      vertex 32.32470142096281 10.5994261354208 1.5
    endloop
  endfacet
  facet normal -0.9426460171585715 -0.3337940777411754 0
    outer loop
      vertex 34.884242579340935 7.832037687301636 0.901
      vertex 34.884242579340935 7.832037687301636 1.5
      vertex 32.28988920152187 15.158581331372261 1.5
    endloop
  endfacet
  facet normal -0.9503039741531929 0.31132355630219777 0
    outer loop
      vertex 31.41027595847845 13.481951422989368 0.901
      vertex 30.46594861894846 10.5994261354208 1.5
      vertex 31.41027595847845 13.481951422989368 1.5
    endloop
  endfacet
  facet normal 0 -1 0
    outer loop
      vertex 30.560418002307415 15.158581331372261 0.901
      vertex 32.28988920152187 15.158581331372261 1.5
      vertex 30.560418002307415 15.158581331372261 1.5
    endloop
  endfacet
  facet normal 0 1 0
    outer loop
      vertex 34.884242579340935 7.832037687301636 0.901
      vertex 33.22424924373627 7.832037687301636 1.5
      vertex 34.884242579340935 7.832037687301636 1.5
    endloop
  endfacet
  facet normal 0.8021947849756175 0.597062414625073 0
    outer loop
      vertex 36.40051639825106 8.643638841807842 0.901
      vertex 36.074885070323944 9.081147126853466 1.5
      vertex 36.40051639825106 8.643638841807842 1.5
    endloop
  endfacet
  facet normal 0.8913148297513146 0.45338490740802667 0
    outer loop
      vertex 36.074885070323944 9.081147126853466 0.901
      vertex 35.821616262197495 9.579051315784454 1.5
      vertex 36.074885070323944 9.081147126853466 1.5
    endloop
  endfacet
  facet normal 0.9513047937596941 0.30825182784506844 0
    outer loop
      vertex 35.821616262197495 9.579051315784454 0.901
      vertex 35.64070996642113 10.137351416051388 1.5
      vertex 35.821616262197495 9.579051315784454 1.5
    endloop
  endfacet
  facet normal 0.9849568573701692 0.17280043147943805 0
    outer loop
      vertex 35.64070996642113 10.137351416051388 0.901
      vertex 35.53216619044542 10.756047420203686 1.5
      vertex 35.64070996642113 10.137351416051388 1.5
    endloop
  endfacet
  facet normal 0.9985836950836284 0.05320342012621927 0
    outer loop
      vertex 35.53216619044542 10.756047420203686 0.901
      vertex 35.49598493427038 11.435139335691929 1.5
      vertex 35.53216619044542 10.756047420203686 1.5
    endloop
  endfacet
  facet normal 0.5393974786523812 0.8420512811126494 0
    outer loop
      vertex 37.2322807982564 7.995131850242615 0.901
      vertex 36.78936379402876 8.27885366231203 1.5
      vertex 37.2322807982564 7.995131850242615 1.5
    endloop
  endfacet
  facet normal 0.6841814106972756 0.7293118655666353 0
    outer loop
      vertex 36.78936379402876 8.27885366231203 0.901
      vertex 36.40051639825106 8.643638841807842 1.5
      vertex 36.78936379402876 8.27885366231203 1.5
    endloop
  endfacet
  facet normal 0.37758834991292056 0.9259735622630043 0
    outer loop
      vertex 37.72926741093397 7.792473413050175 0.901
      vertex 37.2322807982564 7.995131850242615 1.5
      vertex 37.72926741093397 7.792473413050175 1.5
    endloop
  endfacet
  facet normal -0.7165713549646572 -0.6975137943038225 0
    outer loop
      vertex 37.57086666673422 9.566052801907063 0.901
      vertex 37.78567346930504 9.345377020537853 1.5
      vertex 37.57086666673422 9.566052801907063 1.5
    endloop
  endfacet
  facet normal -0.4279148056125327 -0.9038190743382153 0
    outer loop
      vertex 38.02254901826382 9.173740312457085 0.901
      vertex 38.281493321061134 9.051142655313015 1.5
      vertex 38.02254901826382 9.173740312457085 1.5
    endloop
  endfacet
  facet normal -0.2532303123443099 -0.9674060207120914 0
    outer loop
      vertex 38.281493321061134 9.051142655313015 0.901
      vertex 38.56250637769699 8.977584064006805 1.5
      vertex 38.281493321061134 9.051142655313015 1.5
    endloop
  endfacet
  facet normal -0.5867478108341362 -0.8097697243546147 0
    outer loop
      vertex 37.78567346930504 9.345377020537853 0.901
      vertex 38.02254901826382 9.173740312457085 1.5
      vertex 37.78567346930504 9.345377020537853 1.5
    endloop
  endfacet
  facet normal -0.08063725753041848 -0.9967435139984474 0
    outer loop
      vertex 38.56250637769699 8.977584064006805 0.901
      vertex 38.865588180720806 8.953064531087875 1.5
      vertex 38.56250637769699 8.977584064006805 1.5
    endloop
  endfacet
  facet normal 0.06853833785050223 -0.9976484833069664 0
    outer loop
      vertex 38.865588180720806 8.953064531087875 0.901
      vertex 39.172313906252384 8.974136553704739 1.5
      vertex 38.865588180720806 8.953064531087875 1.5
    endloop
  endfacet
  facet normal -0.8271698856568993 -0.5619519376800404 0
    outer loop
      vertex 37.3874978646636 9.835964053869247 0.901
      vertex 37.57086666673422 9.566052801907063 1.5
      vertex 37.3874978646636 9.835964053869247 1.5
    endloop
  endfacet
  facet normal -0.9130779793992633 -0.407784996703114 0
    outer loop
      vertex 37.24487768858671 10.155307196080685 0.901
      vertex 37.3874978646636 9.835964053869247 1.5
      vertex 37.24487768858671 10.155307196080685 1.5
    endloop
  endfacet
  facet normal -0.9638984045146152 -0.2662702870659423 0
    outer loop
      vertex 37.14300613105297 10.524082221090794 0.901
      vertex 37.24487768858671 10.155307196080685 1.5
      vertex 37.14300613105297 10.524082221090794 1.5
    endloop
  endfacet
  facet normal -0.9894875162828937 -0.1446183083855929 0
    outer loop
      vertex 37.08188319951296 10.942289143800735 0.901
      vertex 37.14300613105297 10.524082221090794 1.5
      vertex 37.08188319951296 10.942289143800735 1.5
    endloop
  endfacet
  facet normal -0.999052242777773 -0.04352718921205069 0
    outer loop
      vertex 37.061508886516094 11.40992795675993 0.901
      vertex 37.08188319951296 10.942289143800735 1.5
      vertex 37.061508886516094 11.40992795675993 1.5
    endloop
  endfacet
  facet normal 0.998422562705408 -0.056146115455709224 0
    outer loop
      vertex 35.49598493427038 11.435139335691929 0.901
      vertex 35.53713517636061 12.166896641254425 1.5
      vertex 35.49598493427038 11.435139335691929 1.5
    endloop
  endfacet
  facet normal 0.9830242606545179 -0.18347561953741542 0
    outer loop
      vertex 35.53713517636061 12.166896641254425 0.901
      vertex 35.660585917532444 12.828320071101189 1.5
      vertex 35.53713517636061 12.166896641254425 1.5
    endloop
  endfacet
  facet normal 0.9444199962554648 -0.328741343114656 0
    outer loop
      vertex 35.660585917532444 12.828320071101189 0.901
      vertex 35.86633714288473 13.419409617781639 1.5
      vertex 35.660585917532444 12.828320071101189 1.5
    endloop
  endfacet
  facet normal 0.8750524647143155 -0.4840280818272855 0
    outer loop
      vertex 35.86633714288473 13.419409617781639 0.901
      vertex 36.15438885986805 13.940165281295776 1.5
      vertex 35.86633714288473 13.419409617781639 1.5
    endloop
  endfacet
  facet normal 0.7724209386258898 -0.6351109301313427 0
    outer loop
      vertex 36.15438885986805 13.940165281295776 0.901
      vertex 36.5247410684824 14.390587069094181 1.5
      vertex 36.15438885986805 13.940165281295776 1.5
    endloop
  endfacet
  facet normal -0.9991597772855455 0.040984624613372295 0
    outer loop
      vertex 37.08078972995281 11.879973575472832 0.901
      vertex 37.061508886516094 11.40992795675993 1.5
      vertex 37.08078972995281 11.879973575472832 1.5
    endloop
  endfacet
  facet normal -0.9908807130461605 0.13474202207601202 0
    outer loop
      vertex 37.138632252812386 12.30534228682518 0.901
      vertex 37.08078972995281 11.879973575472832 1.5
      vertex 37.138632252812386 12.30534228682518 1.5
    endloop
  endfacet
  facet normal -0.96940029945963 0.2454853547720914 0
    outer loop
      vertex 37.235036455094814 12.686034090816975 0.901
      vertex 37.138632252812386 12.30534228682518 1.5
      vertex 37.235036455094814 12.686034090816975 1.5
    endloop
  endfacet
  facet normal -0.927942523485463 0.3727233197794725 0
    outer loop
      vertex 37.37000234425068 13.022048987448215 0.901
      vertex 37.235036455094814 12.686034090816975 1.5
      vertex 37.37000234425068 13.022048987448215 1.5
    endloop
  endfacet
  facet normal -0.8591475567528744 0.5117279313517746 0
    outer loop
      vertex 37.5435299128294 13.313386976718903 0.901
      vertex 37.37000234425068 13.022048987448215 1.5
      vertex 37.5435299128294 13.313386976718903 1.5
    endloop
  endfacet
  facet normal -0.7601608653208036 0.6497349142802216 0
    outer loop
      vertex 37.75048307329416 13.555512942373753 0.901
      vertex 37.5435299128294 13.313386976718903 1.5
      vertex 37.75048307329416 13.555512942373753 1.5
    endloop
  endfacet
  facet normal 0.6531473412644575 -0.7572308436660317 0
    outer loop
      vertex 36.5247410684824 14.390587069094181 0.901
      vertex 36.902049854397774 14.716033704578876 1.5
      vertex 36.5247410684824 14.390587069094181 1.5
    endloop
  endfacet
  facet normal 0.5195580540745341 -0.8544351516916211 0
    outer loop
      vertex 36.902049854397774 14.716033704578876 0.901
      vertex 37.318324878811836 14.969158872961998 1.5
      vertex 36.902049854397774 14.716033704578876 1.5
    endloop
  endfacet
  facet normal 0.36911428964293663 -0.9293840116880591 0
    outer loop
      vertex 37.318324878811836 14.969158872961998 0.901
      vertex 37.77356614172459 15.149962559342384 1.5
      vertex 37.318324878811836 14.969158872961998 1.5
    endloop
  endfacet
  facet normal -0.6250450281763517 0.7805886962748203 0
    outer loop
      vertex 37.98566711694002 13.743833139538765 0.901
      vertex 37.75048307329416 13.555512942373753 1.5
      vertex 37.98566711694002 13.743833139538765 1.5
    endloop
  endfacet
  facet normal -0.4547897037178335 0.8905988577312712 0
    outer loop
      vertex 38.249082043766975 13.87834756821394 0.901
      vertex 37.98566711694002 13.743833139538765 1.5
      vertex 38.249082043766975 13.87834756821394 1.5
    endloop
  endfacet
  facet normal -0.2667109063521159 0.9637765780681915 0
    outer loop
      vertex 38.540727846324444 13.959056228399277 0.901
      vertex 38.249082043766975 13.87834756821394 1.5
      vertex 38.540727846324444 13.959056228399277 1.5
    endloop
  endfacet
  facet normal -0.08380803879655992 0.9964819178655849 0
    outer loop
      vertex 38.86060453206301 13.985959112644196 0.901
      vertex 38.540727846324444 13.959056228399277 1.5
      vertex 38.86060453206301 13.985959112644196 1.5
    endloop
  endfacet
  facet normal 0.21440284187028522 -0.9767453206429738 0
    outer loop
      vertex 37.77356614172459 15.149962559342384 0.901
      vertex 38.267773643136024 15.258444771170616 1.5
      vertex 37.77356614172459 15.149962559342384 1.5
    endloop
  endfacet
  facet normal 0.06766623179987244 -0.9977080139369463 0
    outer loop
      vertex 38.267773643136024 15.258444771170616 0.901
      vertex 38.80094737559557 15.294605508446693 1.5
      vertex 38.267773643136024 15.258444771170616 1.5
    endloop
  endfacet
  facet normal -0.8816007833927043 0.47199582489824005 0
    outer loop
      vertex 20.990987449884415 24.9375 0.901
      vertex 20.990987449884415 24.9375 1.5
      vertex 25.024198420345783 32.47079110890627 0.901
    endloop
  endfacet
  facet normal 0.636262966584883 0.7714722531320254 0
    outer loop
      vertex 28.038744047284126 28.653505563735962 0.901
      vertex 28.038744047284126 28.653505563735962 1.5
      vertex 31.63126776367426 25.690612487494946 0.901
    endloop
  endfacet
  facet normal 0 0 1
    outer loop
      vertex 31.63126776367426 25.690612487494946 0.901
      vertex 35.529383175075054 23.866071946918964 0.901
      vertex 47.725306794047356 40.08795150369406 0.901
    endloop
  endfacet
  facet normal 0.42391928899656967 0.9056999704188153 0
    outer loop
      vertex 31.63126776367426 25.690612487494946 0.901
      vertex 31.63126776367426 25.690612487494946 1.5
      vertex 35.529383175075054 23.866071946918964 0.901
    endloop
  endfacet
  facet normal 0.15024497150657415 0.98864879939086 0
    outer loop
      vertex 35.529383175075054 23.866071946918964 0.901
      vertex 35.529383175075054 23.866071946918964 1.5
      vertex 39.43032684922218 23.273245483636856 0.901
    endloop
  endfacet
  facet normal -0.8816007833927043 0.47199582489824005 0
    outer loop
      vertex 25.024198420345783 32.47079110890627 0.901
      vertex 20.990987449884415 24.9375 1.5
      vertex 25.024198420345783 32.47079110890627 1.5
    endloop
  endfacet
  facet normal 0.7847928537218704 0.6197581598874542 0
    outer loop
      vertex 28.038744047284126 28.653505563735962 0.901
      vertex 25.024198420345783 32.47079110890627 1.5
      vertex 28.038744047284126 28.653505563735962 1.5
    endloop
  endfacet
  facet normal 0.636262966584883 0.7714722531320254 0
    outer loop
      vertex 31.63126776367426 25.690612487494946 0.901
      vertex 28.038744047284126 28.653505563735962 1.5
      vertex 31.63126776367426 25.690612487494946 1.5
    endloop
  endfacet
  facet normal 0.42391928899656967 0.9056999704188153 0
    outer loop
      vertex 35.529383175075054 23.866071946918964 0.901
      vertex 31.63126776367426 25.690612487494946 1.5
      vertex 35.529383175075054 23.866071946918964 1.5
    endloop
  endfacet
  facet normal 0.15024497150657415 0.98864879939086 0
    outer loop
      vertex 39.43032684922218 23.273245483636856 0.901
      vertex 35.529383175075054 23.866071946918964 1.5
      vertex 39.43032684922218 23.273245483636856 1.5
    endloop
  endfacet
  facet normal 0 0 1
    outer loop
      vertex 20.990987449884415 24.9375 0.901
      vertex 25.024198420345783 32.47079110890627 0.901
      vertex 25.024198420345783 43.27920889854431 0.901
    endloop
  endfacet
  facet normal 0.7847928537218704 0.6197581598874542 1.3336806302181255e-16
    outer loop
      vertex 28.038744047284126 28.653505563735962 0.901
      vertex 25.024198420345783 32.47079110890627 0.901
      vertex 25.024198420345783 32.47079110890627 1.5
    endloop
  endfacet
  facet normal 0 0 1
    outer loop
      vertex 20.990987449884415 24.9375 0.901
      vertex 25.024198420345783 43.27920889854431 0.901
      vertex 20.990987449884415 50.81250000745058 0.901
    endloop
  endfacet
  facet normal 1 0 0
    outer loop
      vertex 20.990987449884415 24.9375 0.901
      vertex 20.990987449884415 50.81250000745058 0.901
      vertex 20.990987449884415 50.81250000745058 1.5
    endloop
  endfacet
  facet normal -0.8816007833927043 -0.47199582489824005 0
    outer loop
      vertex 25.024198420345783 43.27920889854431 0.901
      vertex 25.024198420345783 43.27920889854431 1.5
      vertex 20.990987449884415 50.81250000745058 0.901
    endloop
  endfacet
  facet normal 0.7847928537218704 -0.6197581598874542 -1.3336806302181255e-16
    outer loop
      vertex 25.024198420345783 43.27920889854431 0.901
      vertex 28.038744047284126 47.09649444371462 0.901
      vertex 28.038744047284126 47.09649444371462 1.5
    endloop
  endfacet
  facet normal 0 0 1
    outer loop
      vertex 28.038744047284126 28.653505563735962 0.901
      vertex 47.46461858600378 40.578077524900436 0.901
      vertex 25.024198420345783 32.47079110890627 0.901
    endloop
  endfacet
  facet normal 0 0 1
    outer loop
      vertex 28.038744047284126 28.653505563735962 0.901
      vertex 31.63126776367426 25.690612487494946 0.901
      vertex 47.725306794047356 40.08795150369406 0.901
    endloop
  endfacet
  facet normal 0 0 1
    outer loop
      vertex 25.024198420345783 32.47079110890627 0.901
      vertex 47.27090976387262 43.612741738557816 0.901
      vertex 25.024198420345783 43.27920889854431 0.901
    endloop
  endfacet
  facet normal 0 0 1
    outer loop
      vertex 25.024198420345783 43.27920889854431 0.901
      vertex 47.27090976387262 43.612741738557816 0.901
      vertex 28.038744047284126 47.09649444371462 0.901
    endloop
  endfacet
  facet normal 1 0 0
    outer loop
      vertex 20.990987449884415 24.9375 0.901
      vertex 20.990987449884415 50.81250000745058 1.5
      vertex 20.990987449884415 24.9375 1.5
    endloop
  endfacet
  facet normal 0.7847928537218704 -0.6197581598874542 0
    outer loop
      vertex 25.024198420345783 43.27920889854431 0.901
      vertex 28.038744047284126 47.09649444371462 1.5
      vertex 25.024198420345783 43.27920889854431 1.5
    endloop
  endfacet
  facet normal 0 0 1
    outer loop
      vertex 28.038744047284126 47.09649444371462 0.901
      vertex 47.27090976387262 43.612741738557816 0.901
      vertex 31.63126776367426 50.059387519955635 0.901
    endloop
  endfacet
  facet normal 0 0 1
    outer loop
      vertex 31.63126776367426 50.059387519955635 0.901
      vertex 47.27090976387262 43.612741738557816 0.901
      vertex 35.529383175075054 51.883928060531616 0.901
    endloop
  endfacet
  facet normal 0 0 1
    outer loop
      vertex 35.620882511138916 51.897833198308945 0.901
      vertex 39.1529031842947 52.43459443002939 0.901
      vertex 37.76051330566406 57 0.901
    endloop
  endfacet
  facet normal 0.636262966584883 -0.7714722531320254 2.1891058616046065e-16
    outer loop
      vertex 28.038744047284126 47.09649444371462 0.901
      vertex 31.63126776367426 50.059387519955635 0.901
      vertex 31.63126776367426 50.059387519955635 1.5
    endloop
  endfacet
  facet normal 0.42391928899656967 -0.9056999704188153 -8.612774239704424e-17
    outer loop
      vertex 31.63126776367426 50.059387519955635 0.901
      vertex 35.529383175075054 51.883928060531616 0.901
      vertex 35.529383175075054 51.883928060531616 1.5
    endloop
  endfacet
  facet normal 0.15024478594518745 -0.9886488275906086 0
    outer loop
      vertex 35.529383175075054 51.883928060531616 0.901
      vertex 35.620882511138916 51.897833198308945 0.901
      vertex 35.620882511138916 51.897833198308945 1.5
    endloop
  endfacet
  facet normal 0.922193578755533 -0.3867285912653248 0
    outer loop
      vertex 35.620882511138916 51.897833198308945 0.901
      vertex 37.76051330566406 57 0.901
      vertex 37.76051330566406 57 1.5
    endloop
  endfacet
  facet normal -0.9565033901369507 -0.29172121050160216 0
    outer loop
      vertex 37.76051330566406 57 0.901
      vertex 39.1529031842947 52.43459443002939 0.901
      vertex 37.76051330566406 57 1.5
    endloop
  endfacet
  facet normal -0.8816007833927043 -0.47199582489824005 0
    outer loop
      vertex 20.990987449884415 50.81250000745058 0.901
      vertex 25.024198420345783 43.27920889854431 1.5
      vertex 20.990987449884415 50.81250000745058 1.5
    endloop
  endfacet
  facet normal 0.636262966584883 -0.7714722531320254 0
    outer loop
      vertex 28.038744047284126 47.09649444371462 0.901
      vertex 31.63126776367426 50.059387519955635 1.5
      vertex 28.038744047284126 47.09649444371462 1.5
    endloop
  endfacet
  facet normal 0.42391928899656967 -0.9056999704188153 0
    outer loop
      vertex 31.63126776367426 50.059387519955635 0.901
      vertex 35.529383175075054 51.883928060531616 1.5
      vertex 31.63126776367426 50.059387519955635 1.5
    endloop
  endfacet
  facet normal 0.15024478594518745 -0.9886488275906086 0
    outer loop
      vertex 35.529383175075054 51.883928060531616 0.901
      vertex 35.620882511138916 51.897833198308945 1.5
      vertex 35.529383175075054 51.883928060531616 1.5
    endloop
  endfacet
  facet normal 0.922193578755533 -0.3867285912653248 0
    outer loop
      vertex 35.620882511138916 51.897833198308945 0.901
      vertex 37.76051330566406 57 1.5
      vertex 35.620882511138916 51.897833198308945 1.5
    endloop
  endfacet
  facet normal -0.9565033901369507 -0.29172121050160216 0
    outer loop
      vertex 39.1529031842947 52.43459443002939 0.901
      vertex 39.1529031842947 52.43459443002939 1.5
      vertex 37.76051330566406 57 1.5
    endloop
  endfacet
  facet normal -0.06085427695217158 0.9981466610556929 0
    outer loop
      vertex 38.88544946908951 7.630346663296223 0.901
      vertex 38.88544946908951 7.630346663296223 1.5
      vertex 39.3780709952116 7.660380452871323 0.901
    endloop
  endfacet
  facet normal -0.19382591111886707 0.981035940309498 0
    outer loop
      vertex 39.3780709952116 7.660380452871323 0.901
      vertex 39.3780709952116 7.660380452871323 1.5
      vertex 39.83411256968975 7.750481814146042 0.901
    endloop
  endfacet
  facet normal 0 0 1
    outer loop
      vertex 38.88544946908951 7.630346663296223 0.901
      vertex 39.3780709952116 7.660380452871323 0.901
      vertex 39.172313906252384 8.974136553704739 0.901
    endloop
  endfacet
  facet normal 0 0 1
    outer loop
      vertex 39.3780709952116 7.660380452871323 0.901
      vertex 39.83411256968975 7.750481814146042 0.901
      vertex 39.44842832535505 9.037352621555328 0.901
    endloop
  endfacet
  facet normal 0 0 1
    outer loop
      vertex 39.3780709952116 7.660380452871323 0.901
      vertex 39.44842832535505 9.037352621555328 0.901
      vertex 39.172313906252384 8.974136553704739 0.901
    endloop
  endfacet
  facet normal 0 0 1
    outer loop
      vertex 39.44842832535505 9.037352621555328 0.901
      vertex 39.83411256968975 7.750481814146042 0.901
      vertex 40.25357419997454 7.90065074712038 0.901
    endloop
  endfacet
  facet normal 0 0 1
    outer loop
      vertex 39.44842832535505 9.037352621555328 0.901
      vertex 40.25357419997454 7.90065074712038 0.901
      vertex 39.69393144547939 9.142712727189064 0.901
    endloop
  endfacet
  facet normal 0 0 1
    outer loop
      vertex 39.69393144547939 9.142712727189064 0.901
      vertex 40.25357419997454 7.90065074712038 0.901
      vertex 40.6364558711648 8.110887251794338 0.901
    endloop
  endfacet
  facet normal 0 0 1
    outer loop
      vertex 39.69393144547939 9.142712727189064 0.901
      vertex 40.6364558711648 8.110887251794338 0.901
      vertex 39.908823266625404 9.290216878056526 0.901
    endloop
  endfacet
  facet normal 0 0 1
    outer loop
      vertex 39.908823266625404 9.290216878056526 0.901
      vertex 40.6364558711648 8.110887251794338 0.901
      vertex 40.9827575981617 8.381191335618496 0.901
    endloop
  endfacet
  facet normal 0 0 1
    outer loop
      vertex 39.908823266625404 9.290216878056526 0.901
      vertex 40.9827575981617 8.381191335618496 0.901
      vertex 40.093103781342506 9.479865066707134 0.901
    endloop
  endfacet
  facet normal 0 0 1
    outer loop
      vertex 40.093103781342506 9.479865066707134 0.901
      vertex 40.9827575981617 8.381191335618496 0.901
      vertex 41.28412737697363 8.699379444122314 0.901
    endloop
  endfacet
  facet normal 0 0 1
    outer loop
      vertex 40.093103781342506 9.479865066707134 0.901
      vertex 41.28412737697363 8.699379444122314 0.901
      vertex 40.1833781003952 9.604503080248833 0.901
    endloop
  endfacet
  facet normal 0 0 1
    outer loop
      vertex 40.1833781003952 9.604503080248833 0.901
      vertex 41.53620011359453 9.053326666355133 0.901
      vertex 40.26728508621454 9.751807883381844 0.901
    endloop
  endfacet
  facet normal 0 0 1
    outer loop
      vertex 40.26728508621454 9.751807883381844 0.901
      vertex 41.53620011359453 9.053326666355133 0.901
      vertex 40.344824723899364 9.921779476106167 0.901
    endloop
  endfacet
  facet normal 0 0 1
    outer loop
      vertex 40.1833781003952 9.604503080248833 0.901
      vertex 41.28412737697363 8.699379444122314 0.901
      vertex 41.53620011359453 9.053326666355133 0.901
    endloop
  endfacet
  facet normal 0 0 1
    outer loop
      vertex 40.344824723899364 9.921779476106167 0.901
      vertex 41.53620011359453 9.053326666355133 0.901
      vertex 41.738975808024406 9.443033002316952 0.901
    endloop
  endfacet
  facet normal 0 0 1
    outer loop
      vertex 40.344824723899364 9.921779476106167 0.901
      vertex 41.738975808024406 9.443033002316952 0.901
      vertex 40.41599703580141 10.114417858421803 0.901
    endloop
  endfacet
  facet normal 0 0 1
    outer loop
      vertex 40.41599703580141 10.114417858421803 0.901
      vertex 41.89245446771383 9.86849845200777 0.901
      vertex 40.48080199956894 10.32972302287817 0.901
    endloop
  endfacet
  facet normal 0 0 1
    outer loop
      vertex 40.41599703580141 10.114417858421803 0.901
      vertex 41.738975808024406 9.443033002316952 0.901
      vertex 41.89245446771383 9.86849845200777 0.901
    endloop
  endfacet
  facet normal 0 0 1
    outer loop
      vertex 40.48080199956894 10.32972302287817 0.901
      vertex 41.89245446771383 9.86849845200777 0.901
      vertex 41.99663608521223 10.32972302287817 0.901
    endloop
  endfacet
  facet normal 0 0 1
    outer loop
      vertex 40.347979083657265 13.093757763504982 0.901
      vertex 41.675932705402374 13.807908155024052 0.901
      vertex 40.27143616229296 13.252794653177261 0.901
    endloop
  endfacet
  facet normal 0 0 1
    outer loop
      vertex 40.48080199956894 12.713664002716541 0.901
      vertex 41.91369358450174 13.261560007929802 0.901
      vertex 40.41776769608259 12.914047546684742 0.901
    endloop
  endfacet
  facet normal 0 0 1
    outer loop
      vertex 40.41776769608259 12.914047546684742 0.901
      vertex 41.812305741012096 13.534927561879158 0.901
      vertex 40.347979083657265 13.093757763504982 0.901
    endloop
  endfacet
  facet normal 0 0 1
    outer loop
      vertex 40.41776769608259 12.914047546684742 0.901
      vertex 41.91369358450174 13.261560007929802 0.901
      vertex 41.812305741012096 13.534927561879158 0.901
    endloop
  endfacet
  facet normal 0 0 1
    outer loop
      vertex 40.347979083657265 13.093757763504982 0.901
      vertex 41.812305741012096 13.534927561879158 0.901
      vertex 41.675932705402374 13.807908155024052 0.901
    endloop
  endfacet
  facet normal 0 0 1
    outer loop
      vertex 39.172513246536255 13.966874681413174 0.901
      vertex 39.452215895056725 13.90962140262127 0.901
      vertex 39.50070382654667 15.246041364967823 0.901
    endloop
  endfacet
  facet normal 0 0 1
    outer loop
      vertex 39.452215895056725 13.90962140262127 0.901
      vertex 39.699712477624416 13.814199268817902 0.901
      vertex 40.1209447607398 15.10034891217947 0.901
    endloop
  endfacet
  facet normal 0 0 1
    outer loop
      vertex 39.91500298678875 13.680608287453651 0.901
      vertex 40.66167018562555 14.857528164982796 0.901
      vertex 39.699712477624416 13.814199268817902 0.901
    endloop
  endfacet
  facet normal 0 0 1
    outer loop
      vertex 38.80094737559557 15.294605508446693 0.901
      vertex 39.172513246536255 13.966874681413174 0.901
      vertex 39.50070382654667 15.246041364967823 0.901
    endloop
  endfacet
  facet normal 0 0 1
    outer loop
      vertex 39.452215895056725 13.90962140262127 0.901
      vertex 40.1209447607398 15.10034891217947 0.901
      vertex 39.50070382654667 15.246041364967823 0.901
    endloop
  endfacet
  facet normal 0 0 1
    outer loop
      vertex 39.699712477624416 13.814199268817902 0.901
      vertex 40.66167018562555 14.857528164982796 0.901
      vertex 40.1209447607398 15.10034891217947 0.901
    endloop
  endfacet
  facet normal 0 0 1
    outer loop
      vertex 39.91500298678875 13.680608287453651 0.901
      vertex 40.098087422549725 13.508848443627357 0.901
      vertex 41.12288009375334 14.5175791233778 0.901
    endloop
  endfacet
  facet normal 0 0 1
    outer loop
      vertex 40.098087422549725 13.508848443627357 0.901
      vertex 40.18813894689083 13.39115821570158 0.901
      vertex 41.12288009375334 14.5175791233778 0.901
    endloop
  endfacet
  facet normal 0 0 1
    outer loop
      vertex 40.18813894689083 13.39115821570158 0.901
      vertex 40.27143616229296 13.252794653177261 0.901
      vertex 41.50457449257374 14.080501779913902 0.901
    endloop
  endfacet
  facet normal 0 0 1
    outer loop
      vertex 39.91500298678875 13.680608287453651 0.901
      vertex 41.12288009375334 14.5175791233778 0.901
      vertex 40.66167018562555 14.857528164982796 0.901
    endloop
  endfacet
  facet normal 0 0 1
    outer loop
      vertex 40.18813894689083 13.39115821570158 0.901
      vertex 41.50457449257374 14.080501779913902 0.901
      vertex 41.12288009375334 14.5175791233778 0.901
    endloop
  endfacet
  facet normal 0 0 1
    outer loop
      vertex 40.27143616229296 13.252794653177261 0.901
      vertex 41.675932705402374 13.807908155024052 0.901
      vertex 41.50457449257374 14.080501779913902 0.901
    endloop
  endfacet
  facet normal 0 0 1
    outer loop
      vertex 40.48080199956894 12.713664002716541 0.901
      vertex 42.011513732373714 12.713664002716541 0.901
      vertex 41.980096250772476 12.987805485725403 0.901
    endloop
  endfacet
  facet normal 0 0 1
    outer loop
      vertex 40.48080199956894 12.713664002716541 0.901
      vertex 41.980096250772476 12.987805485725403 0.901
      vertex 41.91369358450174 13.261560007929802 0.901
    endloop
  endfacet
  facet normal 0 0 1
    outer loop
      vertex 43.15504026412964 7.832037687301636 0.901
      vertex 44.67087435722351 12.363049954175949 0.901
      vertex 43.15504026412964 15.158581331372261 0.901
    endloop
  endfacet
  facet normal 0 0 1
    outer loop
      vertex 43.15504026412964 7.832037687301636 0.901
      vertex 44.67087435722351 7.832037687301636 0.901
      vertex 44.67087435722351 11.101308442652225 0.901
    endloop
  endfacet
  facet normal 0 0 1
    outer loop
      vertex 43.15504026412964 7.832037687301636 0.901
      vertex 44.67087435722351 11.101308442652225 0.901
      vertex 44.67087435722351 12.363049954175949 0.901
    endloop
  endfacet
  facet normal 0 0 1
    outer loop
      vertex 47.53353835642338 7.832037687301636 0.901
      vertex 49.05435609072447 7.832037687301636 0.901
      vertex 47.53353835642338 11.101308442652225 0.901
    endloop
  endfacet
  facet normal 0 0 1
    outer loop
      vertex 44.67087435722351 11.101308442652225 0.901
      vertex 47.53353835642338 11.101308442652225 0.901
      vertex 47.53353835642338 12.363049954175949 0.901
    endloop
  endfacet
  facet normal 0 0 1
    outer loop
      vertex 47.53353835642338 11.101308442652225 0.901
      vertex 49.05435609072447 7.832037687301636 0.901
      vertex 47.53353835642338 12.363049954175949 0.901
    endloop
  endfacet
  facet normal 0 0 1
    outer loop
      vertex 44.67087435722351 11.101308442652225 0.901
      vertex 47.53353835642338 12.363049954175949 0.901
      vertex 44.67087435722351 12.363049954175949 0.901
    endloop
  endfacet
  facet normal 0 0 1
    outer loop
      vertex 43.15504026412964 15.158581331372261 0.901
      vertex 44.67087435722351 12.363049954175949 0.901
      vertex 44.67087435722351 15.158581331372261 0.901
    endloop
  endfacet
  facet normal 0 0 1
    outer loop
      vertex 47.53353835642338 12.363049954175949 0.901
      vertex 49.05435609072447 7.832037687301636 0.901
      vertex 49.05435609072447 15.158581331372261 0.901
    endloop
  endfacet
  facet normal 0 0 1
    outer loop
      vertex 47.53353835642338 12.363049954175949 0.901
      vertex 49.05435609072447 15.158581331372261 0.901
      vertex 47.53353835642338 15.158581331372261 0.901
    endloop
  endfacet
  facet normal -0.33705532083243256 0.9414848435840834 0
    outer loop
      vertex 39.83411256968975 7.750481814146042 0.901
      vertex 39.83411256968975 7.750481814146042 1.5
      vertex 40.25357419997454 7.90065074712038 0.901
    endloop
  endfacet
  facet normal 0.06853833785050223 -0.9976484833069664 0
    outer loop
      vertex 38.865588180720806 8.953064531087875 0.901
      vertex 39.172313906252384 8.974136553704739 0.901
      vertex 39.172313906252384 8.974136553704739 1.5
    endloop
  endfacet
  facet normal 0.22317438632945194 -0.9747785355076672 0
    outer loop
      vertex 39.172313906252384 8.974136553704739 0.901
      vertex 39.44842832535505 9.037352621555328 0.901
      vertex 39.44842832535505 9.037352621555328 1.5
    endloop
  endfacet
  facet normal 0.39437614705950935 -0.9189491033950119 0
    outer loop
      vertex 39.44842832535505 9.037352621555328 0.901
      vertex 39.69393144547939 9.142712727189064 0.901
      vertex 39.69393144547939 9.142712727189064 1.5
    endloop
  endfacet
  facet normal 0.5659191024193109 -0.824460775002014 0
    outer loop
      vertex 39.69393144547939 9.142712727189064 0.901
      vertex 39.908823266625404 9.290216878056526 0.901
      vertex 39.908823266625404 9.290216878056526 1.5
    endloop
  endfacet
  facet normal 0.7171832739879319 -0.6968846041576404 0
    outer loop
      vertex 39.908823266625404 9.290216878056526 0.901
      vertex 40.093103781342506 9.479865066707134 0.901
      vertex 40.093103781342506 9.479865066707134 1.5
    endloop
  endfacet
  facet normal 0.8098828339775892 -0.5865916767466349 0
    outer loop
      vertex 40.093103781342506 9.479865066707134 0.901
      vertex 40.1833781003952 9.604503080248833 0.901
      vertex 40.1833781003952 9.604503080248833 1.5
    endloop
  endfacet
  facet normal -0.4813062368012791 0.8765525120699792 0
    outer loop
      vertex 40.25357419997454 7.90065074712038 0.901
      vertex 40.25357419997454 7.90065074712038 1.5
      vertex 40.6364558711648 8.110887251794338 0.901
    endloop
  endfacet
  facet normal -0.6152988769795822 0.7882939121848302 0
    outer loop
      vertex 40.6364558711648 8.110887251794338 0.901
      vertex 40.6364558711648 8.110887251794338 1.5
      vertex 40.9827575981617 8.381191335618496 0.901
    endloop
  endfacet
  facet normal -0.7260342325064982 0.6876585586093582 0
    outer loop
      vertex 40.9827575981617 8.381191335618496 0.901
      vertex 40.9827575981617 8.381191335618496 1.5
      vertex 41.28412737697363 8.699379444122314 0.901
    endloop
  endfacet
  facet normal -0.8145454384870604 0.5800997574899704 0
    outer loop
      vertex 41.28412737697363 8.699379444122314 0.901
      vertex 41.28412737697363 8.699379444122314 1.5
      vertex 41.53620011359453 9.053326666355133 0.901
    endloop
  endfacet
  facet normal 0.8689212578852402 -0.4949503486160321 0
    outer loop
      vertex 40.1833781003952 9.604503080248833 0.901
      vertex 40.26728508621454 9.751807883381844 0.901
      vertex 40.26728508621454 9.751807883381844 1.5
    endloop
  endfacet
  facet normal 0.9098013920309947 -0.41504388570181866 0
    outer loop
      vertex 40.26728508621454 9.751807883381844 0.901
      vertex 40.344824723899364 9.921779476106167 0.901
      vertex 40.344824723899364 9.921779476106167 1.5
    endloop
  endfacet
  facet normal 0.9380263726581662 -0.34656388184252973 0
    outer loop
      vertex 40.344824723899364 9.921779476106167 0.901
      vertex 40.41599703580141 10.114417858421803 0.901
      vertex 40.41599703580141 10.114417858421803 1.5
    endloop
  endfacet
  facet normal 0.9575646538916699 -0.288218551827127 0
    outer loop
      vertex 40.41599703580141 10.114417858421803 0.901
      vertex 40.48080199956894 10.32972302287817 0.901
      vertex 40.48080199956894 10.32972302287817 1.5
    endloop
  endfacet
  facet normal -0.8870971357366131 0.4615827897223824 0
    outer loop
      vertex 41.53620011359453 9.053326666355133 0.901
      vertex 41.53620011359453 9.053326666355133 1.5
      vertex 41.738975808024406 9.443033002316952 0.901
    endloop
  endfacet
  facet normal -0.940668011671485 0.33932829504480605 0
    outer loop
      vertex 41.738975808024406 9.443033002316952 0.901
      vertex 41.738975808024406 9.443033002316952 1.5
      vertex 41.89245446771383 9.86849845200777 0.901
    endloop
  endfacet
  facet normal 0 1 0
    outer loop
      vertex 43.15504026412964 7.832037687301636 0.901
      vertex 43.15504026412964 7.832037687301636 1.5
      vertex 44.67087435722351 7.832037687301636 0.901
    endloop
  endfacet
  facet normal -0.9754254899253305 0.22032955680963257 0
    outer loop
      vertex 41.89245446771383 9.86849845200777 0.901
      vertex 41.89245446771383 9.86849845200777 1.5
      vertex 41.99663608521223 10.32972302287817 0.901
    endloop
  endfacet
  facet normal 0 -1 0
    outer loop
      vertex 40.48080199956894 10.32972302287817 0.901
      vertex 41.99663608521223 10.32972302287817 0.901
      vertex 41.99663608521223 10.32972302287817 1.5
    endloop
  endfacet
  facet normal 1 0 0
    outer loop
      vertex 43.15504026412964 7.832037687301636 0.901
      vertex 43.15504026412964 15.158581331372261 0.901
      vertex 43.15504026412964 10.574912464050577 1.5
    endloop
  endfacet
  facet normal 0.8567296248474858 0.5157657897812593 0
    outer loop
      vertex 40.18813894689083 13.39115821570158 0.901
      vertex 40.18813894689083 13.39115821570158 1.5
      vertex 40.27143616229296 13.252794653177261 0.901
    endloop
  endfacet
  facet normal 0.7941848497563772 0.6076762496736571 0
    outer loop
      vertex 40.098087422549725 13.508848443627357 0.901
      vertex 40.098087422549725 13.508848443627357 1.5
      vertex 40.18813894689083 13.39115821570158 0.901
    endloop
  endfacet
  facet normal 0.9539165914003864 0.30007188580583194 0
    outer loop
      vertex 40.48080199956894 12.713664002716541 0.901
      vertex 40.41776769608259 12.914047546684742 0.901
      vertex 40.41776769608259 12.914047546684742 1.5
    endloop
  endfacet
  facet normal 0.9321774988319033 0.36200153407340263 0
    outer loop
      vertex 40.41776769608259 12.914047546684742 0.901
      vertex 40.347979083657265 13.093757763504982 0.901
      vertex 40.347979083657265 13.093757763504982 1.5
    endloop
  endfacet
  facet normal 0.9010689729652208 0.4336758074407682 0
    outer loop
      vertex 40.347979083657265 13.093757763504982 0.901
      vertex 40.27143616229296 13.252794653177261 0.901
      vertex 40.27143616229296 13.252794653177261 1.5
    endloop
  endfacet
  facet normal 0 1 0
    outer loop
      vertex 40.48080199956894 12.713664002716541 0.901
      vertex 40.48080199956894 12.713664002716541 1.5
      vertex 42.011513732373714 12.713664002716541 0.901
    endloop
  endfacet
  facet normal 0.20053532906926888 0.9796864711707925 0
    outer loop
      vertex 39.172513246536255 13.966874681413174 0.901
      vertex 39.172513246536255 13.966874681413174 1.5
      vertex 39.452215895056725 13.90962140262127 0.901
    endloop
  endfacet
  facet normal 0.3597380593763003 0.9330533364369763 0
    outer loop
      vertex 39.452215895056725 13.90962140262127 0.901
      vertex 39.452215895056725 13.90962140262127 1.5
      vertex 39.699712477624416 13.814199268817902 0.901
    endloop
  endfacet
  facet normal 0.527255699811482 0.8497066711614688 0
    outer loop
      vertex 39.91500298678875 13.680608287453651 0.901
      vertex 39.699712477624416 13.814199268817902 0.901
      vertex 39.699712477624416 13.814199268817902 1.5
    endloop
  endfacet
  facet normal 0.6841916501263007 0.7293022596272755 0
    outer loop
      vertex 39.91500298678875 13.680608287453651 0.901
      vertex 39.91500298678875 13.680608287453651 1.5
      vertex 40.098087422549725 13.508848443627357 0.901
    endloop
  endfacet
  facet normal -0.06923495736830684 -0.9976003812540414 0
    outer loop
      vertex 38.80094737559557 15.294605508446693 0.901
      vertex 39.50070382654667 15.246041364967823 0.901
      vertex 39.50070382654667 15.246041364967823 1.5
    endloop
  endfacet
  facet normal -0.2286725832152772 -0.9735033896631548 0
    outer loop
      vertex 39.50070382654667 15.246041364967823 0.901
      vertex 40.1209447607398 15.10034891217947 0.901
      vertex 40.1209447607398 15.10034891217947 1.5
    endloop
  endfacet
  facet normal -0.7532153871804952 -0.6577739585256751 0
    outer loop
      vertex 41.12288009375334 14.5175791233778 0.901
      vertex 41.50457449257374 14.080501779913902 0.901
      vertex 41.50457449257374 14.080501779913902 1.5
    endloop
  endfacet
  facet normal -0.4096550811167423 -0.9122404916003429 0
    outer loop
      vertex 40.1209447607398 15.10034891217947 0.901
      vertex 40.66167018562555 14.857528164982796 0.901
      vertex 40.66167018562555 14.857528164982796 1.5
    endloop
  endfacet
  facet normal -0.5933236433790163 -0.8049640080198928 0
    outer loop
      vertex 40.66167018562555 14.857528164982796 0.901
      vertex 41.12288009375334 14.5175791233778 0.901
      vertex 41.12288009375334 14.5175791233778 1.5
    endloop
  endfacet
  facet normal -0.9934970444419026 -0.1138579056772269 0
    outer loop
      vertex 42.011513732373714 12.713664002716541 0.901
      vertex 42.011513732373714 12.713664002716541 1.5
      vertex 41.980096250772476 12.987805485725403 0.901
    endloop
  endfacet
  facet normal -0.9718192638497369 -0.23572721185844359 0
    outer loop
      vertex 41.980096250772476 12.987805485725403 0.901
      vertex 41.980096250772476 12.987805485725403 1.5
      vertex 41.91369358450174 13.261560007929802 0.901
    endloop
  endfacet
  facet normal -0.9375916049574101 -0.34773838199627594 0
    outer loop
      vertex 41.91369358450174 13.261560007929802 0.901
      vertex 41.91369358450174 13.261560007929802 1.5
      vertex 41.812305741012096 13.534927561879158 0.901
    endloop
  endfacet
  facet normal -0.8466174497516431 -0.5322019295117446 0
    outer loop
      vertex 41.50457449257374 14.080501779913902 0.901
      vertex 41.675932705402374 13.807908155024052 0.901
      vertex 41.675932705402374 13.807908155024052 1.5
    endloop
  endfacet
  facet normal -0.8945808478672552 -0.44690614968816755 0
    outer loop
      vertex 41.812305741012096 13.534927561879158 0.901
      vertex 41.812305741012096 13.534927561879158 1.5
      vertex 41.675932705402374 13.807908155024052 0.901
    endloop
  endfacet
  facet normal -1 0 0
    outer loop
      vertex 44.67087435722351 7.832037687301636 0.901
      vertex 44.67087435722351 7.832037687301636 1.5
      vertex 44.67087435722351 11.101308442652225 0.901
    endloop
  endfacet
  facet normal 0 1 0
    outer loop
      vertex 44.67087435722351 11.101308442652225 0.901
      vertex 44.67087435722351 11.101308442652225 1.5
      vertex 47.53353835642338 11.101308442652225 0.901
    endloop
  endfacet
  facet normal 0 1 0
    outer loop
      vertex 47.53353835642338 7.832037687301636 0.901
      vertex 47.53353835642338 7.832037687301636 1.5
      vertex 49.05435609072447 7.832037687301636 0.901
    endloop
  endfacet
  facet normal 1 0 0
    outer loop
      vertex 47.53353835642338 7.832037687301636 0.901
      vertex 47.53353835642338 11.101308442652225 0.901
      vertex 47.53353835642338 11.101308442652225 1.5
    endloop
  endfacet
  facet normal -1 0 0
    outer loop
      vertex 44.67087435722351 12.363049954175949 0.901
      vertex 44.67087435722351 12.363049954175949 1.5
      vertex 44.67087435722351 15.158581331372261 0.901
    endloop
  endfacet
  facet normal 0 -1 0
    outer loop
      vertex 43.15504026412964 15.158581331372261 0.901
      vertex 44.67087435722351 15.158581331372261 0.901
      vertex 44.67087435722351 15.158581331372261 1.5
    endloop
  endfacet
  facet normal 0 -1 0
    outer loop
      vertex 44.67087435722351 12.363049954175949 0.901
      vertex 47.53353835642338 12.363049954175949 0.901
      vertex 47.53353835642338 12.363049954175949 1.5
    endloop
  endfacet
  facet normal 1 0 0
    outer loop
      vertex 47.53353835642338 12.363049954175949 0.901
      vertex 47.53353835642338 15.158581331372261 0.901
      vertex 47.53353835642338 15.158581331372261 1.5
    endloop
  endfacet
  facet normal 0 -1 0
    outer loop
      vertex 47.53353835642338 15.158581331372261 0.901
      vertex 49.05435609072447 15.158581331372261 0.901
      vertex 49.05435609072447 15.158581331372261 1.5
    endloop
  endfacet
  facet normal 0.15523323470149103 0.9878778481391877 0
    outer loop
      vertex 52.18720397353172 7.749004311859608 0.901
      vertex 52.18720397353172 7.749004311859608 1.5
      vertex 52.686380460858345 7.670564673841 0.901
    endloop
  endfacet
  facet normal 0.04765144411360923 0.9988640247170221 0
    outer loop
      vertex 52.686380460858345 7.670564673841 0.901
      vertex 52.686380460858345 7.670564673841 1.5
      vertex 53.23446115851402 7.6444181352853775 0.901
    endloop
  endfacet
  facet normal -0.04950545387148652 0.998773853300625 0
    outer loop
      vertex 53.23446115851402 7.6444181352853775 0.901
      vertex 53.23446115851402 7.6444181352853775 1.5
      vertex 53.769716292619705 7.670948714017868 0.901
    endloop
  endfacet
  facet normal -0.16208284859135963 0.9867771532582776 0
    outer loop
      vertex 53.769716292619705 7.670948714017868 0.901
      vertex 53.769716292619705 7.670948714017868 1.5
      vertex 54.25427897274494 7.750540442764759 0.901
    endloop
  endfacet
  facet normal 0 0 1
    outer loop
      vertex 50.458280973136425 8.89932032674551 0.901
      vertex 50.68788920342922 8.579124100506306 0.901
      vertex 51.8214425817132 9.453900277614594 0.901
    endloop
  endfacet
  facet normal 0 0 1
    outer loop
      vertex 50.458280973136425 8.89932032674551 0.901
      vertex 51.75602785497904 9.583721287548542 0.901
      vertex 50.29427509754896 9.258670404553413 0.901
    endloop
  endfacet
  facet normal 0 0 1
    outer loop
      vertex 50.19587157666683 9.657174341380596 0.901
      vertex 50.29427509754896 9.258670404553413 0.901
      vertex 51.6574220508337 9.904187209904194 0.901
    endloop
  endfacet
  facet normal 0 0 1
    outer loop
      vertex 50.19587157666683 9.657174341380596 0.901
      vertex 51.62423098087311 10.094832129776478 0.901
      vertex 50.163070403039455 10.094832129776478 0.901
    endloop
  endfacet
  facet normal 0 0 1
    outer loop
      vertex 50.19587157666683 9.657174341380596 0.901
      vertex 51.6574220508337 9.904187209904194 0.901
      vertex 51.62423098087311 10.094832129776478 0.901
    endloop
  endfacet
  facet normal 0 0 1
    outer loop
      vertex 50.98309978097677 8.29808173328638 0.901
      vertex 51.33556363731623 8.062762834131718 0.901
      vertex 52.067965887486935 9.181538246572018 0.901
    endloop
  endfacet
  facet normal 0 0 1
    outer loop
      vertex 51.33556363731623 8.062762834131718 0.901
      vertex 51.73693169653416 7.87973702698946 0.901
      vertex 52.280870109796524 9.054903842508793 0.901
    endloop
  endfacet
  facet normal 0 0 1
    outer loop
      vertex 51.73693169653416 7.87973702698946 0.901
      vertex 52.18720397353172 7.749004311859608 0.901
      vertex 52.280870109796524 9.054903842508793 0.901
    endloop
  endfacet
  facet normal 0 0 1
    outer loop
      vertex 52.18720397353172 7.749004311859608 0.901
      vertex 52.53631120175123 8.96445069462061 0.901
      vertex 52.280870109796524 9.054903842508793 0.901
    endloop
  endfacet
  facet normal 0 0 1
    outer loop
      vertex 50.68788920342922 8.579124100506306 0.901
      vertex 50.98309978097677 8.29808173328638 0.901
      vertex 51.897598534822464 9.344353914260864 0.901
    endloop
  endfacet
  facet normal 0 0 1
    outer loop
      vertex 50.68788920342922 8.579124100506306 0.901
      vertex 51.897598534822464 9.344353914260864 0.901
      vertex 51.8214425817132 9.453900277614594 0.901
    endloop
  endfacet
  facet normal 0 0 1
    outer loop
      vertex 50.98309978097677 8.29808173328638 0.901
      vertex 52.067965887486935 9.181538246572018 0.901
      vertex 51.897598534822464 9.344353914260864 0.901
    endloop
  endfacet
  facet normal 0 0 1
    outer loop
      vertex 50.458280973136425 8.89932032674551 0.901
      vertex 51.8214425817132 9.453900277614594 0.901
      vertex 51.75602785497904 9.583721287548542 0.901
    endloop
  endfacet
  facet normal 0 0 1
    outer loop
      vertex 50.29427509754896 9.258670404553413 0.901
      vertex 51.75602785497904 9.583721287548542 0.901
      vertex 51.70135433971882 9.733816929161549 0.901
    endloop
  endfacet
  facet normal 0 0 1
    outer loop
      vertex 50.29427509754896 9.258670404553413 0.901
      vertex 51.70135433971882 9.733816929161549 0.901
      vertex 51.6574220508337 9.904187209904194 0.901
    endloop
  endfacet
  facet normal 0 0 1
    outer loop
      vertex 51.33556363731623 8.062762834131718 0.901
      vertex 52.280870109796524 9.054903842508793 0.901
      vertex 52.067965887486935 9.181538246572018 0.901
    endloop
  endfacet
  facet normal 0 0 1
    outer loop
      vertex 52.18720397353172 7.749004311859608 0.901
      vertex 52.686380460858345 7.670564673841 0.901
      vertex 52.53631120175123 8.96445069462061 0.901
    endloop
  endfacet
  facet normal 0 0 1
    outer loop
      vertex 52.686380460858345 7.670564673841 0.901
      vertex 52.83428916335106 8.910178810358047 0.901
      vertex 52.53631120175123 8.96445069462061 0.901
    endloop
  endfacet
  facet normal 0 0 1
    outer loop
      vertex 52.686380460858345 7.670564673841 0.901
      vertex 53.174804002046585 8.892088174819946 0.901
      vertex 52.83428916335106 8.910178810358047 0.901
    endloop
  endfacet
  facet normal 0 0 1
    outer loop
      vertex 52.686380460858345 7.670564673841 0.901
      vertex 53.23446115851402 7.6444181352853775 0.901
      vertex 53.174804002046585 8.892088174819946 0.901
    endloop
  endfacet
  facet normal 0 0 1
    outer loop
      vertex 53.23446115851402 7.6444181352853775 0.901
      vertex 53.769716292619705 7.670948714017868 0.901
      vertex 53.3833519294858 8.89685782045126 0.901
    endloop
  endfacet
  facet normal 0 0 1
    outer loop
      vertex 53.23446115851402 7.6444181352853775 0.901
      vertex 53.3833519294858 8.89685782045126 0.901
      vertex 53.174804002046585 8.892088174819946 0.901
    endloop
  endfacet
  facet normal 0 0 1
    outer loop
      vertex 53.3833519294858 8.89685782045126 0.901
      vertex 53.769716292619705 7.670948714017868 0.901
      vertex 53.575594551861286 8.911166742444038 0.901
    endloop
  endfacet
  facet normal 0 0 1
    outer loop
      vertex 51.8017513230443 11.152496337890625 0.901
      vertex 52.1742934063077 11.043803051114082 0.901
      vertex 52.306708835065365 12.497461780905724 0.901
    endloop
  endfacet
  facet normal 0 0 1
    outer loop
      vertex 52.1742934063077 11.043803051114082 0.901
      vertex 52.603297241032124 10.938680402934551 0.901
      vertex 52.72894664853811 12.372636139392853 0.901
    endloop
  endfacet
  facet normal 0 0 1
    outer loop
      vertex 52.603297241032124 10.938680402934551 0.901
      vertex 53.37862040102482 10.76483915746212 0.901
      vertex 53.00088946521282 12.304858580231667 0.901
    endloop
  endfacet
  facet normal 0 0 1
    outer loop
      vertex 50.75631170719862 11.725536294281483 0.901
      vertex 51.824010625481606 12.794803597033024 0.901
      vertex 50.54896865040064 11.996769681572914 0.901
    endloop
  endfacet
  facet normal 0 0 1
    outer loop
      vertex 50.54896865040064 11.996769681572914 0.901
      vertex 51.754430152475834 12.91206581890583 0.901
      vertex 50.4008664637804 12.313700146973133 0.901
    endloop
  endfacet
  facet normal 0 0 1
    outer loop
      vertex 50.4008664637804 12.313700146973133 0.901
      vertex 51.712681874632835 13.04522879421711 0.901
      vertex 50.31200514733791 12.6763277053833 0.901
    endloop
  endfacet
  facet normal 0 0 1
    outer loop
      vertex 50.31200514733791 12.6763277053833 0.901
      vertex 51.712681874632835 13.04522879421711 0.901
      vertex 50.28238470852375 13.084652356803417 0.901
    endloop
  endfacet
  facet normal 0 0 1
    outer loop
      vertex 50.28238470852375 13.084652356803417 0.901
      vertex 51.69876577705145 13.194292530417442 0.901
      vertex 50.31101135164499 13.464754916727543 0.901
    endloop
  endfacet
  facet normal 0 0 1
    outer loop
      vertex 50.31101135164499 13.464754916727543 0.901
      vertex 51.712881214916706 13.35765053331852 0.901
      vertex 50.39689127355814 13.818233095109463 0.901
    endloop
  endfacet
  facet normal 0 0 1
    outer loop
      vertex 51.75522753596306 13.505905166268349 0.901
      vertex 50.54002447426319 14.145086877048016 0.901
      vertex 50.39689127355814 13.818233095109463 0.901
    endloop
  endfacet
  facet normal 0 0 1
    outer loop
      vertex 51.825804740190506 13.639056414365768 0.901
      vertex 50.74041095376015 14.445316277444363 0.901
      vertex 50.54002447426319 14.145086877048016 0.901
    endloop
  endfacet
  facet normal 0 0 1
    outer loop
      vertex 51.226052448153496 11.380594812333584 0.901
      vertex 51.92142328619957 12.69344212859869 0.901
      vertex 51.02289564162493 11.5 0.901
    endloop
  endfacet
  facet normal 0 0 1
    outer loop
      vertex 50.75631170719862 11.725536294281483 0.901
      vertex 51.02289564162493 11.5 0.901
      vertex 51.92142328619957 12.69344212859869 0.901
    endloop
  endfacet
  facet normal 0 0 1
    outer loop
      vertex 51.226052448153496 11.380594812333584 0.901
      vertex 51.48567100614309 11.264760255813599 0.901
      vertex 52.046668134629726 12.60798142105341 0.901
    endloop
  endfacet
  facet normal 0 0 1
    outer loop
      vertex 50.54896865040064 11.996769681572914 0.901
      vertex 51.824010625481606 12.794803597033024 0.901
      vertex 51.754430152475834 12.91206581890583 0.901
    endloop
  endfacet
  facet normal 0 0 1
    outer loop
      vertex 51.226052448153496 11.380594812333584 0.901
      vertex 52.046668134629726 12.60798142105341 0.901
      vertex 51.92142328619957 12.69344212859869 0.901
    endloop
  endfacet
  facet normal 0 0 1
    outer loop
      vertex 50.75631170719862 11.725536294281483 0.901
      vertex 51.92142328619957 12.69344212859869 0.901
      vertex 51.824010625481606 12.794803597033024 0.901
    endloop
  endfacet
  facet normal 0 0 1
    outer loop
      vertex 51.48567100614309 11.264760255813599 0.901
      vertex 51.8017513230443 11.152496337890625 0.901
      vertex 52.15641384571791 12.554509848356247 0.901
    endloop
  endfacet
  facet normal 0 0 1
    outer loop
      vertex 51.8017513230443 11.152496337890625 0.901
      vertex 52.306708835065365 12.497461780905724 0.901
      vertex 52.15641384571791 12.554509848356247 0.901
    endloop
  endfacet
  facet normal 0 0 1
    outer loop
      vertex 52.1742934063077 11.043803051114082 0.901
      vertex 52.4975531026721 12.436837211251259 0.901
      vertex 52.306708835065365 12.497461780905724 0.901
    endloop
  endfacet
  facet normal 0 0 1
    outer loop
      vertex 51.48567100614309 11.264760255813599 0.901
      vertex 52.15641384571791 12.554509848356247 0.901
      vertex 52.046668134629726 12.60798142105341 0.901
    endloop
  endfacet
  facet normal 0 0 1
    outer loop
      vertex 50.4008664637804 12.313700146973133 0.901
      vertex 51.754430152475834 12.91206581890583 0.901
      vertex 51.712681874632835 13.04522879421711 0.901
    endloop
  endfacet
  facet normal 0 0 1
    outer loop
      vertex 50.28238470852375 13.084652356803417 0.901
      vertex 51.712681874632835 13.04522879421711 0.901
      vertex 51.69876577705145 13.194292530417442 0.901
    endloop
  endfacet
  facet normal 0 0 1
    outer loop
      vertex 50.31101135164499 13.464754916727543 0.901
      vertex 51.69876577705145 13.194292530417442 0.901
      vertex 51.712881214916706 13.35765053331852 0.901
    endloop
  endfacet
  facet normal 0 0 1
    outer loop
      vertex 51.712881214916706 13.35765053331852 0.901
      vertex 51.75522753596306 13.505905166268349 0.901
      vertex 50.39689127355814 13.818233095109463 0.901
    endloop
  endfacet
  facet normal 0 0 1
    outer loop
      vertex 52.1742934063077 11.043803051114082 0.901
      vertex 52.72894664853811 12.372636139392853 0.901
      vertex 52.4975531026721 12.436837211251259 0.901
    endloop
  endfacet
  facet normal 0 0 1
    outer loop
      vertex 52.603297241032124 10.938680402934551 0.901
      vertex 53.00088946521282 12.304858580231667 0.901
      vertex 52.72894664853811 12.372636139392853 0.901
    endloop
  endfacet
  facet normal 0 0 1
    outer loop
      vertex 53.37862040102482 10.76483915746212 0.901
      vertex 54.26321728527546 12.001809023320675 0.901
      vertex 53.00088946521282 12.304858580231667 0.901
    endloop
  endfacet
  facet normal 0 0 1
    outer loop
      vertex 51.75522753596306 13.505905166268349 0.901
      vertex 51.825804740190506 13.639056414365768 0.901
      vertex 50.54002447426319 14.145086877048016 0.901
    endloop
  endfacet
  facet normal 0 0 1
    outer loop
      vertex 51.825804740190506 13.639056414365768 0.901
      vertex 51.92461282014847 13.75710429251194 0.901
      vertex 50.74041095376015 14.445316277444363 0.901
    endloop
  endfacet
  facet normal 0 0 1
    outer loop
      vertex 51.92461282014847 13.75710429251194 0.901
      vertex 50.99805071204901 14.718921288847923 0.901
      vertex 50.74041095376015 14.445316277444363 0.901
    endloop
  endfacet
  facet normal 0 0 1
    outer loop
      vertex 50.99805071204901 14.718921288847923 0.901
      vertex 52.051651775836945 13.860048800706863 0.901
      vertex 51.31115256994963 14.953184828162193 0.901
    endloop
  endfacet
  facet normal 0 0 1
    outer loop
      vertex 51.92461282014847 13.75710429251194 0.901
      vertex 52.051651775836945 13.860048800706863 0.901
      vertex 50.99805071204901 14.718921288847923 0.901
    endloop
  endfacet
  facet normal 0 0 1
    outer loop
      vertex 51.31115256994963 14.953184828162193 0.901
      vertex 52.051651775836945 13.860048800706863 0.901
      vertex 52.202345460653305 13.945902332663536 0.901
    endloop
  endfacet
  facet normal 0 0 1
    outer loop
      vertex 51.67792534828186 15.135389797389507 0.901
      vertex 52.202345460653305 13.945902332663536 0.901
      vertex 52.37211770564318 14.012677311897278 0.901
    endloop
  endfacet
  facet normal 0 0 1
    outer loop
      vertex 52.37211770564318 14.012677311897278 0.901
      vertex 52.56096851080656 14.060373716056347 0.901
      vertex 52.09836904704571 15.265536203980446 0.901
    endloop
  endfacet
  facet normal 0 0 1
    outer loop
      vertex 51.31115256994963 14.953184828162193 0.901
      vertex 52.202345460653305 13.945902332663536 0.901
      vertex 51.67792534828186 15.135389797389507 0.901
    endloop
  endfacet
  facet normal 0 0 1
    outer loop
      vertex 51.67792534828186 15.135389797389507 0.901
      vertex 52.37211770564318 14.012677311897278 0.901
      vertex 52.09836904704571 15.265536203980446 0.901
    endloop
  endfacet
  facet normal 0 0 1
    outer loop
      vertex 52.56096851080656 14.060373716056347 0.901
      vertex 52.768897883594036 14.088991560041904 0.901
      vertex 52.57248366624117 15.343624047935009 0.901
    endloop
  endfacet
  facet normal 0 0 1
    outer loop
      vertex 52.768897883594036 14.088991560041904 0.901
      vertex 52.995905824005604 14.09853084385395 0.901
      vertex 52.57248366624117 15.343624047935009 0.901
    endloop
  endfacet
  facet normal 0 0 1
    outer loop
      vertex 52.995905824005604 14.09853084385395 0.901
      vertex 53.20166291296482 14.091175571084023 0.901
      vertex 53.100269198417664 15.369653336703777 0.901
    endloop
  endfacet
  facet normal 0 0 1
    outer loop
      vertex 53.20166291296482 14.091175571084023 0.901
      vertex 53.39350683987141 14.069109752774239 0.901
      vertex 53.549864284694195 15.345125004649162 0.901
    endloop
  endfacet
  facet normal 0 0 1
    outer loop
      vertex 53.39350683987141 14.069109752774239 0.901
      vertex 53.57143760472536 14.032333388924599 0.901
      vertex 53.549864284694195 15.345125004649162 0.901
    endloop
  endfacet
  facet normal 0 0 1
    outer loop
      vertex 52.09836904704571 15.265536203980446 0.901
      vertex 52.56096851080656 14.060373716056347 0.901
      vertex 52.57248366624117 15.343624047935009 0.901
    endloop
  endfacet
  facet normal 0 0 1
    outer loop
      vertex 52.995905824005604 14.09853084385395 0.901
      vertex 53.100269198417664 15.369653336703777 0.901
      vertex 52.57248366624117 15.343624047935009 0.901
    endloop
  endfacet
  facet normal 0 0 1
    outer loop
      vertex 53.20166291296482 14.091175571084023 0.901
      vertex 53.549864284694195 15.345125004649162 0.901
      vertex 53.100269198417664 15.369653336703777 0.901
    endloop
  endfacet
  facet normal 0 0 1
    outer loop
      vertex 53.769716292619705 7.670948714017868 0.901
      vertex 54.25427897274494 7.750540442764759 0.901
      vertex 53.75153185427189 8.935014948248863 0.901
    endloop
  endfacet
  facet normal 0 0 1
    outer loop
      vertex 53.575594551861286 8.911166742444038 0.901
      vertex 53.769716292619705 7.670948714017868 0.901
      vertex 53.75153185427189 8.935014948248863 0.901
    endloop
  endfacet
  facet normal 0 0 1
    outer loop
      vertex 53.75153185427189 8.935014948248863 0.901
      vertex 54.25427897274494 7.750540442764759 0.901
      vertex 53.91116385161877 8.968402430415154 0.901
    endloop
  endfacet
  facet normal 0 0 1
    outer loop
      vertex 53.91116385161877 8.968402430415154 0.901
      vertex 54.25427897274494 7.750540442764759 0.901
      vertex 54.05449053645134 9.01132919639349 0.901
    endloop
  endfacet
  facet normal 0 0 1
    outer loop
      vertex 54.05449053645134 9.01132919639349 0.901
      vertex 54.25427897274494 7.750540442764759 0.901
      vertex 54.68814919888973 7.883193336427212 0.901
    endloop
  endfacet
  facet normal 0 0 1
    outer loop
      vertex 54.05449053645134 9.01132919639349 0.901
      vertex 54.68814919888973 7.883193336427212 0.901
      vertex 54.28529776632786 9.118430651724339 0.901
    endloop
  endfacet
  facet normal 0 0 1
    outer loop
      vertex 54.68814919888973 7.883193336427212 0.901
      vertex 55.0713269636035 8.068907380104065 0.901
      vertex 54.28529776632786 9.118430651724339 0.901
    endloop
  endfacet
  facet normal 0 0 1
    outer loop
      vertex 54.28529776632786 9.118430651724339 0.901
      vertex 55.0713269636035 8.068907380104065 0.901
      vertex 54.46481449902058 9.256923198699951 0.901
    endloop
  endfacet
  facet normal 0 0 1
    outer loop
      vertex 54.46481449902058 9.256923198699951 0.901
      vertex 55.0713269636035 8.068907380104065 0.901
      vertex 55.403812266886234 8.3076825812459 0.901
    endloop
  endfacet
  facet normal 0 0 1
    outer loop
      vertex 54.46481449902058 9.256923198699951 0.901
      vertex 55.403812266886234 8.3076825812459 0.901
      vertex 55.68023743480444 8.586628884077072 0.901
    endloop
  endfacet
  facet normal 0 0 1
    outer loop
      vertex 54.46481449902058 9.256923198699951 0.901
      vertex 55.68023743480444 8.586628884077072 0.901
      vertex 54.593040741980076 9.426806844770908 0.901
    endloop
  endfacet
  facet normal 0 0 1
    outer loop
      vertex 54.593040741980076 9.426806844770908 0.901
      vertex 55.68023743480444 8.586628884077072 0.901
      vertex 55.895234785974026 8.892797611653805 0.901
    endloop
  endfacet
  facet normal 0 0 1
    outer loop
      vertex 54.593040741980076 9.426806844770908 0.901
      vertex 55.895234785974026 8.892797611653805 0.901
      vertex 54.669976487755775 9.62808158248663 0.901
    endloop
  endfacet
  facet normal 0 0 1
    outer loop
      vertex 54.669976487755775 9.62808158248663 0.901
      vertex 55.895234785974026 8.892797611653805 0.901
      vertex 56.04880432784557 9.226188771426678 0.901
    endloop
  endfacet
  facet normal 0 0 1
    outer loop
      vertex 54.669976487755775 9.62808158248663 0.901
      vertex 56.04880432784557 9.226188771426678 0.901
      vertex 56.14094604551792 9.58680234849453 0.901
    endloop
  endfacet
  facet normal 0 0 1
    outer loop
      vertex 53.636450707912445 10.703425996005535 0.901
      vertex 53.86525861918926 10.63844220340252 0.901
      vertex 54.26321728527546 12.001809023320675 0.901
    endloop
  endfacet
  facet normal 0 0 1
    outer loop
      vertex 53.86525861918926 10.63844220340252 0.901
      vertex 54.06504413485527 10.569887779653072 0.901
      vertex 54.26321728527546 12.001809023320675 0.901
    endloop
  endfacet
  facet normal 0 0 1
    outer loop
      vertex 53.636450707912445 10.703425996005535 0.901
      vertex 54.26321728527546 12.001809023320675 0.901
      vertex 53.37862040102482 10.76483915746212 0.901
    endloop
  endfacet
  facet normal 0 0 1
    outer loop
      vertex 54.06504413485527 10.569887779653072 0.901
      vertex 54.23580724745989 10.497762717306614 0.901
      vertex 54.57891357690096 11.916940487921238 0.901
    endloop
  endfacet
  facet normal 0 0 1
    outer loop
      vertex 54.23580724745989 10.497762717306614 0.901
      vertex 54.37754795700312 10.422067023813725 0.901
      vertex 54.8620050996542 11.821342460811138 0.901
    endloop
  endfacet
  facet normal 0 0 1
    outer loop
      vertex 54.37754795700312 10.422067023813725 0.901
      vertex 54.492054514586926 10.336034663021564 0.901
      vertex 55.330373868346214 11.59795793145895 0.901
    endloop
  endfacet
  facet normal 0 0 1
    outer loop
      vertex 54.06504413485527 10.569887779653072 0.901
      vertex 54.57891357690096 11.916940487921238 0.901
      vertex 54.26321728527546 12.001809023320675 0.901
    endloop
  endfacet
  facet normal 0 0 1
    outer loop
      vertex 54.37754795700312 10.422067023813725 0.901
      vertex 55.11249186843634 11.715014941990376 0.901
      vertex 54.8620050996542 11.821342460811138 0.901
    endloop
  endfacet
  facet normal 0 0 1
    outer loop
      vertex 54.23580724745989 10.497762717306614 0.901
      vertex 54.8620050996542 11.821342460811138 0.901
      vertex 54.57891357690096 11.916940487921238 0.901
    endloop
  endfacet
  facet normal 0 0 1
    outer loop
      vertex 54.669976487755775 9.62808158248663 0.901
      vertex 56.14094604551792 9.58680234849453 0.901
      vertex 54.695621736347675 9.860747419297695 0.901
    endloop
  endfacet
  facet normal 0 0 1
    outer loop
      vertex 54.695621736347675 9.860747419297695 0.901
      vertex 56.17165995389223 9.974638357758522 0.901
      vertex 54.68289878219366 9.999242901802063 0.901
    endloop
  endfacet
  facet normal 0 0 1
    outer loop
      vertex 54.6447299271822 10.124622598290443 0.901
      vertex 54.68289878219366 9.999242901802063 0.901
      vertex 56.0666985437274 10.683769918978214 0.901
    endloop
  endfacet
  facet normal 0 0 1
    outer loop
      vertex 54.581115171313286 10.236886523663998 0.901
      vertex 55.75181429833174 11.245010368525982 0.901
      vertex 54.492054514586926 10.336034663021564 0.901
    endloop
  endfacet
  facet normal 0 0 1
    outer loop
      vertex 54.581115171313286 10.236886523663998 0.901
      vertex 54.6447299271822 10.124622598290443 0.901
      vertex 55.935496769845486 10.982876531779766 0.901
    endloop
  endfacet
  facet normal 0 0 1
    outer loop
      vertex 54.695621736347675 9.860747419297695 0.901
      vertex 56.14094604551792 9.58680234849453 0.901
      vertex 56.17165995389223 9.974638357758522 0.901
    endloop
  endfacet
  facet normal 0 0 1
    outer loop
      vertex 54.68289878219366 9.999242901802063 0.901
      vertex 56.17165995389223 9.974638357758522 0.901
      vertex 56.14541960507631 10.347690522670746 0.901
    endloop
  endfacet
  facet normal 0 0 1
    outer loop
      vertex 54.68289878219366 9.999242901802063 0.901
      vertex 56.14541960507631 10.347690522670746 0.901
      vertex 56.0666985437274 10.683769918978214 0.901
    endloop
  endfacet
  facet normal 0 0 1
    outer loop
      vertex 54.6447299271822 10.124622598290443 0.901
      vertex 56.0666985437274 10.683769918978214 0.901
      vertex 55.935496769845486 10.982876531779766 0.901
    endloop
  endfacet
  facet normal 0 0 1
    outer loop
      vertex 54.492054514586926 10.336034663021564 0.901
      vertex 55.51565111428499 11.470171421766281 0.901
      vertex 55.330373868346214 11.59795793145895 0.901
    endloop
  endfacet
  facet normal 0 0 1
    outer loop
      vertex 54.581115171313286 10.236886523663998 0.901
      vertex 55.935496769845486 10.982876531779766 0.901
      vertex 55.75181429833174 11.245010368525982 0.901
    endloop
  endfacet
  facet normal 0 0 1
    outer loop
      vertex 54.492054514586926 10.336034663021564 0.901
      vertex 55.75181429833174 11.245010368525982 0.901
      vertex 55.51565111428499 11.470171421766281 0.901
    endloop
  endfacet
  facet normal 0 0 1
    outer loop
      vertex 54.37754795700312 10.422067023813725 0.901
      vertex 55.330373868346214 11.59795793145895 0.901
      vertex 55.11249186843634 11.715014941990376 0.901
    endloop
  endfacet
  facet normal 0 0 1
    outer loop
      vertex 54.462050043046474 12.975305333733559 0.901
      vertex 55.88610298931599 13.4202890843153 0.901
      vertex 54.426255747675896 13.224396675825119 0.901
    endloop
  endfacet
  facet normal 0 0 1
    outer loop
      vertex 54.426255747675896 13.224396675825119 0.901
      vertex 55.7768761664629 13.820894941687584 0.901
      vertex 54.350709564983845 13.44287671893835 0.901
    endloop
  endfacet
  facet normal 0 0 1
    outer loop
      vertex 54.462050043046474 12.975305333733559 0.901
      vertex 55.93310461938381 12.975305333733559 0.901
      vertex 55.88610298931599 13.4202890843153 0.901
    endloop
  endfacet
  facet normal 0 0 1
    outer loop
      vertex 54.426255747675896 13.224396675825119 0.901
      vertex 55.88610298931599 13.4202890843153 0.901
      vertex 55.7768761664629 13.820894941687584 0.901
    endloop
  endfacet
  facet normal 0 0 1
    outer loop
      vertex 53.57143760472536 14.032333388924599 0.901
      vertex 53.735455207526684 13.980846479535103 0.901
      vertex 53.97221935540438 15.271540030837059 0.901
    endloop
  endfacet
  facet normal 0 0 1
    outer loop
      vertex 54.080361507833004 13.788002893328667 0.901
      vertex 54.735209457576275 14.977200128138065 0.901
      vertex 53.885559640824795 13.914649024605751 0.901
    endloop
  endfacet
  facet normal 0 0 1
    outer loop
      vertex 53.735455207526684 13.980846479535103 0.901
      vertex 53.885559640824795 13.914649024605751 0.901
      vertex 54.36733441799879 15.148898407816887 0.901
    endloop
  endfacet
  facet normal 0 0 1
    outer loop
      vertex 54.23541148751974 13.630745455622673 0.901
      vertex 54.350709564983845 13.44287671893835 0.901
      vertex 55.605424135923386 14.177122920751572 0.901
    endloop
  endfacet
  facet normal 0 0 1
    outer loop
      vertex 54.080361507833004 13.788002893328667 0.901
      vertex 54.23541148751974 13.630745455622673 0.901
      vertex 55.07584448903799 14.756445199251175 0.901
    endloop
  endfacet
  facet normal 0 0 1
    outer loop
      vertex 54.080361507833004 13.788002893328667 0.901
      vertex 55.07584448903799 14.756445199251175 0.901
      vertex 54.735209457576275 14.977200128138065 0.901
    endloop
  endfacet
  facet normal 0 0 1
    outer loop
      vertex 53.57143760472536 14.032333388924599 0.901
      vertex 53.97221935540438 15.271540030837059 0.901
      vertex 53.549864284694195 15.345125004649162 0.901
    endloop
  endfacet
  facet normal 0 0 1
    outer loop
      vertex 53.735455207526684 13.980846479535103 0.901
      vertex 54.36733441799879 15.148898407816887 0.901
      vertex 53.97221935540438 15.271540030837059 0.901
    endloop
  endfacet
  facet normal 0 0 1
    outer loop
      vertex 53.885559640824795 13.914649024605751 0.901
      vertex 54.735209457576275 14.977200128138065 0.901
      vertex 54.36733441799879 15.148898407816887 0.901
    endloop
  endfacet
  facet normal 0 0 1
    outer loop
      vertex 54.350709564983845 13.44287671893835 0.901
      vertex 55.7768761664629 13.820894941687584 0.901
      vertex 55.605424135923386 14.177122920751572 0.901
    endloop
  endfacet
  facet normal 0 0 1
    outer loop
      vertex 54.23541148751974 13.630745455622673 0.901
      vertex 55.605424135923386 14.177122920751572 0.901
      vertex 55.37174691259861 14.488972999155521 0.901
    endloop
  endfacet
  facet normal 0 0 1
    outer loop
      vertex 54.23541148751974 13.630745455622673 0.901
      vertex 55.37174691259861 14.488972999155521 0.901
      vertex 55.07584448903799 14.756445199251175 0.901
    endloop
  endfacet
  facet normal 0.5552603783360782 0.8316765670920849 0
    outer loop
      vertex 50.98309978097677 8.29808173328638 0.901
      vertex 50.98309978097677 8.29808173328638 1.5
      vertex 51.33556363731623 8.062762834131718 0.901
    endloop
  endfacet
  facet normal 0.6895129176902952 0.7242733850820533 0
    outer loop
      vertex 50.68788920342922 8.579124100506306 0.901
      vertex 50.68788920342922 8.579124100506306 1.5
      vertex 50.98309978097677 8.29808173328638 0.901
    endloop
  endfacet
  facet normal 0.8126557473782999 0.5827440572438441 0
    outer loop
      vertex 50.458280973136425 8.89932032674551 0.901
      vertex 50.458280973136425 8.89932032674551 1.5
      vertex 50.68788920342922 8.579124100506306 0.901
    endloop
  endfacet
  facet normal 0.9097312732703763 0.41519755591026775 0
    outer loop
      vertex 50.458280973136425 8.89932032674551 0.901
      vertex 50.29427509754896 9.258670404553413 0.901
      vertex 50.29427509754896 9.258670404553413 1.5
    endloop
  endfacet
  facet normal 0.9708391984203583 0.23973162246669977 0
    outer loop
      vertex 50.19587157666683 9.657174341380596 0.901
      vertex 50.19587157666683 9.657174341380596 1.5
      vertex 50.29427509754896 9.258670404553413 0.901
    endloop
  endfacet
  facet normal 0.9972032442096331 0.07473747211260906 0
    outer loop
      vertex 50.19587157666683 9.657174341380596 0.901
      vertex 50.163070403039455 10.094832129776478 0.901
      vertex 50.163070403039455 10.094832129776478 1.5
    endloop
  endfacet
  facet normal 0 -1 0
    outer loop
      vertex 50.163070403039455 10.094832129776478 0.901
      vertex 51.62423098087311 10.094832129776478 0.901
      vertex 51.62423098087311 10.094832129776478 1.5
    endloop
  endfacet
  facet normal 0.5067085552371542 0.8621174166257609 0
    outer loop
      vertex 51.226052448153496 11.380594812333584 0.901
      vertex 51.02289564162493 11.5 0.901
      vertex 51.02289564162493 11.5 1.5
    endloop
  endfacet
  facet normal 0.4149031713232106 0.9098655716236013 0
    outer loop
      vertex 51.33556363731623 8.062762834131718 0.901
      vertex 51.33556363731623 8.062762834131718 1.5
      vertex 51.73693169653416 7.87973702698946 0.901
    endloop
  endfacet
  facet normal 0.27882692555908306 0.9603413692970171 0
    outer loop
      vertex 51.73693169653416 7.87973702698946 0.901
      vertex 51.73693169653416 7.87973702698946 1.5
      vertex 52.18720397353172 7.749004311859608 0.901
    endloop
  endfacet
  facet normal -0.939605736192805 -0.34225876250810167 0
    outer loop
      vertex 51.70135433971882 9.733816929161549 0.901
      vertex 51.75602785497904 9.583721287548542 0.901
      vertex 51.75602785497904 9.583721287548542 1.5
    endloop
  endfacet
  facet normal -0.511202749663587 -0.8594601495918166 0
    outer loop
      vertex 52.280870109796524 9.054903842508793 0.901
      vertex 52.280870109796524 9.054903842508793 1.5
      vertex 52.067965887486935 9.181538246572018 0.901
    endloop
  endfacet
  facet normal -0.8210815957236048 -0.5708108383378674 0
    outer loop
      vertex 51.897598534822464 9.344353914260864 0.901
      vertex 51.897598534822464 9.344353914260864 1.5
      vertex 51.8214425817132 9.453900277614594 0.901
    endloop
  endfacet
  facet normal -0.6909025705011224 -0.7229478806075453 0
    outer loop
      vertex 51.897598534822464 9.344353914260864 0.901
      vertex 52.067965887486935 9.181538246572018 0.901
      vertex 52.067965887486935 9.181538246572018 1.5
    endloop
  endfacet
  facet normal -0.8930354751959663 -0.44998626650322887 0
    outer loop
      vertex 51.8214425817132 9.453900277614594 0.901
      vertex 51.8214425817132 9.453900277614594 1.5
      vertex 51.75602785497904 9.583721287548542 0.901
    endloop
  endfacet
  facet normal -0.3337960810392895 -0.9426453077816768 0
    outer loop
      vertex 52.280870109796524 9.054903842508793 0.901
      vertex 52.53631120175123 8.96445069462061 0.901
      vertex 52.53631120175123 8.96445069462061 1.5
    endloop
  endfacet
  facet normal -0.17918608595006905 -0.9838151994159748 0
    outer loop
      vertex 52.53631120175123 8.96445069462061 0.901
      vertex 52.83428916335106 8.910178810358047 0.901
      vertex 52.83428916335106 8.910178810358047 1.5
    endloop
  endfacet
  facet normal -0.05305248670311634 -0.9985917252083635 0
    outer loop
      vertex 52.83428916335106 8.910178810358047 0.901
      vertex 53.174804002046585 8.892088174819946 0.901
      vertex 53.174804002046585 8.892088174819946 1.5
    endloop
  endfacet
  facet normal 0.02286476182171276 -0.9997385671598532 0
    outer loop
      vertex 53.174804002046585 8.892088174819946 0.901
      vertex 53.3833519294858 8.89685782045126 0.901
      vertex 53.3833519294858 8.89685782045126 1.5
    endloop
  endfacet
  facet normal 0.07422625433727446 -0.9972414267202593 0
    outer loop
      vertex 53.3833519294858 8.89685782045126 0.901
      vertex 53.575594551861286 8.911166742444038 0.901
      vertex 53.575594551861286 8.911166742444038 1.5
    endloop
  endfacet
  facet normal -0.968324385545263 -0.2496955833778183 0
    outer loop
      vertex 51.70135433971882 9.733816929161549 0.901
      vertex 51.70135433971882 9.733816929161549 1.5
      vertex 51.6574220508337 9.904187209904194 0.901
    endloop
  endfacet
  facet normal -0.9851808305482942 -0.17151889435328477 0
    outer loop
      vertex 51.6574220508337 9.904187209904194 0.901
      vertex 51.6574220508337 9.904187209904194 1.5
      vertex 51.62423098087311 10.094832129776478 0.901
    endloop
  endfacet
  facet normal 0.40745553472438983 0.913225047412992 0
    outer loop
      vertex 51.226052448153496 11.380594812333584 0.901
      vertex 51.226052448153496 11.380594812333584 1.5
      vertex 51.48567100614309 11.264760255813599 0.901
    endloop
  endfacet
  facet normal 0.3346915294362053 0.9423277455979175 0
    outer loop
      vertex 51.48567100614309 11.264760255813599 0.901
      vertex 51.48567100614309 11.264760255813599 1.5
      vertex 51.8017513230443 11.152496337890625 0.901
    endloop
  endfacet
  facet normal 0.28008354246101974 0.959975629504461 0
    outer loop
      vertex 51.8017513230443 11.152496337890625 0.901
      vertex 51.8017513230443 11.152496337890625 1.5
      vertex 52.1742934063077 11.043803051114082 0.901
    endloop
  endfacet
  facet normal 0.23799791637097004 0.9712656648945626 0
    outer loop
      vertex 52.1742934063077 11.043803051114082 0.901
      vertex 52.1742934063077 11.043803051114082 1.5
      vertex 52.603297241032124 10.938680402934551 0.901
    endloop
  endfacet
  facet normal 0.2187856530249602 0.9757729438913756 0
    outer loop
      vertex 52.603297241032124 10.938680402934551 0.901
      vertex 52.603297241032124 10.938680402934551 1.5
      vertex 53.37862040102482 10.76483915746212 0.901
    endloop
  endfacet
  facet normal 0.23170976571303833 0.9727849631204262 0
    outer loop
      vertex 53.636450707912445 10.703425996005535 0.901
      vertex 53.37862040102482 10.76483915746212 0.901
      vertex 53.37862040102482 10.76483915746212 1.5
    endloop
  endfacet
  facet normal -1 0 0
    outer loop
      vertex 49.05435609072447 7.832037687301636 0.901
      vertex 49.05435609072447 12.41570655462332 1.5
      vertex 49.05435609072447 15.158581331372261 0.901
    endloop
  endfacet
  facet normal 0.9059625035327449 0.4233579362580571 0
    outer loop
      vertex 50.54896865040064 11.996769681572914 0.901
      vertex 50.4008664637804 12.313700146973133 0.901
      vertex 50.4008664637804 12.313700146973133 1.5
    endloop
  endfacet
  facet normal 0.9712635343045589 0.23800661110611365 0
    outer loop
      vertex 50.4008664637804 12.313700146973133 0.901
      vertex 50.31200514733791 12.6763277053833 0.901
      vertex 50.31200514733791 12.6763277053833 1.5
    endloop
  endfacet
  facet normal 0.6458842838982823 0.7634353226129919 0
    outer loop
      vertex 50.75631170719862 11.725536294281483 0.901
      vertex 50.75631170719862 11.725536294281483 1.5
      vertex 51.02289564162493 11.5 0.901
    endloop
  endfacet
  facet normal 0.7944577612304711 0.6073194098830268 0
    outer loop
      vertex 50.75631170719862 11.725536294281483 0.901
      vertex 50.54896865040064 11.996769681572914 0.901
      vertex 50.54896865040064 11.996769681572914 1.5
    endloop
  endfacet
  facet normal 0.9973792120997045 0.0723512769159794 0
    outer loop
      vertex 50.31200514733791 12.6763277053833 0.901
      vertex 50.28238470852375 13.084652356803417 0.901
      vertex 50.28238470852375 13.084652356803417 1.5
    endloop
  endfacet
  facet normal 0.9971759879402777 -0.07510026015488282 0
    outer loop
      vertex 50.28238470852375 13.084652356803417 0.901
      vertex 50.31101135164499 13.464754916727543 0.901
      vertex 50.31101135164499 13.464754916727543 1.5
    endloop
  endfacet
  facet normal 0.9717314944687735 -0.23608876012526267 0
    outer loop
      vertex 50.31101135164499 13.464754916727543 0.901
      vertex 50.39689127355814 13.818233095109463 0.901
      vertex 50.39689127355814 13.818233095109463 1.5
    endloop
  endfacet
  facet normal 0.9160186864519727 -0.40113559561674716 0
    outer loop
      vertex 50.39689127355814 13.818233095109463 0.901
      vertex 50.54002447426319 14.145086877048016 0.901
      vertex 50.54002447426319 14.145086877048016 1.5
    endloop
  endfacet
  facet normal 0.8317515526287974 -0.5551480475509076 0
    outer loop
      vertex 50.54002447426319 14.145086877048016 0.901
      vertex 50.74041095376015 14.445316277444363 0.901
      vertex 50.74041095376015 14.445316277444363 1.5
    endloop
  endfacet
  facet normal 0.7280284468519937 -0.6855469207678447 0
    outer loop
      vertex 50.74041095376015 14.445316277444363 0.901
      vertex 50.99805071204901 14.718921288847923 0.901
      vertex 50.99805071204901 14.718921288847923 1.5
    endloop
  endfacet
  facet normal -0.4380072467909421 -0.898971441013906 0
    outer loop
      vertex 52.046668134629726 12.60798142105341 0.901
      vertex 52.15641384571791 12.554509848356247 0.901
      vertex 52.15641384571791 12.554509848356247 1.5
    endloop
  endfacet
  facet normal -0.3548697005618125 -0.9349157692664989 0
    outer loop
      vertex 52.15641384571791 12.554509848356247 0.901
      vertex 52.306708835065365 12.497461780905724 0.901
      vertex 52.306708835065365 12.497461780905724 1.5
    endloop
  endfacet
  facet normal -0.9542044747851283 -0.29915517762532107 0
    outer loop
      vertex 51.754430152475834 12.91206581890583 0.901
      vertex 51.754430152475834 12.91206581890583 1.5
      vertex 51.712681874632835 13.04522879421711 0.901
    endloop
  endfacet
  facet normal -0.99567054333849 -0.09295251006850644 0
    outer loop
      vertex 51.712681874632835 13.04522879421711 0.901
      vertex 51.712681874632835 13.04522879421711 1.5
      vertex 51.69876577705145 13.194292530417442 0.901
    endloop
  endfacet
  facet normal -0.9962876046293472 0.08608721659989642 0
    outer loop
      vertex 51.69876577705145 13.194292530417442 0.901
      vertex 51.69876577705145 13.194292530417442 1.5
      vertex 51.712881214916706 13.35765053331852 0.901
    endloop
  endfacet
  facet normal -0.9615447528270681 0.27464829930427825 0
    outer loop
      vertex 51.712881214916706 13.35765053331852 0.901
      vertex 51.712881214916706 13.35765053331852 1.5
      vertex 51.75522753596306 13.505905166268349 0.901
    endloop
  endfacet
  facet normal -0.8835535621901582 0.46833012153937115 0
    outer loop
      vertex 51.75522753596306 13.505905166268349 0.901
      vertex 51.75522753596306 13.505905166268349 1.5
      vertex 51.825804740190506 13.639056414365768 0.901
    endloop
  endfacet
  facet normal -0.8599962774110098 -0.5103003065247026 0
    outer loop
      vertex 51.754430152475834 12.91206581890583 0.901
      vertex 51.824010625481606 12.794803597033024 0.901
      vertex 51.824010625481606 12.794803597033024 1.5
    endloop
  endfacet
  facet normal -0.7210117656303762 -0.6929228195279524 0
    outer loop
      vertex 51.824010625481606 12.794803597033024 0.901
      vertex 51.92142328619957 12.69344212859869 0.901
      vertex 51.92142328619957 12.69344212859869 1.5
    endloop
  endfacet
  facet normal -0.5636361557467142 -0.8260231739697534 0
    outer loop
      vertex 51.92142328619957 12.69344212859869 0.901
      vertex 52.046668134629726 12.60798142105341 0.901
      vertex 52.046668134629726 12.60798142105341 1.5
    endloop
  endfacet
  facet normal -0.30275645867769185 -0.9530679549376021 0
    outer loop
      vertex 52.306708835065365 12.497461780905724 0.901
      vertex 52.4975531026721 12.436837211251259 0.901
      vertex 52.4975531026721 12.436837211251259 1.5
    endloop
  endfacet
  facet normal -0.2673542359505874 -0.9635983149213563 0
    outer loop
      vertex 52.4975531026721 12.436837211251259 0.901
      vertex 52.72894664853811 12.372636139392853 0.901
      vertex 52.72894664853811 12.372636139392853 1.5
    endloop
  endfacet
  facet normal -0.24183656863118883 -0.9703169966937054 0
    outer loop
      vertex 52.72894664853811 12.372636139392853 0.901
      vertex 53.00088946521282 12.304858580231667 0.901
      vertex 53.00088946521282 12.304858580231667 1.5
    endloop
  endfacet
  facet normal -0.7668302537157488 0.641849952859888 0
    outer loop
      vertex 51.825804740190506 13.639056414365768 0.901
      vertex 51.825804740190506 13.639056414365768 1.5
      vertex 51.92461282014847 13.75710429251194 0.901
    endloop
  endfacet
  facet normal -0.6295803513683249 0.7769353777315953 0
    outer loop
      vertex 51.92461282014847 13.75710429251194 0.901
      vertex 51.92461282014847 13.75710429251194 1.5
      vertex 52.051651775836945 13.860048800706863 0.901
    endloop
  endfacet
  facet normal -0.49502082469550385 0.8688811098866077 0
    outer loop
      vertex 52.051651775836945 13.860048800706863 0.901
      vertex 52.051651775836945 13.860048800706863 1.5
      vertex 52.202345460653305 13.945902332663536 0.901
    endloop
  endfacet
  facet normal -0.3660262486158874 0.9306045268126416 0
    outer loop
      vertex 52.202345460653305 13.945902332663536 0.901
      vertex 52.202345460653305 13.945902332663536 1.5
      vertex 52.37211770564318 14.012677311897278 0.901
    endloop
  endfacet
  facet normal 0.5990784004130932 -0.8006903709665113 0
    outer loop
      vertex 50.99805071204901 14.718921288847923 0.901
      vertex 51.31115256994963 14.953184828162193 0.901
      vertex 51.31115256994963 14.953184828162193 1.5
    endloop
  endfacet
  facet normal 0.4449042935822537 -0.8955781202955305 0
    outer loop
      vertex 51.31115256994963 14.953184828162193 0.901
      vertex 51.67792534828186 15.135389797389507 0.901
      vertex 51.67792534828186 15.135389797389507 1.5
    endloop
  endfacet
  facet normal 0.2957025366443443 -0.955280068787212 0
    outer loop
      vertex 51.67792534828186 15.135389797389507 0.901
      vertex 52.09836904704571 15.265536203980446 0.901
      vertex 52.09836904704571 15.265536203980446 1.5
    endloop
  endfacet
  facet normal -0.2448721622106499 0.9695553744754765 0
    outer loop
      vertex 52.37211770564318 14.012677311897278 0.901
      vertex 52.37211770564318 14.012677311897278 1.5
      vertex 52.56096851080656 14.060373716056347 0.901
    endloop
  endfacet
  facet normal -0.13634718773084054 0.9906611148106556 0
    outer loop
      vertex 52.56096851080656 14.060373716056347 0.901
      vertex 52.56096851080656 14.060373716056347 1.5
      vertex 52.768897883594036 14.088991560041904 0.901
    endloop
  endfacet
  facet normal -0.04198475412485945 0.9991182514703028 0
    outer loop
      vertex 52.768897883594036 14.088991560041904 0.901
      vertex 52.768897883594036 14.088991560041904 1.5
      vertex 52.995905824005604 14.09853084385395 0.901
    endloop
  endfacet
  facet normal 0.03572454174658455 0.9993616748289863 0
    outer loop
      vertex 52.995905824005604 14.09853084385395 0.901
      vertex 52.995905824005604 14.09853084385395 1.5
      vertex 53.20166291296482 14.091175571084023 0.901
    endloop
  endfacet
  facet normal 0.11426627396654782 0.9934501591090525 0
    outer loop
      vertex 53.20166291296482 14.091175571084023 0.901
      vertex 53.20166291296482 14.091175571084023 1.5
      vertex 53.39350683987141 14.069109752774239 0.901
    endloop
  endfacet
  facet normal 0.20241085678034706 0.9793006918497739 0
    outer loop
      vertex 53.39350683987141 14.069109752774239 0.901
      vertex 53.39350683987141 14.069109752774239 1.5
      vertex 53.57143760472536 14.032333388924599 0.901
    endloop
  endfacet
  facet normal 0.16251297224070974 -0.9867064071209279 0
    outer loop
      vertex 52.09836904704571 15.265536203980446 0.901
      vertex 52.57248366624117 15.343624047935009 0.901
      vertex 52.57248366624117 15.343624047935009 1.5
    endloop
  endfacet
  facet normal 0.049258060024135256 -0.9987860849664749 0
    outer loop
      vertex 52.57248366624117 15.343624047935009 0.901
      vertex 53.100269198417664 15.369653336703777 0.901
      vertex 53.100269198417664 15.369653336703777 1.5
    endloop
  endfacet
  facet normal -0.05447548446727794 -0.9985151083444133 0
    outer loop
      vertex 53.100269198417664 15.369653336703777 0.901
      vertex 53.549864284694195 15.345125004649162 0.901
      vertex 53.549864284694195 15.345125004649162 1.5
    endloop
  endfacet
  facet normal -0.2923826978870328 0.9563013949463317 0
    outer loop
      vertex 54.25427897274494 7.750540442764759 0.901
      vertex 54.25427897274494 7.750540442764759 1.5
      vertex 54.68814919888973 7.883193336427212 0.901
    endloop
  endfacet
  facet normal -0.43614208201249854 0.8998778163160837 0
    outer loop
      vertex 54.68814919888973 7.883193336427212 0.901
      vertex 54.68814919888973 7.883193336427212 1.5
      vertex 55.0713269636035 8.068907380104065 0.901
    endloop
  endfacet
  facet normal 0.13432108900931172 -0.9909378613451766 0
    outer loop
      vertex 53.575594551861286 8.911166742444038 0.901
      vertex 53.75153185427189 8.935014948248863 0.901
      vertex 53.75153185427189 8.935014948248863 1.5
    endloop
  endfacet
  facet normal 0.20472295324866055 -0.9788199591411827 0
    outer loop
      vertex 53.75153185427189 8.935014948248863 0.901
      vertex 53.91116385161877 8.968402430415154 0.901
      vertex 53.91116385161877 8.968402430415154 1.5
    endloop
  endfacet
  facet normal 0.2869110248781619 -0.9579572348509942 0
    outer loop
      vertex 53.91116385161877 8.968402430415154 0.901
      vertex 54.05449053645134 9.01132919639349 0.901
      vertex 54.05449053645134 9.01132919639349 1.5
    endloop
  endfacet
  facet normal 0.42092039735682213 -0.907097579695247 0
    outer loop
      vertex 54.05449053645134 9.01132919639349 0.901
      vertex 54.28529776632786 9.118430651724339 0.901
      vertex 54.28529776632786 9.118430651724339 1.5
    endloop
  endfacet
  facet normal 0.6108261559929137 -0.7917647423034954 0
    outer loop
      vertex 54.28529776632786 9.118430651724339 0.901
      vertex 54.46481449902058 9.256923198699951 0.901
      vertex 54.46481449902058 9.256923198699951 1.5
    endloop
  endfacet
  facet normal 0.7981616552570147 -0.602443335158903 0
    outer loop
      vertex 54.46481449902058 9.256923198699951 0.901
      vertex 54.593040741980076 9.426806844770908 0.901
      vertex 54.593040741980076 9.426806844770908 1.5
    endloop
  endfacet
  facet normal 0.9340862640239893 -0.3570474077229886 0
    outer loop
      vertex 54.593040741980076 9.426806844770908 0.901
      vertex 54.669976487755775 9.62808158248663 0.901
      vertex 54.669976487755775 9.62808158248663 1.5
    endloop
  endfacet
  facet normal -0.5833160797272877 0.8122452530680548 0
    outer loop
      vertex 55.0713269636035 8.068907380104065 0.901
      vertex 55.0713269636035 8.068907380104065 1.5
      vertex 55.403812266886234 8.3076825812459 0.901
    endloop
  endfacet
  facet normal -0.7103094068696799 0.7038895840346294 0
    outer loop
      vertex 55.403812266886234 8.3076825812459 0.901
      vertex 55.403812266886234 8.3076825812459 1.5
      vertex 55.68023743480444 8.586628884077072 0.901
    endloop
  endfacet
  facet normal -0.8183780529450336 0.5746802262631765 0
    outer loop
      vertex 55.68023743480444 8.586628884077072 0.901
      vertex 55.68023743480444 8.586628884077072 1.5
      vertex 55.895234785974026 8.892797611653805 0.901
    endloop
  endfacet
  facet normal -0.9082735251810278 0.4183768677343778 0
    outer loop
      vertex 55.895234785974026 8.892797611653805 0.901
      vertex 55.895234785974026 8.892797611653805 1.5
      vertex 56.04880432784557 9.226188771426678 0.901
    endloop
  endfacet
  facet normal 0.3245638090661673 0.9458638030099579 0
    outer loop
      vertex 53.86525861918926 10.63844220340252 0.901
      vertex 53.86525861918926 10.63844220340252 1.5
      vertex 54.06504413485527 10.569887779653072 0.901
    endloop
  endfacet
  facet normal 0.38908686734022907 0.9212010690741554 0
    outer loop
      vertex 54.06504413485527 10.569887779653072 0.901
      vertex 54.06504413485527 10.569887779653072 1.5
      vertex 54.23580724745989 10.497762717306614 0.901
    endloop
  endfacet
  facet normal 0.9939801841851418 -0.10955999930299189 0
    outer loop
      vertex 54.669976487755775 9.62808158248663 0.901
      vertex 54.695621736347675 9.860747419297695 0.901
      vertex 54.695621736347675 9.860747419297695 1.5
    endloop
  endfacet
  facet normal 0.9958068881804831 0.09148027903489665 0
    outer loop
      vertex 54.695621736347675 9.860747419297695 0.901
      vertex 54.68289878219366 9.999242901802063 0.901
      vertex 54.68289878219366 9.999242901802063 1.5
    endloop
  endfacet
  facet normal 0.9566530137678367 0.2912301688508857 0
    outer loop
      vertex 54.6447299271822 10.124622598290443 0.901
      vertex 54.6447299271822 10.124622598290443 1.5
      vertex 54.68289878219366 9.999242901802063 0.901
    endloop
  endfacet
  facet normal 0.6006809726547058 0.7994888173643185 0
    outer loop
      vertex 54.37754795700312 10.422067023813725 0.901
      vertex 54.37754795700312 10.422067023813725 1.5
      vertex 54.492054514586926 10.336034663021564 0.901
    endloop
  endfacet
  facet normal 0.7439380149501799 0.6682486288141458 0
    outer loop
      vertex 54.581115171313286 10.236886523663998 0.901
      vertex 54.492054514586926 10.336034663021564 0.901
      vertex 54.492054514586926 10.336034663021564 1.5
    endloop
  endfacet
  facet normal 0.4710758167626643 0.8820927246391893 0
    outer loop
      vertex 54.23580724745989 10.497762717306614 0.901
      vertex 54.23580724745989 10.497762717306614 1.5
      vertex 54.37754795700312 10.422067023813725 0.901
    endloop
  endfacet
  facet normal 0.870027067354407 0.493003957459461 0
    outer loop
      vertex 54.581115171313286 10.236886523663998 0.901
      vertex 54.581115171313286 10.236886523663998 1.5
      vertex 54.6447299271822 10.124622598290443 0.901
    endloop
  endfacet
  facet normal 0.2732052954619969 0.9619557508178445 0
    outer loop
      vertex 53.636450707912445 10.703425996005535 0.901
      vertex 53.636450707912445 10.703425996005535 1.5
      vertex 53.86525861918926 10.63844220340252 0.901
    endloop
  endfacet
  facet normal -0.9157716945096201 -0.4016991455492268 0
    outer loop
      vertex 56.0666985437274 10.683769918978214 0.901
      vertex 56.0666985437274 10.683769918978214 1.5
      vertex 55.935496769845486 10.982876531779766 0.901
    endloop
  endfacet
  facet normal -0.818954736776411 -0.5738581175791447 0
    outer loop
      vertex 55.75181429833174 11.245010368525982 0.901
      vertex 55.935496769845486 10.982876531779766 0.901
      vertex 55.935496769845486 10.982876531779766 1.5
    endloop
  endfacet
  facet normal -0.6900467646247397 -0.7237647840499902 0
    outer loop
      vertex 55.51565111428499 11.470171421766281 0.901
      vertex 55.75181429833174 11.245010368525982 0.901
      vertex 55.75181429833174 11.245010368525982 1.5
    endloop
  endfacet
  facet normal -0.5677603512669048 -0.8231938918197104 0
    outer loop
      vertex 55.51565111428499 11.470171421766281 0.901
      vertex 55.51565111428499 11.470171421766281 1.5
      vertex 55.330373868346214 11.59795793145895 0.901
    endloop
  endfacet
  facet normal -0.9688725079350017 0.2475602216991659 0
    outer loop
      vertex 56.04880432784557 9.226188771426678 0.901
      vertex 56.04880432784557 9.226188771426678 1.5
      vertex 56.14094604551792 9.58680234849453 0.901
    endloop
  endfacet
  facet normal -0.9968789049657037 0.07894586014718802 0
    outer loop
      vertex 56.14094604551792 9.58680234849453 0.901
      vertex 56.14094604551792 9.58680234849453 1.5
      vertex 56.17165995389223 9.974638357758522 0.901
    endloop
  endfacet
  facet normal -0.9975353107613539 -0.0701662581605229 0
    outer loop
      vertex 56.14541960507631 10.347690522670746 0.901
      vertex 56.17165995389223 9.974638357758522 0.901
      vertex 56.17165995389223 9.974638357758522 1.5
    endloop
  endfacet
  facet normal -0.9736469053158073 -0.22806074578706256 0
    outer loop
      vertex 56.14541960507631 10.347690522670746 0.901
      vertex 56.14541960507631 10.347690522670746 1.5
      vertex 56.0666985437274 10.683769918978214 0.901
    endloop
  endfacet
  facet normal -0.23343914421815984 -0.9723714135795504 0
    outer loop
      vertex 53.00088946521282 12.304858580231667 0.901
      vertex 54.26321728527546 12.001809023320675 0.901
      vertex 54.26321728527546 12.001809023320675 1.5
    endloop
  endfacet
  facet normal -0.25961230354035836 -0.9657129241397098 0
    outer loop
      vertex 54.26321728527546 12.001809023320675 0.901
      vertex 54.57891357690096 11.916940487921238 0.901
      vertex 54.57891357690096 11.916940487921238 1.5
    endloop
  endfacet
  facet normal -0.3199428007419676 -0.9474368602990838 0
    outer loop
      vertex 54.57891357690096 11.916940487921238 0.901
      vertex 54.8620050996542 11.821342460811138 0.901
      vertex 54.8620050996542 11.821342460811138 1.5
    endloop
  endfacet
  facet normal 0.9898324288186865 0.1422384014916506 0
    outer loop
      vertex 54.462050043046474 12.975305333733559 0.901
      vertex 54.426255747675896 13.224396675825119 0.901
      vertex 54.426255747675896 13.224396675825119 1.5
    endloop
  endfacet
  facet normal 0.9450950323962322 0.32679562380785476 0
    outer loop
      vertex 54.426255747675896 13.224396675825119 0.901
      vertex 54.350709564983845 13.44287671893835 0.901
      vertex 54.350709564983845 13.44287671893835 1.5
    endloop
  endfacet
  facet normal -0.3907379591779003 -0.9205019539672307 0
    outer loop
      vertex 54.8620050996542 11.821342460811138 0.901
      vertex 55.11249186843634 11.715014941990376 0.901
      vertex 55.11249186843634 11.715014941990376 1.5
    endloop
  endfacet
  facet normal -0.4732719447456828 -0.8809163787310571 0
    outer loop
      vertex 55.11249186843634 11.715014941990376 0.901
      vertex 55.330373868346214 11.59795793145895 0.901
      vertex 55.330373868346214 11.59795793145895 1.5
    endloop
  endfacet
  facet normal 0 1 0
    outer loop
      vertex 54.462050043046474 12.975305333733559 0.901
      vertex 54.462050043046474 12.975305333733559 1.5
      vertex 55.93310461938381 12.975305333733559 0.901
    endloop
  endfacet
  facet normal -0.9944678747183354 -0.10504116408911755 0
    outer loop
      vertex 55.93310461938381 12.975305333733559 0.901
      vertex 55.93310461938381 12.975305333733559 1.5
      vertex 55.88610298931599 13.4202890843153 0.901
    endloop
  endfacet
  facet normal -0.9647817435103173 -0.2630516819736994 0
    outer loop
      vertex 55.88610298931599 13.4202890843153 0.901
      vertex 55.88610298931599 13.4202890843153 1.5
      vertex 55.7768761664629 13.820894941687584 0.901
    endloop
  endfacet
  facet normal 0.2995010973299088 0.9540959557079051 0
    outer loop
      vertex 53.57143760472536 14.032333388924599 0.901
      vertex 53.57143760472536 14.032333388924599 1.5
      vertex 53.735455207526684 13.980846479535103 0.901
    endloop
  endfacet
  facet normal 0.40351218615142825 0.9149742704728342 0
    outer loop
      vertex 53.735455207526684 13.980846479535103 0.901
      vertex 53.735455207526684 13.980846479535103 1.5
      vertex 53.885559640824795 13.914649024605751 0.901
    endloop
  endfacet
  facet normal 0.7120869809549624 0.702091255859555 0
    outer loop
      vertex 54.080361507833004 13.788002893328667 0.901
      vertex 54.080361507833004 13.788002893328667 1.5
      vertex 54.23541148751974 13.630745455622673 0.901
    endloop
  endfacet
  facet normal 0.5450637379888925 0.8383946096734973 0
    outer loop
      vertex 54.080361507833004 13.788002893328667 0.901
      vertex 53.885559640824795 13.914649024605751 0.901
      vertex 53.885559640824795 13.914649024605751 1.5
    endloop
  endfacet
  facet normal 0.8522924143319233 0.5230656177500687 0
    outer loop
      vertex 54.23541148751974 13.630745455622673 0.901
      vertex 54.23541148751974 13.630745455622673 1.5
      vertex 54.350709564983845 13.44287671893835 0.901
    endloop
  endfacet
  facet normal -0.17163983735986693 -0.98515976685565 0
    outer loop
      vertex 53.549864284694195 15.345125004649162 0.901
      vertex 53.97221935540438 15.271540030837059 0.901
      vertex 53.97221935540438 15.271540030837059 1.5
    endloop
  endfacet
  facet normal -0.29644266452251616 -0.9550506513535243 0
    outer loop
      vertex 53.97221935540438 15.271540030837059 0.901
      vertex 54.36733441799879 15.148898407816887 0.901
      vertex 54.36733441799879 15.148898407816887 1.5
    endloop
  endfacet
  facet normal -0.4229325158172838 -0.906161181614211 0
    outer loop
      vertex 54.36733441799879 15.148898407816887 0.901
      vertex 54.735209457576275 14.977200128138065 0.901
      vertex 54.735209457576275 14.977200128138065 1.5
    endloop
  endfacet
  facet normal -0.9010660674974236 -0.4336818442184646 0
    outer loop
      vertex 55.605424135923386 14.177122920751572 0.901
      vertex 55.7768761664629 13.820894941687584 0.901
      vertex 55.7768761664629 13.820894941687584 1.5
    endloop
  endfacet
  facet normal -0.8002590081597561 -0.5996545004076624 0
    outer loop
      vertex 55.37174691259861 14.488972999155521 0.901
      vertex 55.605424135923386 14.177122920751572 0.901
      vertex 55.605424135923386 14.177122920751572 1.5
    endloop
  endfacet
  facet normal -0.5438485513871829 -0.839183384698519 0
    outer loop
      vertex 54.735209457576275 14.977200128138065 0.901
      vertex 55.07584448903799 14.756445199251175 0.901
      vertex 55.07584448903799 14.756445199251175 1.5
    endloop
  endfacet
  facet normal -0.670569931967682 -0.7418463225903721 0
    outer loop
      vertex 55.07584448903799 14.756445199251175 0.901
      vertex 55.37174691259861 14.488972999155521 0.901
      vertex 55.37174691259861 14.488972999155521 1.5
    endloop
  endfacet
  facet normal -0.06085427695217158 0.9981466610556929 0
    outer loop
      vertex 39.3780709952116 7.660380452871323 0.901
      vertex 38.88544946908951 7.630346663296223 1.5
      vertex 39.3780709952116 7.660380452871323 1.5
    endloop
  endfacet
  facet normal -0.19382591111886707 0.981035940309498 0
    outer loop
      vertex 39.83411256968975 7.750481814146042 0.901
      vertex 39.3780709952116 7.660380452871323 1.5
      vertex 39.83411256968975 7.750481814146042 1.5
    endloop
  endfacet
  facet normal -0.33705532083243256 0.9414848435840834 0
    outer loop
      vertex 40.25357419997454 7.90065074712038 0.901
      vertex 39.83411256968975 7.750481814146042 1.5
      vertex 40.25357419997454 7.90065074712038 1.5
    endloop
  endfacet
  facet normal 0.22317438632945194 -0.9747785355076672 0
    outer loop
      vertex 39.172313906252384 8.974136553704739 0.901
      vertex 39.44842832535505 9.037352621555328 1.5
      vertex 39.172313906252384 8.974136553704739 1.5
    endloop
  endfacet
  facet normal 0.39437614705950935 -0.9189491033950119 0
    outer loop
      vertex 39.44842832535505 9.037352621555328 0.901
      vertex 39.69393144547939 9.142712727189064 1.5
      vertex 39.44842832535505 9.037352621555328 1.5
    endloop
  endfacet
  facet normal 0.5659191024193109 -0.824460775002014 0
    outer loop
      vertex 39.69393144547939 9.142712727189064 0.901
      vertex 39.908823266625404 9.290216878056526 1.5
      vertex 39.69393144547939 9.142712727189064 1.5
    endloop
  endfacet
  facet normal 0.7171832739879319 -0.6968846041576404 0
    outer loop
      vertex 39.908823266625404 9.290216878056526 0.901
      vertex 40.093103781342506 9.479865066707134 1.5
      vertex 39.908823266625404 9.290216878056526 1.5
    endloop
  endfacet
  facet normal 0.8098828339775892 -0.5865916767466349 0
    outer loop
      vertex 40.093103781342506 9.479865066707134 0.901
      vertex 40.1833781003952 9.604503080248833 1.5
      vertex 40.093103781342506 9.479865066707134 1.5
    endloop
  endfacet
  facet normal 0.8689212578852402 -0.4949503486160321 0
    outer loop
      vertex 40.1833781003952 9.604503080248833 0.901
      vertex 40.26728508621454 9.751807883381844 1.5
      vertex 40.1833781003952 9.604503080248833 1.5
    endloop
  endfacet
  facet normal -0.4813062368012791 0.8765525120699792 0
    outer loop
      vertex 40.6364558711648 8.110887251794338 0.901
      vertex 40.25357419997454 7.90065074712038 1.5
      vertex 40.6364558711648 8.110887251794338 1.5
    endloop
  endfacet
  facet normal -0.6152988769795822 0.7882939121848302 0
    outer loop
      vertex 40.9827575981617 8.381191335618496 0.901
      vertex 40.6364558711648 8.110887251794338 1.5
      vertex 40.9827575981617 8.381191335618496 1.5
    endloop
  endfacet
  facet normal -0.7260342325064982 0.6876585586093582 0
    outer loop
      vertex 41.28412737697363 8.699379444122314 0.901
      vertex 40.9827575981617 8.381191335618496 1.5
      vertex 41.28412737697363 8.699379444122314 1.5
    endloop
  endfacet
  facet normal 0.9098013920309947 -0.41504388570181866 0
    outer loop
      vertex 40.26728508621454 9.751807883381844 0.901
      vertex 40.344824723899364 9.921779476106167 1.5
      vertex 40.26728508621454 9.751807883381844 1.5
    endloop
  endfacet
  facet normal 0.9380263726581662 -0.34656388184252973 0
    outer loop
      vertex 40.344824723899364 9.921779476106167 0.901
      vertex 40.41599703580141 10.114417858421803 1.5
      vertex 40.344824723899364 9.921779476106167 1.5
    endloop
  endfacet
  facet normal 0.9575646538916699 -0.288218551827127 0
    outer loop
      vertex 40.41599703580141 10.114417858421803 0.901
      vertex 40.48080199956894 10.32972302287817 1.5
      vertex 40.41599703580141 10.114417858421803 1.5
    endloop
  endfacet
  facet normal 0 -1 0
    outer loop
      vertex 40.48080199956894 10.32972302287817 0.901
      vertex 41.99663608521223 10.32972302287817 1.5
      vertex 40.48080199956894 10.32972302287817 1.5
    endloop
  endfacet
  facet normal -0.8145454384870604 0.5800997574899704 0
    outer loop
      vertex 41.53620011359453 9.053326666355133 0.901
      vertex 41.28412737697363 8.699379444122314 1.5
      vertex 41.53620011359453 9.053326666355133 1.5
    endloop
  endfacet
  facet normal -0.8870971357366131 0.4615827897223824 0
    outer loop
      vertex 41.738975808024406 9.443033002316952 0.901
      vertex 41.53620011359453 9.053326666355133 1.5
      vertex 41.738975808024406 9.443033002316952 1.5
    endloop
  endfacet
  facet normal 1 0 0
    outer loop
      vertex 43.15504026412964 7.832037687301636 0.901
      vertex 43.15504026412964 10.574912464050577 1.5
      vertex 43.15504026412964 7.832037687301636 1.5
    endloop
  endfacet
  facet normal -0.940668011671485 0.33932829504480605 0
    outer loop
      vertex 41.89245446771383 9.86849845200777 0.901
      vertex 41.738975808024406 9.443033002316952 1.5
      vertex 41.89245446771383 9.86849845200777 1.5
    endloop
  endfacet
  facet normal -0.9754254899253305 0.22032955680963257 0
    outer loop
      vertex 41.99663608521223 10.32972302287817 0.901
      vertex 41.89245446771383 9.86849845200777 1.5
      vertex 41.99663608521223 10.32972302287817 1.5
    endloop
  endfacet
  facet normal 0.7941848497563772 0.6076762496736571 0
    outer loop
      vertex 40.18813894689083 13.39115821570158 0.901
      vertex 40.098087422549725 13.508848443627357 1.5
      vertex 40.18813894689083 13.39115821570158 1.5
    endloop
  endfacet
  facet normal 0.9539165914003864 0.30007188580583194 0
    outer loop
      vertex 40.48080199956894 12.713664002716541 0.901
      vertex 40.41776769608259 12.914047546684742 1.5
      vertex 40.48080199956894 12.713664002716541 1.5
    endloop
  endfacet
  facet normal 0.9321774988319033 0.36200153407340263 0
    outer loop
      vertex 40.41776769608259 12.914047546684742 0.901
      vertex 40.347979083657265 13.093757763504982 1.5
      vertex 40.41776769608259 12.914047546684742 1.5
    endloop
  endfacet
  facet normal 0.9010689729652208 0.4336758074407682 0
    outer loop
      vertex 40.347979083657265 13.093757763504982 0.901
      vertex 40.27143616229296 13.252794653177261 1.5
      vertex 40.347979083657265 13.093757763504982 1.5
    endloop
  endfacet
  facet normal 0.8567296248474858 0.5157657897812593 0
    outer loop
      vertex 40.27143616229296 13.252794653177261 0.901
      vertex 40.18813894689083 13.39115821570158 1.5
      vertex 40.27143616229296 13.252794653177261 1.5
    endloop
  endfacet
  facet normal 0.061071739743612144 0.9981333791656747 0
    outer loop
      vertex 39.172513246536255 13.966874681413174 0.901
      vertex 38.86060453206301 13.985959112644196 1.5
      vertex 39.172513246536255 13.966874681413174 1.5
    endloop
  endfacet
  facet normal 0.20053532906926888 0.9796864711707925 0
    outer loop
      vertex 39.452215895056725 13.90962140262127 0.901
      vertex 39.172513246536255 13.966874681413174 1.5
      vertex 39.452215895056725 13.90962140262127 1.5
    endloop
  endfacet
  facet normal 0.527255699811482 0.8497066711614688 0
    outer loop
      vertex 39.91500298678875 13.680608287453651 0.901
      vertex 39.699712477624416 13.814199268817902 1.5
      vertex 39.91500298678875 13.680608287453651 1.5
    endloop
  endfacet
  facet normal 0.3597380593763003 0.9330533364369763 0
    outer loop
      vertex 39.699712477624416 13.814199268817902 0.901
      vertex 39.452215895056725 13.90962140262127 1.5
      vertex 39.699712477624416 13.814199268817902 1.5
    endloop
  endfacet
  facet normal 0.6841916501263007 0.7293022596272755 0
    outer loop
      vertex 40.098087422549725 13.508848443627357 0.901
      vertex 39.91500298678875 13.680608287453651 1.5
      vertex 40.098087422549725 13.508848443627357 1.5
    endloop
  endfacet
  facet normal -0.06923495736830684 -0.9976003812540414 0
    outer loop
      vertex 38.80094737559557 15.294605508446693 0.901
      vertex 39.50070382654667 15.246041364967823 1.5
      vertex 38.80094737559557 15.294605508446693 1.5
    endloop
  endfacet
  facet normal -0.2286725832152772 -0.9735033896631548 0
    outer loop
      vertex 39.50070382654667 15.246041364967823 0.901
      vertex 40.1209447607398 15.10034891217947 1.5
      vertex 39.50070382654667 15.246041364967823 1.5
    endloop
  endfacet
  facet normal -0.7532153871804952 -0.6577739585256751 0
    outer loop
      vertex 41.12288009375334 14.5175791233778 0.901
      vertex 41.50457449257374 14.080501779913902 1.5
      vertex 41.12288009375334 14.5175791233778 1.5
    endloop
  endfacet
  facet normal -0.5933236433790163 -0.8049640080198928 0
    outer loop
      vertex 40.66167018562555 14.857528164982796 0.901
      vertex 41.12288009375334 14.5175791233778 1.5
      vertex 40.66167018562555 14.857528164982796 1.5
    endloop
  endfacet
  facet normal -0.4096550811167423 -0.9122404916003429 0
    outer loop
      vertex 40.1209447607398 15.10034891217947 0.901
      vertex 40.66167018562555 14.857528164982796 1.5
      vertex 40.1209447607398 15.10034891217947 1.5
    endloop
  endfacet
  facet normal 0 1 0
    outer loop
      vertex 42.011513732373714 12.713664002716541 0.901
      vertex 40.48080199956894 12.713664002716541 1.5
      vertex 42.011513732373714 12.713664002716541 1.5
    endloop
  endfacet
  facet normal -0.9934970444419026 -0.1138579056772269 0
    outer loop
      vertex 41.980096250772476 12.987805485725403 0.901
      vertex 42.011513732373714 12.713664002716541 1.5
      vertex 41.980096250772476 12.987805485725403 1.5
    endloop
  endfacet
  facet normal -0.9718192638497369 -0.23572721185844359 0
    outer loop
      vertex 41.91369358450174 13.261560007929802 0.901
      vertex 41.980096250772476 12.987805485725403 1.5
      vertex 41.91369358450174 13.261560007929802 1.5
    endloop
  endfacet
  facet normal -0.9375916049574101 -0.34773838199627594 0
    outer loop
      vertex 41.812305741012096 13.534927561879158 0.901
      vertex 41.91369358450174 13.261560007929802 1.5
      vertex 41.812305741012096 13.534927561879158 1.5
    endloop
  endfacet
  facet normal -0.8945808478672552 -0.44690614968816755 0
    outer loop
      vertex 41.675932705402374 13.807908155024052 0.901
      vertex 41.812305741012096 13.534927561879158 1.5
      vertex 41.675932705402374 13.807908155024052 1.5
    endloop
  endfacet
  facet normal -0.8466174497516431 -0.5322019295117446 0
    outer loop
      vertex 41.50457449257374 14.080501779913902 0.901
      vertex 41.675932705402374 13.807908155024052 1.5
      vertex 41.50457449257374 14.080501779913902 1.5
    endloop
  endfacet
  facet normal 1 0 0
    outer loop
      vertex 43.15504026412964 15.158581331372261 0.901
      vertex 43.15504026412964 15.158581331372261 1.5
      vertex 43.15504026412964 10.574912464050577 1.5
    endloop
  endfacet
  facet normal 0 -1 0
    outer loop
      vertex 43.15504026412964 15.158581331372261 0.901
      vertex 44.67087435722351 15.158581331372261 1.5
      vertex 43.15504026412964 15.158581331372261 1.5
    endloop
  endfacet
  facet normal 0 1 0
    outer loop
      vertex 44.67087435722351 7.832037687301636 0.901
      vertex 43.15504026412964 7.832037687301636 1.5
      vertex 44.67087435722351 7.832037687301636 1.5
    endloop
  endfacet
  facet normal -1 0 0
    outer loop
      vertex 44.67087435722351 11.101308442652225 0.901
      vertex 44.67087435722351 7.832037687301636 1.5
      vertex 44.67087435722351 11.101308442652225 1.5
    endloop
  endfacet
  facet normal 0 1 0
    outer loop
      vertex 49.05435609072447 7.832037687301636 0.901
      vertex 47.53353835642338 7.832037687301636 1.5
      vertex 49.05435609072447 7.832037687301636 1.5
    endloop
  endfacet
  facet normal 1 0 0
    outer loop
      vertex 47.53353835642338 7.832037687301636 0.901
      vertex 47.53353835642338 11.101308442652225 1.5
      vertex 47.53353835642338 7.832037687301636 1.5
    endloop
  endfacet
  facet normal 0 1 0
    outer loop
      vertex 47.53353835642338 11.101308442652225 0.901
      vertex 44.67087435722351 11.101308442652225 1.5
      vertex 47.53353835642338 11.101308442652225 1.5
    endloop
  endfacet
  facet normal 0 -1 0
    outer loop
      vertex 44.67087435722351 12.363049954175949 0.901
      vertex 47.53353835642338 12.363049954175949 1.5
      vertex 44.67087435722351 12.363049954175949 1.5
    endloop
  endfacet
  facet normal -1 0 0
    outer loop
      vertex 44.67087435722351 15.158581331372261 0.901
      vertex 44.67087435722351 12.363049954175949 1.5
      vertex 44.67087435722351 15.158581331372261 1.5
    endloop
  endfacet
  facet normal 1 0 0
    outer loop
      vertex 47.53353835642338 12.363049954175949 0.901
      vertex 47.53353835642338 15.158581331372261 1.5
      vertex 47.53353835642338 12.363049954175949 1.5
    endloop
  endfacet
  facet normal 0 -1 0
    outer loop
      vertex 47.53353835642338 15.158581331372261 0.901
      vertex 49.05435609072447 15.158581331372261 1.5
      vertex 47.53353835642338 15.158581331372261 1.5
    endloop
  endfacet
  facet normal 0.15523323470149103 0.9878778481391877 0
    outer loop
      vertex 52.686380460858345 7.670564673841 0.901
      vertex 52.18720397353172 7.749004311859608 1.5
      vertex 52.686380460858345 7.670564673841 1.5
    endloop
  endfacet
  facet normal 0.04765144411360923 0.9988640247170221 0
    outer loop
      vertex 53.23446115851402 7.6444181352853775 0.901
      vertex 52.686380460858345 7.670564673841 1.5
      vertex 53.23446115851402 7.6444181352853775 1.5
    endloop
  endfacet
  facet normal -0.04950545387148652 0.998773853300625 0
    outer loop
      vertex 53.769716292619705 7.670948714017868 0.901
      vertex 53.23446115851402 7.6444181352853775 1.5
      vertex 53.769716292619705 7.670948714017868 1.5
    endloop
  endfacet
  facet normal -0.16208284859135963 0.9867771532582776 0
    outer loop
      vertex 54.25427897274494 7.750540442764759 0.901
      vertex 53.769716292619705 7.670948714017868 1.5
      vertex 54.25427897274494 7.750540442764759 1.5
    endloop
  endfacet
  facet normal -1 0 0
    outer loop
      vertex 49.05435609072447 7.832037687301636 0.901
      vertex 49.05435609072447 7.832037687301636 1.5
      vertex 49.05435609072447 12.41570655462332 1.5
    endloop
  endfacet
  facet normal 0.8126557473782999 0.5827440572438441 0
    outer loop
      vertex 50.68788920342922 8.579124100506306 0.901
      vertex 50.458280973136425 8.89932032674551 1.5
      vertex 50.68788920342922 8.579124100506306 1.5
    endloop
  endfacet
  facet normal 0.6895129176902952 0.7242733850820533 0
    outer loop
      vertex 50.98309978097677 8.29808173328638 0.901
      vertex 50.68788920342922 8.579124100506306 1.5
      vertex 50.98309978097677 8.29808173328638 1.5
    endloop
  endfacet
  facet normal 0.9097312732703763 0.41519755591026775 0
    outer loop
      vertex 50.458280973136425 8.89932032674551 0.901
      vertex 50.29427509754896 9.258670404553413 1.5
      vertex 50.458280973136425 8.89932032674551 1.5
    endloop
  endfacet
  facet normal 0.9708391984203583 0.23973162246669977 0
    outer loop
      vertex 50.29427509754896 9.258670404553413 0.901
      vertex 50.19587157666683 9.657174341380596 1.5
      vertex 50.29427509754896 9.258670404553413 1.5
    endloop
  endfacet
  facet normal 0.9972032442096331 0.07473747211260906 0
    outer loop
      vertex 50.19587157666683 9.657174341380596 0.901
      vertex 50.163070403039455 10.094832129776478 1.5
      vertex 50.19587157666683 9.657174341380596 1.5
    endloop
  endfacet
  facet normal 0 -1 0
    outer loop
      vertex 50.163070403039455 10.094832129776478 0.901
      vertex 51.62423098087311 10.094832129776478 1.5
      vertex 50.163070403039455 10.094832129776478 1.5
    endloop
  endfacet
  facet normal 0.6458842838982823 0.7634353226129919 0
    outer loop
      vertex 51.02289564162493 11.5 0.901
      vertex 50.75631170719862 11.725536294281483 1.5
      vertex 51.02289564162493 11.5 1.5
    endloop
  endfacet
  facet normal 0.5067085552371542 0.8621174166257609 0
    outer loop
      vertex 51.226052448153496 11.380594812333584 0.901
      vertex 51.02289564162493 11.5 1.5
      vertex 51.226052448153496 11.380594812333584 1.5
    endloop
  endfacet
  facet normal 0.5552603783360782 0.8316765670920849 0
    outer loop
      vertex 51.33556363731623 8.062762834131718 0.901
      vertex 50.98309978097677 8.29808173328638 1.5
      vertex 51.33556363731623 8.062762834131718 1.5
    endloop
  endfacet
  facet normal 0.4149031713232106 0.9098655716236013 0
    outer loop
      vertex 51.73693169653416 7.87973702698946 0.901
      vertex 51.33556363731623 8.062762834131718 1.5
      vertex 51.73693169653416 7.87973702698946 1.5
    endloop
  endfacet
  facet normal 0.27882692555908306 0.9603413692970171 0
    outer loop
      vertex 52.18720397353172 7.749004311859608 0.901
      vertex 51.73693169653416 7.87973702698946 1.5
      vertex 52.18720397353172 7.749004311859608 1.5
    endloop
  endfacet
  facet normal -0.8930354751959663 -0.44998626650322887 0
    outer loop
      vertex 51.75602785497904 9.583721287548542 0.901
      vertex 51.8214425817132 9.453900277614594 1.5
      vertex 51.75602785497904 9.583721287548542 1.5
    endloop
  endfacet
  facet normal -0.939605736192805 -0.34225876250810167 0
    outer loop
      vertex 51.70135433971882 9.733816929161549 0.901
      vertex 51.75602785497904 9.583721287548542 1.5
      vertex 51.70135433971882 9.733816929161549 1.5
    endloop
  endfacet
  facet normal -0.511202749663587 -0.8594601495918166 0
    outer loop
      vertex 52.067965887486935 9.181538246572018 0.901
      vertex 52.280870109796524 9.054903842508793 1.5
      vertex 52.067965887486935 9.181538246572018 1.5
    endloop
  endfacet
  facet normal -0.3337960810392895 -0.9426453077816768 0
    outer loop
      vertex 52.280870109796524 9.054903842508793 0.901
      vertex 52.53631120175123 8.96445069462061 1.5
      vertex 52.280870109796524 9.054903842508793 1.5
    endloop
  endfacet
  facet normal -0.8210815957236048 -0.5708108383378674 0
    outer loop
      vertex 51.8214425817132 9.453900277614594 0.901
      vertex 51.897598534822464 9.344353914260864 1.5
      vertex 51.8214425817132 9.453900277614594 1.5
    endloop
  endfacet
  facet normal -0.6909025705011224 -0.7229478806075453 0
    outer loop
      vertex 51.897598534822464 9.344353914260864 0.901
      vertex 52.067965887486935 9.181538246572018 1.5
      vertex 51.897598534822464 9.344353914260864 1.5
    endloop
  endfacet
  facet normal -0.17918608595006905 -0.9838151994159748 0
    outer loop
      vertex 52.53631120175123 8.96445069462061 0.901
      vertex 52.83428916335106 8.910178810358047 1.5
      vertex 52.53631120175123 8.96445069462061 1.5
    endloop
  endfacet
  facet normal -0.05305248670311634 -0.9985917252083635 0
    outer loop
      vertex 52.83428916335106 8.910178810358047 0.901
      vertex 53.174804002046585 8.892088174819946 1.5
      vertex 52.83428916335106 8.910178810358047 1.5
    endloop
  endfacet
  facet normal 0.02286476182171276 -0.9997385671598532 0
    outer loop
      vertex 53.174804002046585 8.892088174819946 0.901
      vertex 53.3833519294858 8.89685782045126 1.5
      vertex 53.174804002046585 8.892088174819946 1.5
    endloop
  endfacet
  facet normal 0.07422625433727446 -0.9972414267202593 0
    outer loop
      vertex 53.3833519294858 8.89685782045126 0.901
      vertex 53.575594551861286 8.911166742444038 1.5
      vertex 53.3833519294858 8.89685782045126 1.5
    endloop
  endfacet
  facet normal -0.968324385545263 -0.2496955833778183 0
    outer loop
      vertex 51.6574220508337 9.904187209904194 0.901
      vertex 51.70135433971882 9.733816929161549 1.5
      vertex 51.6574220508337 9.904187209904194 1.5
    endloop
  endfacet
  facet normal -0.9851808305482942 -0.17151889435328477 0
    outer loop
      vertex 51.62423098087311 10.094832129776478 0.901
      vertex 51.6574220508337 9.904187209904194 1.5
      vertex 51.62423098087311 10.094832129776478 1.5
    endloop
  endfacet
  facet normal 0.40745553472438983 0.913225047412992 0
    outer loop
      vertex 51.48567100614309 11.264760255813599 0.901
      vertex 51.226052448153496 11.380594812333584 1.5
      vertex 51.48567100614309 11.264760255813599 1.5
    endloop
  endfacet
  facet normal 0.3346915294362053 0.9423277455979175 0
    outer loop
      vertex 51.8017513230443 11.152496337890625 0.901
      vertex 51.48567100614309 11.264760255813599 1.5
      vertex 51.8017513230443 11.152496337890625 1.5
    endloop
  endfacet
  facet normal 0.28008354246101974 0.959975629504461 0
    outer loop
      vertex 52.1742934063077 11.043803051114082 0.901
      vertex 51.8017513230443 11.152496337890625 1.5
      vertex 52.1742934063077 11.043803051114082 1.5
    endloop
  endfacet
  facet normal 0.23799791637097004 0.9712656648945626 0
    outer loop
      vertex 52.603297241032124 10.938680402934551 0.901
      vertex 52.1742934063077 11.043803051114082 1.5
      vertex 52.603297241032124 10.938680402934551 1.5
    endloop
  endfacet
  facet normal 0.2187856530249602 0.9757729438913756 0
    outer loop
      vertex 53.37862040102482 10.76483915746212 0.901
      vertex 52.603297241032124 10.938680402934551 1.5
      vertex 53.37862040102482 10.76483915746212 1.5
    endloop
  endfacet
  facet normal 0.23170976571303833 0.9727849631204262 0
    outer loop
      vertex 53.636450707912445 10.703425996005535 0.901
      vertex 53.37862040102482 10.76483915746212 1.5
      vertex 53.636450707912445 10.703425996005535 1.5
    endloop
  endfacet
  facet normal 0.9059625035327449 0.4233579362580571 0
    outer loop
      vertex 50.54896865040064 11.996769681572914 0.901
      vertex 50.4008664637804 12.313700146973133 1.5
      vertex 50.54896865040064 11.996769681572914 1.5
    endloop
  endfacet
  facet normal 0.9712635343045589 0.23800661110611365 0
    outer loop
      vertex 50.4008664637804 12.313700146973133 0.901
      vertex 50.31200514733791 12.6763277053833 1.5
      vertex 50.4008664637804 12.313700146973133 1.5
    endloop
  endfacet
  facet normal 0.7944577612304711 0.6073194098830268 0
    outer loop
      vertex 50.75631170719862 11.725536294281483 0.901
      vertex 50.54896865040064 11.996769681572914 1.5
      vertex 50.75631170719862 11.725536294281483 1.5
    endloop
  endfacet
  facet normal 0.9973792120997045 0.0723512769159794 0
    outer loop
      vertex 50.31200514733791 12.6763277053833 0.901
      vertex 50.28238470852375 13.084652356803417 1.5
      vertex 50.31200514733791 12.6763277053833 1.5
    endloop
  endfacet
  facet normal 0.9971759879402777 -0.07510026015488282 0
    outer loop
      vertex 50.28238470852375 13.084652356803417 0.901
      vertex 50.31101135164499 13.464754916727543 1.5
      vertex 50.28238470852375 13.084652356803417 1.5
    endloop
  endfacet
  facet normal -1 0 0
    outer loop
      vertex 49.05435609072447 15.158581331372261 0.901
      vertex 49.05435609072447 12.41570655462332 1.5
      vertex 49.05435609072447 15.158581331372261 1.5
    endloop
  endfacet
  facet normal 0.9717314944687735 -0.23608876012526267 0
    outer loop
      vertex 50.31101135164499 13.464754916727543 0.901
      vertex 50.39689127355814 13.818233095109463 1.5
      vertex 50.31101135164499 13.464754916727543 1.5
    endloop
  endfacet
  facet normal 0.9160186864519727 -0.40113559561674716 0
    outer loop
      vertex 50.39689127355814 13.818233095109463 0.901
      vertex 50.54002447426319 14.145086877048016 1.5
      vertex 50.39689127355814 13.818233095109463 1.5
    endloop
  endfacet
  facet normal 0.8317515526287974 -0.5551480475509076 0
    outer loop
      vertex 50.54002447426319 14.145086877048016 0.901
      vertex 50.74041095376015 14.445316277444363 1.5
      vertex 50.54002447426319 14.145086877048016 1.5
    endloop
  endfacet
  facet normal 0.7280284468519937 -0.6855469207678447 0
    outer loop
      vertex 50.74041095376015 14.445316277444363 0.901
      vertex 50.99805071204901 14.718921288847923 1.5
      vertex 50.74041095376015 14.445316277444363 1.5
    endloop
  endfacet
  facet normal 0.5990784004130932 -0.8006903709665113 0
    outer loop
      vertex 50.99805071204901 14.718921288847923 0.901
      vertex 51.31115256994963 14.953184828162193 1.5
      vertex 50.99805071204901 14.718921288847923 1.5
    endloop
  endfacet
  facet normal -0.4380072467909421 -0.898971441013906 0
    outer loop
      vertex 52.046668134629726 12.60798142105341 0.901
      vertex 52.15641384571791 12.554509848356247 1.5
      vertex 52.046668134629726 12.60798142105341 1.5
    endloop
  endfacet
  facet normal -0.3548697005618125 -0.9349157692664989 0
    outer loop
      vertex 52.15641384571791 12.554509848356247 0.901
      vertex 52.306708835065365 12.497461780905724 1.5
      vertex 52.15641384571791 12.554509848356247 1.5
    endloop
  endfacet
  facet normal -0.30275645867769185 -0.9530679549376021 0
    outer loop
      vertex 52.306708835065365 12.497461780905724 0.901
      vertex 52.4975531026721 12.436837211251259 1.5
      vertex 52.306708835065365 12.497461780905724 1.5
    endloop
  endfacet
  facet normal -0.8599962774110098 -0.5103003065247026 0
    outer loop
      vertex 51.754430152475834 12.91206581890583 0.901
      vertex 51.824010625481606 12.794803597033024 1.5
      vertex 51.754430152475834 12.91206581890583 1.5
    endloop
  endfacet
  facet normal -0.9542044747851283 -0.29915517762532107 0
    outer loop
      vertex 51.712681874632835 13.04522879421711 0.901
      vertex 51.754430152475834 12.91206581890583 1.5
      vertex 51.712681874632835 13.04522879421711 1.5
    endloop
  endfacet
  facet normal -0.99567054333849 -0.09295251006850644 0
    outer loop
      vertex 51.69876577705145 13.194292530417442 0.901
      vertex 51.712681874632835 13.04522879421711 1.5
      vertex 51.69876577705145 13.194292530417442 1.5
    endloop
  endfacet
  facet normal -0.9962876046293472 0.08608721659989642 0
    outer loop
      vertex 51.712881214916706 13.35765053331852 0.901
      vertex 51.69876577705145 13.194292530417442 1.5
      vertex 51.712881214916706 13.35765053331852 1.5
    endloop
  endfacet
  facet normal -0.9615447528270681 0.27464829930427825 0
    outer loop
      vertex 51.75522753596306 13.505905166268349 0.901
      vertex 51.712881214916706 13.35765053331852 1.5
      vertex 51.75522753596306 13.505905166268349 1.5
    endloop
  endfacet
  facet normal -0.7210117656303762 -0.6929228195279524 0
    outer loop
      vertex 51.824010625481606 12.794803597033024 0.901
      vertex 51.92142328619957 12.69344212859869 1.5
      vertex 51.824010625481606 12.794803597033024 1.5
    endloop
  endfacet
  facet normal -0.5636361557467142 -0.8260231739697534 0
    outer loop
      vertex 51.92142328619957 12.69344212859869 0.901
      vertex 52.046668134629726 12.60798142105341 1.5
      vertex 51.92142328619957 12.69344212859869 1.5
    endloop
  endfacet
  facet normal -0.2673542359505874 -0.9635983149213563 0
    outer loop
      vertex 52.4975531026721 12.436837211251259 0.901
      vertex 52.72894664853811 12.372636139392853 1.5
      vertex 52.4975531026721 12.436837211251259 1.5
    endloop
  endfacet
  facet normal -0.24183656863118883 -0.9703169966937054 0
    outer loop
      vertex 52.72894664853811 12.372636139392853 0.901
      vertex 53.00088946521282 12.304858580231667 1.5
      vertex 52.72894664853811 12.372636139392853 1.5
    endloop
  endfacet
  facet normal -0.23343914421815984 -0.9723714135795504 0
    outer loop
      vertex 53.00088946521282 12.304858580231667 0.901
      vertex 54.26321728527546 12.001809023320675 1.5
      vertex 53.00088946521282 12.304858580231667 1.5
    endloop
  endfacet
  facet normal -0.8835535621901582 0.46833012153937115 0
    outer loop
      vertex 51.825804740190506 13.639056414365768 0.901
      vertex 51.75522753596306 13.505905166268349 1.5
      vertex 51.825804740190506 13.639056414365768 1.5
    endloop
  endfacet
  facet normal -0.7668302537157488 0.641849952859888 0
    outer loop
      vertex 51.92461282014847 13.75710429251194 0.901
      vertex 51.825804740190506 13.639056414365768 1.5
      vertex 51.92461282014847 13.75710429251194 1.5
    endloop
  endfacet
  facet normal -0.6295803513683249 0.7769353777315953 0
    outer loop
      vertex 52.051651775836945 13.860048800706863 0.901
      vertex 51.92461282014847 13.75710429251194 1.5
      vertex 52.051651775836945 13.860048800706863 1.5
    endloop
  endfacet
  facet normal -0.49502082469550385 0.8688811098866077 0
    outer loop
      vertex 52.202345460653305 13.945902332663536 0.901
      vertex 52.051651775836945 13.860048800706863 1.5
      vertex 52.202345460653305 13.945902332663536 1.5
    endloop
  endfacet
  facet normal -0.3660262486158874 0.9306045268126416 0
    outer loop
      vertex 52.37211770564318 14.012677311897278 0.901
      vertex 52.202345460653305 13.945902332663536 1.5
      vertex 52.37211770564318 14.012677311897278 1.5
    endloop
  endfacet
  facet normal 0.4449042935822537 -0.8955781202955305 0
    outer loop
      vertex 51.31115256994963 14.953184828162193 0.901
      vertex 51.67792534828186 15.135389797389507 1.5
      vertex 51.31115256994963 14.953184828162193 1.5
    endloop
  endfacet
  facet normal 0.2957025366443443 -0.955280068787212 0
    outer loop
      vertex 51.67792534828186 15.135389797389507 0.901
      vertex 52.09836904704571 15.265536203980446 1.5
      vertex 51.67792534828186 15.135389797389507 1.5
    endloop
  endfacet
  facet normal 0.16251297224070974 -0.9867064071209279 0
    outer loop
      vertex 52.09836904704571 15.265536203980446 0.901
      vertex 52.57248366624117 15.343624047935009 1.5
      vertex 52.09836904704571 15.265536203980446 1.5
    endloop
  endfacet
  facet normal -0.2448721622106499 0.9695553744754765 0
    outer loop
      vertex 52.56096851080656 14.060373716056347 0.901
      vertex 52.37211770564318 14.012677311897278 1.5
      vertex 52.56096851080656 14.060373716056347 1.5
    endloop
  endfacet
  facet normal -0.13634718773084054 0.9906611148106556 0
    outer loop
      vertex 52.768897883594036 14.088991560041904 0.901
      vertex 52.56096851080656 14.060373716056347 1.5
      vertex 52.768897883594036 14.088991560041904 1.5
    endloop
  endfacet
  facet normal -0.04198475412485945 0.9991182514703028 0
    outer loop
      vertex 52.995905824005604 14.09853084385395 0.901
      vertex 52.768897883594036 14.088991560041904 1.5
      vertex 52.995905824005604 14.09853084385395 1.5
    endloop
  endfacet
  facet normal 0.20241085678034706 0.9793006918497739 0
    outer loop
      vertex 53.57143760472536 14.032333388924599 0.901
      vertex 53.39350683987141 14.069109752774239 1.5
      vertex 53.57143760472536 14.032333388924599 1.5
    endloop
  endfacet
  facet normal 0.03572454174658455 0.9993616748289863 0
    outer loop
      vertex 53.20166291296482 14.091175571084023 0.901
      vertex 52.995905824005604 14.09853084385395 1.5
      vertex 53.20166291296482 14.091175571084023 1.5
    endloop
  endfacet
  facet normal 0.11426627396654782 0.9934501591090525 0
    outer loop
      vertex 53.39350683987141 14.069109752774239 0.901
      vertex 53.20166291296482 14.091175571084023 1.5
      vertex 53.39350683987141 14.069109752774239 1.5
    endloop
  endfacet
  facet normal 0.049258060024135256 -0.9987860849664749 0
    outer loop
      vertex 52.57248366624117 15.343624047935009 0.901
      vertex 53.100269198417664 15.369653336703777 1.5
      vertex 52.57248366624117 15.343624047935009 1.5
    endloop
  endfacet
  facet normal -0.05447548446727794 -0.9985151083444133 0
    outer loop
      vertex 53.100269198417664 15.369653336703777 0.901
      vertex 53.549864284694195 15.345125004649162 1.5
      vertex 53.100269198417664 15.369653336703777 1.5
    endloop
  endfacet
  facet normal -0.2923826978870328 0.9563013949463317 0
    outer loop
      vertex 54.68814919888973 7.883193336427212 0.901
      vertex 54.25427897274494 7.750540442764759 1.5
      vertex 54.68814919888973 7.883193336427212 1.5
    endloop
  endfacet
  facet normal 0.13432108900931172 -0.9909378613451766 0
    outer loop
      vertex 53.575594551861286 8.911166742444038 0.901
      vertex 53.75153185427189 8.935014948248863 1.5
      vertex 53.575594551861286 8.911166742444038 1.5
    endloop
  endfacet
  facet normal 0.20472295324866055 -0.9788199591411827 0
    outer loop
      vertex 53.75153185427189 8.935014948248863 0.901
      vertex 53.91116385161877 8.968402430415154 1.5
      vertex 53.75153185427189 8.935014948248863 1.5
    endloop
  endfacet
  facet normal 0.2869110248781619 -0.9579572348509942 0
    outer loop
      vertex 53.91116385161877 8.968402430415154 0.901
      vertex 54.05449053645134 9.01132919639349 1.5
      vertex 53.91116385161877 8.968402430415154 1.5
    endloop
  endfacet
  facet normal 0.42092039735682213 -0.907097579695247 0
    outer loop
      vertex 54.05449053645134 9.01132919639349 0.901
      vertex 54.28529776632786 9.118430651724339 1.5
      vertex 54.05449053645134 9.01132919639349 1.5
    endloop
  endfacet
  facet normal 0.6108261559929137 -0.7917647423034954 0
    outer loop
      vertex 54.28529776632786 9.118430651724339 0.901
      vertex 54.46481449902058 9.256923198699951 1.5
      vertex 54.28529776632786 9.118430651724339 1.5
    endloop
  endfacet
  facet normal 0.7981616552570147 -0.602443335158903 0
    outer loop
      vertex 54.46481449902058 9.256923198699951 0.901
      vertex 54.593040741980076 9.426806844770908 1.5
      vertex 54.46481449902058 9.256923198699951 1.5
    endloop
  endfacet
  facet normal 0.9340862640239893 -0.3570474077229886 0
    outer loop
      vertex 54.593040741980076 9.426806844770908 0.901
      vertex 54.669976487755775 9.62808158248663 1.5
      vertex 54.593040741980076 9.426806844770908 1.5
    endloop
  endfacet
  facet normal -0.43614208201249854 0.8998778163160837 0
    outer loop
      vertex 55.0713269636035 8.068907380104065 0.901
      vertex 54.68814919888973 7.883193336427212 1.5
      vertex 55.0713269636035 8.068907380104065 1.5
    endloop
  endfacet
  facet normal -0.5833160797272877 0.8122452530680548 0
    outer loop
      vertex 55.403812266886234 8.3076825812459 0.901
      vertex 55.0713269636035 8.068907380104065 1.5
      vertex 55.403812266886234 8.3076825812459 1.5
    endloop
  endfacet
  facet normal -0.7103094068696799 0.7038895840346294 0
    outer loop
      vertex 55.68023743480444 8.586628884077072 0.901
      vertex 55.403812266886234 8.3076825812459 1.5
      vertex 55.68023743480444 8.586628884077072 1.5
    endloop
  endfacet
  facet normal -0.8183780529450336 0.5746802262631765 0
    outer loop
      vertex 55.895234785974026 8.892797611653805 0.901
      vertex 55.68023743480444 8.586628884077072 1.5
      vertex 55.895234785974026 8.892797611653805 1.5
    endloop
  endfacet
  facet normal -0.9082735251810278 0.4183768677343778 0
    outer loop
      vertex 56.04880432784557 9.226188771426678 0.901
      vertex 55.895234785974026 8.892797611653805 1.5
      vertex 56.04880432784557 9.226188771426678 1.5
    endloop
  endfacet
  facet normal 0.3245638090661673 0.9458638030099579 0
    outer loop
      vertex 54.06504413485527 10.569887779653072 0.901
      vertex 53.86525861918926 10.63844220340252 1.5
      vertex 54.06504413485527 10.569887779653072 1.5
    endloop
  endfacet
  facet normal 0.38908686734022907 0.9212010690741554 0
    outer loop
      vertex 54.23580724745989 10.497762717306614 0.901
      vertex 54.06504413485527 10.569887779653072 1.5
      vertex 54.23580724745989 10.497762717306614 1.5
    endloop
  endfacet
  facet normal 0.9939801841851418 -0.10955999930299189 0
    outer loop
      vertex 54.669976487755775 9.62808158248663 0.901
      vertex 54.695621736347675 9.860747419297695 1.5
      vertex 54.669976487755775 9.62808158248663 1.5
    endloop
  endfacet
  facet normal 0.9958068881804831 0.09148027903489665 0
    outer loop
      vertex 54.695621736347675 9.860747419297695 0.901
      vertex 54.68289878219366 9.999242901802063 1.5
      vertex 54.695621736347675 9.860747419297695 1.5
    endloop
  endfacet
  facet normal 0.9566530137678367 0.2912301688508857 0
    outer loop
      vertex 54.68289878219366 9.999242901802063 0.901
      vertex 54.6447299271822 10.124622598290443 1.5
      vertex 54.68289878219366 9.999242901802063 1.5
    endloop
  endfacet
  facet normal 0.870027067354407 0.493003957459461 0
    outer loop
      vertex 54.6447299271822 10.124622598290443 0.901
      vertex 54.581115171313286 10.236886523663998 1.5
      vertex 54.6447299271822 10.124622598290443 1.5
    endloop
  endfacet
  facet normal 0.6006809726547058 0.7994888173643185 0
    outer loop
      vertex 54.492054514586926 10.336034663021564 0.901
      vertex 54.37754795700312 10.422067023813725 1.5
      vertex 54.492054514586926 10.336034663021564 1.5
    endloop
  endfacet
  facet normal 0.4710758167626643 0.8820927246391893 0
    outer loop
      vertex 54.37754795700312 10.422067023813725 0.901
      vertex 54.23580724745989 10.497762717306614 1.5
      vertex 54.37754795700312 10.422067023813725 1.5
    endloop
  endfacet
  facet normal 0.7439380149501799 0.6682486288141458 0
    outer loop
      vertex 54.581115171313286 10.236886523663998 0.901
      vertex 54.492054514586926 10.336034663021564 1.5
      vertex 54.581115171313286 10.236886523663998 1.5
    endloop
  endfacet
  facet normal 0.2732052954619969 0.9619557508178445 0
    outer loop
      vertex 53.86525861918926 10.63844220340252 0.901
      vertex 53.636450707912445 10.703425996005535 1.5
      vertex 53.86525861918926 10.63844220340252 1.5
    endloop
  endfacet
  facet normal -0.5677603512669048 -0.8231938918197104 0
    outer loop
      vertex 55.330373868346214 11.59795793145895 0.901
      vertex 55.51565111428499 11.470171421766281 1.5
      vertex 55.330373868346214 11.59795793145895 1.5
    endloop
  endfacet
  facet normal -0.9157716945096201 -0.4016991455492268 0
    outer loop
      vertex 55.935496769845486 10.982876531779766 0.901
      vertex 56.0666985437274 10.683769918978214 1.5
      vertex 55.935496769845486 10.982876531779766 1.5
    endloop
  endfacet
  facet normal -0.6900467646247397 -0.7237647840499902 0
    outer loop
      vertex 55.51565111428499 11.470171421766281 0.901
      vertex 55.75181429833174 11.245010368525982 1.5
      vertex 55.51565111428499 11.470171421766281 1.5
    endloop
  endfacet
  facet normal -0.818954736776411 -0.5738581175791447 0
    outer loop
      vertex 55.75181429833174 11.245010368525982 0.901
      vertex 55.935496769845486 10.982876531779766 1.5
      vertex 55.75181429833174 11.245010368525982 1.5
    endloop
  endfacet
  facet normal -0.9688725079350017 0.2475602216991659 0
    outer loop
      vertex 56.14094604551792 9.58680234849453 0.901
      vertex 56.04880432784557 9.226188771426678 1.5
      vertex 56.14094604551792 9.58680234849453 1.5
    endloop
  endfacet
  facet normal -0.9968789049657037 0.07894586014718802 0
    outer loop
      vertex 56.17165995389223 9.974638357758522 0.901
      vertex 56.14094604551792 9.58680234849453 1.5
      vertex 56.17165995389223 9.974638357758522 1.5
    endloop
  endfacet
  facet normal -0.9975353107613539 -0.0701662581605229 0
    outer loop
      vertex 56.14541960507631 10.347690522670746 0.901
      vertex 56.17165995389223 9.974638357758522 1.5
      vertex 56.14541960507631 10.347690522670746 1.5
    endloop
  endfacet
  facet normal -0.9736469053158073 -0.22806074578706256 0
    outer loop
      vertex 56.0666985437274 10.683769918978214 0.901
      vertex 56.14541960507631 10.347690522670746 1.5
      vertex 56.0666985437274 10.683769918978214 1.5
    endloop
  endfacet
  facet normal -0.25961230354035836 -0.9657129241397098 0
    outer loop
      vertex 54.26321728527546 12.001809023320675 0.901
      vertex 54.57891357690096 11.916940487921238 1.5
      vertex 54.26321728527546 12.001809023320675 1.5
    endloop
  endfacet
  facet normal -0.3199428007419676 -0.9474368602990838 0
    outer loop
      vertex 54.57891357690096 11.916940487921238 0.901
      vertex 54.8620050996542 11.821342460811138 1.5
      vertex 54.57891357690096 11.916940487921238 1.5
    endloop
  endfacet
  facet normal 0.9898324288186865 0.1422384014916506 0
    outer loop
      vertex 54.462050043046474 12.975305333733559 0.901
      vertex 54.426255747675896 13.224396675825119 1.5
      vertex 54.462050043046474 12.975305333733559 1.5
    endloop
  endfacet
  facet normal 0.9450950323962322 0.32679562380785476 0
    outer loop
      vertex 54.426255747675896 13.224396675825119 0.901
      vertex 54.350709564983845 13.44287671893835 1.5
      vertex 54.426255747675896 13.224396675825119 1.5
    endloop
  endfacet
  facet normal 0.8522924143319233 0.5230656177500687 0
    outer loop
      vertex 54.350709564983845 13.44287671893835 0.901
      vertex 54.23541148751974 13.630745455622673 1.5
      vertex 54.350709564983845 13.44287671893835 1.5
    endloop
  endfacet
  facet normal -0.3907379591779003 -0.9205019539672307 0
    outer loop
      vertex 54.8620050996542 11.821342460811138 0.901
      vertex 55.11249186843634 11.715014941990376 1.5
      vertex 54.8620050996542 11.821342460811138 1.5
    endloop
  endfacet
  facet normal -0.4732719447456828 -0.8809163787310571 0
    outer loop
      vertex 55.11249186843634 11.715014941990376 0.901
      vertex 55.330373868346214 11.59795793145895 1.5
      vertex 55.11249186843634 11.715014941990376 1.5
    endloop
  endfacet
  facet normal 0 1 0
    outer loop
      vertex 55.93310461938381 12.975305333733559 0.901
      vertex 54.462050043046474 12.975305333733559 1.5
      vertex 55.93310461938381 12.975305333733559 1.5
    endloop
  endfacet
  facet normal -0.9944678747183354 -0.10504116408911755 0
    outer loop
      vertex 55.88610298931599 13.4202890843153 0.901
      vertex 55.93310461938381 12.975305333733559 1.5
      vertex 55.88610298931599 13.4202890843153 1.5
    endloop
  endfacet
  facet normal 0.2995010973299088 0.9540959557079051 0
    outer loop
      vertex 53.735455207526684 13.980846479535103 0.901
      vertex 53.57143760472536 14.032333388924599 1.5
      vertex 53.735455207526684 13.980846479535103 1.5
    endloop
  endfacet
  facet normal 0.40351218615142825 0.9149742704728342 0
    outer loop
      vertex 53.885559640824795 13.914649024605751 0.901
      vertex 53.735455207526684 13.980846479535103 1.5
      vertex 53.885559640824795 13.914649024605751 1.5
    endloop
  endfacet
  facet normal 0.7120869809549624 0.702091255859555 0
    outer loop
      vertex 54.23541148751974 13.630745455622673 0.901
      vertex 54.080361507833004 13.788002893328667 1.5
      vertex 54.23541148751974 13.630745455622673 1.5
    endloop
  endfacet
  facet normal 0.5450637379888925 0.8383946096734973 0
    outer loop
      vertex 54.080361507833004 13.788002893328667 0.901
      vertex 53.885559640824795 13.914649024605751 1.5
      vertex 54.080361507833004 13.788002893328667 1.5
    endloop
  endfacet
  facet normal -0.17163983735986693 -0.98515976685565 0
    outer loop
      vertex 53.549864284694195 15.345125004649162 0.901
      vertex 53.97221935540438 15.271540030837059 1.5
      vertex 53.549864284694195 15.345125004649162 1.5
    endloop
  endfacet
  facet normal -0.29644266452251616 -0.9550506513535243 0
    outer loop
      vertex 53.97221935540438 15.271540030837059 0.901
      vertex 54.36733441799879 15.148898407816887 1.5
      vertex 53.97221935540438 15.271540030837059 1.5
    endloop
  endfacet
  facet normal -0.4229325158172838 -0.906161181614211 0
    outer loop
      vertex 54.36733441799879 15.148898407816887 0.901
      vertex 54.735209457576275 14.977200128138065 1.5
      vertex 54.36733441799879 15.148898407816887 1.5
    endloop
  endfacet
  facet normal -0.8002590081597561 -0.5996545004076624 0
    outer loop
      vertex 55.37174691259861 14.488972999155521 0.901
      vertex 55.605424135923386 14.177122920751572 1.5
      vertex 55.37174691259861 14.488972999155521 1.5
    endloop
  endfacet
  facet normal -0.9647817435103173 -0.2630516819736994 0
    outer loop
      vertex 55.7768761664629 13.820894941687584 0.901
      vertex 55.88610298931599 13.4202890843153 1.5
      vertex 55.7768761664629 13.820894941687584 1.5
    endloop
  endfacet
  facet normal -0.9010660674974236 -0.4336818442184646 0
    outer loop
      vertex 55.605424135923386 14.177122920751572 0.901
      vertex 55.7768761664629 13.820894941687584 1.5
      vertex 55.605424135923386 14.177122920751572 1.5
    endloop
  endfacet
  facet normal -0.5438485513871829 -0.839183384698519 0
    outer loop
      vertex 54.735209457576275 14.977200128138065 0.901
      vertex 55.07584448903799 14.756445199251175 1.5
      vertex 54.735209457576275 14.977200128138065 1.5
    endloop
  endfacet
  facet normal -0.670569931967682 -0.7418463225903721 0
    outer loop
      vertex 55.07584448903799 14.756445199251175 0.901
      vertex 55.37174691259861 14.488972999155521 1.5
      vertex 55.07584448903799 14.756445199251175 1.5
    endloop
  endfacet
  facet normal 0 0 1
    outer loop
      vertex 40.676952593028545 21 0.901
      vertex 41.4341109469533 23.53126960992813 0.901
      vertex 39.43032684922218 23.273245483636856 0.901
    endloop
  endfacet
  facet normal 0.8768112292585487 0.4808347618944709 1.42979300921945e-16
    outer loop
      vertex 40.676952593028545 21 0.901
      vertex 39.43032684922218 23.273245483636856 0.901
      vertex 39.43032684922218 23.273245483636856 1.5
    endloop
  endfacet
  facet normal -0.9580574979698977 0.2865760467723347 0
    outer loop
      vertex 40.676952593028545 21 0.901
      vertex 40.676952593028545 21 1.5
      vertex 41.4341109469533 23.53126960992813 0.901
    endloop
  endfacet
  facet normal 0 0 1
    outer loop
      vertex 35.529383175075054 23.866071946918964 0.901
      vertex 39.43032684922218 23.273245483636856 0.901
      vertex 47.725306794047356 40.08795150369406 0.901
    endloop
  endfacet
  facet normal 0 0 1
    outer loop
      vertex 39.43032684922218 23.273245483636856 0.901
      vertex 41.4341109469533 23.53126960992813 0.901
      vertex 47.725306794047356 40.08795150369406 0.901
    endloop
  endfacet
  facet normal 0 0 1
    outer loop
      vertex 41.4341109469533 23.53126960992813 0.901
      vertex 43.63719253242016 23.866071946918964 0.901
      vertex 48.0429563075304 39.68571547418833 0.901
    endloop
  endfacet
  facet normal 0 0 1
    outer loop
      vertex 43.63719253242016 23.866071946918964 0.901
      vertex 47.535307951271534 25.690612487494946 0.901
      vertex 48.40536002069712 39.38682713359594 0.901
    endloop
  endfacet
  facet normal -0.15024497082515817 0.9886487994944148 0
    outer loop
      vertex 41.4341109469533 23.53126960992813 0.901
      vertex 41.4341109469533 23.53126960992813 1.5
      vertex 43.63719253242016 23.866071946918964 0.901
    endloop
  endfacet
  facet normal -0.4239192883319283 0.9056999707299054 4.3063871131004483e-17
    outer loop
      vertex 43.63719253242016 23.866071946918964 0.901
      vertex 47.535307951271534 25.690612487494946 1.5
      vertex 47.535307951271534 25.690612487494946 0.901
    endloop
  endfacet
  facet normal -0.636262966584883 0.7714722531320254 0
    outer loop
      vertex 47.535307951271534 25.690612487494946 0.901
      vertex 47.535307951271534 25.690612487494946 1.5
      vertex 51.12783166766167 28.653505563735962 0.901
    endloop
  endfacet
  facet normal -0.784792851435189 0.6197581627830533 0
    outer loop
      vertex 51.12783166766167 28.653505563735962 0.901
      vertex 51.12783166766167 28.653505563735962 1.5
      vertex 54.27670504897833 32.64088881760836 0.901
    endloop
  endfacet
  facet normal 0.8768112292585487 0.4808347618944709 0
    outer loop
      vertex 40.676952593028545 21 0.901
      vertex 39.43032684922218 23.273245483636856 1.5
      vertex 40.676952593028545 21 1.5
    endloop
  endfacet
  facet normal -0.9580574979698977 0.2865760467723347 0
    outer loop
      vertex 41.4341109469533 23.53126960992813 0.901
      vertex 40.676952593028545 21 1.5
      vertex 41.4341109469533 23.53126960992813 1.5
    endloop
  endfacet
  facet normal -0.15024497082515817 0.9886487994944148 0
    outer loop
      vertex 43.63719253242016 23.866071946918964 0.901
      vertex 41.4341109469533 23.53126960992813 1.5
      vertex 43.63719253242016 23.866071946918964 1.5
    endloop
  endfacet
  facet normal -0.4239192883319283 0.9056999707299054 0
    outer loop
      vertex 43.63719253242016 23.866071946918964 0.901
      vertex 43.63719253242016 23.866071946918964 1.5
      vertex 47.535307951271534 25.690612487494946 1.5
    endloop
  endfacet
  facet normal -0.636262966584883 0.7714722531320254 0
    outer loop
      vertex 51.12783166766167 28.653505563735962 0.901
      vertex 47.535307951271534 25.690612487494946 1.5
      vertex 51.12783166766167 28.653505563735962 1.5
    endloop
  endfacet
  facet normal 0 0 1
    outer loop
      vertex 28.038744047284126 28.653505563735962 0.901
      vertex 47.725306794047356 40.08795150369406 0.901
      vertex 47.46461858600378 40.578077524900436 0.901
    endloop
  endfacet
  facet normal 0 0 1
    outer loop
      vertex 25.024198420345783 32.47079110890627 0.901
      vertex 47.46461858600378 40.578077524900436 0.901
      vertex 47.27090976387262 41.137258283793926 0.901
    endloop
  endfacet
  facet normal 0 0 1
    outer loop
      vertex 25.024198420345783 32.47079110890627 0.901
      vertex 47.27090976387262 41.137258283793926 0.901
      vertex 47.15162447094917 41.74400474131107 0.901
    endloop
  endfacet
  facet normal 0 0 1
    outer loop
      vertex 41.4341109469533 23.53126960992813 0.901
      vertex 48.0429563075304 39.68571547418833 0.901
      vertex 47.725306794047356 40.08795150369406 0.901
    endloop
  endfacet
  facet normal 0 0 1
    outer loop
      vertex 43.63719253242016 23.866071946918964 0.901
      vertex 48.40536002069712 39.38682713359594 0.901
      vertex 48.0429563075304 39.68571547418833 0.901
    endloop
  endfacet
  facet normal 0 0 1
    outer loop
      vertex 47.535307951271534 25.690612487494946 0.901
      vertex 48.79859095811844 39.20277260988951 0.901
      vertex 48.40536002069712 39.38682713359594 0.901
    endloop
  endfacet
  facet normal 0 0 1
    outer loop
      vertex 25.024198420345783 32.47079110890627 0.901
      vertex 47.15162447094917 41.74400474131107 0.901
      vertex 47.11134675890207 42.37500000745058 0.901
    endloop
  endfacet
  facet normal 0 0 1
    outer loop
      vertex 25.024198420345783 32.47079110890627 0.901
      vertex 47.11134675890207 42.37500000745058 0.901
      vertex 47.15162447094917 43.005995251238346 0.901
    endloop
  endfacet
  facet normal 0 0 1
    outer loop
      vertex 25.024198420345783 32.47079110890627 0.901
      vertex 47.15162447094917 43.005995251238346 0.901
      vertex 47.27090976387262 43.612741738557816 0.901
    endloop
  endfacet
  facet normal -0.6362629664385041 -0.7714722532527497 0
    outer loop
      vertex 48.0429563075304 39.68571547418833 0.901
      vertex 48.40536002069712 39.38682713359594 0.901
      vertex 48.40536002069712 39.38682713359594 1.5
    endloop
  endfacet
  facet normal -0.42391928330851647 -0.9056999730811487 0
    outer loop
      vertex 48.40536002069712 39.38682713359594 0.901
      vertex 48.79859095811844 39.20277260988951 0.901
      vertex 48.79859095811844 39.20277260988951 1.5
    endloop
  endfacet
  facet normal -0.7847928456410407 -0.6197581701201184 0
    outer loop
      vertex 47.725306794047356 40.08795150369406 0.901
      vertex 48.0429563075304 39.68571547418833 0.901
      vertex 48.0429563075304 39.68571547418833 1.5
    endloop
  endfacet
  facet normal -0.8828851767578515 -0.46958893157873427 0
    outer loop
      vertex 47.46461858600378 40.578077524900436 0.901
      vertex 47.725306794047356 40.08795150369406 0.901
      vertex 47.725306794047356 40.08795150369406 1.5
    endloop
  endfacet
  facet normal -0.9449096536959029 -0.3273312486645429 0
    outer loop
      vertex 47.27090976387262 41.137258283793926 0.901
      vertex 47.46461858600378 40.578077524900436 0.901
      vertex 47.46461858600378 40.578077524900436 1.5
    endloop
  endfacet
  facet normal -0.9812173183338081 -0.19290560956543054 0
    outer loop
      vertex 47.27090976387262 41.137258283793926 0.901
      vertex 47.27090976387262 41.137258283793926 1.5
      vertex 47.15162447094917 41.74400474131107 0.901
    endloop
  endfacet
  facet normal -0.9979689402456254 -0.06370238853468033 0
    outer loop
      vertex 47.15162447094917 41.74400474131107 0.901
      vertex 47.15162447094917 41.74400474131107 1.5
      vertex 47.11134675890207 42.37500000745058 0.901
    endloop
  endfacet
  facet normal -0.9979689401021711 0.06370239078205277 0
    outer loop
      vertex 47.11134675890207 42.37500000745058 0.901
      vertex 47.11134675890207 42.37500000745058 1.5
      vertex 47.15162447094917 43.005995251238346 0.901
    endloop
  endfacet
  facet normal -0.981217320127293 0.1929056004428416 0
    outer loop
      vertex 47.15162447094917 43.005995251238346 0.901
      vertex 47.15162447094917 43.005995251238346 1.5
      vertex 47.27090976387262 43.612741738557816 0.901
    endloop
  endfacet
  facet normal -0.9449096483000122 0.3273312642409019 0
    outer loop
      vertex 47.27090976387262 43.612741738557816 0.901
      vertex 47.27090976387262 43.612741738557816 1.5
      vertex 47.46461858600378 44.17192246764898 0.901
    endloop
  endfacet
  facet normal -0.8828851797173785 0.46958892601445845 0
    outer loop
      vertex 47.46461858600378 44.17192246764898 0.901
      vertex 47.46461858600378 44.17192246764898 1.5
      vertex 47.725306794047356 44.66204849630594 0.901
    endloop
  endfacet
  facet normal -0.7847928456410407 0.6197581701201184 0
    outer loop
      vertex 47.725306794047356 44.66204849630594 0.901
      vertex 47.725306794047356 44.66204849630594 1.5
      vertex 48.0429563075304 45.06428452581167 0.901
    endloop
  endfacet
  facet normal -0.6362629569987993 0.7714722610380389 0
    outer loop
      vertex 48.0429563075304 45.06428452581167 0.901
      vertex 48.0429563075304 45.06428452581167 1.5
      vertex 48.40536002069712 45.363172858953476 0.901
    endloop
  endfacet
  facet normal -0.42391928330851647 0.9056999730811487 0
    outer loop
      vertex 48.40536002069712 45.363172858953476 0.901
      vertex 48.40536002069712 45.363172858953476 1.5
      vertex 48.79859095811844 45.54722738265991 0.901
    endloop
  endfacet
  facet normal 0 0 1
    outer loop
      vertex 47.535307951271534 25.690612487494946 0.901
      vertex 51.12783166766167 28.653505563735962 0.901
      vertex 48.79859095811844 39.20277260988951 0.901
    endloop
  endfacet
  facet normal 0 0 1
    outer loop
      vertex 51.12783166766167 28.653505563735962 0.901
      vertex 54.27670504897833 32.64088881760836 0.901
      vertex 49.61648401618004 39.20277260988951 0.901
    endloop
  endfacet
  facet normal 0 0 1
    outer loop
      vertex 51.12783166766167 28.653505563735962 0.901
      vertex 49.20753748714924 39.14062499254942 0.901
      vertex 48.79859095811844 39.20277260988951 0.901
    endloop
  endfacet
  facet normal 0 0 1
    outer loop
      vertex 51.12783166766167 28.653505563735962 0.901
      vertex 49.61648401618004 39.20277260988951 0.901
      vertex 49.20753748714924 39.14062499254942 0.901
    endloop
  endfacet
  facet normal 0 0 1
    outer loop
      vertex 49.61648401618004 39.20277260988951 0.901
      vertex 54.27670504897833 32.64088881760836 0.901
      vertex 50.00971495360136 39.38682713359594 0.901
    endloop
  endfacet
  facet normal 0 0 1
    outer loop
      vertex 50.00971495360136 39.38682713359594 0.901
      vertex 54.27670504897833 32.64088881760836 0.901
      vertex 50.37211865186691 39.68571547418833 0.901
    endloop
  endfacet
  facet normal 0 0 1
    outer loop
      vertex 50.37211865186691 39.68571547418833 0.901
      vertex 54.27670504897833 32.64088881760836 0.901
      vertex 56.860918655991554 37.49952940642834 0.901
    endloop
  endfacet
  facet normal 0 0 1
    outer loop
      vertex 50.37211865186691 39.68571547418833 0.901
      vertex 56.860918655991554 37.49952940642834 0.901
      vertex 56.990987449884415 37.87500000745058 0.901
    endloop
  endfacet
  facet normal 0 0 1
    outer loop
      vertex 50.37211865186691 39.68571547418833 0.901
      vertex 56.990987449884415 37.87500000745058 0.901
      vertex 56.860918655991554 38.25047060102224 0.901
    endloop
  endfacet
  facet normal -0.8828851729880203 0.4695889386664823 0
    outer loop
      vertex 54.27670504897833 32.64088881760836 0.901
      vertex 54.27670504897833 32.64088881760836 1.5
      vertex 56.860918655991554 37.49952940642834 0.901
    endloop
  endfacet
  facet normal -0.9449096550761088 0.32733124468029184 0
    outer loop
      vertex 56.860918655991554 37.49952940642834 0.901
      vertex 56.860918655991554 37.49952940642834 1.5
      vertex 56.990987449884415 37.87500000745058 0.901
    endloop
  endfacet
  facet normal -0.9449096530671113 -0.3273312504796806 0
    outer loop
      vertex 56.990987449884415 37.87500000745058 0.901
      vertex 56.990987449884415 37.87500000745058 1.5
      vertex 56.860918655991554 38.25047060102224 0.901
    endloop
  endfacet
  facet normal 0 0 1
    outer loop
      vertex 50.37211865186691 39.68571547418833 0.901
      vertex 56.860918655991554 38.25047060102224 0.901
      vertex 50.68976816534996 40.08795150369406 0.901
    endloop
  endfacet
  facet normal 0 0 1
    outer loop
      vertex 50.68976816534996 40.08795150369406 0.901
      vertex 56.860918655991554 38.25047060102224 0.901
      vertex 50.950456373393536 40.578077524900436 0.901
    endloop
  endfacet
  facet normal 0 0 1
    outer loop
      vertex 50.950456373393536 40.578077524900436 0.901
      vertex 56.860918655991554 38.25047060102224 0.901
      vertex 51.14416519552469 41.137258283793926 0.901
    endloop
  endfacet
  facet normal 0 0 1
    outer loop
      vertex 51.14416519552469 41.137258283793926 0.901
      vertex 56.860918655991554 38.25047060102224 0.901
      vertex 51.263450503349304 41.74400474131107 0.901
    endloop
  endfacet
  facet normal 0 0 1
    outer loop
      vertex 51.263450503349304 41.74400474131107 0.901
      vertex 56.860918655991554 38.25047060102224 0.901
      vertex 51.303728215396404 42.37500000745058 0.901
    endloop
  endfacet
  facet normal 0 0 1
    outer loop
      vertex 50.950456373393536 44.17192246764898 0.901
      vertex 51.12783166766167 47.09649444371462 0.901
      vertex 50.68976816534996 44.66204849630594 0.901
    endloop
  endfacet
  facet normal 0 0 1
    outer loop
      vertex 49.61648401618004 45.54722738265991 0.901
      vertex 50.00971495360136 45.363172858953476 0.901
      vertex 51.12783166766167 47.09649444371462 0.901
    endloop
  endfacet
  facet normal 0 0 1
    outer loop
      vertex 50.00971495360136 45.363172858953476 0.901
      vertex 50.37211865186691 45.06428452581167 0.901
      vertex 51.12783166766167 47.09649444371462 0.901
    endloop
  endfacet
  facet normal 0 0 1
    outer loop
      vertex 50.37211865186691 45.06428452581167 0.901
      vertex 50.68976816534996 44.66204849630594 0.901
      vertex 51.12783166766167 47.09649444371462 0.901
    endloop
  endfacet
  facet normal 0 0 1
    outer loop
      vertex 51.303728215396404 42.37500000745058 0.901
      vertex 54.27670504897833 43.109111189842224 0.901
      vertex 51.263450503349304 43.005995251238346 0.901
    endloop
  endfacet
  facet normal 0 0 1
    outer loop
      vertex 51.263450503349304 43.005995251238346 0.901
      vertex 54.27670504897833 43.109111189842224 0.901
      vertex 51.14416519552469 43.612741738557816 0.901
    endloop
  endfacet
  facet normal 0 0 1
    outer loop
      vertex 51.14416519552469 43.612741738557816 0.901
      vertex 54.27670504897833 43.109111189842224 0.901
      vertex 50.950456373393536 44.17192246764898 0.901
    endloop
  endfacet
  facet normal 0 0 1
    outer loop
      vertex 50.950456373393536 44.17192246764898 0.901
      vertex 54.27670504897833 43.109111189842224 0.901
      vertex 51.12783166766167 47.09649444371462 0.901
    endloop
  endfacet
  facet normal 0 0 1
    outer loop
      vertex 51.303728215396404 42.37500000745058 0.901
      vertex 56.860918655991554 38.25047060102224 0.901
      vertex 54.27670504897833 43.109111189842224 0.901
    endloop
  endfacet
  facet normal -0.1502449898299455 -0.9886487966062568 0
    outer loop
      vertex 48.79859095811844 39.20277260988951 0.901
      vertex 49.20753748714924 39.14062499254942 0.901
      vertex 49.20753748714924 39.14062499254942 1.5
    endloop
  endfacet
  facet normal 0.1502449898299455 -0.9886487966062568 0
    outer loop
      vertex 49.20753748714924 39.14062499254942 0.901
      vertex 49.61648401618004 39.20277260988951 0.901
      vertex 49.61648401618004 39.20277260988951 1.5
    endloop
  endfacet
  facet normal 0.42391928330851647 -0.9056999730811487 0
    outer loop
      vertex 49.61648401618004 39.20277260988951 0.901
      vertex 50.00971495360136 39.38682713359594 0.901
      vertex 50.00971495360136 39.38682713359594 1.5
    endloop
  endfacet
  facet normal 0.6362629820090826 -0.771472240411092 0
    outer loop
      vertex 50.00971495360136 39.38682713359594 0.901
      vertex 50.37211865186691 39.68571547418833 0.901
      vertex 50.37211865186691 39.68571547418833 1.5
    endloop
  endfacet
  facet normal 0.7847928456410407 -0.6197581701201184 0
    outer loop
      vertex 50.37211865186691 39.68571547418833 0.901
      vertex 50.68976816534996 40.08795150369406 0.901
      vertex 50.68976816534996 40.08795150369406 1.5
    endloop
  endfacet
  facet normal 0.8828851767578515 -0.46958893157873427 0
    outer loop
      vertex 50.68976816534996 40.08795150369406 0.901
      vertex 50.950456373393536 40.578077524900436 0.901
      vertex 50.950456373393536 40.578077524900436 1.5
    endloop
  endfacet
  facet normal 0.9449096536959029 -0.3273312486645429 0
    outer loop
      vertex 50.950456373393536 40.578077524900436 0.901
      vertex 51.14416519552469 41.137258283793926 0.901
      vertex 51.14416519552469 41.137258283793926 1.5
    endloop
  endfacet
  facet normal 0.9812173137725132 -0.19290563276652511 0
    outer loop
      vertex 51.14416519552469 41.137258283793926 0.901
      vertex 51.263450503349304 41.74400474131107 0.901
      vertex 51.263450503349304 41.74400474131107 1.5
    endloop
  endfacet
  facet normal 0.9979689402456254 -0.06370238853468033 0
    outer loop
      vertex 51.263450503349304 41.74400474131107 0.901
      vertex 51.303728215396404 42.37500000745058 0.901
      vertex 51.303728215396404 42.37500000745058 1.5
    endloop
  endfacet
  facet normal 0.9812173155659986 0.19290562364393518 0
    outer loop
      vertex 51.263450503349304 43.005995251238346 0.901
      vertex 51.14416519552469 43.612741738557816 0.901
      vertex 51.14416519552469 43.612741738557816 1.5
    endloop
  endfacet
  facet normal 0.9449096483000122 0.3273312642409019 0
    outer loop
      vertex 51.14416519552469 43.612741738557816 0.901
      vertex 50.950456373393536 44.17192246764898 0.901
      vertex 50.950456373393536 44.17192246764898 1.5
    endloop
  endfacet
  facet normal 0.8828851797173785 0.46958892601445845 0
    outer loop
      vertex 50.950456373393536 44.17192246764898 0.901
      vertex 50.68976816534996 44.66204849630594 0.901
      vertex 50.68976816534996 44.66204849630594 1.5
    endloop
  endfacet
  facet normal 0.42391928330851647 0.9056999730811487 0
    outer loop
      vertex 49.61648401618004 45.54722738265991 0.901
      vertex 49.61648401618004 45.54722738265991 1.5
      vertex 50.00971495360136 45.363172858953476 0.901
    endloop
  endfacet
  facet normal -0.15024500743550026 0.9886487939307399 0
    outer loop
      vertex 48.79859095811844 45.54722738265991 0.901
      vertex 48.79859095811844 45.54722738265991 1.5
      vertex 49.20753748714924 45.60937500745058 0.901
    endloop
  endfacet
  facet normal 0.15024500743550026 0.9886487939307399 0
    outer loop
      vertex 49.20753748714924 45.60937500745058 0.901
      vertex 49.20753748714924 45.60937500745058 1.5
      vertex 49.61648401618004 45.54722738265991 0.901
    endloop
  endfacet
  facet normal 0.7847928456410407 0.6197581701201184 0
    outer loop
      vertex 50.37211865186691 45.06428452581167 0.901
      vertex 50.37211865186691 45.06428452581167 1.5
      vertex 50.68976816534996 44.66204849630594 0.901
    endloop
  endfacet
  facet normal 0.6362629725693778 0.7714722481963814 0
    outer loop
      vertex 50.00971495360136 45.363172858953476 0.901
      vertex 50.00971495360136 45.363172858953476 1.5
      vertex 50.37211865186691 45.06428452581167 0.901
    endloop
  endfacet
  facet normal 0.9979689401021711 0.06370239078205277 0
    outer loop
      vertex 51.303728215396404 42.37500000745058 0.901
      vertex 51.263450503349304 43.005995251238346 0.901
      vertex 51.263450503349304 43.005995251238346 1.5
    endloop
  endfacet
  facet normal -0.784792851435189 -0.6197581627830533 0
    outer loop
      vertex 54.27670504897833 43.109111189842224 0.901
      vertex 54.27670504897833 43.109111189842224 1.5
      vertex 51.12783166766167 47.09649444371462 0.901
    endloop
  endfacet
  facet normal -0.8828851729880203 -0.4695889386664823 0
    outer loop
      vertex 56.860918655991554 38.25047060102224 0.901
      vertex 56.860918655991554 38.25047060102224 1.5
      vertex 54.27670504897833 43.109111189842224 0.901
    endloop
  endfacet
  facet normal -0.6362629664385041 -0.7714722532527497 0
    outer loop
      vertex 48.0429563075304 39.68571547418833 0.901
      vertex 48.40536002069712 39.38682713359594 1.5
      vertex 48.0429563075304 39.68571547418833 1.5
    endloop
  endfacet
  facet normal -0.42391928330851647 -0.9056999730811487 0
    outer loop
      vertex 48.40536002069712 39.38682713359594 0.901
      vertex 48.79859095811844 39.20277260988951 1.5
      vertex 48.40536002069712 39.38682713359594 1.5
    endloop
  endfacet
  facet normal -0.7847928456410407 -0.6197581701201184 0
    outer loop
      vertex 47.725306794047356 40.08795150369406 0.901
      vertex 48.0429563075304 39.68571547418833 1.5
      vertex 47.725306794047356 40.08795150369406 1.5
    endloop
  endfacet
  facet normal -0.8828851767578515 -0.46958893157873427 0
    outer loop
      vertex 47.46461858600378 40.578077524900436 0.901
      vertex 47.725306794047356 40.08795150369406 1.5
      vertex 47.46461858600378 40.578077524900436 1.5
    endloop
  endfacet
  facet normal -0.9449096536959029 -0.3273312486645429 0
    outer loop
      vertex 47.27090976387262 41.137258283793926 0.901
      vertex 47.46461858600378 40.578077524900436 1.5
      vertex 47.27090976387262 41.137258283793926 1.5
    endloop
  endfacet
  facet normal -0.9812173183338081 -0.19290560956543054 0
    outer loop
      vertex 47.15162447094917 41.74400474131107 0.901
      vertex 47.27090976387262 41.137258283793926 1.5
      vertex 47.15162447094917 41.74400474131107 1.5
    endloop
  endfacet
  facet normal -0.9979689402456254 -0.06370238853468033 0
    outer loop
      vertex 47.11134675890207 42.37500000745058 0.901
      vertex 47.15162447094917 41.74400474131107 1.5
      vertex 47.11134675890207 42.37500000745058 1.5
    endloop
  endfacet
  facet normal -0.9979689401021711 0.06370239078205277 0
    outer loop
      vertex 47.15162447094917 43.005995251238346 0.901
      vertex 47.11134675890207 42.37500000745058 1.5
      vertex 47.15162447094917 43.005995251238346 1.5
    endloop
  endfacet
  facet normal -0.981217320127293 0.1929056004428416 0
    outer loop
      vertex 47.27090976387262 43.612741738557816 0.901
      vertex 47.15162447094917 43.005995251238346 1.5
      vertex 47.27090976387262 43.612741738557816 1.5
    endloop
  endfacet
  facet normal -0.9449096483000122 0.3273312642409019 0
    outer loop
      vertex 47.46461858600378 44.17192246764898 0.901
      vertex 47.27090976387262 43.612741738557816 1.5
      vertex 47.46461858600378 44.17192246764898 1.5
    endloop
  endfacet
  facet normal -0.8828851797173785 0.46958892601445845 0
    outer loop
      vertex 47.725306794047356 44.66204849630594 0.901
      vertex 47.46461858600378 44.17192246764898 1.5
      vertex 47.725306794047356 44.66204849630594 1.5
    endloop
  endfacet
  facet normal -0.7847928456410407 0.6197581701201184 0
    outer loop
      vertex 48.0429563075304 45.06428452581167 0.901
      vertex 47.725306794047356 44.66204849630594 1.5
      vertex 48.0429563075304 45.06428452581167 1.5
    endloop
  endfacet
  facet normal -0.6362629569987993 0.7714722610380389 0
    outer loop
      vertex 48.40536002069712 45.363172858953476 0.901
      vertex 48.0429563075304 45.06428452581167 1.5
      vertex 48.40536002069712 45.363172858953476 1.5
    endloop
  endfacet
  facet normal -0.42391928330851647 0.9056999730811487 0
    outer loop
      vertex 48.79859095811844 45.54722738265991 0.901
      vertex 48.40536002069712 45.363172858953476 1.5
      vertex 48.79859095811844 45.54722738265991 1.5
    endloop
  endfacet
  facet normal -0.784792851435189 0.6197581627830533 0
    outer loop
      vertex 54.27670504897833 32.64088881760836 0.901
      vertex 51.12783166766167 28.653505563735962 1.5
      vertex 54.27670504897833 32.64088881760836 1.5
    endloop
  endfacet
  facet normal -0.8828851729880203 0.4695889386664823 0
    outer loop
      vertex 56.860918655991554 37.49952940642834 0.901
      vertex 54.27670504897833 32.64088881760836 1.5
      vertex 56.860918655991554 37.49952940642834 1.5
    endloop
  endfacet
  facet normal -0.9449096550761088 0.32733124468029184 0
    outer loop
      vertex 56.990987449884415 37.87500000745058 0.901
      vertex 56.860918655991554 37.49952940642834 1.5
      vertex 56.990987449884415 37.87500000745058 1.5
    endloop
  endfacet
  facet normal -0.9449096530671113 -0.3273312504796806 0
    outer loop
      vertex 56.860918655991554 38.25047060102224 0.901
      vertex 56.990987449884415 37.87500000745058 1.5
      vertex 56.860918655991554 38.25047060102224 1.5
    endloop
  endfacet
  facet normal -0.1502449898299455 -0.9886487966062568 0
    outer loop
      vertex 48.79859095811844 39.20277260988951 0.901
      vertex 49.20753748714924 39.14062499254942 1.5
      vertex 48.79859095811844 39.20277260988951 1.5
    endloop
  endfacet
  facet normal 0.1502449898299455 -0.9886487966062568 0
    outer loop
      vertex 49.20753748714924 39.14062499254942 0.901
      vertex 49.61648401618004 39.20277260988951 1.5
      vertex 49.20753748714924 39.14062499254942 1.5
    endloop
  endfacet
  facet normal 0.42391928330851647 -0.9056999730811487 0
    outer loop
      vertex 49.61648401618004 39.20277260988951 0.901
      vertex 50.00971495360136 39.38682713359594 1.5
      vertex 49.61648401618004 39.20277260988951 1.5
    endloop
  endfacet
  facet normal 0.6362629820090826 -0.771472240411092 0
    outer loop
      vertex 50.00971495360136 39.38682713359594 0.901
      vertex 50.37211865186691 39.68571547418833 1.5
      vertex 50.00971495360136 39.38682713359594 1.5
    endloop
  endfacet
  facet normal 0.7847928456410407 -0.6197581701201184 0
    outer loop
      vertex 50.37211865186691 39.68571547418833 0.901
      vertex 50.68976816534996 40.08795150369406 1.5
      vertex 50.37211865186691 39.68571547418833 1.5
    endloop
  endfacet
  facet normal 0.8828851767578515 -0.46958893157873427 0
    outer loop
      vertex 50.68976816534996 40.08795150369406 0.901
      vertex 50.950456373393536 40.578077524900436 1.5
      vertex 50.68976816534996 40.08795150369406 1.5
    endloop
  endfacet
  facet normal 0.9449096536959029 -0.3273312486645429 0
    outer loop
      vertex 50.950456373393536 40.578077524900436 0.901
      vertex 51.14416519552469 41.137258283793926 1.5
      vertex 50.950456373393536 40.578077524900436 1.5
    endloop
  endfacet
  facet normal 0.9812173137725132 -0.19290563276652511 0
    outer loop
      vertex 51.14416519552469 41.137258283793926 0.901
      vertex 51.263450503349304 41.74400474131107 1.5
      vertex 51.14416519552469 41.137258283793926 1.5
    endloop
  endfacet
  facet normal 0.9979689402456254 -0.06370238853468033 0
    outer loop
      vertex 51.263450503349304 41.74400474131107 0.901
      vertex 51.303728215396404 42.37500000745058 1.5
      vertex 51.263450503349304 41.74400474131107 1.5
    endloop
  endfacet
  facet normal 0.9979689401021711 0.06370239078205277 0
    outer loop
      vertex 51.303728215396404 42.37500000745058 0.901
      vertex 51.263450503349304 43.005995251238346 1.5
      vertex 51.303728215396404 42.37500000745058 1.5
    endloop
  endfacet
  facet normal 0.9449096483000122 0.3273312642409019 0
    outer loop
      vertex 51.14416519552469 43.612741738557816 0.901
      vertex 50.950456373393536 44.17192246764898 1.5
      vertex 51.14416519552469 43.612741738557816 1.5
    endloop
  endfacet
  facet normal 0.8828851797173785 0.46958892601445845 0
    outer loop
      vertex 50.950456373393536 44.17192246764898 0.901
      vertex 50.68976816534996 44.66204849630594 1.5
      vertex 50.950456373393536 44.17192246764898 1.5
    endloop
  endfacet
  facet normal 0.42391928330851647 0.9056999730811487 0
    outer loop
      vertex 50.00971495360136 45.363172858953476 0.901
      vertex 49.61648401618004 45.54722738265991 1.5
      vertex 50.00971495360136 45.363172858953476 1.5
    endloop
  endfacet
  facet normal -0.15024500743550026 0.9886487939307399 0
    outer loop
      vertex 49.20753748714924 45.60937500745058 0.901
      vertex 48.79859095811844 45.54722738265991 1.5
      vertex 49.20753748714924 45.60937500745058 1.5
    endloop
  endfacet
  facet normal 0.15024500743550026 0.9886487939307399 0
    outer loop
      vertex 49.61648401618004 45.54722738265991 0.901
      vertex 49.20753748714924 45.60937500745058 1.5
      vertex 49.61648401618004 45.54722738265991 1.5
    endloop
  endfacet
  facet normal 0.6362629725693778 0.7714722481963814 0
    outer loop
      vertex 50.37211865186691 45.06428452581167 0.901
      vertex 50.00971495360136 45.363172858953476 1.5
      vertex 50.37211865186691 45.06428452581167 1.5
    endloop
  endfacet
  facet normal 0.7847928456410407 0.6197581701201184 0
    outer loop
      vertex 50.68976816534996 44.66204849630594 0.901
      vertex 50.37211865186691 45.06428452581167 1.5
      vertex 50.68976816534996 44.66204849630594 1.5
    endloop
  endfacet
  facet normal 0.9812173155659986 0.19290562364393518 0
    outer loop
      vertex 51.263450503349304 43.005995251238346 0.901
      vertex 51.14416519552469 43.612741738557816 1.5
      vertex 51.263450503349304 43.005995251238346 1.5
    endloop
  endfacet
  facet normal -0.784792851435189 -0.6197581627830533 0
    outer loop
      vertex 51.12783166766167 47.09649444371462 0.901
      vertex 54.27670504897833 43.109111189842224 1.5
      vertex 51.12783166766167 47.09649444371462 1.5
    endloop
  endfacet
  facet normal -0.8828851729880203 -0.4695889386664823 0
    outer loop
      vertex 54.27670504897833 43.109111189842224 0.901
      vertex 56.860918655991554 38.25047060102224 1.5
      vertex 54.27670504897833 43.109111189842224 1.5
    endloop
  endfacet
  facet normal 0 0 1
    outer loop
      vertex 35.529383175075054 51.883928060531616 0.901
      vertex 47.27090976387262 43.612741738557816 0.901
      vertex 35.620882511138916 51.897833198308945 0.901
    endloop
  endfacet
  facet normal 0 0 1
    outer loop
      vertex 35.620882511138916 51.897833198308945 0.901
      vertex 47.27090976387262 43.612741738557816 0.901
      vertex 39.1529031842947 52.43459443002939 0.901
    endloop
  endfacet
  facet normal 0 0 1
    outer loop
      vertex 47.27090976387262 43.612741738557816 0.901
      vertex 39.5832878574729 52.50000001490116 0.901
      vertex 39.1529031842947 52.43459443002939 0.901
    endloop
  endfacet
  facet normal 0 0 1
    outer loop
      vertex 47.46461858600378 44.17192246764898 0.901
      vertex 43.63719253242016 51.883928060531616 0.901
      vertex 39.5832878574729 52.50000001490116 0.901
    endloop
  endfacet
  facet normal 0 0 1
    outer loop
      vertex 47.27090976387262 43.612741738557816 0.901
      vertex 47.46461858600378 44.17192246764898 0.901
      vertex 39.5832878574729 52.50000001490116 0.901
    endloop
  endfacet
  facet normal 0 0 1
    outer loop
      vertex 47.46461858600378 44.17192246764898 0.901
      vertex 47.725306794047356 44.66204849630594 0.901
      vertex 43.63719253242016 51.883928060531616 0.901
    endloop
  endfacet
  facet normal 0 0 1
    outer loop
      vertex 47.725306794047356 44.66204849630594 0.901
      vertex 48.0429563075304 45.06428452581167 0.901
      vertex 43.63719253242016 51.883928060531616 0.901
    endloop
  endfacet
  facet normal 0 0 1
    outer loop
      vertex 47.535307951271534 50.059387519955635 0.901
      vertex 48.0429563075304 45.06428452581167 0.901
      vertex 48.40536002069712 45.363172858953476 0.901
    endloop
  endfacet
  facet normal 0 0 1
    outer loop
      vertex 47.535307951271534 50.059387519955635 0.901
      vertex 48.40536002069712 45.363172858953476 0.901
      vertex 48.79859095811844 45.54722738265991 0.901
    endloop
  endfacet
  facet normal 0 0 1
    outer loop
      vertex 47.535307951271534 50.059387519955635 0.901
      vertex 48.79859095811844 45.54722738265991 0.901
      vertex 49.20753748714924 45.60937500745058 0.901
    endloop
  endfacet
  facet normal 0 0 1
    outer loop
      vertex 47.535307951271534 50.059387519955635 0.901
      vertex 43.63719253242016 51.883928060531616 0.901
      vertex 48.0429563075304 45.06428452581167 0.901
    endloop
  endfacet
  facet normal 0.15024501692401818 -0.9886487924887692 0
    outer loop
      vertex 39.1529031842947 52.43459443002939 0.901
      vertex 39.5832878574729 52.50000001490116 0.901
      vertex 39.5832878574729 52.50000001490116 1.5
    endloop
  endfacet
  facet normal -0.15024497286835173 -0.9886487991839105 4.520140334164377e-17
    outer loop
      vertex 39.5832878574729 52.50000001490116 0.901
      vertex 43.63719253242016 51.883928060531616 0.901
      vertex 43.63719253242016 51.883928060531616 1.5
    endloop
  endfacet
  facet normal -0.4239192883319283 -0.9056999707299054 0
    outer loop
      vertex 47.535307951271534 50.059387519955635 0.901
      vertex 47.535307951271534 50.059387519955635 1.5
      vertex 43.63719253242016 51.883928060531616 0.901
    endloop
  endfacet
  facet normal 0 0 1
    outer loop
      vertex 47.535307951271534 50.059387519955635 0.901
      vertex 49.20753748714924 45.60937500745058 0.901
      vertex 49.61648401618004 45.54722738265991 0.901
    endloop
  endfacet
  facet normal 0 0 1
    outer loop
      vertex 47.535307951271534 50.059387519955635 0.901
      vertex 49.61648401618004 45.54722738265991 0.901
      vertex 51.12783166766167 47.09649444371462 0.901
    endloop
  endfacet
  facet normal -0.636262966584883 -0.7714722531320254 -2.1891058616046065e-16
    outer loop
      vertex 47.535307951271534 50.059387519955635 0.901
      vertex 51.12783166766167 47.09649444371462 0.901
      vertex 51.12783166766167 47.09649444371462 1.5
    endloop
  endfacet
  facet normal -0.15024497286835173 -0.9886487991839105 0
    outer loop
      vertex 39.5832878574729 52.50000001490116 0.901
      vertex 43.63719253242016 51.883928060531616 1.5
      vertex 39.5832878574729 52.50000001490116 1.5
    endloop
  endfacet
  facet normal 0.15024501692401818 -0.9886487924887692 0
    outer loop
      vertex 39.1529031842947 52.43459443002939 0.901
      vertex 39.5832878574729 52.50000001490116 1.5
      vertex 39.1529031842947 52.43459443002939 1.5
    endloop
  endfacet
  facet normal -0.636262966584883 -0.7714722531320254 0
    outer loop
      vertex 47.535307951271534 50.059387519955635 0.901
      vertex 51.12783166766167 47.09649444371462 1.5
      vertex 47.535307951271534 50.059387519955635 1.5
    endloop
  endfacet
  facet normal -0.4239192883319283 -0.9056999707299054 0
    outer loop
      vertex 43.63719253242016 51.883928060531616 0.901
      vertex 47.535307951271534 50.059387519955635 1.5
      vertex 43.63719253242016 51.883928060531616 1.5
    endloop
  endfacet
endsolid OpenSCAD_Model
