solid OpenSCAD_Model
  facet normal 0.33684439999610055 0.9415603274306257 0
    outer loop
      vertex 39.09823586046696 57.57819011807442 0.9
      vertex 39.97590868920088 57.2642015516758 1.5
      vertex 39.97590868920088 57.2642015516758 0.9
    endloop
  endfacet
  facet normal 0.33684439999610055 0.9415603274306257 0
    outer loop
      vertex 39.09823586046696 57.57819011807442 0.9
      vertex 39.09823586046696 57.57819011807442 1.5
      vertex 39.97590868920088 57.2642015516758 1.5
    endloop
  endfacet
  facet normal 0.11537986780564763 0.9933214414806274 -3.3390572130012335e-17
    outer loop
      vertex 36.34594116359949 57.897884614765644 0.9
      vertex 39.09823586046696 57.57819011807442 1.5
      vertex 39.09823586046696 57.57819011807442 0.9
    endloop
  endfacet
  facet normal 0.11537986780564763 0.9933214414806274 0
    outer loop
      vertex 36.34594116359949 57.897884614765644 0.9
      vertex 36.34594116359949 57.897884614765644 1.5
      vertex 39.09823586046696 57.57819011807442 1.5
    endloop
  endfacet
  facet normal -0.11537986810642739 0.9933214414456899 0
    outer loop
      vertex 35.85172390192747 57.840478502213955 0.9
      vertex 36.34594116359949 57.897884614765644 1.5
      vertex 36.34594116359949 57.897884614765644 0.9
    endloop
  endfacet
  facet normal -0.11537986810642739 0.9933214414456899 0
    outer loop
      vertex 35.85172390192747 57.840478502213955 0.9
      vertex 35.85172390192747 57.840478502213955 1.5
      vertex 36.34594116359949 57.897884614765644 1.5
    endloop
  endfacet
  facet normal -0.9953408414129001 -0.09641892664544562 -1.207865234348861e-16
    outer loop
      vertex 36.811823189258575 47.92929129302502 0.9
      vertex 35.85172390192747 57.840478502213955 1.5
      vertex 35.85172390192747 57.840478502213955 0.9
    endloop
  endfacet
  facet normal -0.9953408414129001 -0.09641892664544562 0
    outer loop
      vertex 36.811823189258575 47.92929129302502 0.9
      vertex 36.811823189258575 47.92929129302502 1.5
      vertex 35.85172390192747 57.840478502213955 1.5
    endloop
  endfacet
  facet normal -0.10625819292259167 -0.99433857233682 0
    outer loop
      vertex 37.16899807006121 47.891122445464134 0.9
      vertex 36.811823189258575 47.92929129302502 1.5
      vertex 36.811823189258575 47.92929129302502 0.9
    endloop
  endfacet
  facet normal -0.10625819292259167 -0.99433857233682 0
    outer loop
      vertex 37.16899807006121 47.891122445464134 0.9
      vertex 37.16899807006121 47.891122445464134 1.5
      vertex 36.811823189258575 47.92929129302502 1.5
    endloop
  endfacet
  facet normal 0.9579671865905742 -0.2868777952643598 1.891155893270629e-16
    outer loop
      vertex 39.97590868920088 57.2642015516758 0.9
      vertex 37.16899807006121 47.891122445464134 1.5
      vertex 37.16899807006121 47.891122445464134 0.9
    endloop
  endfacet
  facet normal 0.9579671865905742 -0.2868777952643598 0
    outer loop
      vertex 39.97590868920088 57.2642015516758 0.9
      vertex 39.97590868920088 57.2642015516758 1.5
      vertex 37.16899807006121 47.891122445464134 1.5
    endloop
  endfacet
  facet normal 0.9953408410755433 0.09641893012800867 1.301196586442688e-16
    outer loop
      vertex 33.6525703817606 57.58503445982933 0.9
      vertex 34.612360805273056 47.67703603953123 1.5
      vertex 34.612360805273056 47.67703603953123 0.9
    endloop
  endfacet
  facet normal 0.9953408410755433 0.09641893012800867 0
    outer loop
      vertex 33.6525703817606 57.58503445982933 0.9
      vertex 33.6525703817606 57.58503445982933 1.5
      vertex 34.612360805273056 47.67703603953123 1.5
    endloop
  endfacet
  facet normal -0.11537981810183917 0.9933214472540026 0
    outer loop
      vertex 33.593646459281445 57.57819011807442 0.9
      vertex 33.6525703817606 57.58503445982933 1.5
      vertex 33.6525703817606 57.58503445982933 0.9
    endloop
  endfacet
  facet normal -0.11537981810183917 0.9933214472540026 0
    outer loop
      vertex 33.593646459281445 57.57819011807442 0.9
      vertex 33.593646459281445 57.57819011807442 1.5
      vertex 33.6525703817606 57.58503445982933 1.5
    endloop
  endfacet
  facet normal -0.3368443874556212 0.941560331916998 0
    outer loop
      vertex 30.947120897471905 56.631392285227776 0.9
      vertex 33.593646459281445 57.57819011807442 1.5
      vertex 33.593646459281445 57.57819011807442 0.9
    endloop
  endfacet
  facet normal -0.3368443874556212 0.941560331916998 0
    outer loop
      vertex 30.947120897471905 56.631392285227776 0.9
      vertex 30.947120897471905 56.631392285227776 1.5
      vertex 33.593646459281445 57.57819011807442 1.5
    endloop
  endfacet
  facet normal -0.533264463773969 0.8459485868986728 0
    outer loop
      vertex 29.82109621912241 55.92157498002052 0.9
      vertex 30.947120897471905 56.631392285227776 1.5
      vertex 30.947120897471905 56.631392285227776 0.9
    endloop
  endfacet
  facet normal -0.533264463773969 0.8459485868986728 0
    outer loop
      vertex 29.82109621912241 55.92157498002052 0.9
      vertex 29.82109621912241 55.92157498002052 1.5
      vertex 30.947120897471905 56.631392285227776 1.5
    endloop
  endfacet
  facet normal -0.8827972824041384 -0.4697541465275936 2.1499270901319407e-16
    outer loop
      vertex 34.26841801404953 47.56383375823498 0.9
      vertex 29.82109621912241 55.92157498002052 1.5
      vertex 29.82109621912241 55.92157498002052 0.9
    endloop
  endfacet
  facet normal -0.8827972824041384 -0.4697541465275936 0
    outer loop
      vertex 34.26841801404953 47.56383375823498 0.9
      vertex 34.26841801404953 47.56383375823498 1.5
      vertex 29.82109621912241 55.92157498002052 1.5
    endloop
  endfacet
  facet normal 0.3126330959730526 -0.9498739639037929 0
    outer loop
      vertex 34.612360805273056 47.67703603953123 0.9
      vertex 34.26841801404953 47.56383375823498 1.5
      vertex 34.26841801404953 47.56383375823498 0.9
    endloop
  endfacet
  facet normal 0.3126330959730526 -0.9498739639037929 0
    outer loop
      vertex 34.612360805273056 47.67703603953123 0.9
      vertex 34.612360805273056 47.67703603953123 1.5
      vertex 34.26841801404953 47.56383375823498 1.5
    endloop
  endfacet
  facet normal 0.6954673695922176 0.7185576788487351 1.1128523376823186e-16
    outer loop
      vertex 44.183813348412514 55.09387603402138 0.9
      vertex 45.37857994437218 53.93750236183405 1.5
      vertex 45.37857994437218 53.93750236183405 0.9
    endloop
  endfacet
  facet normal 0.6954673695922176 0.7185576788487351 0
    outer loop
      vertex 44.183813348412514 55.09387603402138 0.9
      vertex 44.183813348412514 55.09387603402138 1.5
      vertex 45.37857994437218 53.93750236183405 1.5
    endloop
  endfacet
  facet normal 0.5332644560587498 0.8459485917621505 -7.348293662186088e-17
    outer loop
      vertex 42.05363263934851 56.43668772280216 0.9
      vertex 44.183813348412514 55.09387603402138 1.5
      vertex 44.183813348412514 55.09387603402138 0.9
    endloop
  endfacet
  facet normal 0.5332644560587498 0.8459485917621505 0
    outer loop
      vertex 42.05363263934851 56.43668772280216 0.9
      vertex 42.05363263934851 56.43668772280216 1.5
      vertex 44.183813348412514 55.09387603402138 1.5
    endloop
  endfacet
  facet normal -0.9579671870580173 0.2868777937034339 -8.585205822115538e-17
    outer loop
      vertex 39.2712444961071 47.145496137440205 0.9
      vertex 42.05363263934851 56.43668772280216 1.5
      vertex 42.05363263934851 56.43668772280216 0.9
    endloop
  endfacet
  facet normal -0.9579671870580173 0.2868777937034339 0
    outer loop
      vertex 39.2712444961071 47.145496137440205 0.9
      vertex 39.2712444961071 47.145496137440205 1.5
      vertex 42.05363263934851 56.43668772280216 1.5
    endloop
  endfacet
  facet normal -0.5016822235738495 -0.8650519906629879 0
    outer loop
      vertex 39.58913525938988 46.96113710850477 0.9
      vertex 39.2712444961071 47.145496137440205 1.5
      vertex 39.2712444961071 47.145496137440205 0.9
    endloop
  endfacet
  facet normal -0.5016822235738495 -0.8650519906629879 0
    outer loop
      vertex 39.58913525938988 46.96113710850477 0.9
      vertex 39.58913525938988 46.96113710850477 1.5
      vertex 39.2712444961071 47.145496137440205 1.5
    endloop
  endfacet
  facet normal 0.7695321042794333 -0.6386081274798086 6.531403134903679e-16
    outer loop
      vertex 45.37857994437218 53.93750236183405 0.9
      vertex 39.58913525938988 46.96113710850477 1.5
      vertex 39.58913525938988 46.96113710850477 0.9
    endloop
  endfacet
  facet normal 0.7695321042794333 -0.6386081274798086 0
    outer loop
      vertex 45.37857994437218 53.93750236183405 0.9
      vertex 45.37857994437218 53.93750236183405 1.5
      vertex 39.58913525938988 46.96113710850477 1.5
    endloop
  endfacet
  facet normal 0.882797281986675 0.46975414731212234 1.4895576631046543e-16
    outer loop
      vertex 27.979754857718945 54.58253888785839 0.9
      vertex 32.35632149875164 46.357766084373 1.5
      vertex 32.35632149875164 46.357766084373 0.9
    endloop
  endfacet
  facet normal 0.882797281986675 0.46975414731212234 0
    outer loop
      vertex 27.979754857718945 54.58253888785839 0.9
      vertex 27.979754857718945 54.58253888785839 1.5
      vertex 32.35632149875164 46.357766084373 1.5
    endloop
  endfacet
  facet normal -0.6954673670852299 0.7185576812751625 1.652154985010443e-16
    outer loop
      vertex 26.370222076773643 53.02472724020481 0.9
      vertex 27.979754857718945 54.58253888785839 1.5
      vertex 27.979754857718945 54.58253888785839 0.9
    endloop
  endfacet
  facet normal -0.6954673670852299 0.7185576812751625 0
    outer loop
      vertex 26.370222076773643 53.02472724020481 0.9
      vertex 26.370222076773643 53.02472724020481 1.5
      vertex 27.979754857718945 54.58253888785839 1.5
    endloop
  endfacet
  facet normal -0.8208194117672054 0.5711877915940947 4.863699571826245e-17
    outer loop
      vertex 25.283693484961987 51.46334274858236 0.9
      vertex 26.370222076773643 53.02472724020481 1.5
      vertex 26.370222076773643 53.02472724020481 0.9
    endloop
  endfacet
  facet normal -0.8208194117672054 0.5711877915940947 0
    outer loop
      vertex 25.283693484961987 51.46334274858236 0.9
      vertex 25.283693484961987 51.46334274858236 1.5
      vertex 26.370222076773643 53.02472724020481 1.5
    endloop
  endfacet
  facet normal -0.6190756457158554 -0.7853313599249026 0
    outer loop
      vertex 32.07648795098066 46.108592085540295 0.9
      vertex 25.283693484961987 51.46334274858236 1.5
      vertex 25.283693484961987 51.46334274858236 0.9
    endloop
  endfacet
  facet normal -0.6190756457158554 -0.7853313599249026 0
    outer loop
      vertex 32.07648795098066 46.108592085540295 0.9
      vertex 32.07648795098066 46.108592085540295 1.5
      vertex 25.283693484961987 51.46334274858236 1.5
    endloop
  endfacet
  facet normal 0.6650092415277287 -0.7468351281793828 0
    outer loop
      vertex 32.35632149875164 46.357766084373 0.9
      vertex 32.07648795098066 46.108592085540295 1.5
      vertex 32.07648795098066 46.108592085540295 0.9
    endloop
  endfacet
  facet normal 0.6650092415277287 -0.7468351281793828 0
    outer loop
      vertex 32.35632149875164 46.357766084373 0.9
      vertex 32.35632149875164 46.357766084373 1.5
      vertex 32.07648795098066 46.108592085540295 1.5
    endloop
  endfacet
  facet normal 0.09784240430449265 -0.9952019211797755 0
    outer loop
      vertex 43.444766610860825 30.233887165784836 0.9
      vertex 42.09640198945999 30.101323880255222 1.5
      vertex 42.09640198945999 30.101323880255222 0.9
    endloop
  endfacet
  facet normal 0.09784240430449265 -0.9952019211797755 0
    outer loop
      vertex 43.444766610860825 30.233887165784836 0.9
      vertex 43.444766610860825 30.233887165784836 1.5
      vertex 42.09640198945999 30.101323880255222 1.5
    endloop
  endfacet
  facet normal 0.2898060943950554 -0.957085381589064 0
    outer loop
      vertex 44.0132222622633 30.406015917658806 0.9
      vertex 43.444766610860825 30.233887165784836 1.5
      vertex 43.444766610860825 30.233887165784836 0.9
    endloop
  endfacet
  facet normal 0.2898060943950554 -0.957085381589064 0
    outer loop
      vertex 44.0132222622633 30.406015917658806 0.9
      vertex 44.0132222622633 30.406015917658806 1.5
      vertex 43.444766610860825 30.233887165784836 1.5
    endloop
  endfacet
  facet normal -1 0 0
    outer loop
      vertex 44.0132222622633 24.621884614229202 0.9
      vertex 44.0132222622633 30.406015917658806 1.5
      vertex 44.0132222622633 30.406015917658806 0.9
    endloop
  endfacet
  facet normal -1 0 0
    outer loop
      vertex 44.0132222622633 24.621884614229202 0.9
      vertex 44.0132222622633 24.621884614229202 1.5
      vertex 44.0132222622633 30.406015917658806 1.5
    endloop
  endfacet
  facet normal 0 -1 0
    outer loop
      vertex 46.224937960505486 24.621884614229202 0.9
      vertex 44.0132222622633 24.621884614229202 1.5
      vertex 44.0132222622633 24.621884614229202 0.9
    endloop
  endfacet
  facet normal 0 -1 0
    outer loop
      vertex 46.224937960505486 24.621884614229202 0.9
      vertex 46.224937960505486 24.621884614229202 1.5
      vertex 44.0132222622633 24.621884614229202 1.5
    endloop
  endfacet
  facet normal 1 0 0
    outer loop
      vertex 46.224937960505486 31.34107691794634 0.9
      vertex 46.224937960505486 24.621884614229202 1.5
      vertex 46.224937960505486 24.621884614229202 0.9
    endloop
  endfacet
  facet normal 1 0 0
    outer loop
      vertex 46.224937960505486 31.34107691794634 0.9
      vertex 46.224937960505486 31.34107691794634 1.5
      vertex 46.224937960505486 24.621884614229202 1.5
    endloop
  endfacet
  facet normal 0 1 0
    outer loop
      vertex 46.14195428788662 31.34107691794634 0.9
      vertex 46.224937960505486 31.34107691794634 1.5
      vertex 46.224937960505486 31.34107691794634 0.9
    endloop
  endfacet
  facet normal 0 1 0
    outer loop
      vertex 46.14195428788662 31.34107691794634 0.9
      vertex 46.14195428788662 31.34107691794634 1.5
      vertex 46.224937960505486 31.34107691794634 1.5
    endloop
  endfacet
  facet normal 0.47073643746158844 -0.8822738840326014 0
    outer loop
      vertex 46.208667419850826 31.37667164951563 0.9
      vertex 46.14195428788662 31.34107691794634 1.5
      vertex 46.14195428788662 31.34107691794634 0.9
    endloop
  endfacet
  facet normal 0.47073643746158844 -0.8822738840326014 0
    outer loop
      vertex 46.208667419850826 31.37667164951563 0.9
      vertex 46.208667419850826 31.37667164951563 1.5
      vertex 46.14195428788662 31.34107691794634 1.5
    endloop
  endfacet
  facet normal 0.6337102002695117 -0.7735705411107477 0
    outer loop
      vertex 46.55579421669245 31.6610384657979 0.9
      vertex 46.208667419850826 31.37667164951563 1.5
      vertex 46.208667419850826 31.37667164951563 0.9
    endloop
  endfacet
  facet normal 0.6337102002695117 -0.7735705411107477 0
    outer loop
      vertex 46.55579421669245 31.6610384657979 0.9
      vertex 46.55579421669245 31.6610384657979 1.5
      vertex 46.208667419850826 31.37667164951563 1.5
    endloop
  endfacet
  facet normal 0 -1 0
    outer loop
      vertex 47.828923270106316 31.6610384657979 0.9
      vertex 46.55579421669245 31.6610384657979 1.5
      vertex 46.55579421669245 31.6610384657979 0.9
    endloop
  endfacet
  facet normal 0 -1 0
    outer loop
      vertex 47.828923270106316 31.6610384657979 0.9
      vertex 47.828923270106316 31.6610384657979 1.5
      vertex 46.55579421669245 31.6610384657979 1.5
    endloop
  endfacet
  facet normal 0.8208194056692865 -0.571187800357045 0
    outer loop
      vertex 48.076145857572556 32.01630707830191 0.9
      vertex 47.828923270106316 31.6610384657979 1.5
      vertex 47.828923270106316 31.6610384657979 0.9
    endloop
  endfacet
  facet normal 0.8208194056692865 -0.571187800357045 0
    outer loop
      vertex 48.076145857572556 32.01630707830191 0.9
      vertex 48.076145857572556 32.01630707830191 1.5
      vertex 47.828923270106316 31.6610384657979 1.5
    endloop
  endfacet
  facet normal 0.9108186480700015 -0.4128067227261866 1.1718119751437846e-16
    outer loop
      vertex 49.37984627485275 34.89279766380787 0.9
      vertex 48.076145857572556 32.01630707830191 1.5
      vertex 48.076145857572556 32.01630707830191 0.9
    endloop
  endfacet
  facet normal 0.9108186480700015 -0.4128067227261866 0
    outer loop
      vertex 49.37984627485275 34.89279766380787 0.9
      vertex 49.37984627485275 34.89279766380787 1.5
      vertex 48.076145857572556 32.01630707830191 1.5
    endloop
  endfacet
  facet normal 0.968475933982006 -0.24910713618377348 -5.741558686990156e-17
    outer loop
      vertex 50.18266101926565 38.01397183537483 0.9
      vertex 49.37984627485275 34.89279766380787 1.5
      vertex 49.37984627485275 34.89279766380787 0.9
    endloop
  endfacet
  facet normal 0.968475933982006 -0.24910713618377348 0
    outer loop
      vertex 50.18266101926565 38.01397183537483 0.9
      vertex 50.18266101926565 38.01397183537483 1.5
      vertex 49.37984627485275 34.89279766380787 1.5
    endloop
  endfacet
  facet normal 0.9965308882209143 -0.08322372751586929 0
    outer loop
      vertex 50.31825479120016 39.637587912380695 0.9
      vertex 50.18266101926565 38.01397183537483 1.5
      vertex 50.18266101926565 38.01397183537483 0.9
    endloop
  endfacet
  facet normal 0.9965308882209143 -0.08322372751586929 0
    outer loop
      vertex 50.31825479120016 39.637587912380695 0.9
      vertex 50.31825479120016 39.637587912380695 1.5
      vertex 50.18266101926565 38.01397183537483 1.5
    endloop
  endfacet
  facet normal -0.9306845205658855 -0.3658228029785022 6.538151041686182e-17
    outer loop
      vertex 50.83591502904892 38.32061596214771 0.9
      vertex 50.31825479120016 39.637587912380695 1.5
      vertex 50.31825479120016 39.637587912380695 0.9
    endloop
  endfacet
  facet normal -0.9306845205658855 -0.3658228029785022 0
    outer loop
      vertex 50.83591502904892 38.32061596214771 0.9
      vertex 50.83591502904892 38.32061596214771 1.5
      vertex 50.31825479120016 39.637587912380695 1.5
    endloop
  endfacet
  facet normal -0.897053579937726 -0.44192179706471796 0
    outer loop
      vertex 50.92039394378662 38.14913287758827 0.9
      vertex 50.83591502904892 38.32061596214771 1.5
      vertex 50.83591502904892 38.32061596214771 0.9
    endloop
  endfacet
  facet normal -0.897053579937726 -0.44192179706471796 0
    outer loop
      vertex 50.92039394378662 38.14913287758827 0.9
      vertex 50.92039394378662 38.14913287758827 1.5
      vertex 50.83591502904892 38.32061596214771 1.5
    endloop
  endfacet
  facet normal -0.7975486608975614 -0.6032546174713515 0
    outer loop
      vertex 51.03408344089985 37.998826682567596 0.9
      vertex 50.92039394378662 38.14913287758827 1.5
      vertex 50.92039394378662 38.14913287758827 0.9
    endloop
  endfacet
  facet normal -0.7975486608975614 -0.6032546174713515 0
    outer loop
      vertex 51.03408344089985 37.998826682567596 0.9
      vertex 51.03408344089985 37.998826682567596 1.5
      vertex 50.92039394378662 38.14913287758827 1.5
    endloop
  endfacet
  facet normal -0.6650092402949593 -0.7468351292770855 0
    outer loop
      vertex 51.17261449247599 37.87547358125448 0.9
      vertex 51.03408344089985 37.998826682567596 1.5
      vertex 51.03408344089985 37.998826682567596 0.9
    endloop
  endfacet
  facet normal -0.6650092402949593 -0.7468351292770855 0
    outer loop
      vertex 51.17261449247599 37.87547358125448 0.9
      vertex 51.17261449247599 37.87547358125448 1.5
      vertex 51.03408344089985 37.998826682567596 1.5
    endloop
  endfacet
  facet normal -0.5016821910220088 -0.8650520095412509 0
    outer loop
      vertex 51.33066342025995 37.78381396830082 0.9
      vertex 51.17261449247599 37.87547358125448 1.5
      vertex 51.17261449247599 37.87547358125448 0.9
    endloop
  endfacet
  facet normal -0.5016821910220088 -0.8650520095412509 0
    outer loop
      vertex 51.33066342025995 37.78381396830082 0.9
      vertex 51.33066342025995 37.78381396830082 1.5
      vertex 51.17261449247599 37.87547358125448 1.5
    endloop
  endfacet
  facet normal -0.31263313546408716 -0.9498739509060631 0
    outer loop
      vertex 51.502156503498554 37.727370247244835 0.9
      vertex 51.33066342025995 37.78381396830082 1.5
      vertex 51.33066342025995 37.78381396830082 0.9
    endloop
  endfacet
  facet normal -0.31263313546408716 -0.9498739509060631 0
    outer loop
      vertex 51.502156503498554 37.727370247244835 0.9
      vertex 51.502156503498554 37.727370247244835 1.5
      vertex 51.33066342025995 37.78381396830082 1.5
    endloop
  endfacet
  facet normal -0.1062581337407759 -0.9943385786611759 0
    outer loop
      vertex 51.680503368377686 37.708311542868614 0.9
      vertex 51.502156503498554 37.727370247244835 1.5
      vertex 51.502156503498554 37.727370247244835 0.9
    endloop
  endfacet
  facet normal -0.1062581337407759 -0.9943385786611759 0
    outer loop
      vertex 51.680503368377686 37.708311542868614 0.9
      vertex 51.680503368377686 37.708311542868614 1.5
      vertex 51.502156503498554 37.727370247244835 1.5
    endloop
  endfacet
  facet normal 0.10625814251857087 -0.9943385777231531 0
    outer loop
      vertex 51.858850218355656 37.727370247244835 0.9
      vertex 51.680503368377686 37.708311542868614 1.5
      vertex 51.680503368377686 37.708311542868614 0.9
    endloop
  endfacet
  facet normal 0.10625814251857087 -0.9943385777231531 0
    outer loop
      vertex 51.858850218355656 37.727370247244835 0.9
      vertex 51.858850218355656 37.727370247244835 1.5
      vertex 51.680503368377686 37.708311542868614 1.5
    endloop
  endfacet
  facet normal 0.31263313546408716 -0.9498739509060631 0
    outer loop
      vertex 52.03034330159426 37.78381396830082 0.9
      vertex 51.858850218355656 37.727370247244835 1.5
      vertex 51.858850218355656 37.727370247244835 0.9
    endloop
  endfacet
  facet normal 0.31263313546408716 -0.9498739509060631 0
    outer loop
      vertex 52.03034330159426 37.78381396830082 0.9
      vertex 52.03034330159426 37.78381396830082 1.5
      vertex 51.858850218355656 37.727370247244835 1.5
    endloop
  endfacet
  facet normal 0.5016821556270301 -0.8650520300683748 0
    outer loop
      vertex 52.188392244279385 37.87547358125448 0.9
      vertex 52.03034330159426 37.78381396830082 1.5
      vertex 52.03034330159426 37.78381396830082 0.9
    endloop
  endfacet
  facet normal 0.5016821556270301 -0.8650520300683748 0
    outer loop
      vertex 52.188392244279385 37.87547358125448 0.9
      vertex 52.188392244279385 37.87547358125448 1.5
      vertex 52.03034330159426 37.78381396830082 1.5
    endloop
  endfacet
  facet normal 0.6650092801928699 -0.7468350937505287 0
    outer loop
      vertex 52.32692328095436 37.998826682567596 0.9
      vertex 52.188392244279385 37.87547358125448 1.5
      vertex 52.188392244279385 37.87547358125448 0.9
    endloop
  endfacet
  facet normal 0.6650092801928699 -0.7468350937505287 0
    outer loop
      vertex 52.32692328095436 37.998826682567596 0.9
      vertex 52.32692328095436 37.998826682567596 1.5
      vertex 52.188392244279385 37.87547358125448 1.5
    endloop
  endfacet
  facet normal 0.7975486608975614 -0.6032546174713515 0
    outer loop
      vertex 52.44061277806759 38.14913287758827 0.9
      vertex 52.32692328095436 37.998826682567596 1.5
      vertex 52.32692328095436 37.998826682567596 0.9
    endloop
  endfacet
  facet normal 0.7975486608975614 -0.6032546174713515 0
    outer loop
      vertex 52.44061277806759 38.14913287758827 0.9
      vertex 52.44061277806759 38.14913287758827 1.5
      vertex 52.32692328095436 37.998826682567596 1.5
    endloop
  endfacet
  facet normal 0.8970535644869241 -0.4419218284281781 0
    outer loop
      vertex 52.52509170025587 38.32061596214771 0.9
      vertex 52.44061277806759 38.14913287758827 1.5
      vertex 52.44061277806759 38.14913287758827 0.9
    endloop
  endfacet
  facet normal 0.8970535644869241 -0.4419218284281781 0
    outer loop
      vertex 52.52509170025587 38.32061596214771 0.9
      vertex 52.52509170025587 38.32061596214771 1.5
      vertex 52.44061277806759 38.14913287758827 1.5
    endloop
  endfacet
  facet normal 0.9630684326185898 -0.269256743821901 0
    outer loop
      vertex 52.577113553881645 38.506685972213745 0.9
      vertex 52.52509170025587 38.32061596214771 1.5
      vertex 52.52509170025587 38.32061596214771 0.9
    endloop
  endfacet
  facet normal 0.9630684326185898 -0.269256743821901 0
    outer loop
      vertex 52.577113553881645 38.506685972213745 0.9
      vertex 52.577113553881645 38.506685972213745 1.5
      vertex 52.52509170025587 38.32061596214771 1.5
    endloop
  endfacet
  facet normal 0.9959051954233432 -0.09040377054521898 0
    outer loop
      vertex 52.594679184257984 38.70019230991602 0.9
      vertex 52.577113553881645 38.506685972213745 1.5
      vertex 52.577113553881645 38.506685972213745 0.9
    endloop
  endfacet
  facet normal 0.9959051954233432 -0.09040377054521898 0
    outer loop
      vertex 52.594679184257984 38.70019230991602 0.9
      vertex 52.594679184257984 38.70019230991602 1.5
      vertex 52.577113553881645 38.506685972213745 1.5
    endloop
  endfacet
  facet normal 0.9959051951099526 0.09040377399759014 0
    outer loop
      vertex 52.577113553881645 38.89369864016771 0.9
      vertex 52.594679184257984 38.70019230991602 1.5
      vertex 52.594679184257984 38.70019230991602 0.9
    endloop
  endfacet
  facet normal 0.9959051951099526 0.09040377399759014 0
    outer loop
      vertex 52.577113553881645 38.89369864016771 0.9
      vertex 52.577113553881645 38.89369864016771 1.5
      vertex 52.594679184257984 38.70019230991602 1.5
    endloop
  endfacet
  facet normal 0.9676570231232988 0.25226947021024076 -8.122313061764636e-17
    outer loop
      vertex 51.140354447066784 44.404829412698746 0.9
      vertex 52.577113553881645 38.89369864016771 1.5
      vertex 52.577113553881645 38.89369864016771 0.9
    endloop
  endfacet
  facet normal 0.9676570231232988 0.25226947021024076 0
    outer loop
      vertex 51.140354447066784 44.404829412698746 0.9
      vertex 51.140354447066784 44.404829412698746 1.5
      vertex 52.577113553881645 38.89369864016771 1.5
    endloop
  endfacet
  facet normal 0.9630684238202841 0.2692567752913814 0
    outer loop
      vertex 51.0690341591835 44.65992537885904 0.9
      vertex 51.140354447066784 44.404829412698746 1.5
      vertex 51.140354447066784 44.404829412698746 0.9
    endloop
  endfacet
  facet normal 0.9630684238202841 0.2692567752913814 0
    outer loop
      vertex 51.0690341591835 44.65992537885904 0.9
      vertex 51.0690341591835 44.65992537885904 1.5
      vertex 51.140354447066784 44.404829412698746 1.5
    endloop
  endfacet
  facet normal 0.8970535277389027 0.44192190302268314 0
    outer loop
      vertex 51.04998841881752 44.698586165905 0.9
      vertex 51.0690341591835 44.65992537885904 1.5
      vertex 51.0690341591835 44.65992537885904 0.9
    endloop
  endfacet
  facet normal 0.8970535277389027 0.44192190302268314 0
    outer loop
      vertex 51.04998841881752 44.698586165905 0.9
      vertex 51.04998841881752 44.698586165905 1.5
      vertex 51.0690341591835 44.65992537885904 1.5
    endloop
  endfacet
  facet normal 0.8970536029868538 -0.44192175027747177 0
    outer loop
      vertex 51.07070978730917 44.740648314356804 0.9
      vertex 51.04998841881752 44.698586165905 1.5
      vertex 51.04998841881752 44.698586165905 0.9
    endloop
  endfacet
  facet normal 0.8970536029868538 -0.44192175027747177 0
    outer loop
      vertex 51.07070978730917 44.740648314356804 0.9
      vertex 51.07070978730917 44.740648314356804 1.5
      vertex 51.04998841881752 44.698586165905 1.5
    endloop
  endfacet
  facet normal 0.4033374591303425 -0.915051306792291 -3.810532570262535e-17
    outer loop
      vertex 55.51414392143488 46.6992307677865 0.9
      vertex 51.07070978730917 44.740648314356804 1.5
      vertex 51.07070978730917 44.740648314356804 0.9
    endloop
  endfacet
  facet normal 0.4033374591303425 -0.915051306792291 0
    outer loop
      vertex 55.51414392143488 46.6992307677865 0.9
      vertex 55.51414392143488 46.6992307677865 1.5
      vertex 51.07070978730917 44.740648314356804 1.5
    endloop
  endfacet
  facet normal 0.4033374589349565 0.9150513068784133 0
    outer loop
      vertex 50.79581708461046 48.778980769217014 0.9
      vertex 55.51414392143488 46.6992307677865 1.5
      vertex 55.51414392143488 46.6992307677865 0.9
    endloop
  endfacet
  facet normal 0.4033374589349565 0.9150513068784133 0
    outer loop
      vertex 50.79581708461046 48.778980769217014 0.9
      vertex 50.79581708461046 48.778980769217014 1.5
      vertex 55.51414392143488 46.6992307677865 1.5
    endloop
  endfacet
  facet normal -1 0 0
    outer loop
      vertex 50.79581708461046 48.575892709195614 0.9
      vertex 50.79581708461046 48.778980769217014 1.5
      vertex 50.79581708461046 48.778980769217014 0.9
    endloop
  endfacet
  facet normal -1 0 0
    outer loop
      vertex 50.79581708461046 48.575892709195614 0.9
      vertex 50.79581708461046 48.575892709195614 1.5
      vertex 50.79581708461046 48.778980769217014 1.5
    endloop
  endfacet
  facet normal 0.8970535925615227 0.4419217714397712 0
    outer loop
      vertex 50.73952300846577 48.6901636198163 0.9
      vertex 50.79581708461046 48.575892709195614 1.5
      vertex 50.79581708461046 48.575892709195614 0.9
    endloop
  endfacet
  facet normal 0.8970535925615227 0.4419217714397712 0
    outer loop
      vertex 50.73952300846577 48.6901636198163 0.9
      vertex 50.73952300846577 48.6901636198163 1.5
      vertex 50.79581708461046 48.575892709195614 1.5
    endloop
  endfacet
  facet normal 0.7975486534754994 0.603254627283884 0
    outer loop
      vertex 50.26276061683893 49.32047988474369 0.9
      vertex 50.73952300846577 48.6901636198163 1.5
      vertex 50.73952300846577 48.6901636198163 0.9
    endloop
  endfacet
  facet normal 0.7975486534754994 0.603254627283884 0
    outer loop
      vertex 50.26276061683893 49.32047988474369 0.9
      vertex 50.26276061683893 49.32047988474369 1.5
      vertex 50.73952300846577 48.6901636198163 1.5
    endloop
  endfacet
  facet normal 0.6650092451725086 0.7468351249339377 0
    outer loop
      vertex 49.68182396143675 49.83776707947254 0.9
      vertex 50.26276061683893 49.32047988474369 1.5
      vertex 50.26276061683893 49.32047988474369 0.9
    endloop
  endfacet
  facet normal 0.6650092451725086 0.7468351249339377 0
    outer loop
      vertex 49.68182396143675 49.83776707947254 0.9
      vertex 49.68182396143675 49.83776707947254 1.5
      vertex 50.26276061683893 49.32047988474369 1.5
    endloop
  endfacet
  facet normal 0.5016822249189657 0.8650519898828949 0
    outer loop
      vertex 49.01903811842203 50.22214614599943 0.9
      vertex 49.68182396143675 49.83776707947254 1.5
      vertex 49.68182396143675 49.83776707947254 0.9
    endloop
  endfacet
  facet normal 0.5016822249189657 0.8650519898828949 0
    outer loop
      vertex 49.01903811842203 50.22214614599943 0.9
      vertex 49.01903811842203 50.22214614599943 1.5
      vertex 49.68182396143675 49.83776707947254 1.5
    endloop
  endfacet
  facet normal 0.3126331134858386 0.9498739581397896 0
    outer loop
      vertex 48.29987356066704 50.45884560793638 0.9
      vertex 49.01903811842203 50.22214614599943 1.5
      vertex 49.01903811842203 50.22214614599943 0.9
    endloop
  endfacet
  facet normal 0.3126331134858386 0.9498739581397896 0
    outer loop
      vertex 48.29987356066704 50.45884560793638 0.9
      vertex 48.29987356066704 50.45884560793638 1.5
      vertex 49.01903811842203 50.22214614599943 1.5
    endloop
  endfacet
  facet normal 0.10625815875022104 0.994338575988588 0
    outer loop
      vertex 48.086009100079536 50.48169983923435 0.9
      vertex 48.29987356066704 50.45884560793638 1.5
      vertex 48.29987356066704 50.45884560793638 0.9
    endloop
  endfacet
  facet normal 0.10625815875022104 0.994338575988588 0
    outer loop
      vertex 48.086009100079536 50.48169983923435 0.9
      vertex 48.086009100079536 50.48169983923435 1.5
      vertex 48.29987356066704 50.45884560793638 1.5
    endloop
  endfacet
  facet normal 0.9108187576423834 0.412806480965095 0
    outer loop
      vertex 48.076145857572556 50.50346215814352 0.9
      vertex 48.086009100079536 50.48169983923435 1.5
      vertex 48.086009100079536 50.48169983923435 0.9
    endloop
  endfacet
  facet normal 0.9108187576423834 0.412806480965095 0
    outer loop
      vertex 48.076145857572556 50.50346215814352 0.9
      vertex 48.076145857572556 50.50346215814352 1.5
      vertex 48.086009100079536 50.48169983923435 1.5
    endloop
  endfacet
  facet normal 0.8208194075021137 0.5711877977231999 0
    outer loop
      vertex 46.90344697237015 52.1886767372489 0.9
      vertex 48.076145857572556 50.50346215814352 1.5
      vertex 48.076145857572556 50.50346215814352 0.9
    endloop
  endfacet
  facet normal 0.8208194075021137 0.5711877977231999 0
    outer loop
      vertex 46.90344697237015 52.1886767372489 0.9
      vertex 46.90344697237015 52.1886767372489 1.5
      vertex 48.076145857572556 50.50346215814352 1.5
    endloop
  endfacet
  facet normal -0.7695321050366375 0.6386081265673665 -9.366838761264024e-17
    outer loop
      vertex 41.22652546316385 45.34790353477001 0.9
      vertex 46.90344697237015 52.1886767372489 1.5
      vertex 46.90344697237015 52.1886767372489 0.9
    endloop
  endfacet
  facet normal -0.7695321050366375 0.6386081265673665 0
    outer loop
      vertex 41.22652546316385 45.34790353477001 0.9
      vertex 41.22652546316385 45.34790353477001 1.5
      vertex 46.90344697237015 52.1886767372489 1.5
    endloop
  endfacet
  facet normal -0.7975489291809302 -0.6032542627800913 0
    outer loop
      vertex 41.24422537535429 45.324502877891064 0.9
      vertex 41.22652546316385 45.34790353477001 1.5
      vertex 41.22652546316385 45.34790353477001 0.9
    endloop
  endfacet
  facet normal -0.7975489291809302 -0.6032542627800913 0
    outer loop
      vertex 41.24422537535429 45.324502877891064 0.9
      vertex 41.24422537535429 45.324502877891064 1.5
      vertex 41.22652546316385 45.34790353477001 1.5
    endloop
  endfacet
  facet normal -0.09784238343876837 0.9952019232311706 0
    outer loop
      vertex 40.453141927719116 45.24672821909189 0.9
      vertex 41.24422537535429 45.324502877891064 1.5
      vertex 41.24422537535429 45.324502877891064 0.9
    endloop
  endfacet
  facet normal -0.09784238343876837 0.9952019232311706 0
    outer loop
      vertex 40.453141927719116 45.24672821909189 0.9
      vertex 40.453141927719116 45.24672821909189 1.5
      vertex 41.24422537535429 45.324502877891064 1.5
    endloop
  endfacet
  facet normal -0.2898060834864621 0.9570853848921933 0
    outer loop
      vertex 39.01481282711029 44.811201222240925 0.9
      vertex 40.453141927719116 45.24672821909189 1.5
      vertex 40.453141927719116 45.24672821909189 0.9
    endloop
  endfacet
  facet normal -0.2898060834864621 0.9570853848921933 0
    outer loop
      vertex 39.01481282711029 44.811201222240925 0.9
      vertex 39.01481282711029 44.811201222240925 1.5
      vertex 40.453141927719116 45.24672821909189 1.5
    endloop
  endfacet
  facet normal -0.47073637861232237 0.8822739154315717 0
    outer loop
      vertex 37.689241118729115 44.10394374281168 0.9
      vertex 39.01481282711029 44.811201222240925 1.5
      vertex 39.01481282711029 44.811201222240925 0.9
    endloop
  endfacet
  facet normal -0.47073637861232237 0.8822739154315717 0
    outer loop
      vertex 37.689241118729115 44.10394374281168 0.9
      vertex 37.689241118729115 44.10394374281168 1.5
      vertex 39.01481282711029 44.811201222240925 1.5
    endloop
  endfacet
  facet normal -0.6337102030894476 0.7735705388006521 0
    outer loop
      vertex 36.52736780792475 43.15213529765606 0.9
      vertex 37.689241118729115 44.10394374281168 1.5
      vertex 37.689241118729115 44.10394374281168 0.9
    endloop
  endfacet
  facet normal -0.6337102030894476 0.7735705388006521 0
    outer loop
      vertex 36.52736780792475 43.15213529765606 0.9
      vertex 36.52736780792475 43.15213529765606 1.5
      vertex 37.689241118729115 44.10394374281168 1.5
    endloop
  endfacet
  facet normal -0.7724495661542216 0.6350761117757107 1.2324030692327925e-16
    outer loop
      vertex 35.57384302467108 41.99235335737467 0.9
      vertex 36.52736780792475 43.15213529765606 1.5
      vertex 36.52736780792475 43.15213529765606 0.9
    endloop
  endfacet
  facet normal -0.7724495661542216 0.6350761117757107 0
    outer loop
      vertex 35.57384302467108 41.99235335737467 0.9
      vertex 35.57384302467108 41.99235335737467 1.5
      vertex 36.52736780792475 43.15213529765606 1.5
    endloop
  endfacet
  facet normal -0.8815677656016 0.47205749083369336 0
    outer loop
      vertex 34.865310192108154 40.669167689979076 0.9
      vertex 35.57384302467108 41.99235335737467 1.5
      vertex 35.57384302467108 41.99235335737467 0.9
    endloop
  endfacet
  facet normal -0.8815677656016 0.47205749083369336 0
    outer loop
      vertex 34.865310192108154 40.669167689979076 0.9
      vertex 34.865310192108154 40.669167689979076 1.5
      vertex 35.57384302467108 41.99235335737467 1.5
    endloop
  endfacet
  facet normal -0.9567948306285307 0.2907639112450536 0
    outer loop
      vertex 34.428997829556465 39.233427569270134 0.9
      vertex 34.865310192108154 40.669167689979076 1.5
      vertex 34.865310192108154 40.669167689979076 0.9
    endloop
  endfacet
  facet normal -0.9567948306285307 0.2907639112450536 0
    outer loop
      vertex 34.428997829556465 39.233427569270134 0.9
      vertex 34.428997829556465 39.233427569270134 1.5
      vertex 34.865310192108154 40.669167689979076 1.5
    endloop
  endfacet
  facet normal -0.9951674699423254 0.098192193012433 0
    outer loop
      vertex 34.28167316317558 37.740307688713074 0.9
      vertex 34.428997829556465 39.233427569270134 1.5
      vertex 34.428997829556465 39.233427569270134 0.9
    endloop
  endfacet
  facet normal -0.9951674699423254 0.098192193012433 0
    outer loop
      vertex 34.28167316317558 37.740307688713074 0.9
      vertex 34.28167316317558 37.740307688713074 1.5
      vertex 34.428997829556465 39.233427569270134 1.5
    endloop
  endfacet
  facet normal -0.9951674698944464 -0.0981921934976821 0
    outer loop
      vertex 34.428997829556465 36.247187815606594 0.9
      vertex 34.28167316317558 37.740307688713074 1.5
      vertex 34.28167316317558 37.740307688713074 0.9
    endloop
  endfacet
  facet normal -0.9951674698944464 -0.0981921934976821 0
    outer loop
      vertex 34.428997829556465 36.247187815606594 0.9
      vertex 34.428997829556465 36.247187815606594 1.5
      vertex 34.28167316317558 37.740307688713074 1.5
    endloop
  endfacet
  facet normal -0.956794830208758 -0.29076391262636764 0
    outer loop
      vertex 34.865310192108154 34.81144770234823 0.9
      vertex 34.428997829556465 36.247187815606594 1.5
      vertex 34.428997829556465 36.247187815606594 0.9
    endloop
  endfacet
  facet normal -0.956794830208758 -0.29076391262636764 0
    outer loop
      vertex 34.865310192108154 34.81144770234823 0.9
      vertex 34.865310192108154 34.81144770234823 1.5
      vertex 34.428997829556465 36.247187815606594 1.5
    endloop
  endfacet
  facet normal -0.8815677124477057 -0.47205759009862264 0
    outer loop
      vertex 34.89909143745899 34.748361214995384 0.9
      vertex 34.865310192108154 34.81144770234823 1.5
      vertex 34.865310192108154 34.81144770234823 0.9
    endloop
  endfacet
  facet normal -0.8815677124477057 -0.47205759009862264 0
    outer loop
      vertex 34.89909143745899 34.748361214995384 0.9
      vertex 34.89909143745899 34.748361214995384 1.5
      vertex 34.865310192108154 34.81144770234823 1.5
    endloop
  endfacet
  facet normal 0.31263309923123245 0.9498739628314246 0
    outer loop
      vertex 33.976057678461075 35.05216036736965 0.9
      vertex 34.89909143745899 34.748361214995384 1.5
      vertex 34.89909143745899 34.748361214995384 0.9
    endloop
  endfacet
  facet normal 0.31263309923123245 0.9498739628314246 0
    outer loop
      vertex 33.976057678461075 35.05216036736965 0.9
      vertex 33.976057678461075 35.05216036736965 1.5
      vertex 34.89909143745899 34.748361214995384 1.5
    endloop
  endfacet
  facet normal 0.5016822133317914 0.865051996602814 0
    outer loop
      vertex 32.90540361404419 35.67308038473129 0.9
      vertex 33.976057678461075 35.05216036736965 1.5
      vertex 33.976057678461075 35.05216036736965 0.9
    endloop
  endfacet
  facet normal 0.5016822133317914 0.865051996602814 0
    outer loop
      vertex 32.90540361404419 35.67308038473129 0.9
      vertex 32.90540361404419 35.67308038473129 1.5
      vertex 33.976057678461075 35.05216036736965 1.5
    endloop
  endfacet
  facet normal 0.6650092472077046 0.746835123121725 0
    outer loop
      vertex 31.96696747839451 36.50869816541672 0.9
      vertex 32.90540361404419 35.67308038473129 1.5
      vertex 32.90540361404419 35.67308038473129 0.9
    endloop
  endfacet
  facet normal 0.6650092472077046 0.746835123121725 0
    outer loop
      vertex 31.96696747839451 36.50869816541672 0.9
      vertex 31.96696747839451 36.50869816541672 1.5
      vertex 32.90540361404419 35.67308038473129 1.5
    endloop
  endfacet
  facet normal 0.7975486554053839 0.6032546247324294 0
    outer loop
      vertex 31.196812838315964 37.52690137922764 0.9
      vertex 31.96696747839451 36.50869816541672 1.5
      vertex 31.96696747839451 36.50869816541672 0.9
    endloop
  endfacet
  facet normal 0.7975486554053839 0.6032546247324294 0
    outer loop
      vertex 31.196812838315964 37.52690137922764 0.9
      vertex 31.196812838315964 37.52690137922764 1.5
      vertex 31.96696747839451 36.50869816541672 1.5
    endloop
  endfacet
  facet normal 0.8970535883532728 0.44192177998206533 0
    outer loop
      vertex 30.62453632056713 38.68856103718281 0.9
      vertex 31.196812838315964 37.52690137922764 1.5
      vertex 31.196812838315964 37.52690137922764 0.9
    endloop
  endfacet
  facet normal 0.8970535883532728 0.44192177998206533 0
    outer loop
      vertex 30.62453632056713 38.68856103718281 0.9
      vertex 30.62453632056713 38.68856103718281 1.5
      vertex 31.196812838315964 37.52690137922764 1.5
    endloop
  endfacet
  facet normal 0.9630684224132159 0.2692567803241351 0
    outer loop
      vertex 30.27213018387556 39.94903522729874 0.9
      vertex 30.62453632056713 38.68856103718281 1.5
      vertex 30.62453632056713 38.68856103718281 0.9
    endloop
  endfacet
  facet normal 0.9630684224132159 0.2692567803241351 0
    outer loop
      vertex 30.27213018387556 39.94903522729874 0.9
      vertex 30.27213018387556 39.94903522729874 1.5
      vertex 30.62453632056713 38.68856103718281 1.5
    endloop
  endfacet
  facet normal 0.9959051941484471 0.0904037845897153 0
    outer loop
      vertex 30.153137184679508 41.25988461822271 0.9
      vertex 30.27213018387556 39.94903522729874 1.5
      vertex 30.27213018387556 39.94903522729874 0.9
    endloop
  endfacet
  facet normal 0.9959051941484471 0.0904037845897153 0
    outer loop
      vertex 30.153137184679508 41.25988461822271 0.9
      vertex 30.153137184679508 41.25988461822271 1.5
      vertex 30.27213018387556 39.94903522729874 1.5
    endloop
  endfacet
  facet normal 0.9959051893010334 -0.09040383798972679 0
    outer loop
      vertex 30.17105757445097 41.457298904657364 0.9
      vertex 30.153137184679508 41.25988461822271 1.5
      vertex 30.153137184679508 41.25988461822271 0.9
    endloop
  endfacet
  facet normal 0.9959051893010334 -0.09040383798972679 0
    outer loop
      vertex 30.17105757445097 41.457298904657364 0.9
      vertex 30.17105757445097 41.457298904657364 1.5
      vertex 30.153137184679508 41.25988461822271 1.5
    endloop
  endfacet
  facet normal 0.22472502281376086 0.9744222206627653 -8.125125194941507e-17
    outer loop
      vertex 22.404221460223198 43.24851670116186 0.9
      vertex 30.17105757445097 41.457298904657364 1.5
      vertex 30.17105757445097 41.457298904657364 0.9
    endloop
  endfacet
  facet normal 0.22472502281376086 0.9744222206627653 0
    outer loop
      vertex 22.404221460223198 43.24851670116186 0.9
      vertex 22.404221460223198 43.24851670116186 1.5
      vertex 30.17105757445097 41.457298904657364 1.5
    endloop
  endfacet
  facet normal -0.9965308872543275 0.08322373908989344 0
    outer loop
      vertex 22.238143920898438 41.25988461822271 0.9
      vertex 22.404221460223198 43.24851670116186 1.5
      vertex 22.404221460223198 43.24851670116186 0.9
    endloop
  endfacet
  facet normal -0.9965308872543275 0.08322373908989344 0
    outer loop
      vertex 22.238143920898438 41.25988461822271 0.9
      vertex 22.238143920898438 41.25988461822271 1.5
      vertex 22.404221460223198 43.24851670116186 1.5
    endloop
  endfacet
  facet normal -0.9965308876875775 -0.08322373390210626 0
    outer loop
      vertex 22.50922130048275 38.01397183537483 0.9
      vertex 22.238143920898438 41.25988461822271 1.5
      vertex 22.238143920898438 41.25988461822271 0.9
    endloop
  endfacet
  facet normal -0.9965308876875775 -0.08322373390210626 0
    outer loop
      vertex 22.50922130048275 38.01397183537483 0.9
      vertex 22.50922130048275 38.01397183537483 1.5
      vertex 22.238143920898438 41.25988461822271 1.5
    endloop
  endfacet
  facet normal -0.968475933982006 -0.24910713618377348 5.741558686990156e-17
    outer loop
      vertex 23.31203604489565 34.89279766380787 0.9
      vertex 22.50922130048275 38.01397183537483 1.5
      vertex 22.50922130048275 38.01397183537483 0.9
    endloop
  endfacet
  facet normal -0.968475933982006 -0.24910713618377348 0
    outer loop
      vertex 23.31203604489565 34.89279766380787 0.9
      vertex 23.31203604489565 34.89279766380787 1.5
      vertex 22.50922130048275 38.01397183537483 1.5
    endloop
  endfacet
  facet normal -0.9108186480700015 -0.4128067227261866 -1.1718119751437846e-16
    outer loop
      vertex 24.615736462175846 32.01630707830191 0.9
      vertex 23.31203604489565 34.89279766380787 1.5
      vertex 23.31203604489565 34.89279766380787 0.9
    endloop
  endfacet
  facet normal -0.9108186480700015 -0.4128067227261866 0
    outer loop
      vertex 24.615736462175846 32.01630707830191 0.9
      vertex 24.615736462175846 32.01630707830191 1.5
      vertex 23.31203604489565 34.89279766380787 1.5
    endloop
  endfacet
  facet normal -0.8208194056692865 -0.571187800357045 0
    outer loop
      vertex 24.862959049642086 31.6610384657979 0.9
      vertex 24.615736462175846 32.01630707830191 1.5
      vertex 24.615736462175846 32.01630707830191 0.9
    endloop
  endfacet
  facet normal -0.8208194056692865 -0.571187800357045 0
    outer loop
      vertex 24.862959049642086 31.6610384657979 0.9
      vertex 24.862959049642086 31.6610384657979 1.5
      vertex 24.615736462175846 32.01630707830191 1.5
    endloop
  endfacet
  facet normal 0 -1 0
    outer loop
      vertex 37.34211432188749 31.6610384657979 0.9
      vertex 24.862959049642086 31.6610384657979 1.5
      vertex 24.862959049642086 31.6610384657979 0.9
    endloop
  endfacet
  facet normal 0 -1 0
    outer loop
      vertex 37.34211432188749 31.6610384657979 0.9
      vertex 37.34211432188749 31.6610384657979 1.5
      vertex 24.862959049642086 31.6610384657979 1.5
    endloop
  endfacet
  facet normal -0.6337102002695117 -0.7735705411107477 0
    outer loop
      vertex 37.689241118729115 31.37667164951563 0.9
      vertex 37.34211432188749 31.6610384657979 1.5
      vertex 37.34211432188749 31.6610384657979 0.9
    endloop
  endfacet
  facet normal -0.6337102002695117 -0.7735705411107477 0
    outer loop
      vertex 37.689241118729115 31.37667164951563 0.9
      vertex 37.689241118729115 31.37667164951563 1.5
      vertex 37.34211432188749 31.6610384657979 1.5
    endloop
  endfacet
  facet normal -0.47073637861232237 -0.8822739154315717 0
    outer loop
      vertex 39.01481282711029 30.669414170086384 0.9
      vertex 37.689241118729115 31.37667164951563 1.5
      vertex 37.689241118729115 31.37667164951563 0.9
    endloop
  endfacet
  facet normal -0.47073637861232237 -0.8822739154315717 0
    outer loop
      vertex 39.01481282711029 30.669414170086384 0.9
      vertex 39.01481282711029 30.669414170086384 1.5
      vertex 37.689241118729115 31.37667164951563 1.5
    endloop
  endfacet
  facet normal -0.28980608614059966 -0.9570853840885186 0
    outer loop
      vertex 39.88468626886606 30.406015917658806 0.9
      vertex 39.01481282711029 30.669414170086384 1.5
      vertex 39.01481282711029 30.669414170086384 0.9
    endloop
  endfacet
  facet normal -0.28980608614059966 -0.9570853840885186 0
    outer loop
      vertex 39.88468626886606 30.406015917658806 0.9
      vertex 39.88468626886606 30.406015917658806 1.5
      vertex 39.01481282711029 30.669414170086384 1.5
    endloop
  endfacet
  facet normal -1 -2.5762141991853233e-9 0
    outer loop
      vertex 39.88468628376722 24.621884614229202 0.9
      vertex 39.88468626886606 30.406015917658806 1.5
      vertex 39.88468626886606 30.406015917658806 0.9
    endloop
  endfacet
  facet normal -1 -2.5762141991853233e-9 0
    outer loop
      vertex 39.88468628376722 24.621884614229202 0.9
      vertex 39.88468628376722 24.621884614229202 1.5
      vertex 39.88468626886606 30.406015917658806 1.5
    endloop
  endfacet
  facet normal 0 -1 0
    outer loop
      vertex 42.09640198945999 24.621884614229202 0.9
      vertex 39.88468628376722 24.621884614229202 1.5
      vertex 39.88468628376722 24.621884614229202 0.9
    endloop
  endfacet
  facet normal 0 -1 0
    outer loop
      vertex 42.09640198945999 24.621884614229202 0.9
      vertex 42.09640198945999 24.621884614229202 1.5
      vertex 39.88468628376722 24.621884614229202 1.5
    endloop
  endfacet
  facet normal 1 0 0
    outer loop
      vertex 42.09640198945999 30.101323880255222 0.9
      vertex 42.09640198945999 24.621884614229202 1.5
      vertex 42.09640198945999 24.621884614229202 0.9
    endloop
  endfacet
  facet normal 1 0 0
    outer loop
      vertex 42.09640198945999 30.101323880255222 0.9
      vertex 42.09640198945999 30.101323880255222 1.5
      vertex 42.09640198945999 24.621884614229202 1.5
    endloop
  endfacet
  facet normal 0.43497872209495464 -0.9004407317112216 0
    outer loop
      vertex 43.63783872127533 46.09580999612808 0.9
      vertex 43.63783872127533 46.09580999612808 1.5
      vertex 42.14474869519472 45.37453832477331 0.9
    endloop
  endfacet
  facet normal 0.43497872209495464 -0.9004407317112216 0
    outer loop
      vertex 42.14474869519472 45.37453832477331 1.5
      vertex 42.14474869519472 45.37453832477331 0.9
      vertex 43.63783872127533 46.09580999612808 1.5
    endloop
  endfacet
  facet normal -0.8487346455334306 0.5288189685244298 0
    outer loop
      vertex 43.12819544970989 45.27785162627697 0.9
      vertex 43.12819544970989 45.27785162627697 1.5
      vertex 43.63783872127533 46.09580999612808 0.9
    endloop
  endfacet
  facet normal -0.8487346455334306 0.5288189685244298 0
    outer loop
      vertex 43.63783872127533 46.09580999612808 1.5
      vertex 43.63783872127533 46.09580999612808 0.9
      vertex 43.12819544970989 45.27785162627697 1.5
    endloop
  endfacet
  facet normal 0.09784239738459864 0.9952019218600988 0
    outer loop
      vertex 42.14474869519472 45.37453832477331 0.9
      vertex 42.14474869519472 45.37453832477331 1.5
      vertex 43.12819544970989 45.27785162627697 0.9
    endloop
  endfacet
  facet normal 0.09784239738459864 0.9952019218600988 0
    outer loop
      vertex 43.12819544970989 45.27785162627697 1.5
      vertex 43.12819544970989 45.27785162627697 0.9
      vertex 42.14474869519472 45.37453832477331 1.5
    endloop
  endfacet
  facet normal 0.8970535735294438 -0.44192181007283937 0
    outer loop
      vertex 30.78625312447548 44.15947585552931 0.9
      vertex 30.62453632056713 43.83120819926262 1.5
      vertex 30.62453632056713 43.83120819926262 0.9
    endloop
  endfacet
  facet normal 0.8970535735294438 -0.44192181007283937 0
    outer loop
      vertex 30.78625312447548 44.15947585552931 0.9
      vertex 30.78625312447548 44.15947585552931 1.5
      vertex 30.62453632056713 43.83120819926262 1.5
    endloop
  endfacet
  facet normal 0.6190756453993572 0.7853313601743976 -2.0713730228973018e-16
    outer loop
      vertex 24.12160523980856 49.4132087379694 0.9
      vertex 30.78625312447548 44.15947585552931 1.5
      vertex 30.78625312447548 44.15947585552931 0.9
    endloop
  endfacet
  facet normal 0.6190756453993572 0.7853313601743976 0
    outer loop
      vertex 24.12160523980856 49.4132087379694 0.9
      vertex 24.12160523980856 49.4132087379694 1.5
      vertex 30.78625312447548 44.15947585552931 1.5
    endloop
  endfacet
  facet normal -0.9108186460919172 0.4128067270906406 0
    outer loop
      vertex 23.31203604489565 47.62697157263756 0.9
      vertex 24.12160523980856 49.4132087379694 1.5
      vertex 24.12160523980856 49.4132087379694 0.9
    endloop
  endfacet
  facet normal -0.9108186460919172 0.4128067270906406 0
    outer loop
      vertex 23.31203604489565 47.62697157263756 0.9
      vertex 23.31203604489565 47.62697157263756 1.5
      vertex 24.12160523980856 49.4132087379694 1.5
    endloop
  endfacet
  facet normal -0.9684759346706721 0.24910713350638555 0
    outer loop
      vertex 22.793754801154137 45.61200353503227 0.9
      vertex 23.31203604489565 47.62697157263756 1.5
      vertex 23.31203604489565 47.62697157263756 0.9
    endloop
  endfacet
  facet normal -0.9684759346706721 0.24910713350638555 0
    outer loop
      vertex 22.793754801154137 45.61200353503227 0.9
      vertex 22.793754801154137 45.61200353503227 1.5
      vertex 23.31203604489565 47.62697157263756 1.5
    endloop
  endfacet
  facet normal -0.22472502422692128 -0.9744222203368565 2.304452914472261e-17
    outer loop
      vertex 30.61792554706335 43.80756299197674 0.9
      vertex 22.793754801154137 45.61200353503227 1.5
      vertex 22.793754801154137 45.61200353503227 0.9
    endloop
  endfacet
  facet normal -0.22472502422692128 -0.9744222203368565 0
    outer loop
      vertex 30.61792554706335 43.80756299197674 0.9
      vertex 30.61792554706335 43.80756299197674 1.5
      vertex 22.793754801154137 45.61200353503227 1.5
    endloop
  endfacet
  facet normal 0.9630684791629345 -0.2692565773436041 0
    outer loop
      vertex 30.62453632056713 43.83120819926262 0.9
      vertex 30.61792554706335 43.80756299197674 1.5
      vertex 30.61792554706335 43.80756299197674 0.9
    endloop
  endfacet
  facet normal 0.9630684791629345 -0.2692565773436041 0
    outer loop
      vertex 30.62453632056713 43.83120819926262 0.9
      vertex 30.62453632056713 43.83120819926262 1.5
      vertex 30.61792554706335 43.80756299197674 1.5
    endloop
  endfacet
  facet normal 0 -1 0
    outer loop
      vertex 8.832592591643333 16.64404558390379 0.9
      vertex 5.850612536072731 16.64404558390379 1.5
      vertex 5.850612536072731 16.64404558390379 0.9
    endloop
  endfacet
  facet normal 0 -1 0
    outer loop
      vertex 8.832592591643333 16.64404558390379 0.9
      vertex 8.832592591643333 16.64404558390379 1.5
      vertex 5.850612536072731 16.64404558390379 1.5
    endloop
  endfacet
  facet normal 1 0 0
    outer loop
      vertex 8.832592591643333 18.411794871091843 0.9
      vertex 8.832592591643333 16.64404558390379 1.5
      vertex 8.832592591643333 16.64404558390379 0.9
    endloop
  endfacet
  facet normal 1 0 0
    outer loop
      vertex 8.832592591643333 18.411794871091843 0.9
      vertex 8.832592591643333 18.411794871091843 1.5
      vertex 8.832592591643333 16.64404558390379 1.5
    endloop
  endfacet
  facet normal 0 1 0
    outer loop
      vertex 0.7588604018092155 18.411794871091843 0.9
      vertex 8.832592591643333 18.411794871091843 1.5
      vertex 8.832592591643333 18.411794871091843 0.9
    endloop
  endfacet
  facet normal 0 1 0
    outer loop
      vertex 0.7588604018092155 18.411794871091843 0.9
      vertex 0.7588604018092155 18.411794871091843 1.5
      vertex 8.832592591643333 18.411794871091843 1.5
    endloop
  endfacet
  facet normal -1 0 0
    outer loop
      vertex 0.7588604018092155 16.64404558390379 0.9
      vertex 0.7588604018092155 18.411794871091843 1.5
      vertex 0.7588604018092155 18.411794871091843 0.9
    endloop
  endfacet
  facet normal -1 0 0
    outer loop
      vertex 0.7588604018092155 16.64404558390379 0.9
      vertex 0.7588604018092155 16.64404558390379 1.5
      vertex 0.7588604018092155 18.411794871091843 1.5
    endloop
  endfacet
  facet normal 0 -1 0
    outer loop
      vertex 3.754401706159115 16.64404558390379 0.9
      vertex 0.7588604018092155 16.64404558390379 1.5
      vertex 0.7588604018092155 16.64404558390379 0.9
    endloop
  endfacet
  facet normal 0 -1 0
    outer loop
      vertex 3.754401706159115 16.64404558390379 0.9
      vertex 3.754401706159115 16.64404558390379 1.5
      vertex 0.7588604018092155 16.64404558390379 1.5
    endloop
  endfacet
  facet normal -1 0 0
    outer loop
      vertex 3.754401706159115 8.443475782871246 0.9
      vertex 3.754401706159115 16.64404558390379 1.5
      vertex 3.754401706159115 16.64404558390379 0.9
    endloop
  endfacet
  facet normal -1 0 0
    outer loop
      vertex 3.754401706159115 8.443475782871246 0.9
      vertex 3.754401706159115 8.443475782871246 1.5
      vertex 3.754401706159115 16.64404558390379 1.5
    endloop
  endfacet
  facet normal 0 -1 0
    outer loop
      vertex 5.850612536072731 8.443475782871246 0.9
      vertex 3.754401706159115 8.443475782871246 1.5
      vertex 3.754401706159115 8.443475782871246 0.9
    endloop
  endfacet
  facet normal 0 -1 0
    outer loop
      vertex 5.850612536072731 8.443475782871246 0.9
      vertex 5.850612536072731 8.443475782871246 1.5
      vertex 3.754401706159115 8.443475782871246 1.5
    endloop
  endfacet
  facet normal 1 0 0
    outer loop
      vertex 5.850612536072731 16.64404558390379 0.9
      vertex 5.850612536072731 8.443475782871246 1.5
      vertex 5.850612536072731 8.443475782871246 0.9
    endloop
  endfacet
  facet normal 1 0 0
    outer loop
      vertex 5.850612536072731 16.64404558390379 0.9
      vertex 5.850612536072731 16.64404558390379 1.5
      vertex 5.850612536072731 8.443475782871246 1.5
    endloop
  endfacet
  facet normal 0 -1 0
    outer loop
      vertex 14.28331908583641 12.349116809666157 0.9
      vertex 12.132962964475155 12.349116809666157 1.5
      vertex 12.132962964475155 12.349116809666157 0.9
    endloop
  endfacet
  facet normal 0 -1 0
    outer loop
      vertex 14.28331908583641 12.349116809666157 0.9
      vertex 14.28331908583641 12.349116809666157 1.5
      vertex 12.132962964475155 12.349116809666157 1.5
    endloop
  endfacet
  facet normal -0.03685759084633295 -0.9993205281575097 0
    outer loop
      vertex 14.627754986286163 12.336413100361824 0.9
      vertex 14.28331908583641 12.349116809666157 1.5
      vertex 14.28331908583641 12.349116809666157 0.9
    endloop
  endfacet
  facet normal -0.03685759084633295 -0.9993205281575097 0
    outer loop
      vertex 14.627754986286163 12.336413100361824 0.9
      vertex 14.627754986286163 12.336413100361824 1.5
      vertex 14.28331908583641 12.349116809666157 1.5
    endloop
  endfacet
  facet normal -0.12700335104263488 -0.991902287941681 0
    outer loop
      vertex 14.9254045560956 12.298301994800568 0.9
      vertex 14.627754986286163 12.336413100361824 1.5
      vertex 14.627754986286163 12.336413100361824 0.9
    endloop
  endfacet
  facet normal -0.12700335104263488 -0.991902287941681 0
    outer loop
      vertex 14.9254045560956 12.298301994800568 0.9
      vertex 14.9254045560956 12.298301994800568 1.5
      vertex 14.627754986286163 12.336413100361824 1.5
    endloop
  endfacet
  facet normal -0.24545397499516733 -0.9694082453533557 0
    outer loop
      vertex 15.176267802715302 12.234783470630646 0.9
      vertex 14.9254045560956 12.298301994800568 1.5
      vertex 14.9254045560956 12.298301994800568 0.9
    endloop
  endfacet
  facet normal -0.24545397499516733 -0.9694082453533557 0
    outer loop
      vertex 15.176267802715302 12.234783470630646 0.9
      vertex 15.176267802715302 12.234783470630646 1.5
      vertex 14.9254045560956 12.298301994800568 1.5
    endloop
  endfacet
  facet normal -0.3994695759880096 -0.9167464523301739 0
    outer loop
      vertex 15.380344726145267 12.1458575502038 0.9
      vertex 15.176267802715302 12.234783470630646 1.5
      vertex 15.176267802715302 12.234783470630646 0.9
    endloop
  endfacet
  facet normal -0.3994695759880096 -0.9167464523301739 0
    outer loop
      vertex 15.380344726145267 12.1458575502038 0.9
      vertex 15.380344726145267 12.1458575502038 1.5
      vertex 15.176267802715302 12.234783470630646 1.5
    endloop
  endfacet
  facet normal -0.5879704565995386 -0.8088824031749796 0
    outer loop
      vertex 15.537635326385498 12.03152421116829 0.9
      vertex 15.380344726145267 12.1458575502038 1.5
      vertex 15.380344726145267 12.1458575502038 0.9
    endloop
  endfacet
  facet normal -0.5879704565995386 -0.8088824031749796 0
    outer loop
      vertex 15.537635326385498 12.03152421116829 0.9
      vertex 15.537635326385498 12.03152421116829 1.5
      vertex 15.380344726145267 12.1458575502038 1.5
    endloop
  endfacet
  facet normal -0.783142539761963 -0.6218422327368753 0
    outer loop
      vertex 15.658681482076645 11.879079766571522 0.9
      vertex 15.537635326385498 12.03152421116829 1.5
      vertex 15.537635326385498 12.03152421116829 0.9
    endloop
  endfacet
  facet normal -0.783142539761963 -0.6218422327368753 0
    outer loop
      vertex 15.658681482076645 11.879079766571522 0.9
      vertex 15.658681482076645 11.879079766571522 1.5
      vertex 15.537635326385498 12.03152421116829 1.5
    endloop
  endfacet
  facet normal -0.9053462497938063 -0.4246741903910466 0
    outer loop
      vertex 15.75402507185936 11.675820507109165 0.9
      vertex 15.658681482076645 11.879079766571522 1.5
      vertex 15.658681482076645 11.879079766571522 0.9
    endloop
  endfacet
  facet normal -0.9053462497938063 -0.4246741903910466 0
    outer loop
      vertex 15.75402507185936 11.675820507109165 0.9
      vertex 15.75402507185936 11.675820507109165 1.5
      vertex 15.658681482076645 11.879079766571522 1.5
    endloop
  endfacet
  facet normal -0.9644276265546305 -0.26434703164250234 0
    outer loop
      vertex 15.823666095733643 11.42174643278122 0.9
      vertex 15.75402507185936 11.675820507109165 1.5
      vertex 15.75402507185936 11.675820507109165 0.9
    endloop
  endfacet
  facet normal -0.9644276265546305 -0.26434703164250234 0
    outer loop
      vertex 15.823666095733643 11.42174643278122 0.9
      vertex 15.823666095733643 11.42174643278122 1.5
      vertex 15.75402507185936 11.675820507109165 1.5
    endloop
  endfacet
  facet normal -0.9897747160601278 -0.14263944562460085 0
    outer loop
      vertex 15.867604561150074 11.116857543587685 0.9
      vertex 15.823666095733643 11.42174643278122 1.5
      vertex 15.823666095733643 11.42174643278122 0.9
    endloop
  endfacet
  facet normal -0.9897747160601278 -0.14263944562460085 0
    outer loop
      vertex 15.867604561150074 11.116857543587685 0.9
      vertex 15.867604561150074 11.116857543587685 1.5
      vertex 15.823666095733643 11.42174643278122 1.5
    endloop
  endfacet
  facet normal -0.9986884278460383 -0.05119984459359614 0
    outer loop
      vertex 15.885840453207493 10.76115383952856 0.9
      vertex 15.867604561150074 11.116857543587685 1.5
      vertex 15.867604561150074 11.116857543587685 0.9
    endloop
  endfacet
  facet normal -0.9986884278460383 -0.05119984459359614 0
    outer loop
      vertex 15.885840453207493 10.76115383952856 0.9
      vertex 15.885840453207493 10.76115383952856 1.5
      vertex 15.867604561150074 11.116857543587685 1.5
    endloop
  endfacet
  facet normal -0.9998926995880999 -0.014648867206095146 0
    outer loop
      vertex 15.89940170943737 9.835498571395874 0.9
      vertex 15.885840453207493 10.76115383952856 1.5
      vertex 15.885840453207493 10.76115383952856 0.9
    endloop
  endfacet
  facet normal -0.9998926995880999 -0.014648867206095146 0
    outer loop
      vertex 15.89940170943737 9.835498571395874 0.9
      vertex 15.89940170943737 9.835498571395874 1.5
      vertex 15.885840453207493 10.76115383952856 1.5
    endloop
  endfacet
  facet normal -0.9994723139799394 -0.032482204167595945 0
    outer loop
      vertex 15.90508546680212 9.660610251128674 0.9
      vertex 15.89940170943737 9.835498571395874 1.5
      vertex 15.89940170943737 9.835498571395874 0.9
    endloop
  endfacet
  facet normal -0.9994723139799394 -0.032482204167595945 0
    outer loop
      vertex 15.90508546680212 9.660610251128674 0.9
      vertex 15.90508546680212 9.660610251128674 1.5
      vertex 15.89940170943737 9.835498571395874 1.5
    endloop
  endfacet
  facet normal -0.9977561987072967 -0.0669519823542632 0
    outer loop
      vertex 15.916712254285812 9.487341307103634 0.9
      vertex 15.90508546680212 9.660610251128674 1.5
      vertex 15.90508546680212 9.660610251128674 0.9
    endloop
  endfacet
  facet normal -0.9977561987072967 -0.0669519823542632 0
    outer loop
      vertex 15.916712254285812 9.487341307103634 0.9
      vertex 15.916712254285812 9.487341307103634 1.5
      vertex 15.90508546680212 9.660610251128674 1.5
    endloop
  endfacet
  facet normal -0.9948021761824061 -0.10182647132621765 0
    outer loop
      vertex 15.934282049536705 9.315691731870174 0.9
      vertex 15.916712254285812 9.487341307103634 1.5
      vertex 15.916712254285812 9.487341307103634 0.9
    endloop
  endfacet
  facet normal -0.9948021761824061 -0.10182647132621765 0
    outer loop
      vertex 15.934282049536705 9.315691731870174 0.9
      vertex 15.934282049536705 9.315691731870174 1.5
      vertex 15.916712254285812 9.487341307103634 1.5
    endloop
  endfacet
  facet normal -0.9905734522469863 -0.13698261095295083 0
    outer loop
      vertex 15.95779487490654 9.145661532878876 0.9
      vertex 15.934282049536705 9.315691731870174 1.5
      vertex 15.934282049536705 9.315691731870174 0.9
    endloop
  endfacet
  facet normal -0.9905734522469863 -0.13698261095295083 0
    outer loop
      vertex 15.95779487490654 9.145661532878876 0.9
      vertex 15.95779487490654 9.145661532878876 1.5
      vertex 15.934282049536705 9.315691731870174 1.5
    endloop
  endfacet
  facet normal -0.9850464067086712 -0.17228922377889802 0
    outer loop
      vertex 15.987250715494156 8.977250710129738 0.9
      vertex 15.95779487490654 9.145661532878876 1.5
      vertex 15.95779487490654 9.145661532878876 0.9
    endloop
  endfacet
  facet normal -0.9850464067086712 -0.17228922377889802 0
    outer loop
      vertex 15.987250715494156 8.977250710129738 0.9
      vertex 15.987250715494156 8.977250710129738 1.5
      vertex 15.95779487490654 9.145661532878876 1.5
    endloop
  endfacet
  facet normal -0.9779893953087023 -0.20865460134806216 0
    outer loop
      vertex 16.005646154284477 8.891029059886932 0.9
      vertex 15.987250715494156 8.977250710129738 1.5
      vertex 15.987250715494156 8.977250710129738 0.9
    endloop
  endfacet
  facet normal -0.9779893953087023 -0.20865460134806216 0
    outer loop
      vertex 16.005646154284477 8.891029059886932 0.9
      vertex 16.005646154284477 8.891029059886932 1.5
      vertex 15.987250715494156 8.977250710129738 1.5
    endloop
  endfacet
  facet normal -0.9733812797177787 -0.229191806779779 0
    outer loop
      vertex 16.028365239501 8.794540740549564 0.9
      vertex 16.005646154284477 8.891029059886932 1.5
      vertex 16.005646154284477 8.891029059886932 0.9
    endloop
  endfacet
  facet normal -0.9733812797177787 -0.229191806779779 0
    outer loop
      vertex 16.028365239501 8.794540740549564 0.9
      vertex 16.028365239501 8.794540740549564 1.5
      vertex 16.005646154284477 8.891029059886932 1.5
    endloop
  endfacet
  facet normal -0.9693814535394507 -0.24555976367015367 0
    outer loop
      vertex 16.055407978594303 8.687785752117634 0.9
      vertex 16.028365239501 8.794540740549564 1.5
      vertex 16.028365239501 8.794540740549564 0.9
    endloop
  endfacet
  facet normal -0.9693814535394507 -0.24555976367015367 0
    outer loop
      vertex 16.055407978594303 8.687785752117634 0.9
      vertex 16.055407978594303 8.687785752117634 1.5
      vertex 16.028365239501 8.794540740549564 1.5
    endloop
  endfacet
  facet normal -0.9659041117446494 -0.2589000712915695 0
    outer loop
      vertex 16.086774356663227 8.570764102041721 0.9
      vertex 16.055407978594303 8.687785752117634 1.5
      vertex 16.055407978594303 8.687785752117634 0.9
    endloop
  endfacet
  facet normal -0.9659041117446494 -0.2589000712915695 0
    outer loop
      vertex 16.086774356663227 8.570764102041721 0.9
      vertex 16.086774356663227 8.570764102041721 1.5
      vertex 16.055407978594303 8.687785752117634 1.5
    endloop
  endfacet
  facet normal -0.962867124123034 -0.2699757420270156 0
    outer loop
      vertex 16.122464388608932 8.443475782871246 0.9
      vertex 16.086774356663227 8.570764102041721 1.5
      vertex 16.086774356663227 8.570764102041721 0.9
    endloop
  endfacet
  facet normal -0.962867124123034 -0.2699757420270156 0
    outer loop
      vertex 16.122464388608932 8.443475782871246 0.9
      vertex 16.122464388608932 8.443475782871246 1.5
      vertex 16.086774356663227 8.570764102041721 1.5
    endloop
  endfacet
  facet normal 0 -1 0
    outer loop
      vertex 18.414814814925194 8.443475782871246 0.9
      vertex 16.122464388608932 8.443475782871246 1.5
      vertex 16.122464388608932 8.443475782871246 0.9
    endloop
  endfacet
  facet normal 0 -1 0
    outer loop
      vertex 18.414814814925194 8.443475782871246 0.9
      vertex 18.414814814925194 8.443475782871246 1.5
      vertex 16.122464388608932 8.443475782871246 1.5
    endloop
  endfacet
  facet normal 1 0 0
    outer loop
      vertex 18.414814814925194 8.693561248481274 0.9
      vertex 18.414814814925194 8.443475782871246 1.5
      vertex 18.414814814925194 8.443475782871246 0.9
    endloop
  endfacet
  facet normal 1 0 0
    outer loop
      vertex 18.414814814925194 8.693561248481274 0.9
      vertex 18.414814814925194 8.693561248481274 1.5
      vertex 18.414814814925194 8.443475782871246 1.5
    endloop
  endfacet
  facet normal 0.5923415433716043 0.8056869714697797 0
    outer loop
      vertex 18.304450139403343 8.774701423943043 0.9
      vertex 18.414814814925194 8.693561248481274 1.5
      vertex 18.414814814925194 8.693561248481274 0.9
    endloop
  endfacet
  facet normal 0.5923415433716043 0.8056869714697797 0
    outer loop
      vertex 18.304450139403343 8.774701423943043 0.9
      vertex 18.304450139403343 8.774701423943043 1.5
      vertex 18.414814814925194 8.693561248481274 1.5
    endloop
  endfacet
  facet normal 0.722904220711419 0.690948252532428 0
    outer loop
      vertex 18.211396008729935 8.872059255838394 0.9
      vertex 18.304450139403343 8.774701423943043 1.5
      vertex 18.304450139403343 8.774701423943043 0.9
    endloop
  endfacet
  facet normal 0.722904220711419 0.690948252532428 0
    outer loop
      vertex 18.211396008729935 8.872059255838394 0.9
      vertex 18.211396008729935 8.872059255838394 1.5
      vertex 18.304450139403343 8.774701423943043 1.5
    endloop
  endfacet
  facet normal 0.831960391212348 0.5548350272412484 0
    outer loop
      vertex 18.13565242290497 8.985634751617908 0.9
      vertex 18.211396008729935 8.872059255838394 1.5
      vertex 18.211396008729935 8.872059255838394 0.9
    endloop
  endfacet
  facet normal 0.831960391212348 0.5548350272412484 0
    outer loop
      vertex 18.13565242290497 8.985634751617908 0.9
      vertex 18.13565242290497 8.985634751617908 1.5
      vertex 18.211396008729935 8.872059255838394 1.5
    endloop
  endfacet
  facet normal 0.9118528129006467 0.41051729269931864 0
    outer loop
      vertex 18.077219374477863 9.115427918732166 0.9
      vertex 18.13565242290497 8.985634751617908 1.5
      vertex 18.13565242290497 8.985634751617908 0.9
    endloop
  endfacet
  facet normal 0.9118528129006467 0.41051729269931864 0
    outer loop
      vertex 18.077219374477863 9.115427918732166 0.9
      vertex 18.077219374477863 9.115427918732166 1.5
      vertex 18.13565242290497 8.985634751617908 1.5
    endloop
  endfacet
  facet normal 0.9625529975880263 0.2710935757894402 0
    outer loop
      vertex 18.03609686344862 9.261438742280006 0.9
      vertex 18.077219374477863 9.115427918732166 1.5
      vertex 18.077219374477863 9.115427918732166 0.9
    endloop
  endfacet
  facet normal 0.9625529975880263 0.2710935757894402 0
    outer loop
      vertex 18.03609686344862 9.261438742280006 0.9
      vertex 18.03609686344862 9.261438742280006 1.5
      vertex 18.077219374477863 9.115427918732166 1.5
    endloop
  endfacet
  facet normal 0.985972745859236 0.16690639419386652 0
    outer loop
      vertex 18.016640454530716 9.37637435644865 0.9
      vertex 18.03609686344862 9.261438742280006 1.5
      vertex 18.03609686344862 9.261438742280006 0.9
    endloop
  endfacet
  facet normal 0.985972745859236 0.16690639419386652 0
    outer loop
      vertex 18.016640454530716 9.37637435644865 0.9
      vertex 18.016640454530716 9.37637435644865 1.5
      vertex 18.03609686344862 9.261438742280006 1.5
    endloop
  endfacet
  facet normal 0.9949551738363506 0.1003204966907429 0
    outer loop
      vertex 18.001507692039013 9.52645754814148 0.9
      vertex 18.016640454530716 9.37637435644865 1.5
      vertex 18.016640454530716 9.37637435644865 0.9
    endloop
  endfacet
  facet normal 0.9949551738363506 0.1003204966907429 0
    outer loop
      vertex 18.001507692039013 9.52645754814148 0.9
      vertex 18.001507692039013 9.52645754814148 1.5
      vertex 18.016640454530716 9.37637435644865 1.5
    endloop
  endfacet
  facet normal 0.9983016912088931 0.05825575790824308 0
    outer loop
      vertex 17.99069857597351 9.711688317358494 0.9
      vertex 18.001507692039013 9.52645754814148 1.5
      vertex 18.001507692039013 9.52645754814148 0.9
    endloop
  endfacet
  facet normal 0.9983016912088931 0.05825575790824308 0
    outer loop
      vertex 17.99069857597351 9.711688317358494 0.9
      vertex 17.99069857597351 9.711688317358494 1.5
      vertex 18.001507692039013 9.52645754814148 1.5
    endloop
  endfacet
  facet normal 0.9995672540180447 0.029416061851061492 0
    outer loop
      vertex 17.98421310633421 9.932066664099693 0.9
      vertex 17.99069857597351 9.711688317358494 1.5
      vertex 17.99069857597351 9.711688317358494 0.9
    endloop
  endfacet
  facet normal 0.9995672540180447 0.029416061851061492 0
    outer loop
      vertex 17.98421310633421 9.932066664099693 0.9
      vertex 17.98421310633421 9.932066664099693 1.5
      vertex 17.99069857597351 9.711688317358494 1.5
    endloop
  endfacet
  facet normal 0.9999642136745512 0.008459986420580231 0
    outer loop
      vertex 17.98205128312111 10.187592588365078 0.9
      vertex 17.98421310633421 9.932066664099693 1.5
      vertex 17.98421310633421 9.932066664099693 0.9
    endloop
  endfacet
  facet normal 0.9999642136745512 0.008459986420580231 0
    outer loop
      vertex 17.98205128312111 10.187592588365078 0.9
      vertex 17.98205128312111 10.187592588365078 1.5
      vertex 17.98421310633421 9.932066664099693 1.5
    endloop
  endfacet
  facet normal 1 0 0
    outer loop
      vertex 17.98205128312111 10.856880336999893 0.9
      vertex 17.98205128312111 10.187592588365078 1.5
      vertex 17.98205128312111 10.187592588365078 0.9
    endloop
  endfacet
  facet normal 1 0 0
    outer loop
      vertex 17.98205128312111 10.856880336999893 0.9
      vertex 17.98205128312111 10.856880336999893 1.5
      vertex 17.98205128312111 10.187592588365078 1.5
    endloop
  endfacet
  facet normal 0.9995823786023524 0.02889754985571185 0
    outer loop
      vertex 17.970556125044823 11.254504270851612 0.9
      vertex 17.98205128312111 10.856880336999893 1.5
      vertex 17.98205128312111 10.856880336999893 0.9
    endloop
  endfacet
  facet normal 0.9995823786023524 0.02889754985571185 0
    outer loop
      vertex 17.970556125044823 11.254504270851612 0.9
      vertex 17.970556125044823 11.254504270851612 1.5
      vertex 17.98205128312111 10.856880336999893 1.5
    endloop
  endfacet
  facet normal 0.9953050360811748 0.09678783576179026 0
    outer loop
      vertex 17.936070658266544 11.609131053090096 0.9
      vertex 17.970556125044823 11.254504270851612 1.5
      vertex 17.970556125044823 11.254504270851612 0.9
    endloop
  endfacet
  facet normal 0.9953050360811748 0.09678783576179026 0
    outer loop
      vertex 17.936070658266544 11.609131053090096 0.9
      vertex 17.936070658266544 11.609131053090096 1.5
      vertex 17.970556125044823 11.254504270851612 1.5
    endloop
  endfacet
  facet normal 0.9834136260521733 0.18137706606656798 0
    outer loop
      vertex 17.878594875335693 11.920760683715343 0.9
      vertex 17.936070658266544 11.609131053090096 1.5
      vertex 17.936070658266544 11.609131053090096 0.9
    endloop
  endfacet
  facet normal 0.9834136260521733 0.18137706606656798 0
    outer loop
      vertex 17.878594875335693 11.920760683715343 0.9
      vertex 17.878594875335693 11.920760683715343 1.5
      vertex 17.936070658266544 11.609131053090096 1.5
    endloop
  endfacet
  facet normal 0.9579475535516825 0.2869433474474471 0
    outer loop
      vertex 17.79812877625227 12.189393162727356 0.9
      vertex 17.878594875335693 11.920760683715343 1.5
      vertex 17.878594875335693 11.920760683715343 0.9
    endloop
  endfacet
  facet normal 0.9579475535516825 0.2869433474474471 0
    outer loop
      vertex 17.79812877625227 12.189393162727356 0.9
      vertex 17.79812877625227 12.189393162727356 1.5
      vertex 17.878594875335693 11.920760683715343 1.5
    endloop
  endfacet
  facet normal 0.9090034354794473 0.41678862062988525 0
    outer loop
      vertex 17.694672361016273 12.415028490126133 0.9
      vertex 17.79812877625227 12.189393162727356 1.5
      vertex 17.79812877625227 12.189393162727356 0.9
    endloop
  endfacet
  facet normal 0.9090034354794473 0.41678862062988525 0
    outer loop
      vertex 17.694672361016273 12.415028490126133 0.9
      vertex 17.694672361016273 12.415028490126133 1.5
      vertex 17.79812877625227 12.189393162727356 1.5
    endloop
  endfacet
  facet normal 0.8297881933365111 0.5580784480692019 0
    outer loop
      vertex 17.563626781105995 12.609875783324242 0.9
      vertex 17.694672361016273 12.415028490126133 1.5
      vertex 17.694672361016273 12.415028490126133 0.9
    endloop
  endfacet
  facet normal 0.8297881933365111 0.5580784480692019 0
    outer loop
      vertex 17.563626781105995 12.609875783324242 0.9
      vertex 17.563626781105995 12.609875783324242 1.5
      vertex 17.694672361016273 12.415028490126133 1.5
    endloop
  endfacet
  facet normal 0.7335613432052358 0.6796232454492198 0
    outer loop
      vertex 17.400393165647984 12.786064386367798 0.9
      vertex 17.563626781105995 12.609875783324242 1.5
      vertex 17.563626781105995 12.609875783324242 0.9
    endloop
  endfacet
  facet normal 0.7335613432052358 0.6796232454492198 0
    outer loop
      vertex 17.400393165647984 12.786064386367798 0.9
      vertex 17.400393165647984 12.786064386367798 1.5
      vertex 17.563626781105995 12.609875783324242 1.5
    endloop
  endfacet
  facet normal 0.6275878074424445 0.7785457879595684 0
    outer loop
      vertex 17.204971507191658 12.943594299256802 0.9
      vertex 17.400393165647984 12.786064386367798 1.5
      vertex 17.400393165647984 12.786064386367798 0.9
    endloop
  endfacet
  facet normal 0.6275878074424445 0.7785457879595684 0
    outer loop
      vertex 17.204971507191658 12.943594299256802 0.9
      vertex 17.204971507191658 12.943594299256802 1.5
      vertex 17.400393165647984 12.786064386367798 1.5
    endloop
  endfacet
  facet normal 0.5208393269147558 0.8536547285284515 0
    outer loop
      vertex 16.97736182063818 13.082465521991253 0.9
      vertex 17.204971507191658 12.943594299256802 1.5
      vertex 17.204971507191658 12.943594299256802 0.9
    endloop
  endfacet
  facet normal 0.5208393269147558 0.8536547285284515 0
    outer loop
      vertex 16.97736182063818 13.082465521991253 0.9
      vertex 16.97736182063818 13.082465521991253 1.5
      vertex 17.204971507191658 12.943594299256802 1.5
    endloop
  endfacet
  facet normal 0.4199389321900054 0.9075523639058619 0
    outer loop
      vertex 16.71756410598755 13.202678062021732 0.9
      vertex 16.97736182063818 13.082465521991253 1.5
      vertex 16.97736182063818 13.082465521991253 0.9
    endloop
  endfacet
  facet normal 0.4199389321900054 0.9075523639058619 0
    outer loop
      vertex 16.71756410598755 13.202678062021732 0.9
      vertex 16.71756410598755 13.202678062021732 1.5
      vertex 16.97736182063818 13.082465521991253 1.5
    endloop
  endfacet
  facet normal 0.38467332161416834 -0.9230527805268357 0
    outer loop
      vertex 17.02887862920761 13.332415379583836 0.9
      vertex 16.71756410598755 13.202678062021732 1.5
      vertex 16.71756410598755 13.202678062021732 0.9
    endloop
  endfacet
  facet normal 0.38467332161416834 -0.9230527805268357 0
    outer loop
      vertex 17.02887862920761 13.332415379583836 0.9
      vertex 17.02887862920761 13.332415379583836 1.5
      vertex 16.71756410598755 13.202678062021732 1.5
    endloop
  endfacet
  facet normal 0.5088192395529724 -0.8608733829435865 0
    outer loop
      vertex 17.30286780744791 13.49435669183731 0.9
      vertex 17.02887862920761 13.332415379583836 1.5
      vertex 17.02887862920761 13.332415379583836 0.9
    endloop
  endfacet
  facet normal 0.5088192395529724 -0.8608733829435865 0
    outer loop
      vertex 17.30286780744791 13.49435669183731 0.9
      vertex 17.30286780744791 13.49435669183731 1.5
      vertex 17.02887862920761 13.332415379583836 1.5
    endloop
  endfacet
  facet normal 0.6342377364559825 -0.7731380818813621 0
    outer loop
      vertex 17.539531625807285 13.688501991331577 0.9
      vertex 17.30286780744791 13.49435669183731 1.5
      vertex 17.30286780744791 13.49435669183731 0.9
    endloop
  endfacet
  facet normal 0.6342377364559825 -0.7731380818813621 0
    outer loop
      vertex 17.539531625807285 13.688501991331577 0.9
      vertex 17.539531625807285 13.688501991331577 1.5
      vertex 17.30286780744791 13.49435669183731 1.5
    endloop
  endfacet
  facet normal 0.7504650320712218 -0.6609101570095136 0
    outer loop
      vertex 17.738870084285736 13.914851278066635 0.9
      vertex 17.539531625807285 13.688501991331577 1.5
      vertex 17.539531625807285 13.688501991331577 0.9
    endloop
  endfacet
  facet normal 0.7504650320712218 -0.6609101570095136 0
    outer loop
      vertex 17.738870084285736 13.914851278066635 0.9
      vertex 17.738870084285736 13.914851278066635 1.5
      vertex 17.539531625807285 13.688501991331577 1.5
    endloop
  endfacet
  facet normal 0.8473830406097852 -0.5309820924352491 0
    outer loop
      vertex 17.900883190333843 14.173404552042484 0.9
      vertex 17.738870084285736 13.914851278066635 1.5
      vertex 17.738870084285736 13.914851278066635 0.9
    endloop
  endfacet
  facet normal 0.8473830406097852 -0.5309820924352491 0
    outer loop
      vertex 17.900883190333843 14.173404552042484 0.9
      vertex 17.900883190333843 14.173404552042484 1.5
      vertex 17.738870084285736 13.914851278066635 1.5
    endloop
  endfacet
  facet normal 0.905697721896789 -0.4239240929116519 0
    outer loop
      vertex 18.029898576438427 14.449041023850441 0.9
      vertex 17.900883190333843 14.173404552042484 1.5
      vertex 17.900883190333843 14.173404552042484 0.9
    endloop
  endfacet
  facet normal 0.905697721896789 -0.4239240929116519 0
    outer loop
      vertex 18.029898576438427 14.449041023850441 0.9
      vertex 18.029898576438427 14.449041023850441 1.5
      vertex 17.900883190333843 14.173404552042484 1.5
    endloop
  endfacet
  facet normal 0.9404130121244849 -0.3400343609504095 0
    outer loop
      vertex 18.130243875086308 14.726560108363628 0.9
      vertex 18.029898576438427 14.449041023850441 1.5
      vertex 18.029898576438427 14.449041023850441 0.9
    endloop
  endfacet
  facet normal 0.9404130121244849 -0.3400343609504095 0
    outer loop
      vertex 18.130243875086308 14.726560108363628 0.9
      vertex 18.130243875086308 14.726560108363628 1.5
      vertex 18.029898576438427 14.449041023850441 1.5
    endloop
  endfacet
  facet normal 0.9686357121619943 -0.2484851245536167 0
    outer loop
      vertex 18.201919086277485 15.005961820483208 0.9
      vertex 18.130243875086308 14.726560108363628 1.5
      vertex 18.130243875086308 14.726560108363628 0.9
    endloop
  endfacet
  facet normal 0.9686357121619943 -0.2484851245536167 0
    outer loop
      vertex 18.201919086277485 15.005961820483208 0.9
      vertex 18.201919086277485 15.005961820483208 1.5
      vertex 18.130243875086308 14.726560108363628 1.5
    endloop
  endfacet
  facet normal 0.9885135411282461 -0.15113232283696074 0
    outer loop
      vertex 18.24492421746254 15.287246152758598 0.9
      vertex 18.201919086277485 15.005961820483208 1.5
      vertex 18.201919086277485 15.005961820483208 0.9
    endloop
  endfacet
  facet normal 0.9885135411282461 -0.15113232283696074 0
    outer loop
      vertex 18.24492421746254 15.287246152758598 0.9
      vertex 18.24492421746254 15.287246152758598 1.5
      vertex 18.201919086277485 15.005961820483208 1.5
    endloop
  endfacet
  facet normal 0.9987210630349893 -0.050559254842814816 0
    outer loop
      vertex 18.25925926119089 15.5704131051898 0.9
      vertex 18.24492421746254 15.287246152758598 1.5
      vertex 18.24492421746254 15.287246152758598 0.9
    endloop
  endfacet
  facet normal 0.9987210630349893 -0.050559254842814816 0
    outer loop
      vertex 18.25925926119089 15.5704131051898 0.9
      vertex 18.25925926119089 15.5704131051898 1.5
      vertex 18.24492421746254 15.287246152758598 1.5
    endloop
  endfacet
  facet normal 0.9994596005782844 0.032871063443338455 0
    outer loop
      vertex 18.25168489664793 15.80071509629488 0.9
      vertex 18.25925926119089 15.5704131051898 1.5
      vertex 18.25925926119089 15.5704131051898 0.9
    endloop
  endfacet
  facet normal 0.9994596005782844 0.032871063443338455 0
    outer loop
      vertex 18.25168489664793 15.80071509629488 0.9
      vertex 18.25168489664793 15.80071509629488 1.5
      vertex 18.25925926119089 15.5704131051898 1.5
    endloop
  endfacet
  facet normal 0.9947087765705086 0.10273485199094677 0
    outer loop
      vertex 18.22896182537079 16.0207264944911 0.9
      vertex 18.25168489664793 15.80071509629488 1.5
      vertex 18.25168489664793 15.80071509629488 0.9
    endloop
  endfacet
  facet normal 0.9947087765705086 0.10273485199094677 0
    outer loop
      vertex 18.22896182537079 16.0207264944911 0.9
      vertex 18.22896182537079 16.0207264944911 1.5
      vertex 18.25168489664793 15.80071509629488 1.5
    endloop
  endfacet
  facet normal 0.9840833110426495 0.17770772894653686 0
    outer loop
      vertex 18.191090025007725 16.23044729232788 0.9
      vertex 18.22896182537079 16.0207264944911 1.5
      vertex 18.22896182537079 16.0207264944911 0.9
    endloop
  endfacet
  facet normal 0.9840833110426495 0.17770772894653686 0
    outer loop
      vertex 18.191090025007725 16.23044729232788 0.9
      vertex 18.191090025007725 16.23044729232788 1.5
      vertex 18.22896182537079 16.0207264944911 1.5
    endloop
  endfacet
  facet normal 0.966428759506047 0.25693472478355894 0
    outer loop
      vertex 18.13806951791048 16.42987748980522 0.9
      vertex 18.191090025007725 16.23044729232788 1.5
      vertex 18.191090025007725 16.23044729232788 0.9
    endloop
  endfacet
  facet normal 0.966428759506047 0.25693472478355894 0
    outer loop
      vertex 18.13806951791048 16.42987748980522 0.9
      vertex 18.13806951791048 16.42987748980522 1.5
      vertex 18.191090025007725 16.23044729232788 1.5
    endloop
  endfacet
  facet normal 0.9407621533828496 0.3390672068520688 0
    outer loop
      vertex 18.069900281727314 16.619017094373703 0.9
      vertex 18.13806951791048 16.42987748980522 1.5
      vertex 18.13806951791048 16.42987748980522 0.9
    endloop
  endfacet
  facet normal 0.9407621533828496 0.3390672068520688 0
    outer loop
      vertex 18.069900281727314 16.619017094373703 0.9
      vertex 18.069900281727314 16.619017094373703 1.5
      vertex 18.13806951791048 16.42987748980522 1.5
    endloop
  endfacet
  facet normal 0.9123672896262721 0.40937260389528995 0
    outer loop
      vertex 17.988784044981003 16.79980056732893 0.9
      vertex 18.069900281727314 16.619017094373703 1.5
      vertex 18.069900281727314 16.619017094373703 0.9
    endloop
  endfacet
  facet normal 0.9123672896262721 0.40937260389528995 0
    outer loop
      vertex 17.988784044981003 16.79980056732893 0.9
      vertex 17.988784044981003 16.79980056732893 1.5
      vertex 18.069900281727314 16.619017094373703 1.5
    endloop
  endfacet
  facet normal 0.8844703817533242 0.46659633924960137 0
    outer loop
      vertex 17.89684273302555 16.974082618951797 0.9
      vertex 17.988784044981003 16.79980056732893 1.5
      vertex 17.988784044981003 16.79980056732893 0.9
    endloop
  endfacet
  facet normal 0.8844703817533242 0.46659633924960137 0
    outer loop
      vertex 17.89684273302555 16.974082618951797 0.9
      vertex 17.89684273302555 16.974082618951797 1.5
      vertex 17.988784044981003 16.79980056732893 1.5
    endloop
  endfacet
  facet normal 0.8527527210187383 0.522314844509648 0
    outer loop
      vertex 17.79407635331154 17.141863241791725 0.9
      vertex 17.89684273302555 16.974082618951797 1.5
      vertex 17.89684273302555 16.974082618951797 0.9
    endloop
  endfacet
  facet normal 0.8527527210187383 0.522314844509648 0
    outer loop
      vertex 17.79407635331154 17.141863241791725 0.9
      vertex 17.79407635331154 17.141863241791725 1.5
      vertex 17.89684273302555 16.974082618951797 1.5
    endloop
  endfacet
  facet normal 0.8175709221965209 0.5758279145532371 0
    outer loop
      vertex 17.680484898388386 17.303142450749874 0.9
      vertex 17.79407635331154 17.141863241791725 1.5
      vertex 17.79407635331154 17.141863241791725 0.9
    endloop
  endfacet
  facet normal 0.8175709221965209 0.5758279145532371 0
    outer loop
      vertex 17.680484898388386 17.303142450749874 0.9
      vertex 17.680484898388386 17.303142450749874 1.5
      vertex 17.79407635331154 17.141863241791725 1.5
    endloop
  endfacet
  facet normal 0.7794068186982244 0.6265181649136066 0
    outer loop
      vertex 17.556068375706673 17.457920223474503 0.9
      vertex 17.680484898388386 17.303142450749874 1.5
      vertex 17.680484898388386 17.303142450749874 0.9
    endloop
  endfacet
  facet normal 0.7794068186982244 0.6265181649136066 0
    outer loop
      vertex 17.556068375706673 17.457920223474503 0.9
      vertex 17.556068375706673 17.457920223474503 1.5
      vertex 17.680484898388386 17.303142450749874 1.5
    endloop
  endfacet
  facet normal 0.7302657995828843 0.6831631298303288 0
    outer loop
      vertex 17.39229629933834 17.632984042167664 0.9
      vertex 17.556068375706673 17.457920223474503 1.5
      vertex 17.556068375706673 17.457920223474503 0.9
    endloop
  endfacet
  facet normal 0.7302657995828843 0.6831631298303288 0
    outer loop
      vertex 17.39229629933834 17.632984042167664 0.9
      vertex 17.39229629933834 17.632984042167664 1.5
      vertex 17.556068375706673 17.457920223474503 1.5
    endloop
  endfacet
  facet normal 0.6628561472092834 0.748746771683768 0
    outer loop
      vertex 17.214723646640778 17.790186889469624 0.9
      vertex 17.39229629933834 17.632984042167664 1.5
      vertex 17.39229629933834 17.632984042167664 0.9
    endloop
  endfacet
  facet normal 0.6628561472092834 0.748746771683768 0
    outer loop
      vertex 17.214723646640778 17.790186889469624 0.9
      vertex 17.214723646640778 17.790186889469624 1.5
      vertex 17.39229629933834 17.632984042167664 1.5
    endloop
  endfacet
  facet normal 0.5886174258375835 0.8084117304940205 0
    outer loop
      vertex 17.023350425064564 17.929528772830963 0.9
      vertex 17.214723646640778 17.790186889469624 1.5
      vertex 17.214723646640778 17.790186889469624 0.9
    endloop
  endfacet
  facet normal 0.5886174258375835 0.8084117304940205 0
    outer loop
      vertex 17.023350425064564 17.929528772830963 0.9
      vertex 17.023350425064564 17.929528772830963 1.5
      vertex 17.214723646640778 17.790186889469624 1.5
    endloop
  endfacet
  facet normal 0.5094809232987405 0.8604819514636335 0
    outer loop
      vertex 16.8181766346097 18.0510096848011 0.9
      vertex 17.023350425064564 17.929528772830963 1.5
      vertex 17.023350425064564 17.929528772830963 0.9
    endloop
  endfacet
  facet normal 0.5094809232987405 0.8604819514636335 0
    outer loop
      vertex 16.8181766346097 18.0510096848011 0.9
      vertex 16.8181766346097 18.0510096848011 1.5
      vertex 17.023350425064564 17.929528772830963 1.5
    endloop
  endfacet
  facet normal 0.427733146319656 0.9039050589190702 0
    outer loop
      vertex 16.599202282726765 18.15462962538004 0.9
      vertex 16.8181766346097 18.0510096848011 1.5
      vertex 16.8181766346097 18.0510096848011 0.9
    endloop
  endfacet
  facet normal 0.427733146319656 0.9039050589190702 0
    outer loop
      vertex 16.599202282726765 18.15462962538004 0.9
      vertex 16.599202282726765 18.15462962538004 1.5
      vertex 16.8181766346097 18.0510096848011 1.5
    endloop
  endfacet
  facet normal 0.33123707659660007 0.9435475605859718 0
    outer loop
      vertex 16.354026779532433 18.24069970846176 0.9
      vertex 16.599202282726765 18.15462962538004 1.5
      vertex 16.599202282726765 18.15462962538004 0.9
    endloop
  endfacet
  facet normal 0.33123707659660007 0.9435475605859718 0
    outer loop
      vertex 16.354026779532433 18.24069970846176 0.9
      vertex 16.354026779532433 18.24069970846176 1.5
      vertex 16.599202282726765 18.15462962538004 1.5
    endloop
  endfacet
  facet normal 0.2353987459980549 0.9718988786815957 0
    outer loop
      vertex 16.070169799029827 18.309451282024384 0.9
      vertex 16.354026779532433 18.24069970846176 1.5
      vertex 16.354026779532433 18.24069970846176 0.9
    endloop
  endfacet
  facet normal 0.2353987459980549 0.9718988786815957 0
    outer loop
      vertex 16.070169799029827 18.309451282024384 0.9
      vertex 16.070169799029827 18.309451282024384 1.5
      vertex 16.354026779532433 18.24069970846176 1.5
    endloop
  endfacet
  facet normal 0.15747371201713245 0.9875231794867123 0
    outer loop
      vertex 15.747631341218948 18.360884331166744 0.9
      vertex 16.070169799029827 18.309451282024384 1.5
      vertex 16.070169799029827 18.309451282024384 0.9
    endloop
  endfacet
  facet normal 0.15747371201713245 0.9875231794867123 0
    outer loop
      vertex 15.747631341218948 18.360884331166744 0.9
      vertex 15.747631341218948 18.360884331166744 1.5
      vertex 16.070169799029827 18.309451282024384 1.5
    endloop
  endfacet
  facet normal 0.09402414032969013 0.9955699177030526 0
    outer loop
      vertex 15.386411398649216 18.394998855888844 0.9
      vertex 15.747631341218948 18.360884331166744 1.5
      vertex 15.747631341218948 18.360884331166744 0.9
    endloop
  endfacet
  facet normal 0.09402414032969013 0.9955699177030526 0
    outer loop
      vertex 15.386411398649216 18.394998855888844 0.9
      vertex 15.386411398649216 18.394998855888844 1.5
      vertex 15.747631341218948 18.360884331166744 1.5
    endloop
  endfacet
  facet normal 0.04196339214593348 0.9991191489104823 0
    outer loop
      vertex 14.98650997132063 18.411794871091843 0.9
      vertex 15.386411398649216 18.394998855888844 1.5
      vertex 15.386411398649216 18.394998855888844 0.9
    endloop
  endfacet
  facet normal 0.04196339214593348 0.9991191489104823 0
    outer loop
      vertex 14.98650997132063 18.411794871091843 0.9
      vertex 14.98650997132063 18.411794871091843 1.5
      vertex 15.386411398649216 18.394998855888844 1.5
    endloop
  endfacet
  facet normal 0 1 0
    outer loop
      vertex 10.097578346729279 18.411794871091843 0.9
      vertex 14.98650997132063 18.411794871091843 1.5
      vertex 14.98650997132063 18.411794871091843 0.9
    endloop
  endfacet
  facet normal 0 1 0
    outer loop
      vertex 10.097578346729279 18.411794871091843 0.9
      vertex 10.097578346729279 18.411794871091843 1.5
      vertex 14.98650997132063 18.411794871091843 1.5
    endloop
  endfacet
  facet normal -1 0 0
    outer loop
      vertex 10.097578346729279 8.443475782871246 0.9
      vertex 10.097578346729279 18.411794871091843 1.5
      vertex 10.097578346729279 18.411794871091843 0.9
    endloop
  endfacet
  facet normal -1 0 0
    outer loop
      vertex 10.097578346729279 8.443475782871246 0.9
      vertex 10.097578346729279 8.443475782871246 1.5
      vertex 10.097578346729279 18.411794871091843 1.5
    endloop
  endfacet
  facet normal 0 -1 0
    outer loop
      vertex 12.132962964475155 8.443475782871246 0.9
      vertex 10.097578346729279 8.443475782871246 1.5
      vertex 10.097578346729279 8.443475782871246 0.9
    endloop
  endfacet
  facet normal 0 -1 0
    outer loop
      vertex 12.132962964475155 8.443475782871246 0.9
      vertex 12.132962964475155 8.443475782871246 1.5
      vertex 10.097578346729279 8.443475782871246 1.5
    endloop
  endfacet
  facet normal 1 0 0
    outer loop
      vertex 12.132962964475155 12.349116809666157 0.9
      vertex 12.132962964475155 8.443475782871246 1.5
      vertex 12.132962964475155 8.443475782871246 0.9
    endloop
  endfacet
  facet normal 1 0 0
    outer loop
      vertex 12.132962964475155 12.349116809666157 0.9
      vertex 12.132962964475155 12.349116809666157 1.5
      vertex 12.132962964475155 8.443475782871246 1.5
    endloop
  endfacet
  facet normal 0 -1 0
    outer loop
      vertex 14.553746439516544 16.682336181402206 0.9
      vertex 14.553746439516544 16.682336181402206 1.5
      vertex 12.132962964475155 16.682336181402206 0.9
    endloop
  endfacet
  facet normal 0 -1 0
    outer loop
      vertex 12.132962964475155 16.682336181402206 1.5
      vertex 12.132962964475155 16.682336181402206 0.9
      vertex 14.553746439516544 16.682336181402206 1.5
    endloop
  endfacet
  facet normal -0.027388059767088784 -0.9996248767323643 0
    outer loop
      vertex 14.810692310333252 16.675296291708946 0.9
      vertex 14.810692310333252 16.675296291708946 1.5
      vertex 14.553746439516544 16.682336181402206 0.9
    endloop
  endfacet
  facet normal -0.027388059767088784 -0.9996248767323643 0
    outer loop
      vertex 14.553746439516544 16.682336181402206 1.5
      vertex 14.553746439516544 16.682336181402206 0.9
      vertex 14.810692310333252 16.675296291708946 1.5
    endloop
  endfacet
  facet normal -0.09147809853605161 -0.9958070884906518 0
    outer loop
      vertex 15.040595442056656 16.654176637530327 0.9
      vertex 15.040595442056656 16.654176637530327 1.5
      vertex 14.810692310333252 16.675296291708946 0.9
    endloop
  endfacet
  facet normal -0.09147809853605161 -0.9958070884906518 0
    outer loop
      vertex 14.810692310333252 16.675296291708946 1.5
      vertex 14.810692310333252 16.675296291708946 0.9
      vertex 15.040595442056656 16.654176637530327 1.5
    endloop
  endfacet
  facet normal -0.17096101668457828 -0.9852777937080361 0
    outer loop
      vertex 15.243455842137337 16.618977203965187 0.9
      vertex 15.243455842137337 16.618977203965187 1.5
      vertex 15.040595442056656 16.654176637530327 0.9
    endloop
  endfacet
  facet normal -0.17096101668457828 -0.9852777937080361 0
    outer loop
      vertex 15.040595442056656 16.654176637530327 1.5
      vertex 15.040595442056656 16.654176637530327 0.9
      vertex 15.243455842137337 16.618977203965187 1.5
    endloop
  endfacet
  facet normal -0.26988512576895746 -0.9628925271745928 0
    outer loop
      vertex 15.419273503124714 16.569698005914688 0.9
      vertex 15.419273503124714 16.569698005914688 1.5
      vertex 15.243455842137337 16.618977203965187 0.9
    endloop
  endfacet
  facet normal -0.26988512576895746 -0.9628925271745928 0
    outer loop
      vertex 15.243455842137337 16.618977203965187 1.5
      vertex 15.243455842137337 16.618977203965187 0.9
      vertex 15.419273503124714 16.569698005914688 1.5
    endloop
  endfacet
  facet normal -0.3918195494804173 -0.9200420863444037 0
    outer loop
      vertex 15.568048432469368 16.50633902847767 0.9
      vertex 15.568048432469368 16.50633902847767 1.5
      vertex 15.419273503124714 16.569698005914688 0.9
    endloop
  endfacet
  facet normal -0.3918195494804173 -0.9200420863444037 0
    outer loop
      vertex 15.419273503124714 16.569698005914688 1.5
      vertex 15.419273503124714 16.569698005914688 0.9
      vertex 15.568048432469368 16.50633902847767 1.5
    endloop
  endfacet
  facet normal -0.5650057248633805 -0.8250869838214672 0
    outer loop
      vertex 15.784689456224442 16.357986889779568 0.9
      vertex 15.784689456224442 16.357986889779568 1.5
      vertex 15.568048432469368 16.50633902847767 0.9
    endloop
  endfacet
  facet normal -0.5650057248633805 -0.8250869838214672 0
    outer loop
      vertex 15.568048432469368 16.50633902847767 1.5
      vertex 15.568048432469368 16.50633902847767 0.9
      vertex 15.784689456224442 16.357986889779568 1.5
    endloop
  endfacet
  facet normal -0.7583157782764095 -0.6518873985720565 0
    outer loop
      vertex 15.95318803191185 16.161978915333748 0.9
      vertex 15.95318803191185 16.161978915333748 1.5
      vertex 15.784689456224442 16.357986889779568 0.9
    endloop
  endfacet
  facet normal -0.7583157782764095 -0.6518873985720565 0
    outer loop
      vertex 15.784689456224442 16.357986889779568 1.5
      vertex 15.784689456224442 16.357986889779568 0.9
      vertex 15.95318803191185 16.161978915333748 1.5
    endloop
  endfacet
  facet normal -0.8965887629063545 -0.44286407647274006 0
    outer loop
      vertex 16.073544159531593 15.918315097689629 0.9
      vertex 16.073544159531593 15.918315097689629 1.5
      vertex 15.95318803191185 16.161978915333748 0.9
    endloop
  endfacet
  facet normal -0.8965887629063545 -0.44286407647274006 0
    outer loop
      vertex 15.95318803191185 16.161978915333748 1.5
      vertex 15.95318803191185 16.161978915333748 0.9
      vertex 16.073544159531593 15.918315097689629 1.5
    endloop
  endfacet
  facet normal -0.9706236835382464 -0.24060271186054016 0
    outer loop
      vertex 16.14575783163309 15.62699543684721 0.9
      vertex 16.14575783163309 15.62699543684721 1.5
      vertex 16.073544159531593 15.918315097689629 0.9
    endloop
  endfacet
  facet normal -0.9706236835382464 -0.24060271186054016 0
    outer loop
      vertex 16.073544159531593 15.918315097689629 1.5
      vertex 16.073544159531593 15.918315097689629 0.9
      vertex 16.14575783163309 15.62699543684721 1.5
    endloop
  endfacet
  facet normal -0.9974881639159922 -0.07083334559021541 0
    outer loop
      vertex 16.169829063117504 15.288019940257072 0.9
      vertex 16.169829063117504 15.288019940257072 1.5
      vertex 16.14575783163309 15.62699543684721 0.9
    endloop
  endfacet
  facet normal -0.9974881639159922 -0.07083334559021541 0
    outer loop
      vertex 16.14575783163309 15.62699543684721 1.5
      vertex 16.14575783163309 15.62699543684721 0.9
      vertex 16.169829063117504 15.288019940257072 1.5
    endloop
  endfacet
  facet normal -0.9968648047531249 0.07912370722175638 0
    outer loop
      vertex 16.14494416117668 14.974499709904194 0.9
      vertex 16.14494416117668 14.974499709904194 1.5
      vertex 16.169829063117504 15.288019940257072 0.9
    endloop
  endfacet
  facet normal -0.9968648047531249 0.07912370722175638 0
    outer loop
      vertex 16.169829063117504 15.288019940257072 1.5
      vertex 16.169829063117504 15.288019940257072 0.9
      vertex 16.14494416117668 14.974499709904194 1.5
    endloop
  endfacet
  facet normal -0.9636107379157655 0.26730945694724995 0
    outer loop
      vertex 16.070289455354214 14.705380626022816 0.9
      vertex 16.070289455354214 14.705380626022816 1.5
      vertex 16.14494416117668 14.974499709904194 0.9
    endloop
  endfacet
  facet normal -0.9636107379157655 0.26730945694724995 0
    outer loop
      vertex 16.14494416117668 14.974499709904194 1.5
      vertex 16.14494416117668 14.974499709904194 0.9
      vertex 16.070289455354214 14.705380626022816 1.5
    endloop
  endfacet
  facet normal -0.8748485712023981 0.4843965085187159 0
    outer loop
      vertex 15.945864960551262 14.480662673711777 0.9
      vertex 15.945864960551262 14.480662673711777 1.5
      vertex 16.070289455354214 14.705380626022816 0.9
    endloop
  endfacet
  facet normal -0.8748485712023981 0.4843965085187159 0
    outer loop
      vertex 16.070289455354214 14.705380626022816 1.5
      vertex 16.070289455354214 14.705380626022816 0.9
      vertex 15.945864960551262 14.480662673711777 1.5
    endloop
  endfacet
  facet normal -0.7192114516917942 0.6947912548063496 0
    outer loop
      vertex 15.771670654416084 14.300345867872238 0.9
      vertex 15.771670654416084 14.300345867872238 1.5
      vertex 15.945864960551262 14.480662673711777 0.9
    endloop
  endfacet
  facet normal -0.7192114516917942 0.6947912548063496 0
    outer loop
      vertex 15.945864960551262 14.480662673711777 1.5
      vertex 15.945864960551262 14.480662673711777 0.9
      vertex 15.771670654416084 14.300345867872238 1.5
    endloop
  endfacet
  facet normal -0.5188037243215257 0.8548933826098518 0
    outer loop
      vertex 15.547706551849842 14.164430193603039 0.9
      vertex 15.547706551849842 14.164430193603039 1.5
      vertex 15.771670654416084 14.300345867872238 0.9
    endloop
  endfacet
  facet normal -0.5188037243215257 0.8548933826098518 0
    outer loop
      vertex 15.771670654416084 14.300345867872238 1.5
      vertex 15.771670654416084 14.300345867872238 0.9
      vertex 15.547706551849842 14.164430193603039 1.5
    endloop
  endfacet
  facet normal -0.3535801625434618 0.9354042274095937 0
    outer loop
      vertex 15.393004558980465 14.10595327615738 0.9
      vertex 15.393004558980465 14.10595327615738 1.5
      vertex 15.547706551849842 14.164430193603039 0.9
    endloop
  endfacet
  facet normal -0.3535801625434618 0.9354042274095937 0
    outer loop
      vertex 15.547706551849842 14.164430193603039 1.5
      vertex 15.547706551849842 14.164430193603039 0.9
      vertex 15.393004558980465 14.10595327615738 1.5
    endloop
  endfacet
  facet normal -0.24140968848149888 0.9704232902745409 0
    outer loop
      vertex 15.210174925625324 14.060471221804619 0.9
      vertex 15.210174925625324 14.060471221804619 1.5
      vertex 15.393004558980465 14.10595327615738 0.9
    endloop
  endfacet
  facet normal -0.24140968848149888 0.9704232902745409 0
    outer loop
      vertex 15.393004558980465 14.10595327615738 1.5
      vertex 15.393004558980465 14.10595327615738 0.9
      vertex 15.210174925625324 14.060471221804619 1.5
    endloop
  endfacet
  facet normal -0.1522046151972136 0.9883490047107186 0
    outer loop
      vertex 14.999217666685581 14.027984045445919 0.9
      vertex 14.999217666685581 14.027984045445919 1.5
      vertex 15.210174925625324 14.060471221804619 0.9
    endloop
  endfacet
  facet normal -0.1522046151972136 0.9883490047107186 0
    outer loop
      vertex 15.210174925625324 14.060471221804619 1.5
      vertex 15.210174925625324 14.060471221804619 0.9
      vertex 14.999217666685581 14.027984045445919 1.5
    endloop
  endfacet
  facet normal -0.0812592165422992 0.9966930017447357 0
    outer loop
      vertex 14.760132759809494 14.008491732180119 0.9
      vertex 14.760132759809494 14.008491732180119 1.5
      vertex 14.999217666685581 14.027984045445919 0.9
    endloop
  endfacet
  facet normal -0.0812592165422992 0.9966930017447357 0
    outer loop
      vertex 14.999217666685581 14.027984045445919 1.5
      vertex 14.999217666685581 14.027984045445919 0.9
      vertex 14.760132759809494 14.008491732180119 1.5
    endloop
  endfacet
  facet normal -0.0243084231971907 0.9997045066226651 0
    outer loop
      vertex 14.492920227348804 14.001994296908379 0.9
      vertex 14.492920227348804 14.001994296908379 1.5
      vertex 14.760132759809494 14.008491732180119 0.9
    endloop
  endfacet
  facet normal -0.0243084231971907 0.9997045066226651 0
    outer loop
      vertex 14.760132759809494 14.008491732180119 1.5
      vertex 14.760132759809494 14.008491732180119 0.9
      vertex 14.492920227348804 14.001994296908379 1.5
    endloop
  endfacet
  facet normal 0 1 0
    outer loop
      vertex 12.132962964475155 14.001994296908379 0.9
      vertex 12.132962964475155 14.001994296908379 1.5
      vertex 14.492920227348804 14.001994296908379 0.9
    endloop
  endfacet
  facet normal 0 1 0
    outer loop
      vertex 14.492920227348804 14.001994296908379 1.5
      vertex 14.492920227348804 14.001994296908379 0.9
      vertex 12.132962964475155 14.001994296908379 1.5
    endloop
  endfacet
  facet normal 1 0 0
    outer loop
      vertex 12.132962964475155 16.682336181402206 0.9
      vertex 12.132962964475155 16.682336181402206 1.5
      vertex 12.132962964475155 14.001994296908379 0.9
    endloop
  endfacet
  facet normal 1 0 0
    outer loop
      vertex 12.132962964475155 14.001994296908379 1.5
      vertex 12.132962964475155 14.001994296908379 0.9
      vertex 12.132962964475155 16.682336181402206 1.5
    endloop
  endfacet
  facet normal 0.22698695499261737 -0.9738977986745733 0
    outer loop
      vertex 25.866300851106644 8.447847291827202 0.9
      vertex 25.030796013772488 8.25311566889286 1.5
      vertex 25.030796013772488 8.25311566889286 0.9
    endloop
  endfacet
  facet normal 0.22698695499261737 -0.9738977986745733 0
    outer loop
      vertex 25.866300851106644 8.447847291827202 0.9
      vertex 25.866300851106644 8.447847291827202 1.5
      vertex 25.030796013772488 8.25311566889286 1.5
    endloop
  endfacet
  facet normal 0.41969916346681163 -0.9076632702634048 0
    outer loop
      vertex 26.568195439875126 8.772399999201298 0.9
      vertex 25.866300851106644 8.447847291827202 1.5
      vertex 25.866300851106644 8.447847291827202 0.9
    endloop
  endfacet
  facet normal 0.41969916346681163 -0.9076632702634048 0
    outer loop
      vertex 26.568195439875126 8.772399999201298 0.9
      vertex 26.568195439875126 8.772399999201298 1.5
      vertex 25.866300851106644 8.447847291827202 1.5
    endloop
  endfacet
  facet normal 0.6244824296768188 -0.7810388562836916 0
    outer loop
      vertex 27.136479772627354 9.226773783564568 0.9
      vertex 26.568195439875126 8.772399999201298 1.5
      vertex 26.568195439875126 8.772399999201298 0.9
    endloop
  endfacet
  facet normal 0.6244824296768188 -0.7810388562836916 0
    outer loop
      vertex 27.136479772627354 9.226773783564568 0.9
      vertex 27.136479772627354 9.226773783564568 1.5
      vertex 26.568195439875126 8.772399999201298 1.5
    endloop
  endfacet
  facet normal 0.8022829425381482 -0.5969439505618013 0
    outer loop
      vertex 27.571153849363327 9.810968659818172 0.9
      vertex 27.136479772627354 9.226773783564568 1.5
      vertex 27.136479772627354 9.226773783564568 0.9
    endloop
  endfacet
  facet normal 0.8022829425381482 -0.5969439505618013 0
    outer loop
      vertex 27.571153849363327 9.810968659818172 0.9
      vertex 27.571153849363327 9.810968659818172 1.5
      vertex 27.136479772627354 9.226773783564568 1.5
    endloop
  endfacet
  facet normal 0.9068901076088153 -0.4213672183752214 0
    outer loop
      vertex 27.748846150934696 10.193407975137234 0.9
      vertex 27.571153849363327 9.810968659818172 1.5
      vertex 27.571153849363327 9.810968659818172 0.9
    endloop
  endfacet
  facet normal 0.9068901076088153 -0.4213672183752214 0
    outer loop
      vertex 27.748846150934696 10.193407975137234 0.9
      vertex 27.748846150934696 10.193407975137234 1.5
      vertex 27.571153849363327 9.810968659818172 1.5
    endloop
  endfacet
  facet normal 0.953790030919626 -0.3004739205294505 0
    outer loop
      vertex 27.887051284313202 10.63211053609848 0.9
      vertex 27.748846150934696 10.193407975137234 1.5
      vertex 27.748846150934696 10.193407975137234 0.9
    endloop
  endfacet
  facet normal 0.953790030919626 -0.3004739205294505 0
    outer loop
      vertex 27.887051284313202 10.63211053609848 0.9
      vertex 27.887051284313202 10.63211053609848 1.5
      vertex 27.748846150934696 10.193407975137234 1.5
    endloop
  endfacet
  facet normal 0.9806854006439676 -0.19559178143209624 0
    outer loop
      vertex 27.985769227147102 11.127076350152493 0.9
      vertex 27.887051284313202 10.63211053609848 1.5
      vertex 27.887051284313202 10.63211053609848 0.9
    endloop
  endfacet
  facet normal 0.9806854006439676 -0.19559178143209624 0
    outer loop
      vertex 27.985769227147102 11.127076350152493 0.9
      vertex 27.985769227147102 11.127076350152493 1.5
      vertex 27.887051284313202 10.63211053609848 1.5
    endloop
  endfacet
  facet normal 0.9942765273510191 -0.10683719932120138 0
    outer loop
      vertex 28.04500000178814 11.67830540984869 0.9
      vertex 27.985769227147102 11.127076350152493 1.5
      vertex 27.985769227147102 11.127076350152493 0.9
    endloop
  endfacet
  facet normal 0.9942765273510191 -0.10683719932120138 0
    outer loop
      vertex 28.04500000178814 11.67830540984869 0.9
      vertex 28.04500000178814 11.67830540984869 1.5
      vertex 27.985769227147102 11.127076350152493 1.5
    endloop
  endfacet
  facet normal 0.9994722881121202 -0.032483000106564054 0
    outer loop
      vertex 28.06474359333515 12.285797715187073 0.9
      vertex 28.04500000178814 11.67830540984869 1.5
      vertex 28.04500000178814 11.67830540984869 0.9
    endloop
  endfacet
  facet normal 0.9994722881121202 -0.032483000106564054 0
    outer loop
      vertex 28.06474359333515 12.285797715187073 0.9
      vertex 28.06474359333515 12.285797715187073 1.5
      vertex 28.04500000178814 11.67830540984869 1.5
    endloop
  endfacet
  facet normal 1 0 0
    outer loop
      vertex 28.06474359333515 18.411794871091843 0.9
      vertex 28.06474359333515 12.285797715187073 1.5
      vertex 28.06474359333515 12.285797715187073 0.9
    endloop
  endfacet
  facet normal 1 0 0
    outer loop
      vertex 28.06474359333515 18.411794871091843 0.9
      vertex 28.06474359333515 18.411794871091843 1.5
      vertex 28.06474359333515 12.285797715187073 1.5
    endloop
  endfacet
  facet normal 0 1 0
    outer loop
      vertex 25.94819088280201 18.411794871091843 0.9
      vertex 28.06474359333515 18.411794871091843 1.5
      vertex 28.06474359333515 18.411794871091843 0.9
    endloop
  endfacet
  facet normal 0 1 0
    outer loop
      vertex 25.94819088280201 18.411794871091843 0.9
      vertex 25.94819088280201 18.411794871091843 1.5
      vertex 28.06474359333515 18.411794871091843 1.5
    endloop
  endfacet
  facet normal -1 0 0
    outer loop
      vertex 25.94819088280201 12.283603988587856 0.9
      vertex 25.94819088280201 18.411794871091843 1.5
      vertex 25.94819088280201 18.411794871091843 0.9
    endloop
  endfacet
  facet normal -1 0 0
    outer loop
      vertex 25.94819088280201 12.283603988587856 0.9
      vertex 25.94819088280201 12.283603988587856 1.5
      vertex 25.94819088280201 18.411794871091843 1.5
    endloop
  endfacet
  facet normal -0.9996870573662349 0.025015741732719178 0
    outer loop
      vertex 25.93845470249653 11.89452364295721 0.9
      vertex 25.94819088280201 12.283603988587856 1.5
      vertex 25.94819088280201 12.283603988587856 0.9
    endloop
  endfacet
  facet normal -0.9996870573662349 0.025015741732719178 0
    outer loop
      vertex 25.93845470249653 11.89452364295721 0.9
      vertex 25.93845470249653 11.89452364295721 1.5
      vertex 25.94819088280201 12.283603988587856 1.5
    endloop
  endfacet
  facet normal -0.996429340351805 0.08443085742823332 0
    outer loop
      vertex 25.909246154129505 11.549812532961369 0.9
      vertex 25.93845470249653 11.89452364295721 1.5
      vertex 25.93845470249653 11.89452364295721 0.9
    endloop
  endfacet
  facet normal -0.996429340351805 0.08443085742823332 0
    outer loop
      vertex 25.909246154129505 11.549812532961369 0.9
      vertex 25.909246154129505 11.549812532961369 1.5
      vertex 25.93845470249653 11.89452364295721 1.5
    endloop
  endfacet
  facet normal -0.9871175126247557 0.15999692581270258 0
    outer loop
      vertex 25.86056524515152 11.24947065114975 0.9
      vertex 25.909246154129505 11.549812532961369 1.5
      vertex 25.909246154129505 11.549812532961369 0.9
    endloop
  endfacet
  facet normal -0.9871175126247557 0.15999692581270258 0
    outer loop
      vertex 25.86056524515152 11.24947065114975 0.9
      vertex 25.86056524515152 11.24947065114975 1.5
      vertex 25.909246154129505 11.549812532961369 1.5
    endloop
  endfacet
  facet normal -0.9663345830983806 0.25728869681367483 0
    outer loop
      vertex 25.792411968111992 10.993498004972935 0.9
      vertex 25.86056524515152 11.24947065114975 1.5
      vertex 25.86056524515152 11.24947065114975 0.9
    endloop
  endfacet
  facet normal -0.9663345830983806 0.25728869681367483 0
    outer loop
      vertex 25.792411968111992 10.993498004972935 0.9
      vertex 25.792411968111992 10.993498004972935 1.5
      vertex 25.86056524515152 11.24947065114975 1.5
    endloop
  endfacet
  facet normal -0.923915590118765 0.3825963699978006 0
    outer loop
      vertex 25.70478632301092 10.781894586980343 0.9
      vertex 25.792411968111992 10.993498004972935 1.5
      vertex 25.792411968111992 10.993498004972935 0.9
    endloop
  endfacet
  facet normal -0.923915590118765 0.3825963699978006 0
    outer loop
      vertex 25.70478632301092 10.781894586980343 0.9
      vertex 25.70478632301092 10.781894586980343 1.5
      vertex 25.792411968111992 10.993498004972935 1.5
    endloop
  endfacet
  facet normal -0.8502565328883303 0.5263685289611412 0
    outer loop
      vertex 25.517868377268314 10.47996125370264 0.9
      vertex 25.70478632301092 10.781894586980343 1.5
      vertex 25.70478632301092 10.781894586980343 0.9
    endloop
  endfacet
  facet normal -0.8502565328883303 0.5263685289611412 0
    outer loop
      vertex 25.517868377268314 10.47996125370264 0.9
      vertex 25.517868377268314 10.47996125370264 1.5
      vertex 25.70478632301092 10.781894586980343 1.5
    endloop
  endfacet
  facet normal -0.6734450014687057 0.7392373299535239 0
    outer loop
      vertex 25.26008889079094 10.245124213397503 0.9
      vertex 25.517868377268314 10.47996125370264 1.5
      vertex 25.517868377268314 10.47996125370264 0.9
    endloop
  endfacet
  facet normal -0.6734450014687057 0.7392373299535239 0
    outer loop
      vertex 25.26008889079094 10.245124213397503 0.9
      vertex 25.26008889079094 10.245124213397503 1.5
      vertex 25.517868377268314 10.47996125370264 1.5
    endloop
  endfacet
  facet normal -0.4546138699411557 0.8906886264330123 0
    outer loop
      vertex 24.931447863578796 10.07738347351551 0.9
      vertex 25.26008889079094 10.245124213397503 1.5
      vertex 25.26008889079094 10.245124213397503 0.9
    endloop
  endfacet
  facet normal -0.4546138699411557 0.8906886264330123 0
    outer loop
      vertex 24.931447863578796 10.07738347351551 0.9
      vertex 24.931447863578796 10.07738347351551 1.5
      vertex 25.26008889079094 10.245124213397503 1.5
    endloop
  endfacet
  facet normal -0.24429155651602463 0.969701828097162 0
    outer loop
      vertex 24.531945295631886 9.976739026606083 0.9
      vertex 24.931447863578796 10.07738347351551 1.5
      vertex 24.931447863578796 10.07738347351551 0.9
    endloop
  endfacet
  facet normal -0.24429155651602463 0.969701828097162 0
    outer loop
      vertex 24.531945295631886 9.976739026606083 0.9
      vertex 24.531945295631886 9.976739026606083 1.5
      vertex 24.931447863578796 10.07738347351551 1.5
    endloop
  endfacet
  facet normal -0.07114305599844346 0.9974661225240696 0
    outer loop
      vertex 24.061581194400787 9.9431908801198 0.9
      vertex 24.531945295631886 9.976739026606083 1.5
      vertex 24.531945295631886 9.976739026606083 0.9
    endloop
  endfacet
  facet normal -0.07114305599844346 0.9974661225240696 0
    outer loop
      vertex 24.061581194400787 9.9431908801198 0.9
      vertex 24.061581194400787 9.9431908801198 1.5
      vertex 24.531945295631886 9.976739026606083 1.5
    endloop
  endfacet
  facet normal 0.0707829463065539 0.9974917415759207 0
    outer loop
      vertex 23.588811963796616 9.976739026606083 0.9
      vertex 24.061581194400787 9.9431908801198 1.5
      vertex 24.061581194400787 9.9431908801198 0.9
    endloop
  endfacet
  facet normal 0.0707829463065539 0.9974917415759207 0
    outer loop
      vertex 23.588811963796616 9.976739026606083 0.9
      vertex 23.588811963796616 9.976739026606083 1.5
      vertex 24.061581194400787 9.9431908801198 1.5
    endloop
  endfacet
  facet normal 0.24322050758491973 0.9699710226033219 0
    outer loop
      vertex 23.187438748776913 10.07738347351551 0.9
      vertex 23.588811963796616 9.976739026606083 1.5
      vertex 23.588811963796616 9.976739026606083 0.9
    endloop
  endfacet
  facet normal 0.24322050758491973 0.9699710226033219 0
    outer loop
      vertex 23.187438748776913 10.07738347351551 0.9
      vertex 23.187438748776913 10.07738347351551 1.5
      vertex 23.588811963796616 9.976739026606083 1.5
    endloop
  endfacet
  facet normal 0.4531516244949044 0.8914334552941285 0
    outer loop
      vertex 22.857461541891098 10.245124213397503 0.9
      vertex 23.187438748776913 10.07738347351551 1.5
      vertex 23.187438748776913 10.07738347351551 0.9
    endloop
  endfacet
  facet normal 0.4531516244949044 0.8914334552941285 0
    outer loop
      vertex 22.857461541891098 10.245124213397503 0.9
      vertex 22.857461541891098 10.245124213397503 1.5
      vertex 23.187438748776913 10.07738347351551 1.5
    endloop
  endfacet
  facet normal 0.6723015763004256 0.7402773740321684 0
    outer loop
      vertex 22.59888034313917 10.47996125370264 0.9
      vertex 22.857461541891098 10.245124213397503 1.5
      vertex 22.857461541891098 10.245124213397503 0.9
    endloop
  endfacet
  facet normal 0.6723015763004256 0.7402773740321684 0
    outer loop
      vertex 22.59888034313917 10.47996125370264 0.9
      vertex 22.59888034313917 10.47996125370264 1.5
      vertex 22.857461541891098 10.245124213397503 1.5
    endloop
  endfacet
  facet normal 0.8499196892938924 0.5269122524202425 0
    outer loop
      vertex 22.411695159971714 10.781894586980343 0.9
      vertex 22.59888034313917 10.47996125370264 1.5
      vertex 22.59888034313917 10.47996125370264 0.9
    endloop
  endfacet
  facet normal 0.8499196892938924 0.5269122524202425 0
    outer loop
      vertex 22.411695159971714 10.781894586980343 0.9
      vertex 22.411695159971714 10.781894586980343 1.5
      vertex 22.59888034313917 10.47996125370264 1.5
    endloop
  endfacet
  facet normal 0.923915590118765 0.3825963699978006 0
    outer loop
      vertex 22.324069514870644 10.993498004972935 0.9
      vertex 22.411695159971714 10.781894586980343 1.5
      vertex 22.411695159971714 10.781894586980343 0.9
    endloop
  endfacet
  facet normal 0.923915590118765 0.3825963699978006 0
    outer loop
      vertex 22.324069514870644 10.993498004972935 0.9
      vertex 22.324069514870644 10.993498004972935 1.5
      vertex 22.411695159971714 10.781894586980343 1.5
    endloop
  endfacet
  facet normal 0.9663345830983806 0.25728869681367483 0
    outer loop
      vertex 22.255916237831116 11.24947065114975 0.9
      vertex 22.324069514870644 10.993498004972935 1.5
      vertex 22.324069514870644 10.993498004972935 0.9
    endloop
  endfacet
  facet normal 0.9663345830983806 0.25728869681367483 0
    outer loop
      vertex 22.255916237831116 11.24947065114975 0.9
      vertex 22.255916237831116 11.24947065114975 1.5
      vertex 22.324069514870644 10.993498004972935 1.5
    endloop
  endfacet
  facet normal 0.9871175126247557 0.15999692581270258 0
    outer loop
      vertex 22.20723532885313 11.549812532961369 0.9
      vertex 22.255916237831116 11.24947065114975 1.5
      vertex 22.255916237831116 11.24947065114975 0.9
    endloop
  endfacet
  facet normal 0.9871175126247557 0.15999692581270258 0
    outer loop
      vertex 22.20723532885313 11.549812532961369 0.9
      vertex 22.20723532885313 11.549812532961369 1.5
      vertex 22.255916237831116 11.24947065114975 1.5
    endloop
  endfacet
  facet normal 0.996429340351805 0.08443085742823332 0
    outer loop
      vertex 22.178026780486107 11.89452364295721 0.9
      vertex 22.20723532885313 11.549812532961369 1.5
      vertex 22.20723532885313 11.549812532961369 0.9
    endloop
  endfacet
  facet normal 0.996429340351805 0.08443085742823332 0
    outer loop
      vertex 22.178026780486107 11.89452364295721 0.9
      vertex 22.178026780486107 11.89452364295721 1.5
      vertex 22.20723532885313 11.549812532961369 1.5
    endloop
  endfacet
  facet normal 0.9996870573662349 0.025015741732719178 0
    outer loop
      vertex 22.168290600180626 12.283603988587856 0.9
      vertex 22.178026780486107 11.89452364295721 1.5
      vertex 22.178026780486107 11.89452364295721 0.9
    endloop
  endfacet
  facet normal 0.9996870573662349 0.025015741732719178 0
    outer loop
      vertex 22.168290600180626 12.283603988587856 0.9
      vertex 22.168290600180626 12.283603988587856 1.5
      vertex 22.178026780486107 11.89452364295721 1.5
    endloop
  endfacet
  facet normal 1 0 0
    outer loop
      vertex 22.168290600180626 18.411794871091843 0.9
      vertex 22.168290600180626 12.283603988587856 1.5
      vertex 22.168290600180626 12.283603988587856 0.9
    endloop
  endfacet
  facet normal 1 0 0
    outer loop
      vertex 22.168290600180626 18.411794871091843 0.9
      vertex 22.168290600180626 18.411794871091843 1.5
      vertex 22.168290600180626 12.283603988587856 1.5
    endloop
  endfacet
  facet normal 0 1 0
    outer loop
      vertex 20.051837608218193 18.411794871091843 0.9
      vertex 22.168290600180626 18.411794871091843 1.5
      vertex 22.168290600180626 18.411794871091843 0.9
    endloop
  endfacet
  facet normal 0 1 0
    outer loop
      vertex 20.051837608218193 18.411794871091843 0.9
      vertex 20.051837608218193 18.411794871091843 1.5
      vertex 22.168290600180626 18.411794871091843 1.5
    endloop
  endfacet
  facet normal -1 0 0
    outer loop
      vertex 20.051837608218193 12.285797715187073 0.9
      vertex 20.051837608218193 18.411794871091843 1.5
      vertex 20.051837608218193 18.411794871091843 0.9
    endloop
  endfacet
  facet normal -1 0 0
    outer loop
      vertex 20.051837608218193 12.285797715187073 0.9
      vertex 20.051837608218193 12.285797715187073 1.5
      vertex 20.051837608218193 18.411794871091843 1.5
    endloop
  endfacet
  facet normal -0.9994722881121202 -0.032483000106564054 0
    outer loop
      vertex 20.071581199765205 11.67830540984869 0.9
      vertex 20.051837608218193 12.285797715187073 1.5
      vertex 20.051837608218193 12.285797715187073 0.9
    endloop
  endfacet
  facet normal -0.9994722881121202 -0.032483000106564054 0
    outer loop
      vertex 20.071581199765205 11.67830540984869 0.9
      vertex 20.071581199765205 11.67830540984869 1.5
      vertex 20.051837608218193 12.285797715187073 1.5
    endloop
  endfacet
  facet normal -0.9942765287785806 -0.10683718603565028 0
    outer loop
      vertex 20.13081196695566 11.127076350152493 0.9
      vertex 20.071581199765205 11.67830540984869 1.5
      vertex 20.071581199765205 11.67830540984869 0.9
    endloop
  endfacet
  facet normal -0.9942765287785806 -0.10683718603565028 0
    outer loop
      vertex 20.13081196695566 11.127076350152493 0.9
      vertex 20.13081196695566 11.127076350152493 1.5
      vertex 20.071581199765205 11.67830540984869 1.5
    endloop
  endfacet
  facet normal -0.9806853978124129 -0.19559179562934007 0
    outer loop
      vertex 20.229529917240143 10.63211053609848 0.9
      vertex 20.13081196695566 11.127076350152493 1.5
      vertex 20.13081196695566 11.127076350152493 0.9
    endloop
  endfacet
  facet normal -0.9806853978124129 -0.19559179562934007 0
    outer loop
      vertex 20.229529917240143 10.63211053609848 0.9
      vertex 20.229529917240143 10.63211053609848 1.5
      vertex 20.13081196695566 11.127076350152493 1.5
    endloop
  endfacet
  facet normal -0.9537900355619162 -0.3004739057934955 0
    outer loop
      vertex 20.367735043168068 10.193407975137234 0.9
      vertex 20.229529917240143 10.63211053609848 1.5
      vertex 20.229529917240143 10.63211053609848 0.9
    endloop
  endfacet
  facet normal -0.9537900355619162 -0.3004739057934955 0
    outer loop
      vertex 20.367735043168068 10.193407975137234 0.9
      vertex 20.367735043168068 10.193407975137234 1.5
      vertex 20.229529917240143 10.63211053609848 1.5
    endloop
  endfacet
  facet normal -0.9068901008573559 -0.42136723290608996 0
    outer loop
      vertex 20.545427352190018 9.810968659818172 0.9
      vertex 20.367735043168068 10.193407975137234 1.5
      vertex 20.367735043168068 10.193407975137234 0.9
    endloop
  endfacet
  facet normal -0.9068901008573559 -0.42136723290608996 0
    outer loop
      vertex 20.545427352190018 9.810968659818172 0.9
      vertex 20.545427352190018 9.810968659818172 1.5
      vertex 20.367735043168068 10.193407975137234 1.5
    endloop
  endfacet
  facet normal -0.8006777951636139 -0.5990952080695805 0
    outer loop
      vertex 20.9825424477458 9.226773783564568 0.9
      vertex 20.545427352190018 9.810968659818172 1.5
      vertex 20.545427352190018 9.810968659818172 0.9
    endloop
  endfacet
  facet normal -0.8006777951636139 -0.5990952080695805 0
    outer loop
      vertex 20.9825424477458 9.226773783564568 0.9
      vertex 20.9825424477458 9.226773783564568 1.5
      vertex 20.545427352190018 9.810968659818172 1.5
    endloop
  endfacet
  facet normal -0.6232114867823877 -0.7820533503172822 0
    outer loop
      vertex 21.552725359797478 8.772399999201298 0.9
      vertex 20.9825424477458 9.226773783564568 1.5
      vertex 20.9825424477458 9.226773783564568 0.9
    endloop
  endfacet
  facet normal -0.6232114867823877 -0.7820533503172822 0
    outer loop
      vertex 21.552725359797478 8.772399999201298 0.9
      vertex 21.552725359797478 8.772399999201298 1.5
      vertex 20.9825424477458 9.226773783564568 1.5
    endloop
  endfacet
  facet normal -0.41903205576952546 -0.9079714402102994 0
    outer loop
      vertex 22.25597606599331 8.447847291827202 0.9
      vertex 21.552725359797478 8.772399999201298 1.5
      vertex 21.552725359797478 8.772399999201298 0.9
    endloop
  endfacet
  facet normal -0.41903205576952546 -0.9079714402102994 0
    outer loop
      vertex 22.25597606599331 8.447847291827202 0.9
      vertex 22.25597606599331 8.447847291827202 1.5
      vertex 21.552725359797478 8.772399999201298 1.5
    endloop
  endfacet
  facet normal -0.2267774737702907 -0.9739465988391586 0
    outer loop
      vertex 23.092294588685036 8.25311566889286 0.9
      vertex 22.25597606599331 8.447847291827202 1.5
      vertex 22.25597606599331 8.447847291827202 0.9
    endloop
  endfacet
  facet normal -0.2267774737702907 -0.9739465988391586 0
    outer loop
      vertex 23.092294588685036 8.25311566889286 0.9
      vertex 23.092294588685036 8.25311566889286 1.5
      vertex 22.25597606599331 8.447847291827202 1.5
    endloop
  endfacet
  facet normal -0.06681083906112663 -0.9977656597538063 0
    outer loop
      vertex 24.061680912971497 8.188205122947693 0.9
      vertex 23.092294588685036 8.25311566889286 1.5
      vertex 23.092294588685036 8.25311566889286 0.9
    endloop
  endfacet
  facet normal -0.06681083906112663 -0.9977656597538063 0
    outer loop
      vertex 24.061680912971497 8.188205122947693 0.9
      vertex 24.061680912971497 8.188205122947693 1.5
      vertex 23.092294588685036 8.25311566889286 1.5
    endloop
  endfacet
  facet normal 0.06682945372289407 -0.9977644131332303 0
    outer loop
      vertex 25.030796013772488 8.25311566889286 0.9
      vertex 24.061680912971497 8.188205122947693 1.5
      vertex 24.061680912971497 8.188205122947693 0.9
    endloop
  endfacet
  facet normal 0.06682945372289407 -0.9977644131332303 0
    outer loop
      vertex 25.030796013772488 8.25311566889286 0.9
      vertex 25.030796013772488 8.25311566889286 1.5
      vertex 24.061680912971497 8.188205122947693 1.5
    endloop
  endfacet
  facet normal 0 -1 0
    outer loop
      vertex 37.29537037014961 16.64404558390379 0.9
      vertex 34.31339031457901 16.64404558390379 1.5
      vertex 34.31339031457901 16.64404558390379 0.9
    endloop
  endfacet
  facet normal 0 -1 0
    outer loop
      vertex 37.29537037014961 16.64404558390379 0.9
      vertex 37.29537037014961 16.64404558390379 1.5
      vertex 34.31339031457901 16.64404558390379 1.5
    endloop
  endfacet
  facet normal 1 0 0
    outer loop
      vertex 37.29537037014961 18.411794871091843 0.9
      vertex 37.29537037014961 16.64404558390379 1.5
      vertex 37.29537037014961 16.64404558390379 0.9
    endloop
  endfacet
  facet normal 1 0 0
    outer loop
      vertex 37.29537037014961 18.411794871091843 0.9
      vertex 37.29537037014961 18.411794871091843 1.5
      vertex 37.29537037014961 16.64404558390379 1.5
    endloop
  endfacet
  facet normal 0 1 0
    outer loop
      vertex 29.221638180315495 18.411794871091843 0.9
      vertex 37.29537037014961 18.411794871091843 1.5
      vertex 37.29537037014961 18.411794871091843 0.9
    endloop
  endfacet
  facet normal 0 1 0
    outer loop
      vertex 29.221638180315495 18.411794871091843 0.9
      vertex 29.221638180315495 18.411794871091843 1.5
      vertex 37.29537037014961 18.411794871091843 1.5
    endloop
  endfacet
  facet normal -1 0 0
    outer loop
      vertex 29.221638180315495 16.64404558390379 0.9
      vertex 29.221638180315495 18.411794871091843 1.5
      vertex 29.221638180315495 18.411794871091843 0.9
    endloop
  endfacet
  facet normal -1 0 0
    outer loop
      vertex 29.221638180315495 16.64404558390379 0.9
      vertex 29.221638180315495 16.64404558390379 1.5
      vertex 29.221638180315495 18.411794871091843 1.5
    endloop
  endfacet
  facet normal 0 -1 0
    outer loop
      vertex 32.217179484665394 16.64404558390379 0.9
      vertex 29.221638180315495 16.64404558390379 1.5
      vertex 29.221638180315495 16.64404558390379 0.9
    endloop
  endfacet
  facet normal 0 -1 0
    outer loop
      vertex 32.217179484665394 16.64404558390379 0.9
      vertex 32.217179484665394 16.64404558390379 1.5
      vertex 29.221638180315495 16.64404558390379 1.5
    endloop
  endfacet
  facet normal -1 0 0
    outer loop
      vertex 32.217179484665394 8.443475782871246 0.9
      vertex 32.217179484665394 16.64404558390379 1.5
      vertex 32.217179484665394 16.64404558390379 0.9
    endloop
  endfacet
  facet normal -1 0 0
    outer loop
      vertex 32.217179484665394 8.443475782871246 0.9
      vertex 32.217179484665394 8.443475782871246 1.5
      vertex 32.217179484665394 16.64404558390379 1.5
    endloop
  endfacet
  facet normal 0 -1 0
    outer loop
      vertex 34.31339031457901 8.443475782871246 0.9
      vertex 32.217179484665394 8.443475782871246 1.5
      vertex 32.217179484665394 8.443475782871246 0.9
    endloop
  endfacet
  facet normal 0 -1 0
    outer loop
      vertex 34.31339031457901 8.443475782871246 0.9
      vertex 34.31339031457901 8.443475782871246 1.5
      vertex 32.217179484665394 8.443475782871246 1.5
    endloop
  endfacet
  facet normal 1 0 0
    outer loop
      vertex 34.31339031457901 16.64404558390379 0.9
      vertex 34.31339031457901 8.443475782871246 1.5
      vertex 34.31339031457901 8.443475782871246 0.9
    endloop
  endfacet
  facet normal 1 0 0
    outer loop
      vertex 34.31339031457901 16.64404558390379 0.9
      vertex 34.31339031457901 16.64404558390379 1.5
      vertex 34.31339031457901 8.443475782871246 1.5
    endloop
  endfacet
  facet normal 0 -1 0
    outer loop
      vertex 44.45680911839008 12.891566947102547 0.9
      vertex 40.56193732470274 12.891566947102547 1.5
      vertex 40.56193732470274 12.891566947102547 0.9
    endloop
  endfacet
  facet normal 0 -1 0
    outer loop
      vertex 44.45680911839008 12.891566947102547 0.9
      vertex 44.45680911839008 12.891566947102547 1.5
      vertex 40.56193732470274 12.891566947102547 1.5
    endloop
  endfacet
  facet normal -1 0 0
    outer loop
      vertex 44.45680911839008 8.443475782871246 0.9
      vertex 44.45680911839008 12.891566947102547 1.5
      vertex 44.45680911839008 12.891566947102547 0.9
    endloop
  endfacet
  facet normal -1 0 0
    outer loop
      vertex 44.45680911839008 8.443475782871246 0.9
      vertex 44.45680911839008 8.443475782871246 1.5
      vertex 44.45680911839008 12.891566947102547 1.5
    endloop
  endfacet
  facet normal 0 -1 0
    outer loop
      vertex 46.525997154414654 8.443475782871246 0.9
      vertex 44.45680911839008 8.443475782871246 1.5
      vertex 44.45680911839008 8.443475782871246 0.9
    endloop
  endfacet
  facet normal 0 -1 0
    outer loop
      vertex 46.525997154414654 8.443475782871246 0.9
      vertex 46.525997154414654 8.443475782871246 1.5
      vertex 44.45680911839008 8.443475782871246 1.5
    endloop
  endfacet
  facet normal 1 0 0
    outer loop
      vertex 46.525997154414654 18.411794871091843 0.9
      vertex 46.525997154414654 8.443475782871246 1.5
      vertex 46.525997154414654 8.443475782871246 0.9
    endloop
  endfacet
  facet normal 1 0 0
    outer loop
      vertex 46.525997154414654 18.411794871091843 0.9
      vertex 46.525997154414654 18.411794871091843 1.5
      vertex 46.525997154414654 8.443475782871246 1.5
    endloop
  endfacet
  facet normal 0 1 0
    outer loop
      vertex 44.45680911839008 18.411794871091843 0.9
      vertex 46.525997154414654 18.411794871091843 1.5
      vertex 46.525997154414654 18.411794871091843 0.9
    endloop
  endfacet
  facet normal 0 1 0
    outer loop
      vertex 44.45680911839008 18.411794871091843 0.9
      vertex 44.45680911839008 18.411794871091843 1.5
      vertex 46.525997154414654 18.411794871091843 1.5
    endloop
  endfacet
  facet normal -1 0 0
    outer loop
      vertex 44.45680911839008 14.608262106776237 0.9
      vertex 44.45680911839008 18.411794871091843 1.5
      vertex 44.45680911839008 18.411794871091843 0.9
    endloop
  endfacet
  facet normal -1 0 0
    outer loop
      vertex 44.45680911839008 14.608262106776237 0.9
      vertex 44.45680911839008 14.608262106776237 1.5
      vertex 44.45680911839008 18.411794871091843 1.5
    endloop
  endfacet
  facet normal 0 1 0
    outer loop
      vertex 40.56193732470274 14.608262106776237 0.9
      vertex 44.45680911839008 14.608262106776237 1.5
      vertex 44.45680911839008 14.608262106776237 0.9
    endloop
  endfacet
  facet normal 0 1 0
    outer loop
      vertex 40.56193732470274 14.608262106776237 0.9
      vertex 40.56193732470274 14.608262106776237 1.5
      vertex 44.45680911839008 14.608262106776237 1.5
    endloop
  endfacet
  facet normal 1 0 0
    outer loop
      vertex 40.56193732470274 18.411794871091843 0.9
      vertex 40.56193732470274 14.608262106776237 1.5
      vertex 40.56193732470274 14.608262106776237 0.9
    endloop
  endfacet
  facet normal 1 0 0
    outer loop
      vertex 40.56193732470274 18.411794871091843 0.9
      vertex 40.56193732470274 18.411794871091843 1.5
      vertex 40.56193732470274 14.608262106776237 1.5
    endloop
  endfacet
  facet normal 0 1 0
    outer loop
      vertex 38.49952991306782 18.411794871091843 0.9
      vertex 40.56193732470274 18.411794871091843 1.5
      vertex 40.56193732470274 18.411794871091843 0.9
    endloop
  endfacet
  facet normal 0 1 0
    outer loop
      vertex 38.49952991306782 18.411794871091843 0.9
      vertex 38.49952991306782 18.411794871091843 1.5
      vertex 40.56193732470274 18.411794871091843 1.5
    endloop
  endfacet
  facet normal -1 0 0
    outer loop
      vertex 38.49952991306782 8.443475782871246 0.9
      vertex 38.49952991306782 18.411794871091843 1.5
      vertex 38.49952991306782 18.411794871091843 0.9
    endloop
  endfacet
  facet normal -1 0 0
    outer loop
      vertex 38.49952991306782 8.443475782871246 0.9
      vertex 38.49952991306782 8.443475782871246 1.5
      vertex 38.49952991306782 18.411794871091843 1.5
    endloop
  endfacet
  facet normal 0 -1 0
    outer loop
      vertex 40.56193732470274 8.443475782871246 0.9
      vertex 38.49952991306782 8.443475782871246 1.5
      vertex 38.49952991306782 8.443475782871246 0.9
    endloop
  endfacet
  facet normal 0 -1 0
    outer loop
      vertex 40.56193732470274 8.443475782871246 0.9
      vertex 40.56193732470274 8.443475782871246 1.5
      vertex 38.49952991306782 8.443475782871246 1.5
    endloop
  endfacet
  facet normal 1 0 0
    outer loop
      vertex 40.56193732470274 12.891566947102547 0.9
      vertex 40.56193732470274 8.443475782871246 1.5
      vertex 40.56193732470274 8.443475782871246 0.9
    endloop
  endfacet
  facet normal 1 0 0
    outer loop
      vertex 40.56193732470274 12.891566947102547 0.9
      vertex 40.56193732470274 12.891566947102547 1.5
      vertex 40.56193732470274 8.443475782871246 1.5
    endloop
  endfacet
  facet normal 0 -1 0
    outer loop
      vertex 54.35014244914055 10.492022790014744 0.9
      vertex 50.678433045744896 10.492022790014744 1.5
      vertex 50.678433045744896 10.492022790014744 0.9
    endloop
  endfacet
  facet normal 0 -1 0
    outer loop
      vertex 54.35014244914055 10.492022790014744 0.9
      vertex 54.35014244914055 10.492022790014744 1.5
      vertex 50.678433045744896 10.492022790014744 1.5
    endloop
  endfacet
  facet normal -0.9541886159549632 -0.2992057572673887 4.309404696655339e-17
    outer loop
      vertex 54.99250712245703 8.443475782871246 0.9
      vertex 54.35014244914055 10.492022790014744 1.5
      vertex 54.35014244914055 10.492022790014744 0.9
    endloop
  endfacet
  facet normal -0.9541886159549632 -0.2992057572673887 0
    outer loop
      vertex 54.99250712245703 8.443475782871246 0.9
      vertex 54.99250712245703 8.443475782871246 1.5
      vertex 54.35014244914055 10.492022790014744 1.5
    endloop
  endfacet
  facet normal 0 -1 0
    outer loop
      vertex 57.251054130494595 8.443475782871246 0.9
      vertex 54.99250712245703 8.443475782871246 1.5
      vertex 54.99250712245703 8.443475782871246 0.9
    endloop
  endfacet
  facet normal 0 -1 0
    outer loop
      vertex 57.251054130494595 8.443475782871246 0.9
      vertex 57.251054130494595 8.443475782871246 1.5
      vertex 54.99250712245703 8.443475782871246 1.5
    endloop
  endfacet
  facet normal 0.9426460170992068 0.33379407790882376 -3.499578023110659e-17
    outer loop
      vertex 53.72123931348324 18.411794871091843 0.9
      vertex 57.251054130494595 8.443475782871246 1.5
      vertex 57.251054130494595 8.443475782871246 0.9
    endloop
  endfacet
  facet normal 0.9426460170992068 0.33379407790882376 0
    outer loop
      vertex 53.72123931348324 18.411794871091843 0.9
      vertex 53.72123931348324 18.411794871091843 1.5
      vertex 57.251054130494595 8.443475782871246 1.5
    endloop
  endfacet
  facet normal 0 1 0
    outer loop
      vertex 51.368162393569946 18.411794871091843 0.9
      vertex 53.72123931348324 18.411794871091843 1.5
      vertex 53.72123931348324 18.411794871091843 0.9
    endloop
  endfacet
  facet normal 0 1 0
    outer loop
      vertex 51.368162393569946 18.411794871091843 0.9
      vertex 51.368162393569946 18.411794871091843 1.5
      vertex 53.72123931348324 18.411794871091843 1.5
    endloop
  endfacet
  facet normal -0.9418399223698304 0.33606184048533677 1.0489756177265497e-16
    outer loop
      vertex 47.811324782669544 8.443475782871246 0.9
      vertex 51.368162393569946 18.411794871091843 1.5
      vertex 51.368162393569946 18.411794871091843 0.9
    endloop
  endfacet
  facet normal -0.9418399223698304 0.33606184048533677 0
    outer loop
      vertex 47.811324782669544 8.443475782871246 0.9
      vertex 47.811324782669544 8.443475782871246 1.5
      vertex 51.368162393569946 18.411794871091843 1.5
    endloop
  endfacet
  facet normal 0 -1 0
    outer loop
      vertex 49.988703705370426 8.443475782871246 0.9
      vertex 47.811324782669544 8.443475782871246 1.5
      vertex 47.811324782669544 8.443475782871246 0.9
    endloop
  endfacet
  facet normal 0 -1 0
    outer loop
      vertex 49.988703705370426 8.443475782871246 0.9
      vertex 49.988703705370426 8.443475782871246 1.5
      vertex 47.811324782669544 8.443475782871246 1.5
    endloop
  endfacet
  facet normal 0.9477240526342987 -0.31909108426657906 4.2802087713738196e-17
    outer loop
      vertex 50.678433045744896 10.492022790014744 0.9
      vertex 49.988703705370426 8.443475782871246 1.5
      vertex 49.988703705370426 8.443475782871246 0.9
    endloop
  endfacet
  facet normal 0.9477240526342987 -0.31909108426657906 0
    outer loop
      vertex 50.678433045744896 10.492022790014744 0.9
      vertex 50.678433045744896 10.492022790014744 1.5
      vertex 49.988703705370426 8.443475782871246 1.5
    endloop
  endfacet
  facet normal -0.9531873719099085 -0.30238028049375454 0
    outer loop
      vertex 53.76860398799181 12.208717942237854 0.9
      vertex 53.76860398799181 12.208717942237854 1.5
      vertex 52.524458691477776 16.130612529814243 0.9
    endloop
  endfacet
  facet normal -0.9531873719099085 -0.30238028049375454 0
    outer loop
      vertex 52.524458691477776 16.130612529814243 1.5
      vertex 52.524458691477776 16.130612529814243 0.9
      vertex 53.76860398799181 12.208717942237854 1.5
    endloop
  endfacet
  facet normal 0 1 0
    outer loop
      vertex 51.23962962627411 12.208717942237854 0.9
      vertex 51.23962962627411 12.208717942237854 1.5
      vertex 53.76860398799181 12.208717942237854 0.9
    endloop
  endfacet
  facet normal 0 1 0
    outer loop
      vertex 53.76860398799181 12.208717942237854 1.5
      vertex 53.76860398799181 12.208717942237854 0.9
      vertex 51.23962962627411 12.208717942237854 1.5
    endloop
  endfacet
  facet normal 0.9503039744304992 -0.31132355545573054 0
    outer loop
      vertex 52.524458691477776 16.130612529814243 0.9
      vertex 52.524458691477776 16.130612529814243 1.5
      vertex 51.23962962627411 12.208717942237854 0.9
    endloop
  endfacet
  facet normal 0.9503039744304992 -0.31132355545573054 0
    outer loop
      vertex 51.23962962627411 12.208717942237854 1.5
      vertex 51.23962962627411 12.208717942237854 0.9
      vertex 52.524458691477776 16.130612529814243 1.5
    endloop
  endfacet
  facet normal 0 -1 0
    outer loop
      vertex 64.45985755324364 12.891566947102547 0.9
      vertex 60.56498575210571 12.891566947102547 1.5
      vertex 60.56498575210571 12.891566947102547 0.9
    endloop
  endfacet
  facet normal 0 -1 0
    outer loop
      vertex 64.45985755324364 12.891566947102547 0.9
      vertex 64.45985755324364 12.891566947102547 1.5
      vertex 60.56498575210571 12.891566947102547 1.5
    endloop
  endfacet
  facet normal -1 0 0
    outer loop
      vertex 64.45985755324364 8.443475782871246 0.9
      vertex 64.45985755324364 12.891566947102547 1.5
      vertex 64.45985755324364 12.891566947102547 0.9
    endloop
  endfacet
  facet normal -1 0 0
    outer loop
      vertex 64.45985755324364 8.443475782871246 0.9
      vertex 64.45985755324364 8.443475782871246 1.5
      vertex 64.45985755324364 12.891566947102547 1.5
    endloop
  endfacet
  facet normal 0 -1 0
    outer loop
      vertex 66.52904558181763 8.443475782871246 0.9
      vertex 64.45985755324364 8.443475782871246 1.5
      vertex 64.45985755324364 8.443475782871246 0.9
    endloop
  endfacet
  facet normal 0 -1 0
    outer loop
      vertex 66.52904558181763 8.443475782871246 0.9
      vertex 66.52904558181763 8.443475782871246 1.5
      vertex 64.45985755324364 8.443475782871246 1.5
    endloop
  endfacet
  facet normal 1 0 0
    outer loop
      vertex 66.52904558181763 18.411794871091843 0.9
      vertex 66.52904558181763 8.443475782871246 1.5
      vertex 66.52904558181763 8.443475782871246 0.9
    endloop
  endfacet
  facet normal 1 0 0
    outer loop
      vertex 66.52904558181763 18.411794871091843 0.9
      vertex 66.52904558181763 18.411794871091843 1.5
      vertex 66.52904558181763 8.443475782871246 1.5
    endloop
  endfacet
  facet normal 0 1 0
    outer loop
      vertex 64.45985755324364 18.411794871091843 0.9
      vertex 66.52904558181763 18.411794871091843 1.5
      vertex 66.52904558181763 18.411794871091843 0.9
    endloop
  endfacet
  facet normal 0 1 0
    outer loop
      vertex 64.45985755324364 18.411794871091843 0.9
      vertex 64.45985755324364 18.411794871091843 1.5
      vertex 66.52904558181763 18.411794871091843 1.5
    endloop
  endfacet
  facet normal -1 0 0
    outer loop
      vertex 64.45985755324364 14.608262106776237 0.9
      vertex 64.45985755324364 18.411794871091843 1.5
      vertex 64.45985755324364 18.411794871091843 0.9
    endloop
  endfacet
  facet normal -1 0 0
    outer loop
      vertex 64.45985755324364 14.608262106776237 0.9
      vertex 64.45985755324364 14.608262106776237 1.5
      vertex 64.45985755324364 18.411794871091843 1.5
    endloop
  endfacet
  facet normal 0 1 0
    outer loop
      vertex 60.56498575210571 14.608262106776237 0.9
      vertex 64.45985755324364 14.608262106776237 1.5
      vertex 64.45985755324364 14.608262106776237 0.9
    endloop
  endfacet
  facet normal 0 1 0
    outer loop
      vertex 60.56498575210571 14.608262106776237 0.9
      vertex 60.56498575210571 14.608262106776237 1.5
      vertex 64.45985755324364 14.608262106776237 1.5
    endloop
  endfacet
  facet normal 1 0 0
    outer loop
      vertex 60.56498575210571 18.411794871091843 0.9
      vertex 60.56498575210571 14.608262106776237 1.5
      vertex 60.56498575210571 14.608262106776237 0.9
    endloop
  endfacet
  facet normal 1 0 0
    outer loop
      vertex 60.56498575210571 18.411794871091843 0.9
      vertex 60.56498575210571 18.411794871091843 1.5
      vertex 60.56498575210571 14.608262106776237 1.5
    endloop
  endfacet
  facet normal 0 1 0
    outer loop
      vertex 58.50257834792137 18.411794871091843 0.9
      vertex 60.56498575210571 18.411794871091843 1.5
      vertex 60.56498575210571 18.411794871091843 0.9
    endloop
  endfacet
  facet normal 0 1 0
    outer loop
      vertex 58.50257834792137 18.411794871091843 0.9
      vertex 58.50257834792137 18.411794871091843 1.5
      vertex 60.56498575210571 18.411794871091843 1.5
    endloop
  endfacet
  facet normal -1 0 0
    outer loop
      vertex 58.50257834792137 8.443475782871246 0.9
      vertex 58.50257834792137 18.411794871091843 1.5
      vertex 58.50257834792137 18.411794871091843 0.9
    endloop
  endfacet
  facet normal -1 0 0
    outer loop
      vertex 58.50257834792137 8.443475782871246 0.9
      vertex 58.50257834792137 8.443475782871246 1.5
      vertex 58.50257834792137 18.411794871091843 1.5
    endloop
  endfacet
  facet normal 0 -1 0
    outer loop
      vertex 60.56498575210571 8.443475782871246 0.9
      vertex 58.50257834792137 8.443475782871246 1.5
      vertex 58.50257834792137 8.443475782871246 0.9
    endloop
  endfacet
  facet normal 0 -1 0
    outer loop
      vertex 60.56498575210571 8.443475782871246 0.9
      vertex 60.56498575210571 8.443475782871246 1.5
      vertex 58.50257834792137 8.443475782871246 1.5
    endloop
  endfacet
  facet normal 1 0 0
    outer loop
      vertex 60.56498575210571 12.891566947102547 0.9
      vertex 60.56498575210571 8.443475782871246 1.5
      vertex 60.56498575210571 8.443475782871246 0.9
    endloop
  endfacet
  facet normal 1 0 0
    outer loop
      vertex 60.56498575210571 12.891566947102547 0.9
      vertex 60.56498575210571 12.891566947102547 1.5
      vertex 60.56498575210571 8.443475782871246 1.5
    endloop
  endfacet
  facet normal -0.8669411219137078 -0.4984105648308448 5.663962683782368e-17
    outer loop
      vertex 74.49518518149853 8.443475782871246 0.9
      vertex 70.42451567202806 15.524045579135418 1.5
      vertex 70.42451567202806 15.524045579135418 0.9
    endloop
  endfacet
  facet normal -0.8669411219137078 -0.4984105648308448 0
    outer loop
      vertex 74.49518518149853 8.443475782871246 0.9
      vertex 74.49518518149853 8.443475782871246 1.5
      vertex 70.42451567202806 15.524045579135418 1.5
    endloop
  endfacet
  facet normal 0 -1 0
    outer loop
      vertex 76.57783475518227 8.443475782871246 0.9
      vertex 74.49518518149853 8.443475782871246 1.5
      vertex 74.49518518149853 8.443475782871246 0.9
    endloop
  endfacet
  facet normal 0 -1 0
    outer loop
      vertex 76.57783475518227 8.443475782871246 0.9
      vertex 76.57783475518227 8.443475782871246 1.5
      vertex 74.49518518149853 8.443475782871246 1.5
    endloop
  endfacet
  facet normal 1 0 0
    outer loop
      vertex 76.57783475518227 18.411794871091843 0.9
      vertex 76.57783475518227 8.443475782871246 1.5
      vertex 76.57783475518227 8.443475782871246 0.9
    endloop
  endfacet
  facet normal 1 0 0
    outer loop
      vertex 76.57783475518227 18.411794871091843 0.9
      vertex 76.57783475518227 18.411794871091843 1.5
      vertex 76.57783475518227 8.443475782871246 1.5
    endloop
  endfacet
  facet normal 0 1 0
    outer loop
      vertex 74.63717948645353 18.411794871091843 0.9
      vertex 76.57783475518227 18.411794871091843 1.5
      vertex 76.57783475518227 18.411794871091843 0.9
    endloop
  endfacet
  facet normal 0 1 0
    outer loop
      vertex 74.63717948645353 18.411794871091843 0.9
      vertex 74.63717948645353 18.411794871091843 1.5
      vertex 76.57783475518227 18.411794871091843 1.5
    endloop
  endfacet
  facet normal -1 0 0
    outer loop
      vertex 74.63717948645353 11.45287749171257 0.9
      vertex 74.63717948645353 18.411794871091843 1.5
      vertex 74.63717948645353 18.411794871091843 0.9
    endloop
  endfacet
  facet normal -1 0 0
    outer loop
      vertex 74.63717948645353 11.45287749171257 0.9
      vertex 74.63717948645353 11.45287749171257 1.5
      vertex 74.63717948645353 18.411794871091843 1.5
    endloop
  endfacet
  facet normal 0.8686335092000401 0.49545517122624094 0
    outer loop
      vertex 70.66792022436857 18.411794871091843 0.9
      vertex 74.63717948645353 11.45287749171257 1.5
      vertex 74.63717948645353 11.45287749171257 0.9
    endloop
  endfacet
  facet normal 0.8686335092000401 0.49545517122624094 0
    outer loop
      vertex 70.66792022436857 18.411794871091843 0.9
      vertex 70.66792022436857 18.411794871091843 1.5
      vertex 74.63717948645353 11.45287749171257 1.5
    endloop
  endfacet
  facet normal 0 1 0
    outer loop
      vertex 68.48386039584875 18.411794871091843 0.9
      vertex 70.66792022436857 18.411794871091843 1.5
      vertex 70.66792022436857 18.411794871091843 0.9
    endloop
  endfacet
  facet normal 0 1 0
    outer loop
      vertex 68.48386039584875 18.411794871091843 0.9
      vertex 68.48386039584875 18.411794871091843 1.5
      vertex 70.66792022436857 18.411794871091843 1.5
    endloop
  endfacet
  facet normal -1 0 0
    outer loop
      vertex 68.48386039584875 8.443475782871246 0.9
      vertex 68.48386039584875 18.411794871091843 1.5
      vertex 68.48386039584875 18.411794871091843 0.9
    endloop
  endfacet
  facet normal -1 0 0
    outer loop
      vertex 68.48386039584875 8.443475782871246 0.9
      vertex 68.48386039584875 8.443475782871246 1.5
      vertex 68.48386039584875 18.411794871091843 1.5
    endloop
  endfacet
  facet normal 0 -1 0
    outer loop
      vertex 70.42451567202806 8.443475782871246 0.9
      vertex 68.48386039584875 8.443475782871246 1.5
      vertex 68.48386039584875 8.443475782871246 0.9
    endloop
  endfacet
  facet normal 0 -1 0
    outer loop
      vertex 70.42451567202806 8.443475782871246 0.9
      vertex 70.42451567202806 8.443475782871246 1.5
      vertex 68.48386039584875 8.443475782871246 1.5
    endloop
  endfacet
  facet normal 1 0 0
    outer loop
      vertex 70.42451567202806 15.524045579135418 0.9
      vertex 70.42451567202806 8.443475782871246 1.5
      vertex 70.42451567202806 8.443475782871246 0.9
    endloop
  endfacet
  facet normal 1 0 0
    outer loop
      vertex 70.42451567202806 15.524045579135418 0.9
      vertex 70.42451567202806 15.524045579135418 1.5
      vertex 70.42451567202806 8.443475782871246 1.5
    endloop
  endfacet
  facet normal 0 0 1
    outer loop
      vertex 36.34594116359949 57.897884614765644 1.5
      vertex 35.85172390192747 57.840478502213955 1.5
      vertex 36.811823189258575 47.92929129302502 1.5
    endloop
  endfacet
  facet normal 0 0 1
    outer loop
      vertex 39.09823586046696 57.57819011807442 1.5
      vertex 36.34594116359949 57.897884614765644 1.5
      vertex 36.811823189258575 47.92929129302502 1.5
    endloop
  endfacet
  facet normal 0 0 1
    outer loop
      vertex 39.09823586046696 57.57819011807442 1.5
      vertex 36.811823189258575 47.92929129302502 1.5
      vertex 37.16899807006121 47.891122445464134 1.5
    endloop
  endfacet
  facet normal 0 0 1
    outer loop
      vertex 39.09823586046696 57.57819011807442 1.5
      vertex 37.16899807006121 47.891122445464134 1.5
      vertex 39.97590868920088 57.2642015516758 1.5
    endloop
  endfacet
  facet normal 0 0 1
    outer loop
      vertex 34.612360805273056 47.67703603953123 1.5
      vertex 33.6525703817606 57.58503445982933 1.5
      vertex 33.593646459281445 57.57819011807442 1.5
    endloop
  endfacet
  facet normal 0 0 1
    outer loop
      vertex 34.612360805273056 47.67703603953123 1.5
      vertex 33.593646459281445 57.57819011807442 1.5
      vertex 30.947120897471905 56.631392285227776 1.5
    endloop
  endfacet
  facet normal 0 0 1
    outer loop
      vertex 34.612360805273056 47.67703603953123 1.5
      vertex 30.947120897471905 56.631392285227776 1.5
      vertex 29.82109621912241 55.92157498002052 1.5
    endloop
  endfacet
  facet normal 0 0 1
    outer loop
      vertex 34.612360805273056 47.67703603953123 1.5
      vertex 29.82109621912241 55.92157498002052 1.5
      vertex 34.26841801404953 47.56383375823498 1.5
    endloop
  endfacet
  facet normal 0 0 1
    outer loop
      vertex 44.183813348412514 55.09387603402138 1.5
      vertex 42.05363263934851 56.43668772280216 1.5
      vertex 39.2712444961071 47.145496137440205 1.5
    endloop
  endfacet
  facet normal 0 0 1
    outer loop
      vertex 45.37857994437218 53.93750236183405 1.5
      vertex 44.183813348412514 55.09387603402138 1.5
      vertex 39.2712444961071 47.145496137440205 1.5
    endloop
  endfacet
  facet normal 0 0 1
    outer loop
      vertex 39.58913525938988 46.96113710850477 1.5
      vertex 45.37857994437218 53.93750236183405 1.5
      vertex 39.2712444961071 47.145496137440205 1.5
    endloop
  endfacet
  facet normal 0 0 1
    outer loop
      vertex 32.35632149875164 46.357766084373 1.5
      vertex 27.979754857718945 54.58253888785839 1.5
      vertex 26.370222076773643 53.02472724020481 1.5
    endloop
  endfacet
  facet normal 0 0 1
    outer loop
      vertex 32.35632149875164 46.357766084373 1.5
      vertex 26.370222076773643 53.02472724020481 1.5
      vertex 25.283693484961987 51.46334274858236 1.5
    endloop
  endfacet
  facet normal 0 0 1
    outer loop
      vertex 32.35632149875164 46.357766084373 1.5
      vertex 25.283693484961987 51.46334274858236 1.5
      vertex 32.07648795098066 46.108592085540295 1.5
    endloop
  endfacet
  facet normal 0 0 1
    outer loop
      vertex 55.51414392143488 46.6992307677865 1.5
      vertex 50.79581708461046 48.778980769217014 1.5
      vertex 50.79581708461046 48.575892709195614 1.5
    endloop
  endfacet
  facet normal 0 0 1
    outer loop
      vertex 39.88468628376722 24.621884614229202 1.5
      vertex 42.09640198945999 24.621884614229202 1.5
      vertex 42.09640198945999 30.101323880255222 1.5
    endloop
  endfacet
  facet normal 0 0 1
    outer loop
      vertex 39.88468626886606 30.406015917658806 1.5
      vertex 39.88468628376722 24.621884614229202 1.5
      vertex 42.09640198945999 30.101323880255222 1.5
    endloop
  endfacet
  facet normal 0 0 1
    outer loop
      vertex 44.0132222622633 30.406015917658806 1.5
      vertex 44.0132222622633 24.621884614229202 1.5
      vertex 46.224937960505486 24.621884614229202 1.5
    endloop
  endfacet
  facet normal 0 0 1
    outer loop
      vertex 51.07070978730917 44.740648314356804 1.5
      vertex 55.51414392143488 46.6992307677865 1.5
      vertex 43.63783872127533 46.09580999612808 1.5
    endloop
  endfacet
  facet normal 0 0 1
    outer loop
      vertex 51.04998841881752 44.698586165905 1.5
      vertex 51.07070978730917 44.740648314356804 1.5
      vertex 43.63783872127533 46.09580999612808 1.5
    endloop
  endfacet
  facet normal 0 0 1
    outer loop
      vertex 30.17105757445097 41.457298904657364 1.5
      vertex 22.404221460223198 43.24851670116186 1.5
      vertex 22.238143920898438 41.25988461822271 1.5
    endloop
  endfacet
  facet normal 0 0 1
    outer loop
      vertex 30.153137184679508 41.25988461822271 1.5
      vertex 30.17105757445097 41.457298904657364 1.5
      vertex 22.238143920898438 41.25988461822271 1.5
    endloop
  endfacet
  facet normal 0 0 1
    outer loop
      vertex 46.224937960505486 24.621884614229202 1.5
      vertex 46.224937960505486 31.34107691794634 1.5
      vertex 46.14195428788662 31.34107691794634 1.5
    endloop
  endfacet
  facet normal 0 0 1
    outer loop
      vertex 44.0132222622633 30.406015917658806 1.5
      vertex 46.224937960505486 24.621884614229202 1.5
      vertex 46.14195428788662 31.34107691794634 1.5
    endloop
  endfacet
  facet normal 0 0 1
    outer loop
      vertex 30.27213018387556 39.94903522729874 1.5
      vertex 30.153137184679508 41.25988461822271 1.5
      vertex 22.238143920898438 41.25988461822271 1.5
    endloop
  endfacet
  facet normal 0 0 1
    outer loop
      vertex 30.27213018387556 39.94903522729874 1.5
      vertex 22.238143920898438 41.25988461822271 1.5
      vertex 22.50922130048275 38.01397183537483 1.5
    endloop
  endfacet
  facet normal 0 0 1
    outer loop
      vertex 30.62453632056713 38.68856103718281 1.5
      vertex 30.27213018387556 39.94903522729874 1.5
      vertex 22.50922130048275 38.01397183537483 1.5
    endloop
  endfacet
  facet normal 0 0 1
    outer loop
      vertex 30.62453632056713 38.68856103718281 1.5
      vertex 22.50922130048275 38.01397183537483 1.5
      vertex 23.31203604489565 34.89279766380787 1.5
    endloop
  endfacet
  facet normal 0 0 1
    outer loop
      vertex 31.196812838315964 37.52690137922764 1.5
      vertex 30.62453632056713 38.68856103718281 1.5
      vertex 23.31203604489565 34.89279766380787 1.5
    endloop
  endfacet
  facet normal 0 0 1
    outer loop
      vertex 31.196812838315964 37.52690137922764 1.5
      vertex 23.31203604489565 34.89279766380787 1.5
      vertex 24.615736462175846 32.01630707830191 1.5
    endloop
  endfacet
  facet normal 0 0 1
    outer loop
      vertex 31.96696747839451 36.50869816541672 1.5
      vertex 31.196812838315964 37.52690137922764 1.5
      vertex 24.615736462175846 32.01630707830191 1.5
    endloop
  endfacet
  facet normal 0 0 1
    outer loop
      vertex 31.96696747839451 36.50869816541672 1.5
      vertex 24.615736462175846 32.01630707830191 1.5
      vertex 24.862959049642086 31.6610384657979 1.5
    endloop
  endfacet
  facet normal 0 0 1
    outer loop
      vertex 32.90540361404419 35.67308038473129 1.5
      vertex 31.96696747839451 36.50869816541672 1.5
      vertex 24.862959049642086 31.6610384657979 1.5
    endloop
  endfacet
  facet normal 0 0 1
    outer loop
      vertex 43.63783872127533 46.09580999612808 1.5
      vertex 55.51414392143488 46.6992307677865 1.5
      vertex 50.79581708461046 48.575892709195614 1.5
    endloop
  endfacet
  facet normal 0 0 1
    outer loop
      vertex 43.63783872127533 46.09580999612808 1.5
      vertex 50.79581708461046 48.575892709195614 1.5
      vertex 50.73952300846577 48.6901636198163 1.5
    endloop
  endfacet
  facet normal 0 0 1
    outer loop
      vertex 43.63783872127533 46.09580999612808 1.5
      vertex 50.73952300846577 48.6901636198163 1.5
      vertex 50.26276061683893 49.32047988474369 1.5
    endloop
  endfacet
  facet normal 0 0 1
    outer loop
      vertex 43.63783872127533 46.09580999612808 1.5
      vertex 50.26276061683893 49.32047988474369 1.5
      vertex 49.68182396143675 49.83776707947254 1.5
    endloop
  endfacet
  facet normal 0 0 1
    outer loop
      vertex 43.63783872127533 46.09580999612808 1.5
      vertex 49.68182396143675 49.83776707947254 1.5
      vertex 49.01903811842203 50.22214614599943 1.5
    endloop
  endfacet
  facet normal 0 0 1
    outer loop
      vertex 43.63783872127533 46.09580999612808 1.5
      vertex 49.01903811842203 50.22214614599943 1.5
      vertex 48.29987356066704 50.45884560793638 1.5
    endloop
  endfacet
  facet normal 0 0 1
    outer loop
      vertex 43.63783872127533 46.09580999612808 1.5
      vertex 48.29987356066704 50.45884560793638 1.5
      vertex 48.086009100079536 50.48169983923435 1.5
    endloop
  endfacet
  facet normal 0 0 1
    outer loop
      vertex 43.63783872127533 46.09580999612808 1.5
      vertex 48.086009100079536 50.48169983923435 1.5
      vertex 48.076145857572556 50.50346215814352 1.5
    endloop
  endfacet
  facet normal 0 0 1
    outer loop
      vertex 43.63783872127533 46.09580999612808 1.5
      vertex 48.076145857572556 50.50346215814352 1.5
      vertex 46.90344697237015 52.1886767372489 1.5
    endloop
  endfacet
  facet normal 0 0 1
    outer loop
      vertex 51.04998841881752 44.698586165905 1.5
      vertex 43.63783872127533 46.09580999612808 1.5
      vertex 43.12819544970989 45.27785162627697 1.5
    endloop
  endfacet
  facet normal 0 0 1
    outer loop
      vertex 51.0690341591835 44.65992537885904 1.5
      vertex 51.04998841881752 44.698586165905 1.5
      vertex 43.12819544970989 45.27785162627697 1.5
    endloop
  endfacet
  facet normal 0 0 1
    outer loop
      vertex 51.140354447066784 44.404829412698746 1.5
      vertex 51.0690341591835 44.65992537885904 1.5
      vertex 43.12819544970989 45.27785162627697 1.5
    endloop
  endfacet
  facet normal 0 0 1
    outer loop
      vertex 33.976057678461075 35.05216036736965 1.5
      vertex 32.90540361404419 35.67308038473129 1.5
      vertex 24.862959049642086 31.6610384657979 1.5
    endloop
  endfacet
  facet normal 0 0 1
    outer loop
      vertex 33.976057678461075 35.05216036736965 1.5
      vertex 24.862959049642086 31.6610384657979 1.5
      vertex 37.34211432188749 31.6610384657979 1.5
    endloop
  endfacet
  facet normal 0 0 1
    outer loop
      vertex 34.89909143745899 34.748361214995384 1.5
      vertex 33.976057678461075 35.05216036736965 1.5
      vertex 37.34211432188749 31.6610384657979 1.5
    endloop
  endfacet
  facet normal 0 0 1
    outer loop
      vertex 46.55579421669245 31.6610384657979 1.5
      vertex 47.828923270106316 31.6610384657979 1.5
      vertex 48.076145857572556 32.01630707830191 1.5
    endloop
  endfacet
  facet normal 0 0 1
    outer loop
      vertex 46.55579421669245 31.6610384657979 1.5
      vertex 48.076145857572556 32.01630707830191 1.5
      vertex 49.37984627485275 34.89279766380787 1.5
    endloop
  endfacet
  facet normal 0 0 1
    outer loop
      vertex 52.577113553881645 38.89369864016771 1.5
      vertex 51.140354447066784 44.404829412698746 1.5
      vertex 43.12819544970989 45.27785162627697 1.5
    endloop
  endfacet
  facet normal 0 0 1
    outer loop
      vertex 46.90344697237015 52.1886767372489 1.5
      vertex 41.22652546316385 45.34790353477001 1.5
      vertex 41.24422537535429 45.324502877891064 1.5
    endloop
  endfacet
  facet normal 0 0 1
    outer loop
      vertex 52.594679184257984 38.70019230991602 1.5
      vertex 52.577113553881645 38.89369864016771 1.5
      vertex 43.12819544970989 45.27785162627697 1.5
    endloop
  endfacet
  facet normal 0 0 1
    outer loop
      vertex 52.577113553881645 38.506685972213745 1.5
      vertex 52.594679184257984 38.70019230991602 1.5
      vertex 43.12819544970989 45.27785162627697 1.5
    endloop
  endfacet
  facet normal 0 0 1
    outer loop
      vertex 52.52509170025587 38.32061596214771 1.5
      vertex 52.577113553881645 38.506685972213745 1.5
      vertex 43.12819544970989 45.27785162627697 1.5
    endloop
  endfacet
  facet normal 0 0 1
    outer loop
      vertex 52.44061277806759 38.14913287758827 1.5
      vertex 52.52509170025587 38.32061596214771 1.5
      vertex 43.12819544970989 45.27785162627697 1.5
    endloop
  endfacet
  facet normal 0 0 1
    outer loop
      vertex 42.14474869519472 45.37453832477331 1.5
      vertex 43.63783872127533 46.09580999612808 1.5
      vertex 46.90344697237015 52.1886767372489 1.5
    endloop
  endfacet
  facet normal 0 0 1
    outer loop
      vertex 42.14474869519472 45.37453832477331 1.5
      vertex 46.90344697237015 52.1886767372489 1.5
      vertex 41.24422537535429 45.324502877891064 1.5
    endloop
  endfacet
  facet normal 0 0 1
    outer loop
      vertex 52.44061277806759 38.14913287758827 1.5
      vertex 43.12819544970989 45.27785162627697 1.5
      vertex 42.14474869519472 45.37453832477331 1.5
    endloop
  endfacet
  facet normal 0 0 1
    outer loop
      vertex 46.55579421669245 31.6610384657979 1.5
      vertex 49.37984627485275 34.89279766380787 1.5
      vertex 50.18266101926565 38.01397183537483 1.5
    endloop
  endfacet
  facet normal 0 0 1
    outer loop
      vertex 46.55579421669245 31.6610384657979 1.5
      vertex 50.18266101926565 38.01397183537483 1.5
      vertex 50.31825479120016 39.637587912380695 1.5
    endloop
  endfacet
  facet normal 0 0 1
    outer loop
      vertex 46.208667419850826 31.37667164951563 1.5
      vertex 46.55579421669245 31.6610384657979 1.5
      vertex 50.31825479120016 39.637587912380695 1.5
    endloop
  endfacet
  facet normal 0 0 1
    outer loop
      vertex 46.14195428788662 31.34107691794634 1.5
      vertex 46.208667419850826 31.37667164951563 1.5
      vertex 50.31825479120016 39.637587912380695 1.5
    endloop
  endfacet
  facet normal 0 0 1
    outer loop
      vertex 44.0132222622633 30.406015917658806 1.5
      vertex 46.14195428788662 31.34107691794634 1.5
      vertex 50.31825479120016 39.637587912380695 1.5
    endloop
  endfacet
  facet normal 0 0 1
    outer loop
      vertex 43.444766610860825 30.233887165784836 1.5
      vertex 44.0132222622633 30.406015917658806 1.5
      vertex 50.31825479120016 39.637587912380695 1.5
    endloop
  endfacet
  facet normal 0 0 1
    outer loop
      vertex 42.09640198945999 30.101323880255222 1.5
      vertex 43.444766610860825 30.233887165784836 1.5
      vertex 50.31825479120016 39.637587912380695 1.5
    endloop
  endfacet
  facet normal 0 0 1
    outer loop
      vertex 39.88468626886606 30.406015917658806 1.5
      vertex 42.09640198945999 30.101323880255222 1.5
      vertex 50.31825479120016 39.637587912380695 1.5
    endloop
  endfacet
  facet normal 0 0 1
    outer loop
      vertex 39.01481282711029 30.669414170086384 1.5
      vertex 39.88468626886606 30.406015917658806 1.5
      vertex 50.31825479120016 39.637587912380695 1.5
    endloop
  endfacet
  facet normal 0 0 1
    outer loop
      vertex 37.689241118729115 31.37667164951563 1.5
      vertex 39.01481282711029 30.669414170086384 1.5
      vertex 50.31825479120016 39.637587912380695 1.5
    endloop
  endfacet
  facet normal 0 0 1
    outer loop
      vertex 37.34211432188749 31.6610384657979 1.5
      vertex 37.689241118729115 31.37667164951563 1.5
      vertex 50.31825479120016 39.637587912380695 1.5
    endloop
  endfacet
  facet normal 0 0 1
    outer loop
      vertex 34.89909143745899 34.748361214995384 1.5
      vertex 37.34211432188749 31.6610384657979 1.5
      vertex 50.31825479120016 39.637587912380695 1.5
    endloop
  endfacet
  facet normal 0 0 1
    outer loop
      vertex 34.865310192108154 34.81144770234823 1.5
      vertex 34.89909143745899 34.748361214995384 1.5
      vertex 50.31825479120016 39.637587912380695 1.5
    endloop
  endfacet
  facet normal 0 0 1
    outer loop
      vertex 34.428997829556465 36.247187815606594 1.5
      vertex 34.865310192108154 34.81144770234823 1.5
      vertex 50.31825479120016 39.637587912380695 1.5
    endloop
  endfacet
  facet normal 0 0 1
    outer loop
      vertex 34.28167316317558 37.740307688713074 1.5
      vertex 34.428997829556465 36.247187815606594 1.5
      vertex 50.31825479120016 39.637587912380695 1.5
    endloop
  endfacet
  facet normal 0 0 1
    outer loop
      vertex 34.428997829556465 39.233427569270134 1.5
      vertex 34.28167316317558 37.740307688713074 1.5
      vertex 50.31825479120016 39.637587912380695 1.5
    endloop
  endfacet
  facet normal 0 0 1
    outer loop
      vertex 34.865310192108154 40.669167689979076 1.5
      vertex 34.428997829556465 39.233427569270134 1.5
      vertex 50.31825479120016 39.637587912380695 1.5
    endloop
  endfacet
  facet normal 0 0 1
    outer loop
      vertex 35.57384302467108 41.99235335737467 1.5
      vertex 34.865310192108154 40.669167689979076 1.5
      vertex 50.31825479120016 39.637587912380695 1.5
    endloop
  endfacet
  facet normal 0 0 1
    outer loop
      vertex 36.52736780792475 43.15213529765606 1.5
      vertex 35.57384302467108 41.99235335737467 1.5
      vertex 50.31825479120016 39.637587912380695 1.5
    endloop
  endfacet
  facet normal 0 0 1
    outer loop
      vertex 37.689241118729115 44.10394374281168 1.5
      vertex 36.52736780792475 43.15213529765606 1.5
      vertex 50.31825479120016 39.637587912380695 1.5
    endloop
  endfacet
  facet normal 0 0 1
    outer loop
      vertex 39.01481282711029 44.811201222240925 1.5
      vertex 37.689241118729115 44.10394374281168 1.5
      vertex 50.31825479120016 39.637587912380695 1.5
    endloop
  endfacet
  facet normal 0 0 1
    outer loop
      vertex 40.453141927719116 45.24672821909189 1.5
      vertex 39.01481282711029 44.811201222240925 1.5
      vertex 50.31825479120016 39.637587912380695 1.5
    endloop
  endfacet
  facet normal 0 0 1
    outer loop
      vertex 41.24422537535429 45.324502877891064 1.5
      vertex 40.453141927719116 45.24672821909189 1.5
      vertex 50.31825479120016 39.637587912380695 1.5
    endloop
  endfacet
  facet normal 0 0 1
    outer loop
      vertex 42.14474869519472 45.37453832477331 1.5
      vertex 41.24422537535429 45.324502877891064 1.5
      vertex 50.31825479120016 39.637587912380695 1.5
    endloop
  endfacet
  facet normal 0 0 1
    outer loop
      vertex 52.44061277806759 38.14913287758827 1.5
      vertex 42.14474869519472 45.37453832477331 1.5
      vertex 50.31825479120016 39.637587912380695 1.5
    endloop
  endfacet
  facet normal 0 0 1
    outer loop
      vertex 52.44061277806759 38.14913287758827 1.5
      vertex 50.31825479120016 39.637587912380695 1.5
      vertex 50.83591502904892 38.32061596214771 1.5
    endloop
  endfacet
  facet normal 0 0 1
    outer loop
      vertex 52.44061277806759 38.14913287758827 1.5
      vertex 50.83591502904892 38.32061596214771 1.5
      vertex 50.92039394378662 38.14913287758827 1.5
    endloop
  endfacet
  facet normal 0 0 1
    outer loop
      vertex 52.32692328095436 37.998826682567596 1.5
      vertex 52.44061277806759 38.14913287758827 1.5
      vertex 50.92039394378662 38.14913287758827 1.5
    endloop
  endfacet
  facet normal 0 0 1
    outer loop
      vertex 52.32692328095436 37.998826682567596 1.5
      vertex 50.92039394378662 38.14913287758827 1.5
      vertex 51.03408344089985 37.998826682567596 1.5
    endloop
  endfacet
  facet normal 0 0 1
    outer loop
      vertex 52.188392244279385 37.87547358125448 1.5
      vertex 52.32692328095436 37.998826682567596 1.5
      vertex 51.03408344089985 37.998826682567596 1.5
    endloop
  endfacet
  facet normal 0 0 1
    outer loop
      vertex 52.188392244279385 37.87547358125448 1.5
      vertex 51.03408344089985 37.998826682567596 1.5
      vertex 51.17261449247599 37.87547358125448 1.5
    endloop
  endfacet
  facet normal 0 0 1
    outer loop
      vertex 52.03034330159426 37.78381396830082 1.5
      vertex 52.188392244279385 37.87547358125448 1.5
      vertex 51.17261449247599 37.87547358125448 1.5
    endloop
  endfacet
  facet normal 0 0 1
    outer loop
      vertex 52.03034330159426 37.78381396830082 1.5
      vertex 51.17261449247599 37.87547358125448 1.5
      vertex 51.33066342025995 37.78381396830082 1.5
    endloop
  endfacet
  facet normal 0 0 1
    outer loop
      vertex 51.858850218355656 37.727370247244835 1.5
      vertex 52.03034330159426 37.78381396830082 1.5
      vertex 51.33066342025995 37.78381396830082 1.5
    endloop
  endfacet
  facet normal 0 0 1
    outer loop
      vertex 51.502156503498554 37.727370247244835 1.5
      vertex 51.680503368377686 37.708311542868614 1.5
      vertex 51.858850218355656 37.727370247244835 1.5
    endloop
  endfacet
  facet normal 0 0 1
    outer loop
      vertex 51.502156503498554 37.727370247244835 1.5
      vertex 51.858850218355656 37.727370247244835 1.5
      vertex 51.33066342025995 37.78381396830082 1.5
    endloop
  endfacet
  facet normal 0 0 1
    outer loop
      vertex 30.78625312447548 44.15947585552931 1.5
      vertex 24.12160523980856 49.4132087379694 1.5
      vertex 23.31203604489565 47.62697157263756 1.5
    endloop
  endfacet
  facet normal 0 0 1
    outer loop
      vertex 30.62453632056713 43.83120819926262 1.5
      vertex 30.78625312447548 44.15947585552931 1.5
      vertex 23.31203604489565 47.62697157263756 1.5
    endloop
  endfacet
  facet normal 0 0 1
    outer loop
      vertex 30.62453632056713 43.83120819926262 1.5
      vertex 23.31203604489565 47.62697157263756 1.5
      vertex 22.793754801154137 45.61200353503227 1.5
    endloop
  endfacet
  facet normal 0 0 1
    outer loop
      vertex 30.62453632056713 43.83120819926262 1.5
      vertex 22.793754801154137 45.61200353503227 1.5
      vertex 30.61792554706335 43.80756299197674 1.5
    endloop
  endfacet
  facet normal 0 0 1
    outer loop
      vertex 5.850612536072731 16.64404558390379 1.5
      vertex 8.832592591643333 16.64404558390379 1.5
      vertex 8.832592591643333 18.411794871091843 1.5
    endloop
  endfacet
  facet normal 0 0 1
    outer loop
      vertex 0.7588604018092155 18.411794871091843 1.5
      vertex 0.7588604018092155 16.64404558390379 1.5
      vertex 3.754401706159115 16.64404558390379 1.5
    endloop
  endfacet
  facet normal 0 0 1
    outer loop
      vertex 3.754401706159115 16.64404558390379 1.5
      vertex 3.754401706159115 8.443475782871246 1.5
      vertex 5.850612536072731 8.443475782871246 1.5
    endloop
  endfacet
  facet normal 0 0 1
    outer loop
      vertex 3.754401706159115 16.64404558390379 1.5
      vertex 5.850612536072731 8.443475782871246 1.5
      vertex 5.850612536072731 16.64404558390379 1.5
    endloop
  endfacet
  facet normal 0 0 1
    outer loop
      vertex 3.754401706159115 16.64404558390379 1.5
      vertex 5.850612536072731 16.64404558390379 1.5
      vertex 8.832592591643333 18.411794871091843 1.5
    endloop
  endfacet
  facet normal 0 0 1
    outer loop
      vertex 3.754401706159115 16.64404558390379 1.5
      vertex 8.832592591643333 18.411794871091843 1.5
      vertex 0.7588604018092155 18.411794871091843 1.5
    endloop
  endfacet
  facet normal 0 0 1
    outer loop
      vertex 18.201919086277485 15.005961820483208 1.5
      vertex 18.24492421746254 15.287246152758598 1.5
      vertex 16.169829063117504 15.288019940257072 1.5
    endloop
  endfacet
  facet normal 0 0 1
    outer loop
      vertex 10.097578346729279 8.443475782871246 1.5
      vertex 12.132962964475155 8.443475782871246 1.5
      vertex 12.132962964475155 12.349116809666157 1.5
    endloop
  endfacet
  facet normal 0 0 1
    outer loop
      vertex 18.130243875086308 14.726560108363628 1.5
      vertex 18.201919086277485 15.005961820483208 1.5
      vertex 16.169829063117504 15.288019940257072 1.5
    endloop
  endfacet
  facet normal 0 0 1
    outer loop
      vertex 18.130243875086308 14.726560108363628 1.5
      vertex 16.169829063117504 15.288019940257072 1.5
      vertex 16.14494416117668 14.974499709904194 1.5
    endloop
  endfacet
  facet normal 0 0 1
    outer loop
      vertex 18.029898576438427 14.449041023850441 1.5
      vertex 18.130243875086308 14.726560108363628 1.5
      vertex 16.14494416117668 14.974499709904194 1.5
    endloop
  endfacet
  facet normal 0 0 1
    outer loop
      vertex 17.900883190333843 14.173404552042484 1.5
      vertex 18.029898576438427 14.449041023850441 1.5
      vertex 16.14494416117668 14.974499709904194 1.5
    endloop
  endfacet
  facet normal 0 0 1
    outer loop
      vertex 16.169829063117504 15.288019940257072 1.5
      vertex 18.24492421746254 15.287246152758598 1.5
      vertex 18.25925926119089 15.5704131051898 1.5
    endloop
  endfacet
  facet normal 0 0 1
    outer loop
      vertex 16.14575783163309 15.62699543684721 1.5
      vertex 16.169829063117504 15.288019940257072 1.5
      vertex 18.25925926119089 15.5704131051898 1.5
    endloop
  endfacet
  facet normal 0 0 1
    outer loop
      vertex 16.14575783163309 15.62699543684721 1.5
      vertex 18.25925926119089 15.5704131051898 1.5
      vertex 18.25168489664793 15.80071509629488 1.5
    endloop
  endfacet
  facet normal 0 0 1
    outer loop
      vertex 16.14575783163309 15.62699543684721 1.5
      vertex 18.25168489664793 15.80071509629488 1.5
      vertex 18.22896182537079 16.0207264944911 1.5
    endloop
  endfacet
  facet normal 0 0 1
    outer loop
      vertex 16.14575783163309 15.62699543684721 1.5
      vertex 18.22896182537079 16.0207264944911 1.5
      vertex 18.191090025007725 16.23044729232788 1.5
    endloop
  endfacet
  facet normal 0 0 1
    outer loop
      vertex 16.073544159531593 15.918315097689629 1.5
      vertex 16.14575783163309 15.62699543684721 1.5
      vertex 18.191090025007725 16.23044729232788 1.5
    endloop
  endfacet
  facet normal 0 0 1
    outer loop
      vertex 16.073544159531593 15.918315097689629 1.5
      vertex 18.191090025007725 16.23044729232788 1.5
      vertex 18.13806951791048 16.42987748980522 1.5
    endloop
  endfacet
  facet normal 0 0 1
    outer loop
      vertex 16.073544159531593 15.918315097689629 1.5
      vertex 18.13806951791048 16.42987748980522 1.5
      vertex 18.069900281727314 16.619017094373703 1.5
    endloop
  endfacet
  facet normal 0 0 1
    outer loop
      vertex 16.073544159531593 15.918315097689629 1.5
      vertex 18.069900281727314 16.619017094373703 1.5
      vertex 17.988784044981003 16.79980056732893 1.5
    endloop
  endfacet
  facet normal 0 0 1
    outer loop
      vertex 16.073544159531593 15.918315097689629 1.5
      vertex 17.988784044981003 16.79980056732893 1.5
      vertex 17.89684273302555 16.974082618951797 1.5
    endloop
  endfacet
  facet normal 0 0 1
    outer loop
      vertex 16.073544159531593 15.918315097689629 1.5
      vertex 17.89684273302555 16.974082618951797 1.5
      vertex 17.79407635331154 17.141863241791725 1.5
    endloop
  endfacet
  facet normal 0 0 1
    outer loop
      vertex 15.95318803191185 16.161978915333748 1.5
      vertex 16.073544159531593 15.918315097689629 1.5
      vertex 17.79407635331154 17.141863241791725 1.5
    endloop
  endfacet
  facet normal 0 0 1
    outer loop
      vertex 15.95318803191185 16.161978915333748 1.5
      vertex 17.79407635331154 17.141863241791725 1.5
      vertex 17.680484898388386 17.303142450749874 1.5
    endloop
  endfacet
  facet normal 0 0 1
    outer loop
      vertex 15.95318803191185 16.161978915333748 1.5
      vertex 17.680484898388386 17.303142450749874 1.5
      vertex 17.556068375706673 17.457920223474503 1.5
    endloop
  endfacet
  facet normal 0 0 1
    outer loop
      vertex 15.95318803191185 16.161978915333748 1.5
      vertex 17.556068375706673 17.457920223474503 1.5
      vertex 17.39229629933834 17.632984042167664 1.5
    endloop
  endfacet
  facet normal 0 0 1
    outer loop
      vertex 15.784689456224442 16.357986889779568 1.5
      vertex 15.95318803191185 16.161978915333748 1.5
      vertex 17.39229629933834 17.632984042167664 1.5
    endloop
  endfacet
  facet normal 0 0 1
    outer loop
      vertex 15.784689456224442 16.357986889779568 1.5
      vertex 17.39229629933834 17.632984042167664 1.5
      vertex 17.214723646640778 17.790186889469624 1.5
    endloop
  endfacet
  facet normal 0 0 1
    outer loop
      vertex 15.784689456224442 16.357986889779568 1.5
      vertex 17.214723646640778 17.790186889469624 1.5
      vertex 17.023350425064564 17.929528772830963 1.5
    endloop
  endfacet
  facet normal 0 0 1
    outer loop
      vertex 15.784689456224442 16.357986889779568 1.5
      vertex 17.023350425064564 17.929528772830963 1.5
      vertex 16.8181766346097 18.0510096848011 1.5
    endloop
  endfacet
  facet normal 0 0 1
    outer loop
      vertex 15.784689456224442 16.357986889779568 1.5
      vertex 16.8181766346097 18.0510096848011 1.5
      vertex 16.599202282726765 18.15462962538004 1.5
    endloop
  endfacet
  facet normal 0 0 1
    outer loop
      vertex 15.568048432469368 16.50633902847767 1.5
      vertex 15.784689456224442 16.357986889779568 1.5
      vertex 16.599202282726765 18.15462962538004 1.5
    endloop
  endfacet
  facet normal 0 0 1
    outer loop
      vertex 15.568048432469368 16.50633902847767 1.5
      vertex 16.599202282726765 18.15462962538004 1.5
      vertex 16.354026779532433 18.24069970846176 1.5
    endloop
  endfacet
  facet normal 0 0 1
    outer loop
      vertex 15.568048432469368 16.50633902847767 1.5
      vertex 16.354026779532433 18.24069970846176 1.5
      vertex 16.070169799029827 18.309451282024384 1.5
    endloop
  endfacet
  facet normal 0 0 1
    outer loop
      vertex 15.419273503124714 16.569698005914688 1.5
      vertex 15.568048432469368 16.50633902847767 1.5
      vertex 16.070169799029827 18.309451282024384 1.5
    endloop
  endfacet
  facet normal 0 0 1
    outer loop
      vertex 15.419273503124714 16.569698005914688 1.5
      vertex 16.070169799029827 18.309451282024384 1.5
      vertex 15.747631341218948 18.360884331166744 1.5
    endloop
  endfacet
  facet normal 0 0 1
    outer loop
      vertex 15.243455842137337 16.618977203965187 1.5
      vertex 15.419273503124714 16.569698005914688 1.5
      vertex 15.747631341218948 18.360884331166744 1.5
    endloop
  endfacet
  facet normal 0 0 1
    outer loop
      vertex 15.243455842137337 16.618977203965187 1.5
      vertex 15.747631341218948 18.360884331166744 1.5
      vertex 15.386411398649216 18.394998855888844 1.5
    endloop
  endfacet
  facet normal 0 0 1
    outer loop
      vertex 15.040595442056656 16.654176637530327 1.5
      vertex 15.243455842137337 16.618977203965187 1.5
      vertex 15.386411398649216 18.394998855888844 1.5
    endloop
  endfacet
  facet normal 0 0 1
    outer loop
      vertex 15.040595442056656 16.654176637530327 1.5
      vertex 15.386411398649216 18.394998855888844 1.5
      vertex 14.98650997132063 18.411794871091843 1.5
    endloop
  endfacet
  facet normal 0 0 1
    outer loop
      vertex 14.810692310333252 16.675296291708946 1.5
      vertex 15.040595442056656 16.654176637530327 1.5
      vertex 14.98650997132063 18.411794871091843 1.5
    endloop
  endfacet
  facet normal 0 0 1
    outer loop
      vertex 17.900883190333843 14.173404552042484 1.5
      vertex 16.14494416117668 14.974499709904194 1.5
      vertex 16.070289455354214 14.705380626022816 1.5
    endloop
  endfacet
  facet normal 0 0 1
    outer loop
      vertex 14.553746439516544 16.682336181402206 1.5
      vertex 14.810692310333252 16.675296291708946 1.5
      vertex 14.98650997132063 18.411794871091843 1.5
    endloop
  endfacet
  facet normal 0 0 1
    outer loop
      vertex 17.738870084285736 13.914851278066635 1.5
      vertex 17.900883190333843 14.173404552042484 1.5
      vertex 16.070289455354214 14.705380626022816 1.5
    endloop
  endfacet
  facet normal 0 0 1
    outer loop
      vertex 17.539531625807285 13.688501991331577 1.5
      vertex 17.738870084285736 13.914851278066635 1.5
      vertex 16.070289455354214 14.705380626022816 1.5
    endloop
  endfacet
  facet normal 0 0 1
    outer loop
      vertex 17.30286780744791 13.49435669183731 1.5
      vertex 17.539531625807285 13.688501991331577 1.5
      vertex 16.070289455354214 14.705380626022816 1.5
    endloop
  endfacet
  facet normal 0 0 1
    outer loop
      vertex 17.30286780744791 13.49435669183731 1.5
      vertex 16.070289455354214 14.705380626022816 1.5
      vertex 15.945864960551262 14.480662673711777 1.5
    endloop
  endfacet
  facet normal 0 0 1
    outer loop
      vertex 17.02887862920761 13.332415379583836 1.5
      vertex 17.30286780744791 13.49435669183731 1.5
      vertex 15.945864960551262 14.480662673711777 1.5
    endloop
  endfacet
  facet normal 0 0 1
    outer loop
      vertex 16.71756410598755 13.202678062021732 1.5
      vertex 17.02887862920761 13.332415379583836 1.5
      vertex 15.945864960551262 14.480662673711777 1.5
    endloop
  endfacet
  facet normal 0 0 1
    outer loop
      vertex 16.71756410598755 13.202678062021732 1.5
      vertex 15.945864960551262 14.480662673711777 1.5
      vertex 15.771670654416084 14.300345867872238 1.5
    endloop
  endfacet
  facet normal 0 0 1
    outer loop
      vertex 16.71756410598755 13.202678062021732 1.5
      vertex 15.771670654416084 14.300345867872238 1.5
      vertex 15.547706551849842 14.164430193603039 1.5
    endloop
  endfacet
  facet normal 0 0 1
    outer loop
      vertex 12.132962964475155 16.682336181402206 1.5
      vertex 14.553746439516544 16.682336181402206 1.5
      vertex 14.98650997132063 18.411794871091843 1.5
    endloop
  endfacet
  facet normal 0 0 1
    outer loop
      vertex 12.132962964475155 16.682336181402206 1.5
      vertex 14.98650997132063 18.411794871091843 1.5
      vertex 10.097578346729279 18.411794871091843 1.5
    endloop
  endfacet
  facet normal 0 0 1
    outer loop
      vertex 16.086774356663227 8.570764102041721 1.5
      vertex 16.122464388608932 8.443475782871246 1.5
      vertex 18.414814814925194 8.443475782871246 1.5
    endloop
  endfacet
  facet normal 0 0 1
    outer loop
      vertex 16.055407978594303 8.687785752117634 1.5
      vertex 16.086774356663227 8.570764102041721 1.5
      vertex 18.414814814925194 8.443475782871246 1.5
    endloop
  endfacet
  facet normal 0 0 1
    outer loop
      vertex 16.028365239501 8.794540740549564 1.5
      vertex 16.055407978594303 8.687785752117634 1.5
      vertex 18.414814814925194 8.443475782871246 1.5
    endloop
  endfacet
  facet normal 0 0 1
    outer loop
      vertex 16.005646154284477 8.891029059886932 1.5
      vertex 16.028365239501 8.794540740549564 1.5
      vertex 18.414814814925194 8.443475782871246 1.5
    endloop
  endfacet
  facet normal 0 0 1
    outer loop
      vertex 15.987250715494156 8.977250710129738 1.5
      vertex 16.005646154284477 8.891029059886932 1.5
      vertex 18.414814814925194 8.443475782871246 1.5
    endloop
  endfacet
  facet normal 0 0 1
    outer loop
      vertex 15.987250715494156 8.977250710129738 1.5
      vertex 18.414814814925194 8.443475782871246 1.5
      vertex 18.414814814925194 8.693561248481274 1.5
    endloop
  endfacet
  facet normal 0 0 1
    outer loop
      vertex 15.987250715494156 8.977250710129738 1.5
      vertex 18.414814814925194 8.693561248481274 1.5
      vertex 18.304450139403343 8.774701423943043 1.5
    endloop
  endfacet
  facet normal 0 0 1
    outer loop
      vertex 15.987250715494156 8.977250710129738 1.5
      vertex 18.304450139403343 8.774701423943043 1.5
      vertex 18.211396008729935 8.872059255838394 1.5
    endloop
  endfacet
  facet normal 0 0 1
    outer loop
      vertex 15.987250715494156 8.977250710129738 1.5
      vertex 18.211396008729935 8.872059255838394 1.5
      vertex 18.13565242290497 8.985634751617908 1.5
    endloop
  endfacet
  facet normal 0 0 1
    outer loop
      vertex 15.987250715494156 8.977250710129738 1.5
      vertex 18.13565242290497 8.985634751617908 1.5
      vertex 18.077219374477863 9.115427918732166 1.5
    endloop
  endfacet
  facet normal 0 0 1
    outer loop
      vertex 15.987250715494156 8.977250710129738 1.5
      vertex 18.077219374477863 9.115427918732166 1.5
      vertex 18.03609686344862 9.261438742280006 1.5
    endloop
  endfacet
  facet normal 0 0 1
    outer loop
      vertex 15.987250715494156 8.977250710129738 1.5
      vertex 18.03609686344862 9.261438742280006 1.5
      vertex 18.016640454530716 9.37637435644865 1.5
    endloop
  endfacet
  facet normal 0 0 1
    outer loop
      vertex 15.95779487490654 9.145661532878876 1.5
      vertex 15.987250715494156 8.977250710129738 1.5
      vertex 18.016640454530716 9.37637435644865 1.5
    endloop
  endfacet
  facet normal 0 0 1
    outer loop
      vertex 15.95779487490654 9.145661532878876 1.5
      vertex 18.016640454530716 9.37637435644865 1.5
      vertex 18.001507692039013 9.52645754814148 1.5
    endloop
  endfacet
  facet normal 0 0 1
    outer loop
      vertex 15.934282049536705 9.315691731870174 1.5
      vertex 15.95779487490654 9.145661532878876 1.5
      vertex 18.001507692039013 9.52645754814148 1.5
    endloop
  endfacet
  facet normal 0 0 1
    outer loop
      vertex 15.916712254285812 9.487341307103634 1.5
      vertex 15.934282049536705 9.315691731870174 1.5
      vertex 18.001507692039013 9.52645754814148 1.5
    endloop
  endfacet
  facet normal 0 0 1
    outer loop
      vertex 15.916712254285812 9.487341307103634 1.5
      vertex 18.001507692039013 9.52645754814148 1.5
      vertex 17.99069857597351 9.711688317358494 1.5
    endloop
  endfacet
  facet normal 0 0 1
    outer loop
      vertex 15.90508546680212 9.660610251128674 1.5
      vertex 15.916712254285812 9.487341307103634 1.5
      vertex 17.99069857597351 9.711688317358494 1.5
    endloop
  endfacet
  facet normal 0 0 1
    outer loop
      vertex 15.90508546680212 9.660610251128674 1.5
      vertex 17.99069857597351 9.711688317358494 1.5
      vertex 17.98421310633421 9.932066664099693 1.5
    endloop
  endfacet
  facet normal 0 0 1
    outer loop
      vertex 15.89940170943737 9.835498571395874 1.5
      vertex 15.90508546680212 9.660610251128674 1.5
      vertex 17.98421310633421 9.932066664099693 1.5
    endloop
  endfacet
  facet normal 0 0 1
    outer loop
      vertex 15.89940170943737 9.835498571395874 1.5
      vertex 17.98421310633421 9.932066664099693 1.5
      vertex 17.98205128312111 10.187592588365078 1.5
    endloop
  endfacet
  facet normal 0 0 1
    outer loop
      vertex 15.885840453207493 10.76115383952856 1.5
      vertex 15.89940170943737 9.835498571395874 1.5
      vertex 17.98205128312111 10.187592588365078 1.5
    endloop
  endfacet
  facet normal 0 0 1
    outer loop
      vertex 15.885840453207493 10.76115383952856 1.5
      vertex 17.98205128312111 10.187592588365078 1.5
      vertex 17.98205128312111 10.856880336999893 1.5
    endloop
  endfacet
  facet normal 0 0 1
    outer loop
      vertex 15.867604561150074 11.116857543587685 1.5
      vertex 15.885840453207493 10.76115383952856 1.5
      vertex 17.98205128312111 10.856880336999893 1.5
    endloop
  endfacet
  facet normal 0 0 1
    outer loop
      vertex 15.867604561150074 11.116857543587685 1.5
      vertex 17.98205128312111 10.856880336999893 1.5
      vertex 17.970556125044823 11.254504270851612 1.5
    endloop
  endfacet
  facet normal 0 0 1
    outer loop
      vertex 15.867604561150074 11.116857543587685 1.5
      vertex 17.970556125044823 11.254504270851612 1.5
      vertex 17.936070658266544 11.609131053090096 1.5
    endloop
  endfacet
  facet normal 0 0 1
    outer loop
      vertex 15.823666095733643 11.42174643278122 1.5
      vertex 15.867604561150074 11.116857543587685 1.5
      vertex 17.936070658266544 11.609131053090096 1.5
    endloop
  endfacet
  facet normal 0 0 1
    outer loop
      vertex 15.823666095733643 11.42174643278122 1.5
      vertex 17.936070658266544 11.609131053090096 1.5
      vertex 17.878594875335693 11.920760683715343 1.5
    endloop
  endfacet
  facet normal 0 0 1
    outer loop
      vertex 15.823666095733643 11.42174643278122 1.5
      vertex 17.878594875335693 11.920760683715343 1.5
      vertex 17.79812877625227 12.189393162727356 1.5
    endloop
  endfacet
  facet normal 0 0 1
    outer loop
      vertex 15.75402507185936 11.675820507109165 1.5
      vertex 15.823666095733643 11.42174643278122 1.5
      vertex 17.79812877625227 12.189393162727356 1.5
    endloop
  endfacet
  facet normal 0 0 1
    outer loop
      vertex 15.75402507185936 11.675820507109165 1.5
      vertex 17.79812877625227 12.189393162727356 1.5
      vertex 17.694672361016273 12.415028490126133 1.5
    endloop
  endfacet
  facet normal 0 0 1
    outer loop
      vertex 15.75402507185936 11.675820507109165 1.5
      vertex 17.694672361016273 12.415028490126133 1.5
      vertex 17.563626781105995 12.609875783324242 1.5
    endloop
  endfacet
  facet normal 0 0 1
    outer loop
      vertex 15.75402507185936 11.675820507109165 1.5
      vertex 17.563626781105995 12.609875783324242 1.5
      vertex 17.400393165647984 12.786064386367798 1.5
    endloop
  endfacet
  facet normal 0 0 1
    outer loop
      vertex 15.75402507185936 11.675820507109165 1.5
      vertex 17.400393165647984 12.786064386367798 1.5
      vertex 17.204971507191658 12.943594299256802 1.5
    endloop
  endfacet
  facet normal 0 0 1
    outer loop
      vertex 15.75402507185936 11.675820507109165 1.5
      vertex 17.204971507191658 12.943594299256802 1.5
      vertex 16.97736182063818 13.082465521991253 1.5
    endloop
  endfacet
  facet normal 0 0 1
    outer loop
      vertex 15.658681482076645 11.879079766571522 1.5
      vertex 15.75402507185936 11.675820507109165 1.5
      vertex 16.97736182063818 13.082465521991253 1.5
    endloop
  endfacet
  facet normal 0 0 1
    outer loop
      vertex 15.658681482076645 11.879079766571522 1.5
      vertex 16.97736182063818 13.082465521991253 1.5
      vertex 16.71756410598755 13.202678062021732 1.5
    endloop
  endfacet
  facet normal 0 0 1
    outer loop
      vertex 15.537635326385498 12.03152421116829 1.5
      vertex 15.658681482076645 11.879079766571522 1.5
      vertex 16.71756410598755 13.202678062021732 1.5
    endloop
  endfacet
  facet normal 0 0 1
    outer loop
      vertex 15.380344726145267 12.1458575502038 1.5
      vertex 15.537635326385498 12.03152421116829 1.5
      vertex 16.71756410598755 13.202678062021732 1.5
    endloop
  endfacet
  facet normal 0 0 1
    outer loop
      vertex 15.380344726145267 12.1458575502038 1.5
      vertex 16.71756410598755 13.202678062021732 1.5
      vertex 15.547706551849842 14.164430193603039 1.5
    endloop
  endfacet
  facet normal 0 0 1
    outer loop
      vertex 15.380344726145267 12.1458575502038 1.5
      vertex 15.547706551849842 14.164430193603039 1.5
      vertex 15.393004558980465 14.10595327615738 1.5
    endloop
  endfacet
  facet normal 0 0 1
    outer loop
      vertex 15.176267802715302 12.234783470630646 1.5
      vertex 15.380344726145267 12.1458575502038 1.5
      vertex 15.393004558980465 14.10595327615738 1.5
    endloop
  endfacet
  facet normal 0 0 1
    outer loop
      vertex 15.176267802715302 12.234783470630646 1.5
      vertex 15.393004558980465 14.10595327615738 1.5
      vertex 15.210174925625324 14.060471221804619 1.5
    endloop
  endfacet
  facet normal 0 0 1
    outer loop
      vertex 14.9254045560956 12.298301994800568 1.5
      vertex 15.176267802715302 12.234783470630646 1.5
      vertex 15.210174925625324 14.060471221804619 1.5
    endloop
  endfacet
  facet normal 0 0 1
    outer loop
      vertex 14.9254045560956 12.298301994800568 1.5
      vertex 15.210174925625324 14.060471221804619 1.5
      vertex 14.999217666685581 14.027984045445919 1.5
    endloop
  endfacet
  facet normal 0 0 1
    outer loop
      vertex 14.9254045560956 12.298301994800568 1.5
      vertex 14.999217666685581 14.027984045445919 1.5
      vertex 14.760132759809494 14.008491732180119 1.5
    endloop
  endfacet
  facet normal 0 0 1
    outer loop
      vertex 14.627754986286163 12.336413100361824 1.5
      vertex 14.9254045560956 12.298301994800568 1.5
      vertex 14.760132759809494 14.008491732180119 1.5
    endloop
  endfacet
  facet normal 0 0 1
    outer loop
      vertex 14.627754986286163 12.336413100361824 1.5
      vertex 14.760132759809494 14.008491732180119 1.5
      vertex 14.492920227348804 14.001994296908379 1.5
    endloop
  endfacet
  facet normal 0 0 1
    outer loop
      vertex 14.28331908583641 12.349116809666157 1.5
      vertex 14.627754986286163 12.336413100361824 1.5
      vertex 14.492920227348804 14.001994296908379 1.5
    endloop
  endfacet
  facet normal 0 0 1
    outer loop
      vertex 14.28331908583641 12.349116809666157 1.5
      vertex 14.492920227348804 14.001994296908379 1.5
      vertex 12.132962964475155 14.001994296908379 1.5
    endloop
  endfacet
  facet normal 0 0 1
    outer loop
      vertex 12.132962964475155 12.349116809666157 1.5
      vertex 14.28331908583641 12.349116809666157 1.5
      vertex 12.132962964475155 14.001994296908379 1.5
    endloop
  endfacet
  facet normal 0 0 1
    outer loop
      vertex 12.132962964475155 14.001994296908379 1.5
      vertex 12.132962964475155 16.682336181402206 1.5
      vertex 10.097578346729279 18.411794871091843 1.5
    endloop
  endfacet
  facet normal 0 0 1
    outer loop
      vertex 10.097578346729279 18.411794871091843 1.5
      vertex 10.097578346729279 8.443475782871246 1.5
      vertex 12.132962964475155 12.349116809666157 1.5
    endloop
  endfacet
  facet normal 0 0 1
    outer loop
      vertex 12.132962964475155 14.001994296908379 1.5
      vertex 10.097578346729279 18.411794871091843 1.5
      vertex 12.132962964475155 12.349116809666157 1.5
    endloop
  endfacet
  facet normal 0 0 1
    outer loop
      vertex 22.168290600180626 18.411794871091843 1.5
      vertex 20.051837608218193 18.411794871091843 1.5
      vertex 20.051837608218193 12.285797715187073 1.5
    endloop
  endfacet
  facet normal 0 0 1
    outer loop
      vertex 22.168290600180626 12.283603988587856 1.5
      vertex 22.168290600180626 18.411794871091843 1.5
      vertex 20.051837608218193 12.285797715187073 1.5
    endloop
  endfacet
  facet normal 0 0 1
    outer loop
      vertex 28.06474359333515 12.285797715187073 1.5
      vertex 28.06474359333515 18.411794871091843 1.5
      vertex 25.94819088280201 18.411794871091843 1.5
    endloop
  endfacet
  facet normal 0 0 1
    outer loop
      vertex 28.06474359333515 12.285797715187073 1.5
      vertex 25.94819088280201 18.411794871091843 1.5
      vertex 25.94819088280201 12.283603988587856 1.5
    endloop
  endfacet
  facet normal 0 0 1
    outer loop
      vertex 28.06474359333515 12.285797715187073 1.5
      vertex 25.94819088280201 12.283603988587856 1.5
      vertex 25.93845470249653 11.89452364295721 1.5
    endloop
  endfacet
  facet normal 0 0 1
    outer loop
      vertex 28.04500000178814 11.67830540984869 1.5
      vertex 28.06474359333515 12.285797715187073 1.5
      vertex 25.93845470249653 11.89452364295721 1.5
    endloop
  endfacet
  facet normal 0 0 1
    outer loop
      vertex 28.04500000178814 11.67830540984869 1.5
      vertex 25.93845470249653 11.89452364295721 1.5
      vertex 25.909246154129505 11.549812532961369 1.5
    endloop
  endfacet
  facet normal 0 0 1
    outer loop
      vertex 27.985769227147102 11.127076350152493 1.5
      vertex 28.04500000178814 11.67830540984869 1.5
      vertex 25.909246154129505 11.549812532961369 1.5
    endloop
  endfacet
  facet normal 0 0 1
    outer loop
      vertex 27.985769227147102 11.127076350152493 1.5
      vertex 25.909246154129505 11.549812532961369 1.5
      vertex 25.86056524515152 11.24947065114975 1.5
    endloop
  endfacet
  facet normal 0 0 1
    outer loop
      vertex 27.887051284313202 10.63211053609848 1.5
      vertex 27.985769227147102 11.127076350152493 1.5
      vertex 25.86056524515152 11.24947065114975 1.5
    endloop
  endfacet
  facet normal 0 0 1
    outer loop
      vertex 27.887051284313202 10.63211053609848 1.5
      vertex 25.86056524515152 11.24947065114975 1.5
      vertex 25.792411968111992 10.993498004972935 1.5
    endloop
  endfacet
  facet normal 0 0 1
    outer loop
      vertex 27.748846150934696 10.193407975137234 1.5
      vertex 27.887051284313202 10.63211053609848 1.5
      vertex 25.792411968111992 10.993498004972935 1.5
    endloop
  endfacet
  facet normal 0 0 1
    outer loop
      vertex 27.748846150934696 10.193407975137234 1.5
      vertex 25.792411968111992 10.993498004972935 1.5
      vertex 25.70478632301092 10.781894586980343 1.5
    endloop
  endfacet
  facet normal 0 0 1
    outer loop
      vertex 27.571153849363327 9.810968659818172 1.5
      vertex 27.748846150934696 10.193407975137234 1.5
      vertex 25.70478632301092 10.781894586980343 1.5
    endloop
  endfacet
  facet normal 0 0 1
    outer loop
      vertex 22.178026780486107 11.89452364295721 1.5
      vertex 22.168290600180626 12.283603988587856 1.5
      vertex 20.051837608218193 12.285797715187073 1.5
    endloop
  endfacet
  facet normal 0 0 1
    outer loop
      vertex 22.178026780486107 11.89452364295721 1.5
      vertex 20.051837608218193 12.285797715187073 1.5
      vertex 20.071581199765205 11.67830540984869 1.5
    endloop
  endfacet
  facet normal 0 0 1
    outer loop
      vertex 22.20723532885313 11.549812532961369 1.5
      vertex 22.178026780486107 11.89452364295721 1.5
      vertex 20.071581199765205 11.67830540984869 1.5
    endloop
  endfacet
  facet normal 0 0 1
    outer loop
      vertex 22.20723532885313 11.549812532961369 1.5
      vertex 20.071581199765205 11.67830540984869 1.5
      vertex 20.13081196695566 11.127076350152493 1.5
    endloop
  endfacet
  facet normal 0 0 1
    outer loop
      vertex 22.255916237831116 11.24947065114975 1.5
      vertex 22.20723532885313 11.549812532961369 1.5
      vertex 20.13081196695566 11.127076350152493 1.5
    endloop
  endfacet
  facet normal 0 0 1
    outer loop
      vertex 22.255916237831116 11.24947065114975 1.5
      vertex 20.13081196695566 11.127076350152493 1.5
      vertex 20.229529917240143 10.63211053609848 1.5
    endloop
  endfacet
  facet normal 0 0 1
    outer loop
      vertex 22.324069514870644 10.993498004972935 1.5
      vertex 22.255916237831116 11.24947065114975 1.5
      vertex 20.229529917240143 10.63211053609848 1.5
    endloop
  endfacet
  facet normal 0 0 1
    outer loop
      vertex 22.324069514870644 10.993498004972935 1.5
      vertex 20.229529917240143 10.63211053609848 1.5
      vertex 20.367735043168068 10.193407975137234 1.5
    endloop
  endfacet
  facet normal 0 0 1
    outer loop
      vertex 22.411695159971714 10.781894586980343 1.5
      vertex 22.324069514870644 10.993498004972935 1.5
      vertex 20.367735043168068 10.193407975137234 1.5
    endloop
  endfacet
  facet normal 0 0 1
    outer loop
      vertex 22.411695159971714 10.781894586980343 1.5
      vertex 20.367735043168068 10.193407975137234 1.5
      vertex 20.545427352190018 9.810968659818172 1.5
    endloop
  endfacet
  facet normal 0 0 1
    outer loop
      vertex 27.136479772627354 9.226773783564568 1.5
      vertex 27.571153849363327 9.810968659818172 1.5
      vertex 25.70478632301092 10.781894586980343 1.5
    endloop
  endfacet
  facet normal 0 0 1
    outer loop
      vertex 27.136479772627354 9.226773783564568 1.5
      vertex 25.70478632301092 10.781894586980343 1.5
      vertex 25.517868377268314 10.47996125370264 1.5
    endloop
  endfacet
  facet normal 0 0 1
    outer loop
      vertex 26.568195439875126 8.772399999201298 1.5
      vertex 27.136479772627354 9.226773783564568 1.5
      vertex 25.517868377268314 10.47996125370264 1.5
    endloop
  endfacet
  facet normal 0 0 1
    outer loop
      vertex 26.568195439875126 8.772399999201298 1.5
      vertex 25.517868377268314 10.47996125370264 1.5
      vertex 25.26008889079094 10.245124213397503 1.5
    endloop
  endfacet
  facet normal 0 0 1
    outer loop
      vertex 25.866300851106644 8.447847291827202 1.5
      vertex 26.568195439875126 8.772399999201298 1.5
      vertex 25.26008889079094 10.245124213397503 1.5
    endloop
  endfacet
  facet normal 0 0 1
    outer loop
      vertex 25.866300851106644 8.447847291827202 1.5
      vertex 25.26008889079094 10.245124213397503 1.5
      vertex 24.931447863578796 10.07738347351551 1.5
    endloop
  endfacet
  facet normal 0 0 1
    outer loop
      vertex 25.030796013772488 8.25311566889286 1.5
      vertex 25.866300851106644 8.447847291827202 1.5
      vertex 24.931447863578796 10.07738347351551 1.5
    endloop
  endfacet
  facet normal 0 0 1
    outer loop
      vertex 25.030796013772488 8.25311566889286 1.5
      vertex 24.931447863578796 10.07738347351551 1.5
      vertex 24.531945295631886 9.976739026606083 1.5
    endloop
  endfacet
  facet normal 0 0 1
    outer loop
      vertex 22.411695159971714 10.781894586980343 1.5
      vertex 20.545427352190018 9.810968659818172 1.5
      vertex 20.9825424477458 9.226773783564568 1.5
    endloop
  endfacet
  facet normal 0 0 1
    outer loop
      vertex 22.59888034313917 10.47996125370264 1.5
      vertex 22.411695159971714 10.781894586980343 1.5
      vertex 20.9825424477458 9.226773783564568 1.5
    endloop
  endfacet
  facet normal 0 0 1
    outer loop
      vertex 22.59888034313917 10.47996125370264 1.5
      vertex 20.9825424477458 9.226773783564568 1.5
      vertex 21.552725359797478 8.772399999201298 1.5
    endloop
  endfacet
  facet normal 0 0 1
    outer loop
      vertex 22.857461541891098 10.245124213397503 1.5
      vertex 22.59888034313917 10.47996125370264 1.5
      vertex 21.552725359797478 8.772399999201298 1.5
    endloop
  endfacet
  facet normal 0 0 1
    outer loop
      vertex 22.857461541891098 10.245124213397503 1.5
      vertex 21.552725359797478 8.772399999201298 1.5
      vertex 22.25597606599331 8.447847291827202 1.5
    endloop
  endfacet
  facet normal 0 0 1
    outer loop
      vertex 23.187438748776913 10.07738347351551 1.5
      vertex 22.857461541891098 10.245124213397503 1.5
      vertex 22.25597606599331 8.447847291827202 1.5
    endloop
  endfacet
  facet normal 0 0 1
    outer loop
      vertex 23.187438748776913 10.07738347351551 1.5
      vertex 22.25597606599331 8.447847291827202 1.5
      vertex 23.092294588685036 8.25311566889286 1.5
    endloop
  endfacet
  facet normal 0 0 1
    outer loop
      vertex 23.588811963796616 9.976739026606083 1.5
      vertex 23.187438748776913 10.07738347351551 1.5
      vertex 23.092294588685036 8.25311566889286 1.5
    endloop
  endfacet
  facet normal 0 0 1
    outer loop
      vertex 24.061680912971497 8.188205122947693 1.5
      vertex 25.030796013772488 8.25311566889286 1.5
      vertex 24.531945295631886 9.976739026606083 1.5
    endloop
  endfacet
  facet normal 0 0 1
    outer loop
      vertex 24.061680912971497 8.188205122947693 1.5
      vertex 24.531945295631886 9.976739026606083 1.5
      vertex 24.061581194400787 9.9431908801198 1.5
    endloop
  endfacet
  facet normal 0 0 1
    outer loop
      vertex 23.588811963796616 9.976739026606083 1.5
      vertex 23.092294588685036 8.25311566889286 1.5
      vertex 24.061680912971497 8.188205122947693 1.5
    endloop
  endfacet
  facet normal 0 0 1
    outer loop
      vertex 23.588811963796616 9.976739026606083 1.5
      vertex 24.061680912971497 8.188205122947693 1.5
      vertex 24.061581194400787 9.9431908801198 1.5
    endloop
  endfacet
  facet normal 0 0 1
    outer loop
      vertex 34.31339031457901 16.64404558390379 1.5
      vertex 37.29537037014961 16.64404558390379 1.5
      vertex 37.29537037014961 18.411794871091843 1.5
    endloop
  endfacet
  facet normal 0 0 1
    outer loop
      vertex 29.221638180315495 18.411794871091843 1.5
      vertex 29.221638180315495 16.64404558390379 1.5
      vertex 32.217179484665394 16.64404558390379 1.5
    endloop
  endfacet
  facet normal 0 0 1
    outer loop
      vertex 32.217179484665394 16.64404558390379 1.5
      vertex 32.217179484665394 8.443475782871246 1.5
      vertex 34.31339031457901 8.443475782871246 1.5
    endloop
  endfacet
  facet normal 0 0 1
    outer loop
      vertex 32.217179484665394 16.64404558390379 1.5
      vertex 34.31339031457901 8.443475782871246 1.5
      vertex 34.31339031457901 16.64404558390379 1.5
    endloop
  endfacet
  facet normal 0 0 1
    outer loop
      vertex 32.217179484665394 16.64404558390379 1.5
      vertex 34.31339031457901 16.64404558390379 1.5
      vertex 37.29537037014961 18.411794871091843 1.5
    endloop
  endfacet
  facet normal 0 0 1
    outer loop
      vertex 32.217179484665394 16.64404558390379 1.5
      vertex 37.29537037014961 18.411794871091843 1.5
      vertex 29.221638180315495 18.411794871091843 1.5
    endloop
  endfacet
  facet normal 0 0 1
    outer loop
      vertex 44.45680911839008 12.891566947102547 1.5
      vertex 44.45680911839008 8.443475782871246 1.5
      vertex 46.525997154414654 8.443475782871246 1.5
    endloop
  endfacet
  facet normal 0 0 1
    outer loop
      vertex 46.525997154414654 18.411794871091843 1.5
      vertex 44.45680911839008 18.411794871091843 1.5
      vertex 44.45680911839008 14.608262106776237 1.5
    endloop
  endfacet
  facet normal 0 0 1
    outer loop
      vertex 40.56193732470274 14.608262106776237 1.5
      vertex 40.56193732470274 18.411794871091843 1.5
      vertex 38.49952991306782 18.411794871091843 1.5
    endloop
  endfacet
  facet normal 0 0 1
    outer loop
      vertex 38.49952991306782 8.443475782871246 1.5
      vertex 40.56193732470274 8.443475782871246 1.5
      vertex 40.56193732470274 12.891566947102547 1.5
    endloop
  endfacet
  facet normal 0 0 1
    outer loop
      vertex 46.525997154414654 8.443475782871246 1.5
      vertex 46.525997154414654 18.411794871091843 1.5
      vertex 44.45680911839008 14.608262106776237 1.5
    endloop
  endfacet
  facet normal 0 0 1
    outer loop
      vertex 44.45680911839008 12.891566947102547 1.5
      vertex 46.525997154414654 8.443475782871246 1.5
      vertex 44.45680911839008 14.608262106776237 1.5
    endloop
  endfacet
  facet normal 0 0 1
    outer loop
      vertex 40.56193732470274 12.891566947102547 1.5
      vertex 44.45680911839008 12.891566947102547 1.5
      vertex 44.45680911839008 14.608262106776237 1.5
    endloop
  endfacet
  facet normal 0 0 1
    outer loop
      vertex 40.56193732470274 12.891566947102547 1.5
      vertex 44.45680911839008 14.608262106776237 1.5
      vertex 40.56193732470274 14.608262106776237 1.5
    endloop
  endfacet
  facet normal 0 0 1
    outer loop
      vertex 40.56193732470274 14.608262106776237 1.5
      vertex 38.49952991306782 18.411794871091843 1.5
      vertex 38.49952991306782 8.443475782871246 1.5
    endloop
  endfacet
  facet normal 0 0 1
    outer loop
      vertex 40.56193732470274 14.608262106776237 1.5
      vertex 38.49952991306782 8.443475782871246 1.5
      vertex 40.56193732470274 12.891566947102547 1.5
    endloop
  endfacet
  facet normal 0 0 1
    outer loop
      vertex 54.35014244914055 10.492022790014744 1.5
      vertex 54.99250712245703 8.443475782871246 1.5
      vertex 57.251054130494595 8.443475782871246 1.5
    endloop
  endfacet
  facet normal 0 0 1
    outer loop
      vertex 54.35014244914055 10.492022790014744 1.5
      vertex 57.251054130494595 8.443475782871246 1.5
      vertex 53.76860398799181 12.208717942237854 1.5
    endloop
  endfacet
  facet normal 0 0 1
    outer loop
      vertex 47.811324782669544 8.443475782871246 1.5
      vertex 49.988703705370426 8.443475782871246 1.5
      vertex 50.678433045744896 10.492022790014744 1.5
    endloop
  endfacet
  facet normal 0 0 1
    outer loop
      vertex 54.35014244914055 10.492022790014744 1.5
      vertex 53.76860398799181 12.208717942237854 1.5
      vertex 51.23962962627411 12.208717942237854 1.5
    endloop
  endfacet
  facet normal 0 0 1
    outer loop
      vertex 50.678433045744896 10.492022790014744 1.5
      vertex 54.35014244914055 10.492022790014744 1.5
      vertex 51.23962962627411 12.208717942237854 1.5
    endloop
  endfacet
  facet normal 0 0 1
    outer loop
      vertex 51.368162393569946 18.411794871091843 1.5
      vertex 47.811324782669544 8.443475782871246 1.5
      vertex 50.678433045744896 10.492022790014744 1.5
    endloop
  endfacet
  facet normal 0 0 1
    outer loop
      vertex 53.76860398799181 12.208717942237854 1.5
      vertex 57.251054130494595 8.443475782871246 1.5
      vertex 53.72123931348324 18.411794871091843 1.5
    endloop
  endfacet
  facet normal 0 0 1
    outer loop
      vertex 52.524458691477776 16.130612529814243 1.5
      vertex 53.76860398799181 12.208717942237854 1.5
      vertex 53.72123931348324 18.411794871091843 1.5
    endloop
  endfacet
  facet normal 0 0 1
    outer loop
      vertex 52.524458691477776 16.130612529814243 1.5
      vertex 53.72123931348324 18.411794871091843 1.5
      vertex 51.368162393569946 18.411794871091843 1.5
    endloop
  endfacet
  facet normal 0 0 1
    outer loop
      vertex 51.23962962627411 12.208717942237854 1.5
      vertex 52.524458691477776 16.130612529814243 1.5
      vertex 51.368162393569946 18.411794871091843 1.5
    endloop
  endfacet
  facet normal 0 0 1
    outer loop
      vertex 51.23962962627411 12.208717942237854 1.5
      vertex 51.368162393569946 18.411794871091843 1.5
      vertex 50.678433045744896 10.492022790014744 1.5
    endloop
  endfacet
  facet normal 0 0 1
    outer loop
      vertex 64.45985755324364 12.891566947102547 1.5
      vertex 64.45985755324364 8.443475782871246 1.5
      vertex 66.52904558181763 8.443475782871246 1.5
    endloop
  endfacet
  facet normal 0 0 1
    outer loop
      vertex 66.52904558181763 18.411794871091843 1.5
      vertex 64.45985755324364 18.411794871091843 1.5
      vertex 64.45985755324364 14.608262106776237 1.5
    endloop
  endfacet
  facet normal 0 0 1
    outer loop
      vertex 60.56498575210571 14.608262106776237 1.5
      vertex 60.56498575210571 18.411794871091843 1.5
      vertex 58.50257834792137 18.411794871091843 1.5
    endloop
  endfacet
  facet normal 0 0 1
    outer loop
      vertex 58.50257834792137 8.443475782871246 1.5
      vertex 60.56498575210571 8.443475782871246 1.5
      vertex 60.56498575210571 12.891566947102547 1.5
    endloop
  endfacet
  facet normal 0 0 1
    outer loop
      vertex 66.52904558181763 8.443475782871246 1.5
      vertex 66.52904558181763 18.411794871091843 1.5
      vertex 64.45985755324364 14.608262106776237 1.5
    endloop
  endfacet
  facet normal 0 0 1
    outer loop
      vertex 64.45985755324364 12.891566947102547 1.5
      vertex 66.52904558181763 8.443475782871246 1.5
      vertex 64.45985755324364 14.608262106776237 1.5
    endloop
  endfacet
  facet normal 0 0 1
    outer loop
      vertex 60.56498575210571 12.891566947102547 1.5
      vertex 64.45985755324364 12.891566947102547 1.5
      vertex 64.45985755324364 14.608262106776237 1.5
    endloop
  endfacet
  facet normal 0 0 1
    outer loop
      vertex 60.56498575210571 12.891566947102547 1.5
      vertex 64.45985755324364 14.608262106776237 1.5
      vertex 60.56498575210571 14.608262106776237 1.5
    endloop
  endfacet
  facet normal 0 0 1
    outer loop
      vertex 60.56498575210571 14.608262106776237 1.5
      vertex 58.50257834792137 18.411794871091843 1.5
      vertex 58.50257834792137 8.443475782871246 1.5
    endloop
  endfacet
  facet normal 0 0 1
    outer loop
      vertex 60.56498575210571 14.608262106776237 1.5
      vertex 58.50257834792137 8.443475782871246 1.5
      vertex 60.56498575210571 12.891566947102547 1.5
    endloop
  endfacet
  facet normal 0 0 1
    outer loop
      vertex 68.48386039584875 8.443475782871246 1.5
      vertex 70.42451567202806 8.443475782871246 1.5
      vertex 70.42451567202806 15.524045579135418 1.5
    endloop
  endfacet
  facet normal 0 0 1
    outer loop
      vertex 68.48386039584875 18.411794871091843 1.5
      vertex 68.48386039584875 8.443475782871246 1.5
      vertex 70.42451567202806 15.524045579135418 1.5
    endloop
  endfacet
  facet normal 0 0 1
    outer loop
      vertex 70.66792022436857 18.411794871091843 1.5
      vertex 68.48386039584875 18.411794871091843 1.5
      vertex 70.42451567202806 15.524045579135418 1.5
    endloop
  endfacet
  facet normal 0 0 1
    outer loop
      vertex 74.63717948645353 11.45287749171257 1.5
      vertex 70.66792022436857 18.411794871091843 1.5
      vertex 70.42451567202806 15.524045579135418 1.5
    endloop
  endfacet
  facet normal 0 0 1
    outer loop
      vertex 74.63717948645353 11.45287749171257 1.5
      vertex 70.42451567202806 15.524045579135418 1.5
      vertex 74.49518518149853 8.443475782871246 1.5
    endloop
  endfacet
  facet normal 0 0 1
    outer loop
      vertex 74.63717948645353 11.45287749171257 1.5
      vertex 74.49518518149853 8.443475782871246 1.5
      vertex 76.57783475518227 8.443475782871246 1.5
    endloop
  endfacet
  facet normal 0 0 1
    outer loop
      vertex 76.57783475518227 18.411794871091843 1.5
      vertex 74.63717948645353 18.411794871091843 1.5
      vertex 74.63717948645353 11.45287749171257 1.5
    endloop
  endfacet
  facet normal 0 0 1
    outer loop
      vertex 76.57783475518227 8.443475782871246 1.5
      vertex 76.57783475518227 18.411794871091843 1.5
      vertex 74.63717948645353 11.45287749171257 1.5
    endloop
  endfacet
  facet normal 0 0 -1
    outer loop
      vertex 36.811823189258575 47.92929129302502 0.9
      vertex 35.85172390192747 57.840478502213955 0.9
      vertex 36.34594116359949 57.897884614765644 0.9
    endloop
  endfacet
  facet normal 0 0 -1
    outer loop
      vertex 36.811823189258575 47.92929129302502 0.9
      vertex 36.34594116359949 57.897884614765644 0.9
      vertex 39.09823586046696 57.57819011807442 0.9
    endloop
  endfacet
  facet normal 0 0 -1
    outer loop
      vertex 37.16899807006121 47.891122445464134 0.9
      vertex 36.811823189258575 47.92929129302502 0.9
      vertex 39.09823586046696 57.57819011807442 0.9
    endloop
  endfacet
  facet normal 0 0 -1
    outer loop
      vertex 39.97590868920088 57.2642015516758 0.9
      vertex 37.16899807006121 47.891122445464134 0.9
      vertex 39.09823586046696 57.57819011807442 0.9
    endloop
  endfacet
  facet normal 0 0 -1
    outer loop
      vertex 33.593646459281445 57.57819011807442 0.9
      vertex 33.6525703817606 57.58503445982933 0.9
      vertex 34.612360805273056 47.67703603953123 0.9
    endloop
  endfacet
  facet normal 0 0 -1
    outer loop
      vertex 30.947120897471905 56.631392285227776 0.9
      vertex 33.593646459281445 57.57819011807442 0.9
      vertex 34.612360805273056 47.67703603953123 0.9
    endloop
  endfacet
  facet normal 0 0 -1
    outer loop
      vertex 29.82109621912241 55.92157498002052 0.9
      vertex 30.947120897471905 56.631392285227776 0.9
      vertex 34.612360805273056 47.67703603953123 0.9
    endloop
  endfacet
  facet normal 0 0 -1
    outer loop
      vertex 34.26841801404953 47.56383375823498 0.9
      vertex 29.82109621912241 55.92157498002052 0.9
      vertex 34.612360805273056 47.67703603953123 0.9
    endloop
  endfacet
  facet normal 0 0 -1
    outer loop
      vertex 39.2712444961071 47.145496137440205 0.9
      vertex 42.05363263934851 56.43668772280216 0.9
      vertex 44.183813348412514 55.09387603402138 0.9
    endloop
  endfacet
  facet normal 0 0 -1
    outer loop
      vertex 39.2712444961071 47.145496137440205 0.9
      vertex 44.183813348412514 55.09387603402138 0.9
      vertex 45.37857994437218 53.93750236183405 0.9
    endloop
  endfacet
  facet normal 0 0 -1
    outer loop
      vertex 39.2712444961071 47.145496137440205 0.9
      vertex 45.37857994437218 53.93750236183405 0.9
      vertex 39.58913525938988 46.96113710850477 0.9
    endloop
  endfacet
  facet normal 0 0 -1
    outer loop
      vertex 26.370222076773643 53.02472724020481 0.9
      vertex 27.979754857718945 54.58253888785839 0.9
      vertex 32.35632149875164 46.357766084373 0.9
    endloop
  endfacet
  facet normal 0 0 -1
    outer loop
      vertex 25.283693484961987 51.46334274858236 0.9
      vertex 26.370222076773643 53.02472724020481 0.9
      vertex 32.35632149875164 46.357766084373 0.9
    endloop
  endfacet
  facet normal 0 0 -1
    outer loop
      vertex 32.07648795098066 46.108592085540295 0.9
      vertex 25.283693484961987 51.46334274858236 0.9
      vertex 32.35632149875164 46.357766084373 0.9
    endloop
  endfacet
  facet normal 0 0 -1
    outer loop
      vertex 50.79581708461046 48.575892709195614 0.9
      vertex 50.79581708461046 48.778980769217014 0.9
      vertex 55.51414392143488 46.6992307677865 0.9
    endloop
  endfacet
  facet normal 0 0 -1
    outer loop
      vertex 42.09640198945999 30.101323880255222 0.9
      vertex 42.09640198945999 24.621884614229202 0.9
      vertex 39.88468628376722 24.621884614229202 0.9
    endloop
  endfacet
  facet normal 0 0 -1
    outer loop
      vertex 42.09640198945999 30.101323880255222 0.9
      vertex 39.88468628376722 24.621884614229202 0.9
      vertex 39.88468626886606 30.406015917658806 0.9
    endloop
  endfacet
  facet normal 0 0 -1
    outer loop
      vertex 46.224937960505486 24.621884614229202 0.9
      vertex 44.0132222622633 24.621884614229202 0.9
      vertex 44.0132222622633 30.406015917658806 0.9
    endloop
  endfacet
  facet normal 0 0 -1
    outer loop
      vertex 43.63783872127533 46.09580999612808 0.9
      vertex 55.51414392143488 46.6992307677865 0.9
      vertex 51.07070978730917 44.740648314356804 0.9
    endloop
  endfacet
  facet normal 0 0 -1
    outer loop
      vertex 43.63783872127533 46.09580999612808 0.9
      vertex 51.07070978730917 44.740648314356804 0.9
      vertex 51.04998841881752 44.698586165905 0.9
    endloop
  endfacet
  facet normal 0 0 -1
    outer loop
      vertex 22.238143920898438 41.25988461822271 0.9
      vertex 22.404221460223198 43.24851670116186 0.9
      vertex 30.17105757445097 41.457298904657364 0.9
    endloop
  endfacet
  facet normal 0 0 -1
    outer loop
      vertex 22.238143920898438 41.25988461822271 0.9
      vertex 30.17105757445097 41.457298904657364 0.9
      vertex 30.153137184679508 41.25988461822271 0.9
    endloop
  endfacet
  facet normal 0 0 -1
    outer loop
      vertex 46.14195428788662 31.34107691794634 0.9
      vertex 46.224937960505486 31.34107691794634 0.9
      vertex 46.224937960505486 24.621884614229202 0.9
    endloop
  endfacet
  facet normal 0 0 -1
    outer loop
      vertex 46.14195428788662 31.34107691794634 0.9
      vertex 46.224937960505486 24.621884614229202 0.9
      vertex 44.0132222622633 30.406015917658806 0.9
    endloop
  endfacet
  facet normal 0 0 -1
    outer loop
      vertex 22.238143920898438 41.25988461822271 0.9
      vertex 30.153137184679508 41.25988461822271 0.9
      vertex 30.27213018387556 39.94903522729874 0.9
    endloop
  endfacet
  facet normal 0 0 -1
    outer loop
      vertex 22.50922130048275 38.01397183537483 0.9
      vertex 22.238143920898438 41.25988461822271 0.9
      vertex 30.27213018387556 39.94903522729874 0.9
    endloop
  endfacet
  facet normal 0 0 -1
    outer loop
      vertex 22.50922130048275 38.01397183537483 0.9
      vertex 30.27213018387556 39.94903522729874 0.9
      vertex 30.62453632056713 38.68856103718281 0.9
    endloop
  endfacet
  facet normal 0 0 -1
    outer loop
      vertex 23.31203604489565 34.89279766380787 0.9
      vertex 22.50922130048275 38.01397183537483 0.9
      vertex 30.62453632056713 38.68856103718281 0.9
    endloop
  endfacet
  facet normal 0 0 -1
    outer loop
      vertex 23.31203604489565 34.89279766380787 0.9
      vertex 30.62453632056713 38.68856103718281 0.9
      vertex 31.196812838315964 37.52690137922764 0.9
    endloop
  endfacet
  facet normal 0 0 -1
    outer loop
      vertex 24.615736462175846 32.01630707830191 0.9
      vertex 23.31203604489565 34.89279766380787 0.9
      vertex 31.196812838315964 37.52690137922764 0.9
    endloop
  endfacet
  facet normal 0 0 -1
    outer loop
      vertex 24.615736462175846 32.01630707830191 0.9
      vertex 31.196812838315964 37.52690137922764 0.9
      vertex 31.96696747839451 36.50869816541672 0.9
    endloop
  endfacet
  facet normal 0 0 -1
    outer loop
      vertex 24.862959049642086 31.6610384657979 0.9
      vertex 24.615736462175846 32.01630707830191 0.9
      vertex 31.96696747839451 36.50869816541672 0.9
    endloop
  endfacet
  facet normal 0 0 -1
    outer loop
      vertex 24.862959049642086 31.6610384657979 0.9
      vertex 31.96696747839451 36.50869816541672 0.9
      vertex 32.90540361404419 35.67308038473129 0.9
    endloop
  endfacet
  facet normal 0 0 -1
    outer loop
      vertex 50.79581708461046 48.575892709195614 0.9
      vertex 55.51414392143488 46.6992307677865 0.9
      vertex 43.63783872127533 46.09580999612808 0.9
    endloop
  endfacet
  facet normal 0 0 -1
    outer loop
      vertex 50.73952300846577 48.6901636198163 0.9
      vertex 50.79581708461046 48.575892709195614 0.9
      vertex 43.63783872127533 46.09580999612808 0.9
    endloop
  endfacet
  facet normal 0 0 -1
    outer loop
      vertex 50.26276061683893 49.32047988474369 0.9
      vertex 50.73952300846577 48.6901636198163 0.9
      vertex 43.63783872127533 46.09580999612808 0.9
    endloop
  endfacet
  facet normal 0 0 -1
    outer loop
      vertex 49.68182396143675 49.83776707947254 0.9
      vertex 50.26276061683893 49.32047988474369 0.9
      vertex 43.63783872127533 46.09580999612808 0.9
    endloop
  endfacet
  facet normal 0 0 -1
    outer loop
      vertex 49.01903811842203 50.22214614599943 0.9
      vertex 49.68182396143675 49.83776707947254 0.9
      vertex 43.63783872127533 46.09580999612808 0.9
    endloop
  endfacet
  facet normal 0 0 -1
    outer loop
      vertex 48.29987356066704 50.45884560793638 0.9
      vertex 49.01903811842203 50.22214614599943 0.9
      vertex 43.63783872127533 46.09580999612808 0.9
    endloop
  endfacet
  facet normal 0 0 -1
    outer loop
      vertex 48.086009100079536 50.48169983923435 0.9
      vertex 48.29987356066704 50.45884560793638 0.9
      vertex 43.63783872127533 46.09580999612808 0.9
    endloop
  endfacet
  facet normal 0 0 -1
    outer loop
      vertex 48.076145857572556 50.50346215814352 0.9
      vertex 48.086009100079536 50.48169983923435 0.9
      vertex 43.63783872127533 46.09580999612808 0.9
    endloop
  endfacet
  facet normal 0 0 -1
    outer loop
      vertex 46.90344697237015 52.1886767372489 0.9
      vertex 48.076145857572556 50.50346215814352 0.9
      vertex 43.63783872127533 46.09580999612808 0.9
    endloop
  endfacet
  facet normal 0 0 -1
    outer loop
      vertex 43.12819544970989 45.27785162627697 0.9
      vertex 43.63783872127533 46.09580999612808 0.9
      vertex 51.04998841881752 44.698586165905 0.9
    endloop
  endfacet
  facet normal 0 0 -1
    outer loop
      vertex 43.12819544970989 45.27785162627697 0.9
      vertex 51.04998841881752 44.698586165905 0.9
      vertex 51.0690341591835 44.65992537885904 0.9
    endloop
  endfacet
  facet normal 0 0 -1
    outer loop
      vertex 43.12819544970989 45.27785162627697 0.9
      vertex 51.0690341591835 44.65992537885904 0.9
      vertex 51.140354447066784 44.404829412698746 0.9
    endloop
  endfacet
  facet normal 0 0 -1
    outer loop
      vertex 24.862959049642086 31.6610384657979 0.9
      vertex 32.90540361404419 35.67308038473129 0.9
      vertex 33.976057678461075 35.05216036736965 0.9
    endloop
  endfacet
  facet normal 0 0 -1
    outer loop
      vertex 37.34211432188749 31.6610384657979 0.9
      vertex 24.862959049642086 31.6610384657979 0.9
      vertex 33.976057678461075 35.05216036736965 0.9
    endloop
  endfacet
  facet normal 0 0 -1
    outer loop
      vertex 37.34211432188749 31.6610384657979 0.9
      vertex 33.976057678461075 35.05216036736965 0.9
      vertex 34.89909143745899 34.748361214995384 0.9
    endloop
  endfacet
  facet normal 0 0 -1
    outer loop
      vertex 48.076145857572556 32.01630707830191 0.9
      vertex 47.828923270106316 31.6610384657979 0.9
      vertex 46.55579421669245 31.6610384657979 0.9
    endloop
  endfacet
  facet normal 0 0 -1
    outer loop
      vertex 49.37984627485275 34.89279766380787 0.9
      vertex 48.076145857572556 32.01630707830191 0.9
      vertex 46.55579421669245 31.6610384657979 0.9
    endloop
  endfacet
  facet normal 0 0 -1
    outer loop
      vertex 43.12819544970989 45.27785162627697 0.9
      vertex 51.140354447066784 44.404829412698746 0.9
      vertex 52.577113553881645 38.89369864016771 0.9
    endloop
  endfacet
  facet normal 0 0 -1
    outer loop
      vertex 41.24422537535429 45.324502877891064 0.9
      vertex 41.22652546316385 45.34790353477001 0.9
      vertex 46.90344697237015 52.1886767372489 0.9
    endloop
  endfacet
  facet normal 0 0 -1
    outer loop
      vertex 43.12819544970989 45.27785162627697 0.9
      vertex 52.577113553881645 38.89369864016771 0.9
      vertex 52.594679184257984 38.70019230991602 0.9
    endloop
  endfacet
  facet normal 0 0 -1
    outer loop
      vertex 43.12819544970989 45.27785162627697 0.9
      vertex 52.594679184257984 38.70019230991602 0.9
      vertex 52.577113553881645 38.506685972213745 0.9
    endloop
  endfacet
  facet normal 0 0 -1
    outer loop
      vertex 43.12819544970989 45.27785162627697 0.9
      vertex 52.577113553881645 38.506685972213745 0.9
      vertex 52.52509170025587 38.32061596214771 0.9
    endloop
  endfacet
  facet normal 0 0 -1
    outer loop
      vertex 43.12819544970989 45.27785162627697 0.9
      vertex 52.52509170025587 38.32061596214771 0.9
      vertex 52.44061277806759 38.14913287758827 0.9
    endloop
  endfacet
  facet normal 0 0 -1
    outer loop
      vertex 46.90344697237015 52.1886767372489 0.9
      vertex 43.63783872127533 46.09580999612808 0.9
      vertex 42.14474869519472 45.37453832477331 0.9
    endloop
  endfacet
  facet normal 0 0 -1
    outer loop
      vertex 41.24422537535429 45.324502877891064 0.9
      vertex 46.90344697237015 52.1886767372489 0.9
      vertex 42.14474869519472 45.37453832477331 0.9
    endloop
  endfacet
  facet normal 0 0 -1
    outer loop
      vertex 42.14474869519472 45.37453832477331 0.9
      vertex 43.12819544970989 45.27785162627697 0.9
      vertex 52.44061277806759 38.14913287758827 0.9
    endloop
  endfacet
  facet normal 0 0 -1
    outer loop
      vertex 50.18266101926565 38.01397183537483 0.9
      vertex 49.37984627485275 34.89279766380787 0.9
      vertex 46.55579421669245 31.6610384657979 0.9
    endloop
  endfacet
  facet normal 0 0 -1
    outer loop
      vertex 50.31825479120016 39.637587912380695 0.9
      vertex 50.18266101926565 38.01397183537483 0.9
      vertex 46.55579421669245 31.6610384657979 0.9
    endloop
  endfacet
  facet normal 0 0 -1
    outer loop
      vertex 50.31825479120016 39.637587912380695 0.9
      vertex 46.55579421669245 31.6610384657979 0.9
      vertex 46.208667419850826 31.37667164951563 0.9
    endloop
  endfacet
  facet normal 0 0 -1
    outer loop
      vertex 50.31825479120016 39.637587912380695 0.9
      vertex 46.208667419850826 31.37667164951563 0.9
      vertex 46.14195428788662 31.34107691794634 0.9
    endloop
  endfacet
  facet normal 0 0 -1
    outer loop
      vertex 50.31825479120016 39.637587912380695 0.9
      vertex 46.14195428788662 31.34107691794634 0.9
      vertex 44.0132222622633 30.406015917658806 0.9
    endloop
  endfacet
  facet normal 0 0 -1
    outer loop
      vertex 50.31825479120016 39.637587912380695 0.9
      vertex 44.0132222622633 30.406015917658806 0.9
      vertex 43.444766610860825 30.233887165784836 0.9
    endloop
  endfacet
  facet normal 0 0 -1
    outer loop
      vertex 50.31825479120016 39.637587912380695 0.9
      vertex 43.444766610860825 30.233887165784836 0.9
      vertex 42.09640198945999 30.101323880255222 0.9
    endloop
  endfacet
  facet normal 0 0 -1
    outer loop
      vertex 50.31825479120016 39.637587912380695 0.9
      vertex 42.09640198945999 30.101323880255222 0.9
      vertex 39.88468626886606 30.406015917658806 0.9
    endloop
  endfacet
  facet normal 0 0 -1
    outer loop
      vertex 50.31825479120016 39.637587912380695 0.9
      vertex 39.88468626886606 30.406015917658806 0.9
      vertex 39.01481282711029 30.669414170086384 0.9
    endloop
  endfacet
  facet normal 0 0 -1
    outer loop
      vertex 50.31825479120016 39.637587912380695 0.9
      vertex 39.01481282711029 30.669414170086384 0.9
      vertex 37.689241118729115 31.37667164951563 0.9
    endloop
  endfacet
  facet normal 0 0 -1
    outer loop
      vertex 50.31825479120016 39.637587912380695 0.9
      vertex 37.689241118729115 31.37667164951563 0.9
      vertex 37.34211432188749 31.6610384657979 0.9
    endloop
  endfacet
  facet normal 0 0 -1
    outer loop
      vertex 50.31825479120016 39.637587912380695 0.9
      vertex 37.34211432188749 31.6610384657979 0.9
      vertex 34.89909143745899 34.748361214995384 0.9
    endloop
  endfacet
  facet normal 0 0 -1
    outer loop
      vertex 50.31825479120016 39.637587912380695 0.9
      vertex 34.89909143745899 34.748361214995384 0.9
      vertex 34.865310192108154 34.81144770234823 0.9
    endloop
  endfacet
  facet normal 0 0 -1
    outer loop
      vertex 50.31825479120016 39.637587912380695 0.9
      vertex 34.865310192108154 34.81144770234823 0.9
      vertex 34.428997829556465 36.247187815606594 0.9
    endloop
  endfacet
  facet normal 0 0 -1
    outer loop
      vertex 50.31825479120016 39.637587912380695 0.9
      vertex 34.428997829556465 36.247187815606594 0.9
      vertex 34.28167316317558 37.740307688713074 0.9
    endloop
  endfacet
  facet normal 0 0 -1
    outer loop
      vertex 50.31825479120016 39.637587912380695 0.9
      vertex 34.28167316317558 37.740307688713074 0.9
      vertex 34.428997829556465 39.233427569270134 0.9
    endloop
  endfacet
  facet normal 0 0 -1
    outer loop
      vertex 50.31825479120016 39.637587912380695 0.9
      vertex 34.428997829556465 39.233427569270134 0.9
      vertex 34.865310192108154 40.669167689979076 0.9
    endloop
  endfacet
  facet normal 0 0 -1
    outer loop
      vertex 50.31825479120016 39.637587912380695 0.9
      vertex 34.865310192108154 40.669167689979076 0.9
      vertex 35.57384302467108 41.99235335737467 0.9
    endloop
  endfacet
  facet normal 0 0 -1
    outer loop
      vertex 50.31825479120016 39.637587912380695 0.9
      vertex 35.57384302467108 41.99235335737467 0.9
      vertex 36.52736780792475 43.15213529765606 0.9
    endloop
  endfacet
  facet normal 0 0 -1
    outer loop
      vertex 50.31825479120016 39.637587912380695 0.9
      vertex 36.52736780792475 43.15213529765606 0.9
      vertex 37.689241118729115 44.10394374281168 0.9
    endloop
  endfacet
  facet normal 0 0 -1
    outer loop
      vertex 50.31825479120016 39.637587912380695 0.9
      vertex 37.689241118729115 44.10394374281168 0.9
      vertex 39.01481282711029 44.811201222240925 0.9
    endloop
  endfacet
  facet normal 0 0 -1
    outer loop
      vertex 50.31825479120016 39.637587912380695 0.9
      vertex 39.01481282711029 44.811201222240925 0.9
      vertex 40.453141927719116 45.24672821909189 0.9
    endloop
  endfacet
  facet normal 0 0 -1
    outer loop
      vertex 50.31825479120016 39.637587912380695 0.9
      vertex 40.453141927719116 45.24672821909189 0.9
      vertex 41.24422537535429 45.324502877891064 0.9
    endloop
  endfacet
  facet normal 0 0 -1
    outer loop
      vertex 50.31825479120016 39.637587912380695 0.9
      vertex 41.24422537535429 45.324502877891064 0.9
      vertex 42.14474869519472 45.37453832477331 0.9
    endloop
  endfacet
  facet normal 0 0 -1
    outer loop
      vertex 50.31825479120016 39.637587912380695 0.9
      vertex 42.14474869519472 45.37453832477331 0.9
      vertex 52.44061277806759 38.14913287758827 0.9
    endloop
  endfacet
  facet normal 0 0 -1
    outer loop
      vertex 50.83591502904892 38.32061596214771 0.9
      vertex 50.31825479120016 39.637587912380695 0.9
      vertex 52.44061277806759 38.14913287758827 0.9
    endloop
  endfacet
  facet normal 0 0 -1
    outer loop
      vertex 50.92039394378662 38.14913287758827 0.9
      vertex 50.83591502904892 38.32061596214771 0.9
      vertex 52.44061277806759 38.14913287758827 0.9
    endloop
  endfacet
  facet normal 0 0 -1
    outer loop
      vertex 50.92039394378662 38.14913287758827 0.9
      vertex 52.44061277806759 38.14913287758827 0.9
      vertex 52.32692328095436 37.998826682567596 0.9
    endloop
  endfacet
  facet normal 0 0 -1
    outer loop
      vertex 51.03408344089985 37.998826682567596 0.9
      vertex 50.92039394378662 38.14913287758827 0.9
      vertex 52.32692328095436 37.998826682567596 0.9
    endloop
  endfacet
  facet normal 0 0 -1
    outer loop
      vertex 51.03408344089985 37.998826682567596 0.9
      vertex 52.32692328095436 37.998826682567596 0.9
      vertex 52.188392244279385 37.87547358125448 0.9
    endloop
  endfacet
  facet normal 0 0 -1
    outer loop
      vertex 51.17261449247599 37.87547358125448 0.9
      vertex 51.03408344089985 37.998826682567596 0.9
      vertex 52.188392244279385 37.87547358125448 0.9
    endloop
  endfacet
  facet normal 0 0 -1
    outer loop
      vertex 51.17261449247599 37.87547358125448 0.9
      vertex 52.188392244279385 37.87547358125448 0.9
      vertex 52.03034330159426 37.78381396830082 0.9
    endloop
  endfacet
  facet normal 0 0 -1
    outer loop
      vertex 51.33066342025995 37.78381396830082 0.9
      vertex 51.17261449247599 37.87547358125448 0.9
      vertex 52.03034330159426 37.78381396830082 0.9
    endloop
  endfacet
  facet normal 0 0 -1
    outer loop
      vertex 51.33066342025995 37.78381396830082 0.9
      vertex 52.03034330159426 37.78381396830082 0.9
      vertex 51.858850218355656 37.727370247244835 0.9
    endloop
  endfacet
  facet normal 0 0 -1
    outer loop
      vertex 51.858850218355656 37.727370247244835 0.9
      vertex 51.680503368377686 37.708311542868614 0.9
      vertex 51.502156503498554 37.727370247244835 0.9
    endloop
  endfacet
  facet normal 0 0 -1
    outer loop
      vertex 51.33066342025995 37.78381396830082 0.9
      vertex 51.858850218355656 37.727370247244835 0.9
      vertex 51.502156503498554 37.727370247244835 0.9
    endloop
  endfacet
  facet normal 0 0 -1
    outer loop
      vertex 23.31203604489565 47.62697157263756 0.9
      vertex 24.12160523980856 49.4132087379694 0.9
      vertex 30.78625312447548 44.15947585552931 0.9
    endloop
  endfacet
  facet normal 0 0 -1
    outer loop
      vertex 23.31203604489565 47.62697157263756 0.9
      vertex 30.78625312447548 44.15947585552931 0.9
      vertex 30.62453632056713 43.83120819926262 0.9
    endloop
  endfacet
  facet normal 0 0 -1
    outer loop
      vertex 22.793754801154137 45.61200353503227 0.9
      vertex 23.31203604489565 47.62697157263756 0.9
      vertex 30.62453632056713 43.83120819926262 0.9
    endloop
  endfacet
  facet normal 0 0 -1
    outer loop
      vertex 30.61792554706335 43.80756299197674 0.9
      vertex 22.793754801154137 45.61200353503227 0.9
      vertex 30.62453632056713 43.83120819926262 0.9
    endloop
  endfacet
  facet normal 0 0 -1
    outer loop
      vertex 8.832592591643333 18.411794871091843 0.9
      vertex 8.832592591643333 16.64404558390379 0.9
      vertex 5.850612536072731 16.64404558390379 0.9
    endloop
  endfacet
  facet normal 0 0 -1
    outer loop
      vertex 3.754401706159115 16.64404558390379 0.9
      vertex 0.7588604018092155 16.64404558390379 0.9
      vertex 0.7588604018092155 18.411794871091843 0.9
    endloop
  endfacet
  facet normal 0 0 -1
    outer loop
      vertex 5.850612536072731 8.443475782871246 0.9
      vertex 3.754401706159115 8.443475782871246 0.9
      vertex 3.754401706159115 16.64404558390379 0.9
    endloop
  endfacet
  facet normal 0 0 -1
    outer loop
      vertex 5.850612536072731 16.64404558390379 0.9
      vertex 5.850612536072731 8.443475782871246 0.9
      vertex 3.754401706159115 16.64404558390379 0.9
    endloop
  endfacet
  facet normal 0 0 -1
    outer loop
      vertex 8.832592591643333 18.411794871091843 0.9
      vertex 5.850612536072731 16.64404558390379 0.9
      vertex 3.754401706159115 16.64404558390379 0.9
    endloop
  endfacet
  facet normal 0 0 -1
    outer loop
      vertex 0.7588604018092155 18.411794871091843 0.9
      vertex 8.832592591643333 18.411794871091843 0.9
      vertex 3.754401706159115 16.64404558390379 0.9
    endloop
  endfacet
  facet normal 0 0 -1
    outer loop
      vertex 16.169829063117504 15.288019940257072 0.9
      vertex 18.24492421746254 15.287246152758598 0.9
      vertex 18.201919086277485 15.005961820483208 0.9
    endloop
  endfacet
  facet normal 0 0 -1
    outer loop
      vertex 12.132962964475155 12.349116809666157 0.9
      vertex 12.132962964475155 8.443475782871246 0.9
      vertex 10.097578346729279 8.443475782871246 0.9
    endloop
  endfacet
  facet normal 0 0 -1
    outer loop
      vertex 16.169829063117504 15.288019940257072 0.9
      vertex 18.201919086277485 15.005961820483208 0.9
      vertex 18.130243875086308 14.726560108363628 0.9
    endloop
  endfacet
  facet normal 0 0 -1
    outer loop
      vertex 16.14494416117668 14.974499709904194 0.9
      vertex 16.169829063117504 15.288019940257072 0.9
      vertex 18.130243875086308 14.726560108363628 0.9
    endloop
  endfacet
  facet normal 0 0 -1
    outer loop
      vertex 16.14494416117668 14.974499709904194 0.9
      vertex 18.130243875086308 14.726560108363628 0.9
      vertex 18.029898576438427 14.449041023850441 0.9
    endloop
  endfacet
  facet normal 0 0 -1
    outer loop
      vertex 16.14494416117668 14.974499709904194 0.9
      vertex 18.029898576438427 14.449041023850441 0.9
      vertex 17.900883190333843 14.173404552042484 0.9
    endloop
  endfacet
  facet normal 0 0 -1
    outer loop
      vertex 18.25925926119089 15.5704131051898 0.9
      vertex 18.24492421746254 15.287246152758598 0.9
      vertex 16.169829063117504 15.288019940257072 0.9
    endloop
  endfacet
  facet normal 0 0 -1
    outer loop
      vertex 18.25925926119089 15.5704131051898 0.9
      vertex 16.169829063117504 15.288019940257072 0.9
      vertex 16.14575783163309 15.62699543684721 0.9
    endloop
  endfacet
  facet normal 0 0 -1
    outer loop
      vertex 18.25168489664793 15.80071509629488 0.9
      vertex 18.25925926119089 15.5704131051898 0.9
      vertex 16.14575783163309 15.62699543684721 0.9
    endloop
  endfacet
  facet normal 0 0 -1
    outer loop
      vertex 18.22896182537079 16.0207264944911 0.9
      vertex 18.25168489664793 15.80071509629488 0.9
      vertex 16.14575783163309 15.62699543684721 0.9
    endloop
  endfacet
  facet normal 0 0 -1
    outer loop
      vertex 18.191090025007725 16.23044729232788 0.9
      vertex 18.22896182537079 16.0207264944911 0.9
      vertex 16.14575783163309 15.62699543684721 0.9
    endloop
  endfacet
  facet normal 0 0 -1
    outer loop
      vertex 18.191090025007725 16.23044729232788 0.9
      vertex 16.14575783163309 15.62699543684721 0.9
      vertex 16.073544159531593 15.918315097689629 0.9
    endloop
  endfacet
  facet normal 0 0 -1
    outer loop
      vertex 18.13806951791048 16.42987748980522 0.9
      vertex 18.191090025007725 16.23044729232788 0.9
      vertex 16.073544159531593 15.918315097689629 0.9
    endloop
  endfacet
  facet normal 0 0 -1
    outer loop
      vertex 18.069900281727314 16.619017094373703 0.9
      vertex 18.13806951791048 16.42987748980522 0.9
      vertex 16.073544159531593 15.918315097689629 0.9
    endloop
  endfacet
  facet normal 0 0 -1
    outer loop
      vertex 17.988784044981003 16.79980056732893 0.9
      vertex 18.069900281727314 16.619017094373703 0.9
      vertex 16.073544159531593 15.918315097689629 0.9
    endloop
  endfacet
  facet normal 0 0 -1
    outer loop
      vertex 17.89684273302555 16.974082618951797 0.9
      vertex 17.988784044981003 16.79980056732893 0.9
      vertex 16.073544159531593 15.918315097689629 0.9
    endloop
  endfacet
  facet normal 0 0 -1
    outer loop
      vertex 17.79407635331154 17.141863241791725 0.9
      vertex 17.89684273302555 16.974082618951797 0.9
      vertex 16.073544159531593 15.918315097689629 0.9
    endloop
  endfacet
  facet normal 0 0 -1
    outer loop
      vertex 17.79407635331154 17.141863241791725 0.9
      vertex 16.073544159531593 15.918315097689629 0.9
      vertex 15.95318803191185 16.161978915333748 0.9
    endloop
  endfacet
  facet normal 0 0 -1
    outer loop
      vertex 17.680484898388386 17.303142450749874 0.9
      vertex 17.79407635331154 17.141863241791725 0.9
      vertex 15.95318803191185 16.161978915333748 0.9
    endloop
  endfacet
  facet normal 0 0 -1
    outer loop
      vertex 17.556068375706673 17.457920223474503 0.9
      vertex 17.680484898388386 17.303142450749874 0.9
      vertex 15.95318803191185 16.161978915333748 0.9
    endloop
  endfacet
  facet normal 0 0 -1
    outer loop
      vertex 17.39229629933834 17.632984042167664 0.9
      vertex 17.556068375706673 17.457920223474503 0.9
      vertex 15.95318803191185 16.161978915333748 0.9
    endloop
  endfacet
  facet normal 0 0 -1
    outer loop
      vertex 17.39229629933834 17.632984042167664 0.9
      vertex 15.95318803191185 16.161978915333748 0.9
      vertex 15.784689456224442 16.357986889779568 0.9
    endloop
  endfacet
  facet normal 0 0 -1
    outer loop
      vertex 17.214723646640778 17.790186889469624 0.9
      vertex 17.39229629933834 17.632984042167664 0.9
      vertex 15.784689456224442 16.357986889779568 0.9
    endloop
  endfacet
  facet normal 0 0 -1
    outer loop
      vertex 17.023350425064564 17.929528772830963 0.9
      vertex 17.214723646640778 17.790186889469624 0.9
      vertex 15.784689456224442 16.357986889779568 0.9
    endloop
  endfacet
  facet normal 0 0 -1
    outer loop
      vertex 16.8181766346097 18.0510096848011 0.9
      vertex 17.023350425064564 17.929528772830963 0.9
      vertex 15.784689456224442 16.357986889779568 0.9
    endloop
  endfacet
  facet normal 0 0 -1
    outer loop
      vertex 16.599202282726765 18.15462962538004 0.9
      vertex 16.8181766346097 18.0510096848011 0.9
      vertex 15.784689456224442 16.357986889779568 0.9
    endloop
  endfacet
  facet normal 0 0 -1
    outer loop
      vertex 16.599202282726765 18.15462962538004 0.9
      vertex 15.784689456224442 16.357986889779568 0.9
      vertex 15.568048432469368 16.50633902847767 0.9
    endloop
  endfacet
  facet normal 0 0 -1
    outer loop
      vertex 16.354026779532433 18.24069970846176 0.9
      vertex 16.599202282726765 18.15462962538004 0.9
      vertex 15.568048432469368 16.50633902847767 0.9
    endloop
  endfacet
  facet normal 0 0 -1
    outer loop
      vertex 16.070169799029827 18.309451282024384 0.9
      vertex 16.354026779532433 18.24069970846176 0.9
      vertex 15.568048432469368 16.50633902847767 0.9
    endloop
  endfacet
  facet normal 0 0 -1
    outer loop
      vertex 16.070169799029827 18.309451282024384 0.9
      vertex 15.568048432469368 16.50633902847767 0.9
      vertex 15.419273503124714 16.569698005914688 0.9
    endloop
  endfacet
  facet normal 0 0 -1
    outer loop
      vertex 15.747631341218948 18.360884331166744 0.9
      vertex 16.070169799029827 18.309451282024384 0.9
      vertex 15.419273503124714 16.569698005914688 0.9
    endloop
  endfacet
  facet normal 0 0 -1
    outer loop
      vertex 15.747631341218948 18.360884331166744 0.9
      vertex 15.419273503124714 16.569698005914688 0.9
      vertex 15.243455842137337 16.618977203965187 0.9
    endloop
  endfacet
  facet normal 0 0 -1
    outer loop
      vertex 15.386411398649216 18.394998855888844 0.9
      vertex 15.747631341218948 18.360884331166744 0.9
      vertex 15.243455842137337 16.618977203965187 0.9
    endloop
  endfacet
  facet normal 0 0 -1
    outer loop
      vertex 15.386411398649216 18.394998855888844 0.9
      vertex 15.243455842137337 16.618977203965187 0.9
      vertex 15.040595442056656 16.654176637530327 0.9
    endloop
  endfacet
  facet normal 0 0 -1
    outer loop
      vertex 14.98650997132063 18.411794871091843 0.9
      vertex 15.386411398649216 18.394998855888844 0.9
      vertex 15.040595442056656 16.654176637530327 0.9
    endloop
  endfacet
  facet normal 0 0 -1
    outer loop
      vertex 14.98650997132063 18.411794871091843 0.9
      vertex 15.040595442056656 16.654176637530327 0.9
      vertex 14.810692310333252 16.675296291708946 0.9
    endloop
  endfacet
  facet normal 0 0 -1
    outer loop
      vertex 16.070289455354214 14.705380626022816 0.9
      vertex 16.14494416117668 14.974499709904194 0.9
      vertex 17.900883190333843 14.173404552042484 0.9
    endloop
  endfacet
  facet normal 0 0 -1
    outer loop
      vertex 14.98650997132063 18.411794871091843 0.9
      vertex 14.810692310333252 16.675296291708946 0.9
      vertex 14.553746439516544 16.682336181402206 0.9
    endloop
  endfacet
  facet normal 0 0 -1
    outer loop
      vertex 16.070289455354214 14.705380626022816 0.9
      vertex 17.900883190333843 14.173404552042484 0.9
      vertex 17.738870084285736 13.914851278066635 0.9
    endloop
  endfacet
  facet normal 0 0 -1
    outer loop
      vertex 16.070289455354214 14.705380626022816 0.9
      vertex 17.738870084285736 13.914851278066635 0.9
      vertex 17.539531625807285 13.688501991331577 0.9
    endloop
  endfacet
  facet normal 0 0 -1
    outer loop
      vertex 16.070289455354214 14.705380626022816 0.9
      vertex 17.539531625807285 13.688501991331577 0.9
      vertex 17.30286780744791 13.49435669183731 0.9
    endloop
  endfacet
  facet normal 0 0 -1
    outer loop
      vertex 15.945864960551262 14.480662673711777 0.9
      vertex 16.070289455354214 14.705380626022816 0.9
      vertex 17.30286780744791 13.49435669183731 0.9
    endloop
  endfacet
  facet normal 0 0 -1
    outer loop
      vertex 15.945864960551262 14.480662673711777 0.9
      vertex 17.30286780744791 13.49435669183731 0.9
      vertex 17.02887862920761 13.332415379583836 0.9
    endloop
  endfacet
  facet normal 0 0 -1
    outer loop
      vertex 15.945864960551262 14.480662673711777 0.9
      vertex 17.02887862920761 13.332415379583836 0.9
      vertex 16.71756410598755 13.202678062021732 0.9
    endloop
  endfacet
  facet normal 0 0 -1
    outer loop
      vertex 15.771670654416084 14.300345867872238 0.9
      vertex 15.945864960551262 14.480662673711777 0.9
      vertex 16.71756410598755 13.202678062021732 0.9
    endloop
  endfacet
  facet normal 0 0 -1
    outer loop
      vertex 15.547706551849842 14.164430193603039 0.9
      vertex 15.771670654416084 14.300345867872238 0.9
      vertex 16.71756410598755 13.202678062021732 0.9
    endloop
  endfacet
  facet normal 0 0 -1
    outer loop
      vertex 14.98650997132063 18.411794871091843 0.9
      vertex 14.553746439516544 16.682336181402206 0.9
      vertex 12.132962964475155 16.682336181402206 0.9
    endloop
  endfacet
  facet normal 0 0 -1
    outer loop
      vertex 10.097578346729279 18.411794871091843 0.9
      vertex 14.98650997132063 18.411794871091843 0.9
      vertex 12.132962964475155 16.682336181402206 0.9
    endloop
  endfacet
  facet normal 0 0 -1
    outer loop
      vertex 18.414814814925194 8.443475782871246 0.9
      vertex 16.122464388608932 8.443475782871246 0.9
      vertex 16.086774356663227 8.570764102041721 0.9
    endloop
  endfacet
  facet normal 0 0 -1
    outer loop
      vertex 18.414814814925194 8.443475782871246 0.9
      vertex 16.086774356663227 8.570764102041721 0.9
      vertex 16.055407978594303 8.687785752117634 0.9
    endloop
  endfacet
  facet normal 0 0 -1
    outer loop
      vertex 18.414814814925194 8.443475782871246 0.9
      vertex 16.055407978594303 8.687785752117634 0.9
      vertex 16.028365239501 8.794540740549564 0.9
    endloop
  endfacet
  facet normal 0 0 -1
    outer loop
      vertex 18.414814814925194 8.443475782871246 0.9
      vertex 16.028365239501 8.794540740549564 0.9
      vertex 16.005646154284477 8.891029059886932 0.9
    endloop
  endfacet
  facet normal 0 0 -1
    outer loop
      vertex 18.414814814925194 8.443475782871246 0.9
      vertex 16.005646154284477 8.891029059886932 0.9
      vertex 15.987250715494156 8.977250710129738 0.9
    endloop
  endfacet
  facet normal 0 0 -1
    outer loop
      vertex 18.414814814925194 8.693561248481274 0.9
      vertex 18.414814814925194 8.443475782871246 0.9
      vertex 15.987250715494156 8.977250710129738 0.9
    endloop
  endfacet
  facet normal 0 0 -1
    outer loop
      vertex 18.304450139403343 8.774701423943043 0.9
      vertex 18.414814814925194 8.693561248481274 0.9
      vertex 15.987250715494156 8.977250710129738 0.9
    endloop
  endfacet
  facet normal 0 0 -1
    outer loop
      vertex 18.211396008729935 8.872059255838394 0.9
      vertex 18.304450139403343 8.774701423943043 0.9
      vertex 15.987250715494156 8.977250710129738 0.9
    endloop
  endfacet
  facet normal 0 0 -1
    outer loop
      vertex 18.13565242290497 8.985634751617908 0.9
      vertex 18.211396008729935 8.872059255838394 0.9
      vertex 15.987250715494156 8.977250710129738 0.9
    endloop
  endfacet
  facet normal 0 0 -1
    outer loop
      vertex 18.077219374477863 9.115427918732166 0.9
      vertex 18.13565242290497 8.985634751617908 0.9
      vertex 15.987250715494156 8.977250710129738 0.9
    endloop
  endfacet
  facet normal 0 0 -1
    outer loop
      vertex 18.03609686344862 9.261438742280006 0.9
      vertex 18.077219374477863 9.115427918732166 0.9
      vertex 15.987250715494156 8.977250710129738 0.9
    endloop
  endfacet
  facet normal 0 0 -1
    outer loop
      vertex 18.016640454530716 9.37637435644865 0.9
      vertex 18.03609686344862 9.261438742280006 0.9
      vertex 15.987250715494156 8.977250710129738 0.9
    endloop
  endfacet
  facet normal 0 0 -1
    outer loop
      vertex 18.016640454530716 9.37637435644865 0.9
      vertex 15.987250715494156 8.977250710129738 0.9
      vertex 15.95779487490654 9.145661532878876 0.9
    endloop
  endfacet
  facet normal 0 0 -1
    outer loop
      vertex 18.001507692039013 9.52645754814148 0.9
      vertex 18.016640454530716 9.37637435644865 0.9
      vertex 15.95779487490654 9.145661532878876 0.9
    endloop
  endfacet
  facet normal 0 0 -1
    outer loop
      vertex 18.001507692039013 9.52645754814148 0.9
      vertex 15.95779487490654 9.145661532878876 0.9
      vertex 15.934282049536705 9.315691731870174 0.9
    endloop
  endfacet
  facet normal 0 0 -1
    outer loop
      vertex 18.001507692039013 9.52645754814148 0.9
      vertex 15.934282049536705 9.315691731870174 0.9
      vertex 15.916712254285812 9.487341307103634 0.9
    endloop
  endfacet
  facet normal 0 0 -1
    outer loop
      vertex 17.99069857597351 9.711688317358494 0.9
      vertex 18.001507692039013 9.52645754814148 0.9
      vertex 15.916712254285812 9.487341307103634 0.9
    endloop
  endfacet
  facet normal 0 0 -1
    outer loop
      vertex 17.99069857597351 9.711688317358494 0.9
      vertex 15.916712254285812 9.487341307103634 0.9
      vertex 15.90508546680212 9.660610251128674 0.9
    endloop
  endfacet
  facet normal 0 0 -1
    outer loop
      vertex 17.98421310633421 9.932066664099693 0.9
      vertex 17.99069857597351 9.711688317358494 0.9
      vertex 15.90508546680212 9.660610251128674 0.9
    endloop
  endfacet
  facet normal 0 0 -1
    outer loop
      vertex 17.98421310633421 9.932066664099693 0.9
      vertex 15.90508546680212 9.660610251128674 0.9
      vertex 15.89940170943737 9.835498571395874 0.9
    endloop
  endfacet
  facet normal 0 0 -1
    outer loop
      vertex 17.98205128312111 10.187592588365078 0.9
      vertex 17.98421310633421 9.932066664099693 0.9
      vertex 15.89940170943737 9.835498571395874 0.9
    endloop
  endfacet
  facet normal 0 0 -1
    outer loop
      vertex 17.98205128312111 10.187592588365078 0.9
      vertex 15.89940170943737 9.835498571395874 0.9
      vertex 15.885840453207493 10.76115383952856 0.9
    endloop
  endfacet
  facet normal 0 0 -1
    outer loop
      vertex 17.98205128312111 10.856880336999893 0.9
      vertex 17.98205128312111 10.187592588365078 0.9
      vertex 15.885840453207493 10.76115383952856 0.9
    endloop
  endfacet
  facet normal 0 0 -1
    outer loop
      vertex 17.98205128312111 10.856880336999893 0.9
      vertex 15.885840453207493 10.76115383952856 0.9
      vertex 15.867604561150074 11.116857543587685 0.9
    endloop
  endfacet
  facet normal 0 0 -1
    outer loop
      vertex 17.970556125044823 11.254504270851612 0.9
      vertex 17.98205128312111 10.856880336999893 0.9
      vertex 15.867604561150074 11.116857543587685 0.9
    endloop
  endfacet
  facet normal 0 0 -1
    outer loop
      vertex 17.936070658266544 11.609131053090096 0.9
      vertex 17.970556125044823 11.254504270851612 0.9
      vertex 15.867604561150074 11.116857543587685 0.9
    endloop
  endfacet
  facet normal 0 0 -1
    outer loop
      vertex 17.936070658266544 11.609131053090096 0.9
      vertex 15.867604561150074 11.116857543587685 0.9
      vertex 15.823666095733643 11.42174643278122 0.9
    endloop
  endfacet
  facet normal 0 0 -1
    outer loop
      vertex 17.878594875335693 11.920760683715343 0.9
      vertex 17.936070658266544 11.609131053090096 0.9
      vertex 15.823666095733643 11.42174643278122 0.9
    endloop
  endfacet
  facet normal 0 0 -1
    outer loop
      vertex 17.79812877625227 12.189393162727356 0.9
      vertex 17.878594875335693 11.920760683715343 0.9
      vertex 15.823666095733643 11.42174643278122 0.9
    endloop
  endfacet
  facet normal 0 0 -1
    outer loop
      vertex 17.79812877625227 12.189393162727356 0.9
      vertex 15.823666095733643 11.42174643278122 0.9
      vertex 15.75402507185936 11.675820507109165 0.9
    endloop
  endfacet
  facet normal 0 0 -1
    outer loop
      vertex 17.694672361016273 12.415028490126133 0.9
      vertex 17.79812877625227 12.189393162727356 0.9
      vertex 15.75402507185936 11.675820507109165 0.9
    endloop
  endfacet
  facet normal 0 0 -1
    outer loop
      vertex 17.563626781105995 12.609875783324242 0.9
      vertex 17.694672361016273 12.415028490126133 0.9
      vertex 15.75402507185936 11.675820507109165 0.9
    endloop
  endfacet
  facet normal 0 0 -1
    outer loop
      vertex 17.400393165647984 12.786064386367798 0.9
      vertex 17.563626781105995 12.609875783324242 0.9
      vertex 15.75402507185936 11.675820507109165 0.9
    endloop
  endfacet
  facet normal 0 0 -1
    outer loop
      vertex 17.204971507191658 12.943594299256802 0.9
      vertex 17.400393165647984 12.786064386367798 0.9
      vertex 15.75402507185936 11.675820507109165 0.9
    endloop
  endfacet
  facet normal 0 0 -1
    outer loop
      vertex 16.97736182063818 13.082465521991253 0.9
      vertex 17.204971507191658 12.943594299256802 0.9
      vertex 15.75402507185936 11.675820507109165 0.9
    endloop
  endfacet
  facet normal 0 0 -1
    outer loop
      vertex 16.97736182063818 13.082465521991253 0.9
      vertex 15.75402507185936 11.675820507109165 0.9
      vertex 15.658681482076645 11.879079766571522 0.9
    endloop
  endfacet
  facet normal 0 0 -1
    outer loop
      vertex 16.71756410598755 13.202678062021732 0.9
      vertex 16.97736182063818 13.082465521991253 0.9
      vertex 15.658681482076645 11.879079766571522 0.9
    endloop
  endfacet
  facet normal 0 0 -1
    outer loop
      vertex 16.71756410598755 13.202678062021732 0.9
      vertex 15.658681482076645 11.879079766571522 0.9
      vertex 15.537635326385498 12.03152421116829 0.9
    endloop
  endfacet
  facet normal 0 0 -1
    outer loop
      vertex 16.71756410598755 13.202678062021732 0.9
      vertex 15.537635326385498 12.03152421116829 0.9
      vertex 15.380344726145267 12.1458575502038 0.9
    endloop
  endfacet
  facet normal 0 0 -1
    outer loop
      vertex 15.547706551849842 14.164430193603039 0.9
      vertex 16.71756410598755 13.202678062021732 0.9
      vertex 15.380344726145267 12.1458575502038 0.9
    endloop
  endfacet
  facet normal 0 0 -1
    outer loop
      vertex 15.393004558980465 14.10595327615738 0.9
      vertex 15.547706551849842 14.164430193603039 0.9
      vertex 15.380344726145267 12.1458575502038 0.9
    endloop
  endfacet
  facet normal 0 0 -1
    outer loop
      vertex 15.393004558980465 14.10595327615738 0.9
      vertex 15.380344726145267 12.1458575502038 0.9
      vertex 15.176267802715302 12.234783470630646 0.9
    endloop
  endfacet
  facet normal 0 0 -1
    outer loop
      vertex 15.210174925625324 14.060471221804619 0.9
      vertex 15.393004558980465 14.10595327615738 0.9
      vertex 15.176267802715302 12.234783470630646 0.9
    endloop
  endfacet
  facet normal 0 0 -1
    outer loop
      vertex 15.210174925625324 14.060471221804619 0.9
      vertex 15.176267802715302 12.234783470630646 0.9
      vertex 14.9254045560956 12.298301994800568 0.9
    endloop
  endfacet
  facet normal 0 0 -1
    outer loop
      vertex 14.999217666685581 14.027984045445919 0.9
      vertex 15.210174925625324 14.060471221804619 0.9
      vertex 14.9254045560956 12.298301994800568 0.9
    endloop
  endfacet
  facet normal 0 0 -1
    outer loop
      vertex 14.760132759809494 14.008491732180119 0.9
      vertex 14.999217666685581 14.027984045445919 0.9
      vertex 14.9254045560956 12.298301994800568 0.9
    endloop
  endfacet
  facet normal 0 0 -1
    outer loop
      vertex 14.760132759809494 14.008491732180119 0.9
      vertex 14.9254045560956 12.298301994800568 0.9
      vertex 14.627754986286163 12.336413100361824 0.9
    endloop
  endfacet
  facet normal 0 0 -1
    outer loop
      vertex 14.492920227348804 14.001994296908379 0.9
      vertex 14.760132759809494 14.008491732180119 0.9
      vertex 14.627754986286163 12.336413100361824 0.9
    endloop
  endfacet
  facet normal 0 0 -1
    outer loop
      vertex 14.492920227348804 14.001994296908379 0.9
      vertex 14.627754986286163 12.336413100361824 0.9
      vertex 14.28331908583641 12.349116809666157 0.9
    endloop
  endfacet
  facet normal 0 0 -1
    outer loop
      vertex 12.132962964475155 14.001994296908379 0.9
      vertex 14.492920227348804 14.001994296908379 0.9
      vertex 14.28331908583641 12.349116809666157 0.9
    endloop
  endfacet
  facet normal 0 0 -1
    outer loop
      vertex 12.132962964475155 14.001994296908379 0.9
      vertex 14.28331908583641 12.349116809666157 0.9
      vertex 12.132962964475155 12.349116809666157 0.9
    endloop
  endfacet
  facet normal 0 0 -1
    outer loop
      vertex 10.097578346729279 18.411794871091843 0.9
      vertex 12.132962964475155 16.682336181402206 0.9
      vertex 12.132962964475155 14.001994296908379 0.9
    endloop
  endfacet
  facet normal 0 0 -1
    outer loop
      vertex 12.132962964475155 12.349116809666157 0.9
      vertex 10.097578346729279 8.443475782871246 0.9
      vertex 10.097578346729279 18.411794871091843 0.9
    endloop
  endfacet
  facet normal 0 0 -1
    outer loop
      vertex 12.132962964475155 12.349116809666157 0.9
      vertex 10.097578346729279 18.411794871091843 0.9
      vertex 12.132962964475155 14.001994296908379 0.9
    endloop
  endfacet
  facet normal 0 0 -1
    outer loop
      vertex 20.051837608218193 12.285797715187073 0.9
      vertex 20.051837608218193 18.411794871091843 0.9
      vertex 22.168290600180626 18.411794871091843 0.9
    endloop
  endfacet
  facet normal 0 0 -1
    outer loop
      vertex 20.051837608218193 12.285797715187073 0.9
      vertex 22.168290600180626 18.411794871091843 0.9
      vertex 22.168290600180626 12.283603988587856 0.9
    endloop
  endfacet
  facet normal 0 0 -1
    outer loop
      vertex 25.94819088280201 18.411794871091843 0.9
      vertex 28.06474359333515 18.411794871091843 0.9
      vertex 28.06474359333515 12.285797715187073 0.9
    endloop
  endfacet
  facet normal 0 0 -1
    outer loop
      vertex 25.94819088280201 12.283603988587856 0.9
      vertex 25.94819088280201 18.411794871091843 0.9
      vertex 28.06474359333515 12.285797715187073 0.9
    endloop
  endfacet
  facet normal 0 0 -1
    outer loop
      vertex 25.93845470249653 11.89452364295721 0.9
      vertex 25.94819088280201 12.283603988587856 0.9
      vertex 28.06474359333515 12.285797715187073 0.9
    endloop
  endfacet
  facet normal 0 0 -1
    outer loop
      vertex 25.93845470249653 11.89452364295721 0.9
      vertex 28.06474359333515 12.285797715187073 0.9
      vertex 28.04500000178814 11.67830540984869 0.9
    endloop
  endfacet
  facet normal 0 0 -1
    outer loop
      vertex 25.909246154129505 11.549812532961369 0.9
      vertex 25.93845470249653 11.89452364295721 0.9
      vertex 28.04500000178814 11.67830540984869 0.9
    endloop
  endfacet
  facet normal 0 0 -1
    outer loop
      vertex 25.909246154129505 11.549812532961369 0.9
      vertex 28.04500000178814 11.67830540984869 0.9
      vertex 27.985769227147102 11.127076350152493 0.9
    endloop
  endfacet
  facet normal 0 0 -1
    outer loop
      vertex 25.86056524515152 11.24947065114975 0.9
      vertex 25.909246154129505 11.549812532961369 0.9
      vertex 27.985769227147102 11.127076350152493 0.9
    endloop
  endfacet
  facet normal 0 0 -1
    outer loop
      vertex 25.86056524515152 11.24947065114975 0.9
      vertex 27.985769227147102 11.127076350152493 0.9
      vertex 27.887051284313202 10.63211053609848 0.9
    endloop
  endfacet
  facet normal 0 0 -1
    outer loop
      vertex 25.792411968111992 10.993498004972935 0.9
      vertex 25.86056524515152 11.24947065114975 0.9
      vertex 27.887051284313202 10.63211053609848 0.9
    endloop
  endfacet
  facet normal 0 0 -1
    outer loop
      vertex 25.792411968111992 10.993498004972935 0.9
      vertex 27.887051284313202 10.63211053609848 0.9
      vertex 27.748846150934696 10.193407975137234 0.9
    endloop
  endfacet
  facet normal 0 0 -1
    outer loop
      vertex 25.70478632301092 10.781894586980343 0.9
      vertex 25.792411968111992 10.993498004972935 0.9
      vertex 27.748846150934696 10.193407975137234 0.9
    endloop
  endfacet
  facet normal 0 0 -1
    outer loop
      vertex 25.70478632301092 10.781894586980343 0.9
      vertex 27.748846150934696 10.193407975137234 0.9
      vertex 27.571153849363327 9.810968659818172 0.9
    endloop
  endfacet
  facet normal 0 0 -1
    outer loop
      vertex 20.051837608218193 12.285797715187073 0.9
      vertex 22.168290600180626 12.283603988587856 0.9
      vertex 22.178026780486107 11.89452364295721 0.9
    endloop
  endfacet
  facet normal 0 0 -1
    outer loop
      vertex 20.071581199765205 11.67830540984869 0.9
      vertex 20.051837608218193 12.285797715187073 0.9
      vertex 22.178026780486107 11.89452364295721 0.9
    endloop
  endfacet
  facet normal 0 0 -1
    outer loop
      vertex 20.071581199765205 11.67830540984869 0.9
      vertex 22.178026780486107 11.89452364295721 0.9
      vertex 22.20723532885313 11.549812532961369 0.9
    endloop
  endfacet
  facet normal 0 0 -1
    outer loop
      vertex 20.13081196695566 11.127076350152493 0.9
      vertex 20.071581199765205 11.67830540984869 0.9
      vertex 22.20723532885313 11.549812532961369 0.9
    endloop
  endfacet
  facet normal 0 0 -1
    outer loop
      vertex 20.13081196695566 11.127076350152493 0.9
      vertex 22.20723532885313 11.549812532961369 0.9
      vertex 22.255916237831116 11.24947065114975 0.9
    endloop
  endfacet
  facet normal 0 0 -1
    outer loop
      vertex 20.229529917240143 10.63211053609848 0.9
      vertex 20.13081196695566 11.127076350152493 0.9
      vertex 22.255916237831116 11.24947065114975 0.9
    endloop
  endfacet
  facet normal 0 0 -1
    outer loop
      vertex 20.229529917240143 10.63211053609848 0.9
      vertex 22.255916237831116 11.24947065114975 0.9
      vertex 22.324069514870644 10.993498004972935 0.9
    endloop
  endfacet
  facet normal 0 0 -1
    outer loop
      vertex 20.367735043168068 10.193407975137234 0.9
      vertex 20.229529917240143 10.63211053609848 0.9
      vertex 22.324069514870644 10.993498004972935 0.9
    endloop
  endfacet
  facet normal 0 0 -1
    outer loop
      vertex 20.367735043168068 10.193407975137234 0.9
      vertex 22.324069514870644 10.993498004972935 0.9
      vertex 22.411695159971714 10.781894586980343 0.9
    endloop
  endfacet
  facet normal 0 0 -1
    outer loop
      vertex 20.545427352190018 9.810968659818172 0.9
      vertex 20.367735043168068 10.193407975137234 0.9
      vertex 22.411695159971714 10.781894586980343 0.9
    endloop
  endfacet
  facet normal 0 0 -1
    outer loop
      vertex 25.70478632301092 10.781894586980343 0.9
      vertex 27.571153849363327 9.810968659818172 0.9
      vertex 27.136479772627354 9.226773783564568 0.9
    endloop
  endfacet
  facet normal 0 0 -1
    outer loop
      vertex 25.517868377268314 10.47996125370264 0.9
      vertex 25.70478632301092 10.781894586980343 0.9
      vertex 27.136479772627354 9.226773783564568 0.9
    endloop
  endfacet
  facet normal 0 0 -1
    outer loop
      vertex 25.517868377268314 10.47996125370264 0.9
      vertex 27.136479772627354 9.226773783564568 0.9
      vertex 26.568195439875126 8.772399999201298 0.9
    endloop
  endfacet
  facet normal 0 0 -1
    outer loop
      vertex 25.26008889079094 10.245124213397503 0.9
      vertex 25.517868377268314 10.47996125370264 0.9
      vertex 26.568195439875126 8.772399999201298 0.9
    endloop
  endfacet
  facet normal 0 0 -1
    outer loop
      vertex 25.26008889079094 10.245124213397503 0.9
      vertex 26.568195439875126 8.772399999201298 0.9
      vertex 25.866300851106644 8.447847291827202 0.9
    endloop
  endfacet
  facet normal 0 0 -1
    outer loop
      vertex 24.931447863578796 10.07738347351551 0.9
      vertex 25.26008889079094 10.245124213397503 0.9
      vertex 25.866300851106644 8.447847291827202 0.9
    endloop
  endfacet
  facet normal 0 0 -1
    outer loop
      vertex 24.931447863578796 10.07738347351551 0.9
      vertex 25.866300851106644 8.447847291827202 0.9
      vertex 25.030796013772488 8.25311566889286 0.9
    endloop
  endfacet
  facet normal 0 0 -1
    outer loop
      vertex 24.531945295631886 9.976739026606083 0.9
      vertex 24.931447863578796 10.07738347351551 0.9
      vertex 25.030796013772488 8.25311566889286 0.9
    endloop
  endfacet
  facet normal 0 0 -1
    outer loop
      vertex 20.9825424477458 9.226773783564568 0.9
      vertex 20.545427352190018 9.810968659818172 0.9
      vertex 22.411695159971714 10.781894586980343 0.9
    endloop
  endfacet
  facet normal 0 0 -1
    outer loop
      vertex 20.9825424477458 9.226773783564568 0.9
      vertex 22.411695159971714 10.781894586980343 0.9
      vertex 22.59888034313917 10.47996125370264 0.9
    endloop
  endfacet
  facet normal 0 0 -1
    outer loop
      vertex 21.552725359797478 8.772399999201298 0.9
      vertex 20.9825424477458 9.226773783564568 0.9
      vertex 22.59888034313917 10.47996125370264 0.9
    endloop
  endfacet
  facet normal 0 0 -1
    outer loop
      vertex 21.552725359797478 8.772399999201298 0.9
      vertex 22.59888034313917 10.47996125370264 0.9
      vertex 22.857461541891098 10.245124213397503 0.9
    endloop
  endfacet
  facet normal 0 0 -1
    outer loop
      vertex 22.25597606599331 8.447847291827202 0.9
      vertex 21.552725359797478 8.772399999201298 0.9
      vertex 22.857461541891098 10.245124213397503 0.9
    endloop
  endfacet
  facet normal 0 0 -1
    outer loop
      vertex 22.25597606599331 8.447847291827202 0.9
      vertex 22.857461541891098 10.245124213397503 0.9
      vertex 23.187438748776913 10.07738347351551 0.9
    endloop
  endfacet
  facet normal 0 0 -1
    outer loop
      vertex 23.092294588685036 8.25311566889286 0.9
      vertex 22.25597606599331 8.447847291827202 0.9
      vertex 23.187438748776913 10.07738347351551 0.9
    endloop
  endfacet
  facet normal 0 0 -1
    outer loop
      vertex 23.092294588685036 8.25311566889286 0.9
      vertex 23.187438748776913 10.07738347351551 0.9
      vertex 23.588811963796616 9.976739026606083 0.9
    endloop
  endfacet
  facet normal 0 0 -1
    outer loop
      vertex 24.531945295631886 9.976739026606083 0.9
      vertex 25.030796013772488 8.25311566889286 0.9
      vertex 24.061680912971497 8.188205122947693 0.9
    endloop
  endfacet
  facet normal 0 0 -1
    outer loop
      vertex 24.061581194400787 9.9431908801198 0.9
      vertex 24.531945295631886 9.976739026606083 0.9
      vertex 24.061680912971497 8.188205122947693 0.9
    endloop
  endfacet
  facet normal 0 0 -1
    outer loop
      vertex 24.061680912971497 8.188205122947693 0.9
      vertex 23.092294588685036 8.25311566889286 0.9
      vertex 23.588811963796616 9.976739026606083 0.9
    endloop
  endfacet
  facet normal 0 0 -1
    outer loop
      vertex 24.061581194400787 9.9431908801198 0.9
      vertex 24.061680912971497 8.188205122947693 0.9
      vertex 23.588811963796616 9.976739026606083 0.9
    endloop
  endfacet
  facet normal 0 0 -1
    outer loop
      vertex 37.29537037014961 18.411794871091843 0.9
      vertex 37.29537037014961 16.64404558390379 0.9
      vertex 34.31339031457901 16.64404558390379 0.9
    endloop
  endfacet
  facet normal 0 0 -1
    outer loop
      vertex 32.217179484665394 16.64404558390379 0.9
      vertex 29.221638180315495 16.64404558390379 0.9
      vertex 29.221638180315495 18.411794871091843 0.9
    endloop
  endfacet
  facet normal 0 0 -1
    outer loop
      vertex 34.31339031457901 8.443475782871246 0.9
      vertex 32.217179484665394 8.443475782871246 0.9
      vertex 32.217179484665394 16.64404558390379 0.9
    endloop
  endfacet
  facet normal 0 0 -1
    outer loop
      vertex 34.31339031457901 16.64404558390379 0.9
      vertex 34.31339031457901 8.443475782871246 0.9
      vertex 32.217179484665394 16.64404558390379 0.9
    endloop
  endfacet
  facet normal 0 0 -1
    outer loop
      vertex 37.29537037014961 18.411794871091843 0.9
      vertex 34.31339031457901 16.64404558390379 0.9
      vertex 32.217179484665394 16.64404558390379 0.9
    endloop
  endfacet
  facet normal 0 0 -1
    outer loop
      vertex 29.221638180315495 18.411794871091843 0.9
      vertex 37.29537037014961 18.411794871091843 0.9
      vertex 32.217179484665394 16.64404558390379 0.9
    endloop
  endfacet
  facet normal 0 0 -1
    outer loop
      vertex 46.525997154414654 8.443475782871246 0.9
      vertex 44.45680911839008 8.443475782871246 0.9
      vertex 44.45680911839008 12.891566947102547 0.9
    endloop
  endfacet
  facet normal 0 0 -1
    outer loop
      vertex 44.45680911839008 14.608262106776237 0.9
      vertex 44.45680911839008 18.411794871091843 0.9
      vertex 46.525997154414654 18.411794871091843 0.9
    endloop
  endfacet
  facet normal 0 0 -1
    outer loop
      vertex 38.49952991306782 18.411794871091843 0.9
      vertex 40.56193732470274 18.411794871091843 0.9
      vertex 40.56193732470274 14.608262106776237 0.9
    endloop
  endfacet
  facet normal 0 0 -1
    outer loop
      vertex 40.56193732470274 12.891566947102547 0.9
      vertex 40.56193732470274 8.443475782871246 0.9
      vertex 38.49952991306782 8.443475782871246 0.9
    endloop
  endfacet
  facet normal 0 0 -1
    outer loop
      vertex 44.45680911839008 14.608262106776237 0.9
      vertex 46.525997154414654 18.411794871091843 0.9
      vertex 46.525997154414654 8.443475782871246 0.9
    endloop
  endfacet
  facet normal 0 0 -1
    outer loop
      vertex 44.45680911839008 14.608262106776237 0.9
      vertex 46.525997154414654 8.443475782871246 0.9
      vertex 44.45680911839008 12.891566947102547 0.9
    endloop
  endfacet
  facet normal 0 0 -1
    outer loop
      vertex 44.45680911839008 14.608262106776237 0.9
      vertex 44.45680911839008 12.891566947102547 0.9
      vertex 40.56193732470274 12.891566947102547 0.9
    endloop
  endfacet
  facet normal 0 0 -1
    outer loop
      vertex 40.56193732470274 14.608262106776237 0.9
      vertex 44.45680911839008 14.608262106776237 0.9
      vertex 40.56193732470274 12.891566947102547 0.9
    endloop
  endfacet
  facet normal 0 0 -1
    outer loop
      vertex 38.49952991306782 8.443475782871246 0.9
      vertex 38.49952991306782 18.411794871091843 0.9
      vertex 40.56193732470274 14.608262106776237 0.9
    endloop
  endfacet
  facet normal 0 0 -1
    outer loop
      vertex 40.56193732470274 12.891566947102547 0.9
      vertex 38.49952991306782 8.443475782871246 0.9
      vertex 40.56193732470274 14.608262106776237 0.9
    endloop
  endfacet
  facet normal 0 0 -1
    outer loop
      vertex 57.251054130494595 8.443475782871246 0.9
      vertex 54.99250712245703 8.443475782871246 0.9
      vertex 54.35014244914055 10.492022790014744 0.9
    endloop
  endfacet
  facet normal 0 0 -1
    outer loop
      vertex 53.76860398799181 12.208717942237854 0.9
      vertex 57.251054130494595 8.443475782871246 0.9
      vertex 54.35014244914055 10.492022790014744 0.9
    endloop
  endfacet
  facet normal 0 0 -1
    outer loop
      vertex 50.678433045744896 10.492022790014744 0.9
      vertex 49.988703705370426 8.443475782871246 0.9
      vertex 47.811324782669544 8.443475782871246 0.9
    endloop
  endfacet
  facet normal 0 0 -1
    outer loop
      vertex 51.23962962627411 12.208717942237854 0.9
      vertex 53.76860398799181 12.208717942237854 0.9
      vertex 54.35014244914055 10.492022790014744 0.9
    endloop
  endfacet
  facet normal 0 0 -1
    outer loop
      vertex 51.23962962627411 12.208717942237854 0.9
      vertex 54.35014244914055 10.492022790014744 0.9
      vertex 50.678433045744896 10.492022790014744 0.9
    endloop
  endfacet
  facet normal 0 0 -1
    outer loop
      vertex 50.678433045744896 10.492022790014744 0.9
      vertex 47.811324782669544 8.443475782871246 0.9
      vertex 51.368162393569946 18.411794871091843 0.9
    endloop
  endfacet
  facet normal 0 0 -1
    outer loop
      vertex 53.72123931348324 18.411794871091843 0.9
      vertex 57.251054130494595 8.443475782871246 0.9
      vertex 53.76860398799181 12.208717942237854 0.9
    endloop
  endfacet
  facet normal 0 0 -1
    outer loop
      vertex 53.72123931348324 18.411794871091843 0.9
      vertex 53.76860398799181 12.208717942237854 0.9
      vertex 52.524458691477776 16.130612529814243 0.9
    endloop
  endfacet
  facet normal 0 0 -1
    outer loop
      vertex 51.368162393569946 18.411794871091843 0.9
      vertex 53.72123931348324 18.411794871091843 0.9
      vertex 52.524458691477776 16.130612529814243 0.9
    endloop
  endfacet
  facet normal 0 0 -1
    outer loop
      vertex 51.368162393569946 18.411794871091843 0.9
      vertex 52.524458691477776 16.130612529814243 0.9
      vertex 51.23962962627411 12.208717942237854 0.9
    endloop
  endfacet
  facet normal 0 0 -1
    outer loop
      vertex 50.678433045744896 10.492022790014744 0.9
      vertex 51.368162393569946 18.411794871091843 0.9
      vertex 51.23962962627411 12.208717942237854 0.9
    endloop
  endfacet
  facet normal 0 0 -1
    outer loop
      vertex 66.52904558181763 8.443475782871246 0.9
      vertex 64.45985755324364 8.443475782871246 0.9
      vertex 64.45985755324364 12.891566947102547 0.9
    endloop
  endfacet
  facet normal 0 0 -1
    outer loop
      vertex 64.45985755324364 14.608262106776237 0.9
      vertex 64.45985755324364 18.411794871091843 0.9
      vertex 66.52904558181763 18.411794871091843 0.9
    endloop
  endfacet
  facet normal 0 0 -1
    outer loop
      vertex 58.50257834792137 18.411794871091843 0.9
      vertex 60.56498575210571 18.411794871091843 0.9
      vertex 60.56498575210571 14.608262106776237 0.9
    endloop
  endfacet
  facet normal 0 0 -1
    outer loop
      vertex 60.56498575210571 12.891566947102547 0.9
      vertex 60.56498575210571 8.443475782871246 0.9
      vertex 58.50257834792137 8.443475782871246 0.9
    endloop
  endfacet
  facet normal 0 0 -1
    outer loop
      vertex 64.45985755324364 14.608262106776237 0.9
      vertex 66.52904558181763 18.411794871091843 0.9
      vertex 66.52904558181763 8.443475782871246 0.9
    endloop
  endfacet
  facet normal 0 0 -1
    outer loop
      vertex 64.45985755324364 14.608262106776237 0.9
      vertex 66.52904558181763 8.443475782871246 0.9
      vertex 64.45985755324364 12.891566947102547 0.9
    endloop
  endfacet
  facet normal 0 0 -1
    outer loop
      vertex 64.45985755324364 14.608262106776237 0.9
      vertex 64.45985755324364 12.891566947102547 0.9
      vertex 60.56498575210571 12.891566947102547 0.9
    endloop
  endfacet
  facet normal 0 0 -1
    outer loop
      vertex 60.56498575210571 14.608262106776237 0.9
      vertex 64.45985755324364 14.608262106776237 0.9
      vertex 60.56498575210571 12.891566947102547 0.9
    endloop
  endfacet
  facet normal 0 0 -1
    outer loop
      vertex 58.50257834792137 8.443475782871246 0.9
      vertex 58.50257834792137 18.411794871091843 0.9
      vertex 60.56498575210571 14.608262106776237 0.9
    endloop
  endfacet
  facet normal 0 0 -1
    outer loop
      vertex 60.56498575210571 12.891566947102547 0.9
      vertex 58.50257834792137 8.443475782871246 0.9
      vertex 60.56498575210571 14.608262106776237 0.9
    endloop
  endfacet
  facet normal 0 0 -1
    outer loop
      vertex 70.42451567202806 15.524045579135418 0.9
      vertex 70.42451567202806 8.443475782871246 0.9
      vertex 68.48386039584875 8.443475782871246 0.9
    endloop
  endfacet
  facet normal 0 0 -1
    outer loop
      vertex 70.42451567202806 15.524045579135418 0.9
      vertex 68.48386039584875 8.443475782871246 0.9
      vertex 68.48386039584875 18.411794871091843 0.9
    endloop
  endfacet
  facet normal 0 0 -1
    outer loop
      vertex 70.42451567202806 15.524045579135418 0.9
      vertex 68.48386039584875 18.411794871091843 0.9
      vertex 70.66792022436857 18.411794871091843 0.9
    endloop
  endfacet
  facet normal 0 0 -1
    outer loop
      vertex 70.42451567202806 15.524045579135418 0.9
      vertex 70.66792022436857 18.411794871091843 0.9
      vertex 74.63717948645353 11.45287749171257 0.9
    endloop
  endfacet
  facet normal 0 0 -1
    outer loop
      vertex 74.49518518149853 8.443475782871246 0.9
      vertex 70.42451567202806 15.524045579135418 0.9
      vertex 74.63717948645353 11.45287749171257 0.9
    endloop
  endfacet
  facet normal 0 0 -1
    outer loop
      vertex 76.57783475518227 8.443475782871246 0.9
      vertex 74.49518518149853 8.443475782871246 0.9
      vertex 74.63717948645353 11.45287749171257 0.9
    endloop
  endfacet
  facet normal 0 0 -1
    outer loop
      vertex 74.63717948645353 11.45287749171257 0.9
      vertex 74.63717948645353 18.411794871091843 0.9
      vertex 76.57783475518227 18.411794871091843 0.9
    endloop
  endfacet
  facet normal 0 0 -1
    outer loop
      vertex 74.63717948645353 11.45287749171257 0.9
      vertex 76.57783475518227 18.411794871091843 0.9
      vertex 76.57783475518227 8.443475782871246 0.9
    endloop
  endfacet
endsolid OpenSCAD_Model
