solid OpenSCAD_Model
  facet normal -0.6343932751742409 -0.7730104607401506 0
    outer loop
      vertex 0.41005050390958786 0.41005050390958786 0
      vertex 0.6222016736865044 0.235942542552948 0
      vertex 0.41005050390958786 0.41005050390958786 1.5
    endloop
  endfacet
  facet normal -0.7730104607401506 -0.6343932751742409 0
    outer loop
      vertex 0.41005050390958786 0.41005050390958786 0
      vertex 0.235942542552948 0.6222016736865044 1.5
      vertex 0.235942542552948 0.6222016736865044 0
    endloop
  endfacet
  facet normal -0.8819212681735322 -0.47139672966959456 0
    outer loop
      vertex 0.235942542552948 0.6222016736865044 0
      vertex 0.10656865686178207 0.8642431944608688 1.5
      vertex 0.10656865686178207 0.8642431944608688 0
    endloop
  endfacet
  facet normal -0.47139672966959456 -0.8819212681735322 0
    outer loop
      vertex 0.6222016736865044 0.235942542552948 0
      vertex 0.8642431944608688 0.10656865686178207 0
      vertex 0.6222016736865044 0.235942542552948 1.5
    endloop
  endfacet
  facet normal -0.2902846915285437 -0.9569403314022136 0
    outer loop
      vertex 0.8642431944608688 0.10656865686178207 0
      vertex 1.1268735527992249 0.026900604367256165 0
      vertex 0.8642431944608688 0.10656865686178207 1.5
    endloop
  endfacet
  facet normal -0.09801713107425283 -0.9951847275837651 0
    outer loop
      vertex 1.1268735527992249 0.026900604367256165 0
      vertex 1.3999999985098839 0 0
      vertex 1.1268735527992249 0.026900604367256165 1.5
    endloop
  endfacet
  facet normal -0.9569403314022136 -0.2902846915285437 0
    outer loop
      vertex 0.10656865686178207 0.8642431944608688 0
      vertex 0.026900604367256165 1.1268735527992249 1.5
      vertex 0.026900604367256165 1.1268735527992249 0
    endloop
  endfacet
  facet normal -0.9951847275837651 -0.09801713107425283 0
    outer loop
      vertex 0.026900604367256165 1.1268735527992249 0
      vertex 0 1.3999999985098839 1.5
      vertex 0 1.3999999985098839 0
    endloop
  endfacet
  facet normal -1 0 0
    outer loop
      vertex 0 1.3999999985098839 0
      vertex 0 16.51002848893404 0.901
      vertex 0 18.277777776122093 0.901
    endloop
  endfacet
  facet normal 0 0 -1
    outer loop
      vertex 0.41005050390958786 0.41005050390958786 0
      vertex 0.235942542552948 0.6222016736865044 0
      vertex 0.235942542552948 61.377798326313496 0
    endloop
  endfacet
  facet normal 0 0 -1
    outer loop
      vertex 0.41005050390958786 0.41005050390958786 0
      vertex 0.41005050390958786 61.58994949609041 0
      vertex 0.6222016736865044 0.235942542552948 0
    endloop
  endfacet
  facet normal 0 0 -1
    outer loop
      vertex 0.235942542552948 0.6222016736865044 0
      vertex 0.10656865686178207 0.8642431944608688 0
      vertex 0.10656865686178207 61.13575680553913 0
    endloop
  endfacet
  facet normal 0 0 -1
    outer loop
      vertex 0.10656865686178207 0.8642431944608688 0
      vertex 0.026900604367256165 1.1268735527992249 0
      vertex 0.026900604367256165 60.873126447200775 0
    endloop
  endfacet
  facet normal 0 0 -1
    outer loop
      vertex 0.026900604367256165 1.1268735527992249 0
      vertex 0 1.3999999985098839 0
      vertex 0 60.600000001490116 0
    endloop
  endfacet
  facet normal 0 0 -1
    outer loop
      vertex 0.6222016736865044 0.235942542552948 0
      vertex 0.6222016736865044 61.76405745744705 0
      vertex 0.8642431944608688 0.10656865686178207 0
    endloop
  endfacet
  facet normal 0 0 -1
    outer loop
      vertex 0.8642431944608688 0.10656865686178207 0
      vertex 0.8642431944608688 61.89343134313822 0
      vertex 1.1268735527992249 0.026900604367256165 0
    endloop
  endfacet
  facet normal 0 0 -1
    outer loop
      vertex 1.1268735527992249 0.026900604367256165 0
      vertex 1.1268735527992249 61.973099395632744 0
      vertex 1.3999999985098839 0 0
    endloop
  endfacet
  facet normal 0 -1 0
    outer loop
      vertex 1.3999999985098839 0 0
      vertex 76.60000000149012 0 0
      vertex 1.3999999985098839 0 1.5
    endloop
  endfacet
  facet normal 0 0 -1
    outer loop
      vertex 1.3999999985098839 0 0
      vertex 1.3999999985098839 62 0
      vertex 76.60000000149012 0 0
    endloop
  endfacet
  facet normal -1 0 0
    outer loop
      vertex 0 1.3999999985098839 0
      vertex 0 1.3999999985098839 1.5
      vertex 0 16.51002848893404 0.901
    endloop
  endfacet
  facet normal -0.7730104607401506 -0.6343932751742409 0
    outer loop
      vertex 0.41005050390958786 0.41005050390958786 0
      vertex 0.41005050390958786 0.41005050390958786 1.5
      vertex 0.235942542552948 0.6222016736865044 1.5
    endloop
  endfacet
  facet normal -0.6343932751742409 -0.7730104607401506 0
    outer loop
      vertex 0.6222016736865044 0.235942542552948 0
      vertex 0.6222016736865044 0.235942542552948 1.5
      vertex 0.41005050390958786 0.41005050390958786 1.5
    endloop
  endfacet
  facet normal -0.8819212681735322 -0.47139672966959456 0
    outer loop
      vertex 0.235942542552948 0.6222016736865044 0
      vertex 0.235942542552948 0.6222016736865044 1.5
      vertex 0.10656865686178207 0.8642431944608688 1.5
    endloop
  endfacet
  facet normal -0.9569403314022136 -0.2902846915285437 0
    outer loop
      vertex 0.10656865686178207 0.8642431944608688 0
      vertex 0.10656865686178207 0.8642431944608688 1.5
      vertex 0.026900604367256165 1.1268735527992249 1.5
    endloop
  endfacet
  facet normal -0.47139672966959456 -0.8819212681735322 0
    outer loop
      vertex 0.8642431944608688 0.10656865686178207 0
      vertex 0.8642431944608688 0.10656865686178207 1.5
      vertex 0.6222016736865044 0.235942542552948 1.5
    endloop
  endfacet
  facet normal -0.2902846915285437 -0.9569403314022136 0
    outer loop
      vertex 1.1268735527992249 0.026900604367256165 0
      vertex 1.1268735527992249 0.026900604367256165 1.5
      vertex 0.8642431944608688 0.10656865686178207 1.5
    endloop
  endfacet
  facet normal -0.9951847275837651 -0.09801713107425283 0
    outer loop
      vertex 0.026900604367256165 1.1268735527992249 0
      vertex 0.026900604367256165 1.1268735527992249 1.5
      vertex 0 1.3999999985098839 1.5
    endloop
  endfacet
  facet normal -0.09801713107425283 -0.9951847275837651 0
    outer loop
      vertex 1.3999999985098839 0 0
      vertex 1.3999999985098839 0 1.5
      vertex 1.1268735527992249 0.026900604367256165 1.5
    endloop
  endfacet
  facet normal 0 0 1
    outer loop
      vertex 0.41005050390958786 0.41005050390958786 1.5
      vertex 0.6222016736865044 0.235942542552948 1.5
      vertex 0 16.51002848893404 1.5
    endloop
  endfacet
  facet normal 0 0 1
    outer loop
      vertex 0.6222016736865044 0.235942542552948 1.5
      vertex 0.8642431944608688 0.10656865686178207 1.5
      vertex 0 16.51002848893404 1.5
    endloop
  endfacet
  facet normal 0 0 1
    outer loop
      vertex 0.8642431944608688 0.10656865686178207 1.5
      vertex 1.1268735527992249 0.026900604367256165 1.5
      vertex 0 16.51002848893404 1.5
    endloop
  endfacet
  facet normal 0 0 1
    outer loop
      vertex 1.1268735527992249 0.026900604367256165 1.5
      vertex 1.3999999985098839 0 1.5
      vertex 0 16.51002848893404 1.5
    endloop
  endfacet
  facet normal 0 0 1
    outer loop
      vertex 0.235942542552948 0.6222016736865044 1.5
      vertex 0 16.51002848893404 1.5
      vertex 0.10656865686178207 0.8642431944608688 1.5
    endloop
  endfacet
  facet normal 0 0 1
    outer loop
      vertex 0.41005050390958786 0.41005050390958786 1.5
      vertex 0 16.51002848893404 1.5
      vertex 0.235942542552948 0.6222016736865044 1.5
    endloop
  endfacet
  facet normal 0 0 1
    outer loop
      vertex 0.10656865686178207 0.8642431944608688 1.5
      vertex 0 16.51002848893404 1.5
      vertex 0.026900604367256165 1.1268735527992249 1.5
    endloop
  endfacet
  facet normal 0 0 1
    outer loop
      vertex 0.026900604367256165 1.1268735527992249 1.5
      vertex 0 16.51002848893404 1.5
      vertex 0 1.3999999985098839 1.5
    endloop
  endfacet
  facet normal 0 0 1
    outer loop
      vertex 1.3999999985098839 0 1.5
      vertex 4.308767803013325 8.309458687901497 1.5
      vertex 2.212556980550289 8.309458687901497 1.5
    endloop
  endfacet
  facet normal 0 0 1
    outer loop
      vertex 1.3999999985098839 0 1.5
      vertex 8.494907408952713 8.309458687901497 1.5
      vertex 4.308767803013325 8.309458687901497 1.5
    endloop
  endfacet
  facet normal 0 0 1
    outer loop
      vertex 1.3999999985098839 0 1.5
      vertex 10.557314813137054 8.309458687901497 1.5
      vertex 8.494907408952713 8.309458687901497 1.5
    endloop
  endfacet
  facet normal 0 0 1
    outer loop
      vertex 1.3999999985098839 0 1.5
      vertex 14.452186606824398 8.309458687901497 1.5
      vertex 10.557314813137054 8.309458687901497 1.5
    endloop
  endfacet
  facet normal -1 0 0
    outer loop
      vertex 0 1.3999999985098839 1.5
      vertex 0 16.51002848893404 1.5
      vertex 0 16.51002848893404 0.901
    endloop
  endfacet
  facet normal 0 0 1
    outer loop
      vertex 1.3999999985098839 0 1.5
      vertex 2.212556980550289 8.309458687901497 1.5
      vertex 2.212556980550289 16.51002848893404 1.5
    endloop
  endfacet
  facet normal 0 0 1
    outer loop
      vertex 1.3999999985098839 0 1.5
      vertex 2.212556980550289 16.51002848893404 1.5
      vertex 0 16.51002848893404 1.5
    endloop
  endfacet
  facet normal 0 0 1
    outer loop
      vertex 8.494907408952713 18.277777776122093 1.5
      vertex 4.308767803013325 8.309458687901497 1.5
      vertex 8.494907408952713 8.309458687901497 1.5
    endloop
  endfacet
  facet normal 0 0 1
    outer loop
      vertex 4.308767803013325 8.309458687901497 1.5
      vertex 7.290747866034508 16.51002848893404 1.5
      vertex 4.308767803013325 16.51002848893404 1.5
    endloop
  endfacet
  facet normal 0 0 1
    outer loop
      vertex 8.494907408952713 18.277777776122093 1.5
      vertex 7.290747866034508 16.51002848893404 1.5
      vertex 4.308767803013325 8.309458687901497 1.5
    endloop
  endfacet
  facet normal 0 0 1
    outer loop
      vertex 1.3999999985098839 0 1.5
      vertex 16.52137464284897 8.309458687901497 1.5
      vertex 14.452186606824398 8.309458687901497 1.5
    endloop
  endfacet
  facet normal 0 0 1
    outer loop
      vertex 1.3999999985098839 0 1.5
      vertex 20.714131340384483 8.313830196857452 1.5
      vertex 16.52137464284897 8.309458687901497 1.5
    endloop
  endfacet
  facet normal 0 0 1
    outer loop
      vertex 1.3999999985098839 0 1.5
      vertex 21.55044985562563 8.119098573923111 1.5
      vertex 20.714131340384483 8.313830196857452 1.5
    endloop
  endfacet
  facet normal 0 0 1
    outer loop
      vertex 1.3999999985098839 0 1.5
      vertex 22.51983617991209 8.054188027977943 1.5
      vertex 21.55044985562563 8.119098573923111 1.5
    endloop
  endfacet
  facet normal 0 0 1
    outer loop
      vertex 1.3999999985098839 0 1.5
      vertex 23.48895128071308 8.119098573923111 1.5
      vertex 22.51983617991209 8.054188027977943 1.5
    endloop
  endfacet
  facet normal 0 0 1
    outer loop
      vertex 10.557314813137054 8.309458687901497 1.5
      vertex 14.452186606824398 12.757549852132797 1.5
      vertex 10.557314813137054 12.757549852132797 1.5
    endloop
  endfacet
  facet normal 0 0 1
    outer loop
      vertex 14.452186606824398 12.757549852132797 1.5
      vertex 10.557314813137054 8.309458687901497 1.5
      vertex 14.452186606824398 8.309458687901497 1.5
    endloop
  endfacet
  facet normal 0 0 1
    outer loop
      vertex 18.82589031010866 10.059390880167484 1.5
      vertex 16.52137464284897 8.309458687901497 1.5
      vertex 19.00358261913061 9.676951564848423 1.5
    endloop
  endfacet
  facet normal 0 0 1
    outer loop
      vertex 18.687685184180737 10.49809344112873 1.5
      vertex 16.52137464284897 8.309458687901497 1.5
      vertex 18.82589031010866 10.059390880167484 1.5
    endloop
  endfacet
  facet normal 0 0 1
    outer loop
      vertex 19.440697722136974 9.092756688594818 1.5
      vertex 16.52137464284897 8.309458687901497 1.5
      vertex 20.01088062673807 8.638382904231548 1.5
    endloop
  endfacet
  facet normal 0 0 1
    outer loop
      vertex 20.01088062673807 8.638382904231548 1.5
      vertex 16.52137464284897 8.309458687901497 1.5
      vertex 20.714131340384483 8.313830196857452 1.5
    endloop
  endfacet
  facet normal 0 0 1
    outer loop
      vertex 19.00358261913061 9.676951564848423 1.5
      vertex 16.52137464284897 8.309458687901497 1.5
      vertex 19.440697722136974 9.092756688594818 1.5
    endloop
  endfacet
  facet normal 0 0 1
    outer loop
      vertex 18.588967233896255 10.993059255182743 1.5
      vertex 16.52137464284897 8.309458687901497 1.5
      vertex 18.687685184180737 10.49809344112873 1.5
    endloop
  endfacet
  facet normal 0 0 1
    outer loop
      vertex 18.5297364667058 11.54428831487894 1.5
      vertex 16.52137464284897 8.309458687901497 1.5
      vertex 18.588967233896255 10.993059255182743 1.5
    endloop
  endfacet
  facet normal 0 0 1
    outer loop
      vertex 18.509992875158787 12.151780620217323 1.5
      vertex 16.52137464284897 8.309458687901497 1.5
      vertex 18.5297364667058 11.54428831487894 1.5
    endloop
  endfacet
  facet normal 0 0 1
    outer loop
      vertex 16.52137464284897 8.309458687901497 1.5
      vertex 18.509992875158787 12.151780620217323 1.5
      vertex 18.509992875158787 18.277777776122093 1.5
    endloop
  endfacet
  facet normal 0 0 1
    outer loop
      vertex 16.52137464284897 8.309458687901497 1.5
      vertex 18.509992875158787 18.277777776122093 1.5
      vertex 16.52137464284897 18.277777776122093 1.5
    endloop
  endfacet
  facet normal -1 0 0
    outer loop
      vertex 0 1.3999999985098839 0
      vertex 0 18.277777776122093 0.901
      vertex 0 60.600000001490116 1.5
    endloop
  endfacet
  facet normal 0 0 1
    outer loop
      vertex 7.290747866034508 18.277777776122093 1.5
      vertex 7.290747866034508 16.51002848893404 1.5
      vertex 8.494907408952713 18.277777776122093 1.5
    endloop
  endfacet
  facet normal 0 0 1
    outer loop
      vertex 10.557314813137054 14.474245011806488 1.5
      vertex 14.452186606824398 18.277777776122093 1.5
      vertex 10.557314813137054 18.277777776122093 1.5
    endloop
  endfacet
  facet normal 0 0 1
    outer loop
      vertex 10.557314813137054 14.474245011806488 1.5
      vertex 14.452186606824398 14.474245011806488 1.5
      vertex 14.452186606824398 18.277777776122093 1.5
    endloop
  endfacet
  facet normal 0 0 1
    outer loop
      vertex 7.290747866034508 18.277777776122093 1.5
      vertex 8.494907408952713 18.277777776122093 1.5
      vertex 21.151963643729687 29.33849411457777 1.5
    endloop
  endfacet
  facet normal 0 0 1
    outer loop
      vertex 10.557314813137054 18.277777776122093 1.5
      vertex 21.151963643729687 29.33849411457777 1.5
      vertex 8.494907408952713 18.277777776122093 1.5
    endloop
  endfacet
  facet normal 0 0 1
    outer loop
      vertex 10.557314813137054 18.277777776122093 1.5
      vertex 14.452186606824398 18.277777776122093 1.5
      vertex 21.151963643729687 29.33849411457777 1.5
    endloop
  endfacet
  facet normal 0 0 1
    outer loop
      vertex 16.52137464284897 18.277777776122093 1.5
      vertex 21.151963643729687 29.33849411457777 1.5
      vertex 14.452186606824398 18.277777776122093 1.5
    endloop
  endfacet
  facet normal 0 0 1
    outer loop
      vertex 16.52137464284897 18.277777776122093 1.5
      vertex 18.509992875158787 18.277777776122093 1.5
      vertex 21.151963643729687 29.33849411457777 1.5
    endloop
  endfacet
  facet normal 0 0 1
    outer loop
      vertex 7.290747866034508 18.277777776122093 1.5
      vertex 21.151963643729687 29.33849411457777 1.5
      vertex 22.96701817959547 40.29999999701977 1.5
    endloop
  endfacet
  facet normal 0 0 1
    outer loop
      vertex 21.31561680883169 10.111107118427753 1.5
      vertex 21.645594015717506 9.943366378545761 1.5
      vertex 21.057035610079765 10.345944158732891 1.5
    endloop
  endfacet
  facet normal 0 0 1
    outer loop
      vertex 21.057035610079765 10.345944158732891 1.5
      vertex 21.645594015717506 9.943366378545761 1.5
      vertex 22.04696723818779 9.842721931636333 1.5
    endloop
  endfacet
  facet normal 0 0 1
    outer loop
      vertex 21.057035610079765 10.345944158732891 1.5
      vertex 22.04696723818779 9.842721931636333 1.5
      vertex 22.51973646879196 9.809173785150051 1.5
    endloop
  endfacet
  facet normal 0 0 1
    outer loop
      vertex 21.057035610079765 10.345944158732891 1.5
      vertex 22.51973646879196 9.809173785150051 1.5
      vertex 20.869850426912308 10.647877492010593 1.5
    endloop
  endfacet
  facet normal 0 0 1
    outer loop
      vertex 20.869850426912308 10.647877492010593 1.5
      vertex 22.51973646879196 9.809173785150051 1.5
      vertex 20.782224789261818 10.859480910003185 1.5
    endloop
  endfacet
  facet normal 0 0 1
    outer loop
      vertex 20.782224789261818 10.859480910003185 1.5
      vertex 22.51973646879196 9.809173785150051 1.5
      vertex 20.71407151222229 11.11545355618 1.5
    endloop
  endfacet
  facet normal 0 0 1
    outer loop
      vertex 22.99010057002306 9.842721931636333 1.5
      vertex 20.665390595793724 11.415795437991619 1.5
      vertex 20.71407151222229 11.11545355618 1.5
    endloop
  endfacet
  facet normal 0 0 1
    outer loop
      vertex 23.38960313051939 9.943366378545761 1.5
      vertex 20.63618205487728 11.760506547987461 1.5
      vertex 20.665390595793724 11.415795437991619 1.5
    endloop
  endfacet
  facet normal 0 0 1
    outer loop
      vertex 22.99010057002306 9.842721931636333 1.5
      vertex 20.71407151222229 11.11545355618 1.5
      vertex 22.51973646879196 9.809173785150051 1.5
    endloop
  endfacet
  facet normal 0 0 1
    outer loop
      vertex 23.38960313051939 9.943366378545761 1.5
      vertex 20.665390595793724 11.415795437991619 1.5
      vertex 22.99010057002306 9.842721931636333 1.5
    endloop
  endfacet
  facet normal 0 0 1
    outer loop
      vertex 23.718244157731533 10.111107118427753 1.5
      vertex 20.63618205487728 11.760506547987461 1.5
      vertex 23.38960313051939 9.943366378545761 1.5
    endloop
  endfacet
  facet normal 0 0 1
    outer loop
      vertex 20.63618205487728 11.760506547987461 1.5
      vertex 23.718244157731533 10.111107118427753 1.5
      vertex 23.976023644208908 10.345944158732891 1.5
    endloop
  endfacet
  facet normal 0 0 1
    outer loop
      vertex 20.63618205487728 11.760506547987461 1.5
      vertex 23.976023644208908 10.345944158732891 1.5
      vertex 24.162941597402096 10.647877492010593 1.5
    endloop
  endfacet
  facet normal 0 0 1
    outer loop
      vertex 20.63618205487728 11.760506547987461 1.5
      vertex 24.162941597402096 10.647877492010593 1.5
      vertex 24.250567235052586 10.859480910003185 1.5
    endloop
  endfacet
  facet normal 0 0 1
    outer loop
      vertex 20.63618205487728 11.760506547987461 1.5
      vertex 24.250567235052586 10.859480910003185 1.5
      vertex 24.318720512092113 11.11545355618 1.5
    endloop
  endfacet
  facet normal 0 0 1
    outer loop
      vertex 20.63618205487728 11.760506547987461 1.5
      vertex 24.318720512092113 11.11545355618 1.5
      vertex 24.3674014210701 11.415795437991619 1.5
    endloop
  endfacet
  facet normal 0 0 1
    outer loop
      vertex 20.63618205487728 11.760506547987461 1.5
      vertex 24.406346157193184 12.149586893618107 1.5
      vertex 20.62644586712122 12.149586893618107 1.5
    endloop
  endfacet
  facet normal 0 0 1
    outer loop
      vertex 20.63618205487728 11.760506547987461 1.5
      vertex 24.3674014210701 11.415795437991619 1.5
      vertex 24.396609969437122 11.760506547987461 1.5
    endloop
  endfacet
  facet normal 0 0 1
    outer loop
      vertex 20.63618205487728 11.760506547987461 1.5
      vertex 24.396609969437122 11.760506547987461 1.5
      vertex 24.406346157193184 12.149586893618107 1.5
    endloop
  endfacet
  facet normal 0 0 1
    outer loop
      vertex 24.406346157193184 18.277777776122093 1.5
      vertex 20.62644586712122 12.149586893618107 1.5
      vertex 24.406346157193184 12.149586893618107 1.5
    endloop
  endfacet
  facet normal 0 0 1
    outer loop
      vertex 24.324456125497818 8.313830196857452 1.5
      vertex 28.47771367430687 8.309458687901497 1.5
      vertex 25.0263507142663 8.638382904231548 1.5
    endloop
  endfacet
  facet normal 0 0 1
    outer loop
      vertex 25.0263507142663 8.638382904231548 1.5
      vertex 28.47771367430687 8.309458687901497 1.5
      vertex 25.594635039567947 9.092756688594818 1.5
    endloop
  endfacet
  facet normal 0 0 1
    outer loop
      vertex 25.594635039567947 9.092756688594818 1.5
      vertex 28.47771367430687 8.309458687901497 1.5
      vertex 26.02930911630392 9.676951564848423 1.5
    endloop
  endfacet
  facet normal 0 0 1
    outer loop
      vertex 26.02930911630392 9.676951564848423 1.5
      vertex 28.47771367430687 8.309458687901497 1.5
      vertex 26.20700142532587 10.059390880167484 1.5
    endloop
  endfacet
  facet normal 0 0 1
    outer loop
      vertex 26.20700142532587 10.059390880167484 1.5
      vertex 28.47771367430687 8.309458687901497 1.5
      vertex 26.345206551253796 10.49809344112873 1.5
    endloop
  endfacet
  facet normal 0 0 1
    outer loop
      vertex 26.345206551253796 10.49809344112873 1.5
      vertex 28.47771367430687 8.309458687901497 1.5
      vertex 26.443924501538277 10.993059255182743 1.5
    endloop
  endfacet
  facet normal 0 0 1
    outer loop
      vertex 28.47771367430687 18.277777776122093 1.5
      vertex 26.443924501538277 10.993059255182743 1.5
      vertex 28.47771367430687 8.309458687901497 1.5
    endloop
  endfacet
  facet normal 0 0 1
    outer loop
      vertex 26.443924501538277 10.993059255182743 1.5
      vertex 28.47771367430687 18.277777776122093 1.5
      vertex 26.503155268728733 11.54428831487894 1.5
    endloop
  endfacet
  facet normal 0 0 1
    outer loop
      vertex 26.503155268728733 11.54428831487894 1.5
      vertex 28.47771367430687 18.277777776122093 1.5
      vertex 26.522898860275745 12.151780620217323 1.5
    endloop
  endfacet
  facet normal 0 0 1
    outer loop
      vertex 1.3999999985098839 0 1.5
      vertex 76.60000000149012 0 1.5
      vertex 23.48895128071308 8.119098573923111 1.5
    endloop
  endfacet
  facet normal 0 0 1
    outer loop
      vertex 30.418368943035603 15.390028484165668 1.5
      vertex 30.418368943035603 8.309458687901497 1.5
      vertex 34.489038459956646 8.309458687901497 1.5
    endloop
  endfacet
  facet normal 0 0 1
    outer loop
      vertex 38.51304131001234 18.265014238655567 1.5
      vertex 36.571688033640385 8.309458687901497 1.5
      vertex 38.51304131001234 8.309458687901497 1.5
    endloop
  endfacet
  facet normal 0 0 1
    outer loop
      vertex 36.571688033640385 8.309458687901497 1.5
      vertex 38.51304131001234 18.265014238655567 1.5
      vertex 36.571688033640385 18.277777776122093 1.5
    endloop
  endfacet
  facet normal 0 0 1
    outer loop
      vertex 20.62644586712122 12.149586893618107 1.5
      vertex 24.406346157193184 18.277777776122093 1.5
      vertex 20.62644586712122 18.277777776122093 1.5
    endloop
  endfacet
  facet normal 0 0 1
    outer loop
      vertex 20.62644586712122 18.277777776122093 1.5
      vertex 21.151963643729687 29.33849411457777 1.5
      vertex 18.509992875158787 18.277777776122093 1.5
    endloop
  endfacet
  facet normal 0 0 1
    outer loop
      vertex 24.406346157193184 18.277777776122093 1.5
      vertex 21.151963643729687 29.33849411457777 1.5
      vertex 20.62644586712122 18.277777776122093 1.5
    endloop
  endfacet
  facet normal 0 0 1
    outer loop
      vertex 26.522898860275745 12.151780620217323 1.5
      vertex 28.47771367430687 18.277777776122093 1.5
      vertex 26.522898860275745 18.277777776122093 1.5
    endloop
  endfacet
  facet normal 0 0 1
    outer loop
      vertex 26.522898860275745 18.277777776122093 1.5
      vertex 31.070267654955387 32.65977279096842 1.5
      vertex 24.406346157193184 18.277777776122093 1.5
    endloop
  endfacet
  facet normal 0 0 1
    outer loop
      vertex 26.522898860275745 18.277777776122093 1.5
      vertex 28.47771367430687 18.277777776122093 1.5
      vertex 32.445503152906895 31.316043220460415 1.5
    endloop
  endfacet
  facet normal 0 0 1
    outer loop
      vertex 24.406346157193184 18.277777776122093 1.5
      vertex 29.94164104759693 34.29711199551821 1.5
      vertex 21.151963643729687 29.33849411457777 1.5
    endloop
  endfacet
  facet normal 0 0 1
    outer loop
      vertex 24.406346157193184 18.277777776122093 1.5
      vertex 31.070267654955387 32.65977279096842 1.5
      vertex 29.94164104759693 34.29711199551821 1.5
    endloop
  endfacet
  facet normal 0 0 1
    outer loop
      vertex 34.63103276491165 11.31886039674282 1.5
      vertex 34.63103276491165 18.277777776122093 1.5
      vertex 30.66177350282669 18.277777776122093 1.5
    endloop
  endfacet
  facet normal 0 0 1
    outer loop
      vertex 30.66177350282669 18.277777776122093 1.5
      vertex 32.445503152906895 31.316043220460415 1.5
      vertex 28.47771367430687 18.277777776122093 1.5
    endloop
  endfacet
  facet normal 0 0 1
    outer loop
      vertex 30.66177350282669 18.277777776122093 1.5
      vertex 34.63103276491165 18.277777776122093 1.5
      vertex 34.84515815228224 30.017560057342052 1.5
    endloop
  endfacet
  facet normal 0 0 1
    outer loop
      vertex 36.571688033640385 18.277777776122093 1.5
      vertex 34.84515815228224 30.017560057342052 1.5
      vertex 34.63103276491165 18.277777776122093 1.5
    endloop
  endfacet
  facet normal 0 0 1
    outer loop
      vertex 30.66177350282669 18.277777776122093 1.5
      vertex 34.01449802517891 30.317562088370323 1.5
      vertex 32.445503152906895 31.316043220460415 1.5
    endloop
  endfacet
  facet normal 0 0 1
    outer loop
      vertex 34.01449802517891 30.317562088370323 1.5
      vertex 30.66177350282669 18.277777776122093 1.5
      vertex 34.84515815228224 30.017560057342052 1.5
    endloop
  endfacet
  facet normal 0 0 1
    outer loop
      vertex 31.070267654955387 32.65977279096842 1.5
      vertex 26.522898860275745 18.277777776122093 1.5
      vertex 32.445503152906895 31.316043220460415 1.5
    endloop
  endfacet
  facet normal 0 0 1
    outer loop
      vertex 36.571688033640385 18.277777776122093 1.5
      vertex 39 24.64070588350296 1.5
      vertex 34.84515815228224 30.017560057342052 1.5
    endloop
  endfacet
  facet normal 0 0 -1
    outer loop
      vertex 0.026900604367256165 1.1268735527992249 0
      vertex 0 60.600000001490116 0
      vertex 0.026900604367256165 60.873126447200775 0
    endloop
  endfacet
  facet normal 0 0 -1
    outer loop
      vertex 0.10656865686178207 0.8642431944608688 0
      vertex 0.026900604367256165 60.873126447200775 0
      vertex 0.10656865686178207 61.13575680553913 0
    endloop
  endfacet
  facet normal 0 0 -1
    outer loop
      vertex 0.235942542552948 0.6222016736865044 0
      vertex 0.10656865686178207 61.13575680553913 0
      vertex 0.235942542552948 61.377798326313496 0
    endloop
  endfacet
  facet normal 0 0 -1
    outer loop
      vertex 0.41005050390958786 0.41005050390958786 0
      vertex 0.235942542552948 61.377798326313496 0
      vertex 0.41005050390958786 61.58994949609041 0
    endloop
  endfacet
  facet normal 0 0 -1
    outer loop
      vertex 0.6222016736865044 0.235942542552948 0
      vertex 0.41005050390958786 61.58994949609041 0
      vertex 0.6222016736865044 61.76405745744705 0
    endloop
  endfacet
  facet normal 0 0 -1
    outer loop
      vertex 0.8642431944608688 0.10656865686178207 0
      vertex 0.6222016736865044 61.76405745744705 0
      vertex 0.8642431944608688 61.89343134313822 0
    endloop
  endfacet
  facet normal 0 0 -1
    outer loop
      vertex 1.1268735527992249 0.026900604367256165 0
      vertex 0.8642431944608688 61.89343134313822 0
      vertex 1.1268735527992249 61.973099395632744 0
    endloop
  endfacet
  facet normal 0 0 -1
    outer loop
      vertex 1.3999999985098839 0 0
      vertex 1.1268735527992249 61.973099395632744 0
      vertex 1.3999999985098839 62 0
    endloop
  endfacet
  facet normal -1 0 0
    outer loop
      vertex 0 1.3999999985098839 0
      vertex 0 60.600000001490116 1.5
      vertex 0 60.600000001490116 0
    endloop
  endfacet
  facet normal -0.9951847275837651 0.09801713107425283 0
    outer loop
      vertex 0 60.600000001490116 0
      vertex 0.026900604367256165 60.873126447200775 1.5
      vertex 0.026900604367256165 60.873126447200775 0
    endloop
  endfacet
  facet normal -0.9569403314022136 0.2902846915285437 0
    outer loop
      vertex 0.026900604367256165 60.873126447200775 0
      vertex 0.10656865686178207 61.13575680553913 1.5
      vertex 0.10656865686178207 61.13575680553913 0
    endloop
  endfacet
  facet normal -0.8819212681735322 0.47139672966959456 0
    outer loop
      vertex 0.10656865686178207 61.13575680553913 0
      vertex 0.235942542552948 61.377798326313496 1.5
      vertex 0.235942542552948 61.377798326313496 0
    endloop
  endfacet
  facet normal -0.7730104607401506 0.6343932751742409 0
    outer loop
      vertex 0.235942542552948 61.377798326313496 0
      vertex 0.41005050390958786 61.58994949609041 1.5
      vertex 0.41005050390958786 61.58994949609041 0
    endloop
  endfacet
  facet normal -0.6343932751742409 0.7730104607401506 0
    outer loop
      vertex 0.41005050390958786 61.58994949609041 0
      vertex 0.6222016736865044 61.76405745744705 1.5
      vertex 0.6222016736865044 61.76405745744705 0
    endloop
  endfacet
  facet normal -0.47139672966959456 0.8819212681735322 0
    outer loop
      vertex 0.6222016736865044 61.76405745744705 0
      vertex 0.8642431944608688 61.89343134313822 1.5
      vertex 0.8642431944608688 61.89343134313822 0
    endloop
  endfacet
  facet normal -0.2902846915285437 0.9569403314022136 0
    outer loop
      vertex 0.8642431944608688 61.89343134313822 0
      vertex 1.1268735527992249 61.973099395632744 1.5
      vertex 1.1268735527992249 61.973099395632744 0
    endloop
  endfacet
  facet normal -0.09801713107425283 0.9951847275837651 0
    outer loop
      vertex 1.1268735527992249 61.973099395632744 0
      vertex 1.3999999985098839 62 1.5
      vertex 1.3999999985098839 62 0
    endloop
  endfacet
  facet normal -1 0 0
    outer loop
      vertex 0 60.600000001490116 1.5
      vertex 0 18.277777776122093 0.901
      vertex 0 18.277777776122093 1.5
    endloop
  endfacet
  facet normal 0 0 1
    outer loop
      vertex 0 60.600000001490116 1.5
      vertex 0 18.277777776122093 1.5
      vertex 7.290747866034508 18.277777776122093 1.5
    endloop
  endfacet
  facet normal 0 0 1
    outer loop
      vertex 1.3999999985098839 62 1.5
      vertex 7.290747866034508 18.277777776122093 1.5
      vertex 22.96701817959547 40.29999999701977 1.5
    endloop
  endfacet
  facet normal -0.9951847275837651 0.09801713107425283 0
    outer loop
      vertex 0 60.600000001490116 0
      vertex 0 60.600000001490116 1.5
      vertex 0.026900604367256165 60.873126447200775 1.5
    endloop
  endfacet
  facet normal -0.9569403314022136 0.2902846915285437 0
    outer loop
      vertex 0.026900604367256165 60.873126447200775 0
      vertex 0.026900604367256165 60.873126447200775 1.5
      vertex 0.10656865686178207 61.13575680553913 1.5
    endloop
  endfacet
  facet normal -0.8819212681735322 0.47139672966959456 0
    outer loop
      vertex 0.10656865686178207 61.13575680553913 0
      vertex 0.10656865686178207 61.13575680553913 1.5
      vertex 0.235942542552948 61.377798326313496 1.5
    endloop
  endfacet
  facet normal -0.7730104607401506 0.6343932751742409 0
    outer loop
      vertex 0.235942542552948 61.377798326313496 0
      vertex 0.235942542552948 61.377798326313496 1.5
      vertex 0.41005050390958786 61.58994949609041 1.5
    endloop
  endfacet
  facet normal -0.6343932751742409 0.7730104607401506 0
    outer loop
      vertex 0.41005050390958786 61.58994949609041 0
      vertex 0.41005050390958786 61.58994949609041 1.5
      vertex 0.6222016736865044 61.76405745744705 1.5
    endloop
  endfacet
  facet normal -0.47139672966959456 0.8819212681735322 0
    outer loop
      vertex 0.6222016736865044 61.76405745744705 0
      vertex 0.6222016736865044 61.76405745744705 1.5
      vertex 0.8642431944608688 61.89343134313822 1.5
    endloop
  endfacet
  facet normal -0.2902846915285437 0.9569403314022136 0
    outer loop
      vertex 0.8642431944608688 61.89343134313822 0
      vertex 0.8642431944608688 61.89343134313822 1.5
      vertex 1.1268735527992249 61.973099395632744 1.5
    endloop
  endfacet
  facet normal -0.09801713107425283 0.9951847275837651 0
    outer loop
      vertex 1.1268735527992249 61.973099395632744 0
      vertex 1.1268735527992249 61.973099395632744 1.5
      vertex 1.3999999985098839 62 1.5
    endloop
  endfacet
  facet normal 0 0 1
    outer loop
      vertex 0 60.600000001490116 1.5
      vertex 7.290747866034508 18.277777776122093 1.5
      vertex 0.026900604367256165 60.873126447200775 1.5
    endloop
  endfacet
  facet normal 0 0 1
    outer loop
      vertex 0.026900604367256165 60.873126447200775 1.5
      vertex 7.290747866034508 18.277777776122093 1.5
      vertex 0.10656865686178207 61.13575680553913 1.5
    endloop
  endfacet
  facet normal 0 0 1
    outer loop
      vertex 0.10656865686178207 61.13575680553913 1.5
      vertex 7.290747866034508 18.277777776122093 1.5
      vertex 0.235942542552948 61.377798326313496 1.5
    endloop
  endfacet
  facet normal 0 0 1
    outer loop
      vertex 0.235942542552948 61.377798326313496 1.5
      vertex 7.290747866034508 18.277777776122093 1.5
      vertex 0.41005050390958786 61.58994949609041 1.5
    endloop
  endfacet
  facet normal 0 0 1
    outer loop
      vertex 0.41005050390958786 61.58994949609041 1.5
      vertex 7.290747866034508 18.277777776122093 1.5
      vertex 0.6222016736865044 61.76405745744705 1.5
    endloop
  endfacet
  facet normal 0 0 1
    outer loop
      vertex 0.6222016736865044 61.76405745744705 1.5
      vertex 7.290747866034508 18.277777776122093 1.5
      vertex 0.8642431944608688 61.89343134313822 1.5
    endloop
  endfacet
  facet normal 0 0 1
    outer loop
      vertex 0.8642431944608688 61.89343134313822 1.5
      vertex 7.290747866034508 18.277777776122093 1.5
      vertex 1.1268735527992249 61.973099395632744 1.5
    endloop
  endfacet
  facet normal 0 0 1
    outer loop
      vertex 1.1268735527992249 61.973099395632744 1.5
      vertex 7.290747866034508 18.277777776122093 1.5
      vertex 1.3999999985098839 62 1.5
    endloop
  endfacet
  facet normal 0 0 1
    outer loop
      vertex 1.3999999985098839 62 1.5
      vertex 22.96701817959547 40.29999999701977 1.5
      vertex 21.151963643729687 51.261505886912346 1.5
    endloop
  endfacet
  facet normal 0 0 1
    outer loop
      vertex 28.07398957014084 36.43017756193876 1.5
      vertex 21.151963643729687 29.33849411457777 1.5
      vertex 29.86422861367464 34.46954308450222 1.5
    endloop
  endfacet
  facet normal 0 0 1
    outer loop
      vertex 29.86422861367464 34.46954308450222 1.5
      vertex 21.151963643729687 29.33849411457777 1.5
      vertex 29.94164104759693 34.29711199551821 1.5
    endloop
  endfacet
  facet normal 0 1 0
    outer loop
      vertex 1.3999999985098839 62 0
      vertex 1.3999999985098839 62 1.5
      vertex 76.60000000149012 62 1.5
    endloop
  endfacet
  facet normal 0 0 1
    outer loop
      vertex 21.151963643729687 51.261505886912346 1.5
      vertex 28.07398957014084 44.16982243955135 1.5
      vertex 29.86422861367464 46.130456909537315 1.5
    endloop
  endfacet
  facet normal 0 0 1
    outer loop
      vertex 21.151963643729687 51.261505886912346 1.5
      vertex 29.86422861367464 46.130456909537315 1.5
      vertex 29.94164104759693 46.30288800597191 1.5
    endloop
  endfacet
  facet normal 0 0 1
    outer loop
      vertex 21.151963643729687 51.261505886912346 1.5
      vertex 29.94164104759693 46.30288800597191 1.5
      vertex 31.070267654955387 47.9402272105217 1.5
    endloop
  endfacet
  facet normal 0 0 1
    outer loop
      vertex 21.151963643729687 51.261505886912346 1.5
      vertex 31.070267654955387 47.9402272105217 1.5
      vertex 32.445503152906895 49.2839567810297 1.5
    endloop
  endfacet
  facet normal 0 0 1
    outer loop
      vertex 21.151963643729687 51.261505886912346 1.5
      vertex 32.445503152906895 49.2839567810297 1.5
      vertex 32.04229090362787 50.08705881983042 1.5
    endloop
  endfacet
  facet normal 0 0 1
    outer loop
      vertex 1.3999999985098839 62 1.5
      vertex 21.151963643729687 51.261505886912346 1.5
      vertex 39 57.9167058840394 1.5
    endloop
  endfacet
  facet normal 0 0 1
    outer loop
      vertex 33.542569637298584 49.98211085796356 1.5
      vertex 32.04229090362787 50.08705881983042 1.5
      vertex 32.445503152906895 49.2839567810297 1.5
    endloop
  endfacet
  facet normal 0 0 1
    outer loop
      vertex 39 57.9167058840394 1.5
      vertex 21.151963643729687 51.261505886912346 1.5
      vertex 32.04229090362787 50.08705881983042 1.5
    endloop
  endfacet
  facet normal 0.09801713107425283 -0.9951847275837651 0
    outer loop
      vertex 76.60000000149012 0 0
      vertex 76.87312644720078 0.026900604367256165 0
      vertex 76.60000000149012 0 1.5
    endloop
  endfacet
  facet normal 0.2902846915285437 -0.9569403314022136 0
    outer loop
      vertex 76.87312644720078 0.026900604367256165 0
      vertex 77.13575680553913 0.10656865686178207 0
      vertex 76.87312644720078 0.026900604367256165 1.5
    endloop
  endfacet
  facet normal 0.47139672966959456 -0.8819212681735322 0
    outer loop
      vertex 77.13575680553913 0.10656865686178207 0
      vertex 77.3777983263135 0.235942542552948 0
      vertex 77.13575680553913 0.10656865686178207 1.5
    endloop
  endfacet
  facet normal 0.6343932751742409 -0.7730104607401506 0
    outer loop
      vertex 77.3777983263135 0.235942542552948 0
      vertex 77.58994949609041 0.41005050390958786 0
      vertex 77.3777983263135 0.235942542552948 1.5
    endloop
  endfacet
  facet normal 0.7730104607401506 -0.6343932751742409 0
    outer loop
      vertex 77.58994949609041 0.41005050390958786 0
      vertex 77.76405745744705 0.6222016736865044 0
      vertex 77.58994949609041 0.41005050390958786 1.5
    endloop
  endfacet
  facet normal 0.8819212681735322 -0.47139672966959456 0
    outer loop
      vertex 77.76405745744705 0.6222016736865044 0
      vertex 77.89343134313822 0.8642431944608688 0
      vertex 77.76405745744705 0.6222016736865044 1.5
    endloop
  endfacet
  facet normal 0.9569403314022136 -0.2902846915285437 0
    outer loop
      vertex 77.89343134313822 0.8642431944608688 0
      vertex 77.97309939563274 1.1268735527992249 0
      vertex 77.89343134313822 0.8642431944608688 1.5
    endloop
  endfacet
  facet normal 0.9951847275837651 -0.09801713107425283 0
    outer loop
      vertex 77.97309939563274 1.1268735527992249 0
      vertex 78 1.3999999985098839 0
      vertex 77.97309939563274 1.1268735527992249 1.5
    endloop
  endfacet
  facet normal 0 0 -1
    outer loop
      vertex 76.60000000149012 0 0
      vertex 76.60000000149012 62 0
      vertex 76.87312644720078 0.026900604367256165 0
    endloop
  endfacet
  facet normal 0 0 -1
    outer loop
      vertex 76.87312644720078 0.026900604367256165 0
      vertex 76.87312644720078 61.973099395632744 0
      vertex 77.13575680553913 0.10656865686178207 0
    endloop
  endfacet
  facet normal 0 0 -1
    outer loop
      vertex 77.13575680553913 0.10656865686178207 0
      vertex 77.13575680553913 61.89343134313822 0
      vertex 77.3777983263135 0.235942542552948 0
    endloop
  endfacet
  facet normal 0 0 -1
    outer loop
      vertex 77.3777983263135 0.235942542552948 0
      vertex 77.3777983263135 61.76405745744705 0
      vertex 77.58994949609041 0.41005050390958786 0
    endloop
  endfacet
  facet normal 0 0 -1
    outer loop
      vertex 77.58994949609041 0.41005050390958786 0
      vertex 77.58994949609041 61.58994949609041 0
      vertex 77.76405745744705 0.6222016736865044 0
    endloop
  endfacet
  facet normal 0 0 -1
    outer loop
      vertex 77.76405745744705 0.6222016736865044 0
      vertex 77.76405745744705 61.377798326313496 0
      vertex 77.89343134313822 0.8642431944608688 0
    endloop
  endfacet
  facet normal 0 0 -1
    outer loop
      vertex 77.89343134313822 0.8642431944608688 0
      vertex 77.89343134313822 61.13575680553913 0
      vertex 77.97309939563274 1.1268735527992249 0
    endloop
  endfacet
  facet normal 0 0 -1
    outer loop
      vertex 77.97309939563274 1.1268735527992249 0
      vertex 77.97309939563274 60.873126447200775 0
      vertex 78 1.3999999985098839 0
    endloop
  endfacet
  facet normal 1 0 0
    outer loop
      vertex 78 1.3999999985098839 0
      vertex 78 60.600000001490116 0
      vertex 78 8.309458687901497 0.901
    endloop
  endfacet
  facet normal 1 0 0
    outer loop
      vertex 78 60.600000001490116 0
      vertex 78 18.277777776122093 0.901
      vertex 78 8.309458687901497 0.901
    endloop
  endfacet
  facet normal 0 -1 0
    outer loop
      vertex 1.3999999985098839 0 1.5
      vertex 76.60000000149012 0 0
      vertex 76.60000000149012 0 1.5
    endloop
  endfacet
  facet normal 0 0 1
    outer loop
      vertex 76.60000000149012 0 1.5
      vertex 24.324456125497818 8.313830196857452 1.5
      vertex 23.48895128071308 8.119098573923111 1.5
    endloop
  endfacet
  facet normal 0 0 1
    outer loop
      vertex 76.60000000149012 0 1.5
      vertex 28.47771367430687 8.309458687901497 1.5
      vertex 24.324456125497818 8.313830196857452 1.5
    endloop
  endfacet
  facet normal 0 0 1
    outer loop
      vertex 76.60000000149012 0 1.5
      vertex 30.418368943035603 8.309458687901497 1.5
      vertex 28.47771367430687 8.309458687901497 1.5
    endloop
  endfacet
  facet normal 0 0 1
    outer loop
      vertex 76.60000000149012 0 1.5
      vertex 34.489038459956646 8.309458687901497 1.5
      vertex 30.418368943035603 8.309458687901497 1.5
    endloop
  endfacet
  facet normal 0 0 1
    outer loop
      vertex 36.571688033640385 8.309458687901497 1.5
      vertex 53.094436183571815 8.196485467255116 1.5
      vertex 38.51304131001234 8.309458687901497 1.5
    endloop
  endfacet
  facet normal 0 0 1
    outer loop
      vertex 40.5821296274662 12.489515669643879 1.5
      vertex 40.5821296274662 8.309458687901497 1.5
      vertex 44.9571296274662 12.489515669643879 1.5
    endloop
  endfacet
  facet normal 0 0 1
    outer loop
      vertex 44.9571296274662 14.218974359333515 1.5
      vertex 40.5821296274662 16.516410253942013 1.5
      vertex 40.5821296274662 14.218974359333515 1.5
    endloop
  endfacet
  facet normal 0 0 1
    outer loop
      vertex 40.5821296274662 8.309458687901497 1.5
      vertex 38.51304131001234 8.309458687901497 1.5
      vertex 53.094436183571815 8.196485467255116 1.5
    endloop
  endfacet
  facet normal 0 0 1
    outer loop
      vertex 40.5821296274662 8.309458687901497 1.5
      vertex 46.810434475541115 8.309458687901497 1.5
      vertex 44.9571296274662 12.489515669643879 1.5
    endloop
  endfacet
  facet normal 0 0 1
    outer loop
      vertex 40.5821296274662 8.309458687901497 1.5
      vertex 53.094436183571815 8.196485467255116 1.5
      vertex 46.810434475541115 8.309458687901497 1.5
    endloop
  endfacet
  facet normal 0 0 1
    outer loop
      vertex 36.571688033640385 8.309458687901497 1.5
      vertex 53.773603700101376 8.089762389659882 1.5
      vertex 53.094436183571815 8.196485467255116 1.5
    endloop
  endfacet
  facet normal 0 0 1
    outer loop
      vertex 46.810434475541115 18.277777776122093 1.5
      vertex 44.9571296274662 12.489515669643879 1.5
      vertex 46.810434475541115 8.309458687901497 1.5
    endloop
  endfacet
  facet normal 0 0 1
    outer loop
      vertex 44.9571296274662 12.489515669643879 1.5
      vertex 46.810434475541115 18.277777776122093 1.5
      vertex 44.9571296274662 14.218974359333515 1.5
    endloop
  endfacet
  facet normal 0 0 1
    outer loop
      vertex 76.60000000149012 0 1.5
      vertex 36.571688033640385 8.309458687901497 1.5
      vertex 34.489038459956646 8.309458687901497 1.5
    endloop
  endfacet
  facet normal 0 0 1
    outer loop
      vertex 76.60000000149012 0 1.5
      vertex 53.773603700101376 8.089762389659882 1.5
      vertex 36.571688033640385 8.309458687901497 1.5
    endloop
  endfacet
  facet normal 0 0 1
    outer loop
      vertex 46.810434475541115 8.309458687901497 1.5
      vertex 53.094436183571815 8.196485467255116 1.5
      vertex 48.879622504115105 8.309458687901497 1.5
    endloop
  endfacet
  facet normal 0 0 1
    outer loop
      vertex 51.456160970032215 8.943547002971172 1.5
      vertex 48.879622504115105 8.309458687901497 1.5
      vertex 51.935714818537235 8.623377777636051 1.5
    endloop
  endfacet
  facet normal 0 0 1
    outer loop
      vertex 51.935714818537235 8.623377777636051 1.5
      vertex 48.879622504115105 8.309458687901497 1.5
      vertex 52.48180655390024 8.374357260763645 1.5
    endloop
  endfacet
  facet normal 0 0 1
    outer loop
      vertex 50.74210512638092 9.761577777564526 1.5
      vertex 48.879622504115105 8.309458687901497 1.5
      vertex 51.05450455844402 9.32592649012804 1.5
    endloop
  endfacet
  facet normal 0 0 1
    outer loop
      vertex 51.05450455844402 9.32592649012804 1.5
      vertex 48.879622504115105 8.309458687901497 1.5
      vertex 51.456160970032215 8.943547002971172 1.5
    endloop
  endfacet
  facet normal 0 0 1
    outer loop
      vertex 50.51896268129349 10.250500850379467 1.5
      vertex 48.879622504115105 8.309458687901497 1.5
      vertex 50.74210512638092 9.761577777564526 1.5
    endloop
  endfacet
  facet normal 0 0 1
    outer loop
      vertex 50.38507720828056 10.792695723474026 1.5
      vertex 48.879622504115105 8.309458687901497 1.5
      vertex 50.51896268129349 10.250500850379467 1.5
    endloop
  endfacet
  facet normal 0 0 1
    outer loop
      vertex 50.34044871479273 11.388162389397621 1.5
      vertex 48.879622504115105 8.309458687901497 1.5
      vertex 50.38507720828056 10.792695723474026 1.5
    endloop
  endfacet
  facet normal 0 0 1
    outer loop
      vertex 48.879622504115105 14.545888317469508 1.5
      vertex 48.879622504115105 8.309458687901497 1.5
      vertex 50.34044871479273 11.388162389397621 1.5
    endloop
  endfacet
  facet normal 0 0 1
    outer loop
      vertex 52.48180655390024 8.374357260763645 1.5
      vertex 48.879622504115105 8.309458687901497 1.5
      vertex 53.094436183571815 8.196485467255116 1.5
    endloop
  endfacet
  facet normal 0 0 1
    outer loop
      vertex 52.70040598511696 10.367079772055149 1.5
      vertex 53.66056267917156 12.536282047629356 1.5
      vertex 52.59679003059864 10.516125924885273 1.5
    endloop
  endfacet
  facet normal 0 0 1
    outer loop
      vertex 52.59679003059864 10.516125924885273 1.5
      vertex 53.66056267917156 12.536282047629356 1.5
      vertex 52.50778831541538 10.69275726377964 1.5
    endloop
  endfacet
  facet normal 0 0 1
    outer loop
      vertex 52.50778831541538 10.69275726377964 1.5
      vertex 53.66056267917156 12.536282047629356 1.5
      vertex 52.433400854468346 10.89697378873825 1.5
    endloop
  endfacet
  facet normal 0 0 1
    outer loop
      vertex 52.433400854468346 10.89697378873825 1.5
      vertex 53.66056267917156 12.536282047629356 1.5
      vertex 52.37362763285637 11.128775492310524 1.5
    endloop
  endfacet
  facet normal 0 0 1
    outer loop
      vertex 53.221876069903374 9.973260968923569 1.5
      vertex 53.66056267917156 12.536282047629356 1.5
      vertex 52.93220370262861 10.145556695759296 1.5
    endloop
  endfacet
  facet normal 0 0 1
    outer loop
      vertex 52.93220370262861 10.145556695759296 1.5
      vertex 53.66056267917156 12.536282047629356 1.5
      vertex 52.70040598511696 10.367079772055149 1.5
    endloop
  endfacet
  facet normal 0 0 1
    outer loop
      vertex 53.56942307949066 9.850192591547966 1.5
      vertex 53.66056267917156 12.536282047629356 1.5
      vertex 53.221876069903374 9.973260968923569 1.5
    endloop
  endfacet
  facet normal 0 0 1
    outer loop
      vertex 48.879622504115105 14.545888317469508 1.5
      vertex 50.34044871479273 11.388162389397621 1.5
      vertex 51.510306268930435 13.299999997019768 1.5
    endloop
  endfacet
  facet normal 0 0 1
    outer loop
      vertex 48.879622504115105 14.545888317469508 1.5
      vertex 51.14759857207537 13.606859259307384 1.5
      vertex 50.86549258977175 13.97589287161827 1.5
    endloop
  endfacet
  facet normal 0 0 1
    outer loop
      vertex 48.879622504115105 14.545888317469508 1.5
      vertex 51.510306268930435 13.299999997019768 1.5
      vertex 51.14759857207537 13.606859259307384 1.5
    endloop
  endfacet
  facet normal 0 0 1
    outer loop
      vertex 48.879622504115105 14.545888317469508 1.5
      vertex 50.86549258977175 13.97589287161827 1.5
      vertex 50.66398832201958 14.407100848853588 1.5
    endloop
  endfacet
  facet normal 0 0 1
    outer loop
      vertex 48.879622504115105 14.545888317469508 1.5
      vertex 50.66398832201958 14.407100848853588 1.5
      vertex 50.543085753917694 14.900483191013336 1.5
    endloop
  endfacet
  facet normal 0 0 1
    outer loop
      vertex 48.879622504115105 14.545888317469508 1.5
      vertex 50.543085753917694 14.900483191013336 1.5
      vertex 50.50278490036726 15.456039883196354 1.5
    endloop
  endfacet
  facet normal 0 0 1
    outer loop
      vertex 48.879622504115105 14.545888317469508 1.5
      vertex 50.50278490036726 15.456039883196354 1.5
      vertex 50.541733615100384 15.973198287189007 1.5
    endloop
  endfacet
  facet normal 0 0 1
    outer loop
      vertex 52.32846865803003 11.388162389397621 1.5
      vertex 51.510306268930435 13.299999997019768 1.5
      vertex 50.34044871479273 11.388162389397621 1.5
    endloop
  endfacet
  facet normal 0 0 1
    outer loop
      vertex 52.32846865803003 11.388162389397621 1.5
      vertex 52.139947295188904 12.979938454926014 1.5
      vertex 51.786716520786285 13.13754016906023 1.5
    endloop
  endfacet
  facet normal 0 0 1
    outer loop
      vertex 52.139947295188904 12.979938454926014 1.5
      vertex 52.32846865803003 11.388162389397621 1.5
      vertex 52.56999857723713 12.82719486951828 1.5
    endloop
  endfacet
  facet normal 0 0 1
    outer loop
      vertex 52.32846865803003 11.388162389397621 1.5
      vertex 51.786716520786285 13.13754016906023 1.5
      vertex 51.510306268930435 13.299999997019768 1.5
    endloop
  endfacet
  facet normal 0 0 1
    outer loop
      vertex 52.37362763285637 11.128775492310524 1.5
      vertex 53.07687036693096 12.679309397935867 1.5
      vertex 52.32846865803003 11.388162389397621 1.5
    endloop
  endfacet
  facet normal 0 0 1
    outer loop
      vertex 52.56999857723713 12.82719486951828 1.5
      vertex 52.32846865803003 11.388162389397621 1.5
      vertex 53.07687036693096 12.679309397935867 1.5
    endloop
  endfacet
  facet normal 0 0 1
    outer loop
      vertex 52.37362763285637 11.128775492310524 1.5
      vertex 53.66056267917156 12.536282047629356 1.5
      vertex 53.07687036693096 12.679309397935867 1.5
    endloop
  endfacet
  facet normal 0 0 1
    outer loop
      vertex 52.90322649478912 14.80749287456274 1.5
      vertex 52.50561452656984 15.221222788095474 1.5
      vertex 52.73282136768103 14.923768654465675 1.5
    endloop
  endfacet
  facet normal 0 0 1
    outer loop
      vertex 53.05254387110472 14.734740734100342 1.5
      vertex 52.50561452656984 15.221222788095474 1.5
      vertex 52.90322649478912 14.80749287456274 1.5
    endloop
  endfacet
  facet normal 0 0 1
    outer loop
      vertex 53.25703162699938 14.657122507691383 1.5
      vertex 52.429878920316696 15.605213671922684 1.5
      vertex 53.05254387110472 14.734740734100342 1.5
    endloop
  endfacet
  facet normal 0 0 1
    outer loop
      vertex 52.73282136768103 14.923768654465675 1.5
      vertex 52.50561452656984 15.221222788095474 1.5
      vertex 52.60028404742479 15.061678633093834 1.5
    endloop
  endfacet
  facet normal 0 0 1
    outer loop
      vertex 53.05254387110472 14.734740734100342 1.5
      vertex 52.44881282001734 15.402401134371758 1.5
      vertex 52.50561452656984 15.221222788095474 1.5
    endloop
  endfacet
  facet normal 0 0 1
    outer loop
      vertex 53.05254387110472 14.734740734100342 1.5
      vertex 52.429878920316696 15.605213671922684 1.5
      vertex 52.44881282001734 15.402401134371758 1.5
    endloop
  endfacet
  facet normal 0 0 1
    outer loop
      vertex 53.25703162699938 14.657122507691383 1.5
      vertex 52.44908404350281 15.827474638819695 1.5
      vertex 52.429878920316696 15.605213671922684 1.5
    endloop
  endfacet
  facet normal 0 0 1
    outer loop
      vertex 53.11503732204437 16.627835892140865 1.5
      vertex 53.25703162699938 14.657122507691383 1.5
      vertex 53.516689740121365 14.574638172984123 1.5
    endloop
  endfacet
  facet normal 0 0 1
    outer loop
      vertex 54.721886321902275 9.758227348327637 1.5
      vertex 54.71544871479273 12.299757830798626 1.5
      vertex 54.43814102560282 9.751737885177135 1.5
    endloop
  endfacet
  facet normal 0 0 1
    outer loop
      vertex 54.98344700783491 9.77769572287798 1.5
      vertex 54.71544871479273 12.299757830798626 1.5
      vertex 54.721886321902275 9.758227348327637 1.5
    endloop
  endfacet
  facet normal 0 0 1
    outer loop
      vertex 53.974844731390476 9.776351563632488 1.5
      vertex 53.66056267917156 12.536282047629356 1.5
      vertex 53.56942307949066 9.850192591547966 1.5
    endloop
  endfacet
  facet normal 0 0 1
    outer loop
      vertex 54.43814102560282 9.751737885177135 1.5
      vertex 53.66056267917156 12.536282047629356 1.5
      vertex 53.974844731390476 9.776351563632488 1.5
    endloop
  endfacet
  facet normal 0 0 1
    outer loop
      vertex 54.43814102560282 9.751737885177135 1.5
      vertex 54.71544871479273 12.299757830798626 1.5
      vertex 53.66056267917156 12.536282047629356 1.5
    endloop
  endfacet
  facet normal 0 0 1
    outer loop
      vertex 55.222823075950146 9.810143016278744 1.5
      vertex 55.066246435046196 12.216200567781925 1.5
      vertex 54.98344700783491 9.77769572287798 1.5
    endloop
  endfacet
  facet normal 0 0 1
    outer loop
      vertex 55.44001452624798 9.85556922852993 1.5
      vertex 55.37755697965622 12.127785183489323 1.5
      vertex 55.222823075950146 9.810143016278744 1.5
    endloop
  endfacet
  facet normal 0 0 1
    outer loop
      vertex 55.63502136617899 9.913974359631538 1.5
      vertex 55.37755697965622 12.127785183489323 1.5
      vertex 55.44001452624798 9.85556922852993 1.5
    endloop
  endfacet
  facet normal 0 0 1
    outer loop
      vertex 54.98344700783491 9.77769572287798 1.5
      vertex 55.066246435046196 12.216200567781925 1.5
      vertex 54.71544871479273 12.299757830798626 1.5
    endloop
  endfacet
  facet normal 0 0 1
    outer loop
      vertex 55.222823075950146 9.810143016278744 1.5
      vertex 55.37755697965622 12.127785183489323 1.5
      vertex 55.066246435046196 12.216200567781925 1.5
    endloop
  endfacet
  facet normal 0 0 1
    outer loop
      vertex 55.94905214011669 10.05969401448965 1.5
      vertex 55.37755697965622 12.127785183489323 1.5
      vertex 55.63502136617899 9.913974359631538 1.5
    endloop
  endfacet
  facet normal 0 0 1
    outer loop
      vertex 56.193298287689686 10.24812364578247 1.5
      vertex 55.64938034117222 12.034511677920818 1.5
      vertex 55.94905214011669 10.05969401448965 1.5
    endloop
  endfacet
  facet normal 0 0 1
    outer loop
      vertex 55.94905214011669 10.05969401448965 1.5
      vertex 55.64938034117222 12.034511677920818 1.5
      vertex 55.37755697965622 12.127785183489323 1.5
    endloop
  endfacet
  facet normal 0 0 1
    outer loop
      vertex 56.193298287689686 10.24812364578247 1.5
      vertex 56.0745655298233 11.833390310406685 1.5
      vertex 55.88171652704477 11.936380051076412 1.5
    endloop
  endfacet
  facet normal 0 0 1
    outer loop
      vertex 56.193298287689686 10.24812364578247 1.5
      vertex 55.88171652704477 11.936380051076412 1.5
      vertex 55.64938034117222 12.034511677920818 1.5
    endloop
  endfacet
  facet normal 0 0 1
    outer loop
      vertex 56.193298287689686 10.24812364578247 1.5
      vertex 56.367759831249714 10.479263246059418 1.5
      vertex 56.472436748445034 10.753112815320492 1.5
    endloop
  endfacet
  facet normal 0 0 1
    outer loop
      vertex 56.193298287689686 10.24812364578247 1.5
      vertex 56.43808689713478 11.42869458347559 1.5
      vertex 56.35153418779373 11.581438176333904 1.5
    endloop
  endfacet
  facet normal 0 0 1
    outer loop
      vertex 56.193298287689686 10.24812364578247 1.5
      vertex 56.472436748445034 10.753112815320492 1.5
      vertex 56.50732906162739 11.069672361016273 1.5
    endloop
  endfacet
  facet normal 0 0 1
    outer loop
      vertex 56.193298287689686 10.24812364578247 1.5
      vertex 56.50732906162739 11.069672361016273 1.5
      vertex 56.490018516778946 11.258105978369713 1.5
    endloop
  endfacet
  facet normal 0 0 1
    outer loop
      vertex 56.193298287689686 10.24812364578247 1.5
      vertex 56.490018516778946 11.258105978369713 1.5
      vertex 56.43808689713478 11.42869458347559 1.5
    endloop
  endfacet
  facet normal 0 0 1
    outer loop
      vertex 56.193298287689686 10.24812364578247 1.5
      vertex 56.23036039620638 11.716336749494076 1.5
      vertex 56.0745655298233 11.833390310406685 1.5
    endloop
  endfacet
  facet normal 0 0 1
    outer loop
      vertex 56.193298287689686 10.24812364578247 1.5
      vertex 56.35153418779373 11.581438176333904 1.5
      vertex 56.23036039620638 11.716336749494076 1.5
    endloop
  endfacet
  facet normal 0 0 1
    outer loop
      vertex 53.83151823282242 14.487287744879723 1.5
      vertex 53.602971225976944 16.783582903444767 1.5
      vertex 53.516689740121365 14.574638172984123 1.5
    endloop
  endfacet
  facet normal 0 0 1
    outer loop
      vertex 54.20151709765196 14.395071223378181 1.5
      vertex 53.885874927043915 16.822519652545452 1.5
      vertex 53.83151823282242 14.487287744879723 1.5
    endloop
  endfacet
  facet normal 0 0 1
    outer loop
      vertex 55.91900996863842 13.982749283313751 1.5
      vertex 56.03804985433817 15.943431332707405 1.5
      vertex 54.20151709765196 14.395071223378181 1.5
    endloop
  endfacet
  facet normal 0 0 1
    outer loop
      vertex 55.91900996863842 13.982749283313751 1.5
      vertex 56.14083617925644 15.646172650158405 1.5
      vertex 56.03804985433817 15.943431332707405 1.5
    endloop
  endfacet
  facet normal 0 0 1
    outer loop
      vertex 56.18953703343868 15.3072649538517 1.5
      vertex 57.94435925781727 12.953067235648632 1.5
      vertex 59.82213019579649 11.44601310044527 1.5
    endloop
  endfacet
  facet normal 0 0 1
    outer loop
      vertex 56.348538748919964 13.867279201745987 1.5
      vertex 56.18953703343868 15.3072649538517 1.5
      vertex 55.91900996863842 13.982749283313751 1.5
    endloop
  endfacet
  facet normal 0 0 1
    outer loop
      vertex 57.07451253384352 13.59254415333271 1.5
      vertex 56.18953703343868 15.3072649538517 1.5
      vertex 56.73370626568794 13.73721082508564 1.5
    endloop
  endfacet
  facet normal 0 0 1
    outer loop
      vertex 56.73370626568794 13.73721082508564 1.5
      vertex 56.18953703343868 15.3072649538517 1.5
      vertex 56.348538748919964 13.867279201745987 1.5
    endloop
  endfacet
  facet normal 0 0 1
    outer loop
      vertex 57.623041309416294 13.259415954351425 1.5
      vertex 56.18953703343868 15.3072649538517 1.5
      vertex 57.37095755338669 13.433279201388359 1.5
    endloop
  endfacet
  facet normal 0 0 1
    outer loop
      vertex 57.94435925781727 12.953067235648632 1.5
      vertex 56.18953703343868 15.3072649538517 1.5
      vertex 57.623041309416294 13.259415954351425 1.5
    endloop
  endfacet
  facet normal 0 0 1
    outer loop
      vertex 57.37095755338669 13.433279201388359 1.5
      vertex 56.18953703343868 15.3072649538517 1.5
      vertex 57.07451253384352 13.59254415333271 1.5
    endloop
  endfacet
  facet normal 0 0 1
    outer loop
      vertex 55.91900996863842 13.982749283313751 1.5
      vertex 56.18953703343868 15.3072649538517 1.5
      vertex 56.14083617925644 15.646172650158405 1.5
    endloop
  endfacet
  facet normal 0 0 1
    outer loop
      vertex 56.18953703343868 15.3072649538517 1.5
      vertex 59.674448147416115 12.287796005606651 1.5
      vertex 59.62522079795599 13.211752131581306 1.5
    endloop
  endfacet
  facet normal 0 0 1
    outer loop
      vertex 56.18953703343868 15.3072649538517 1.5
      vertex 59.62522079795599 13.211752131581306 1.5
      vertex 59.681208834052086 14.207363530993462 1.5
    endloop
  endfacet
  facet normal 0 0 1
    outer loop
      vertex 56.18953703343868 15.3072649538517 1.5
      vertex 59.681208834052086 14.207363530993462 1.5
      vertex 58.191018521785736 15.3072649538517 1.5
    endloop
  endfacet
  facet normal 0 0 1
    outer loop
      vertex 36.571688033640385 18.277777776122093 1.5
      vertex 38.51304131001234 18.265014238655567 1.5
      vertex 45.579252138733864 18.265014238655567 1.5
    endloop
  endfacet
  facet normal 0 0 1
    outer loop
      vertex 40.5821296274662 16.516410253942013 1.5
      vertex 44.9571296274662 14.218974359333515 1.5
      vertex 45.579252138733864 16.516410253942013 1.5
    endloop
  endfacet
  facet normal 0 0 1
    outer loop
      vertex 36.571688033640385 18.277777776122093 1.5
      vertex 45.579252138733864 18.265014238655567 1.5
      vertex 46.810434475541115 18.277777776122093 1.5
    endloop
  endfacet
  facet normal 0 0 1
    outer loop
      vertex 36.571688033640385 18.277777776122093 1.5
      vertex 46.810434475541115 18.277777776122093 1.5
      vertex 39 24.64070588350296 1.5
    endloop
  endfacet
  facet normal 0 0 1
    outer loop
      vertex 46.810434475541115 18.277777776122093 1.5
      vertex 45.579252138733864 16.516410253942013 1.5
      vertex 44.9571296274662 14.218974359333515 1.5
    endloop
  endfacet
  facet normal 0 0 1
    outer loop
      vertex 45.579252138733864 16.516410253942013 1.5
      vertex 46.810434475541115 18.277777776122093 1.5
      vertex 45.579252138733864 18.265014238655567 1.5
    endloop
  endfacet
  facet normal 0 0 1
    outer loop
      vertex 39 24.64070588350296 1.5
      vertex 46.810434475541115 18.277777776122093 1.5
      vertex 48.879622504115105 18.277777776122093 1.5
    endloop
  endfacet
  facet normal 0 0 1
    outer loop
      vertex 39 24.64070588350296 1.5
      vertex 48.879622504115105 18.277777776122093 1.5
      vertex 52.4015239328146 18.24622392654419 1.5
    endloop
  endfacet
  facet normal 0 0 1
    outer loop
      vertex 39 24.64070588350296 1.5
      vertex 52.4015239328146 18.24622392654419 1.5
      vertex 52.97356951236725 18.423298001289368 1.5
    endloop
  endfacet
  facet normal 0 0 1
    outer loop
      vertex 39 24.64070588350296 1.5
      vertex 52.97356951236725 18.423298001289368 1.5
      vertex 53.61863846331835 18.529542446136475 1.5
    endloop
  endfacet
  facet normal 0 0 1
    outer loop
      vertex 54.336730770766735 18.56495726108551 1.5
      vertex 42.9326181858778 31.295905880630016 1.5
      vertex 39 24.64070588350296 1.5
    endloop
  endfacet
  facet normal 0 0 1
    outer loop
      vertex 48.879622504115105 14.545888317469508 1.5
      vertex 50.658579774200916 16.454132191836834 1.5
      vertex 48.879622504115105 18.277777776122093 1.5
    endloop
  endfacet
  facet normal 0 0 1
    outer loop
      vertex 48.879622504115105 14.545888317469508 1.5
      vertex 50.541733615100384 15.973198287189007 1.5
      vertex 50.658579774200916 16.454132191836834 1.5
    endloop
  endfacet
  facet normal 0 0 1
    outer loop
      vertex 50.853323362767696 16.898841589689255 1.5
      vertex 48.879622504115105 18.277777776122093 1.5
      vertex 50.658579774200916 16.454132191836834 1.5
    endloop
  endfacet
  facet normal 0 0 1
    outer loop
      vertex 51.125964388251305 17.30732649564743 1.5
      vertex 48.879622504115105 18.277777776122093 1.5
      vertex 50.853323362767696 16.898841589689255 1.5
    endloop
  endfacet
  facet normal 0 0 1
    outer loop
      vertex 51.47650285065174 17.6795868948102 1.5
      vertex 48.879622504115105 18.277777776122093 1.5
      vertex 51.125964388251305 17.30732649564743 1.5
    endloop
  endfacet
  facet normal 0 0 1
    outer loop
      vertex 51.902501709759235 17.99832022190094 1.5
      vertex 48.879622504115105 18.277777776122093 1.5
      vertex 51.47650285065174 17.6795868948102 1.5
    endloop
  endfacet
  facet normal 0 0 1
    outer loop
      vertex 52.4015239328146 18.24622392654419 1.5
      vertex 48.879622504115105 18.277777776122093 1.5
      vertex 51.902501709759235 17.99832022190094 1.5
    endloop
  endfacet
  facet normal 0 0 1
    outer loop
      vertex 53.25703162699938 14.657122507691383 1.5
      vertex 52.5066994279623 16.029186323285103 1.5
      vertex 52.44908404350281 15.827474638819695 1.5
    endloop
  endfacet
  facet normal 0 0 1
    outer loop
      vertex 53.25703162699938 14.657122507691383 1.5
      vertex 52.60272507369518 16.210348717868328 1.5
      vertex 52.5066994279623 16.029186323285103 1.5
    endloop
  endfacet
  facet normal 0 0 1
    outer loop
      vertex 53.25703162699938 14.657122507691383 1.5
      vertex 52.737160965800285 16.37096182256937 1.5
      vertex 52.60272507369518 16.210348717868328 1.5
    endloop
  endfacet
  facet normal 0 0 1
    outer loop
      vertex 53.25703162699938 14.657122507691383 1.5
      vertex 52.91000711917877 16.51102563738823 1.5
      vertex 52.737160965800285 16.37096182256937 1.5
    endloop
  endfacet
  facet normal 0 0 1
    outer loop
      vertex 52.91000711917877 16.51102563738823 1.5
      vertex 53.25703162699938 14.657122507691383 1.5
      vertex 53.11503732204437 16.627835892140865 1.5
    endloop
  endfacet
  facet normal 0 0 1
    outer loop
      vertex 53.11503732204437 16.627835892140865 1.5
      vertex 53.516689740121365 14.574638172984123 1.5
      vertex 53.346025355160236 16.718688316643238 1.5
    endloop
  endfacet
  facet normal 0 0 1
    outer loop
      vertex 53.346025355160236 16.718688316643238 1.5
      vertex 53.516689740121365 14.574638172984123 1.5
      vertex 53.602971225976944 16.783582903444767 1.5
    endloop
  endfacet
  facet normal 0 0 1
    outer loop
      vertex 39 24.64070588350296 1.5
      vertex 53.61863846331835 18.529542446136475 1.5
      vertex 54.336730770766735 18.56495726108551 1.5
    endloop
  endfacet
  facet normal 0 0 1
    outer loop
      vertex 53.83151823282242 14.487287744879723 1.5
      vertex 53.885874927043915 16.822519652545452 1.5
      vertex 53.602971225976944 16.783582903444767 1.5
    endloop
  endfacet
  facet normal 0 0 1
    outer loop
      vertex 54.20151709765196 14.395071223378181 1.5
      vertex 54.19473646581173 16.835498571395874 1.5
      vertex 53.885874927043915 16.822519652545452 1.5
    endloop
  endfacet
  facet normal 0 0 1
    outer loop
      vertex 54.735702849924564 16.79546894133091 1.5
      vertex 54.20151709765196 14.395071223378181 1.5
      vertex 54.97779116779566 16.745431907474995 1.5
    endloop
  endfacet
  facet normal 0 0 1
    outer loop
      vertex 54.97779116779566 16.745431907474995 1.5
      vertex 54.20151709765196 14.395071223378181 1.5
      vertex 55.20094957202673 16.675380051136017 1.5
    endloop
  endfacet
  facet normal 0 0 1
    outer loop
      vertex 54.19473646581173 16.835498571395874 1.5
      vertex 54.20151709765196 14.395071223378181 1.5
      vertex 54.47468461841345 16.825491167604923 1.5
    endloop
  endfacet
  facet normal 0 0 1
    outer loop
      vertex 54.47468461841345 16.825491167604923 1.5
      vertex 54.20151709765196 14.395071223378181 1.5
      vertex 54.735702849924564 16.79546894133091 1.5
    endloop
  endfacet
  facet normal 0 0 1
    outer loop
      vertex 55.20094957202673 16.675380051136017 1.5
      vertex 54.20151709765196 14.395071223378181 1.5
      vertex 55.40517806261778 16.585313387215137 1.5
    endloop
  endfacet
  facet normal 0 0 1
    outer loop
      vertex 55.40517806261778 16.585313387215137 1.5
      vertex 54.20151709765196 14.395071223378181 1.5
      vertex 55.67022079974413 16.41300170868635 1.5
    endloop
  endfacet
  facet normal 0 0 1
    outer loop
      vertex 55.67022079974413 16.41300170868635 1.5
      vertex 54.20151709765196 14.395071223378181 1.5
      vertex 55.88117806613445 16.19904102385044 1.5
    endloop
  endfacet
  facet normal 0 0 1
    outer loop
      vertex 55.88117806613445 16.19904102385044 1.5
      vertex 54.20151709765196 14.395071223378181 1.5
      vertex 56.03804985433817 15.943431332707405 1.5
    endloop
  endfacet
  facet normal 0 0 1
    outer loop
      vertex 54.336730770766735 18.56495726108551 1.5
      vertex 52.9340126439929 37.40653973072767 1.5
      vertex 42.9326181858778 31.295905880630016 1.5
    endloop
  endfacet
  facet normal 0 0 1
    outer loop
      vertex 54.94843903183937 18.53158461302519 1.5
      vertex 52.9340126439929 37.40653973072767 1.5
      vertex 54.336730770766735 18.56495726108551 1.5
    endloop
  endfacet
  facet normal 0 0 1
    outer loop
      vertex 56.06066922843456 18.264603413641453 1.5
      vertex 52.9340126439929 37.40653973072767 1.5
      vertex 55.52308518439531 18.431466661393642 1.5
    endloop
  endfacet
  facet normal 0 0 1
    outer loop
      vertex 55.52308518439531 18.431466661393642 1.5
      vertex 52.9340126439929 37.40653973072767 1.5
      vertex 54.94843903183937 18.53158461302519 1.5
    endloop
  endfacet
  facet normal 0 0 1
    outer loop
      vertex 56.5611911714077 18.03099486976862 1.5
      vertex 53.35241127759218 37.69595455378294 1.5
      vertex 56.06066922843456 18.264603413641453 1.5
    endloop
  endfacet
  facet normal 0 0 1
    outer loop
      vertex 57.02465099841356 17.730641022324562 1.5
      vertex 53.719140745699406 38.08544138818979 1.5
      vertex 56.5611911714077 18.03099486976862 1.5
    endloop
  endfacet
  facet normal 0 0 1
    outer loop
      vertex 57.02465099841356 17.730641022324562 1.5
      vertex 61.53827891498804 17.675658114254475 1.5
      vertex 53.719140745699406 38.08544138818979 1.5
    endloop
  endfacet
  facet normal 1 0 0
    outer loop
      vertex 78 1.3999999985098839 0
      vertex 78 8.309458687901497 0.901
      vertex 78 8.309458687901497 1.5
    endloop
  endfacet
  facet normal 0.09801713107425283 -0.9951847275837651 0
    outer loop
      vertex 76.87312644720078 0.026900604367256165 0
      vertex 76.87312644720078 0.026900604367256165 1.5
      vertex 76.60000000149012 0 1.5
    endloop
  endfacet
  facet normal 0.2902846915285437 -0.9569403314022136 0
    outer loop
      vertex 77.13575680553913 0.10656865686178207 0
      vertex 77.13575680553913 0.10656865686178207 1.5
      vertex 76.87312644720078 0.026900604367256165 1.5
    endloop
  endfacet
  facet normal 0.47139672966959456 -0.8819212681735322 0
    outer loop
      vertex 77.3777983263135 0.235942542552948 0
      vertex 77.3777983263135 0.235942542552948 1.5
      vertex 77.13575680553913 0.10656865686178207 1.5
    endloop
  endfacet
  facet normal 0.6343932751742409 -0.7730104607401506 0
    outer loop
      vertex 77.58994949609041 0.41005050390958786 0
      vertex 77.58994949609041 0.41005050390958786 1.5
      vertex 77.3777983263135 0.235942542552948 1.5
    endloop
  endfacet
  facet normal 0.7730104607401506 -0.6343932751742409 0
    outer loop
      vertex 77.76405745744705 0.6222016736865044 0
      vertex 77.76405745744705 0.6222016736865044 1.5
      vertex 77.58994949609041 0.41005050390958786 1.5
    endloop
  endfacet
  facet normal 0.8819212681735322 -0.47139672966959456 0
    outer loop
      vertex 77.89343134313822 0.8642431944608688 0
      vertex 77.89343134313822 0.8642431944608688 1.5
      vertex 77.76405745744705 0.6222016736865044 1.5
    endloop
  endfacet
  facet normal 0.9569403314022136 -0.2902846915285437 0
    outer loop
      vertex 77.97309939563274 1.1268735527992249 0
      vertex 77.97309939563274 1.1268735527992249 1.5
      vertex 77.89343134313822 0.8642431944608688 1.5
    endloop
  endfacet
  facet normal 0.9951847275837651 -0.09801713107425283 0
    outer loop
      vertex 78 1.3999999985098839 0
      vertex 78 1.3999999985098839 1.5
      vertex 77.97309939563274 1.1268735527992249 1.5
    endloop
  endfacet
  facet normal 1 0 0
    outer loop
      vertex 78 1.3999999985098839 0
      vertex 78 8.309458687901497 1.5
      vertex 78 1.3999999985098839 1.5
    endloop
  endfacet
  facet normal 0 0 1
    outer loop
      vertex 76.60000000149012 0 1.5
      vertex 54.51930911839008 8.054188027977943 1.5
      vertex 53.773603700101376 8.089762389659882 1.5
    endloop
  endfacet
  facet normal 0 0 1
    outer loop
      vertex 76.60000000149012 0 1.5
      vertex 55.247564390301704 8.090284898877144 1.5
      vertex 54.51930911839008 8.054188027977943 1.5
    endloop
  endfacet
  facet normal 0 0 1
    outer loop
      vertex 76.60000000149012 0 1.5
      vertex 55.90684872120619 8.198575496673584 1.5
      vertex 55.247564390301704 8.090284898877144 1.5
    endloop
  endfacet
  facet normal 0 0 1
    outer loop
      vertex 76.60000000149012 0 1.5
      vertex 56.497162111103535 8.379059828817844 1.5
      vertex 55.90684872120619 8.198575496673584 1.5
    endloop
  endfacet
  facet normal 0 0 1
    outer loop
      vertex 76.60000000149012 0 1.5
      vertex 62.663771227002144 8.255628488957882 1.5
      vertex 56.497162111103535 8.379059828817844 1.5
    endloop
  endfacet
  facet normal 0 0 1
    outer loop
      vertex 76.60000000149012 0 1.5
      vertex 63.41352507472038 8.090189173817635 1.5
      vertex 62.663771227002144 8.255628488957882 1.5
    endloop
  endfacet
  facet normal 0 0 1
    outer loop
      vertex 76.60000000149012 0 1.5
      vertex 64.23684472590685 8.035042732954025 1.5
      vertex 63.41352507472038 8.090189173817635 1.5
    endloop
  endfacet
  facet normal 0 0 1
    outer loop
      vertex 56.497162111103535 8.379059828817844 1.5
      vertex 61.98758319020271 8.531360678374767 1.5
      vertex 57.018504559993744 8.631737887859344 1.5
    endloop
  endfacet
  facet normal 0 0 1
    outer loop
      vertex 57.018504559993744 8.631737887859344 1.5
      vertex 61.38496097177267 8.917385749518871 1.5
      vertex 57.470876067876816 8.956609681248665 1.5
    endloop
  endfacet
  facet normal 0 0 1
    outer loop
      vertex 57.470876067876816 8.956609681248665 1.5
      vertex 60.855904556810856 9.413703702390194 1.5
      vertex 57.84697350114584 9.336137317121029 1.5
    endloop
  endfacet
  facet normal 0 0 1
    outer loop
      vertex 57.84697350114584 9.336137317121029 1.5
      vertex 60.855904556810856 9.413703702390194 1.5
      vertex 60.41285840421915 10.008966945111752 1.5
    endloop
  endfacet
  facet normal 0 0 1
    outer loop
      vertex 61.38496097177267 8.917385749518871 1.5
      vertex 57.018504559993744 8.631737887859344 1.5
      vertex 61.98758319020271 8.531360678374767 1.5
    endloop
  endfacet
  facet normal 0 0 1
    outer loop
      vertex 61.98758319020271 8.531360678374767 1.5
      vertex 56.497162111103535 8.379059828817844 1.5
      vertex 62.663771227002144 8.255628488957882 1.5
    endloop
  endfacet
  facet normal 0 0 1
    outer loop
      vertex 60.855904556810856 9.413703702390194 1.5
      vertex 57.470876067876816 8.956609681248665 1.5
      vertex 61.38496097177267 8.917385749518871 1.5
    endloop
  endfacet
  facet normal 0 0 1
    outer loop
      vertex 57.84697350114584 9.336137317121029 1.5
      vertex 60.41285840421915 10.008966945111752 1.5
      vertex 58.139493733644485 9.752703130245209 1.5
    endloop
  endfacet
  facet normal 0 0 1
    outer loop
      vertex 58.139493733644485 9.752703130245209 1.5
      vertex 60.41285840421915 10.008966945111752 1.5
      vertex 58.34843675047159 10.206307120621204 1.5
    endloop
  endfacet
  facet normal 0 0 1
    outer loop
      vertex 58.34843675047159 10.206307120621204 1.5
      vertex 60.068266950547695 10.686403416097164 1.5
      vertex 58.47380256652832 10.696949288249016 1.5
    endloop
  endfacet
  facet normal 0 0 1
    outer loop
      vertex 60.068266950547695 10.686403416097164 1.5
      vertex 58.34843675047159 10.206307120621204 1.5
      vertex 60.41285840421915 10.008966945111752 1.5
    endloop
  endfacet
  facet normal 0 0 1
    outer loop
      vertex 58.47380256652832 10.696949288249016 1.5
      vertex 59.82213019579649 11.44601310044527 1.5
      vertex 58.51559116691351 11.224629625678062 1.5
    endloop
  endfacet
  facet normal 0 0 1
    outer loop
      vertex 58.51559116691351 11.224629625678062 1.5
      vertex 59.82213019579649 11.44601310044527 1.5
      vertex 58.479889176785946 11.732195436954498 1.5
    endloop
  endfacet
  facet normal 0 0 1
    outer loop
      vertex 59.82213019579649 11.44601310044527 1.5
      vertex 58.47380256652832 10.696949288249016 1.5
      vertex 60.068266950547695 10.686403416097164 1.5
    endloop
  endfacet
  facet normal 0 0 1
    outer loop
      vertex 62.7405159547925 10.368471793830395 1.5
      vertex 63.062803134322166 10.134947001934052 1.5
      vertex 62.448254987597466 10.668717943131924 1.5
    endloop
  endfacet
  facet normal 0 0 1
    outer loop
      vertex 62.448254987597466 10.668717943131924 1.5
      vertex 63.415116526186466 9.968143589794636 1.5
      vertex 62.19876780360937 11.03595270216465 1.5
    endloop
  endfacet
  facet normal 0 0 1
    outer loop
      vertex 62.448254987597466 10.668717943131924 1.5
      vertex 63.062803134322166 10.134947001934052 1.5
      vertex 63.415116526186466 9.968143589794636 1.5
    endloop
  endfacet
  facet normal 0 0 1
    outer loop
      vertex 62.19876780360937 11.03595270216465 1.5
      vertex 63.415116526186466 9.968143589794636 1.5
      vertex 63.79745612293482 9.868061535060406 1.5
    endloop
  endfacet
  facet normal 0 0 1
    outer loop
      vertex 62.004722222685814 11.470443300902843 1.5
      vertex 63.79745612293482 9.868061535060406 1.5
      vertex 64.20982193946838 9.834700852632523 1.5
    endloop
  endfacet
  facet normal 0 0 1
    outer loop
      vertex 62.19876780360937 11.03595270216465 1.5
      vertex 63.79745612293482 9.868061535060406 1.5
      vertex 62.004722222685814 11.470443300902843 1.5
    endloop
  endfacet
  facet normal 0 0 1
    outer loop
      vertex 62.004722222685814 11.470443300902843 1.5
      vertex 64.6271455809474 9.863370940089226 1.5
      vertex 61.86611822992563 11.972189739346504 1.5
    endloop
  endfacet
  facet normal 0 0 1
    outer loop
      vertex 58.372783191502094 12.189456976950169 1.5
      vertex 59.82213019579649 11.44601310044527 1.5
      vertex 58.194273218512535 12.596414245665073 1.5
    endloop
  endfacet
  facet normal 0 0 1
    outer loop
      vertex 58.479889176785946 11.732195436954498 1.5
      vertex 59.82213019579649 11.44601310044527 1.5
      vertex 58.372783191502094 12.189456976950169 1.5
    endloop
  endfacet
  facet normal 0 0 1
    outer loop
      vertex 58.194273218512535 12.596414245665073 1.5
      vertex 59.82213019579649 11.44601310044527 1.5
      vertex 57.94435925781727 12.953067235648632 1.5
    endloop
  endfacet
  facet normal 0 0 1
    outer loop
      vertex 56.18953703343868 15.3072649538517 1.5
      vertex 59.82213019579649 11.44601310044527 1.5
      vertex 59.674448147416115 12.287796005606651 1.5
    endloop
  endfacet
  facet normal 0 0 1
    outer loop
      vertex 59.84917293488979 15.1072803363204 1.5
      vertex 58.191018521785736 15.3072649538517 1.5
      vertex 59.681208834052086 14.207363530993462 1.5
    endloop
  endfacet
  facet normal 0 0 1
    outer loop
      vertex 60.12911310791969 15.911502562463284 1.5
      vertex 58.191018521785736 15.3072649538517 1.5
      vertex 59.84917293488979 15.1072803363204 1.5
    endloop
  endfacet
  facet normal 0 0 1
    outer loop
      vertex 61.86611822992563 11.972189739346504 1.5
      vertex 66.4074430167675 11.707749284803867 1.5
      vertex 61.78295584022999 12.541192017495632 1.5
    endloop
  endfacet
  facet normal 0 0 1
    outer loop
      vertex 61.78295584022999 12.541192017495632 1.5
      vertex 66.4074430167675 11.707749284803867 1.5
      vertex 61.7552350461483 13.177450142800808 1.5
    endloop
  endfacet
  facet normal 0 0 1
    outer loop
      vertex 61.7552350461483 13.177450142800808 1.5
      vertex 66.4074430167675 11.707749284803867 1.5
      vertex 61.78146809339523 13.81698290258646 1.5
    endloop
  endfacet
  facet normal 0 0 1
    outer loop
      vertex 61.78146809339523 13.81698290258646 1.5
      vertex 66.4074430167675 11.707749284803867 1.5
      vertex 61.86016723513603 14.395729340612888 1.5
    endloop
  endfacet
  facet normal 0 0 1
    outer loop
      vertex 62.004722222685814 11.470443300902843 1.5
      vertex 64.20982193946838 9.834700852632523 1.5
      vertex 64.6271455809474 9.863370940089226 1.5
    endloop
  endfacet
  facet normal 0 0 1
    outer loop
      vertex 61.86611822992563 11.972189739346504 1.5
      vertex 64.6271455809474 9.863370940089226 1.5
      vertex 65.00282023102045 9.949381195008755 1.5
    endloop
  endfacet
  facet normal 0 0 1
    outer loop
      vertex 61.86611822992563 11.972189739346504 1.5
      vertex 65.00282023102045 9.949381195008755 1.5
      vertex 65.3368458673358 10.09273161739111 1.5
    endloop
  endfacet
  facet normal 0 0 1
    outer loop
      vertex 61.86611822992563 11.972189739346504 1.5
      vertex 65.3368458673358 10.09273161739111 1.5
      vertex 65.6292225047946 10.293422222137451 1.5
    endloop
  endfacet
  facet normal 0 0 1
    outer loop
      vertex 61.86611822992563 11.972189739346504 1.5
      vertex 65.6292225047946 10.293422222137451 1.5
      vertex 65.87995014339685 10.551452986896038 1.5
    endloop
  endfacet
  facet normal 0 0 1
    outer loop
      vertex 61.86611822992563 11.972189739346504 1.5
      vertex 65.87995014339685 10.551452986896038 1.5
      vertex 66.00277521461248 10.721032477915287 1.5
    endloop
  endfacet
  facet normal 0 0 1
    outer loop
      vertex 61.86611822992563 11.972189739346504 1.5
      vertex 66.00277521461248 10.721032477915287 1.5
      vertex 66.11693703383207 10.921451851725578 1.5
    endloop
  endfacet
  facet normal 0 0 1
    outer loop
      vertex 61.86611822992563 11.972189739346504 1.5
      vertex 66.11693703383207 10.921451851725578 1.5
      vertex 66.22243561595678 11.152711108326912 1.5
    endloop
  endfacet
  facet normal 0 0 1
    outer loop
      vertex 61.86611822992563 11.972189739346504 1.5
      vertex 66.22243561595678 11.152711108326912 1.5
      vertex 66.31927093863487 11.414810255169868 1.5
    endloop
  endfacet
  facet normal 0 0 1
    outer loop
      vertex 66.09828233718872 8.402811959385872 1.5
      vertex 70.04594729095697 8.309458687901497 1.5
      vertex 66.61922194063663 8.688854694366455 1.5
    endloop
  endfacet
  facet normal 0 0 1
    outer loop
      vertex 66.61922194063663 8.688854694366455 1.5
      vertex 70.04594729095697 8.309458687901497 1.5
      vertex 67.0903917402029 9.056623928248882 1.5
    endloop
  endfacet
  facet normal 0 0 1
    outer loop
      vertex 67.0903917402029 9.056623928248882 1.5
      vertex 70.04594729095697 8.309458687901497 1.5
      vertex 67.50042820721865 9.48954301327467 1.5
    endloop
  endfacet
  facet normal 0 0 1
    outer loop
      vertex 61.86611822992563 11.972189739346504 1.5
      vertex 66.31927093863487 11.414810255169868 1.5
      vertex 66.4074430167675 11.707749284803867 1.5
    endloop
  endfacet
  facet normal 0 0 1
    outer loop
      vertex 61.86016723513603 14.395729340612888 1.5
      vertex 66.4074430167675 11.707749284803867 1.5
      vertex 61.99133247882128 14.913689456880093 1.5
    endloop
  endfacet
  facet normal 0 0 1
    outer loop
      vertex 61.99133247882128 14.913689456880093 1.5
      vertex 66.4074430167675 11.707749284803867 1.5
      vertex 62.17496381700039 15.370863243937492 1.5
    endloop
  endfacet
  facet normal 0 0 1
    outer loop
      vertex 62.17496381700039 15.370863243937492 1.5
      vertex 66.4074430167675 11.707749284803867 1.5
      vertex 62.41106125712395 15.767250709235668 1.5
    endloop
  endfacet
  facet normal 0 0 1
    outer loop
      vertex 62.41106125712395 15.767250709235668 1.5
      vertex 66.4074430167675 11.707749284803867 1.5
      vertex 62.692636750638485 16.096681475639343 1.5
    endloop
  endfacet
  facet normal 0 0 1
    outer loop
      vertex 62.692636750638485 16.096681475639343 1.5
      vertex 66.4074430167675 11.707749284803867 1.5
      vertex 63.01262250542641 16.35290540754795 1.5
    endloop
  endfacet
  facet normal 0 0 1
    outer loop
      vertex 63.01262250542641 16.35290540754795 1.5
      vertex 66.4074430167675 11.707749284803867 1.5
      vertex 63.37101852148771 16.53592250496149 1.5
    endloop
  endfacet
  facet normal 0 0 1
    outer loop
      vertex 63.37101852148771 16.53592250496149 1.5
      vertex 66.4074430167675 11.707749284803867 1.5
      vertex 63.76782478392124 16.645732760429382 1.5
    endloop
  endfacet
  facet normal 0 0 1
    outer loop
      vertex 63.76782478392124 16.645732760429382 1.5
      vertex 66.4074430167675 11.707749284803867 1.5
      vertex 64.20304130762815 16.682336181402206 1.5
    endloop
  endfacet
  facet normal 0 0 1
    outer loop
      vertex 64.20304130762815 16.682336181402206 1.5
      vertex 66.4074430167675 11.707749284803867 1.5
      vertex 64.62741681188345 16.656370364129543 1.5
    endloop
  endfacet
  facet normal 0 0 1
    outer loop
      vertex 64.62741681188345 16.656370364129543 1.5
      vertex 66.4074430167675 11.707749284803867 1.5
      vertex 65.0079735070467 16.578472934663296 1.5
    endloop
  endfacet
  facet normal 0 0 1
    outer loop
      vertex 65.0079735070467 16.578472934663296 1.5
      vertex 66.4074430167675 11.707749284803867 1.5
      vertex 65.3447113931179 16.448643870651722 1.5
    endloop
  endfacet
  facet normal 0 0 1
    outer loop
      vertex 65.3447113931179 16.448643870651722 1.5
      vertex 66.4074430167675 11.707749284803867 1.5
      vertex 65.63763048499823 16.266883186995983 1.5
    endloop
  endfacet
  facet normal 0 0 1
    outer loop
      vertex 68.46985042840242 11.707749284803867 1.5
      vertex 66.4074430167675 14.951282046735287 1.5
      vertex 66.4074430167675 11.707749284803867 1.5
    endloop
  endfacet
  facet normal 0 0 1
    outer loop
      vertex 66.32168005406857 15.223919086158276 1.5
      vertex 66.4074430167675 11.707749284803867 1.5
      vertex 66.4074430167675 14.951282046735287 1.5
    endloop
  endfacet
  facet normal 0 0 1
    outer loop
      vertex 66.12258490175009 15.684810250997543 1.5
      vertex 66.4074430167675 11.707749284803867 1.5
      vertex 66.22672735154629 15.468428485095501 1.5
    endloop
  endfacet
  facet normal 0 0 1
    outer loop
      vertex 66.22672735154629 15.468428485095501 1.5
      vertex 66.4074430167675 11.707749284803867 1.5
      vertex 66.32168005406857 15.223919086158276 1.5
    endloop
  endfacet
  facet normal 0 0 1
    outer loop
      vertex 66.00925270467997 15.873064383864403 1.5
      vertex 66.4074430167675 11.707749284803867 1.5
      vertex 66.12258490175009 15.684810250997543 1.5
    endloop
  endfacet
  facet normal 0 0 1
    outer loop
      vertex 65.8867307677865 16.03319088369608 1.5
      vertex 66.4074430167675 11.707749284803867 1.5
      vertex 66.00925270467997 15.873064383864403 1.5
    endloop
  endfacet
  facet normal 0 0 1
    outer loop
      vertex 65.63763048499823 16.266883186995983 1.5
      vertex 66.4074430167675 11.707749284803867 1.5
      vertex 65.8867307677865 16.03319088369608 1.5
    endloop
  endfacet
  facet normal 0 0 1
    outer loop
      vertex 66.4074430167675 14.951282046735287 1.5
      vertex 68.46985042840242 11.707749284803867 1.5
      vertex 68.49009259045124 14.951282046735287 1.5
    endloop
  endfacet
  facet normal 0 0 1
    outer loop
      vertex 76.60000000149012 0 1.5
      vertex 64.90709373354912 8.075905978679657 1.5
      vertex 64.23684472590685 8.035042732954025 1.5
    endloop
  endfacet
  facet normal 0 0 1
    outer loop
      vertex 76.60000000149012 0 1.5
      vertex 65.52757293730974 8.198495723307133 1.5
      vertex 64.90709373354912 8.075905978679657 1.5
    endloop
  endfacet
  facet normal 0 0 1
    outer loop
      vertex 76.60000000149012 0 1.5
      vertex 66.09828233718872 8.402811959385872 1.5
      vertex 65.52757293730974 8.198495723307133 1.5
    endloop
  endfacet
  facet normal 0 0 1
    outer loop
      vertex 76.60000000149012 0 1.5
      vertex 70.04594729095697 8.309458687901497 1.5
      vertex 66.09828233718872 8.402811959385872 1.5
    endloop
  endfacet
  facet normal 0 0 1
    outer loop
      vertex 76.60000000149012 0 1.5
      vertex 72.1083547025919 8.309458687901497 1.5
      vertex 70.04594729095697 8.309458687901497 1.5
    endloop
  endfacet
  facet normal 0 0 1
    outer loop
      vertex 76.60000000149012 0 1.5
      vertex 76.87312644720078 0.026900604367256165 1.5
      vertex 76.00322649627924 8.309458687901497 1.5
    endloop
  endfacet
  facet normal 0 0 1
    outer loop
      vertex 76.87312644720078 0.026900604367256165 1.5
      vertex 77.13575680553913 0.10656865686178207 1.5
      vertex 76.00322649627924 8.309458687901497 1.5
    endloop
  endfacet
  facet normal 0 0 1
    outer loop
      vertex 77.13575680553913 0.10656865686178207 1.5
      vertex 77.3777983263135 0.235942542552948 1.5
      vertex 76.00322649627924 8.309458687901497 1.5
    endloop
  endfacet
  facet normal 0 0 1
    outer loop
      vertex 77.3777983263135 0.235942542552948 1.5
      vertex 77.58994949609041 0.41005050390958786 1.5
      vertex 76.00322649627924 8.309458687901497 1.5
    endloop
  endfacet
  facet normal 0 0 1
    outer loop
      vertex 77.58994949609041 0.41005050390958786 1.5
      vertex 77.76405745744705 0.6222016736865044 1.5
      vertex 76.00322649627924 8.309458687901497 1.5
    endloop
  endfacet
  facet normal 0 0 1
    outer loop
      vertex 77.76405745744705 0.6222016736865044 1.5
      vertex 77.89343134313822 0.8642431944608688 1.5
      vertex 76.00322649627924 8.309458687901497 1.5
    endloop
  endfacet
  facet normal 0 0 1
    outer loop
      vertex 77.89343134313822 0.8642431944608688 1.5
      vertex 77.97309939563274 1.1268735527992249 1.5
      vertex 76.00322649627924 8.309458687901497 1.5
    endloop
  endfacet
  facet normal 0 0 1
    outer loop
      vertex 77.97309939563274 1.1268735527992249 1.5
      vertex 78 1.3999999985098839 1.5
      vertex 76.00322649627924 8.309458687901497 1.5
    endloop
  endfacet
  facet normal 0 0 1
    outer loop
      vertex 76.60000000149012 0 1.5
      vertex 76.00322649627924 8.309458687901497 1.5
      vertex 72.1083547025919 8.309458687901497 1.5
    endloop
  endfacet
  facet normal 0 0 1
    outer loop
      vertex 78 1.3999999985098839 1.5
      vertex 78 8.309458687901497 1.5
      vertex 76.00322649627924 8.309458687901497 1.5
    endloop
  endfacet
  facet normal 0 0 1
    outer loop
      vertex 67.50042820721865 9.48954301327467 1.5
      vertex 70.04594729095697 8.309458687901497 1.5
      vertex 67.84339230507612 9.971115097403526 1.5
    endloop
  endfacet
  facet normal 0 0 1
    outer loop
      vertex 67.84339230507612 9.971115097403526 1.5
      vertex 70.04594729095697 8.309458687901497 1.5
      vertex 68.11928404867649 10.501340165734291 1.5
    endloop
  endfacet
  facet normal 0 0 1
    outer loop
      vertex 68.11928404867649 10.501340165734291 1.5
      vertex 70.04594729095697 8.309458687901497 1.5
      vertex 70.04594729095697 12.041348146554082 1.5
    endloop
  endfacet
  facet normal 0 0 1
    outer loop
      vertex 68.11928404867649 10.501340165734291 1.5
      vertex 70.04594729095697 12.041348146554082 1.5
      vertex 68.32810341566801 11.080218233168125 1.5
    endloop
  endfacet
  facet normal 0 0 1
    outer loop
      vertex 68.32810341566801 11.080218233168125 1.5
      vertex 70.04594729095697 12.041348146554082 1.5
      vertex 68.46985042840242 11.707749284803867 1.5
    endloop
  endfacet
  facet normal 0 0 1
    outer loop
      vertex 70.04594729095697 12.041348146554082 1.5
      vertex 68.49009259045124 14.951282046735287 1.5
      vertex 68.46985042840242 11.707749284803867 1.5
    endloop
  endfacet
  facet normal 0 0 1
    outer loop
      vertex 68.49009259045124 14.951282046735287 1.5
      vertex 70.04594729095697 12.041348146554082 1.5
      vertex 68.4473467245698 15.324272364377975 1.5
    endloop
  endfacet
  facet normal 0 0 1
    outer loop
      vertex 68.4473467245698 15.324272364377975 1.5
      vertex 70.04594729095697 12.041348146554082 1.5
      vertex 68.35700085759163 15.696736179292202 1.5
    endloop
  endfacet
  facet normal 0 0 1
    outer loop
      vertex 70.04594729095697 12.041348146554082 1.5
      vertex 70.04594729095697 18.277777776122093 1.5
      vertex 68.35700085759163 15.696736179292202 1.5
    endloop
  endfacet
  facet normal 0 0 1
    outer loop
      vertex 72.1083547025919 8.309458687901497 1.5
      vertex 76.00322649627924 12.757549852132797 1.5
      vertex 72.1083547025919 12.757549852132797 1.5
    endloop
  endfacet
  facet normal 0 0 1
    outer loop
      vertex 76.00322649627924 12.757549852132797 1.5
      vertex 72.1083547025919 8.309458687901497 1.5
      vertex 76.00322649627924 8.309458687901497 1.5
    endloop
  endfacet
  facet normal 0 0 1
    outer loop
      vertex 58.191018521785736 15.3072649538517 1.5
      vertex 60.12911310791969 15.911502562463284 1.5
      vertex 58.12706922739744 15.91269914060831 1.5
    endloop
  endfacet
  facet normal 0 0 1
    outer loop
      vertex 58.12706922739744 15.91269914060831 1.5
      vertex 60.521029345691204 16.62003019452095 1.5
      vertex 57.97845783829689 16.457753844559193 1.5
    endloop
  endfacet
  facet normal 0 0 1
    outer loop
      vertex 58.12706922739744 15.91269914060831 1.5
      vertex 60.12911310791969 15.911502562463284 1.5
      vertex 60.521029345691204 16.62003019452095 1.5
    endloop
  endfacet
  facet normal 0 0 1
    outer loop
      vertex 57.97845783829689 16.457753844559193 1.5
      vertex 60.521029345691204 16.62003019452095 1.5
      vertex 57.74518433213234 16.942429058253765 1.5
    endloop
  endfacet
  facet normal 0 0 1
    outer loop
      vertex 57.74518433213234 16.942429058253765 1.5
      vertex 61.02492165565491 17.23286324739456 1.5
      vertex 57.42724871635437 17.366724781692028 1.5
    endloop
  endfacet
  facet normal 0 0 1
    outer loop
      vertex 61.02492165565491 17.23286324739456 1.5
      vertex 57.74518433213234 16.942429058253765 1.5
      vertex 60.521029345691204 16.62003019452095 1.5
    endloop
  endfacet
  facet normal 0 0 1
    outer loop
      vertex 61.53827891498804 17.675658114254475 1.5
      vertex 57.42724871635437 17.366724781692028 1.5
      vertex 61.02492165565491 17.23286324739456 1.5
    endloop
  endfacet
  facet normal 0 0 1
    outer loop
      vertex 57.42724871635437 17.366724781692028 1.5
      vertex 61.53827891498804 17.675658114254475 1.5
      vertex 57.02465099841356 17.730641022324562 1.5
    endloop
  endfacet
  facet normal 0 0 1
    outer loop
      vertex 66.65352792292833 17.868172079324722 1.5
      vertex 70.04594729095697 18.277777776122093 1.5
      vertex 65.91782991588116 18.198548145592213 1.5
    endloop
  endfacet
  facet normal 0 0 1
    outer loop
      vertex 67.28103902935982 17.405645579099655 1.5
      vertex 70.04594729095697 18.277777776122093 1.5
      vertex 66.65352792292833 17.868172079324722 1.5
    endloop
  endfacet
  facet normal 0 0 1
    outer loop
      vertex 62.10465271025896 18.020054131746292 1.5
      vertex 53.719140745699406 38.08544138818979 1.5
      vertex 61.53827891498804 17.675658114254475 1.5
    endloop
  endfacet
  facet normal 0 0 1
    outer loop
      vertex 62.724043019115925 18.266051277518272 1.5
      vertex 53.719140745699406 38.08544138818979 1.5
      vertex 62.10465271025896 18.020054131746292 1.5
    endloop
  endfacet
  facet normal 0 0 1
    outer loop
      vertex 63.396449856460094 18.413649566471577 1.5
      vertex 53.719140745699406 38.08544138818979 1.5
      vertex 62.724043019115925 18.266051277518272 1.5
    endloop
  endfacet
  facet normal 0 0 1
    outer loop
      vertex 64.12187322229147 18.462848998606205 1.5
      vertex 53.719140745699406 38.08544138818979 1.5
      vertex 63.396449856460094 18.413649566471577 1.5
    endloop
  endfacet
  facet normal 0 0 1
    outer loop
      vertex 65.07394501566887 18.396773785352707 1.5
      vertex 54.020107835531235 38.56003246456385 1.5
      vertex 64.12187322229147 18.462848998606205 1.5
    endloop
  endfacet
  facet normal 0 0 1
    outer loop
      vertex 65.91782991588116 18.198548145592213 1.5
      vertex 54.24374657124281 39.10148952156305 1.5
      vertex 65.07394501566887 18.396773785352707 1.5
    endloop
  endfacet
  facet normal 0 0 1
    outer loop
      vertex 65.91782991588116 18.198548145592213 1.5
      vertex 70.04594729095697 18.277777776122093 1.5
      vertex 54.38146261870861 39.68900464475155 1.5
    endloop
  endfacet
  facet normal 0 0 1
    outer loop
      vertex 68.21905498206615 16.068673498928547 1.5
      vertex 70.04594729095697 18.277777776122093 1.5
      vertex 68.03350912034512 16.44008433073759 1.5
    endloop
  endfacet
  facet normal 0 0 1
    outer loop
      vertex 68.03350912034512 16.44008433073759 1.5
      vertex 70.04594729095697 18.277777776122093 1.5
      vertex 67.80036325007677 16.810968659818172 1.5
    endloop
  endfacet
  facet normal 0 0 1
    outer loop
      vertex 68.35700085759163 15.696736179292202 1.5
      vertex 70.04594729095697 18.277777776122093 1.5
      vertex 68.21905498206615 16.068673498928547 1.5
    endloop
  endfacet
  facet normal 0 0 1
    outer loop
      vertex 67.80036325007677 16.810968659818172 1.5
      vertex 70.04594729095697 18.277777776122093 1.5
      vertex 67.28103902935982 17.405645579099655 1.5
    endloop
  endfacet
  facet normal 0 0 1
    outer loop
      vertex 72.1083547025919 14.474245011806488 1.5
      vertex 76.00322649627924 18.277777776122093 1.5
      vertex 72.1083547025919 18.277777776122093 1.5
    endloop
  endfacet
  facet normal 0 0 1
    outer loop
      vertex 72.1083547025919 14.474245011806488 1.5
      vertex 76.00322649627924 14.474245011806488 1.5
      vertex 76.00322649627924 18.277777776122093 1.5
    endloop
  endfacet
  facet normal 0 0 -1
    outer loop
      vertex 1.3999999985098839 62 0
      vertex 76.60000000149012 62 0
      vertex 76.60000000149012 0 0
    endloop
  endfacet
  facet normal 0 1 0
    outer loop
      vertex 1.3999999985098839 62 0
      vertex 76.60000000149012 62 1.5
      vertex 76.60000000149012 62 0
    endloop
  endfacet
  facet normal 0 0 -1
    outer loop
      vertex 76.87312644720078 0.026900604367256165 0
      vertex 76.60000000149012 62 0
      vertex 76.87312644720078 61.973099395632744 0
    endloop
  endfacet
  facet normal 0 0 -1
    outer loop
      vertex 77.13575680553913 0.10656865686178207 0
      vertex 76.87312644720078 61.973099395632744 0
      vertex 77.13575680553913 61.89343134313822 0
    endloop
  endfacet
  facet normal 0 0 -1
    outer loop
      vertex 77.3777983263135 0.235942542552948 0
      vertex 77.13575680553913 61.89343134313822 0
      vertex 77.3777983263135 61.76405745744705 0
    endloop
  endfacet
  facet normal 0 0 -1
    outer loop
      vertex 78 1.3999999985098839 0
      vertex 77.97309939563274 60.873126447200775 0
      vertex 78 60.600000001490116 0
    endloop
  endfacet
  facet normal 0 0 -1
    outer loop
      vertex 77.97309939563274 1.1268735527992249 0
      vertex 77.89343134313822 61.13575680553913 0
      vertex 77.97309939563274 60.873126447200775 0
    endloop
  endfacet
  facet normal 0 0 -1
    outer loop
      vertex 77.89343134313822 0.8642431944608688 0
      vertex 77.76405745744705 61.377798326313496 0
      vertex 77.89343134313822 61.13575680553913 0
    endloop
  endfacet
  facet normal 0 0 -1
    outer loop
      vertex 77.58994949609041 0.41005050390958786 0
      vertex 77.3777983263135 61.76405745744705 0
      vertex 77.58994949609041 61.58994949609041 0
    endloop
  endfacet
  facet normal 0 0 -1
    outer loop
      vertex 77.76405745744705 0.6222016736865044 0
      vertex 77.58994949609041 61.58994949609041 0
      vertex 77.76405745744705 61.377798326313496 0
    endloop
  endfacet
  facet normal 0.9951847275837651 0.09801713107425283 0
    outer loop
      vertex 78 60.600000001490116 0
      vertex 77.97309939563274 60.873126447200775 0
      vertex 78 60.600000001490116 1.5
    endloop
  endfacet
  facet normal 0.9569403314022136 0.2902846915285437 0
    outer loop
      vertex 77.97309939563274 60.873126447200775 0
      vertex 77.89343134313822 61.13575680553913 0
      vertex 77.97309939563274 60.873126447200775 1.5
    endloop
  endfacet
  facet normal 0.09801713107425283 0.9951847275837651 0
    outer loop
      vertex 76.60000000149012 62 0
      vertex 76.87312644720078 61.973099395632744 1.5
      vertex 76.87312644720078 61.973099395632744 0
    endloop
  endfacet
  facet normal 0.2902846915285437 0.9569403314022136 0
    outer loop
      vertex 76.87312644720078 61.973099395632744 0
      vertex 77.13575680553913 61.89343134313822 1.5
      vertex 77.13575680553913 61.89343134313822 0
    endloop
  endfacet
  facet normal 0.47139672966959456 0.8819212681735322 0
    outer loop
      vertex 77.13575680553913 61.89343134313822 0
      vertex 77.3777983263135 61.76405745744705 1.5
      vertex 77.3777983263135 61.76405745744705 0
    endloop
  endfacet
  facet normal 0.8819212681735322 0.47139672966959456 0
    outer loop
      vertex 77.89343134313822 61.13575680553913 0
      vertex 77.76405745744705 61.377798326313496 0
      vertex 77.89343134313822 61.13575680553913 1.5
    endloop
  endfacet
  facet normal 0.7730104607401506 0.6343932751742409 0
    outer loop
      vertex 77.76405745744705 61.377798326313496 0
      vertex 77.58994949609041 61.58994949609041 0
      vertex 77.76405745744705 61.377798326313496 1.5
    endloop
  endfacet
  facet normal 0.6343932751742409 0.7730104607401506 0
    outer loop
      vertex 77.3777983263135 61.76405745744705 0
      vertex 77.58994949609041 61.58994949609041 1.5
      vertex 77.58994949609041 61.58994949609041 0
    endloop
  endfacet
  facet normal 0 0 1
    outer loop
      vertex 42.9326181858778 31.295905880630016 1.5
      vertex 52.9340126439929 37.40653973072767 1.5
      vertex 42.58681323379278 31.280474424362183 1.5
    endloop
  endfacet
  facet normal 0 0 1
    outer loop
      vertex 56.06066922843456 18.264603413641453 1.5
      vertex 53.35241127759218 37.69595455378294 1.5
      vertex 52.9340126439929 37.40653973072767 1.5
    endloop
  endfacet
  facet normal 0 0 1
    outer loop
      vertex 56.5611911714077 18.03099486976862 1.5
      vertex 53.719140745699406 38.08544138818979 1.5
      vertex 53.35241127759218 37.69595455378294 1.5
    endloop
  endfacet
  facet normal 0 0 1
    outer loop
      vertex 64.12187322229147 18.462848998606205 1.5
      vertex 54.020107835531235 38.56003246456385 1.5
      vertex 53.719140745699406 38.08544138818979 1.5
    endloop
  endfacet
  facet normal 0 0 1
    outer loop
      vertex 65.07394501566887 18.396773785352707 1.5
      vertex 54.24374657124281 39.10148952156305 1.5
      vertex 54.020107835531235 38.56003246456385 1.5
    endloop
  endfacet
  facet normal 0 0 1
    outer loop
      vertex 65.91782991588116 18.198548145592213 1.5
      vertex 54.38146261870861 39.68900464475155 1.5
      vertex 54.24374657124281 39.10148952156305 1.5
    endloop
  endfacet
  facet normal 0 0 1
    outer loop
      vertex 52.9340126439929 43.19346027076244 1.5
      vertex 43.23512727022171 49.3040941208601 1.5
      vertex 42.52950677275658 49.353453889489174 1.5
    endloop
  endfacet
  facet normal 0 0 1
    outer loop
      vertex 1.3999999985098839 62 1.5
      vertex 39 57.9167058840394 1.5
      vertex 76.60000000149012 62 1.5
    endloop
  endfacet
  facet normal 0 0 1
    outer loop
      vertex 76.60000000149012 62 1.5
      vertex 43.23512727022171 49.3040941208601 1.5
      vertex 52.9340126439929 43.19346027076244 1.5
    endloop
  endfacet
  facet normal 0 0 1
    outer loop
      vertex 76.60000000149012 62 1.5
      vertex 39 57.9167058840394 1.5
      vertex 43.23512727022171 49.3040941208601 1.5
    endloop
  endfacet
  facet normal 1 0 0
    outer loop
      vertex 78 60.600000001490116 0
      vertex 78 60.600000001490116 1.5
      vertex 78 18.277777776122093 0.901
    endloop
  endfacet
  facet normal 0 0 1
    outer loop
      vertex 70.04594729095697 18.277777776122093 1.5
      vertex 54.42796364426613 40.29999999701977 1.5
      vertex 54.38146261870861 39.68900464475155 1.5
    endloop
  endfacet
  facet normal 0 0 1
    outer loop
      vertex 70.04594729095697 18.277777776122093 1.5
      vertex 54.38146261870861 40.91099534928799 1.5
      vertex 54.42796364426613 40.29999999701977 1.5
    endloop
  endfacet
  facet normal 0 0 1
    outer loop
      vertex 70.04594729095697 18.277777776122093 1.5
      vertex 54.24374657124281 41.49851047992706 1.5
      vertex 54.38146261870861 40.91099534928799 1.5
    endloop
  endfacet
  facet normal 0 0 1
    outer loop
      vertex 70.04594729095697 18.277777776122093 1.5
      vertex 54.020107835531235 42.03996753692627 1.5
      vertex 54.24374657124281 41.49851047992706 1.5
    endloop
  endfacet
  facet normal 0 0 1
    outer loop
      vertex 76.60000000149012 62 1.5
      vertex 54.020107835531235 42.03996753692627 1.5
      vertex 70.04594729095697 18.277777776122093 1.5
    endloop
  endfacet
  facet normal 1 0 0
    outer loop
      vertex 78 60.600000001490116 1.5
      vertex 78 18.277777776122093 1.5
      vertex 78 18.277777776122093 0.901
    endloop
  endfacet
  facet normal 0 0 1
    outer loop
      vertex 76.60000000149012 62 1.5
      vertex 70.04594729095697 18.277777776122093 1.5
      vertex 72.1083547025919 18.277777776122093 1.5
    endloop
  endfacet
  facet normal 0 0 1
    outer loop
      vertex 76.60000000149012 62 1.5
      vertex 72.1083547025919 18.277777776122093 1.5
      vertex 76.00322649627924 18.277777776122093 1.5
    endloop
  endfacet
  facet normal 0 0 1
    outer loop
      vertex 76.60000000149012 62 1.5
      vertex 76.00322649627924 18.277777776122093 1.5
      vertex 78 18.277777776122093 1.5
    endloop
  endfacet
  facet normal 0.09801713107425283 0.9951847275837651 0
    outer loop
      vertex 76.60000000149012 62 0
      vertex 76.60000000149012 62 1.5
      vertex 76.87312644720078 61.973099395632744 1.5
    endloop
  endfacet
  facet normal 0.9951847275837651 0.09801713107425283 0
    outer loop
      vertex 77.97309939563274 60.873126447200775 0
      vertex 77.97309939563274 60.873126447200775 1.5
      vertex 78 60.600000001490116 1.5
    endloop
  endfacet
  facet normal 0.2902846915285437 0.9569403314022136 0
    outer loop
      vertex 76.87312644720078 61.973099395632744 0
      vertex 76.87312644720078 61.973099395632744 1.5
      vertex 77.13575680553913 61.89343134313822 1.5
    endloop
  endfacet
  facet normal 0.47139672966959456 0.8819212681735322 0
    outer loop
      vertex 77.13575680553913 61.89343134313822 0
      vertex 77.13575680553913 61.89343134313822 1.5
      vertex 77.3777983263135 61.76405745744705 1.5
    endloop
  endfacet
  facet normal 0.9569403314022136 0.2902846915285437 0
    outer loop
      vertex 77.89343134313822 61.13575680553913 0
      vertex 77.89343134313822 61.13575680553913 1.5
      vertex 77.97309939563274 60.873126447200775 1.5
    endloop
  endfacet
  facet normal 0.8819212681735322 0.47139672966959456 0
    outer loop
      vertex 77.76405745744705 61.377798326313496 0
      vertex 77.76405745744705 61.377798326313496 1.5
      vertex 77.89343134313822 61.13575680553913 1.5
    endloop
  endfacet
  facet normal 0.6343932751742409 0.7730104607401506 0
    outer loop
      vertex 77.3777983263135 61.76405745744705 0
      vertex 77.3777983263135 61.76405745744705 1.5
      vertex 77.58994949609041 61.58994949609041 1.5
    endloop
  endfacet
  facet normal 0.7730104607401506 0.6343932751742409 0
    outer loop
      vertex 77.58994949609041 61.58994949609041 0
      vertex 77.58994949609041 61.58994949609041 1.5
      vertex 77.76405745744705 61.377798326313496 1.5
    endloop
  endfacet
  facet normal 0 0 1
    outer loop
      vertex 76.60000000149012 62 1.5
      vertex 53.719140745699406 42.51455861330032 1.5
      vertex 54.020107835531235 42.03996753692627 1.5
    endloop
  endfacet
  facet normal 0 0 1
    outer loop
      vertex 76.60000000149012 62 1.5
      vertex 53.35241127759218 42.904045447707176 1.5
      vertex 53.719140745699406 42.51455861330032 1.5
    endloop
  endfacet
  facet normal 0 0 1
    outer loop
      vertex 76.60000000149012 62 1.5
      vertex 52.9340126439929 43.19346027076244 1.5
      vertex 53.35241127759218 42.904045447707176 1.5
    endloop
  endfacet
  facet normal 0 0 1
    outer loop
      vertex 76.60000000149012 62 1.5
      vertex 78 18.277777776122093 1.5
      vertex 76.87312644720078 61.973099395632744 1.5
    endloop
  endfacet
  facet normal 0 0 1
    outer loop
      vertex 76.87312644720078 61.973099395632744 1.5
      vertex 78 18.277777776122093 1.5
      vertex 77.13575680553913 61.89343134313822 1.5
    endloop
  endfacet
  facet normal 0 0 1
    outer loop
      vertex 78 60.600000001490116 1.5
      vertex 77.97309939563274 60.873126447200775 1.5
      vertex 78 18.277777776122093 1.5
    endloop
  endfacet
  facet normal 0 0 1
    outer loop
      vertex 77.97309939563274 60.873126447200775 1.5
      vertex 77.89343134313822 61.13575680553913 1.5
      vertex 78 18.277777776122093 1.5
    endloop
  endfacet
  facet normal 0 0 1
    outer loop
      vertex 77.89343134313822 61.13575680553913 1.5
      vertex 77.76405745744705 61.377798326313496 1.5
      vertex 78 18.277777776122093 1.5
    endloop
  endfacet
  facet normal 0 0 1
    outer loop
      vertex 77.3777983263135 61.76405745744705 1.5
      vertex 78 18.277777776122093 1.5
      vertex 77.58994949609041 61.58994949609041 1.5
    endloop
  endfacet
  facet normal 0 0 1
    outer loop
      vertex 77.13575680553913 61.89343134313822 1.5
      vertex 78 18.277777776122093 1.5
      vertex 77.3777983263135 61.76405745744705 1.5
    endloop
  endfacet
  facet normal 0 0 1
    outer loop
      vertex 77.76405745744705 61.377798326313496 1.5
      vertex 77.58994949609041 61.58994949609041 1.5
      vertex 78 18.277777776122093 1.5
    endloop
  endfacet
  facet normal 0 0 1
    outer loop
      vertex 2.212556980550289 8.309458687901497 0.901
      vertex 4.308767803013325 8.309458687901497 0.901
      vertex 2.212556980550289 16.51002848893404 0.901
    endloop
  endfacet
  facet normal 0 0 1
    outer loop
      vertex 4.308767803013325 8.309458687901497 0.901
      vertex 4.308767803013325 16.51002848893404 0.901
      vertex 2.212556980550289 16.51002848893404 0.901
    endloop
  endfacet
  facet normal 0 0 1
    outer loop
      vertex 8.494907408952713 8.309458687901497 0.901
      vertex 10.557314813137054 14.474245011806488 0.901
      vertex 8.494907408952713 18.277777776122093 0.901
    endloop
  endfacet
  facet normal 0 1 0
    outer loop
      vertex 2.212556980550289 8.309458687901497 0.901
      vertex 2.212556980550289 8.309458687901497 1.5
      vertex 4.308767803013325 8.309458687901497 0.901
    endloop
  endfacet
  facet normal -1 0 0
    outer loop
      vertex 4.308767803013325 8.309458687901497 0.901
      vertex 4.308767803013325 8.309458687901497 1.5
      vertex 4.308767803013325 16.51002848893404 0.901
    endloop
  endfacet
  facet normal 1 0 0
    outer loop
      vertex 2.212556980550289 8.309458687901497 0.901
      vertex 2.212556980550289 16.51002848893404 0.901
      vertex 2.212556980550289 16.51002848893404 1.5
    endloop
  endfacet
  facet normal 0 1 0
    outer loop
      vertex 8.494907408952713 8.309458687901497 0.901
      vertex 8.494907408952713 8.309458687901497 1.5
      vertex 10.557314813137054 8.309458687901497 0.901
    endloop
  endfacet
  facet normal 1 0 0
    outer loop
      vertex 8.494907408952713 8.309458687901497 0.901
      vertex 8.494907408952713 18.277777776122093 0.901
      vertex 8.494907408952713 18.277777776122093 1.5
    endloop
  endfacet
  facet normal 0 0 1
    outer loop
      vertex 8.494907408952713 8.309458687901497 0.901
      vertex 10.557314813137054 8.309458687901497 0.901
      vertex 10.557314813137054 12.757549852132797 0.901
    endloop
  endfacet
  facet normal 0 0 1
    outer loop
      vertex 8.494907408952713 8.309458687901497 0.901
      vertex 10.557314813137054 12.757549852132797 0.901
      vertex 10.557314813137054 14.474245011806488 0.901
    endloop
  endfacet
  facet normal 0 0 1
    outer loop
      vertex 10.557314813137054 12.757549852132797 0.901
      vertex 14.452186606824398 14.474245011806488 0.901
      vertex 10.557314813137054 14.474245011806488 0.901
    endloop
  endfacet
  facet normal 0 0 1
    outer loop
      vertex 10.557314813137054 12.757549852132797 0.901
      vertex 14.452186606824398 12.757549852132797 0.901
      vertex 14.452186606824398 14.474245011806488 0.901
    endloop
  endfacet
  facet normal 0 0 1
    outer loop
      vertex 14.452186606824398 8.309458687901497 0.901
      vertex 16.52137464284897 8.309458687901497 0.901
      vertex 14.452186606824398 12.757549852132797 0.901
    endloop
  endfacet
  facet normal 0 0 1
    outer loop
      vertex 18.82589031010866 10.059390880167484 0.901
      vertex 20.782224789261818 10.859480910003185 0.901
      vertex 18.687685184180737 10.49809344112873 0.901
    endloop
  endfacet
  facet normal 0 0 1
    outer loop
      vertex 18.687685184180737 10.49809344112873 0.901
      vertex 20.71407151222229 11.11545355618 0.901
      vertex 18.588967233896255 10.993059255182743 0.901
    endloop
  endfacet
  facet normal 0 0 1
    outer loop
      vertex 18.588967233896255 10.993059255182743 0.901
      vertex 20.665390595793724 11.415795437991619 0.901
      vertex 18.5297364667058 11.54428831487894 0.901
    endloop
  endfacet
  facet normal 0 0 1
    outer loop
      vertex 16.52137464284897 8.309458687901497 0.901
      vertex 14.452186606824398 14.474245011806488 0.901
      vertex 14.452186606824398 12.757549852132797 0.901
    endloop
  endfacet
  facet normal 0 0 1
    outer loop
      vertex 16.52137464284897 8.309458687901497 0.901
      vertex 16.52137464284897 18.277777776122093 0.901
      vertex 14.452186606824398 14.474245011806488 0.901
    endloop
  endfacet
  facet normal 0 0 1
    outer loop
      vertex 18.5297364667058 11.54428831487894 0.901
      vertex 20.63618205487728 11.760506547987461 0.901
      vertex 18.509992875158787 12.151780620217323 0.901
    endloop
  endfacet
  facet normal -1 0 0
    outer loop
      vertex 10.557314813137054 8.309458687901497 0.901
      vertex 10.557314813137054 8.309458687901497 1.5
      vertex 10.557314813137054 12.757549852132797 0.901
    endloop
  endfacet
  facet normal 1 0 0
    outer loop
      vertex 14.452186606824398 8.309458687901497 0.901
      vertex 14.452186606824398 12.757549852132797 0.901
      vertex 14.452186606824398 12.757549852132797 1.5
    endloop
  endfacet
  facet normal 0 1 0
    outer loop
      vertex 10.557314813137054 12.757549852132797 0.901
      vertex 10.557314813137054 12.757549852132797 1.5
      vertex 14.452186606824398 12.757549852132797 0.901
    endloop
  endfacet
  facet normal 0 -1 0
    outer loop
      vertex 10.557314813137054 14.474245011806488 0.901
      vertex 14.452186606824398 14.474245011806488 0.901
      vertex 14.452186606824398 14.474245011806488 1.5
    endloop
  endfacet
  facet normal 0 1 0
    outer loop
      vertex 14.452186606824398 8.309458687901497 0.901
      vertex 14.452186606824398 8.309458687901497 1.5
      vertex 16.52137464284897 8.309458687901497 0.901
    endloop
  endfacet
  facet normal 0.8006777902653319 0.5990952146160284 0
    outer loop
      vertex 19.440697722136974 9.092756688594818 0.901
      vertex 19.00358261913061 9.676951564848423 0.901
      vertex 19.00358261913061 9.676951564848423 1.5
    endloop
  endfacet
  facet normal 0.9068901008573558 0.42136723290608996 0
    outer loop
      vertex 18.82589031010866 10.059390880167484 0.901
      vertex 18.82589031010866 10.059390880167484 1.5
      vertex 19.00358261913061 9.676951564848423 0.901
    endloop
  endfacet
  facet normal 0.9537900355619163 0.30047390579349553 0
    outer loop
      vertex 18.82589031010866 10.059390880167484 0.901
      vertex 18.687685184180737 10.49809344112873 0.901
      vertex 18.687685184180737 10.49809344112873 1.5
    endloop
  endfacet
  facet normal 0.9806853978124128 0.19559179562934 0
    outer loop
      vertex 18.687685184180737 10.49809344112873 0.901
      vertex 18.588967233896255 10.993059255182743 0.901
      vertex 18.588967233896255 10.993059255182743 1.5
    endloop
  endfacet
  facet normal 0.9942765287785809 0.1068371860356503 0
    outer loop
      vertex 18.588967233896255 10.993059255182743 0.901
      vertex 18.5297364667058 11.54428831487894 0.901
      vertex 18.5297364667058 11.54428831487894 1.5
    endloop
  endfacet
  facet normal -1 0 0
    outer loop
      vertex 16.52137464284897 8.309458687901497 0.901
      vertex 16.52137464284897 8.309458687901497 1.5
      vertex 16.52137464284897 18.277777776122093 0.901
    endloop
  endfacet
  facet normal 0.9994722881121202 0.03248300010656405 0
    outer loop
      vertex 18.5297364667058 11.54428831487894 0.901
      vertex 18.509992875158787 12.151780620217323 0.901
      vertex 18.509992875158787 12.151780620217323 1.5
    endloop
  endfacet
  facet normal 1 0 0
    outer loop
      vertex 2.212556980550289 8.309458687901497 0.901
      vertex 2.212556980550289 16.51002848893404 1.5
      vertex 2.212556980550289 8.309458687901497 1.5
    endloop
  endfacet
  facet normal 0 1 0
    outer loop
      vertex 4.308767803013325 8.309458687901497 0.901
      vertex 2.212556980550289 8.309458687901497 1.5
      vertex 4.308767803013325 8.309458687901497 1.5
    endloop
  endfacet
  facet normal -1 0 0
    outer loop
      vertex 4.308767803013325 16.51002848893404 0.901
      vertex 4.308767803013325 8.309458687901497 1.5
      vertex 4.308767803013325 16.51002848893404 1.5
    endloop
  endfacet
  facet normal 1 0 0
    outer loop
      vertex 8.494907408952713 8.309458687901497 0.901
      vertex 8.494907408952713 18.277777776122093 1.5
      vertex 8.494907408952713 8.309458687901497 1.5
    endloop
  endfacet
  facet normal 0 1 0
    outer loop
      vertex 10.557314813137054 8.309458687901497 0.901
      vertex 8.494907408952713 8.309458687901497 1.5
      vertex 10.557314813137054 8.309458687901497 1.5
    endloop
  endfacet
  facet normal -1 0 0
    outer loop
      vertex 10.557314813137054 12.757549852132797 0.901
      vertex 10.557314813137054 8.309458687901497 1.5
      vertex 10.557314813137054 12.757549852132797 1.5
    endloop
  endfacet
  facet normal 1 0 0
    outer loop
      vertex 14.452186606824398 8.309458687901497 0.901
      vertex 14.452186606824398 12.757549852132797 1.5
      vertex 14.452186606824398 8.309458687901497 1.5
    endloop
  endfacet
  facet normal 0 -1 0
    outer loop
      vertex 10.557314813137054 14.474245011806488 0.901
      vertex 14.452186606824398 14.474245011806488 1.5
      vertex 10.557314813137054 14.474245011806488 1.5
    endloop
  endfacet
  facet normal 0 1 0
    outer loop
      vertex 14.452186606824398 12.757549852132797 0.901
      vertex 10.557314813137054 12.757549852132797 1.5
      vertex 14.452186606824398 12.757549852132797 1.5
    endloop
  endfacet
  facet normal 0 1 0
    outer loop
      vertex 16.52137464284897 8.309458687901497 0.901
      vertex 14.452186606824398 8.309458687901497 1.5
      vertex 16.52137464284897 8.309458687901497 1.5
    endloop
  endfacet
  facet normal 0.8006777902653319 0.5990952146160284 0
    outer loop
      vertex 19.440697722136974 9.092756688594818 0.901
      vertex 19.00358261913061 9.676951564848423 1.5
      vertex 19.440697722136974 9.092756688594818 1.5
    endloop
  endfacet
  facet normal 0.9537900355619163 0.30047390579349553 0
    outer loop
      vertex 18.82589031010866 10.059390880167484 0.901
      vertex 18.687685184180737 10.49809344112873 1.5
      vertex 18.82589031010866 10.059390880167484 1.5
    endloop
  endfacet
  facet normal 0.9068901008573558 0.42136723290608996 0
    outer loop
      vertex 19.00358261913061 9.676951564848423 0.901
      vertex 18.82589031010866 10.059390880167484 1.5
      vertex 19.00358261913061 9.676951564848423 1.5
    endloop
  endfacet
  facet normal 0.9806853978124128 0.19559179562934 0
    outer loop
      vertex 18.687685184180737 10.49809344112873 0.901
      vertex 18.588967233896255 10.993059255182743 1.5
      vertex 18.687685184180737 10.49809344112873 1.5
    endloop
  endfacet
  facet normal 0.9942765287785809 0.1068371860356503 0
    outer loop
      vertex 18.588967233896255 10.993059255182743 0.901
      vertex 18.5297364667058 11.54428831487894 1.5
      vertex 18.588967233896255 10.993059255182743 1.5
    endloop
  endfacet
  facet normal -1 0 0
    outer loop
      vertex 16.52137464284897 18.277777776122093 0.901
      vertex 16.52137464284897 8.309458687901497 1.5
      vertex 16.52137464284897 18.277777776122093 1.5
    endloop
  endfacet
  facet normal 0.9994722881121202 0.03248300010656405 0
    outer loop
      vertex 18.5297364667058 11.54428831487894 0.901
      vertex 18.509992875158787 12.151780620217323 1.5
      vertex 18.5297364667058 11.54428831487894 1.5
    endloop
  endfacet
  facet normal 1 0 0
    outer loop
      vertex 18.509992875158787 12.151780620217323 0.901
      vertex 18.509992875158787 18.277777776122093 1.5
      vertex 18.509992875158787 12.151780620217323 1.5
    endloop
  endfacet
  facet normal 0 0 1
    outer loop
      vertex 2.212556980550289 16.51002848893404 0.901
      vertex 0 18.277777776122093 0.901
      vertex 0 16.51002848893404 0.901
    endloop
  endfacet
  facet normal 0 0 1
    outer loop
      vertex 2.212556980550289 16.51002848893404 0.901
      vertex 4.308767803013325 16.51002848893404 0.901
      vertex 7.290747866034508 18.277777776122093 0.901
    endloop
  endfacet
  facet normal 0 0 1
    outer loop
      vertex 2.212556980550289 16.51002848893404 0.901
      vertex 7.290747866034508 18.277777776122093 0.901
      vertex 0 18.277777776122093 0.901
    endloop
  endfacet
  facet normal 0 0 1
    outer loop
      vertex 4.308767803013325 16.51002848893404 0.901
      vertex 7.290747866034508 16.51002848893404 0.901
      vertex 7.290747866034508 18.277777776122093 0.901
    endloop
  endfacet
  facet normal 0 1 0
    outer loop
      vertex 2.212556980550289 16.51002848893404 0.901
      vertex 0 16.51002848893404 0.901
      vertex 0 16.51002848893404 1.5
    endloop
  endfacet
  facet normal 0 -1 0
    outer loop
      vertex 7.290747866034508 18.277777776122093 0.901
      vertex 7.290747866034508 18.277777776122093 1.5
      vertex 0 18.277777776122093 0.901
    endloop
  endfacet
  facet normal 0 1 0
    outer loop
      vertex 4.308767803013325 16.51002848893404 0.901
      vertex 4.308767803013325 16.51002848893404 1.5
      vertex 7.290747866034508 16.51002848893404 0.901
    endloop
  endfacet
  facet normal -1 0 0
    outer loop
      vertex 7.290747866034508 16.51002848893404 0.901
      vertex 7.290747866034508 18.277777776122093 1.5
      vertex 7.290747866034508 18.277777776122093 0.901
    endloop
  endfacet
  facet normal 0 0 1
    outer loop
      vertex 8.494907408952713 18.277777776122093 0.901
      vertex 10.557314813137054 14.474245011806488 0.901
      vertex 10.557314813137054 18.277777776122093 0.901
    endloop
  endfacet
  facet normal 0 0 1
    outer loop
      vertex 14.452186606824398 14.474245011806488 0.901
      vertex 16.52137464284897 18.277777776122093 0.901
      vertex 14.452186606824398 18.277777776122093 0.901
    endloop
  endfacet
  facet normal 0 0 1
    outer loop
      vertex 18.509992875158787 12.151780620217323 0.901
      vertex 20.62644586712122 18.277777776122093 0.901
      vertex 18.509992875158787 18.277777776122093 0.901
    endloop
  endfacet
  facet normal -1 0 0
    outer loop
      vertex 10.557314813137054 14.474245011806488 0.901
      vertex 10.557314813137054 14.474245011806488 1.5
      vertex 10.557314813137054 18.277777776122093 0.901
    endloop
  endfacet
  facet normal 0 -1 0
    outer loop
      vertex 8.494907408952713 18.277777776122093 0.901
      vertex 10.557314813137054 18.277777776122093 0.901
      vertex 10.557314813137054 18.277777776122093 1.5
    endloop
  endfacet
  facet normal 1 0 0
    outer loop
      vertex 14.452186606824398 14.474245011806488 0.901
      vertex 14.452186606824398 18.277777776122093 0.901
      vertex 14.452186606824398 18.277777776122093 1.5
    endloop
  endfacet
  facet normal 0 -1 0
    outer loop
      vertex 14.452186606824398 18.277777776122093 0.901
      vertex 16.52137464284897 18.277777776122093 0.901
      vertex 16.52137464284897 18.277777776122093 1.5
    endloop
  endfacet
  facet normal 1 0 0
    outer loop
      vertex 18.509992875158787 12.151780620217323 0.901
      vertex 18.509992875158787 18.277777776122093 0.901
      vertex 18.509992875158787 18.277777776122093 1.5
    endloop
  endfacet
  facet normal 0 1 0
    outer loop
      vertex 2.212556980550289 16.51002848893404 0.901
      vertex 0 16.51002848893404 1.5
      vertex 2.212556980550289 16.51002848893404 1.5
    endloop
  endfacet
  facet normal 0 -1 0
    outer loop
      vertex 0 18.277777776122093 0.901
      vertex 7.290747866034508 18.277777776122093 1.5
      vertex 0 18.277777776122093 1.5
    endloop
  endfacet
  facet normal 0 1 0
    outer loop
      vertex 7.290747866034508 16.51002848893404 0.901
      vertex 4.308767803013325 16.51002848893404 1.5
      vertex 7.290747866034508 16.51002848893404 1.5
    endloop
  endfacet
  facet normal -1 0 0
    outer loop
      vertex 7.290747866034508 16.51002848893404 0.901
      vertex 7.290747866034508 16.51002848893404 1.5
      vertex 7.290747866034508 18.277777776122093 1.5
    endloop
  endfacet
  facet normal 0 -1 0
    outer loop
      vertex 8.494907408952713 18.277777776122093 0.901
      vertex 10.557314813137054 18.277777776122093 1.5
      vertex 8.494907408952713 18.277777776122093 1.5
    endloop
  endfacet
  facet normal -1 0 0
    outer loop
      vertex 10.557314813137054 18.277777776122093 0.901
      vertex 10.557314813137054 14.474245011806488 1.5
      vertex 10.557314813137054 18.277777776122093 1.5
    endloop
  endfacet
  facet normal 1 0 0
    outer loop
      vertex 14.452186606824398 14.474245011806488 0.901
      vertex 14.452186606824398 18.277777776122093 1.5
      vertex 14.452186606824398 14.474245011806488 1.5
    endloop
  endfacet
  facet normal 0 -1 0
    outer loop
      vertex 14.452186606824398 18.277777776122093 0.901
      vertex 16.52137464284897 18.277777776122093 1.5
      vertex 14.452186606824398 18.277777776122093 1.5
    endloop
  endfacet
  facet normal 0 -1 0
    outer loop
      vertex 18.509992875158787 18.277777776122093 0.901
      vertex 20.62644586712122 18.277777776122093 1.5
      vertex 18.509992875158787 18.277777776122093 1.5
    endloop
  endfacet
  facet normal 0 0 1
    outer loop
      vertex 20.01088062673807 8.638382904231548 0.901
      vertex 20.714131340384483 8.313830196857452 0.901
      vertex 21.31561680883169 10.111107118427753 0.901
    endloop
  endfacet
  facet normal 0 0 1
    outer loop
      vertex 20.01088062673807 8.638382904231548 0.901
      vertex 21.057035610079765 10.345944158732891 0.901
      vertex 19.440697722136974 9.092756688594818 0.901
    endloop
  endfacet
  facet normal 0 0 1
    outer loop
      vertex 20.714131340384483 8.313830196857452 0.901
      vertex 21.55044985562563 8.119098573923111 0.901
      vertex 21.645594015717506 9.943366378545761 0.901
    endloop
  endfacet
  facet normal 0 0 1
    outer loop
      vertex 20.714131340384483 8.313830196857452 0.901
      vertex 21.645594015717506 9.943366378545761 0.901
      vertex 21.31561680883169 10.111107118427753 0.901
    endloop
  endfacet
  facet normal 0 0 1
    outer loop
      vertex 21.55044985562563 8.119098573923111 0.901
      vertex 22.04696723818779 9.842721931636333 0.901
      vertex 21.645594015717506 9.943366378545761 0.901
    endloop
  endfacet
  facet normal 0 0 1
    outer loop
      vertex 19.440697722136974 9.092756688594818 0.901
      vertex 20.869850426912308 10.647877492010593 0.901
      vertex 19.00358261913061 9.676951564848423 0.901
    endloop
  endfacet
  facet normal 0 0 1
    outer loop
      vertex 18.82589031010866 10.059390880167484 0.901
      vertex 19.00358261913061 9.676951564848423 0.901
      vertex 20.869850426912308 10.647877492010593 0.901
    endloop
  endfacet
  facet normal 0 0 1
    outer loop
      vertex 19.440697722136974 9.092756688594818 0.901
      vertex 21.057035610079765 10.345944158732891 0.901
      vertex 20.869850426912308 10.647877492010593 0.901
    endloop
  endfacet
  facet normal 0 0 1
    outer loop
      vertex 18.82589031010866 10.059390880167484 0.901
      vertex 20.869850426912308 10.647877492010593 0.901
      vertex 20.782224789261818 10.859480910003185 0.901
    endloop
  endfacet
  facet normal 0 0 1
    outer loop
      vertex 18.687685184180737 10.49809344112873 0.901
      vertex 20.782224789261818 10.859480910003185 0.901
      vertex 20.71407151222229 11.11545355618 0.901
    endloop
  endfacet
  facet normal 0 0 1
    outer loop
      vertex 18.588967233896255 10.993059255182743 0.901
      vertex 20.71407151222229 11.11545355618 0.901
      vertex 20.665390595793724 11.415795437991619 0.901
    endloop
  endfacet
  facet normal 0 0 1
    outer loop
      vertex 18.5297364667058 11.54428831487894 0.901
      vertex 20.665390595793724 11.415795437991619 0.901
      vertex 20.63618205487728 11.760506547987461 0.901
    endloop
  endfacet
  facet normal 0 0 1
    outer loop
      vertex 20.01088062673807 8.638382904231548 0.901
      vertex 21.31561680883169 10.111107118427753 0.901
      vertex 21.057035610079765 10.345944158732891 0.901
    endloop
  endfacet
  facet normal 0 0 1
    outer loop
      vertex 21.55044985562563 8.119098573923111 0.901
      vertex 22.51983617991209 8.054188027977943 0.901
      vertex 22.04696723818779 9.842721931636333 0.901
    endloop
  endfacet
  facet normal 0 0 1
    outer loop
      vertex 22.51983617991209 8.054188027977943 0.901
      vertex 23.48895128071308 8.119098573923111 0.901
      vertex 22.99010057002306 9.842721931636333 0.901
    endloop
  endfacet
  facet normal 0 0 1
    outer loop
      vertex 22.51983617991209 8.054188027977943 0.901
      vertex 22.51973646879196 9.809173785150051 0.901
      vertex 22.04696723818779 9.842721931636333 0.901
    endloop
  endfacet
  facet normal 0 0 1
    outer loop
      vertex 22.51983617991209 8.054188027977943 0.901
      vertex 22.99010057002306 9.842721931636333 0.901
      vertex 22.51973646879196 9.809173785150051 0.901
    endloop
  endfacet
  facet normal 0 0 1
    outer loop
      vertex 23.48895128071308 8.119098573923111 0.901
      vertex 24.324456125497818 8.313830196857452 0.901
      vertex 23.38960313051939 9.943366378545761 0.901
    endloop
  endfacet
  facet normal 0 0 1
    outer loop
      vertex 23.48895128071308 8.119098573923111 0.901
      vertex 23.38960313051939 9.943366378545761 0.901
      vertex 22.99010057002306 9.842721931636333 0.901
    endloop
  endfacet
  facet normal 0 0 1
    outer loop
      vertex 23.718244157731533 10.111107118427753 0.901
      vertex 24.324456125497818 8.313830196857452 0.901
      vertex 25.0263507142663 8.638382904231548 0.901
    endloop
  endfacet
  facet normal 0 0 1
    outer loop
      vertex 23.38960313051939 9.943366378545761 0.901
      vertex 24.324456125497818 8.313830196857452 0.901
      vertex 23.718244157731533 10.111107118427753 0.901
    endloop
  endfacet
  facet normal 0 0 1
    outer loop
      vertex 23.718244157731533 10.111107118427753 0.901
      vertex 25.0263507142663 8.638382904231548 0.901
      vertex 23.976023644208908 10.345944158732891 0.901
    endloop
  endfacet
  facet normal 0 0 1
    outer loop
      vertex 18.509992875158787 12.151780620217323 0.901
      vertex 20.63618205487728 11.760506547987461 0.901
      vertex 20.62644586712122 12.149586893618107 0.901
    endloop
  endfacet
  facet normal 0 0 1
    outer loop
      vertex 18.509992875158787 12.151780620217323 0.901
      vertex 20.62644586712122 12.149586893618107 0.901
      vertex 20.62644586712122 18.277777776122093 0.901
    endloop
  endfacet
  facet normal 0 0 1
    outer loop
      vertex 25.0263507142663 8.638382904231548 0.901
      vertex 25.594635039567947 9.092756688594818 0.901
      vertex 23.976023644208908 10.345944158732891 0.901
    endloop
  endfacet
  facet normal 0 0 1
    outer loop
      vertex 25.594635039567947 9.092756688594818 0.901
      vertex 24.162941597402096 10.647877492010593 0.901
      vertex 23.976023644208908 10.345944158732891 0.901
    endloop
  endfacet
  facet normal 0 0 1
    outer loop
      vertex 24.162941597402096 10.647877492010593 0.901
      vertex 26.20700142532587 10.059390880167484 0.901
      vertex 24.250567235052586 10.859480910003185 0.901
    endloop
  endfacet
  facet normal 0 0 1
    outer loop
      vertex 25.594635039567947 9.092756688594818 0.901
      vertex 26.02930911630392 9.676951564848423 0.901
      vertex 24.162941597402096 10.647877492010593 0.901
    endloop
  endfacet
  facet normal 0 0 1
    outer loop
      vertex 24.162941597402096 10.647877492010593 0.901
      vertex 26.02930911630392 9.676951564848423 0.901
      vertex 26.20700142532587 10.059390880167484 0.901
    endloop
  endfacet
  facet normal 0 0 1
    outer loop
      vertex 24.250567235052586 10.859480910003185 0.901
      vertex 26.345206551253796 10.49809344112873 0.901
      vertex 24.318720512092113 11.11545355618 0.901
    endloop
  endfacet
  facet normal 0 0 1
    outer loop
      vertex 24.318720512092113 11.11545355618 0.901
      vertex 26.443924501538277 10.993059255182743 0.901
      vertex 24.3674014210701 11.415795437991619 0.901
    endloop
  endfacet
  facet normal 0 0 1
    outer loop
      vertex 24.3674014210701 11.415795437991619 0.901
      vertex 26.503155268728733 11.54428831487894 0.901
      vertex 24.396609969437122 11.760506547987461 0.901
    endloop
  endfacet
  facet normal 0 0 1
    outer loop
      vertex 24.250567235052586 10.859480910003185 0.901
      vertex 26.20700142532587 10.059390880167484 0.901
      vertex 26.345206551253796 10.49809344112873 0.901
    endloop
  endfacet
  facet normal 0 0 1
    outer loop
      vertex 24.318720512092113 11.11545355618 0.901
      vertex 26.345206551253796 10.49809344112873 0.901
      vertex 26.443924501538277 10.993059255182743 0.901
    endloop
  endfacet
  facet normal 0 0 1
    outer loop
      vertex 26.443924501538277 10.993059255182743 0.901
      vertex 26.503155268728733 11.54428831487894 0.901
      vertex 24.3674014210701 11.415795437991619 0.901
    endloop
  endfacet
  facet normal 0 0 1
    outer loop
      vertex 24.396609969437122 11.760506547987461 0.901
      vertex 26.522898860275745 12.151780620217323 0.901
      vertex 24.406346157193184 12.149586893618107 0.901
    endloop
  endfacet
  facet normal 0 0 1
    outer loop
      vertex 24.396609969437122 11.760506547987461 0.901
      vertex 26.503155268728733 11.54428831487894 0.901
      vertex 26.522898860275745 12.151780620217323 0.901
    endloop
  endfacet
  facet normal 0 0 1
    outer loop
      vertex 24.406346157193184 12.149586893618107 0.901
      vertex 26.522898860275745 12.151780620217323 0.901
      vertex 24.406346157193184 18.277777776122093 0.901
    endloop
  endfacet
  facet normal 0 0 1
    outer loop
      vertex 28.47771367430687 8.309458687901497 0.901
      vertex 30.418368943035603 15.390028484165668 0.901
      vertex 28.47771367430687 18.277777776122093 0.901
    endloop
  endfacet
  facet normal 0.4190320521096057 0.9079714418993654 0
    outer loop
      vertex 20.01088062673807 8.638382904231548 0.901
      vertex 20.01088062673807 8.638382904231548 1.5
      vertex 20.714131340384483 8.313830196857452 0.901
    endloop
  endfacet
  facet normal 0.623211491763016 0.782053346348263 0
    outer loop
      vertex 20.01088062673807 8.638382904231548 0.901
      vertex 19.440697722136974 9.092756688594818 0.901
      vertex 19.440697722136974 9.092756688594818 1.5
    endloop
  endfacet
  facet normal 0.2267774756867015 0.9739465983929341 0
    outer loop
      vertex 20.714131340384483 8.313830196857452 0.901
      vertex 20.714131340384483 8.313830196857452 1.5
      vertex 21.55044985562563 8.119098573923111 0.901
    endloop
  endfacet
  facet normal 0.06681083906112663 0.9977656597538063 0
    outer loop
      vertex 21.55044985562563 8.119098573923111 0.901
      vertex 21.55044985562563 8.119098573923111 1.5
      vertex 22.51983617991209 8.054188027977943 0.901
    endloop
  endfacet
  facet normal -0.9871175087573155 -0.15999694967327116 0
    outer loop
      vertex 20.71407151222229 11.11545355618 0.901
      vertex 20.71407151222229 11.11545355618 1.5
      vertex 20.665390595793724 11.415795437991619 0.901
    endloop
  endfacet
  facet normal -0.9964293421636832 -0.08443083604495155 0
    outer loop
      vertex 20.665390595793724 11.415795437991619 0.901
      vertex 20.665390595793724 11.415795437991619 1.5
      vertex 20.63618205487728 11.760506547987461 0.901
    endloop
  endfacet
  facet normal -0.8499196892938924 -0.5269122524202424 0
    outer loop
      vertex 21.057035610079765 10.345944158732891 0.901
      vertex 21.057035610079765 10.345944158732891 1.5
      vertex 20.869850426912308 10.647877492010593 0.901
    endloop
  endfacet
  facet normal -0.6723015763004256 -0.7402773740321684 0
    outer loop
      vertex 21.057035610079765 10.345944158732891 0.901
      vertex 21.31561680883169 10.111107118427753 0.901
      vertex 21.31561680883169 10.111107118427753 1.5
    endloop
  endfacet
  facet normal -0.4531516244949044 -0.8914334552941287 0
    outer loop
      vertex 21.31561680883169 10.111107118427753 0.901
      vertex 21.645594015717506 9.943366378545761 0.901
      vertex 21.645594015717506 9.943366378545761 1.5
    endloop
  endfacet
  facet normal -0.243220503337165 -0.9699710236684476 0
    outer loop
      vertex 21.645594015717506 9.943366378545761 0.901
      vertex 22.04696723818779 9.842721931636333 0.901
      vertex 22.04696723818779 9.842721931636333 1.5
    endloop
  endfacet
  facet normal -0.9239156016181038 -0.38259634222853894 0
    outer loop
      vertex 20.869850426912308 10.647877492010593 0.901
      vertex 20.869850426912308 10.647877492010593 1.5
      vertex 20.782224789261818 10.859480910003185 0.901
    endloop
  endfacet
  facet normal -0.9663345830983806 -0.25728869681367483 0
    outer loop
      vertex 20.71407151222229 11.11545355618 0.901
      vertex 20.782224789261818 10.859480910003185 0.901
      vertex 20.782224789261818 10.859480910003185 1.5
    endloop
  endfacet
  facet normal -0.06682945372289409 0.9977644131332303 0
    outer loop
      vertex 22.51983617991209 8.054188027977943 0.901
      vertex 22.51983617991209 8.054188027977943 1.5
      vertex 23.48895128071308 8.119098573923111 0.901
    endloop
  endfacet
  facet normal -0.22698695307276062 0.9738977991220352 0
    outer loop
      vertex 23.48895128071308 8.119098573923111 0.901
      vertex 23.48895128071308 8.119098573923111 1.5
      vertex 24.324456125497818 8.313830196857452 0.901
    endloop
  endfacet
  facet normal -0.07078294630655389 -0.9974917415759207 0
    outer loop
      vertex 22.04696723818779 9.842721931636333 0.901
      vertex 22.51973646879196 9.809173785150051 0.901
      vertex 22.51973646879196 9.809173785150051 1.5
    endloop
  endfacet
  facet normal 0.07114305599844346 -0.9974661225240696 0
    outer loop
      vertex 22.51973646879196 9.809173785150051 0.901
      vertex 22.99010057002306 9.842721931636333 0.901
      vertex 22.99010057002306 9.842721931636333 1.5
    endloop
  endfacet
  facet normal 0.24429156080008355 -0.969701827017903 0
    outer loop
      vertex 22.99010057002306 9.842721931636333 0.901
      vertex 23.38960313051939 9.943366378545761 0.901
      vertex 23.38960313051939 9.943366378545761 1.5
    endloop
  endfacet
  facet normal 0.45461386994115566 -0.8906886264330122 0
    outer loop
      vertex 23.38960313051939 9.943366378545761 0.901
      vertex 23.718244157731533 10.111107118427753 0.901
      vertex 23.718244157731533 10.111107118427753 1.5
    endloop
  endfacet
  facet normal 0.6734450014687056 -0.7392373299535239 0
    outer loop
      vertex 23.718244157731533 10.111107118427753 0.901
      vertex 23.976023644208908 10.345944158732891 0.901
      vertex 23.976023644208908 10.345944158732891 1.5
    endloop
  endfacet
  facet normal 0.8502565234982581 -0.5263685441291642 0
    outer loop
      vertex 23.976023644208908 10.345944158732891 0.901
      vertex 24.162941597402096 10.647877492010593 0.901
      vertex 24.162941597402096 10.647877492010593 1.5
    endloop
  endfacet
  facet normal 0.9239156016181038 -0.38259634222853894 0
    outer loop
      vertex 24.162941597402096 10.647877492010593 0.901
      vertex 24.250567235052586 10.859480910003185 0.901
      vertex 24.250567235052586 10.859480910003185 1.5
    endloop
  endfacet
  facet normal 0.9663345830983806 -0.25728869681367483 0
    outer loop
      vertex 24.250567235052586 10.859480910003185 0.901
      vertex 24.318720512092113 11.11545355618 0.901
      vertex 24.318720512092113 11.11545355618 1.5
    endloop
  endfacet
  facet normal 0.9871175126247556 -0.1599969258127026 0
    outer loop
      vertex 24.318720512092113 11.11545355618 0.901
      vertex 24.3674014210701 11.415795437991619 0.901
      vertex 24.3674014210701 11.415795437991619 1.5
    endloop
  endfacet
  facet normal -0.9996870568875029 -0.025015760863955315 0
    outer loop
      vertex 20.63618205487728 11.760506547987461 0.901
      vertex 20.63618205487728 11.760506547987461 1.5
      vertex 20.62644586712122 12.149586893618107 0.901
    endloop
  endfacet
  facet normal -1 0 0
    outer loop
      vertex 20.62644586712122 12.149586893618107 0.901
      vertex 20.62644586712122 12.149586893618107 1.5
      vertex 20.62644586712122 18.277777776122093 0.901
    endloop
  endfacet
  facet normal -0.4196991634668116 0.9076632702634047 0
    outer loop
      vertex 24.324456125497818 8.313830196857452 0.901
      vertex 24.324456125497818 8.313830196857452 1.5
      vertex 25.0263507142663 8.638382904231548 0.901
    endloop
  endfacet
  facet normal -0.6244824346712948 0.7810388522903403 0
    outer loop
      vertex 25.0263507142663 8.638382904231548 0.901
      vertex 25.0263507142663 8.638382904231548 1.5
      vertex 25.594635039567947 9.092756688594818 0.901
    endloop
  endfacet
  facet normal -0.8022829425381482 0.5969439505618013 0
    outer loop
      vertex 25.594635039567947 9.092756688594818 0.901
      vertex 25.594635039567947 9.092756688594818 1.5
      vertex 26.02930911630392 9.676951564848423 0.901
    endloop
  endfacet
  facet normal -0.9068901008573558 0.42136723290608996 0
    outer loop
      vertex 26.02930911630392 9.676951564848423 0.901
      vertex 26.02930911630392 9.676951564848423 1.5
      vertex 26.20700142532587 10.059390880167484 0.901
    endloop
  endfacet
  facet normal -0.9537900355619163 0.30047390579349553 0
    outer loop
      vertex 26.20700142532587 10.059390880167484 0.901
      vertex 26.20700142532587 10.059390880167484 1.5
      vertex 26.345206551253796 10.49809344112873 0.901
    endloop
  endfacet
  facet normal -0.9806853978124128 0.19559179562934 0
    outer loop
      vertex 26.345206551253796 10.49809344112873 0.901
      vertex 26.345206551253796 10.49809344112873 1.5
      vertex 26.443924501538277 10.993059255182743 0.901
    endloop
  endfacet
  facet normal -0.9942765287785809 0.1068371860356503 0
    outer loop
      vertex 26.443924501538277 10.993059255182743 0.901
      vertex 26.443924501538277 10.993059255182743 1.5
      vertex 26.503155268728733 11.54428831487894 0.901
    endloop
  endfacet
  facet normal 0 1 0
    outer loop
      vertex 28.47771367430687 8.309458687901497 0.901
      vertex 28.47771367430687 8.309458687901497 1.5
      vertex 30.418368943035603 8.309458687901497 0.901
    endloop
  endfacet
  facet normal 0.9964293403518051 -0.08443085742823331 0
    outer loop
      vertex 24.3674014210701 11.415795437991619 0.901
      vertex 24.396609969437122 11.760506547987461 0.901
      vertex 24.396609969437122 11.760506547987461 1.5
    endloop
  endfacet
  facet normal 0.9996870568875029 -0.025015760863955315 0
    outer loop
      vertex 24.396609969437122 11.760506547987461 0.901
      vertex 24.406346157193184 12.149586893618107 0.901
      vertex 24.406346157193184 12.149586893618107 1.5
    endloop
  endfacet
  facet normal -0.9994722881121202 0.03248300010656405 0
    outer loop
      vertex 26.503155268728733 11.54428831487894 0.901
      vertex 26.503155268728733 11.54428831487894 1.5
      vertex 26.522898860275745 12.151780620217323 0.901
    endloop
  endfacet
  facet normal -1 0 0
    outer loop
      vertex 26.522898860275745 12.151780620217323 0.901
      vertex 26.522898860275745 12.151780620217323 1.5
      vertex 26.522898860275745 18.277777776122093 0.901
    endloop
  endfacet
  facet normal 1 0 0
    outer loop
      vertex 28.47771367430687 8.309458687901497 0.901
      vertex 28.47771367430687 18.277777776122093 0.901
      vertex 28.47771367430687 18.277777776122093 1.5
    endloop
  endfacet
  facet normal 0 0 1
    outer loop
      vertex 28.47771367430687 8.309458687901497 0.901
      vertex 30.418368943035603 8.309458687901497 0.901
      vertex 30.418368943035603 15.390028484165668 0.901
    endloop
  endfacet
  facet normal 0 0 1
    outer loop
      vertex 34.489038459956646 8.309458687901497 0.901
      vertex 34.63103276491165 11.31886039674282 0.901
      vertex 30.418368943035603 15.390028484165668 0.901
    endloop
  endfacet
  facet normal 0 0 1
    outer loop
      vertex 34.63103276491165 11.31886039674282 0.901
      vertex 30.66177350282669 18.277777776122093 0.901
      vertex 30.418368943035603 15.390028484165668 0.901
    endloop
  endfacet
  facet normal 0 0 1
    outer loop
      vertex 34.489038459956646 8.309458687901497 0.901
      vertex 36.571688033640385 8.309458687901497 0.901
      vertex 34.63103276491165 11.31886039674282 0.901
    endloop
  endfacet
  facet normal 0 0 1
    outer loop
      vertex 36.571688033640385 8.309458687901497 0.901
      vertex 36.571688033640385 18.277777776122093 0.901
      vertex 34.63103276491165 11.31886039674282 0.901
    endloop
  endfacet
  facet normal -1 0 0
    outer loop
      vertex 30.418368943035603 8.309458687901497 0.901
      vertex 30.418368943035603 8.309458687901497 1.5
      vertex 30.418368943035603 15.390028484165668 0.901
    endloop
  endfacet
  facet normal 0.8669411215195334 0.4984105655164762 -2.2693673514018515e-17
    outer loop
      vertex 34.489038459956646 8.309458687901497 0.901
      vertex 30.418368943035603 15.390028484165668 0.901
      vertex 30.418368943035603 15.390028484165668 1.5
    endloop
  endfacet
  facet normal -0.8686335092000401 -0.4954551712262409 0
    outer loop
      vertex 34.63103276491165 11.31886039674282 0.901
      vertex 34.63103276491165 11.31886039674282 1.5
      vertex 30.66177350282669 18.277777776122093 0.901
    endloop
  endfacet
  facet normal 0 1 0
    outer loop
      vertex 34.489038459956646 8.309458687901497 0.901
      vertex 34.489038459956646 8.309458687901497 1.5
      vertex 36.571688033640385 8.309458687901497 0.901
    endloop
  endfacet
  facet normal -1 0 0
    outer loop
      vertex 36.571688033640385 8.309458687901497 0.901
      vertex 36.571688033640385 8.309458687901497 1.5
      vertex 36.571688033640385 18.277777776122093 0.901
    endloop
  endfacet
  facet normal 1 0 0
    outer loop
      vertex 38.51304131001234 8.309458687901497 0.901
      vertex 38.51304131001234 18.265014238655567 0.901
      vertex 38.51304131001234 18.265014238655567 1.5
    endloop
  endfacet
  facet normal 0.4190320521096057 0.9079714418993654 0
    outer loop
      vertex 20.714131340384483 8.313830196857452 0.901
      vertex 20.01088062673807 8.638382904231548 1.5
      vertex 20.714131340384483 8.313830196857452 1.5
    endloop
  endfacet
  facet normal 0.623211491763016 0.782053346348263 0
    outer loop
      vertex 20.01088062673807 8.638382904231548 0.901
      vertex 19.440697722136974 9.092756688594818 1.5
      vertex 20.01088062673807 8.638382904231548 1.5
    endloop
  endfacet
  facet normal 0.2267774756867015 0.9739465983929341 0
    outer loop
      vertex 21.55044985562563 8.119098573923111 0.901
      vertex 20.714131340384483 8.313830196857452 1.5
      vertex 21.55044985562563 8.119098573923111 1.5
    endloop
  endfacet
  facet normal -0.9871175087573155 -0.15999694967327116 0
    outer loop
      vertex 20.665390595793724 11.415795437991619 0.901
      vertex 20.71407151222229 11.11545355618 1.5
      vertex 20.665390595793724 11.415795437991619 1.5
    endloop
  endfacet
  facet normal -0.8499196892938924 -0.5269122524202424 0
    outer loop
      vertex 20.869850426912308 10.647877492010593 0.901
      vertex 21.057035610079765 10.345944158732891 1.5
      vertex 20.869850426912308 10.647877492010593 1.5
    endloop
  endfacet
  facet normal -0.6723015763004256 -0.7402773740321684 0
    outer loop
      vertex 21.057035610079765 10.345944158732891 0.901
      vertex 21.31561680883169 10.111107118427753 1.5
      vertex 21.057035610079765 10.345944158732891 1.5
    endloop
  endfacet
  facet normal -0.4531516244949044 -0.8914334552941287 0
    outer loop
      vertex 21.31561680883169 10.111107118427753 0.901
      vertex 21.645594015717506 9.943366378545761 1.5
      vertex 21.31561680883169 10.111107118427753 1.5
    endloop
  endfacet
  facet normal -0.243220503337165 -0.9699710236684476 0
    outer loop
      vertex 21.645594015717506 9.943366378545761 0.901
      vertex 22.04696723818779 9.842721931636333 1.5
      vertex 21.645594015717506 9.943366378545761 1.5
    endloop
  endfacet
  facet normal -0.9239156016181038 -0.38259634222853894 0
    outer loop
      vertex 20.782224789261818 10.859480910003185 0.901
      vertex 20.869850426912308 10.647877492010593 1.5
      vertex 20.782224789261818 10.859480910003185 1.5
    endloop
  endfacet
  facet normal -0.9663345830983806 -0.25728869681367483 0
    outer loop
      vertex 20.71407151222229 11.11545355618 0.901
      vertex 20.782224789261818 10.859480910003185 1.5
      vertex 20.71407151222229 11.11545355618 1.5
    endloop
  endfacet
  facet normal 0.06681083906112663 0.9977656597538063 0
    outer loop
      vertex 22.51983617991209 8.054188027977943 0.901
      vertex 21.55044985562563 8.119098573923111 1.5
      vertex 22.51983617991209 8.054188027977943 1.5
    endloop
  endfacet
  facet normal -0.06682945372289409 0.9977644131332303 0
    outer loop
      vertex 23.48895128071308 8.119098573923111 0.901
      vertex 22.51983617991209 8.054188027977943 1.5
      vertex 23.48895128071308 8.119098573923111 1.5
    endloop
  endfacet
  facet normal -0.22698695307276062 0.9738977991220352 0
    outer loop
      vertex 24.324456125497818 8.313830196857452 0.901
      vertex 23.48895128071308 8.119098573923111 1.5
      vertex 24.324456125497818 8.313830196857452 1.5
    endloop
  endfacet
  facet normal -0.07078294630655389 -0.9974917415759207 0
    outer loop
      vertex 22.04696723818779 9.842721931636333 0.901
      vertex 22.51973646879196 9.809173785150051 1.5
      vertex 22.04696723818779 9.842721931636333 1.5
    endloop
  endfacet
  facet normal 0.07114305599844346 -0.9974661225240696 0
    outer loop
      vertex 22.51973646879196 9.809173785150051 0.901
      vertex 22.99010057002306 9.842721931636333 1.5
      vertex 22.51973646879196 9.809173785150051 1.5
    endloop
  endfacet
  facet normal 0.24429156080008355 -0.969701827017903 0
    outer loop
      vertex 22.99010057002306 9.842721931636333 0.901
      vertex 23.38960313051939 9.943366378545761 1.5
      vertex 22.99010057002306 9.842721931636333 1.5
    endloop
  endfacet
  facet normal 0.45461386994115566 -0.8906886264330122 0
    outer loop
      vertex 23.38960313051939 9.943366378545761 0.901
      vertex 23.718244157731533 10.111107118427753 1.5
      vertex 23.38960313051939 9.943366378545761 1.5
    endloop
  endfacet
  facet normal 0.6734450014687056 -0.7392373299535239 0
    outer loop
      vertex 23.718244157731533 10.111107118427753 0.901
      vertex 23.976023644208908 10.345944158732891 1.5
      vertex 23.718244157731533 10.111107118427753 1.5
    endloop
  endfacet
  facet normal 0.8502565234982581 -0.5263685441291642 0
    outer loop
      vertex 23.976023644208908 10.345944158732891 0.901
      vertex 24.162941597402096 10.647877492010593 1.5
      vertex 23.976023644208908 10.345944158732891 1.5
    endloop
  endfacet
  facet normal 0.9239156016181038 -0.38259634222853894 0
    outer loop
      vertex 24.162941597402096 10.647877492010593 0.901
      vertex 24.250567235052586 10.859480910003185 1.5
      vertex 24.162941597402096 10.647877492010593 1.5
    endloop
  endfacet
  facet normal 0.9663345830983806 -0.25728869681367483 0
    outer loop
      vertex 24.250567235052586 10.859480910003185 0.901
      vertex 24.318720512092113 11.11545355618 1.5
      vertex 24.250567235052586 10.859480910003185 1.5
    endloop
  endfacet
  facet normal 0.9871175126247556 -0.1599969258127026 0
    outer loop
      vertex 24.318720512092113 11.11545355618 0.901
      vertex 24.3674014210701 11.415795437991619 1.5
      vertex 24.318720512092113 11.11545355618 1.5
    endloop
  endfacet
  facet normal -0.9964293421636832 -0.08443083604495155 0
    outer loop
      vertex 20.63618205487728 11.760506547987461 0.901
      vertex 20.665390595793724 11.415795437991619 1.5
      vertex 20.63618205487728 11.760506547987461 1.5
    endloop
  endfacet
  facet normal -0.9996870568875029 -0.025015760863955315 0
    outer loop
      vertex 20.62644586712122 12.149586893618107 0.901
      vertex 20.63618205487728 11.760506547987461 1.5
      vertex 20.62644586712122 12.149586893618107 1.5
    endloop
  endfacet
  facet normal -0.4196991634668116 0.9076632702634047 0
    outer loop
      vertex 25.0263507142663 8.638382904231548 0.901
      vertex 24.324456125497818 8.313830196857452 1.5
      vertex 25.0263507142663 8.638382904231548 1.5
    endloop
  endfacet
  facet normal -0.6244824346712948 0.7810388522903403 0
    outer loop
      vertex 25.594635039567947 9.092756688594818 0.901
      vertex 25.0263507142663 8.638382904231548 1.5
      vertex 25.594635039567947 9.092756688594818 1.5
    endloop
  endfacet
  facet normal -0.8022829425381482 0.5969439505618013 0
    outer loop
      vertex 26.02930911630392 9.676951564848423 0.901
      vertex 25.594635039567947 9.092756688594818 1.5
      vertex 26.02930911630392 9.676951564848423 1.5
    endloop
  endfacet
  facet normal 0.9964293403518051 -0.08443085742823331 0
    outer loop
      vertex 24.3674014210701 11.415795437991619 0.901
      vertex 24.396609969437122 11.760506547987461 1.5
      vertex 24.3674014210701 11.415795437991619 1.5
    endloop
  endfacet
  facet normal -0.9068901008573558 0.42136723290608996 0
    outer loop
      vertex 26.20700142532587 10.059390880167484 0.901
      vertex 26.02930911630392 9.676951564848423 1.5
      vertex 26.20700142532587 10.059390880167484 1.5
    endloop
  endfacet
  facet normal -0.9537900355619163 0.30047390579349553 0
    outer loop
      vertex 26.345206551253796 10.49809344112873 0.901
      vertex 26.20700142532587 10.059390880167484 1.5
      vertex 26.345206551253796 10.49809344112873 1.5
    endloop
  endfacet
  facet normal -0.9806853978124128 0.19559179562934 0
    outer loop
      vertex 26.443924501538277 10.993059255182743 0.901
      vertex 26.345206551253796 10.49809344112873 1.5
      vertex 26.443924501538277 10.993059255182743 1.5
    endloop
  endfacet
  facet normal -0.9942765287785809 0.1068371860356503 0
    outer loop
      vertex 26.503155268728733 11.54428831487894 0.901
      vertex 26.443924501538277 10.993059255182743 1.5
      vertex 26.503155268728733 11.54428831487894 1.5
    endloop
  endfacet
  facet normal 0.9996870568875029 -0.025015760863955315 0
    outer loop
      vertex 24.396609969437122 11.760506547987461 0.901
      vertex 24.406346157193184 12.149586893618107 1.5
      vertex 24.396609969437122 11.760506547987461 1.5
    endloop
  endfacet
  facet normal -0.9994722881121202 0.03248300010656405 0
    outer loop
      vertex 26.522898860275745 12.151780620217323 0.901
      vertex 26.503155268728733 11.54428831487894 1.5
      vertex 26.522898860275745 12.151780620217323 1.5
    endloop
  endfacet
  facet normal 1 0 0
    outer loop
      vertex 24.406346157193184 12.149586893618107 0.901
      vertex 24.406346157193184 18.277777776122093 1.5
      vertex 24.406346157193184 12.149586893618107 1.5
    endloop
  endfacet
  facet normal 1 0 0
    outer loop
      vertex 28.47771367430687 8.309458687901497 0.901
      vertex 28.47771367430687 18.277777776122093 1.5
      vertex 28.47771367430687 8.309458687901497 1.5
    endloop
  endfacet
  facet normal 0 1 0
    outer loop
      vertex 30.418368943035603 8.309458687901497 0.901
      vertex 28.47771367430687 8.309458687901497 1.5
      vertex 30.418368943035603 8.309458687901497 1.5
    endloop
  endfacet
  facet normal 0.8669411215195334 0.4984105655164762 0
    outer loop
      vertex 34.489038459956646 8.309458687901497 0.901
      vertex 30.418368943035603 15.390028484165668 1.5
      vertex 34.489038459956646 8.309458687901497 1.5
    endloop
  endfacet
  facet normal -1 0 0
    outer loop
      vertex 30.418368943035603 15.390028484165668 0.901
      vertex 30.418368943035603 8.309458687901497 1.5
      vertex 30.418368943035603 15.390028484165668 1.5
    endloop
  endfacet
  facet normal 0 1 0
    outer loop
      vertex 36.571688033640385 8.309458687901497 0.901
      vertex 34.489038459956646 8.309458687901497 1.5
      vertex 36.571688033640385 8.309458687901497 1.5
    endloop
  endfacet
  facet normal 1 0 0
    outer loop
      vertex 34.63103276491165 11.31886039674282 0.901
      vertex 34.63103276491165 18.277777776122093 1.5
      vertex 34.63103276491165 11.31886039674282 1.5
    endloop
  endfacet
  facet normal 1 0 0
    outer loop
      vertex 38.51304131001234 8.309458687901497 0.901
      vertex 38.51304131001234 18.265014238655567 1.5
      vertex 38.51304131001234 8.309458687901497 1.5
    endloop
  endfacet
  facet normal -1 0 0
    outer loop
      vertex 36.571688033640385 18.277777776122093 0.901
      vertex 36.571688033640385 8.309458687901497 1.5
      vertex 36.571688033640385 18.277777776122093 1.5
    endloop
  endfacet
  facet normal 0 0 1
    outer loop
      vertex 26.522898860275745 12.151780620217323 0.901
      vertex 26.522898860275745 18.277777776122093 0.901
      vertex 24.406346157193184 18.277777776122093 0.901
    endloop
  endfacet
  facet normal 0 -1 0
    outer loop
      vertex 18.509992875158787 18.277777776122093 0.901
      vertex 20.62644586712122 18.277777776122093 0.901
      vertex 20.62644586712122 18.277777776122093 1.5
    endloop
  endfacet
  facet normal 1 0 0
    outer loop
      vertex 24.406346157193184 12.149586893618107 0.901
      vertex 24.406346157193184 18.277777776122093 0.901
      vertex 24.406346157193184 18.277777776122093 1.5
    endloop
  endfacet
  facet normal 0 -1 0
    outer loop
      vertex 24.406346157193184 18.277777776122093 0.901
      vertex 26.522898860275745 18.277777776122093 0.901
      vertex 26.522898860275745 18.277777776122093 1.5
    endloop
  endfacet
  facet normal 0 0 1
    outer loop
      vertex 28.47771367430687 18.277777776122093 0.901
      vertex 30.418368943035603 15.390028484165668 0.901
      vertex 30.66177350282669 18.277777776122093 0.901
    endloop
  endfacet
  facet normal 0 0 1
    outer loop
      vertex 34.63103276491165 11.31886039674282 0.901
      vertex 36.571688033640385 18.277777776122093 0.901
      vertex 34.63103276491165 18.277777776122093 0.901
    endloop
  endfacet
  facet normal 0 -1 0
    outer loop
      vertex 28.47771367430687 18.277777776122093 0.901
      vertex 30.66177350282669 18.277777776122093 0.901
      vertex 30.66177350282669 18.277777776122093 1.5
    endloop
  endfacet
  facet normal 1 0 0
    outer loop
      vertex 34.63103276491165 11.31886039674282 0.901
      vertex 34.63103276491165 18.277777776122093 0.901
      vertex 34.63103276491165 18.277777776122093 1.5
    endloop
  endfacet
  facet normal 0 -1 0
    outer loop
      vertex 34.63103276491165 18.277777776122093 0.901
      vertex 36.571688033640385 18.277777776122093 0.901
      vertex 36.571688033640385 18.277777776122093 1.5
    endloop
  endfacet
  facet normal 0 0 1
    outer loop
      vertex 34.84515815228224 30.017560057342052 0.901
      vertex 39 24.64070588350296 0.901
      vertex 42.58681323379278 31.280474424362183 0.901
    endloop
  endfacet
  facet normal 0.5368869161885195 0.8436542178082095 0
    outer loop
      vertex 32.445503152906895 31.316043220460415 0.901
      vertex 32.445503152906895 31.316043220460415 1.5
      vertex 34.01449802517891 30.317562088370323 0.901
    endloop
  endfacet
  facet normal 0.7912850023808297 0.6114474997963198 0
    outer loop
      vertex 34.84515815228224 30.017560057342052 0.901
      vertex 34.84515815228224 30.017560057342052 1.5
      vertex 39 24.64070588350296 0.901
    endloop
  endfacet
  facet normal 0.33968596183734934 0.9405389132463551 0
    outer loop
      vertex 34.01449802517891 30.317562088370323 0.901
      vertex 34.01449802517891 30.317562088370323 1.5
      vertex 34.84515815228224 30.017560057342052 0.901
    endloop
  endfacet
  facet normal -1 0 0
    outer loop
      vertex 20.62644586712122 18.277777776122093 0.901
      vertex 20.62644586712122 12.149586893618107 1.5
      vertex 20.62644586712122 18.277777776122093 1.5
    endloop
  endfacet
  facet normal -1 0 0
    outer loop
      vertex 26.522898860275745 18.277777776122093 0.901
      vertex 26.522898860275745 12.151780620217323 1.5
      vertex 26.522898860275745 18.277777776122093 1.5
    endloop
  endfacet
  facet normal 0 -1 0
    outer loop
      vertex 24.406346157193184 18.277777776122093 0.901
      vertex 26.522898860275745 18.277777776122093 1.5
      vertex 24.406346157193184 18.277777776122093 1.5
    endloop
  endfacet
  facet normal 0 -1 0
    outer loop
      vertex 28.47771367430687 18.277777776122093 0.901
      vertex 30.66177350282669 18.277777776122093 1.5
      vertex 28.47771367430687 18.277777776122093 1.5
    endloop
  endfacet
  facet normal -0.8686335092000401 -0.4954551712262409 0
    outer loop
      vertex 30.66177350282669 18.277777776122093 0.901
      vertex 34.63103276491165 11.31886039674282 1.5
      vertex 30.66177350282669 18.277777776122093 1.5
    endloop
  endfacet
  facet normal 0 -1 0
    outer loop
      vertex 34.63103276491165 18.277777776122093 0.901
      vertex 36.571688033640385 18.277777776122093 1.5
      vertex 34.63103276491165 18.277777776122093 1.5
    endloop
  endfacet
  facet normal 0.5368869161885195 0.8436542178082095 0
    outer loop
      vertex 34.01449802517891 30.317562088370323 0.901
      vertex 32.445503152906895 31.316043220460415 1.5
      vertex 34.01449802517891 30.317562088370323 1.5
    endloop
  endfacet
  facet normal 0.7912850023808297 0.6114474997963198 0
    outer loop
      vertex 39 24.64070588350296 0.901
      vertex 34.84515815228224 30.017560057342052 1.5
      vertex 39 24.64070588350296 1.5
    endloop
  endfacet
  facet normal 0.33968596183734934 0.9405389132463551 0
    outer loop
      vertex 34.84515815228224 30.017560057342052 0.901
      vertex 34.01449802517891 30.317562088370323 1.5
      vertex 34.84515815228224 30.017560057342052 1.5
    endloop
  endfacet
  facet normal 0 0 1
    outer loop
      vertex 21.151963643729687 29.33849411457777 0.901
      vertex 28.07398957014084 36.43017756193876 0.901
      vertex 22.96701817959547 40.29999999701977 0.901
    endloop
  endfacet
  facet normal -0.7156149557964604 0.6984949785363026 0
    outer loop
      vertex 21.151963643729687 29.33849411457777 0.901
      vertex 21.151963643729687 29.33849411457777 1.5
      vertex 28.07398957014084 36.43017756193876 0.901
    endloop
  endfacet
  facet normal 0.986566519514871 -0.16336003970467797 -1.3345337029851506e-16
    outer loop
      vertex 21.151963643729687 29.33849411457777 0.901
      vertex 22.96701817959547 40.29999999701977 0.901
      vertex 22.96701817959547 40.29999999701977 1.5
    endloop
  endfacet
  facet normal 0.7384677665997798 0.6742887791541049 0
    outer loop
      vertex 28.07398957014084 36.43017756193876 0.901
      vertex 28.07398957014084 36.43017756193876 1.5
      vertex 29.86422861367464 34.46954308450222 0.901
    endloop
  endfacet
  facet normal 0 0 1
    outer loop
      vertex 22.96701817959547 40.29999999701977 0.901
      vertex 28.07398957014084 44.16982243955135 0.901
      vertex 21.151963643729687 51.261505886912346 0.901
    endloop
  endfacet
  facet normal 0 0 1
    outer loop
      vertex 28.07398957014084 36.43017756193876 0.901
      vertex 28.07398957014084 44.16982243955135 0.901
      vertex 22.96701817959547 40.29999999701977 0.901
    endloop
  endfacet
  facet normal 0 0 1
    outer loop
      vertex 28.07398957014084 36.43017756193876 0.901
      vertex 29.86422861367464 46.130456909537315 0.901
      vertex 28.07398957014084 44.16982243955135 0.901
    endloop
  endfacet
  facet normal 0 0 1
    outer loop
      vertex 31.070267654955387 32.65977279096842 0.901
      vertex 32.445503152906895 31.316043220460415 0.901
      vertex 42.52950677275658 49.353453889489174 0.901
    endloop
  endfacet
  facet normal 0 0 1
    outer loop
      vertex 32.445503152906895 31.316043220460415 0.901
      vertex 34.01449802517891 30.317562088370323 0.901
      vertex 42.52950677275658 49.353453889489174 0.901
    endloop
  endfacet
  facet normal 0 0 1
    outer loop
      vertex 34.01449802517891 30.317562088370323 0.901
      vertex 34.84515815228224 30.017560057342052 0.901
      vertex 42.52950677275658 49.353453889489174 0.901
    endloop
  endfacet
  facet normal 0.6988662856106889 0.7152523434681769 0
    outer loop
      vertex 31.070267654955387 32.65977279096842 0.901
      vertex 31.070267654955387 32.65977279096842 1.5
      vertex 32.445503152906895 31.316043220460415 0.901
    endloop
  endfacet
  facet normal 0.8233473912909979 0.5675377284853478 0
    outer loop
      vertex 31.070267654955387 32.65977279096842 0.901
      vertex 29.94164104759693 34.29711199551821 0.901
      vertex 29.94164104759693 34.29711199551821 1.5
    endloop
  endfacet
  facet normal 0.9122806158391904 0.4095657187364047 0
    outer loop
      vertex 29.94164104759693 34.29711199551821 0.901
      vertex 29.86422861367464 34.46954308450222 0.901
      vertex 29.86422861367464 34.46954308450222 1.5
    endloop
  endfacet
  facet normal 0 0 1
    outer loop
      vertex 28.07398957014084 36.43017756193876 0.901
      vertex 29.86422861367464 34.46954308450222 0.901
      vertex 29.86422861367464 46.130456909537315 0.901
    endloop
  endfacet
  facet normal 0 0 1
    outer loop
      vertex 29.94164104759693 34.29711199551821 0.901
      vertex 42.52950677275658 49.353453889489174 0.901
      vertex 29.86422861367464 34.46954308450222 0.901
    endloop
  endfacet
  facet normal 0 0 1
    outer loop
      vertex 29.86422861367464 34.46954308450222 0.901
      vertex 42.52950677275658 49.353453889489174 0.901
      vertex 29.86422861367464 46.130456909537315 0.901
    endloop
  endfacet
  facet normal 0 0 1
    outer loop
      vertex 31.070267654955387 32.65977279096842 0.901
      vertex 42.52950677275658 49.353453889489174 0.901
      vertex 29.94164104759693 34.29711199551821 0.901
    endloop
  endfacet
  facet normal 0.738467765323879 -0.6742887805514461 0
    outer loop
      vertex 28.07398957014084 44.16982243955135 0.901
      vertex 29.86422861367464 46.130456909537315 0.901
      vertex 29.86422861367464 46.130456909537315 1.5
    endloop
  endfacet
  facet normal 0.912280622451454 -0.4095657040080232 0
    outer loop
      vertex 29.86422861367464 46.130456909537315 0.901
      vertex 29.94164104759693 46.30288800597191 0.901
      vertex 29.94164104759693 46.30288800597191 1.5
    endloop
  endfacet
  facet normal 0.986566519514871 -0.16336003970467797 0
    outer loop
      vertex 21.151963643729687 29.33849411457777 0.901
      vertex 22.96701817959547 40.29999999701977 1.5
      vertex 21.151963643729687 29.33849411457777 1.5
    endloop
  endfacet
  facet normal -0.7156149557964604 0.6984949785363026 0
    outer loop
      vertex 28.07398957014084 36.43017756193876 0.901
      vertex 21.151963643729687 29.33849411457777 1.5
      vertex 28.07398957014084 36.43017756193876 1.5
    endloop
  endfacet
  facet normal 0.9865665195327662 0.16336003959660464 0
    outer loop
      vertex 22.96701817959547 40.29999999701977 0.901
      vertex 21.151963643729687 51.261505886912346 1.5
      vertex 22.96701817959547 40.29999999701977 1.5
    endloop
  endfacet
  facet normal 0.738467765323879 -0.6742887805514461 0
    outer loop
      vertex 28.07398957014084 44.16982243955135 0.901
      vertex 29.86422861367464 46.130456909537315 1.5
      vertex 28.07398957014084 44.16982243955135 1.5
    endloop
  endfacet
  facet normal 0.9122806158391904 0.4095657187364047 0
    outer loop
      vertex 29.94164104759693 34.29711199551821 0.901
      vertex 29.86422861367464 34.46954308450222 1.5
      vertex 29.94164104759693 34.29711199551821 1.5
    endloop
  endfacet
  facet normal 0.8233473912909979 0.5675377284853478 0
    outer loop
      vertex 31.070267654955387 32.65977279096842 0.901
      vertex 29.94164104759693 34.29711199551821 1.5
      vertex 31.070267654955387 32.65977279096842 1.5
    endloop
  endfacet
  facet normal 0.6988662856106889 0.7152523434681769 0
    outer loop
      vertex 32.445503152906895 31.316043220460415 0.901
      vertex 31.070267654955387 32.65977279096842 1.5
      vertex 32.445503152906895 31.316043220460415 1.5
    endloop
  endfacet
  facet normal 0.7384677665997798 0.6742887791541049 0
    outer loop
      vertex 29.86422861367464 34.46954308450222 0.901
      vertex 28.07398957014084 36.43017756193876 1.5
      vertex 29.86422861367464 34.46954308450222 1.5
    endloop
  endfacet
  facet normal 0.912280622451454 -0.4095657040080232 0
    outer loop
      vertex 29.86422861367464 46.130456909537315 0.901
      vertex 29.94164104759693 46.30288800597191 1.5
      vertex 29.86422861367464 46.130456909537315 1.5
    endloop
  endfacet
  facet normal 0.9865665195327662 0.16336003959660464 0
    outer loop
      vertex 22.96701817959547 40.29999999701977 0.901
      vertex 21.151963643729687 51.261505886912346 0.901
      vertex 21.151963643729687 51.261505886912346 1.5
    endloop
  endfacet
  facet normal -0.7156149557964604 -0.6984949785363026 -7.481237902334115e-17
    outer loop
      vertex 28.07398957014084 44.16982243955135 0.901
      vertex 21.151963643729687 51.261505886912346 1.5
      vertex 21.151963643729687 51.261505886912346 0.901
    endloop
  endfacet
  facet normal 0 0 1
    outer loop
      vertex 29.86422861367464 46.130456909537315 0.901
      vertex 42.52950677275658 49.353453889489174 0.901
      vertex 29.94164104759693 46.30288800597191 0.901
    endloop
  endfacet
  facet normal 0 0 1
    outer loop
      vertex 29.94164104759693 46.30288800597191 0.901
      vertex 42.52950677275658 49.353453889489174 0.901
      vertex 31.070267654955387 47.9402272105217 0.901
    endloop
  endfacet
  facet normal 0 0 1
    outer loop
      vertex 31.070267654955387 47.9402272105217 0.901
      vertex 42.52950677275658 49.353453889489174 0.901
      vertex 32.445503152906895 49.2839567810297 0.901
    endloop
  endfacet
  facet normal 0 0 1
    outer loop
      vertex 32.445503152906895 49.2839567810297 0.901
      vertex 42.52950677275658 49.353453889489174 0.901
      vertex 33.542569637298584 49.98211085796356 0.901
    endloop
  endfacet
  facet normal 0 0 1
    outer loop
      vertex 32.04229090362787 50.08705881983042 0.901
      vertex 33.542569637298584 49.98211085796356 0.901
      vertex 39 57.9167058840394 0.901
    endloop
  endfacet
  facet normal 0 0 1
    outer loop
      vertex 33.542569637298584 49.98211085796356 0.901
      vertex 42.52950677275658 49.353453889489174 0.901
      vertex 39 57.9167058840394 0.901
    endloop
  endfacet
  facet normal 0.8233473912909979 -0.5675377284853478 0
    outer loop
      vertex 29.94164104759693 46.30288800597191 0.901
      vertex 31.070267654955387 47.9402272105217 0.901
      vertex 31.070267654955387 47.9402272105217 1.5
    endloop
  endfacet
  facet normal 0.6988662856106889 -0.7152523434681769 0
    outer loop
      vertex 31.070267654955387 47.9402272105217 0.901
      vertex 32.445503152906895 49.2839567810297 0.901
      vertex 32.445503152906895 49.2839567810297 1.5
    endloop
  endfacet
  facet normal 0.06978178505860319 0.9975622799976125 0
    outer loop
      vertex 32.04229090362787 50.08705881983042 0.901
      vertex 32.04229090362787 50.08705881983042 1.5
      vertex 33.542569637298584 49.98211085796356 0.901
    endloop
  endfacet
  facet normal 0.5368869097178778 -0.8436542219260135 0
    outer loop
      vertex 32.445503152906895 49.2839567810297 0.901
      vertex 33.542569637298584 49.98211085796356 0.901
      vertex 33.542569637298584 49.98211085796356 1.5
    endloop
  endfacet
  facet normal 0.7475030420020944 -0.664258385116526 0
    outer loop
      vertex 32.04229090362787 50.08705881983042 0.901
      vertex 39 57.9167058840394 0.901
      vertex 39 57.9167058840394 1.5
    endloop
  endfacet
  facet normal -0.7156149557964604 -0.6984949785363026 0
    outer loop
      vertex 28.07398957014084 44.16982243955135 0.901
      vertex 28.07398957014084 44.16982243955135 1.5
      vertex 21.151963643729687 51.261505886912346 1.5
    endloop
  endfacet
  facet normal 0.8233473912909979 -0.5675377284853478 0
    outer loop
      vertex 29.94164104759693 46.30288800597191 0.901
      vertex 31.070267654955387 47.9402272105217 1.5
      vertex 29.94164104759693 46.30288800597191 1.5
    endloop
  endfacet
  facet normal 0.6988662856106889 -0.7152523434681769 0
    outer loop
      vertex 31.070267654955387 47.9402272105217 0.901
      vertex 32.445503152906895 49.2839567810297 1.5
      vertex 31.070267654955387 47.9402272105217 1.5
    endloop
  endfacet
  facet normal 0.5368869097178778 -0.8436542219260135 0
    outer loop
      vertex 32.445503152906895 49.2839567810297 0.901
      vertex 33.542569637298584 49.98211085796356 1.5
      vertex 32.445503152906895 49.2839567810297 1.5
    endloop
  endfacet
  facet normal 0.06978178505860319 0.9975622799976125 0
    outer loop
      vertex 33.542569637298584 49.98211085796356 0.901
      vertex 32.04229090362787 50.08705881983042 1.5
      vertex 33.542569637298584 49.98211085796356 1.5
    endloop
  endfacet
  facet normal 0.7475030420020944 -0.664258385116526 0
    outer loop
      vertex 32.04229090362787 50.08705881983042 0.901
      vertex 39 57.9167058840394 1.5
      vertex 32.04229090362787 50.08705881983042 1.5
    endloop
  endfacet
  facet normal 0 0 1
    outer loop
      vertex 38.51304131001234 8.309458687901497 0.901
      vertex 40.5821296274662 8.309458687901497 0.901
      vertex 40.5821296274662 12.489515669643879 0.901
    endloop
  endfacet
  facet normal 0 0 1
    outer loop
      vertex 38.51304131001234 8.309458687901497 0.901
      vertex 40.5821296274662 12.489515669643879 0.901
      vertex 40.5821296274662 14.218974359333515 0.901
    endloop
  endfacet
  facet normal 0 0 1
    outer loop
      vertex 38.51304131001234 8.309458687901497 0.901
      vertex 40.5821296274662 14.218974359333515 0.901
      vertex 38.51304131001234 18.265014238655567 0.901
    endloop
  endfacet
  facet normal 0 0 1
    outer loop
      vertex 40.5821296274662 12.489515669643879 0.901
      vertex 44.9571296274662 12.489515669643879 0.901
      vertex 44.9571296274662 14.218974359333515 0.901
    endloop
  endfacet
  facet normal 0 0 1
    outer loop
      vertex 40.5821296274662 12.489515669643879 0.901
      vertex 44.9571296274662 14.218974359333515 0.901
      vertex 40.5821296274662 14.218974359333515 0.901
    endloop
  endfacet
  facet normal 0 0 1
    outer loop
      vertex 46.810434475541115 8.309458687901497 0.901
      vertex 48.879622504115105 8.309458687901497 0.901
      vertex 46.810434475541115 18.277777776122093 0.901
    endloop
  endfacet
  facet normal 0 0 1
    outer loop
      vertex 46.810434475541115 18.277777776122093 0.901
      vertex 48.879622504115105 8.309458687901497 0.901
      vertex 48.879622504115105 18.277777776122093 0.901
    endloop
  endfacet
  facet normal 0 1 0
    outer loop
      vertex 38.51304131001234 8.309458687901497 0.901
      vertex 38.51304131001234 8.309458687901497 1.5
      vertex 40.5821296274662 8.309458687901497 0.901
    endloop
  endfacet
  facet normal -1 0 0
    outer loop
      vertex 40.5821296274662 8.309458687901497 0.901
      vertex 40.5821296274662 8.309458687901497 1.5
      vertex 40.5821296274662 12.489515669643879 0.901
    endloop
  endfacet
  facet normal -1 0 0
    outer loop
      vertex 40.5821296274662 14.218974359333515 0.901
      vertex 40.5821296274662 14.218974359333515 1.5
      vertex 40.5821296274662 16.516410253942013 0.901
    endloop
  endfacet
  facet normal 0 1 0
    outer loop
      vertex 40.5821296274662 12.489515669643879 0.901
      vertex 40.5821296274662 12.489515669643879 1.5
      vertex 44.9571296274662 12.489515669643879 0.901
    endloop
  endfacet
  facet normal 0 -1 0
    outer loop
      vertex 40.5821296274662 14.218974359333515 0.901
      vertex 44.9571296274662 14.218974359333515 0.901
      vertex 44.9571296274662 14.218974359333515 1.5
    endloop
  endfacet
  facet normal 0 1 0
    outer loop
      vertex 46.810434475541115 8.309458687901497 0.901
      vertex 46.810434475541115 8.309458687901497 1.5
      vertex 48.879622504115105 8.309458687901497 0.901
    endloop
  endfacet
  facet normal -1 0 0
    outer loop
      vertex 44.9571296274662 12.489515669643879 0.901
      vertex 44.9571296274662 12.489515669643879 1.5
      vertex 44.9571296274662 14.218974359333515 0.901
    endloop
  endfacet
  facet normal 1 0 0
    outer loop
      vertex 46.810434475541115 8.309458687901497 0.901
      vertex 46.810434475541115 18.277777776122093 0.901
      vertex 46.810434475541115 18.277777776122093 1.5
    endloop
  endfacet
  facet normal 0 0 1
    outer loop
      vertex 50.51896268129349 10.250500850379467 0.901
      vertex 52.37362763285637 11.128775492310524 0.901
      vertex 50.38507720828056 10.792695723474026 0.901
    endloop
  endfacet
  facet normal 0 0 1
    outer loop
      vertex 50.38507720828056 10.792695723474026 0.901
      vertex 52.32846865803003 11.388162389397621 0.901
      vertex 50.34044871479273 11.388162389397621 0.901
    endloop
  endfacet
  facet normal 0 0 1
    outer loop
      vertex 51.456160970032215 8.943547002971172 0.901
      vertex 52.70040598511696 10.367079772055149 0.901
      vertex 51.05450455844402 9.32592649012804 0.901
    endloop
  endfacet
  facet normal 0 0 1
    outer loop
      vertex 51.935714818537235 8.623377777636051 0.901
      vertex 52.93220370262861 10.145556695759296 0.901
      vertex 51.456160970032215 8.943547002971172 0.901
    endloop
  endfacet
  facet normal 0 0 1
    outer loop
      vertex 53.094436183571815 8.196485467255116 0.901
      vertex 53.773603700101376 8.089762389659882 0.901
      vertex 53.56942307949066 9.850192591547966 0.901
    endloop
  endfacet
  facet normal 0 0 1
    outer loop
      vertex 51.935714818537235 8.623377777636051 0.901
      vertex 52.48180655390024 8.374357260763645 0.901
      vertex 53.221876069903374 9.973260968923569 0.901
    endloop
  endfacet
  facet normal 0 0 1
    outer loop
      vertex 52.48180655390024 8.374357260763645 0.901
      vertex 53.094436183571815 8.196485467255116 0.901
      vertex 53.221876069903374 9.973260968923569 0.901
    endloop
  endfacet
  facet normal 0 0 1
    outer loop
      vertex 51.935714818537235 8.623377777636051 0.901
      vertex 53.221876069903374 9.973260968923569 0.901
      vertex 52.93220370262861 10.145556695759296 0.901
    endloop
  endfacet
  facet normal 0 0 1
    outer loop
      vertex 53.094436183571815 8.196485467255116 0.901
      vertex 53.56942307949066 9.850192591547966 0.901
      vertex 53.221876069903374 9.973260968923569 0.901
    endloop
  endfacet
  facet normal 0 0 1
    outer loop
      vertex 50.74210512638092 9.761577777564526 0.901
      vertex 51.05450455844402 9.32592649012804 0.901
      vertex 52.59679003059864 10.516125924885273 0.901
    endloop
  endfacet
  facet normal 0 0 1
    outer loop
      vertex 50.74210512638092 9.761577777564526 0.901
      vertex 52.50778831541538 10.69275726377964 0.901
      vertex 50.51896268129349 10.250500850379467 0.901
    endloop
  endfacet
  facet normal 0 0 1
    outer loop
      vertex 51.456160970032215 8.943547002971172 0.901
      vertex 52.93220370262861 10.145556695759296 0.901
      vertex 52.70040598511696 10.367079772055149 0.901
    endloop
  endfacet
  facet normal 0 0 1
    outer loop
      vertex 51.05450455844402 9.32592649012804 0.901
      vertex 52.70040598511696 10.367079772055149 0.901
      vertex 52.59679003059864 10.516125924885273 0.901
    endloop
  endfacet
  facet normal 0 0 1
    outer loop
      vertex 50.74210512638092 9.761577777564526 0.901
      vertex 52.59679003059864 10.516125924885273 0.901
      vertex 52.50778831541538 10.69275726377964 0.901
    endloop
  endfacet
  facet normal 0 0 1
    outer loop
      vertex 50.51896268129349 10.250500850379467 0.901
      vertex 52.50778831541538 10.69275726377964 0.901
      vertex 52.433400854468346 10.89697378873825 0.901
    endloop
  endfacet
  facet normal 0 0 1
    outer loop
      vertex 50.51896268129349 10.250500850379467 0.901
      vertex 52.433400854468346 10.89697378873825 0.901
      vertex 52.37362763285637 11.128775492310524 0.901
    endloop
  endfacet
  facet normal 0 0 1
    outer loop
      vertex 50.38507720828056 10.792695723474026 0.901
      vertex 52.37362763285637 11.128775492310524 0.901
      vertex 52.32846865803003 11.388162389397621 0.901
    endloop
  endfacet
  facet normal 0 0 1
    outer loop
      vertex 50.543085753917694 14.900483191013336 0.901
      vertex 52.44881282001734 15.402401134371758 0.901
      vertex 50.50278490036726 15.456039883196354 0.901
    endloop
  endfacet
  facet normal 0 0 1
    outer loop
      vertex 52.139947295188904 12.979938454926014 0.901
      vertex 52.56999857723713 12.82719486951828 0.901
      vertex 53.05254387110472 14.734740734100342 0.901
    endloop
  endfacet
  facet normal 0 0 1
    outer loop
      vertex 53.07687036693096 12.679309397935867 0.901
      vertex 53.25703162699938 14.657122507691383 0.901
      vertex 52.56999857723713 12.82719486951828 0.901
    endloop
  endfacet
  facet normal 0 0 1
    outer loop
      vertex 53.07687036693096 12.679309397935867 0.901
      vertex 53.66056267917156 12.536282047629356 0.901
      vertex 53.83151823282242 14.487287744879723 0.901
    endloop
  endfacet
  facet normal 0 0 1
    outer loop
      vertex 50.86549258977175 13.97589287161827 0.901
      vertex 51.14759857207537 13.606859259307384 0.901
      vertex 52.60028404742479 15.061678633093834 0.901
    endloop
  endfacet
  facet normal 0 0 1
    outer loop
      vertex 51.510306268930435 13.299999997019768 0.901
      vertex 51.786716520786285 13.13754016906023 0.901
      vertex 52.73282136768103 14.923768654465675 0.901
    endloop
  endfacet
  facet normal 0 0 1
    outer loop
      vertex 51.510306268930435 13.299999997019768 0.901
      vertex 52.73282136768103 14.923768654465675 0.901
      vertex 51.14759857207537 13.606859259307384 0.901
    endloop
  endfacet
  facet normal 0 0 1
    outer loop
      vertex 52.139947295188904 12.979938454926014 0.901
      vertex 52.90322649478912 14.80749287456274 0.901
      vertex 51.786716520786285 13.13754016906023 0.901
    endloop
  endfacet
  facet normal 0 0 1
    outer loop
      vertex 51.14759857207537 13.606859259307384 0.901
      vertex 52.73282136768103 14.923768654465675 0.901
      vertex 52.60028404742479 15.061678633093834 0.901
    endloop
  endfacet
  facet normal 0 0 1
    outer loop
      vertex 50.86549258977175 13.97589287161827 0.901
      vertex 52.50561452656984 15.221222788095474 0.901
      vertex 50.66398832201958 14.407100848853588 0.901
    endloop
  endfacet
  facet normal 0 0 1
    outer loop
      vertex 50.66398832201958 14.407100848853588 0.901
      vertex 52.44881282001734 15.402401134371758 0.901
      vertex 50.543085753917694 14.900483191013336 0.901
    endloop
  endfacet
  facet normal 0 0 1
    outer loop
      vertex 50.50278490036726 15.456039883196354 0.901
      vertex 52.44881282001734 15.402401134371758 0.901
      vertex 52.429878920316696 15.605213671922684 0.901
    endloop
  endfacet
  facet normal 0 0 1
    outer loop
      vertex 50.86549258977175 13.97589287161827 0.901
      vertex 52.60028404742479 15.061678633093834 0.901
      vertex 52.50561452656984 15.221222788095474 0.901
    endloop
  endfacet
  facet normal 0 0 1
    outer loop
      vertex 50.66398832201958 14.407100848853588 0.901
      vertex 52.50561452656984 15.221222788095474 0.901
      vertex 52.44881282001734 15.402401134371758 0.901
    endloop
  endfacet
  facet normal 0 0 1
    outer loop
      vertex 52.139947295188904 12.979938454926014 0.901
      vertex 53.05254387110472 14.734740734100342 0.901
      vertex 52.90322649478912 14.80749287456274 0.901
    endloop
  endfacet
  facet normal 0 0 1
    outer loop
      vertex 51.786716520786285 13.13754016906023 0.901
      vertex 52.90322649478912 14.80749287456274 0.901
      vertex 52.73282136768103 14.923768654465675 0.901
    endloop
  endfacet
  facet normal 0 0 1
    outer loop
      vertex 52.56999857723713 12.82719486951828 0.901
      vertex 53.25703162699938 14.657122507691383 0.901
      vertex 53.05254387110472 14.734740734100342 0.901
    endloop
  endfacet
  facet normal 0 0 1
    outer loop
      vertex 53.07687036693096 12.679309397935867 0.901
      vertex 53.516689740121365 14.574638172984123 0.901
      vertex 53.25703162699938 14.657122507691383 0.901
    endloop
  endfacet
  facet normal 0 0 1
    outer loop
      vertex 53.07687036693096 12.679309397935867 0.901
      vertex 53.83151823282242 14.487287744879723 0.901
      vertex 53.516689740121365 14.574638172984123 0.901
    endloop
  endfacet
  facet normal 0 0 1
    outer loop
      vertex 53.773603700101376 8.089762389659882 0.901
      vertex 54.51930911839008 8.054188027977943 0.901
      vertex 54.43814102560282 9.751737885177135 0.901
    endloop
  endfacet
  facet normal 0 0 1
    outer loop
      vertex 54.51930911839008 8.054188027977943 0.901
      vertex 55.247564390301704 8.090284898877144 0.901
      vertex 54.721886321902275 9.758227348327637 0.901
    endloop
  endfacet
  facet normal 0 0 1
    outer loop
      vertex 53.773603700101376 8.089762389659882 0.901
      vertex 53.974844731390476 9.776351563632488 0.901
      vertex 53.56942307949066 9.850192591547966 0.901
    endloop
  endfacet
  facet normal 0 0 1
    outer loop
      vertex 53.773603700101376 8.089762389659882 0.901
      vertex 54.43814102560282 9.751737885177135 0.901
      vertex 53.974844731390476 9.776351563632488 0.901
    endloop
  endfacet
  facet normal 0 0 1
    outer loop
      vertex 54.51930911839008 8.054188027977943 0.901
      vertex 54.721886321902275 9.758227348327637 0.901
      vertex 54.43814102560282 9.751737885177135 0.901
    endloop
  endfacet
  facet normal 0 0 1
    outer loop
      vertex 55.247564390301704 8.090284898877144 0.901
      vertex 55.90684872120619 8.198575496673584 0.901
      vertex 55.222823075950146 9.810143016278744 0.901
    endloop
  endfacet
  facet normal 0 0 1
    outer loop
      vertex 55.247564390301704 8.090284898877144 0.901
      vertex 54.98344700783491 9.77769572287798 0.901
      vertex 54.721886321902275 9.758227348327637 0.901
    endloop
  endfacet
  facet normal 0 0 1
    outer loop
      vertex 55.247564390301704 8.090284898877144 0.901
      vertex 55.222823075950146 9.810143016278744 0.901
      vertex 54.98344700783491 9.77769572287798 0.901
    endloop
  endfacet
  facet normal 0 0 1
    outer loop
      vertex 55.63502136617899 9.913974359631538 0.901
      vertex 55.90684872120619 8.198575496673584 0.901
      vertex 56.497162111103535 8.379059828817844 0.901
    endloop
  endfacet
  facet normal 0 0 1
    outer loop
      vertex 55.222823075950146 9.810143016278744 0.901
      vertex 55.90684872120619 8.198575496673584 0.901
      vertex 55.44001452624798 9.85556922852993 0.901
    endloop
  endfacet
  facet normal 0 0 1
    outer loop
      vertex 55.44001452624798 9.85556922852993 0.901
      vertex 55.90684872120619 8.198575496673584 0.901
      vertex 55.63502136617899 9.913974359631538 0.901
    endloop
  endfacet
  facet normal 0 0 1
    outer loop
      vertex 55.63502136617899 9.913974359631538 0.901
      vertex 56.497162111103535 8.379059828817844 0.901
      vertex 55.94905214011669 10.05969401448965 0.901
    endloop
  endfacet
  facet normal 0 0 1
    outer loop
      vertex 56.497162111103535 8.379059828817844 0.901
      vertex 57.018504559993744 8.631737887859344 0.901
      vertex 55.94905214011669 10.05969401448965 0.901
    endloop
  endfacet
  facet normal 0 0 1
    outer loop
      vertex 57.018504559993744 8.631737887859344 0.901
      vertex 56.193298287689686 10.24812364578247 0.901
      vertex 55.94905214011669 10.05969401448965 0.901
    endloop
  endfacet
  facet normal 0 0 1
    outer loop
      vertex 57.018504559993744 8.631737887859344 0.901
      vertex 57.470876067876816 8.956609681248665 0.901
      vertex 56.193298287689686 10.24812364578247 0.901
    endloop
  endfacet
  facet normal 0 0 1
    outer loop
      vertex 57.470876067876816 8.956609681248665 0.901
      vertex 57.84697350114584 9.336137317121029 0.901
      vertex 56.193298287689686 10.24812364578247 0.901
    endloop
  endfacet
  facet normal 0 0 1
    outer loop
      vertex 57.84697350114584 9.336137317121029 0.901
      vertex 56.367759831249714 10.479263246059418 0.901
      vertex 56.193298287689686 10.24812364578247 0.901
    endloop
  endfacet
  facet normal 0 0 1
    outer loop
      vertex 56.367759831249714 10.479263246059418 0.901
      vertex 58.139493733644485 9.752703130245209 0.901
      vertex 56.472436748445034 10.753112815320492 0.901
    endloop
  endfacet
  facet normal 0 0 1
    outer loop
      vertex 56.472436748445034 10.753112815320492 0.901
      vertex 58.47380256652832 10.696949288249016 0.901
      vertex 56.50732906162739 11.069672361016273 0.901
    endloop
  endfacet
  facet normal 0 0 1
    outer loop
      vertex 56.50732906162739 11.069672361016273 0.901
      vertex 58.51559116691351 11.224629625678062 0.901
      vertex 56.490018516778946 11.258105978369713 0.901
    endloop
  endfacet
  facet normal 0 0 1
    outer loop
      vertex 57.84697350114584 9.336137317121029 0.901
      vertex 58.139493733644485 9.752703130245209 0.901
      vertex 56.367759831249714 10.479263246059418 0.901
    endloop
  endfacet
  facet normal 0 0 1
    outer loop
      vertex 56.472436748445034 10.753112815320492 0.901
      vertex 58.139493733644485 9.752703130245209 0.901
      vertex 58.34843675047159 10.206307120621204 0.901
    endloop
  endfacet
  facet normal 0 0 1
    outer loop
      vertex 56.472436748445034 10.753112815320492 0.901
      vertex 58.34843675047159 10.206307120621204 0.901
      vertex 58.47380256652832 10.696949288249016 0.901
    endloop
  endfacet
  facet normal 0 0 1
    outer loop
      vertex 56.50732906162739 11.069672361016273 0.901
      vertex 58.47380256652832 10.696949288249016 0.901
      vertex 58.51559116691351 11.224629625678062 0.901
    endloop
  endfacet
  facet normal 0 0 1
    outer loop
      vertex 56.490018516778946 11.258105978369713 0.901
      vertex 58.51559116691351 11.224629625678062 0.901
      vertex 58.479889176785946 11.732195436954498 0.901
    endloop
  endfacet
  facet normal 0 0 1
    outer loop
      vertex 53.66056267917156 12.536282047629356 0.901
      vertex 54.71544871479273 12.299757830798626 0.901
      vertex 54.20151709765196 14.395071223378181 0.901
    endloop
  endfacet
  facet normal 0 0 1
    outer loop
      vertex 54.71544871479273 12.299757830798626 0.901
      vertex 55.066246435046196 12.216200567781925 0.901
      vertex 55.91900996863842 13.982749283313751 0.901
    endloop
  endfacet
  facet normal 0 0 1
    outer loop
      vertex 54.71544871479273 12.299757830798626 0.901
      vertex 55.91900996863842 13.982749283313751 0.901
      vertex 54.20151709765196 14.395071223378181 0.901
    endloop
  endfacet
  facet normal 0 0 1
    outer loop
      vertex 55.066246435046196 12.216200567781925 0.901
      vertex 55.37755697965622 12.127785183489323 0.901
      vertex 55.91900996863842 13.982749283313751 0.901
    endloop
  endfacet
  facet normal 0 0 1
    outer loop
      vertex 55.37755697965622 12.127785183489323 0.901
      vertex 55.64938034117222 12.034511677920818 0.901
      vertex 55.91900996863842 13.982749283313751 0.901
    endloop
  endfacet
  facet normal 0 0 1
    outer loop
      vertex 55.64938034117222 12.034511677920818 0.901
      vertex 55.88171652704477 11.936380051076412 0.901
      vertex 56.348538748919964 13.867279201745987 0.901
    endloop
  endfacet
  facet normal 0 0 1
    outer loop
      vertex 55.64938034117222 12.034511677920818 0.901
      vertex 56.348538748919964 13.867279201745987 0.901
      vertex 55.91900996863842 13.982749283313751 0.901
    endloop
  endfacet
  facet normal 0 0 1
    outer loop
      vertex 53.66056267917156 12.536282047629356 0.901
      vertex 54.20151709765196 14.395071223378181 0.901
      vertex 53.83151823282242 14.487287744879723 0.901
    endloop
  endfacet
  facet normal 0 0 1
    outer loop
      vertex 55.88171652704477 11.936380051076412 0.901
      vertex 56.0745655298233 11.833390310406685 0.901
      vertex 56.73370626568794 13.73721082508564 0.901
    endloop
  endfacet
  facet normal 0 0 1
    outer loop
      vertex 56.0745655298233 11.833390310406685 0.901
      vertex 56.23036039620638 11.716336749494076 0.901
      vertex 57.37095755338669 13.433279201388359 0.901
    endloop
  endfacet
  facet normal 0 0 1
    outer loop
      vertex 56.35153418779373 11.581438176333904 0.901
      vertex 57.94435925781727 12.953067235648632 0.901
      vertex 56.23036039620638 11.716336749494076 0.901
    endloop
  endfacet
  facet normal 0 0 1
    outer loop
      vertex 56.490018516778946 11.258105978369713 0.901
      vertex 58.372783191502094 12.189456976950169 0.901
      vertex 56.43808689713478 11.42869458347559 0.901
    endloop
  endfacet
  facet normal 0 0 1
    outer loop
      vertex 56.43808689713478 11.42869458347559 0.901
      vertex 58.194273218512535 12.596414245665073 0.901
      vertex 56.35153418779373 11.581438176333904 0.901
    endloop
  endfacet
  facet normal 0 0 1
    outer loop
      vertex 56.0745655298233 11.833390310406685 0.901
      vertex 57.07451253384352 13.59254415333271 0.901
      vertex 56.73370626568794 13.73721082508564 0.901
    endloop
  endfacet
  facet normal 0 0 1
    outer loop
      vertex 55.88171652704477 11.936380051076412 0.901
      vertex 56.73370626568794 13.73721082508564 0.901
      vertex 56.348538748919964 13.867279201745987 0.901
    endloop
  endfacet
  facet normal 0 0 1
    outer loop
      vertex 56.0745655298233 11.833390310406685 0.901
      vertex 57.37095755338669 13.433279201388359 0.901
      vertex 57.07451253384352 13.59254415333271 0.901
    endloop
  endfacet
  facet normal 0 0 1
    outer loop
      vertex 56.23036039620638 11.716336749494076 0.901
      vertex 57.623041309416294 13.259415954351425 0.901
      vertex 57.37095755338669 13.433279201388359 0.901
    endloop
  endfacet
  facet normal 0 0 1
    outer loop
      vertex 56.23036039620638 11.716336749494076 0.901
      vertex 57.94435925781727 12.953067235648632 0.901
      vertex 57.623041309416294 13.259415954351425 0.901
    endloop
  endfacet
  facet normal 0 0 1
    outer loop
      vertex 56.490018516778946 11.258105978369713 0.901
      vertex 58.479889176785946 11.732195436954498 0.901
      vertex 58.372783191502094 12.189456976950169 0.901
    endloop
  endfacet
  facet normal 0 0 1
    outer loop
      vertex 56.43808689713478 11.42869458347559 0.901
      vertex 58.372783191502094 12.189456976950169 0.901
      vertex 58.194273218512535 12.596414245665073 0.901
    endloop
  endfacet
  facet normal 0 0 1
    outer loop
      vertex 56.35153418779373 11.581438176333904 0.901
      vertex 58.194273218512535 12.596414245665073 0.901
      vertex 57.94435925781727 12.953067235648632 0.901
    endloop
  endfacet
  facet normal 0.812655752640056 0.5827440499061525 0
    outer loop
      vertex 50.74210512638092 9.761577777564526 0.901
      vertex 50.74210512638092 9.761577777564526 1.5
      vertex 51.05450455844402 9.32592649012804 0.901
    endloop
  endfacet
  facet normal 0.9708391946944461 0.2397316375554949 0
    outer loop
      vertex 50.51896268129349 10.250500850379467 0.901
      vertex 50.38507720828056 10.792695723474026 0.901
      vertex 50.38507720828056 10.792695723474026 1.5
    endloop
  endfacet
  facet normal 0.9097312764925694 0.41519754885018334 0
    outer loop
      vertex 50.74210512638092 9.761577777564526 0.901
      vertex 50.51896268129349 10.250500850379467 0.901
      vertex 50.51896268129349 10.250500850379467 1.5
    endloop
  endfacet
  facet normal 0.9972032435648346 0.07473748071599255 0
    outer loop
      vertex 50.38507720828056 10.792695723474026 0.901
      vertex 50.34044871479273 11.388162389397621 0.901
      vertex 50.34044871479273 11.388162389397621 1.5
    endloop
  endfacet
  facet normal 0.41490317449856284 0.909865570175625 0
    outer loop
      vertex 51.935714818537235 8.623377777636051 0.901
      vertex 51.935714818537235 8.623377777636051 1.5
      vertex 52.48180655390024 8.374357260763645 0.901
    endloop
  endfacet
  facet normal 0.6895129193696508 0.724273383483296 0
    outer loop
      vertex 51.456160970032215 8.943547002971172 0.901
      vertex 51.05450455844402 9.32592649012804 0.901
      vertex 51.05450455844402 9.32592649012804 1.5
    endloop
  endfacet
  facet normal 0.5552603651556056 0.8316765758918929 0
    outer loop
      vertex 51.935714818537235 8.623377777636051 0.901
      vertex 51.456160970032215 8.943547002971172 0.901
      vertex 51.456160970032215 8.943547002971172 1.5
    endloop
  endfacet
  facet normal 0.27882693397365294 0.9603413668539182 0
    outer loop
      vertex 52.48180655390024 8.374357260763645 0.901
      vertex 52.48180655390024 8.374357260763645 1.5
      vertex 53.094436183571815 8.196485467255116 0.901
    endloop
  endfacet
  facet normal 0.15523322571578715 0.9878778495511839 0
    outer loop
      vertex 53.094436183571815 8.196485467255116 0.901
      vertex 53.094436183571815 8.196485467255116 1.5
      vertex 53.773603700101376 8.089762389659882 0.901
    endloop
  endfacet
  facet normal 0 -1 0
    outer loop
      vertex 50.34044871479273 11.388162389397621 0.901
      vertex 52.32846865803003 11.388162389397621 0.901
      vertex 52.32846865803003 11.388162389397621 1.5
    endloop
  endfacet
  facet normal -0.9851808289014259 -0.171518903812668 0
    outer loop
      vertex 52.37362763285637 11.128775492310524 0.901
      vertex 52.37362763285637 11.128775492310524 1.5
      vertex 52.32846865803003 11.388162389397621 0.901
    endloop
  endfacet
  facet normal -0.8210816151244128 -0.5708108104308167 0
    outer loop
      vertex 52.70040598511696 10.367079772055149 0.901
      vertex 52.70040598511696 10.367079772055149 1.5
      vertex 52.59679003059864 10.516125924885273 0.901
    endloop
  endfacet
  facet normal -0.8930354472682344 -0.44998632192814986 0
    outer loop
      vertex 52.59679003059864 10.516125924885273 0.901
      vertex 52.59679003059864 10.516125924885273 1.5
      vertex 52.50778831541538 10.69275726377964 0.901
    endloop
  endfacet
  facet normal -0.6909025697089167 -0.7229478813646357 0
    outer loop
      vertex 52.70040598511696 10.367079772055149 0.901
      vertex 52.93220370262861 10.145556695759296 0.901
      vertex 52.93220370262861 10.145556695759296 1.5
    endloop
  endfacet
  facet normal -0.5112027509586093 -0.8594601488215438 0
    outer loop
      vertex 53.221876069903374 9.973260968923569 0.901
      vertex 53.221876069903374 9.973260968923569 1.5
      vertex 52.93220370262861 10.145556695759296 0.901
    endloop
  endfacet
  facet normal -0.3337960776957538 -0.9426453089656418 0
    outer loop
      vertex 53.221876069903374 9.973260968923569 0.901
      vertex 53.56942307949066 9.850192591547966 0.901
      vertex 53.56942307949066 9.850192591547966 1.5
    endloop
  endfacet
  facet normal -0.9396057521124751 -0.34225871880369985 0
    outer loop
      vertex 52.50778831541538 10.69275726377964 0.901
      vertex 52.50778831541538 10.69275726377964 1.5
      vertex 52.433400854468346 10.89697378873825 0.901
    endloop
  endfacet
  facet normal -0.9683243787777702 -0.24969560962228624 0
    outer loop
      vertex 52.433400854468346 10.89697378873825 0.901
      vertex 52.433400854468346 10.89697378873825 1.5
      vertex 52.37362763285637 11.128775492310524 0.901
    endloop
  endfacet
  facet normal -1 0 0
    outer loop
      vertex 48.879622504115105 8.309458687901497 0.901
      vertex 48.879622504115105 14.545888317469508 1.5
      vertex 48.879622504115105 18.277777776122093 0.901
    endloop
  endfacet
  facet normal 0.794457746227578 0.6073194295088847 0
    outer loop
      vertex 50.86549258977175 13.97589287161827 0.901
      vertex 50.86549258977175 13.97589287161827 1.5
      vertex 51.14759857207537 13.606859259307384 0.901
    endloop
  endfacet
  facet normal 0.9059625110532699 0.4233579201645508 0
    outer loop
      vertex 50.86549258977175 13.97589287161827 0.901
      vertex 50.66398832201958 14.407100848853588 0.901
      vertex 50.66398832201958 14.407100848853588 1.5
    endloop
  endfacet
  facet normal 0.9973792124267149 0.07235127240806377 0
    outer loop
      vertex 50.543085753917694 14.900483191013336 0.901
      vertex 50.50278490036726 15.456039883196354 0.901
      vertex 50.50278490036726 15.456039883196354 1.5
    endloop
  endfacet
  facet normal 0.9712635360081101 0.23800660415421812 0
    outer loop
      vertex 50.66398832201958 14.407100848853588 0.901
      vertex 50.543085753917694 14.900483191013336 0.901
      vertex 50.543085753917694 14.900483191013336 1.5
    endloop
  endfacet
  facet normal 0.6458842820562982 0.7634353241713538 0
    outer loop
      vertex 51.510306268930435 13.299999997019768 0.901
      vertex 51.14759857207537 13.606859259307384 0.901
      vertex 51.14759857207537 13.606859259307384 1.5
    endloop
  endfacet
  facet normal 0.50670857625198 0.8621174042743199 0
    outer loop
      vertex 51.510306268930435 13.299999997019768 0.901
      vertex 51.510306268930435 13.299999997019768 1.5
      vertex 51.786716520786285 13.13754016906023 0.901
    endloop
  endfacet
  facet normal 0.3346915235867386 0.9423277476755035 0
    outer loop
      vertex 52.139947295188904 12.979938454926014 0.901
      vertex 52.139947295188904 12.979938454926014 1.5
      vertex 52.56999857723713 12.82719486951828 0.901
    endloop
  endfacet
  facet normal 0.4074555318847118 0.9132250486799771 0
    outer loop
      vertex 52.139947295188904 12.979938454926014 0.901
      vertex 51.786716520786285 13.13754016906023 0.901
      vertex 51.786716520786285 13.13754016906023 1.5
    endloop
  endfacet
  facet normal 0.28008354654430606 0.9599756283131168 0
    outer loop
      vertex 53.07687036693096 12.679309397935867 0.901
      vertex 52.56999857723713 12.82719486951828 0.901
      vertex 52.56999857723713 12.82719486951828 1.5
    endloop
  endfacet
  facet normal 0.23799791698276906 0.971265664744648 0
    outer loop
      vertex 53.07687036693096 12.679309397935867 0.901
      vertex 53.07687036693096 12.679309397935867 1.5
      vertex 53.66056267917156 12.536282047629356 0.901
    endloop
  endfacet
  facet normal -0.721011779911749 -0.6929228046676567 0
    outer loop
      vertex 52.73282136768103 14.923768654465675 0.901
      vertex 52.73282136768103 14.923768654465675 1.5
      vertex 52.60028404742479 15.061678633093834 0.901
    endloop
  endfacet
  facet normal -0.4380072665473778 -0.898971431387947 0
    outer loop
      vertex 52.90322649478912 14.80749287456274 0.901
      vertex 53.05254387110472 14.734740734100342 0.901
      vertex 53.05254387110472 14.734740734100342 1.5
    endloop
  endfacet
  facet normal -0.5636361477725774 -0.8260231794108984 0
    outer loop
      vertex 52.73282136768103 14.923768654465675 0.901
      vertex 52.90322649478912 14.80749287456274 0.901
      vertex 52.90322649478912 14.80749287456274 1.5
    endloop
  endfacet
  facet normal -0.8599962655335915 -0.5103003265414165 0
    outer loop
      vertex 52.50561452656984 15.221222788095474 0.901
      vertex 52.60028404742479 15.061678633093834 0.901
      vertex 52.60028404742479 15.061678633093834 1.5
    endloop
  endfacet
  facet normal -0.954204471309959 -0.29915518870994307 0
    outer loop
      vertex 52.50561452656984 15.221222788095474 0.901
      vertex 52.50561452656984 15.221222788095474 1.5
      vertex 52.44881282001734 15.402401134371758 0.901
    endloop
  endfacet
  facet normal -0.9956705470969709 -0.09295246980913746 0
    outer loop
      vertex 52.44881282001734 15.402401134371758 0.901
      vertex 52.44881282001734 15.402401134371758 1.5
      vertex 52.429878920316696 15.605213671922684 0.901
    endloop
  endfacet
  facet normal -0.3548696798280203 -0.9349157771365068 0
    outer loop
      vertex 53.25703162699938 14.657122507691383 0.901
      vertex 53.25703162699938 14.657122507691383 1.5
      vertex 53.05254387110472 14.734740734100342 0.901
    endloop
  endfacet
  facet normal -0.3027564775613528 -0.9530679489389212 0
    outer loop
      vertex 53.25703162699938 14.657122507691383 0.901
      vertex 53.516689740121365 14.574638172984123 0.901
      vertex 53.516689740121365 14.574638172984123 1.5
    endloop
  endfacet
  facet normal 0.047651457522126864 0.99886402407736 0
    outer loop
      vertex 53.773603700101376 8.089762389659882 0.901
      vertex 53.773603700101376 8.089762389659882 1.5
      vertex 54.51930911839008 8.054188027977943 0.901
    endloop
  endfacet
  facet normal -0.04950545807643863 0.9987738530922012 0
    outer loop
      vertex 54.51930911839008 8.054188027977943 0.901
      vertex 54.51930911839008 8.054188027977943 1.5
      vertex 55.247564390301704 8.090284898877144 0.901
    endloop
  endfacet
  facet normal -0.1620828566164506 0.9867771519401182 0
    outer loop
      vertex 55.247564390301704 8.090284898877144 0.901
      vertex 55.247564390301704 8.090284898877144 1.5
      vertex 55.90684872120619 8.198575496673584 0.901
    endloop
  endfacet
  facet normal -0.17918610180319186 -0.983815196528584 0
    outer loop
      vertex 53.56942307949066 9.850192591547966 0.901
      vertex 53.974844731390476 9.776351563632488 0.901
      vertex 53.974844731390476 9.776351563632488 1.5
    endloop
  endfacet
  facet normal -0.0530524762515293 -0.998591725763628 0
    outer loop
      vertex 53.974844731390476 9.776351563632488 0.901
      vertex 54.43814102560282 9.751737885177135 0.901
      vertex 54.43814102560282 9.751737885177135 1.5
    endloop
  endfacet
  facet normal 0.02286475468453601 -0.9997385673230857 0
    outer loop
      vertex 54.43814102560282 9.751737885177135 0.901
      vertex 54.721886321902275 9.758227348327637 0.901
      vertex 54.721886321902275 9.758227348327637 1.5
    endloop
  endfacet
  facet normal 0.07422625286904057 -0.9972414268295422 0
    outer loop
      vertex 54.721886321902275 9.758227348327637 0.901
      vertex 54.98344700783491 9.77769572287798 0.901
      vertex 54.98344700783491 9.77769572287798 1.5
    endloop
  endfacet
  facet normal 0.1343210782493068 -0.9909378628036893 0
    outer loop
      vertex 54.98344700783491 9.77769572287798 0.901
      vertex 55.222823075950146 9.810143016278744 0.901
      vertex 55.222823075950146 9.810143016278744 1.5
    endloop
  endfacet
  facet normal 0.20472298895479998 -0.9788199516731424 0
    outer loop
      vertex 55.222823075950146 9.810143016278744 0.901
      vertex 55.44001452624798 9.85556922852993 0.901
      vertex 55.44001452624798 9.85556922852993 1.5
    endloop
  endfacet
  facet normal 0.2869110511763523 -0.957957226974608 0
    outer loop
      vertex 55.44001452624798 9.85556922852993 0.901
      vertex 55.63502136617899 9.913974359631538 0.901
      vertex 55.63502136617899 9.913974359631538 1.5
    endloop
  endfacet
  facet normal 0.4209203661440951 -0.9070975941788849 0
    outer loop
      vertex 55.63502136617899 9.913974359631538 0.901
      vertex 55.94905214011669 10.05969401448965 0.901
      vertex 55.94905214011669 10.05969401448965 1.5
    endloop
  endfacet
  facet normal -0.29238269333004696 0.9563013963395997 0
    outer loop
      vertex 55.90684872120619 8.198575496673584 0.901
      vertex 55.90684872120619 8.198575496673584 1.5
      vertex 56.497162111103535 8.379059828817844 0.901
    endloop
  endfacet
  facet normal -0.4361420803051264 0.8998778171435925 0
    outer loop
      vertex 56.497162111103535 8.379059828817844 0.901
      vertex 56.497162111103535 8.379059828817844 1.5
      vertex 57.018504559993744 8.631737887859344 0.901
    endloop
  endfacet
  facet normal -0.5833160760484617 0.8122452557100136 0
    outer loop
      vertex 57.018504559993744 8.631737887859344 0.901
      vertex 57.018504559993744 8.631737887859344 1.5
      vertex 57.470876067876816 8.956609681248665 0.901
    endloop
  endfacet
  facet normal -0.7103094134477377 0.7038895773965763 0
    outer loop
      vertex 57.470876067876816 8.956609681248665 0.901
      vertex 57.470876067876816 8.956609681248665 1.5
      vertex 57.84697350114584 9.336137317121029 0.901
    endloop
  endfacet
  facet normal -0.8183780500326897 0.5746802304105236 0
    outer loop
      vertex 57.84697350114584 9.336137317121029 0.901
      vertex 57.84697350114584 9.336137317121029 1.5
      vertex 58.139493733644485 9.752703130245209 0.901
    endloop
  endfacet
  facet normal 0.6108261637565113 -0.7917647363140794 0
    outer loop
      vertex 55.94905214011669 10.05969401448965 0.901
      vertex 56.193298287689686 10.24812364578247 0.901
      vertex 56.193298287689686 10.24812364578247 1.5
    endloop
  endfacet
  facet normal 0.7981616496225885 -0.6024433426238093 0
    outer loop
      vertex 56.193298287689686 10.24812364578247 0.901
      vertex 56.367759831249714 10.479263246059418 0.901
      vertex 56.367759831249714 10.479263246059418 1.5
    endloop
  endfacet
  facet normal 0.9340862741301132 -0.35704738128394553 0
    outer loop
      vertex 56.367759831249714 10.479263246059418 0.901
      vertex 56.472436748445034 10.753112815320492 0.901
      vertex 56.472436748445034 10.753112815320492 1.5
    endloop
  endfacet
  facet normal 0.9939801827135053 -0.10956001265437501 0
    outer loop
      vertex 56.472436748445034 10.753112815320492 0.901
      vertex 56.50732906162739 11.069672361016273 0.901
      vertex 56.50732906162739 11.069672361016273 1.5
    endloop
  endfacet
  facet normal 0.995806888227286 0.09148027852542497 0
    outer loop
      vertex 56.50732906162739 11.069672361016273 0.901
      vertex 56.490018516778946 11.258105978369713 0.901
      vertex 56.490018516778946 11.258105978369713 1.5
    endloop
  endfacet
  facet normal 0.956653026550258 0.29123012686229993 0
    outer loop
      vertex 56.490018516778946 11.258105978369713 0.901
      vertex 56.43808689713478 11.42869458347559 0.901
      vertex 56.43808689713478 11.42869458347559 1.5
    endloop
  endfacet
  facet normal 0.8700270557740333 0.493003977895886 0
    outer loop
      vertex 56.43808689713478 11.42869458347559 0.901
      vertex 56.35153418779373 11.581438176333904 0.901
      vertex 56.35153418779373 11.581438176333904 1.5
    endloop
  endfacet
  facet normal -0.9082735303999663 0.4183768564043444 0
    outer loop
      vertex 58.139493733644485 9.752703130245209 0.901
      vertex 58.139493733644485 9.752703130245209 1.5
      vertex 58.34843675047159 10.206307120621204 0.901
    endloop
  endfacet
  facet normal -0.9688725036236171 0.24756023857256265 0
    outer loop
      vertex 58.34843675047159 10.206307120621204 0.901
      vertex 58.34843675047159 10.206307120621204 1.5
      vertex 58.47380256652832 10.696949288249016 0.901
    endloop
  endfacet
  facet normal -0.9968789055516926 0.0789458527476889 0
    outer loop
      vertex 58.47380256652832 10.696949288249016 0.901
      vertex 58.47380256652832 10.696949288249016 1.5
      vertex 58.51559116691351 11.224629625678062 0.901
    endloop
  endfacet
  facet normal 0.21878565409745343 0.9757729436509035 0
    outer loop
      vertex 53.66056267917156 12.536282047629356 0.901
      vertex 53.66056267917156 12.536282047629356 1.5
      vertex 54.71544871479273 12.299757830798626 0.901
    endloop
  endfacet
  facet normal 0.23170974264736638 0.9727849686144885 0
    outer loop
      vertex 54.71544871479273 12.299757830798626 0.901
      vertex 54.71544871479273 12.299757830798626 1.5
      vertex 55.066246435046196 12.216200567781925 0.901
    endloop
  endfacet
  facet normal 0.2732052896966746 0.9619557524552551 0
    outer loop
      vertex 55.066246435046196 12.216200567781925 0.901
      vertex 55.066246435046196 12.216200567781925 1.5
      vertex 55.37755697965622 12.127785183489323 0.901
    endloop
  endfacet
  facet normal 0.3245638324026095 0.9458637950022883 0
    outer loop
      vertex 55.37755697965622 12.127785183489323 0.901
      vertex 55.37755697965622 12.127785183489323 1.5
      vertex 55.64938034117222 12.034511677920818 0.901
    endloop
  endfacet
  facet normal 0.38908687036496264 0.9212010677966016 0
    outer loop
      vertex 55.64938034117222 12.034511677920818 0.901
      vertex 55.64938034117222 12.034511677920818 1.5
      vertex 55.88171652704477 11.936380051076412 0.901
    endloop
  endfacet
  facet normal 0.4710758145899062 0.8820927257995365 0
    outer loop
      vertex 55.88171652704477 11.936380051076412 0.901
      vertex 55.88171652704477 11.936380051076412 1.5
      vertex 56.0745655298233 11.833390310406685 0.901
    endloop
  endfacet
  facet normal -0.26735421886678623 -0.9635983196613257 0
    outer loop
      vertex 53.516689740121365 14.574638172984123 0.901
      vertex 53.83151823282242 14.487287744879723 0.901
      vertex 53.83151823282242 14.487287744879723 1.5
    endloop
  endfacet
  facet normal -0.24183657453757235 -0.9703169952216303 0
    outer loop
      vertex 53.83151823282242 14.487287744879723 0.901
      vertex 54.20151709765196 14.395071223378181 0.901
      vertex 54.20151709765196 14.395071223378181 1.5
    endloop
  endfacet
  facet normal -0.23343914515758268 -0.9723714133540212 0
    outer loop
      vertex 55.91900996863842 13.982749283313751 0.901
      vertex 55.91900996863842 13.982749283313751 1.5
      vertex 54.20151709765196 14.395071223378181 0.901
    endloop
  endfacet
  facet normal 0.6006809772034226 0.7994888139467249 0
    outer loop
      vertex 56.0745655298233 11.833390310406685 0.901
      vertex 56.0745655298233 11.833390310406685 1.5
      vertex 56.23036039620638 11.716336749494076 0.901
    endloop
  endfacet
  facet normal 0.7439380022942327 0.6682486429035726 0
    outer loop
      vertex 56.35153418779373 11.581438176333904 0.901
      vertex 56.23036039620638 11.716336749494076 0.901
      vertex 56.23036039620638 11.716336749494076 1.5
    endloop
  endfacet
  facet normal -0.4732719285582165 -0.8809163874277663 0
    outer loop
      vertex 57.07451253384352 13.59254415333271 0.901
      vertex 57.37095755338669 13.433279201388359 0.901
      vertex 57.37095755338669 13.433279201388359 1.5
    endloop
  endfacet
  facet normal -0.9736469037223913 -0.22806075258974454 0
    outer loop
      vertex 58.479889176785946 11.732195436954498 0.901
      vertex 58.479889176785946 11.732195436954498 1.5
      vertex 58.372783191502094 12.189456976950169 0.901
    endloop
  endfacet
  facet normal -0.9157717005355597 -0.4016991318116201 0
    outer loop
      vertex 58.194273218512535 12.596414245665073 0.901
      vertex 58.372783191502094 12.189456976950169 0.901
      vertex 58.372783191502094 12.189456976950169 1.5
    endloop
  endfacet
  facet normal -0.6900467703730226 -0.7237647785695024 0
    outer loop
      vertex 57.623041309416294 13.259415954351425 0.901
      vertex 57.94435925781727 12.953067235648632 0.901
      vertex 57.94435925781727 12.953067235648632 1.5
    endloop
  endfacet
  facet normal -0.56776035422578 -0.8231938897789615 0
    outer loop
      vertex 57.37095755338669 13.433279201388359 0.901
      vertex 57.623041309416294 13.259415954351425 0.901
      vertex 57.623041309416294 13.259415954351425 1.5
    endloop
  endfacet
  facet normal -0.8189547256589192 -0.5738581334449518 0
    outer loop
      vertex 58.194273218512535 12.596414245665073 0.901
      vertex 58.194273218512535 12.596414245665073 1.5
      vertex 57.94435925781727 12.953067235648632 0.901
    endloop
  endfacet
  facet normal -0.25961229059051744 -0.9657129276210115 0
    outer loop
      vertex 56.348538748919964 13.867279201745987 0.901
      vertex 56.348538748919964 13.867279201745987 1.5
      vertex 55.91900996863842 13.982749283313751 0.901
    endloop
  endfacet
  facet normal -0.3199428015289852 -0.9474368600333135 0
    outer loop
      vertex 56.348538748919964 13.867279201745987 0.901
      vertex 56.73370626568794 13.73721082508564 0.901
      vertex 56.73370626568794 13.73721082508564 1.5
    endloop
  endfacet
  facet normal -0.3907379798841503 -0.9205019451777674 0
    outer loop
      vertex 56.73370626568794 13.73721082508564 0.901
      vertex 57.07451253384352 13.59254415333271 0.901
      vertex 57.07451253384352 13.59254415333271 1.5
    endloop
  endfacet
  facet normal 0 1 0
    outer loop
      vertex 56.18953703343868 15.3072649538517 0.901
      vertex 56.18953703343868 15.3072649538517 1.5
      vertex 58.191018521785736 15.3072649538517 0.901
    endloop
  endfacet
  facet normal 0 1 0
    outer loop
      vertex 40.5821296274662 8.309458687901497 0.901
      vertex 38.51304131001234 8.309458687901497 1.5
      vertex 40.5821296274662 8.309458687901497 1.5
    endloop
  endfacet
  facet normal -1 0 0
    outer loop
      vertex 40.5821296274662 12.489515669643879 0.901
      vertex 40.5821296274662 8.309458687901497 1.5
      vertex 40.5821296274662 12.489515669643879 1.5
    endloop
  endfacet
  facet normal 0 1 0
    outer loop
      vertex 44.9571296274662 12.489515669643879 0.901
      vertex 40.5821296274662 12.489515669643879 1.5
      vertex 44.9571296274662 12.489515669643879 1.5
    endloop
  endfacet
  facet normal 0 -1 0
    outer loop
      vertex 40.5821296274662 14.218974359333515 0.901
      vertex 44.9571296274662 14.218974359333515 1.5
      vertex 40.5821296274662 14.218974359333515 1.5
    endloop
  endfacet
  facet normal 0 1 0
    outer loop
      vertex 48.879622504115105 8.309458687901497 0.901
      vertex 46.810434475541115 8.309458687901497 1.5
      vertex 48.879622504115105 8.309458687901497 1.5
    endloop
  endfacet
  facet normal -1 0 0
    outer loop
      vertex 44.9571296274662 14.218974359333515 0.901
      vertex 44.9571296274662 12.489515669643879 1.5
      vertex 44.9571296274662 14.218974359333515 1.5
    endloop
  endfacet
  facet normal 1 0 0
    outer loop
      vertex 46.810434475541115 8.309458687901497 0.901
      vertex 46.810434475541115 18.277777776122093 1.5
      vertex 46.810434475541115 8.309458687901497 1.5
    endloop
  endfacet
  facet normal 0.812655752640056 0.5827440499061525 0
    outer loop
      vertex 51.05450455844402 9.32592649012804 0.901
      vertex 50.74210512638092 9.761577777564526 1.5
      vertex 51.05450455844402 9.32592649012804 1.5
    endloop
  endfacet
  facet normal -1 0 0
    outer loop
      vertex 48.879622504115105 8.309458687901497 0.901
      vertex 48.879622504115105 8.309458687901497 1.5
      vertex 48.879622504115105 14.545888317469508 1.5
    endloop
  endfacet
  facet normal 0.9708391946944461 0.2397316375554949 0
    outer loop
      vertex 50.51896268129349 10.250500850379467 0.901
      vertex 50.38507720828056 10.792695723474026 1.5
      vertex 50.51896268129349 10.250500850379467 1.5
    endloop
  endfacet
  facet normal 0.9097312764925694 0.41519754885018334 0
    outer loop
      vertex 50.74210512638092 9.761577777564526 0.901
      vertex 50.51896268129349 10.250500850379467 1.5
      vertex 50.74210512638092 9.761577777564526 1.5
    endloop
  endfacet
  facet normal 0.9972032435648346 0.07473748071599255 0
    outer loop
      vertex 50.38507720828056 10.792695723474026 0.901
      vertex 50.34044871479273 11.388162389397621 1.5
      vertex 50.38507720828056 10.792695723474026 1.5
    endloop
  endfacet
  facet normal 0 -1 0
    outer loop
      vertex 50.34044871479273 11.388162389397621 0.901
      vertex 52.32846865803003 11.388162389397621 1.5
      vertex 50.34044871479273 11.388162389397621 1.5
    endloop
  endfacet
  facet normal 0.41490317449856284 0.909865570175625 0
    outer loop
      vertex 52.48180655390024 8.374357260763645 0.901
      vertex 51.935714818537235 8.623377777636051 1.5
      vertex 52.48180655390024 8.374357260763645 1.5
    endloop
  endfacet
  facet normal 0.6895129193696508 0.724273383483296 0
    outer loop
      vertex 51.456160970032215 8.943547002971172 0.901
      vertex 51.05450455844402 9.32592649012804 1.5
      vertex 51.456160970032215 8.943547002971172 1.5
    endloop
  endfacet
  facet normal 0.5552603651556056 0.8316765758918929 0
    outer loop
      vertex 51.935714818537235 8.623377777636051 0.901
      vertex 51.456160970032215 8.943547002971172 1.5
      vertex 51.935714818537235 8.623377777636051 1.5
    endloop
  endfacet
  facet normal 0.27882693397365294 0.9603413668539182 0
    outer loop
      vertex 53.094436183571815 8.196485467255116 0.901
      vertex 52.48180655390024 8.374357260763645 1.5
      vertex 53.094436183571815 8.196485467255116 1.5
    endloop
  endfacet
  facet normal 0.15523322571578715 0.9878778495511839 0
    outer loop
      vertex 53.773603700101376 8.089762389659882 0.901
      vertex 53.094436183571815 8.196485467255116 1.5
      vertex 53.773603700101376 8.089762389659882 1.5
    endloop
  endfacet
  facet normal -0.9683243787777702 -0.24969560962228624 0
    outer loop
      vertex 52.37362763285637 11.128775492310524 0.901
      vertex 52.433400854468346 10.89697378873825 1.5
      vertex 52.37362763285637 11.128775492310524 1.5
    endloop
  endfacet
  facet normal -0.9851808289014259 -0.171518903812668 0
    outer loop
      vertex 52.32846865803003 11.388162389397621 0.901
      vertex 52.37362763285637 11.128775492310524 1.5
      vertex 52.32846865803003 11.388162389397621 1.5
    endloop
  endfacet
  facet normal -0.8930354472682344 -0.44998632192814986 0
    outer loop
      vertex 52.50778831541538 10.69275726377964 0.901
      vertex 52.59679003059864 10.516125924885273 1.5
      vertex 52.50778831541538 10.69275726377964 1.5
    endloop
  endfacet
  facet normal -0.8210816151244128 -0.5708108104308167 0
    outer loop
      vertex 52.59679003059864 10.516125924885273 0.901
      vertex 52.70040598511696 10.367079772055149 1.5
      vertex 52.59679003059864 10.516125924885273 1.5
    endloop
  endfacet
  facet normal -0.6909025697089167 -0.7229478813646357 0
    outer loop
      vertex 52.70040598511696 10.367079772055149 0.901
      vertex 52.93220370262861 10.145556695759296 1.5
      vertex 52.70040598511696 10.367079772055149 1.5
    endloop
  endfacet
  facet normal -0.5112027509586093 -0.8594601488215438 0
    outer loop
      vertex 52.93220370262861 10.145556695759296 0.901
      vertex 53.221876069903374 9.973260968923569 1.5
      vertex 52.93220370262861 10.145556695759296 1.5
    endloop
  endfacet
  facet normal -0.3337960776957538 -0.9426453089656418 0
    outer loop
      vertex 53.221876069903374 9.973260968923569 0.901
      vertex 53.56942307949066 9.850192591547966 1.5
      vertex 53.221876069903374 9.973260968923569 1.5
    endloop
  endfacet
  facet normal -0.9396057521124751 -0.34225871880369985 0
    outer loop
      vertex 52.433400854468346 10.89697378873825 0.901
      vertex 52.50778831541538 10.69275726377964 1.5
      vertex 52.433400854468346 10.89697378873825 1.5
    endloop
  endfacet
  facet normal 0.794457746227578 0.6073194295088847 0
    outer loop
      vertex 51.14759857207537 13.606859259307384 0.901
      vertex 50.86549258977175 13.97589287161827 1.5
      vertex 51.14759857207537 13.606859259307384 1.5
    endloop
  endfacet
  facet normal 0.9059625110532699 0.4233579201645508 0
    outer loop
      vertex 50.86549258977175 13.97589287161827 0.901
      vertex 50.66398832201958 14.407100848853588 1.5
      vertex 50.86549258977175 13.97589287161827 1.5
    endloop
  endfacet
  facet normal 0.9973792124267149 0.07235127240806377 0
    outer loop
      vertex 50.543085753917694 14.900483191013336 0.901
      vertex 50.50278490036726 15.456039883196354 1.5
      vertex 50.543085753917694 14.900483191013336 1.5
    endloop
  endfacet
  facet normal 0.9712635360081101 0.23800660415421812 0
    outer loop
      vertex 50.66398832201958 14.407100848853588 0.901
      vertex 50.543085753917694 14.900483191013336 1.5
      vertex 50.66398832201958 14.407100848853588 1.5
    endloop
  endfacet
  facet normal 0.6458842820562982 0.7634353241713538 0
    outer loop
      vertex 51.510306268930435 13.299999997019768 0.901
      vertex 51.14759857207537 13.606859259307384 1.5
      vertex 51.510306268930435 13.299999997019768 1.5
    endloop
  endfacet
  facet normal 0.50670857625198 0.8621174042743199 0
    outer loop
      vertex 51.786716520786285 13.13754016906023 0.901
      vertex 51.510306268930435 13.299999997019768 1.5
      vertex 51.786716520786285 13.13754016906023 1.5
    endloop
  endfacet
  facet normal 0.4074555318847118 0.9132250486799771 0
    outer loop
      vertex 52.139947295188904 12.979938454926014 0.901
      vertex 51.786716520786285 13.13754016906023 1.5
      vertex 52.139947295188904 12.979938454926014 1.5
    endloop
  endfacet
  facet normal 0.23799791698276906 0.971265664744648 0
    outer loop
      vertex 53.66056267917156 12.536282047629356 0.901
      vertex 53.07687036693096 12.679309397935867 1.5
      vertex 53.66056267917156 12.536282047629356 1.5
    endloop
  endfacet
  facet normal 0.3346915235867386 0.9423277476755035 0
    outer loop
      vertex 52.56999857723713 12.82719486951828 0.901
      vertex 52.139947295188904 12.979938454926014 1.5
      vertex 52.56999857723713 12.82719486951828 1.5
    endloop
  endfacet
  facet normal 0.28008354654430606 0.9599756283131168 0
    outer loop
      vertex 53.07687036693096 12.679309397935867 0.901
      vertex 52.56999857723713 12.82719486951828 1.5
      vertex 53.07687036693096 12.679309397935867 1.5
    endloop
  endfacet
  facet normal -0.5636361477725774 -0.8260231794108984 0
    outer loop
      vertex 52.73282136768103 14.923768654465675 0.901
      vertex 52.90322649478912 14.80749287456274 1.5
      vertex 52.73282136768103 14.923768654465675 1.5
    endloop
  endfacet
  facet normal -0.4380072665473778 -0.898971431387947 0
    outer loop
      vertex 52.90322649478912 14.80749287456274 0.901
      vertex 53.05254387110472 14.734740734100342 1.5
      vertex 52.90322649478912 14.80749287456274 1.5
    endloop
  endfacet
  facet normal -0.8599962655335915 -0.5103003265414165 0
    outer loop
      vertex 52.50561452656984 15.221222788095474 0.901
      vertex 52.60028404742479 15.061678633093834 1.5
      vertex 52.50561452656984 15.221222788095474 1.5
    endloop
  endfacet
  facet normal -0.721011779911749 -0.6929228046676567 0
    outer loop
      vertex 52.60028404742479 15.061678633093834 0.901
      vertex 52.73282136768103 14.923768654465675 1.5
      vertex 52.60028404742479 15.061678633093834 1.5
    endloop
  endfacet
  facet normal -0.954204471309959 -0.29915518870994307 0
    outer loop
      vertex 52.44881282001734 15.402401134371758 0.901
      vertex 52.50561452656984 15.221222788095474 1.5
      vertex 52.44881282001734 15.402401134371758 1.5
    endloop
  endfacet
  facet normal -0.3548696798280203 -0.9349157771365068 0
    outer loop
      vertex 53.05254387110472 14.734740734100342 0.901
      vertex 53.25703162699938 14.657122507691383 1.5
      vertex 53.05254387110472 14.734740734100342 1.5
    endloop
  endfacet
  facet normal -0.3027564775613528 -0.9530679489389212 0
    outer loop
      vertex 53.25703162699938 14.657122507691383 0.901
      vertex 53.516689740121365 14.574638172984123 1.5
      vertex 53.25703162699938 14.657122507691383 1.5
    endloop
  endfacet
  facet normal -0.26735421886678623 -0.9635983196613257 0
    outer loop
      vertex 53.516689740121365 14.574638172984123 0.901
      vertex 53.83151823282242 14.487287744879723 1.5
      vertex 53.516689740121365 14.574638172984123 1.5
    endloop
  endfacet
  facet normal 0.047651457522126864 0.99886402407736 0
    outer loop
      vertex 54.51930911839008 8.054188027977943 0.901
      vertex 53.773603700101376 8.089762389659882 1.5
      vertex 54.51930911839008 8.054188027977943 1.5
    endloop
  endfacet
  facet normal -0.04950545807643863 0.9987738530922012 0
    outer loop
      vertex 55.247564390301704 8.090284898877144 0.901
      vertex 54.51930911839008 8.054188027977943 1.5
      vertex 55.247564390301704 8.090284898877144 1.5
    endloop
  endfacet
  facet normal -0.1620828566164506 0.9867771519401182 0
    outer loop
      vertex 55.90684872120619 8.198575496673584 0.901
      vertex 55.247564390301704 8.090284898877144 1.5
      vertex 55.90684872120619 8.198575496673584 1.5
    endloop
  endfacet
  facet normal -0.17918610180319186 -0.983815196528584 0
    outer loop
      vertex 53.56942307949066 9.850192591547966 0.901
      vertex 53.974844731390476 9.776351563632488 1.5
      vertex 53.56942307949066 9.850192591547966 1.5
    endloop
  endfacet
  facet normal -0.0530524762515293 -0.998591725763628 0
    outer loop
      vertex 53.974844731390476 9.776351563632488 0.901
      vertex 54.43814102560282 9.751737885177135 1.5
      vertex 53.974844731390476 9.776351563632488 1.5
    endloop
  endfacet
  facet normal 0.02286475468453601 -0.9997385673230857 0
    outer loop
      vertex 54.43814102560282 9.751737885177135 0.901
      vertex 54.721886321902275 9.758227348327637 1.5
      vertex 54.43814102560282 9.751737885177135 1.5
    endloop
  endfacet
  facet normal 0.07422625286904057 -0.9972414268295422 0
    outer loop
      vertex 54.721886321902275 9.758227348327637 0.901
      vertex 54.98344700783491 9.77769572287798 1.5
      vertex 54.721886321902275 9.758227348327637 1.5
    endloop
  endfacet
  facet normal 0.1343210782493068 -0.9909378628036893 0
    outer loop
      vertex 54.98344700783491 9.77769572287798 0.901
      vertex 55.222823075950146 9.810143016278744 1.5
      vertex 54.98344700783491 9.77769572287798 1.5
    endloop
  endfacet
  facet normal 0.20472298895479998 -0.9788199516731424 0
    outer loop
      vertex 55.222823075950146 9.810143016278744 0.901
      vertex 55.44001452624798 9.85556922852993 1.5
      vertex 55.222823075950146 9.810143016278744 1.5
    endloop
  endfacet
  facet normal 0.2869110511763523 -0.957957226974608 0
    outer loop
      vertex 55.44001452624798 9.85556922852993 0.901
      vertex 55.63502136617899 9.913974359631538 1.5
      vertex 55.44001452624798 9.85556922852993 1.5
    endloop
  endfacet
  facet normal 0.4209203661440951 -0.9070975941788849 0
    outer loop
      vertex 55.63502136617899 9.913974359631538 0.901
      vertex 55.94905214011669 10.05969401448965 1.5
      vertex 55.63502136617899 9.913974359631538 1.5
    endloop
  endfacet
  facet normal 0.6108261637565113 -0.7917647363140794 0
    outer loop
      vertex 55.94905214011669 10.05969401448965 0.901
      vertex 56.193298287689686 10.24812364578247 1.5
      vertex 55.94905214011669 10.05969401448965 1.5
    endloop
  endfacet
  facet normal -0.29238269333004696 0.9563013963395997 0
    outer loop
      vertex 56.497162111103535 8.379059828817844 0.901
      vertex 55.90684872120619 8.198575496673584 1.5
      vertex 56.497162111103535 8.379059828817844 1.5
    endloop
  endfacet
  facet normal -0.4361420803051264 0.8998778171435925 0
    outer loop
      vertex 57.018504559993744 8.631737887859344 0.901
      vertex 56.497162111103535 8.379059828817844 1.5
      vertex 57.018504559993744 8.631737887859344 1.5
    endloop
  endfacet
  facet normal -0.5833160760484617 0.8122452557100136 0
    outer loop
      vertex 57.470876067876816 8.956609681248665 0.901
      vertex 57.018504559993744 8.631737887859344 1.5
      vertex 57.470876067876816 8.956609681248665 1.5
    endloop
  endfacet
  facet normal -0.7103094134477377 0.7038895773965763 0
    outer loop
      vertex 57.84697350114584 9.336137317121029 0.901
      vertex 57.470876067876816 8.956609681248665 1.5
      vertex 57.84697350114584 9.336137317121029 1.5
    endloop
  endfacet
  facet normal -0.8183780500326897 0.5746802304105236 0
    outer loop
      vertex 58.139493733644485 9.752703130245209 0.901
      vertex 57.84697350114584 9.336137317121029 1.5
      vertex 58.139493733644485 9.752703130245209 1.5
    endloop
  endfacet
  facet normal 0.7981616496225885 -0.6024433426238093 0
    outer loop
      vertex 56.193298287689686 10.24812364578247 0.901
      vertex 56.367759831249714 10.479263246059418 1.5
      vertex 56.193298287689686 10.24812364578247 1.5
    endloop
  endfacet
  facet normal 0.9340862741301132 -0.35704738128394553 0
    outer loop
      vertex 56.367759831249714 10.479263246059418 0.901
      vertex 56.472436748445034 10.753112815320492 1.5
      vertex 56.367759831249714 10.479263246059418 1.5
    endloop
  endfacet
  facet normal 0.9939801827135053 -0.10956001265437501 0
    outer loop
      vertex 56.472436748445034 10.753112815320492 0.901
      vertex 56.50732906162739 11.069672361016273 1.5
      vertex 56.472436748445034 10.753112815320492 1.5
    endloop
  endfacet
  facet normal 0.995806888227286 0.09148027852542497 0
    outer loop
      vertex 56.50732906162739 11.069672361016273 0.901
      vertex 56.490018516778946 11.258105978369713 1.5
      vertex 56.50732906162739 11.069672361016273 1.5
    endloop
  endfacet
  facet normal 0.956653026550258 0.29123012686229993 0
    outer loop
      vertex 56.490018516778946 11.258105978369713 0.901
      vertex 56.43808689713478 11.42869458347559 1.5
      vertex 56.490018516778946 11.258105978369713 1.5
    endloop
  endfacet
  facet normal 0.8700270557740333 0.493003977895886 0
    outer loop
      vertex 56.43808689713478 11.42869458347559 0.901
      vertex 56.35153418779373 11.581438176333904 1.5
      vertex 56.43808689713478 11.42869458347559 1.5
    endloop
  endfacet
  facet normal -0.9082735303999663 0.4183768564043444 0
    outer loop
      vertex 58.34843675047159 10.206307120621204 0.901
      vertex 58.139493733644485 9.752703130245209 1.5
      vertex 58.34843675047159 10.206307120621204 1.5
    endloop
  endfacet
  facet normal -0.9688725036236171 0.24756023857256265 0
    outer loop
      vertex 58.47380256652832 10.696949288249016 0.901
      vertex 58.34843675047159 10.206307120621204 1.5
      vertex 58.47380256652832 10.696949288249016 1.5
    endloop
  endfacet
  facet normal -0.9975353104760084 -0.07016626221720428 0
    outer loop
      vertex 58.479889176785946 11.732195436954498 0.901
      vertex 58.51559116691351 11.224629625678062 1.5
      vertex 58.479889176785946 11.732195436954498 1.5
    endloop
  endfacet
  facet normal 0.21878565409745343 0.9757729436509035 0
    outer loop
      vertex 54.71544871479273 12.299757830798626 0.901
      vertex 53.66056267917156 12.536282047629356 1.5
      vertex 54.71544871479273 12.299757830798626 1.5
    endloop
  endfacet
  facet normal 0.23170974264736638 0.9727849686144885 0
    outer loop
      vertex 55.066246435046196 12.216200567781925 0.901
      vertex 54.71544871479273 12.299757830798626 1.5
      vertex 55.066246435046196 12.216200567781925 1.5
    endloop
  endfacet
  facet normal 0.2732052896966746 0.9619557524552551 0
    outer loop
      vertex 55.37755697965622 12.127785183489323 0.901
      vertex 55.066246435046196 12.216200567781925 1.5
      vertex 55.37755697965622 12.127785183489323 1.5
    endloop
  endfacet
  facet normal 0.3245638324026095 0.9458637950022883 0
    outer loop
      vertex 55.64938034117222 12.034511677920818 0.901
      vertex 55.37755697965622 12.127785183489323 1.5
      vertex 55.64938034117222 12.034511677920818 1.5
    endloop
  endfacet
  facet normal 0.38908687036496264 0.9212010677966016 0
    outer loop
      vertex 55.88171652704477 11.936380051076412 0.901
      vertex 55.64938034117222 12.034511677920818 1.5
      vertex 55.88171652704477 11.936380051076412 1.5
    endloop
  endfacet
  facet normal 0.4710758145899062 0.8820927257995365 0
    outer loop
      vertex 56.0745655298233 11.833390310406685 0.901
      vertex 55.88171652704477 11.936380051076412 1.5
      vertex 56.0745655298233 11.833390310406685 1.5
    endloop
  endfacet
  facet normal -0.24183657453757235 -0.9703169952216303 0
    outer loop
      vertex 53.83151823282242 14.487287744879723 0.901
      vertex 54.20151709765196 14.395071223378181 1.5
      vertex 53.83151823282242 14.487287744879723 1.5
    endloop
  endfacet
  facet normal -0.23343914515758268 -0.9723714133540212 0
    outer loop
      vertex 54.20151709765196 14.395071223378181 0.901
      vertex 55.91900996863842 13.982749283313751 1.5
      vertex 54.20151709765196 14.395071223378181 1.5
    endloop
  endfacet
  facet normal -0.25961229059051744 -0.9657129276210115 0
    outer loop
      vertex 55.91900996863842 13.982749283313751 0.901
      vertex 56.348538748919964 13.867279201745987 1.5
      vertex 55.91900996863842 13.982749283313751 1.5
    endloop
  endfacet
  facet normal 0.6006809772034226 0.7994888139467249 0
    outer loop
      vertex 56.23036039620638 11.716336749494076 0.901
      vertex 56.0745655298233 11.833390310406685 1.5
      vertex 56.23036039620638 11.716336749494076 1.5
    endloop
  endfacet
  facet normal 0.7439380022942327 0.6682486429035726 0
    outer loop
      vertex 56.35153418779373 11.581438176333904 0.901
      vertex 56.23036039620638 11.716336749494076 1.5
      vertex 56.35153418779373 11.581438176333904 1.5
    endloop
  endfacet
  facet normal -0.4732719285582165 -0.8809163874277663 0
    outer loop
      vertex 57.07451253384352 13.59254415333271 0.901
      vertex 57.37095755338669 13.433279201388359 1.5
      vertex 57.07451253384352 13.59254415333271 1.5
    endloop
  endfacet
  facet normal -0.9736469037223913 -0.22806075258974454 0
    outer loop
      vertex 58.372783191502094 12.189456976950169 0.901
      vertex 58.479889176785946 11.732195436954498 1.5
      vertex 58.372783191502094 12.189456976950169 1.5
    endloop
  endfacet
  facet normal -0.9157717005355597 -0.4016991318116201 0
    outer loop
      vertex 58.194273218512535 12.596414245665073 0.901
      vertex 58.372783191502094 12.189456976950169 1.5
      vertex 58.194273218512535 12.596414245665073 1.5
    endloop
  endfacet
  facet normal -0.56776035422578 -0.8231938897789615 0
    outer loop
      vertex 57.37095755338669 13.433279201388359 0.901
      vertex 57.623041309416294 13.259415954351425 1.5
      vertex 57.37095755338669 13.433279201388359 1.5
    endloop
  endfacet
  facet normal -0.6900467703730226 -0.7237647785695024 0
    outer loop
      vertex 57.623041309416294 13.259415954351425 0.901
      vertex 57.94435925781727 12.953067235648632 1.5
      vertex 57.623041309416294 13.259415954351425 1.5
    endloop
  endfacet
  facet normal -0.8189547256589192 -0.5738581334449518 0
    outer loop
      vertex 57.94435925781727 12.953067235648632 0.901
      vertex 58.194273218512535 12.596414245665073 1.5
      vertex 57.94435925781727 12.953067235648632 1.5
    endloop
  endfacet
  facet normal -0.3199428015289852 -0.9474368600333135 0
    outer loop
      vertex 56.348538748919964 13.867279201745987 0.901
      vertex 56.73370626568794 13.73721082508564 1.5
      vertex 56.348538748919964 13.867279201745987 1.5
    endloop
  endfacet
  facet normal -0.3907379798841503 -0.9205019451777674 0
    outer loop
      vertex 56.73370626568794 13.73721082508564 0.901
      vertex 57.07451253384352 13.59254415333271 1.5
      vertex 56.73370626568794 13.73721082508564 1.5
    endloop
  endfacet
  facet normal 0.9898324305614659 0.142238389363705 0
    outer loop
      vertex 56.18953703343868 15.3072649538517 0.901
      vertex 56.14083617925644 15.646172650158405 1.5
      vertex 56.18953703343868 15.3072649538517 1.5
    endloop
  endfacet
  facet normal 0 1 0
    outer loop
      vertex 58.191018521785736 15.3072649538517 0.901
      vertex 56.18953703343868 15.3072649538517 1.5
      vertex 58.191018521785736 15.3072649538517 1.5
    endloop
  endfacet
  facet normal 0 0 1
    outer loop
      vertex 38.51304131001234 18.265014238655567 0.901
      vertex 40.5821296274662 14.218974359333515 0.901
      vertex 40.5821296274662 16.516410253942013 0.901
    endloop
  endfacet
  facet normal 0 0 1
    outer loop
      vertex 38.51304131001234 18.265014238655567 0.901
      vertex 40.5821296274662 16.516410253942013 0.901
      vertex 45.579252138733864 18.265014238655567 0.901
    endloop
  endfacet
  facet normal 0 0 1
    outer loop
      vertex 40.5821296274662 16.516410253942013 0.901
      vertex 45.579252138733864 16.516410253942013 0.901
      vertex 45.579252138733864 18.265014238655567 0.901
    endloop
  endfacet
  facet normal 0 1 0
    outer loop
      vertex 40.5821296274662 16.516410253942013 0.901
      vertex 40.5821296274662 16.516410253942013 1.5
      vertex 45.579252138733864 16.516410253942013 0.901
    endloop
  endfacet
  facet normal 0 -1 0
    outer loop
      vertex 38.51304131001234 18.265014238655567 0.901
      vertex 45.579252138733864 18.265014238655567 0.901
      vertex 45.579252138733864 18.265014238655567 1.5
    endloop
  endfacet
  facet normal -1 0 0
    outer loop
      vertex 45.579252138733864 16.516410253942013 0.901
      vertex 45.579252138733864 16.516410253942013 1.5
      vertex 45.579252138733864 18.265014238655567 0.901
    endloop
  endfacet
  facet normal 0 -1 0
    outer loop
      vertex 46.810434475541115 18.277777776122093 0.901
      vertex 48.879622504115105 18.277777776122093 0.901
      vertex 48.879622504115105 18.277777776122093 1.5
    endloop
  endfacet
  facet normal 0 0 1
    outer loop
      vertex 39 24.64070588350296 0.901
      vertex 42.9326181858778 31.295905880630016 0.901
      vertex 42.58681323379278 31.280474424362183 0.901
    endloop
  endfacet
  facet normal -0.8609265278881229 0.5087293126786593 0
    outer loop
      vertex 39 24.64070588350296 0.901
      vertex 39 24.64070588350296 1.5
      vertex 42.9326181858778 31.295905880630016 0.901
    endloop
  endfacet
  facet normal 0 0 1
    outer loop
      vertex 50.50278490036726 15.456039883196354 0.901
      vertex 52.429878920316696 15.605213671922684 0.901
      vertex 50.541733615100384 15.973198287189007 0.901
    endloop
  endfacet
  facet normal 0 0 1
    outer loop
      vertex 50.541733615100384 15.973198287189007 0.901
      vertex 52.44908404350281 15.827474638819695 0.901
      vertex 50.658579774200916 16.454132191836834 0.901
    endloop
  endfacet
  facet normal 0 0 1
    outer loop
      vertex 50.658579774200916 16.454132191836834 0.901
      vertex 52.5066994279623 16.029186323285103 0.901
      vertex 50.853323362767696 16.898841589689255 0.901
    endloop
  endfacet
  facet normal 0 0 1
    outer loop
      vertex 50.541733615100384 15.973198287189007 0.901
      vertex 52.429878920316696 15.605213671922684 0.901
      vertex 52.44908404350281 15.827474638819695 0.901
    endloop
  endfacet
  facet normal 0 0 1
    outer loop
      vertex 50.658579774200916 16.454132191836834 0.901
      vertex 52.44908404350281 15.827474638819695 0.901
      vertex 52.5066994279623 16.029186323285103 0.901
    endloop
  endfacet
  facet normal 0 0 1
    outer loop
      vertex 50.853323362767696 16.898841589689255 0.901
      vertex 52.5066994279623 16.029186323285103 0.901
      vertex 52.60272507369518 16.210348717868328 0.901
    endloop
  endfacet
  facet normal 0 0 1
    outer loop
      vertex 50.853323362767696 16.898841589689255 0.901
      vertex 52.60272507369518 16.210348717868328 0.901
      vertex 51.125964388251305 17.30732649564743 0.901
    endloop
  endfacet
  facet normal 0 0 1
    outer loop
      vertex 51.125964388251305 17.30732649564743 0.901
      vertex 52.737160965800285 16.37096182256937 0.901
      vertex 51.47650285065174 17.6795868948102 0.901
    endloop
  endfacet
  facet normal 0 0 1
    outer loop
      vertex 51.125964388251305 17.30732649564743 0.901
      vertex 52.60272507369518 16.210348717868328 0.901
      vertex 52.737160965800285 16.37096182256937 0.901
    endloop
  endfacet
  facet normal 0 0 1
    outer loop
      vertex 52.737160965800285 16.37096182256937 0.901
      vertex 52.91000711917877 16.51102563738823 0.901
      vertex 51.47650285065174 17.6795868948102 0.901
    endloop
  endfacet
  facet normal 0 0 1
    outer loop
      vertex 52.91000711917877 16.51102563738823 0.901
      vertex 51.902501709759235 17.99832022190094 0.901
      vertex 51.47650285065174 17.6795868948102 0.901
    endloop
  endfacet
  facet normal 0 0 1
    outer loop
      vertex 52.91000711917877 16.51102563738823 0.901
      vertex 53.11503732204437 16.627835892140865 0.901
      vertex 51.902501709759235 17.99832022190094 0.901
    endloop
  endfacet
  facet normal 0 0 1
    outer loop
      vertex 53.11503732204437 16.627835892140865 0.901
      vertex 53.346025355160236 16.718688316643238 0.901
      vertex 52.4015239328146 18.24622392654419 0.901
    endloop
  endfacet
  facet normal 0 0 1
    outer loop
      vertex 53.346025355160236 16.718688316643238 0.901
      vertex 53.602971225976944 16.783582903444767 0.901
      vertex 52.97356951236725 18.423298001289368 0.901
    endloop
  endfacet
  facet normal 0 0 1
    outer loop
      vertex 53.11503732204437 16.627835892140865 0.901
      vertex 52.4015239328146 18.24622392654419 0.901
      vertex 51.902501709759235 17.99832022190094 0.901
    endloop
  endfacet
  facet normal 0 0 1
    outer loop
      vertex 53.346025355160236 16.718688316643238 0.901
      vertex 52.97356951236725 18.423298001289368 0.901
      vertex 52.4015239328146 18.24622392654419 0.901
    endloop
  endfacet
  facet normal 0 0 1
    outer loop
      vertex 52.97356951236725 18.423298001289368 0.901
      vertex 53.602971225976944 16.783582903444767 0.901
      vertex 53.61863846331835 18.529542446136475 0.901
    endloop
  endfacet
  facet normal 0 0 1
    outer loop
      vertex 53.602971225976944 16.783582903444767 0.901
      vertex 53.885874927043915 16.822519652545452 0.901
      vertex 53.61863846331835 18.529542446136475 0.901
    endloop
  endfacet
  facet normal 0 0 1
    outer loop
      vertex 53.885874927043915 16.822519652545452 0.901
      vertex 54.19473646581173 16.835498571395874 0.901
      vertex 53.61863846331835 18.529542446136475 0.901
    endloop
  endfacet
  facet normal 0 0 1
    outer loop
      vertex 54.19473646581173 16.835498571395874 0.901
      vertex 54.47468461841345 16.825491167604923 0.901
      vertex 54.336730770766735 18.56495726108551 0.901
    endloop
  endfacet
  facet normal 0 0 1
    outer loop
      vertex 54.47468461841345 16.825491167604923 0.901
      vertex 54.735702849924564 16.79546894133091 0.901
      vertex 54.94843903183937 18.53158461302519 0.901
    endloop
  endfacet
  facet normal 0 0 1
    outer loop
      vertex 54.735702849924564 16.79546894133091 0.901
      vertex 54.97779116779566 16.745431907474995 0.901
      vertex 54.94843903183937 18.53158461302519 0.901
    endloop
  endfacet
  facet normal 0 0 1
    outer loop
      vertex 54.97779116779566 16.745431907474995 0.901
      vertex 55.20094957202673 16.675380051136017 0.901
      vertex 55.52308518439531 18.431466661393642 0.901
    endloop
  endfacet
  facet normal 0 0 1
    outer loop
      vertex 55.40517806261778 16.585313387215137 0.901
      vertex 56.06066922843456 18.264603413641453 0.901
      vertex 55.20094957202673 16.675380051136017 0.901
    endloop
  endfacet
  facet normal 0 0 1
    outer loop
      vertex 55.40517806261778 16.585313387215137 0.901
      vertex 55.67022079974413 16.41300170868635 0.901
      vertex 56.5611911714077 18.03099486976862 0.901
    endloop
  endfacet
  facet normal 0 0 1
    outer loop
      vertex 54.19473646581173 16.835498571395874 0.901
      vertex 54.336730770766735 18.56495726108551 0.901
      vertex 53.61863846331835 18.529542446136475 0.901
    endloop
  endfacet
  facet normal 0 0 1
    outer loop
      vertex 54.47468461841345 16.825491167604923 0.901
      vertex 54.94843903183937 18.53158461302519 0.901
      vertex 54.336730770766735 18.56495726108551 0.901
    endloop
  endfacet
  facet normal 0 0 1
    outer loop
      vertex 54.97779116779566 16.745431907474995 0.901
      vertex 55.52308518439531 18.431466661393642 0.901
      vertex 54.94843903183937 18.53158461302519 0.901
    endloop
  endfacet
  facet normal 0 0 1
    outer loop
      vertex 55.20094957202673 16.675380051136017 0.901
      vertex 56.06066922843456 18.264603413641453 0.901
      vertex 55.52308518439531 18.431466661393642 0.901
    endloop
  endfacet
  facet normal 0 0 1
    outer loop
      vertex 55.40517806261778 16.585313387215137 0.901
      vertex 56.5611911714077 18.03099486976862 0.901
      vertex 56.06066922843456 18.264603413641453 0.901
    endloop
  endfacet
  facet normal 0 0 1
    outer loop
      vertex 55.88117806613445 16.19904102385044 0.901
      vertex 56.03804985433817 15.943431332707405 0.901
      vertex 57.74518433213234 16.942429058253765 0.901
    endloop
  endfacet
  facet normal 0 0 1
    outer loop
      vertex 56.18953703343868 15.3072649538517 0.901
      vertex 58.12706922739744 15.91269914060831 0.901
      vertex 56.14083617925644 15.646172650158405 0.901
    endloop
  endfacet
  facet normal 0 0 1
    outer loop
      vertex 56.14083617925644 15.646172650158405 0.901
      vertex 57.97845783829689 16.457753844559193 0.901
      vertex 56.03804985433817 15.943431332707405 0.901
    endloop
  endfacet
  facet normal 0 0 1
    outer loop
      vertex 56.03804985433817 15.943431332707405 0.901
      vertex 57.97845783829689 16.457753844559193 0.901
      vertex 57.74518433213234 16.942429058253765 0.901
    endloop
  endfacet
  facet normal 0 0 1
    outer loop
      vertex 55.88117806613445 16.19904102385044 0.901
      vertex 57.02465099841356 17.730641022324562 0.901
      vertex 55.67022079974413 16.41300170868635 0.901
    endloop
  endfacet
  facet normal 0 0 1
    outer loop
      vertex 55.67022079974413 16.41300170868635 0.901
      vertex 57.02465099841356 17.730641022324562 0.901
      vertex 56.5611911714077 18.03099486976862 0.901
    endloop
  endfacet
  facet normal 0 0 1
    outer loop
      vertex 55.88117806613445 16.19904102385044 0.901
      vertex 57.74518433213234 16.942429058253765 0.901
      vertex 57.42724871635437 17.366724781692028 0.901
    endloop
  endfacet
  facet normal 0 0 1
    outer loop
      vertex 55.88117806613445 16.19904102385044 0.901
      vertex 57.42724871635437 17.366724781692028 0.901
      vertex 57.02465099841356 17.730641022324562 0.901
    endloop
  endfacet
  facet normal 0 0 1
    outer loop
      vertex 56.18953703343868 15.3072649538517 0.901
      vertex 58.191018521785736 15.3072649538517 0.901
      vertex 58.12706922739744 15.91269914060831 0.901
    endloop
  endfacet
  facet normal 0 0 1
    outer loop
      vertex 56.14083617925644 15.646172650158405 0.901
      vertex 58.12706922739744 15.91269914060831 0.901
      vertex 57.97845783829689 16.457753844559193 0.901
    endloop
  endfacet
  facet normal 0.9971759890390917 -0.07510024556490803 0
    outer loop
      vertex 50.50278490036726 15.456039883196354 0.901
      vertex 50.541733615100384 15.973198287189007 0.901
      vertex 50.541733615100384 15.973198287189007 1.5
    endloop
  endfacet
  facet normal 0.9717314927728785 -0.23608876710549614 0
    outer loop
      vertex 50.541733615100384 15.973198287189007 0.901
      vertex 50.658579774200916 16.454132191836834 0.901
      vertex 50.658579774200916 16.454132191836834 1.5
    endloop
  endfacet
  facet normal 0.9160186889225129 -0.40113558997511095 0
    outer loop
      vertex 50.658579774200916 16.454132191836834 0.901
      vertex 50.853323362767696 16.898841589689255 0.901
      vertex 50.853323362767696 16.898841589689255 1.5
    endloop
  endfacet
  facet normal 0.8317515545961183 -0.5551480446033659 0
    outer loop
      vertex 50.853323362767696 16.898841589689255 0.901
      vertex 51.125964388251305 17.30732649564743 0.901
      vertex 51.125964388251305 17.30732649564743 1.5
    endloop
  endfacet
  facet normal -0.9962876053329208 0.08608720845743816 0
    outer loop
      vertex 52.429878920316696 15.605213671922684 0.901
      vertex 52.429878920316696 15.605213671922684 1.5
      vertex 52.44908404350281 15.827474638819695 0.901
    endloop
  endfacet
  facet normal -0.9615447534542978 0.2746482971083451 0
    outer loop
      vertex 52.44908404350281 15.827474638819695 0.901
      vertex 52.44908404350281 15.827474638819695 1.5
      vertex 52.5066994279623 16.029186323285103 0.901
    endloop
  endfacet
  facet normal -0.883553573438551 0.46833010031810585 0
    outer loop
      vertex 52.5066994279623 16.029186323285103 0.901
      vertex 52.5066994279623 16.029186323285103 1.5
      vertex 52.60272507369518 16.210348717868328 0.901
    endloop
  endfacet
  facet normal -0.7668302672899678 0.641849936642512 0
    outer loop
      vertex 52.60272507369518 16.210348717868328 0.901
      vertex 52.60272507369518 16.210348717868328 1.5
      vertex 52.737160965800285 16.37096182256937 0.901
    endloop
  endfacet
  facet normal -0.6295803195749768 0.7769354034949559 0
    outer loop
      vertex 52.737160965800285 16.37096182256937 0.901
      vertex 52.737160965800285 16.37096182256937 1.5
      vertex 52.91000711917877 16.51102563738823 0.901
    endloop
  endfacet
  facet normal -0.49502083826644855 0.8688811021549396 0
    outer loop
      vertex 52.91000711917877 16.51102563738823 0.901
      vertex 52.91000711917877 16.51102563738823 1.5
      vertex 53.11503732204437 16.627835892140865 0.901
    endloop
  endfacet
  facet normal -0.36602622716004196 0.9306045352516747 0
    outer loop
      vertex 53.11503732204437 16.627835892140865 0.901
      vertex 53.11503732204437 16.627835892140865 1.5
      vertex 53.346025355160236 16.718688316643238 0.901
    endloop
  endfacet
  facet normal -0.24487217849027107 0.9695553703638741 0
    outer loop
      vertex 53.346025355160236 16.718688316643238 0.901
      vertex 53.346025355160236 16.718688316643238 1.5
      vertex 53.602971225976944 16.783582903444767 0.901
    endloop
  endfacet
  facet normal 0.7280284442061724 -0.6855469235776206 0
    outer loop
      vertex 51.125964388251305 17.30732649564743 0.901
      vertex 51.47650285065174 17.6795868948102 0.901
      vertex 51.47650285065174 17.6795868948102 1.5
    endloop
  endfacet
  facet normal 0.5990783865913043 -0.8006903813080057 0
    outer loop
      vertex 51.47650285065174 17.6795868948102 0.901
      vertex 51.902501709759235 17.99832022190094 0.901
      vertex 51.902501709759235 17.99832022190094 1.5
    endloop
  endfacet
  facet normal 0.44490430031412836 -0.8955781169512774 0
    outer loop
      vertex 51.902501709759235 17.99832022190094 0.901
      vertex 52.4015239328146 18.24622392654419 0.901
      vertex 52.4015239328146 18.24622392654419 1.5
    endloop
  endfacet
  facet normal 0.29570254518392197 -0.9552800661438249 0
    outer loop
      vertex 52.4015239328146 18.24622392654419 0.901
      vertex 52.97356951236725 18.423298001289368 0.901
      vertex 52.97356951236725 18.423298001289368 1.5
    endloop
  endfacet
  facet normal 0.16251297515722193 -0.9867064066405711 0
    outer loop
      vertex 52.97356951236725 18.423298001289368 0.901
      vertex 53.61863846331835 18.529542446136475 0.901
      vertex 53.61863846331835 18.529542446136475 1.5
    endloop
  endfacet
  facet normal -0.13634718506681068 0.9906611151773128 0
    outer loop
      vertex 53.602971225976944 16.783582903444767 0.901
      vertex 53.602971225976944 16.783582903444767 1.5
      vertex 53.885874927043915 16.822519652545452 0.901
    endloop
  endfacet
  facet normal -0.04198475071193029 0.9991182516137203 0
    outer loop
      vertex 53.885874927043915 16.822519652545452 0.901
      vertex 53.885874927043915 16.822519652545452 1.5
      vertex 54.19473646581173 16.835498571395874 0.901
    endloop
  endfacet
  facet normal 0.0357245287205122 0.9993616752946339 0
    outer loop
      vertex 54.19473646581173 16.835498571395874 0.901
      vertex 54.19473646581173 16.835498571395874 1.5
      vertex 54.47468461841345 16.825491167604923 0.901
    endloop
  endfacet
  facet normal 0.11426629180066569 0.9934501570577786 0
    outer loop
      vertex 54.47468461841345 16.825491167604923 0.901
      vertex 54.47468461841345 16.825491167604923 1.5
      vertex 54.735702849924564 16.79546894133091 0.901
    endloop
  endfacet
  facet normal 0.2024108490015983 0.9793006934575571 0
    outer loop
      vertex 54.735702849924564 16.79546894133091 0.901
      vertex 54.735702849924564 16.79546894133091 1.5
      vertex 54.97779116779566 16.745431907474995 0.901
    endloop
  endfacet
  facet normal 0.7120869879336261 0.7020912487815354 0
    outer loop
      vertex 55.88117806613445 16.19904102385044 0.901
      vertex 55.67022079974413 16.41300170868635 0.901
      vertex 55.67022079974413 16.41300170868635 1.5
    endloop
  endfacet
  facet normal 0.8522924246079372 0.523065601006149 0
    outer loop
      vertex 55.88117806613445 16.19904102385044 0.901
      vertex 55.88117806613445 16.19904102385044 1.5
      vertex 56.03804985433817 15.943431332707405 0.901
    endloop
  endfacet
  facet normal 0.2995011213041691 0.9540959481821234 0
    outer loop
      vertex 54.97779116779566 16.745431907474995 0.901
      vertex 54.97779116779566 16.745431907474995 1.5
      vertex 55.20094957202673 16.675380051136017 0.901
    endloop
  endfacet
  facet normal 0.4035121673037295 0.9149742787848448 0
    outer loop
      vertex 55.40517806261778 16.585313387215137 0.901
      vertex 55.20094957202673 16.675380051136017 0.901
      vertex 55.20094957202673 16.675380051136017 1.5
    endloop
  endfacet
  facet normal 0.5450637311928404 0.8383946140918006 0
    outer loop
      vertex 55.40517806261778 16.585313387215137 0.901
      vertex 55.40517806261778 16.585313387215137 1.5
      vertex 55.67022079974413 16.41300170868635 0.901
    endloop
  endfacet
  facet normal 0.04925804667336603 -0.9987860856249072 0
    outer loop
      vertex 53.61863846331835 18.529542446136475 0.901
      vertex 54.336730770766735 18.56495726108551 0.901
      vertex 54.336730770766735 18.56495726108551 1.5
    endloop
  endfacet
  facet normal -0.054475467221350646 -0.9985151092852904 0
    outer loop
      vertex 54.336730770766735 18.56495726108551 0.901
      vertex 54.94843903183937 18.53158461302519 0.901
      vertex 54.94843903183937 18.53158461302519 1.5
    endloop
  endfacet
  facet normal -0.2964426764552897 -0.9550506476496544 0
    outer loop
      vertex 55.52308518439531 18.431466661393642 0.901
      vertex 56.06066922843456 18.264603413641453 0.901
      vertex 56.06066922843456 18.264603413641453 1.5
    endloop
  endfacet
  facet normal -0.17163984702601767 -0.985159765171561 0
    outer loop
      vertex 54.94843903183937 18.53158461302519 0.901
      vertex 55.52308518439531 18.431466661393642 0.901
      vertex 55.52308518439531 18.431466661393642 1.5
    endloop
  endfacet
  facet normal 0.9898324305614659 0.142238389363705 0
    outer loop
      vertex 56.18953703343868 15.3072649538517 0.901
      vertex 56.14083617925644 15.646172650158405 0.901
      vertex 56.14083617925644 15.646172650158405 1.5
    endloop
  endfacet
  facet normal 0.9450950235827563 0.32679564929648247 0
    outer loop
      vertex 56.14083617925644 15.646172650158405 0.901
      vertex 56.03804985433817 15.943431332707405 0.901
      vertex 56.03804985433817 15.943431332707405 1.5
    endloop
  endfacet
  facet normal -0.994467873489213 -0.10504117572572506 0
    outer loop
      vertex 58.191018521785736 15.3072649538517 0.901
      vertex 58.191018521785736 15.3072649538517 1.5
      vertex 58.12706922739744 15.91269914060831 0.901
    endloop
  endfacet
  facet normal -0.9647817442366986 -0.26305167930958623 0
    outer loop
      vertex 58.12706922739744 15.91269914060831 0.901
      vertex 58.12706922739744 15.91269914060831 1.5
      vertex 57.97845783829689 16.457753844559193 0.901
    endloop
  endfacet
  facet normal -0.8002590076195224 -0.5996545011286226 0
    outer loop
      vertex 57.42724871635437 17.366724781692028 0.901
      vertex 57.74518433213234 16.942429058253765 0.901
      vertex 57.74518433213234 16.942429058253765 1.5
    endloop
  endfacet
  facet normal -0.9010660672321732 -0.43368184476957855 0
    outer loop
      vertex 57.97845783829689 16.457753844559193 0.901
      vertex 57.97845783829689 16.457753844559193 1.5
      vertex 57.74518433213234 16.942429058253765 0.901
    endloop
  endfacet
  facet normal -0.42293249873528377 -0.906161189586891 0
    outer loop
      vertex 56.5611911714077 18.03099486976862 0.901
      vertex 56.5611911714077 18.03099486976862 1.5
      vertex 56.06066922843456 18.264603413641453 0.901
    endloop
  endfacet
  facet normal -0.5438485555841023 -0.8391833819786266 0
    outer loop
      vertex 57.02465099841356 17.730641022324562 0.901
      vertex 57.02465099841356 17.730641022324562 1.5
      vertex 56.5611911714077 18.03099486976862 0.901
    endloop
  endfacet
  facet normal -0.6705699326706384 -0.7418463219549554 0
    outer loop
      vertex 57.42724871635437 17.366724781692028 0.901
      vertex 57.42724871635437 17.366724781692028 1.5
      vertex 57.02465099841356 17.730641022324562 0.901
    endloop
  endfacet
  facet normal -1 0 0
    outer loop
      vertex 40.5821296274662 16.516410253942013 0.901
      vertex 40.5821296274662 14.218974359333515 1.5
      vertex 40.5821296274662 16.516410253942013 1.5
    endloop
  endfacet
  facet normal 0 -1 0
    outer loop
      vertex 38.51304131001234 18.265014238655567 0.901
      vertex 45.579252138733864 18.265014238655567 1.5
      vertex 38.51304131001234 18.265014238655567 1.5
    endloop
  endfacet
  facet normal 0 1 0
    outer loop
      vertex 45.579252138733864 16.516410253942013 0.901
      vertex 40.5821296274662 16.516410253942013 1.5
      vertex 45.579252138733864 16.516410253942013 1.5
    endloop
  endfacet
  facet normal -1 0 0
    outer loop
      vertex 45.579252138733864 18.265014238655567 0.901
      vertex 45.579252138733864 16.516410253942013 1.5
      vertex 45.579252138733864 18.265014238655567 1.5
    endloop
  endfacet
  facet normal 0 -1 0
    outer loop
      vertex 46.810434475541115 18.277777776122093 0.901
      vertex 48.879622504115105 18.277777776122093 1.5
      vertex 46.810434475541115 18.277777776122093 1.5
    endloop
  endfacet
  facet normal -0.8609265278881229 0.5087293126786593 0
    outer loop
      vertex 42.9326181858778 31.295905880630016 0.901
      vertex 39 24.64070588350296 1.5
      vertex 42.9326181858778 31.295905880630016 1.5
    endloop
  endfacet
  facet normal -1 0 0
    outer loop
      vertex 48.879622504115105 18.277777776122093 0.901
      vertex 48.879622504115105 14.545888317469508 1.5
      vertex 48.879622504115105 18.277777776122093 1.5
    endloop
  endfacet
  facet normal 0.9971759890390917 -0.07510024556490803 0
    outer loop
      vertex 50.50278490036726 15.456039883196354 0.901
      vertex 50.541733615100384 15.973198287189007 1.5
      vertex 50.50278490036726 15.456039883196354 1.5
    endloop
  endfacet
  facet normal 0.9717314927728785 -0.23608876710549614 0
    outer loop
      vertex 50.541733615100384 15.973198287189007 0.901
      vertex 50.658579774200916 16.454132191836834 1.5
      vertex 50.541733615100384 15.973198287189007 1.5
    endloop
  endfacet
  facet normal 0.9160186889225129 -0.40113558997511095 0
    outer loop
      vertex 50.658579774200916 16.454132191836834 0.901
      vertex 50.853323362767696 16.898841589689255 1.5
      vertex 50.658579774200916 16.454132191836834 1.5
    endloop
  endfacet
  facet normal 0.8317515545961183 -0.5551480446033659 0
    outer loop
      vertex 50.853323362767696 16.898841589689255 0.901
      vertex 51.125964388251305 17.30732649564743 1.5
      vertex 50.853323362767696 16.898841589689255 1.5
    endloop
  endfacet
  facet normal 0.7280284442061724 -0.6855469235776206 0
    outer loop
      vertex 51.125964388251305 17.30732649564743 0.901
      vertex 51.47650285065174 17.6795868948102 1.5
      vertex 51.125964388251305 17.30732649564743 1.5
    endloop
  endfacet
  facet normal -0.9956705470969709 -0.09295246980913746 0
    outer loop
      vertex 52.429878920316696 15.605213671922684 0.901
      vertex 52.44881282001734 15.402401134371758 1.5
      vertex 52.429878920316696 15.605213671922684 1.5
    endloop
  endfacet
  facet normal -0.9962876053329208 0.08608720845743816 0
    outer loop
      vertex 52.44908404350281 15.827474638819695 0.901
      vertex 52.429878920316696 15.605213671922684 1.5
      vertex 52.44908404350281 15.827474638819695 1.5
    endloop
  endfacet
  facet normal -0.9615447534542978 0.2746482971083451 0
    outer loop
      vertex 52.5066994279623 16.029186323285103 0.901
      vertex 52.44908404350281 15.827474638819695 1.5
      vertex 52.5066994279623 16.029186323285103 1.5
    endloop
  endfacet
  facet normal -0.883553573438551 0.46833010031810585 0
    outer loop
      vertex 52.60272507369518 16.210348717868328 0.901
      vertex 52.5066994279623 16.029186323285103 1.5
      vertex 52.60272507369518 16.210348717868328 1.5
    endloop
  endfacet
  facet normal -0.7668302672899678 0.641849936642512 0
    outer loop
      vertex 52.737160965800285 16.37096182256937 0.901
      vertex 52.60272507369518 16.210348717868328 1.5
      vertex 52.737160965800285 16.37096182256937 1.5
    endloop
  endfacet
  facet normal -0.6295803195749768 0.7769354034949559 0
    outer loop
      vertex 52.91000711917877 16.51102563738823 0.901
      vertex 52.737160965800285 16.37096182256937 1.5
      vertex 52.91000711917877 16.51102563738823 1.5
    endloop
  endfacet
  facet normal -0.49502083826644855 0.8688811021549396 0
    outer loop
      vertex 53.11503732204437 16.627835892140865 0.901
      vertex 52.91000711917877 16.51102563738823 1.5
      vertex 53.11503732204437 16.627835892140865 1.5
    endloop
  endfacet
  facet normal -0.36602622716004196 0.9306045352516747 0
    outer loop
      vertex 53.346025355160236 16.718688316643238 0.901
      vertex 53.11503732204437 16.627835892140865 1.5
      vertex 53.346025355160236 16.718688316643238 1.5
    endloop
  endfacet
  facet normal -0.24487217849027107 0.9695553703638741 0
    outer loop
      vertex 53.602971225976944 16.783582903444767 0.901
      vertex 53.346025355160236 16.718688316643238 1.5
      vertex 53.602971225976944 16.783582903444767 1.5
    endloop
  endfacet
  facet normal 0.5990783865913043 -0.8006903813080057 0
    outer loop
      vertex 51.47650285065174 17.6795868948102 0.901
      vertex 51.902501709759235 17.99832022190094 1.5
      vertex 51.47650285065174 17.6795868948102 1.5
    endloop
  endfacet
  facet normal 0.44490430031412836 -0.8955781169512774 0
    outer loop
      vertex 51.902501709759235 17.99832022190094 0.901
      vertex 52.4015239328146 18.24622392654419 1.5
      vertex 51.902501709759235 17.99832022190094 1.5
    endloop
  endfacet
  facet normal 0.29570254518392197 -0.9552800661438249 0
    outer loop
      vertex 52.4015239328146 18.24622392654419 0.901
      vertex 52.97356951236725 18.423298001289368 1.5
      vertex 52.4015239328146 18.24622392654419 1.5
    endloop
  endfacet
  facet normal 0.16251297515722193 -0.9867064066405711 0
    outer loop
      vertex 52.97356951236725 18.423298001289368 0.901
      vertex 53.61863846331835 18.529542446136475 1.5
      vertex 52.97356951236725 18.423298001289368 1.5
    endloop
  endfacet
  facet normal -0.13634718506681068 0.9906611151773128 0
    outer loop
      vertex 53.885874927043915 16.822519652545452 0.901
      vertex 53.602971225976944 16.783582903444767 1.5
      vertex 53.885874927043915 16.822519652545452 1.5
    endloop
  endfacet
  facet normal -0.04198475071193029 0.9991182516137203 0
    outer loop
      vertex 54.19473646581173 16.835498571395874 0.901
      vertex 53.885874927043915 16.822519652545452 1.5
      vertex 54.19473646581173 16.835498571395874 1.5
    endloop
  endfacet
  facet normal 0.0357245287205122 0.9993616752946339 0
    outer loop
      vertex 54.47468461841345 16.825491167604923 0.901
      vertex 54.19473646581173 16.835498571395874 1.5
      vertex 54.47468461841345 16.825491167604923 1.5
    endloop
  endfacet
  facet normal 0.11426629180066569 0.9934501570577786 0
    outer loop
      vertex 54.735702849924564 16.79546894133091 0.901
      vertex 54.47468461841345 16.825491167604923 1.5
      vertex 54.735702849924564 16.79546894133091 1.5
    endloop
  endfacet
  facet normal 0.8522924246079372 0.523065601006149 0
    outer loop
      vertex 56.03804985433817 15.943431332707405 0.901
      vertex 55.88117806613445 16.19904102385044 1.5
      vertex 56.03804985433817 15.943431332707405 1.5
    endloop
  endfacet
  facet normal 0.7120869879336261 0.7020912487815354 0
    outer loop
      vertex 55.88117806613445 16.19904102385044 0.901
      vertex 55.67022079974413 16.41300170868635 1.5
      vertex 55.88117806613445 16.19904102385044 1.5
    endloop
  endfacet
  facet normal 0.2995011213041691 0.9540959481821234 0
    outer loop
      vertex 55.20094957202673 16.675380051136017 0.901
      vertex 54.97779116779566 16.745431907474995 1.5
      vertex 55.20094957202673 16.675380051136017 1.5
    endloop
  endfacet
  facet normal 0.2024108490015983 0.9793006934575571 0
    outer loop
      vertex 54.97779116779566 16.745431907474995 0.901
      vertex 54.735702849924564 16.79546894133091 1.5
      vertex 54.97779116779566 16.745431907474995 1.5
    endloop
  endfacet
  facet normal 0.4035121673037295 0.9149742787848448 0
    outer loop
      vertex 55.40517806261778 16.585313387215137 0.901
      vertex 55.20094957202673 16.675380051136017 1.5
      vertex 55.40517806261778 16.585313387215137 1.5
    endloop
  endfacet
  facet normal 0.5450637311928404 0.8383946140918006 0
    outer loop
      vertex 55.67022079974413 16.41300170868635 0.901
      vertex 55.40517806261778 16.585313387215137 1.5
      vertex 55.67022079974413 16.41300170868635 1.5
    endloop
  endfacet
  facet normal 0.04925804667336603 -0.9987860856249072 0
    outer loop
      vertex 53.61863846331835 18.529542446136475 0.901
      vertex 54.336730770766735 18.56495726108551 1.5
      vertex 53.61863846331835 18.529542446136475 1.5
    endloop
  endfacet
  facet normal -0.054475467221350646 -0.9985151092852904 0
    outer loop
      vertex 54.336730770766735 18.56495726108551 0.901
      vertex 54.94843903183937 18.53158461302519 1.5
      vertex 54.336730770766735 18.56495726108551 1.5
    endloop
  endfacet
  facet normal -0.2964426764552897 -0.9550506476496544 0
    outer loop
      vertex 55.52308518439531 18.431466661393642 0.901
      vertex 56.06066922843456 18.264603413641453 1.5
      vertex 55.52308518439531 18.431466661393642 1.5
    endloop
  endfacet
  facet normal -0.17163984702601767 -0.985159765171561 0
    outer loop
      vertex 54.94843903183937 18.53158461302519 0.901
      vertex 55.52308518439531 18.431466661393642 1.5
      vertex 54.94843903183937 18.53158461302519 1.5
    endloop
  endfacet
  facet normal 0.9450950235827563 0.32679564929648247 0
    outer loop
      vertex 56.14083617925644 15.646172650158405 0.901
      vertex 56.03804985433817 15.943431332707405 1.5
      vertex 56.14083617925644 15.646172650158405 1.5
    endloop
  endfacet
  facet normal -0.994467873489213 -0.10504117572572506 0
    outer loop
      vertex 58.12706922739744 15.91269914060831 0.901
      vertex 58.191018521785736 15.3072649538517 1.5
      vertex 58.12706922739744 15.91269914060831 1.5
    endloop
  endfacet
  facet normal -0.9647817442366986 -0.26305167930958623 0
    outer loop
      vertex 57.97845783829689 16.457753844559193 0.901
      vertex 58.12706922739744 15.91269914060831 1.5
      vertex 57.97845783829689 16.457753844559193 1.5
    endloop
  endfacet
  facet normal -0.9010660672321732 -0.43368184476957855 0
    outer loop
      vertex 57.74518433213234 16.942429058253765 0.901
      vertex 57.97845783829689 16.457753844559193 1.5
      vertex 57.74518433213234 16.942429058253765 1.5
    endloop
  endfacet
  facet normal -0.8002590076195224 -0.5996545011286226 0
    outer loop
      vertex 57.42724871635437 17.366724781692028 0.901
      vertex 57.74518433213234 16.942429058253765 1.5
      vertex 57.42724871635437 17.366724781692028 1.5
    endloop
  endfacet
  facet normal -0.42293249873528377 -0.906161189586891 0
    outer loop
      vertex 56.06066922843456 18.264603413641453 0.901
      vertex 56.5611911714077 18.03099486976862 1.5
      vertex 56.06066922843456 18.264603413641453 1.5
    endloop
  endfacet
  facet normal -0.6705699326706384 -0.7418463219549554 0
    outer loop
      vertex 57.02465099841356 17.730641022324562 0.901
      vertex 57.42724871635437 17.366724781692028 1.5
      vertex 57.02465099841356 17.730641022324562 1.5
    endloop
  endfacet
  facet normal -0.5438485555841023 -0.8391833819786266 0
    outer loop
      vertex 56.5611911714077 18.03099486976862 0.901
      vertex 57.02465099841356 17.730641022324562 1.5
      vertex 56.5611911714077 18.03099486976862 1.5
    endloop
  endfacet
  facet normal 0 0 1
    outer loop
      vertex 60.41285840421915 10.008966945111752 0.901
      vertex 62.19876780360937 11.03595270216465 0.901
      vertex 60.068266950547695 10.686403416097164 0.901
    endloop
  endfacet
  facet normal 0 0 1
    outer loop
      vertex 60.068266950547695 10.686403416097164 0.901
      vertex 62.004722222685814 11.470443300902843 0.901
      vertex 59.82213019579649 11.44601310044527 0.901
    endloop
  endfacet
  facet normal 0 0 1
    outer loop
      vertex 61.38496097177267 8.917385749518871 0.901
      vertex 62.448254987597466 10.668717943131924 0.901
      vertex 60.855904556810856 9.413703702390194 0.901
    endloop
  endfacet
  facet normal 0 0 1
    outer loop
      vertex 61.98758319020271 8.531360678374767 0.901
      vertex 62.7405159547925 10.368471793830395 0.901
      vertex 61.38496097177267 8.917385749518871 0.901
    endloop
  endfacet
  facet normal 0 0 1
    outer loop
      vertex 61.98758319020271 8.531360678374767 0.901
      vertex 62.663771227002144 8.255628488957882 0.901
      vertex 63.062803134322166 10.134947001934052 0.901
    endloop
  endfacet
  facet normal 0 0 1
    outer loop
      vertex 61.98758319020271 8.531360678374767 0.901
      vertex 63.062803134322166 10.134947001934052 0.901
      vertex 62.7405159547925 10.368471793830395 0.901
    endloop
  endfacet
  facet normal 0 0 1
    outer loop
      vertex 62.663771227002144 8.255628488957882 0.901
      vertex 63.41352507472038 8.090189173817635 0.901
      vertex 63.415116526186466 9.968143589794636 0.901
    endloop
  endfacet
  facet normal 0 0 1
    outer loop
      vertex 62.663771227002144 8.255628488957882 0.901
      vertex 63.415116526186466 9.968143589794636 0.901
      vertex 63.062803134322166 10.134947001934052 0.901
    endloop
  endfacet
  facet normal 0 0 1
    outer loop
      vertex 60.41285840421915 10.008966945111752 0.901
      vertex 60.855904556810856 9.413703702390194 0.901
      vertex 62.19876780360937 11.03595270216465 0.901
    endloop
  endfacet
  facet normal 0 0 1
    outer loop
      vertex 60.855904556810856 9.413703702390194 0.901
      vertex 62.448254987597466 10.668717943131924 0.901
      vertex 62.19876780360937 11.03595270216465 0.901
    endloop
  endfacet
  facet normal 0 0 1
    outer loop
      vertex 60.068266950547695 10.686403416097164 0.901
      vertex 62.19876780360937 11.03595270216465 0.901
      vertex 62.004722222685814 11.470443300902843 0.901
    endloop
  endfacet
  facet normal 0 0 1
    outer loop
      vertex 61.38496097177267 8.917385749518871 0.901
      vertex 62.7405159547925 10.368471793830395 0.901
      vertex 62.448254987597466 10.668717943131924 0.901
    endloop
  endfacet
  facet normal 0 0 1
    outer loop
      vertex 59.82213019579649 11.44601310044527 0.901
      vertex 61.86611822992563 11.972189739346504 0.901
      vertex 59.674448147416115 12.287796005606651 0.901
    endloop
  endfacet
  facet normal 0 0 1
    outer loop
      vertex 59.674448147416115 12.287796005606651 0.901
      vertex 61.78295584022999 12.541192017495632 0.901
      vertex 59.62522079795599 13.211752131581306 0.901
    endloop
  endfacet
  facet normal 0 0 1
    outer loop
      vertex 59.62522079795599 13.211752131581306 0.901
      vertex 61.78146809339523 13.81698290258646 0.901
      vertex 59.681208834052086 14.207363530993462 0.901
    endloop
  endfacet
  facet normal 0 0 1
    outer loop
      vertex 59.681208834052086 14.207363530993462 0.901
      vertex 61.86016723513603 14.395729340612888 0.901
      vertex 59.84917293488979 15.1072803363204 0.901
    endloop
  endfacet
  facet normal 0 0 1
    outer loop
      vertex 59.84917293488979 15.1072803363204 0.901
      vertex 61.99133247882128 14.913689456880093 0.901
      vertex 60.12911310791969 15.911502562463284 0.901
    endloop
  endfacet
  facet normal 0 0 1
    outer loop
      vertex 59.82213019579649 11.44601310044527 0.901
      vertex 62.004722222685814 11.470443300902843 0.901
      vertex 61.86611822992563 11.972189739346504 0.901
    endloop
  endfacet
  facet normal 0 0 1
    outer loop
      vertex 59.674448147416115 12.287796005606651 0.901
      vertex 61.86611822992563 11.972189739346504 0.901
      vertex 61.78295584022999 12.541192017495632 0.901
    endloop
  endfacet
  facet normal 0 0 1
    outer loop
      vertex 59.62522079795599 13.211752131581306 0.901
      vertex 61.78295584022999 12.541192017495632 0.901
      vertex 61.7552350461483 13.177450142800808 0.901
    endloop
  endfacet
  facet normal 0 0 1
    outer loop
      vertex 59.62522079795599 13.211752131581306 0.901
      vertex 61.7552350461483 13.177450142800808 0.901
      vertex 61.78146809339523 13.81698290258646 0.901
    endloop
  endfacet
  facet normal 0 0 1
    outer loop
      vertex 59.681208834052086 14.207363530993462 0.901
      vertex 61.78146809339523 13.81698290258646 0.901
      vertex 61.86016723513603 14.395729340612888 0.901
    endloop
  endfacet
  facet normal 0 0 1
    outer loop
      vertex 59.84917293488979 15.1072803363204 0.901
      vertex 61.86016723513603 14.395729340612888 0.901
      vertex 61.99133247882128 14.913689456880093 0.901
    endloop
  endfacet
  facet normal 0 0 1
    outer loop
      vertex 60.12911310791969 15.911502562463284 0.901
      vertex 61.99133247882128 14.913689456880093 0.901
      vertex 62.17496381700039 15.370863243937492 0.901
    endloop
  endfacet
  facet normal 0 0 1
    outer loop
      vertex 63.41352507472038 8.090189173817635 0.901
      vertex 64.23684472590685 8.035042732954025 0.901
      vertex 63.79745612293482 9.868061535060406 0.901
    endloop
  endfacet
  facet normal 0 0 1
    outer loop
      vertex 64.23684472590685 8.035042732954025 0.901
      vertex 64.90709373354912 8.075905978679657 0.901
      vertex 64.6271455809474 9.863370940089226 0.901
    endloop
  endfacet
  facet normal 0 0 1
    outer loop
      vertex 63.41352507472038 8.090189173817635 0.901
      vertex 63.79745612293482 9.868061535060406 0.901
      vertex 63.415116526186466 9.968143589794636 0.901
    endloop
  endfacet
  facet normal 0 0 1
    outer loop
      vertex 64.23684472590685 8.035042732954025 0.901
      vertex 64.20982193946838 9.834700852632523 0.901
      vertex 63.79745612293482 9.868061535060406 0.901
    endloop
  endfacet
  facet normal 0 0 1
    outer loop
      vertex 64.23684472590685 8.035042732954025 0.901
      vertex 64.6271455809474 9.863370940089226 0.901
      vertex 64.20982193946838 9.834700852632523 0.901
    endloop
  endfacet
  facet normal 0 0 1
    outer loop
      vertex 64.90709373354912 8.075905978679657 0.901
      vertex 65.52757293730974 8.198495723307133 0.901
      vertex 65.00282023102045 9.949381195008755 0.901
    endloop
  endfacet
  facet normal 0 0 1
    outer loop
      vertex 64.90709373354912 8.075905978679657 0.901
      vertex 65.00282023102045 9.949381195008755 0.901
      vertex 64.6271455809474 9.863370940089226 0.901
    endloop
  endfacet
  facet normal 0 0 1
    outer loop
      vertex 65.52757293730974 8.198495723307133 0.901
      vertex 66.09828233718872 8.402811959385872 0.901
      vertex 65.00282023102045 9.949381195008755 0.901
    endloop
  endfacet
  facet normal 0 0 1
    outer loop
      vertex 65.00282023102045 9.949381195008755 0.901
      vertex 66.09828233718872 8.402811959385872 0.901
      vertex 65.3368458673358 10.09273161739111 0.901
    endloop
  endfacet
  facet normal 0 0 1
    outer loop
      vertex 65.3368458673358 10.09273161739111 0.901
      vertex 66.09828233718872 8.402811959385872 0.901
      vertex 66.61922194063663 8.688854694366455 0.901
    endloop
  endfacet
  facet normal 0 0 1
    outer loop
      vertex 65.6292225047946 10.293422222137451 0.901
      vertex 66.61922194063663 8.688854694366455 0.901
      vertex 67.0903917402029 9.056623928248882 0.901
    endloop
  endfacet
  facet normal 0 0 1
    outer loop
      vertex 65.3368458673358 10.09273161739111 0.901
      vertex 66.61922194063663 8.688854694366455 0.901
      vertex 65.6292225047946 10.293422222137451 0.901
    endloop
  endfacet
  facet normal 0 0 1
    outer loop
      vertex 65.6292225047946 10.293422222137451 0.901
      vertex 67.0903917402029 9.056623928248882 0.901
      vertex 65.87995014339685 10.551452986896038 0.901
    endloop
  endfacet
  facet normal 0 0 1
    outer loop
      vertex 67.0903917402029 9.056623928248882 0.901
      vertex 67.50042820721865 9.48954301327467 0.901
      vertex 65.87995014339685 10.551452986896038 0.901
    endloop
  endfacet
  facet normal 0 0 1
    outer loop
      vertex 67.50042820721865 9.48954301327467 0.901
      vertex 66.00277521461248 10.721032477915287 0.901
      vertex 65.87995014339685 10.551452986896038 0.901
    endloop
  endfacet
  facet normal 0 0 1
    outer loop
      vertex 66.00277521461248 10.721032477915287 0.901
      vertex 67.84339230507612 9.971115097403526 0.901
      vertex 66.11693703383207 10.921451851725578 0.901
    endloop
  endfacet
  facet normal 0 0 1
    outer loop
      vertex 66.11693703383207 10.921451851725578 0.901
      vertex 67.84339230507612 9.971115097403526 0.901
      vertex 66.22243561595678 11.152711108326912 0.901
    endloop
  endfacet
  facet normal 0 0 1
    outer loop
      vertex 68.11928404867649 10.501340165734291 0.901
      vertex 66.31927093863487 11.414810255169868 0.901
      vertex 66.22243561595678 11.152711108326912 0.901
    endloop
  endfacet
  facet normal 0 0 1
    outer loop
      vertex 66.31927093863487 11.414810255169868 0.901
      vertex 68.32810341566801 11.080218233168125 0.901
      vertex 66.4074430167675 11.707749284803867 0.901
    endloop
  endfacet
  facet normal 0 0 1
    outer loop
      vertex 67.50042820721865 9.48954301327467 0.901
      vertex 67.84339230507612 9.971115097403526 0.901
      vertex 66.00277521461248 10.721032477915287 0.901
    endloop
  endfacet
  facet normal 0 0 1
    outer loop
      vertex 67.84339230507612 9.971115097403526 0.901
      vertex 68.11928404867649 10.501340165734291 0.901
      vertex 66.22243561595678 11.152711108326912 0.901
    endloop
  endfacet
  facet normal 0 0 1
    outer loop
      vertex 68.11928404867649 10.501340165734291 0.901
      vertex 68.32810341566801 11.080218233168125 0.901
      vertex 66.31927093863487 11.414810255169868 0.901
    endloop
  endfacet
  facet normal 0 0 1
    outer loop
      vertex 66.4074430167675 11.707749284803867 0.901
      vertex 68.32810341566801 11.080218233168125 0.901
      vertex 68.46985042840242 11.707749284803867 0.901
    endloop
  endfacet
  facet normal 0 0 1
    outer loop
      vertex 66.4074430167675 14.951282046735287 0.901
      vertex 68.35700085759163 15.696736179292202 0.901
      vertex 66.32168005406857 15.223919086158276 0.901
    endloop
  endfacet
  facet normal 0 0 1
    outer loop
      vertex 66.4074430167675 14.951282046735287 0.901
      vertex 68.49009259045124 14.951282046735287 0.901
      vertex 68.4473467245698 15.324272364377975 0.901
    endloop
  endfacet
  facet normal 0 0 1
    outer loop
      vertex 66.4074430167675 14.951282046735287 0.901
      vertex 68.4473467245698 15.324272364377975 0.901
      vertex 68.35700085759163 15.696736179292202 0.901
    endloop
  endfacet
  facet normal -0.9975353104760084 -0.07016626221720428 0
    outer loop
      vertex 58.51559116691351 11.224629625678062 0.901
      vertex 58.51559116691351 11.224629625678062 1.5
      vertex 58.479889176785946 11.732195436954498 0.901
    endloop
  endfacet
  facet normal 0.891314829041216 0.4533849088040183 0
    outer loop
      vertex 60.41285840421915 10.008966945111752 0.901
      vertex 60.068266950547695 10.686403416097164 0.901
      vertex 60.068266950547695 10.686403416097164 1.5
    endloop
  endfacet
  facet normal 0.8021947816962355 0.5970624190311504 0
    outer loop
      vertex 60.41285840421915 10.008966945111752 0.901
      vertex 60.41285840421915 10.008966945111752 1.5
      vertex 60.855904556810856 9.413703702390194 0.901
    endloop
  endfacet
  facet normal 0.9513047933481127 0.308251829115262 0
    outer loop
      vertex 60.068266950547695 10.686403416097164 0.901
      vertex 59.82213019579649 11.44601310044527 0.901
      vertex 59.82213019579649 11.44601310044527 1.5
    endloop
  endfacet
  facet normal 0.6841814185348944 0.7293118582140151 0
    outer loop
      vertex 61.38496097177267 8.917385749518871 0.901
      vertex 60.855904556810856 9.413703702390194 0.901
      vertex 60.855904556810856 9.413703702390194 1.5
    endloop
  endfacet
  facet normal 0.5393974792376557 0.8420512807377368 0
    outer loop
      vertex 61.98758319020271 8.531360678374767 0.901
      vertex 61.38496097177267 8.917385749518871 0.901
      vertex 61.38496097177267 8.917385749518871 1.5
    endloop
  endfacet
  facet normal 0.3775883405535578 0.9259735660795131 0
    outer loop
      vertex 61.98758319020271 8.531360678374767 0.901
      vertex 61.98758319020271 8.531360678374767 1.5
      vertex 62.663771227002144 8.255628488957882 0.901
    endloop
  endfacet
  facet normal 0.2154747824110788 0.9765094050468219 0
    outer loop
      vertex 62.663771227002144 8.255628488957882 0.901
      vertex 62.663771227002144 8.255628488957882 1.5
      vertex 63.41352507472038 8.090189173817635 0.901
    endloop
  endfacet
  facet normal -0.9130779797702827 -0.407784995872358 0
    outer loop
      vertex 62.19876780360937 11.03595270216465 0.901
      vertex 62.19876780360937 11.03595270216465 1.5
      vertex 62.004722222685814 11.470443300902843 0.901
    endloop
  endfacet
  facet normal -0.7165713442410131 -0.6975138053204593 0
    outer loop
      vertex 62.7405159547925 10.368471793830395 0.901
      vertex 62.7405159547925 10.368471793830395 1.5
      vertex 62.448254987597466 10.668717943131924 0.901
    endloop
  endfacet
  facet normal -0.42791478001934957 -0.9038190864553545 0
    outer loop
      vertex 63.062803134322166 10.134947001934052 0.901
      vertex 63.415116526186466 9.968143589794636 0.901
      vertex 63.415116526186466 9.968143589794636 1.5
    endloop
  endfacet
  facet normal -0.5867478297863367 -0.8097697106221151 0
    outer loop
      vertex 62.7405159547925 10.368471793830395 0.901
      vertex 63.062803134322166 10.134947001934052 0.901
      vertex 63.062803134322166 10.134947001934052 1.5
    endloop
  endfacet
  facet normal -0.827169884352676 -0.561951939599803 0
    outer loop
      vertex 62.448254987597466 10.668717943131924 0.901
      vertex 62.448254987597466 10.668717943131924 1.5
      vertex 62.19876780360937 11.03595270216465 0.901
    endloop
  endfacet
  facet normal 0.9985836949355849 0.0532034229048721 0
    outer loop
      vertex 59.674448147416115 12.287796005606651 0.901
      vertex 59.62522079795599 13.211752131581306 0.901
      vertex 59.62522079795599 13.211752131581306 1.5
    endloop
  endfacet
  facet normal 0.9849568579688931 0.17280042806673232 0
    outer loop
      vertex 59.82213019579649 11.44601310044527 0.901
      vertex 59.674448147416115 12.287796005606651 0.901
      vertex 59.674448147416115 12.287796005606651 1.5
    endloop
  endfacet
  facet normal 0.9984225623732391 -0.056146121362526405 0
    outer loop
      vertex 59.62522079795599 13.211752131581306 0.901
      vertex 59.681208834052086 14.207363530993462 0.901
      vertex 59.681208834052086 14.207363530993462 1.5
    endloop
  endfacet
  facet normal 0.9830242621270014 -0.1834756116481539 0
    outer loop
      vertex 59.681208834052086 14.207363530993462 0.901
      vertex 59.84917293488979 15.1072803363204 0.901
      vertex 59.84917293488979 15.1072803363204 1.5
    endloop
  endfacet
  facet normal -0.963898404881797 -0.26627028573674366 0
    outer loop
      vertex 62.004722222685814 11.470443300902843 0.901
      vertex 62.004722222685814 11.470443300902843 1.5
      vertex 61.86611822992563 11.972189739346504 0.901
    endloop
  endfacet
  facet normal -0.9894875164099918 -0.1446183075159787 0
    outer loop
      vertex 61.86611822992563 11.972189739346504 0.901
      vertex 61.86611822992563 11.972189739346504 1.5
      vertex 61.78295584022999 12.541192017495632 0.901
    endloop
  endfacet
  facet normal -0.9990522432089683 -0.04352717931509445 0
    outer loop
      vertex 61.78295584022999 12.541192017495632 0.901
      vertex 61.78295584022999 12.541192017495632 1.5
      vertex 61.7552350461483 13.177450142800808 0.901
    endloop
  endfacet
  facet normal -0.9991597775700374 0.04098461767777902 0
    outer loop
      vertex 61.7552350461483 13.177450142800808 0.901
      vertex 61.7552350461483 13.177450142800808 1.5
      vertex 61.78146809339523 13.81698290258646 0.901
    endloop
  endfacet
  facet normal -0.9908807138869766 0.13474201589272541 0
    outer loop
      vertex 61.78146809339523 13.81698290258646 0.901
      vertex 61.78146809339523 13.81698290258646 1.5
      vertex 61.86016723513603 14.395729340612888 0.901
    endloop
  endfacet
  facet normal -0.9694002978021754 0.24548536131723542 0
    outer loop
      vertex 61.86016723513603 14.395729340612888 0.901
      vertex 61.86016723513603 14.395729340612888 1.5
      vertex 61.99133247882128 14.913689456880093 0.901
    endloop
  endfacet
  facet normal -0.9279425267288979 0.3727233117045252 0
    outer loop
      vertex 61.99133247882128 14.913689456880093 0.901
      vertex 61.99133247882128 14.913689456880093 1.5
      vertex 62.17496381700039 15.370863243937492 0.901
    endloop
  endfacet
  facet normal 0.06683084871433505 0.9977643196968519 0
    outer loop
      vertex 63.41352507472038 8.090189173817635 0.901
      vertex 63.41352507472038 8.090189173817635 1.5
      vertex 64.23684472590685 8.035042732954025 0.901
    endloop
  endfacet
  facet normal -0.06085426735405039 0.9981466616408642 0
    outer loop
      vertex 64.23684472590685 8.035042732954025 0.901
      vertex 64.23684472590685 8.035042732954025 1.5
      vertex 64.90709373354912 8.075905978679657 0.901
    endloop
  endfacet
  facet normal -0.19382590862732643 0.9810359408017584 0
    outer loop
      vertex 64.90709373354912 8.075905978679657 0.901
      vertex 64.90709373354912 8.075905978679657 1.5
      vertex 65.52757293730974 8.198495723307133 0.901
    endloop
  endfacet
  facet normal -0.3370553203478302 0.9414848437575729 0
    outer loop
      vertex 65.52757293730974 8.198495723307133 0.901
      vertex 65.52757293730974 8.198495723307133 1.5
      vertex 66.09828233718872 8.402811959385872 0.901
    endloop
  endfacet
  facet normal -0.25323032901096093 -0.9674060163493922 0
    outer loop
      vertex 63.415116526186466 9.968143589794636 0.901
      vertex 63.79745612293482 9.868061535060406 0.901
      vertex 63.79745612293482 9.868061535060406 1.5
    endloop
  endfacet
  facet normal -0.08063724617796258 -0.996743514916869 0
    outer loop
      vertex 63.79745612293482 9.868061535060406 0.901
      vertex 64.20982193946838 9.834700852632523 0.901
      vertex 64.20982193946838 9.834700852632523 1.5
    endloop
  endfacet
  facet normal 0.06853833912590403 -0.9976484832193464 0
    outer loop
      vertex 64.20982193946838 9.834700852632523 0.901
      vertex 64.6271455809474 9.863370940089226 0.901
      vertex 64.6271455809474 9.863370940089226 1.5
    endloop
  endfacet
  facet normal 0.2231743631598534 -0.9747785408123191 0
    outer loop
      vertex 64.6271455809474 9.863370940089226 0.901
      vertex 65.00282023102045 9.949381195008755 0.901
      vertex 65.00282023102045 9.949381195008755 1.5
    endloop
  endfacet
  facet normal 0.3943761436475517 -0.9189491048592876 0
    outer loop
      vertex 65.00282023102045 9.949381195008755 0.901
      vertex 65.3368458673358 10.09273161739111 0.901
      vertex 65.3368458673358 10.09273161739111 1.5
    endloop
  endfacet
  facet normal 0.5659191193576348 -0.8244607633753587 0
    outer loop
      vertex 65.3368458673358 10.09273161739111 0.901
      vertex 65.6292225047946 10.293422222137451 0.901
      vertex 65.6292225047946 10.293422222137451 1.5
    endloop
  endfacet
  facet normal 0.71718327132898 -0.6968846068940416 0
    outer loop
      vertex 65.6292225047946 10.293422222137451 0.901
      vertex 65.87995014339685 10.551452986896038 0.901
      vertex 65.87995014339685 10.551452986896038 1.5
    endloop
  endfacet
  facet normal -0.48130623351269586 0.8765525138757074 0
    outer loop
      vertex 66.09828233718872 8.402811959385872 0.901
      vertex 66.09828233718872 8.402811959385872 1.5
      vertex 66.61922194063663 8.688854694366455 0.901
    endloop
  endfacet
  facet normal -0.6152988764765375 0.7882939125774794 0
    outer loop
      vertex 66.61922194063663 8.688854694366455 0.901
      vertex 66.61922194063663 8.688854694366455 1.5
      vertex 67.0903917402029 9.056623928248882 0.901
    endloop
  endfacet
  facet normal -0.7260342352441552 0.6876585557189228 0
    outer loop
      vertex 67.0903917402029 9.056623928248882 0.901
      vertex 67.0903917402029 9.056623928248882 1.5
      vertex 67.50042820721865 9.48954301327467 0.901
    endloop
  endfacet
  facet normal -0.8145454460839406 0.5800997468228323 0
    outer loop
      vertex 67.50042820721865 9.48954301327467 0.901
      vertex 67.50042820721865 9.48954301327467 1.5
      vertex 67.84339230507612 9.971115097403526 0.901
    endloop
  endfacet
  facet normal 0.8098828373931568 -0.5865916720309023 0
    outer loop
      vertex 65.87995014339685 10.551452986896038 0.901
      vertex 66.00277521461248 10.721032477915287 0.901
      vertex 66.00277521461248 10.721032477915287 1.5
    endloop
  endfacet
  facet normal 0.8689212737175543 -0.4949503208212547 0
    outer loop
      vertex 66.00277521461248 10.721032477915287 0.901
      vertex 66.11693703383207 10.921451851725578 0.901
      vertex 66.11693703383207 10.921451851725578 1.5
    endloop
  endfacet
  facet normal 0.9098013652361788 -0.4150439444376768 0
    outer loop
      vertex 66.11693703383207 10.921451851725578 0.901
      vertex 66.22243561595678 11.152711108326912 0.901
      vertex 66.22243561595678 11.152711108326912 1.5
    endloop
  endfacet
  facet normal 0.9380263866496861 -0.34656384397241075 0
    outer loop
      vertex 66.22243561595678 11.152711108326912 0.901
      vertex 66.31927093863487 11.414810255169868 0.901
      vertex 66.31927093863487 11.414810255169868 1.5
    endloop
  endfacet
  facet normal 0.9575646514560404 -0.2882185599191557 0
    outer loop
      vertex 66.31927093863487 11.414810255169868 0.901
      vertex 66.4074430167675 11.707749284803867 0.901
      vertex 66.4074430167675 11.707749284803867 1.5
    endloop
  endfacet
  facet normal -0.8870971285543269 0.461582803525725 0
    outer loop
      vertex 67.84339230507612 9.971115097403526 0.901
      vertex 67.84339230507612 9.971115097403526 1.5
      vertex 68.11928404867649 10.501340165734291 0.901
    endloop
  endfacet
  facet normal -0.9406680165871041 0.3393282814179855 0
    outer loop
      vertex 68.11928404867649 10.501340165734291 0.901
      vertex 68.11928404867649 10.501340165734291 1.5
      vertex 68.32810341566801 11.080218233168125 0.901
    endloop
  endfacet
  facet normal 0 -1 0
    outer loop
      vertex 66.4074430167675 11.707749284803867 0.901
      vertex 68.46985042840242 11.707749284803867 0.901
      vertex 68.46985042840242 11.707749284803867 1.5
    endloop
  endfacet
  facet normal 0.9539165887903251 0.300071894103113 0
    outer loop
      vertex 66.4074430167675 14.951282046735287 0.901
      vertex 66.32168005406857 15.223919086158276 0.901
      vertex 66.32168005406857 15.223919086158276 1.5
    endloop
  endfacet
  facet normal 0.9321775054096343 0.362001517135317 0
    outer loop
      vertex 66.32168005406857 15.223919086158276 0.901
      vertex 66.22672735154629 15.468428485095501 0.901
      vertex 66.22672735154629 15.468428485095501 1.5
    endloop
  endfacet
  facet normal 0 1 0
    outer loop
      vertex 66.4074430167675 14.951282046735287 0.901
      vertex 66.4074430167675 14.951282046735287 1.5
      vertex 68.49009259045124 14.951282046735287 0.901
    endloop
  endfacet
  facet normal 0 0 1
    outer loop
      vertex 70.04594729095697 8.309458687901497 0.901
      vertex 72.1083547025919 8.309458687901497 0.901
      vertex 72.1083547025919 12.757549852132797 0.901
    endloop
  endfacet
  facet normal 0 0 1
    outer loop
      vertex 70.04594729095697 8.309458687901497 0.901
      vertex 72.1083547025919 12.757549852132797 0.901
      vertex 72.1083547025919 14.474245011806488 0.901
    endloop
  endfacet
  facet normal 0 0 1
    outer loop
      vertex 70.04594729095697 8.309458687901497 0.901
      vertex 72.1083547025919 14.474245011806488 0.901
      vertex 70.04594729095697 18.277777776122093 0.901
    endloop
  endfacet
  facet normal 0 0 1
    outer loop
      vertex 76.00322649627924 8.309458687901497 0.901
      vertex 78 8.309458687901497 0.901
      vertex 76.00322649627924 12.757549852132797 0.901
    endloop
  endfacet
  facet normal 0 0 1
    outer loop
      vertex 72.1083547025919 12.757549852132797 0.901
      vertex 76.00322649627924 12.757549852132797 0.901
      vertex 76.00322649627924 14.474245011806488 0.901
    endloop
  endfacet
  facet normal 0 0 1
    outer loop
      vertex 72.1083547025919 12.757549852132797 0.901
      vertex 76.00322649627924 14.474245011806488 0.901
      vertex 72.1083547025919 14.474245011806488 0.901
    endloop
  endfacet
  facet normal 0 0 1
    outer loop
      vertex 76.00322649627924 12.757549852132797 0.901
      vertex 78 8.309458687901497 0.901
      vertex 76.00322649627924 14.474245011806488 0.901
    endloop
  endfacet
  facet normal 0 0 1
    outer loop
      vertex 76.00322649627924 14.474245011806488 0.901
      vertex 78 8.309458687901497 0.901
      vertex 76.00322649627924 18.277777776122093 0.901
    endloop
  endfacet
  facet normal 0 0 1
    outer loop
      vertex 76.00322649627924 18.277777776122093 0.901
      vertex 78 8.309458687901497 0.901
      vertex 78 18.277777776122093 0.901
    endloop
  endfacet
  facet normal -0.9754254862092024 0.22032957326137817 0
    outer loop
      vertex 68.32810341566801 11.080218233168125 0.901
      vertex 68.32810341566801 11.080218233168125 1.5
      vertex 68.46985042840242 11.707749284803867 0.901
    endloop
  endfacet
  facet normal 0 1 0
    outer loop
      vertex 70.04594729095697 8.309458687901497 0.901
      vertex 70.04594729095697 8.309458687901497 1.5
      vertex 72.1083547025919 8.309458687901497 0.901
    endloop
  endfacet
  facet normal -1 0 0
    outer loop
      vertex 72.1083547025919 8.309458687901497 0.901
      vertex 72.1083547025919 8.309458687901497 1.5
      vertex 72.1083547025919 12.757549852132797 0.901
    endloop
  endfacet
  facet normal 1 0 0
    outer loop
      vertex 70.04594729095697 8.309458687901497 0.901
      vertex 70.04594729095697 18.277777776122093 0.901
      vertex 70.04594729095697 12.041348146554082 1.5
    endloop
  endfacet
  facet normal -0.9934970459550343 -0.11385789247399832 0
    outer loop
      vertex 68.49009259045124 14.951282046735287 0.901
      vertex 68.49009259045124 14.951282046735287 1.5
      vertex 68.4473467245698 15.324272364377975 0.901
    endloop
  endfacet
  facet normal -0.9718192654914926 -0.2357272050900701 0
    outer loop
      vertex 68.4473467245698 15.324272364377975 0.901
      vertex 68.4473467245698 15.324272364377975 1.5
      vertex 68.35700085759163 15.696736179292202 0.901
    endloop
  endfacet
  facet normal 0 1 0
    outer loop
      vertex 76.00322649627924 8.309458687901497 0.901
      vertex 76.00322649627924 8.309458687901497 1.5
      vertex 78 8.309458687901497 0.901
    endloop
  endfacet
  facet normal 1 0 0
    outer loop
      vertex 76.00322649627924 8.309458687901497 0.901
      vertex 76.00322649627924 12.757549852132797 0.901
      vertex 76.00322649627924 12.757549852132797 1.5
    endloop
  endfacet
  facet normal 0 1 0
    outer loop
      vertex 72.1083547025919 12.757549852132797 0.901
      vertex 72.1083547025919 12.757549852132797 1.5
      vertex 76.00322649627924 12.757549852132797 0.901
    endloop
  endfacet
  facet normal 0 -1 0
    outer loop
      vertex 72.1083547025919 14.474245011806488 0.901
      vertex 76.00322649627924 14.474245011806488 0.901
      vertex 76.00322649627924 14.474245011806488 1.5
    endloop
  endfacet
  facet normal 0.8021947816962355 0.5970624190311504 0
    outer loop
      vertex 60.855904556810856 9.413703702390194 0.901
      vertex 60.41285840421915 10.008966945111752 1.5
      vertex 60.855904556810856 9.413703702390194 1.5
    endloop
  endfacet
  facet normal -0.9968789055516926 0.0789458527476889 0
    outer loop
      vertex 58.51559116691351 11.224629625678062 0.901
      vertex 58.47380256652832 10.696949288249016 1.5
      vertex 58.51559116691351 11.224629625678062 1.5
    endloop
  endfacet
  facet normal 0.891314829041216 0.4533849088040183 0
    outer loop
      vertex 60.41285840421915 10.008966945111752 0.901
      vertex 60.068266950547695 10.686403416097164 1.5
      vertex 60.41285840421915 10.008966945111752 1.5
    endloop
  endfacet
  facet normal 0.9513047933481127 0.308251829115262 0
    outer loop
      vertex 60.068266950547695 10.686403416097164 0.901
      vertex 59.82213019579649 11.44601310044527 1.5
      vertex 60.068266950547695 10.686403416097164 1.5
    endloop
  endfacet
  facet normal 0.5393974792376557 0.8420512807377368 0
    outer loop
      vertex 61.98758319020271 8.531360678374767 0.901
      vertex 61.38496097177267 8.917385749518871 1.5
      vertex 61.98758319020271 8.531360678374767 1.5
    endloop
  endfacet
  facet normal 0.6841814185348944 0.7293118582140151 0
    outer loop
      vertex 61.38496097177267 8.917385749518871 0.901
      vertex 60.855904556810856 9.413703702390194 1.5
      vertex 61.38496097177267 8.917385749518871 1.5
    endloop
  endfacet
  facet normal 0.3775883405535578 0.9259735660795131 0
    outer loop
      vertex 62.663771227002144 8.255628488957882 0.901
      vertex 61.98758319020271 8.531360678374767 1.5
      vertex 62.663771227002144 8.255628488957882 1.5
    endloop
  endfacet
  facet normal 0.2154747824110788 0.9765094050468219 0
    outer loop
      vertex 63.41352507472038 8.090189173817635 0.901
      vertex 62.663771227002144 8.255628488957882 1.5
      vertex 63.41352507472038 8.090189173817635 1.5
    endloop
  endfacet
  facet normal -0.9130779797702827 -0.407784995872358 0
    outer loop
      vertex 62.004722222685814 11.470443300902843 0.901
      vertex 62.19876780360937 11.03595270216465 1.5
      vertex 62.004722222685814 11.470443300902843 1.5
    endloop
  endfacet
  facet normal -0.7165713442410131 -0.6975138053204593 0
    outer loop
      vertex 62.448254987597466 10.668717943131924 0.901
      vertex 62.7405159547925 10.368471793830395 1.5
      vertex 62.448254987597466 10.668717943131924 1.5
    endloop
  endfacet
  facet normal -0.42791478001934957 -0.9038190864553545 0
    outer loop
      vertex 63.062803134322166 10.134947001934052 0.901
      vertex 63.415116526186466 9.968143589794636 1.5
      vertex 63.062803134322166 10.134947001934052 1.5
    endloop
  endfacet
  facet normal -0.5867478297863367 -0.8097697106221151 0
    outer loop
      vertex 62.7405159547925 10.368471793830395 0.901
      vertex 63.062803134322166 10.134947001934052 1.5
      vertex 62.7405159547925 10.368471793830395 1.5
    endloop
  endfacet
  facet normal -0.827169884352676 -0.561951939599803 0
    outer loop
      vertex 62.19876780360937 11.03595270216465 0.901
      vertex 62.448254987597466 10.668717943131924 1.5
      vertex 62.19876780360937 11.03595270216465 1.5
    endloop
  endfacet
  facet normal 0.9985836949355849 0.0532034229048721 0
    outer loop
      vertex 59.674448147416115 12.287796005606651 0.901
      vertex 59.62522079795599 13.211752131581306 1.5
      vertex 59.674448147416115 12.287796005606651 1.5
    endloop
  endfacet
  facet normal 0.9984225623732391 -0.056146121362526405 0
    outer loop
      vertex 59.62522079795599 13.211752131581306 0.901
      vertex 59.681208834052086 14.207363530993462 1.5
      vertex 59.62522079795599 13.211752131581306 1.5
    endloop
  endfacet
  facet normal 0.9849568579688931 0.17280042806673232 0
    outer loop
      vertex 59.82213019579649 11.44601310044527 0.901
      vertex 59.674448147416115 12.287796005606651 1.5
      vertex 59.82213019579649 11.44601310044527 1.5
    endloop
  endfacet
  facet normal 0.9830242621270014 -0.1834756116481539 0
    outer loop
      vertex 59.681208834052086 14.207363530993462 0.901
      vertex 59.84917293488979 15.1072803363204 1.5
      vertex 59.681208834052086 14.207363530993462 1.5
    endloop
  endfacet
  facet normal 0.9444199953367503 -0.3287413457539722 0
    outer loop
      vertex 59.84917293488979 15.1072803363204 0.901
      vertex 60.12911310791969 15.911502562463284 1.5
      vertex 59.84917293488979 15.1072803363204 1.5
    endloop
  endfacet
  facet normal -0.963898404881797 -0.26627028573674366 0
    outer loop
      vertex 61.86611822992563 11.972189739346504 0.901
      vertex 62.004722222685814 11.470443300902843 1.5
      vertex 61.86611822992563 11.972189739346504 1.5
    endloop
  endfacet
  facet normal -0.9894875164099918 -0.1446183075159787 0
    outer loop
      vertex 61.78295584022999 12.541192017495632 0.901
      vertex 61.86611822992563 11.972189739346504 1.5
      vertex 61.78295584022999 12.541192017495632 1.5
    endloop
  endfacet
  facet normal -0.9990522432089683 -0.04352717931509445 0
    outer loop
      vertex 61.7552350461483 13.177450142800808 0.901
      vertex 61.78295584022999 12.541192017495632 1.5
      vertex 61.7552350461483 13.177450142800808 1.5
    endloop
  endfacet
  facet normal -0.9991597775700374 0.04098461767777902 0
    outer loop
      vertex 61.78146809339523 13.81698290258646 0.901
      vertex 61.7552350461483 13.177450142800808 1.5
      vertex 61.78146809339523 13.81698290258646 1.5
    endloop
  endfacet
  facet normal -0.9908807138869766 0.13474201589272541 0
    outer loop
      vertex 61.86016723513603 14.395729340612888 0.901
      vertex 61.78146809339523 13.81698290258646 1.5
      vertex 61.86016723513603 14.395729340612888 1.5
    endloop
  endfacet
  facet normal -0.9694002978021754 0.24548536131723542 0
    outer loop
      vertex 61.99133247882128 14.913689456880093 0.901
      vertex 61.86016723513603 14.395729340612888 1.5
      vertex 61.99133247882128 14.913689456880093 1.5
    endloop
  endfacet
  facet normal -0.9279425267288979 0.3727233117045252 0
    outer loop
      vertex 62.17496381700039 15.370863243937492 0.901
      vertex 61.99133247882128 14.913689456880093 1.5
      vertex 62.17496381700039 15.370863243937492 1.5
    endloop
  endfacet
  facet normal 0.06683084871433505 0.9977643196968519 0
    outer loop
      vertex 64.23684472590685 8.035042732954025 0.901
      vertex 63.41352507472038 8.090189173817635 1.5
      vertex 64.23684472590685 8.035042732954025 1.5
    endloop
  endfacet
  facet normal -0.06085426735405039 0.9981466616408642 0
    outer loop
      vertex 64.90709373354912 8.075905978679657 0.901
      vertex 64.23684472590685 8.035042732954025 1.5
      vertex 64.90709373354912 8.075905978679657 1.5
    endloop
  endfacet
  facet normal -0.19382590862732643 0.9810359408017584 0
    outer loop
      vertex 65.52757293730974 8.198495723307133 0.901
      vertex 64.90709373354912 8.075905978679657 1.5
      vertex 65.52757293730974 8.198495723307133 1.5
    endloop
  endfacet
  facet normal -0.25323032901096093 -0.9674060163493922 0
    outer loop
      vertex 63.415116526186466 9.968143589794636 0.901
      vertex 63.79745612293482 9.868061535060406 1.5
      vertex 63.415116526186466 9.968143589794636 1.5
    endloop
  endfacet
  facet normal -0.08063724617796258 -0.996743514916869 0
    outer loop
      vertex 63.79745612293482 9.868061535060406 0.901
      vertex 64.20982193946838 9.834700852632523 1.5
      vertex 63.79745612293482 9.868061535060406 1.5
    endloop
  endfacet
  facet normal 0.06853833912590403 -0.9976484832193464 0
    outer loop
      vertex 64.20982193946838 9.834700852632523 0.901
      vertex 64.6271455809474 9.863370940089226 1.5
      vertex 64.20982193946838 9.834700852632523 1.5
    endloop
  endfacet
  facet normal 0.2231743631598534 -0.9747785408123191 0
    outer loop
      vertex 64.6271455809474 9.863370940089226 0.901
      vertex 65.00282023102045 9.949381195008755 1.5
      vertex 64.6271455809474 9.863370940089226 1.5
    endloop
  endfacet
  facet normal 0.3943761436475517 -0.9189491048592876 0
    outer loop
      vertex 65.00282023102045 9.949381195008755 0.901
      vertex 65.3368458673358 10.09273161739111 1.5
      vertex 65.00282023102045 9.949381195008755 1.5
    endloop
  endfacet
  facet normal 0.5659191193576348 -0.8244607633753587 0
    outer loop
      vertex 65.3368458673358 10.09273161739111 0.901
      vertex 65.6292225047946 10.293422222137451 1.5
      vertex 65.3368458673358 10.09273161739111 1.5
    endloop
  endfacet
  facet normal 0.71718327132898 -0.6968846068940416 0
    outer loop
      vertex 65.6292225047946 10.293422222137451 0.901
      vertex 65.87995014339685 10.551452986896038 1.5
      vertex 65.6292225047946 10.293422222137451 1.5
    endloop
  endfacet
  facet normal -0.3370553203478302 0.9414848437575729 0
    outer loop
      vertex 66.09828233718872 8.402811959385872 0.901
      vertex 65.52757293730974 8.198495723307133 1.5
      vertex 66.09828233718872 8.402811959385872 1.5
    endloop
  endfacet
  facet normal -0.48130623351269586 0.8765525138757074 0
    outer loop
      vertex 66.61922194063663 8.688854694366455 0.901
      vertex 66.09828233718872 8.402811959385872 1.5
      vertex 66.61922194063663 8.688854694366455 1.5
    endloop
  endfacet
  facet normal -0.6152988764765375 0.7882939125774794 0
    outer loop
      vertex 67.0903917402029 9.056623928248882 0.901
      vertex 66.61922194063663 8.688854694366455 1.5
      vertex 67.0903917402029 9.056623928248882 1.5
    endloop
  endfacet
  facet normal -0.7260342352441552 0.6876585557189228 0
    outer loop
      vertex 67.50042820721865 9.48954301327467 0.901
      vertex 67.0903917402029 9.056623928248882 1.5
      vertex 67.50042820721865 9.48954301327467 1.5
    endloop
  endfacet
  facet normal 0.8098828373931568 -0.5865916720309023 0
    outer loop
      vertex 65.87995014339685 10.551452986896038 0.901
      vertex 66.00277521461248 10.721032477915287 1.5
      vertex 65.87995014339685 10.551452986896038 1.5
    endloop
  endfacet
  facet normal 0.8689212737175543 -0.4949503208212547 0
    outer loop
      vertex 66.00277521461248 10.721032477915287 0.901
      vertex 66.11693703383207 10.921451851725578 1.5
      vertex 66.00277521461248 10.721032477915287 1.5
    endloop
  endfacet
  facet normal 0.9098013652361788 -0.4150439444376768 0
    outer loop
      vertex 66.11693703383207 10.921451851725578 0.901
      vertex 66.22243561595678 11.152711108326912 1.5
      vertex 66.11693703383207 10.921451851725578 1.5
    endloop
  endfacet
  facet normal 0.9380263866496861 -0.34656384397241075 0
    outer loop
      vertex 66.22243561595678 11.152711108326912 0.901
      vertex 66.31927093863487 11.414810255169868 1.5
      vertex 66.22243561595678 11.152711108326912 1.5
    endloop
  endfacet
  facet normal 0.9575646514560404 -0.2882185599191557 0
    outer loop
      vertex 66.31927093863487 11.414810255169868 0.901
      vertex 66.4074430167675 11.707749284803867 1.5
      vertex 66.31927093863487 11.414810255169868 1.5
    endloop
  endfacet
  facet normal -0.8145454460839406 0.5800997468228323 0
    outer loop
      vertex 67.84339230507612 9.971115097403526 0.901
      vertex 67.50042820721865 9.48954301327467 1.5
      vertex 67.84339230507612 9.971115097403526 1.5
    endloop
  endfacet
  facet normal -0.8870971285543269 0.461582803525725 0
    outer loop
      vertex 68.11928404867649 10.501340165734291 0.901
      vertex 67.84339230507612 9.971115097403526 1.5
      vertex 68.11928404867649 10.501340165734291 1.5
    endloop
  endfacet
  facet normal 0 -1 0
    outer loop
      vertex 66.4074430167675 11.707749284803867 0.901
      vertex 68.46985042840242 11.707749284803867 1.5
      vertex 66.4074430167675 11.707749284803867 1.5
    endloop
  endfacet
  facet normal 0.9539165887903251 0.300071894103113 0
    outer loop
      vertex 66.4074430167675 14.951282046735287 0.901
      vertex 66.32168005406857 15.223919086158276 1.5
      vertex 66.4074430167675 14.951282046735287 1.5
    endloop
  endfacet
  facet normal 0.9321775054096343 0.362001517135317 0
    outer loop
      vertex 66.32168005406857 15.223919086158276 0.901
      vertex 66.22672735154629 15.468428485095501 1.5
      vertex 66.32168005406857 15.223919086158276 1.5
    endloop
  endfacet
  facet normal 0 1 0
    outer loop
      vertex 68.49009259045124 14.951282046735287 0.901
      vertex 66.4074430167675 14.951282046735287 1.5
      vertex 68.49009259045124 14.951282046735287 1.5
    endloop
  endfacet
  facet normal 1 0 0
    outer loop
      vertex 70.04594729095697 8.309458687901497 0.901
      vertex 70.04594729095697 12.041348146554082 1.5
      vertex 70.04594729095697 8.309458687901497 1.5
    endloop
  endfacet
  facet normal -0.9406680165871041 0.3393282814179855 0
    outer loop
      vertex 68.32810341566801 11.080218233168125 0.901
      vertex 68.11928404867649 10.501340165734291 1.5
      vertex 68.32810341566801 11.080218233168125 1.5
    endloop
  endfacet
  facet normal -0.9754254862092024 0.22032957326137817 0
    outer loop
      vertex 68.46985042840242 11.707749284803867 0.901
      vertex 68.32810341566801 11.080218233168125 1.5
      vertex 68.46985042840242 11.707749284803867 1.5
    endloop
  endfacet
  facet normal 0 1 0
    outer loop
      vertex 72.1083547025919 8.309458687901497 0.901
      vertex 70.04594729095697 8.309458687901497 1.5
      vertex 72.1083547025919 8.309458687901497 1.5
    endloop
  endfacet
  facet normal -1 0 0
    outer loop
      vertex 72.1083547025919 12.757549852132797 0.901
      vertex 72.1083547025919 8.309458687901497 1.5
      vertex 72.1083547025919 12.757549852132797 1.5
    endloop
  endfacet
  facet normal -0.9934970459550343 -0.11385789247399832 0
    outer loop
      vertex 68.4473467245698 15.324272364377975 0.901
      vertex 68.49009259045124 14.951282046735287 1.5
      vertex 68.4473467245698 15.324272364377975 1.5
    endloop
  endfacet
  facet normal 0 1 0
    outer loop
      vertex 78 8.309458687901497 1.5
      vertex 78 8.309458687901497 0.901
      vertex 76.00322649627924 8.309458687901497 1.5
    endloop
  endfacet
  facet normal 1 0 0
    outer loop
      vertex 76.00322649627924 8.309458687901497 0.901
      vertex 76.00322649627924 12.757549852132797 1.5
      vertex 76.00322649627924 8.309458687901497 1.5
    endloop
  endfacet
  facet normal 0 1 0
    outer loop
      vertex 76.00322649627924 12.757549852132797 0.901
      vertex 72.1083547025919 12.757549852132797 1.5
      vertex 76.00322649627924 12.757549852132797 1.5
    endloop
  endfacet
  facet normal 0 -1 0
    outer loop
      vertex 72.1083547025919 14.474245011806488 0.901
      vertex 76.00322649627924 14.474245011806488 1.5
      vertex 72.1083547025919 14.474245011806488 1.5
    endloop
  endfacet
  facet normal 0 0 1
    outer loop
      vertex 60.12911310791969 15.911502562463284 0.901
      vertex 62.17496381700039 15.370863243937492 0.901
      vertex 60.521029345691204 16.62003019452095 0.901
    endloop
  endfacet
  facet normal 0 0 1
    outer loop
      vertex 60.521029345691204 16.62003019452095 0.901
      vertex 62.17496381700039 15.370863243937492 0.901
      vertex 62.41106125712395 15.767250709235668 0.901
    endloop
  endfacet
  facet normal 0 0 1
    outer loop
      vertex 62.41106125712395 15.767250709235668 0.901
      vertex 62.692636750638485 16.096681475639343 0.901
      vertex 61.02492165565491 17.23286324739456 0.901
    endloop
  endfacet
  facet normal 0 0 1
    outer loop
      vertex 60.521029345691204 16.62003019452095 0.901
      vertex 62.41106125712395 15.767250709235668 0.901
      vertex 61.02492165565491 17.23286324739456 0.901
    endloop
  endfacet
  facet normal 0 0 1
    outer loop
      vertex 61.02492165565491 17.23286324739456 0.901
      vertex 62.692636750638485 16.096681475639343 0.901
      vertex 61.53827891498804 17.675658114254475 0.901
    endloop
  endfacet
  facet normal 0 0 1
    outer loop
      vertex 62.692636750638485 16.096681475639343 0.901
      vertex 63.01262250542641 16.35290540754795 0.901
      vertex 61.53827891498804 17.675658114254475 0.901
    endloop
  endfacet
  facet normal 0 0 1
    outer loop
      vertex 63.01262250542641 16.35290540754795 0.901
      vertex 62.10465271025896 18.020054131746292 0.901
      vertex 61.53827891498804 17.675658114254475 0.901
    endloop
  endfacet
  facet normal 0 0 1
    outer loop
      vertex 63.01262250542641 16.35290540754795 0.901
      vertex 63.37101852148771 16.53592250496149 0.901
      vertex 62.10465271025896 18.020054131746292 0.901
    endloop
  endfacet
  facet normal 0 0 1
    outer loop
      vertex 62.10465271025896 18.020054131746292 0.901
      vertex 63.37101852148771 16.53592250496149 0.901
      vertex 62.724043019115925 18.266051277518272 0.901
    endloop
  endfacet
  facet normal 0 0 1
    outer loop
      vertex 62.724043019115925 18.266051277518272 0.901
      vertex 63.37101852148771 16.53592250496149 0.901
      vertex 63.396449856460094 18.413649566471577 0.901
    endloop
  endfacet
  facet normal 0 0 1
    outer loop
      vertex 63.37101852148771 16.53592250496149 0.901
      vertex 63.76782478392124 16.645732760429382 0.901
      vertex 63.396449856460094 18.413649566471577 0.901
    endloop
  endfacet
  facet normal 0 0 1
    outer loop
      vertex 63.76782478392124 16.645732760429382 0.901
      vertex 64.20304130762815 16.682336181402206 0.901
      vertex 64.12187322229147 18.462848998606205 0.901
    endloop
  endfacet
  facet normal 0 0 1
    outer loop
      vertex 64.20304130762815 16.682336181402206 0.901
      vertex 64.62741681188345 16.656370364129543 0.901
      vertex 64.12187322229147 18.462848998606205 0.901
    endloop
  endfacet
  facet normal 0 0 1
    outer loop
      vertex 65.0079735070467 16.578472934663296 0.901
      vertex 65.07394501566887 18.396773785352707 0.901
      vertex 64.62741681188345 16.656370364129543 0.901
    endloop
  endfacet
  facet normal 0 0 1
    outer loop
      vertex 65.0079735070467 16.578472934663296 0.901
      vertex 65.3447113931179 16.448643870651722 0.901
      vertex 65.91782991588116 18.198548145592213 0.901
    endloop
  endfacet
  facet normal 0 0 1
    outer loop
      vertex 63.76782478392124 16.645732760429382 0.901
      vertex 64.12187322229147 18.462848998606205 0.901
      vertex 63.396449856460094 18.413649566471577 0.901
    endloop
  endfacet
  facet normal 0 0 1
    outer loop
      vertex 64.62741681188345 16.656370364129543 0.901
      vertex 65.07394501566887 18.396773785352707 0.901
      vertex 64.12187322229147 18.462848998606205 0.901
    endloop
  endfacet
  facet normal 0 0 1
    outer loop
      vertex 65.0079735070467 16.578472934663296 0.901
      vertex 65.91782991588116 18.198548145592213 0.901
      vertex 65.07394501566887 18.396773785352707 0.901
    endloop
  endfacet
  facet normal 0 0 1
    outer loop
      vertex 66.00925270467997 15.873064383864403 0.901
      vertex 67.28103902935982 17.405645579099655 0.901
      vertex 65.8867307677865 16.03319088369608 0.901
    endloop
  endfacet
  facet normal 0 0 1
    outer loop
      vertex 66.32168005406857 15.223919086158276 0.901
      vertex 68.21905498206615 16.068673498928547 0.901
      vertex 66.22672735154629 15.468428485095501 0.901
    endloop
  endfacet
  facet normal 0 0 1
    outer loop
      vertex 66.22672735154629 15.468428485095501 0.901
      vertex 68.03350912034512 16.44008433073759 0.901
      vertex 66.12258490175009 15.684810250997543 0.901
    endloop
  endfacet
  facet normal 0 0 1
    outer loop
      vertex 66.12258490175009 15.684810250997543 0.901
      vertex 67.80036325007677 16.810968659818172 0.901
      vertex 66.00925270467997 15.873064383864403 0.901
    endloop
  endfacet
  facet normal 0 0 1
    outer loop
      vertex 65.3447113931179 16.448643870651722 0.901
      vertex 65.63763048499823 16.266883186995983 0.901
      vertex 66.65352792292833 17.868172079324722 0.901
    endloop
  endfacet
  facet normal 0 0 1
    outer loop
      vertex 65.63763048499823 16.266883186995983 0.901
      vertex 65.8867307677865 16.03319088369608 0.901
      vertex 67.28103902935982 17.405645579099655 0.901
    endloop
  endfacet
  facet normal 0 0 1
    outer loop
      vertex 66.00925270467997 15.873064383864403 0.901
      vertex 67.80036325007677 16.810968659818172 0.901
      vertex 67.28103902935982 17.405645579099655 0.901
    endloop
  endfacet
  facet normal 0 0 1
    outer loop
      vertex 65.63763048499823 16.266883186995983 0.901
      vertex 67.28103902935982 17.405645579099655 0.901
      vertex 66.65352792292833 17.868172079324722 0.901
    endloop
  endfacet
  facet normal 0 0 1
    outer loop
      vertex 66.32168005406857 15.223919086158276 0.901
      vertex 68.35700085759163 15.696736179292202 0.901
      vertex 68.21905498206615 16.068673498928547 0.901
    endloop
  endfacet
  facet normal 0 0 1
    outer loop
      vertex 66.12258490175009 15.684810250997543 0.901
      vertex 68.03350912034512 16.44008433073759 0.901
      vertex 67.80036325007677 16.810968659818172 0.901
    endloop
  endfacet
  facet normal 0 0 1
    outer loop
      vertex 66.22672735154629 15.468428485095501 0.901
      vertex 68.21905498206615 16.068673498928547 0.901
      vertex 68.03350912034512 16.44008433073759 0.901
    endloop
  endfacet
  facet normal 0 0 1
    outer loop
      vertex 65.3447113931179 16.448643870651722 0.901
      vertex 66.65352792292833 17.868172079324722 0.901
      vertex 65.91782991588116 18.198548145592213 0.901
    endloop
  endfacet
  facet normal 0.9444199953367503 -0.3287413457539722 0
    outer loop
      vertex 59.84917293488979 15.1072803363204 0.901
      vertex 60.12911310791969 15.911502562463284 0.901
      vertex 60.12911310791969 15.911502562463284 1.5
    endloop
  endfacet
  facet normal 0.8750524652182389 -0.4840280809162654 0
    outer loop
      vertex 60.12911310791969 15.911502562463284 0.901
      vertex 60.521029345691204 16.62003019452095 0.901
      vertex 60.521029345691204 16.62003019452095 1.5
    endloop
  endfacet
  facet normal 0.7724209379832949 -0.6351109309128656 0
    outer loop
      vertex 60.521029345691204 16.62003019452095 0.901
      vertex 61.02492165565491 17.23286324739456 0.901
      vertex 61.02492165565491 17.23286324739456 1.5
    endloop
  endfacet
  facet normal -0.8591475554141915 0.5117279335993091 0
    outer loop
      vertex 62.17496381700039 15.370863243937492 0.901
      vertex 62.17496381700039 15.370863243937492 1.5
      vertex 62.41106125712395 15.767250709235668 0.901
    endloop
  endfacet
  facet normal -0.7601608652719519 0.6497349143373761 0
    outer loop
      vertex 62.41106125712395 15.767250709235668 0.901
      vertex 62.41106125712395 15.767250709235668 1.5
      vertex 62.692636750638485 16.096681475639343 0.901
    endloop
  endfacet
  facet normal -0.6250450278821527 0.7805886965103958 0
    outer loop
      vertex 62.692636750638485 16.096681475639343 0.901
      vertex 62.692636750638485 16.096681475639343 1.5
      vertex 63.01262250542641 16.35290540754795 0.901
    endloop
  endfacet
  facet normal -0.45478970359305493 0.8905988577949903 0
    outer loop
      vertex 63.01262250542641 16.35290540754795 0.901
      vertex 63.01262250542641 16.35290540754795 1.5
      vertex 63.37101852148771 16.53592250496149 0.901
    endloop
  endfacet
  facet normal 0.6531473429969434 -0.7572308421716809 0
    outer loop
      vertex 61.02492165565491 17.23286324739456 0.901
      vertex 61.53827891498804 17.675658114254475 0.901
      vertex 61.53827891498804 17.675658114254475 1.5
    endloop
  endfacet
  facet normal 0.5195580495602321 -0.8544351544366414 0
    outer loop
      vertex 61.53827891498804 17.675658114254475 0.901
      vertex 62.10465271025896 18.020054131746292 0.901
      vertex 62.10465271025896 18.020054131746292 1.5
    endloop
  endfacet
  facet normal 0.36911429011138214 -0.9293840115020112 0
    outer loop
      vertex 62.10465271025896 18.020054131746292 0.901
      vertex 62.724043019115925 18.266051277518272 0.901
      vertex 62.724043019115925 18.266051277518272 1.5
    endloop
  endfacet
  facet normal 0.21440284364446038 -0.976745320253529 0
    outer loop
      vertex 62.724043019115925 18.266051277518272 0.901
      vertex 63.396449856460094 18.413649566471577 0.901
      vertex 63.396449856460094 18.413649566471577 1.5
    endloop
  endfacet
  facet normal -0.2667108931304995 0.9637765817270781 0
    outer loop
      vertex 63.37101852148771 16.53592250496149 0.901
      vertex 63.37101852148771 16.53592250496149 1.5
      vertex 63.76782478392124 16.645732760429382 0.901
    endloop
  endfacet
  facet normal -0.08380804752973758 0.9964819171310905 0
    outer loop
      vertex 63.76782478392124 16.645732760429382 0.901
      vertex 63.76782478392124 16.645732760429382 1.5
      vertex 64.20304130762815 16.682336181402206 0.901
    endloop
  endfacet
  facet normal 0.061071736428118285 0.9981333793685364 0
    outer loop
      vertex 64.20304130762815 16.682336181402206 0.901
      vertex 64.20304130762815 16.682336181402206 1.5
      vertex 64.62741681188345 16.656370364129543 0.901
    endloop
  endfacet
  facet normal 0.5272557113461089 0.8497066640040601 0
    outer loop
      vertex 65.3447113931179 16.448643870651722 0.901
      vertex 65.3447113931179 16.448643870651722 1.5
      vertex 65.63763048499823 16.266883186995983 0.901
    endloop
  endfacet
  facet normal 0.6841916316060804 0.7293022770019366 0
    outer loop
      vertex 65.63763048499823 16.266883186995983 0.901
      vertex 65.63763048499823 16.266883186995983 1.5
      vertex 65.8867307677865 16.03319088369608 0.901
    endloop
  endfacet
  facet normal 0.20053531820674017 0.97968647339428 0
    outer loop
      vertex 65.0079735070467 16.578472934663296 0.901
      vertex 64.62741681188345 16.656370364129543 0.901
      vertex 64.62741681188345 16.656370364129543 1.5
    endloop
  endfacet
  facet normal 0.35973807925449836 0.9330533287729509 0
    outer loop
      vertex 65.0079735070467 16.578472934663296 0.901
      vertex 65.0079735070467 16.578472934663296 1.5
      vertex 65.3447113931179 16.448643870651722 0.901
    endloop
  endfacet
  facet normal 0.06766623467664344 -0.9977080137418388 0
    outer loop
      vertex 63.396449856460094 18.413649566471577 0.901
      vertex 64.12187322229147 18.462848998606205 0.901
      vertex 64.12187322229147 18.462848998606205 1.5
    endloop
  endfacet
  facet normal -0.22867257440743344 -0.9735033917320869 0
    outer loop
      vertex 65.07394501566887 18.396773785352707 0.901
      vertex 65.91782991588116 18.198548145592213 0.901
      vertex 65.91782991588116 18.198548145592213 1.5
    endloop
  endfacet
  facet normal -0.06923496563362644 -0.9976003806804158 0
    outer loop
      vertex 64.12187322229147 18.462848998606205 0.901
      vertex 65.07394501566887 18.396773785352707 0.901
      vertex 65.07394501566887 18.396773785352707 1.5
    endloop
  endfacet
  facet normal 0.7941848643662801 0.6076762305796677 0
    outer loop
      vertex 66.00925270467997 15.873064383864403 0.901
      vertex 65.8867307677865 16.03319088369608 0.901
      vertex 65.8867307677865 16.03319088369608 1.5
    endloop
  endfacet
  facet normal 0.8567296033438457 0.5157658255005819 0
    outer loop
      vertex 66.12258490175009 15.684810250997543 0.901
      vertex 66.00925270467997 15.873064383864403 0.901
      vertex 66.00925270467997 15.873064383864403 1.5
    endloop
  endfacet
  facet normal 0.901068985178923 0.4336757820637739 0
    outer loop
      vertex 66.22672735154629 15.468428485095501 0.901
      vertex 66.12258490175009 15.684810250997543 0.901
      vertex 66.12258490175009 15.684810250997543 1.5
    endloop
  endfacet
  facet normal -0.8945808591692155 -0.44690612706481003 0
    outer loop
      vertex 68.03350912034512 16.44008433073759 0.901
      vertex 68.21905498206615 16.068673498928547 0.901
      vertex 68.21905498206615 16.068673498928547 1.5
    endloop
  endfacet
  facet normal -0.7532153848977963 -0.6577739611395883 0
    outer loop
      vertex 67.80036325007677 16.810968659818172 0.901
      vertex 67.80036325007677 16.810968659818172 1.5
      vertex 67.28103902935982 17.405645579099655 0.901
    endloop
  endfacet
  facet normal -0.8466174418011824 -0.5322019421591975 0
    outer loop
      vertex 68.03350912034512 16.44008433073759 0.901
      vertex 68.03350912034512 16.44008433073759 1.5
      vertex 67.80036325007677 16.810968659818172 0.901
    endloop
  endfacet
  facet normal -0.4096550792509221 -0.912240492438217 0
    outer loop
      vertex 66.65352792292833 17.868172079324722 0.901
      vertex 66.65352792292833 17.868172079324722 1.5
      vertex 65.91782991588116 18.198548145592213 0.901
    endloop
  endfacet
  facet normal -0.5933236531968165 -0.8049640007833792 0
    outer loop
      vertex 66.65352792292833 17.868172079324722 0.901
      vertex 67.28103902935982 17.405645579099655 0.901
      vertex 67.28103902935982 17.405645579099655 1.5
    endloop
  endfacet
  facet normal 0 0 1
    outer loop
      vertex 72.1083547025919 14.474245011806488 0.901
      vertex 72.1083547025919 18.277777776122093 0.901
      vertex 70.04594729095697 18.277777776122093 0.901
    endloop
  endfacet
  facet normal -0.9375915934768747 -0.3477384129507336 0
    outer loop
      vertex 68.35700085759163 15.696736179292202 0.901
      vertex 68.35700085759163 15.696736179292202 1.5
      vertex 68.21905498206615 16.068673498928547 0.901
    endloop
  endfacet
  facet normal -1 0 0
    outer loop
      vertex 72.1083547025919 14.474245011806488 0.901
      vertex 72.1083547025919 14.474245011806488 1.5
      vertex 72.1083547025919 18.277777776122093 0.901
    endloop
  endfacet
  facet normal 0 -1 0
    outer loop
      vertex 70.04594729095697 18.277777776122093 0.901
      vertex 72.1083547025919 18.277777776122093 0.901
      vertex 72.1083547025919 18.277777776122093 1.5
    endloop
  endfacet
  facet normal 1 0 0
    outer loop
      vertex 76.00322649627924 14.474245011806488 0.901
      vertex 76.00322649627924 18.277777776122093 0.901
      vertex 76.00322649627924 18.277777776122093 1.5
    endloop
  endfacet
  facet normal 0 -1 0
    outer loop
      vertex 76.00322649627924 18.277777776122093 0.901
      vertex 78 18.277777776122093 0.901
      vertex 78 18.277777776122093 1.5
    endloop
  endfacet
  facet normal 0.8750524652182389 -0.4840280809162654 0
    outer loop
      vertex 60.12911310791969 15.911502562463284 0.901
      vertex 60.521029345691204 16.62003019452095 1.5
      vertex 60.12911310791969 15.911502562463284 1.5
    endloop
  endfacet
  facet normal 0.7724209379832949 -0.6351109309128656 0
    outer loop
      vertex 60.521029345691204 16.62003019452095 0.901
      vertex 61.02492165565491 17.23286324739456 1.5
      vertex 60.521029345691204 16.62003019452095 1.5
    endloop
  endfacet
  facet normal 0.6531473429969434 -0.7572308421716809 0
    outer loop
      vertex 61.02492165565491 17.23286324739456 0.901
      vertex 61.53827891498804 17.675658114254475 1.5
      vertex 61.02492165565491 17.23286324739456 1.5
    endloop
  endfacet
  facet normal -0.8591475554141915 0.5117279335993091 0
    outer loop
      vertex 62.41106125712395 15.767250709235668 0.901
      vertex 62.17496381700039 15.370863243937492 1.5
      vertex 62.41106125712395 15.767250709235668 1.5
    endloop
  endfacet
  facet normal -0.7601608652719519 0.6497349143373761 0
    outer loop
      vertex 62.692636750638485 16.096681475639343 0.901
      vertex 62.41106125712395 15.767250709235668 1.5
      vertex 62.692636750638485 16.096681475639343 1.5
    endloop
  endfacet
  facet normal -0.6250450278821527 0.7805886965103958 0
    outer loop
      vertex 63.01262250542641 16.35290540754795 0.901
      vertex 62.692636750638485 16.096681475639343 1.5
      vertex 63.01262250542641 16.35290540754795 1.5
    endloop
  endfacet
  facet normal -0.45478970359305493 0.8905988577949903 0
    outer loop
      vertex 63.37101852148771 16.53592250496149 0.901
      vertex 63.01262250542641 16.35290540754795 1.5
      vertex 63.37101852148771 16.53592250496149 1.5
    endloop
  endfacet
  facet normal 0.5195580495602321 -0.8544351544366414 0
    outer loop
      vertex 61.53827891498804 17.675658114254475 0.901
      vertex 62.10465271025896 18.020054131746292 1.5
      vertex 61.53827891498804 17.675658114254475 1.5
    endloop
  endfacet
  facet normal 0.36911429011138214 -0.9293840115020112 0
    outer loop
      vertex 62.10465271025896 18.020054131746292 0.901
      vertex 62.724043019115925 18.266051277518272 1.5
      vertex 62.10465271025896 18.020054131746292 1.5
    endloop
  endfacet
  facet normal 0.21440284364446038 -0.976745320253529 0
    outer loop
      vertex 62.724043019115925 18.266051277518272 0.901
      vertex 63.396449856460094 18.413649566471577 1.5
      vertex 62.724043019115925 18.266051277518272 1.5
    endloop
  endfacet
  facet normal -0.2667108931304995 0.9637765817270781 0
    outer loop
      vertex 63.76782478392124 16.645732760429382 0.901
      vertex 63.37101852148771 16.53592250496149 1.5
      vertex 63.76782478392124 16.645732760429382 1.5
    endloop
  endfacet
  facet normal -0.08380804752973758 0.9964819171310905 0
    outer loop
      vertex 64.20304130762815 16.682336181402206 0.901
      vertex 63.76782478392124 16.645732760429382 1.5
      vertex 64.20304130762815 16.682336181402206 1.5
    endloop
  endfacet
  facet normal 0.061071736428118285 0.9981333793685364 0
    outer loop
      vertex 64.62741681188345 16.656370364129543 0.901
      vertex 64.20304130762815 16.682336181402206 1.5
      vertex 64.62741681188345 16.656370364129543 1.5
    endloop
  endfacet
  facet normal 0.6841916316060804 0.7293022770019366 0
    outer loop
      vertex 65.8867307677865 16.03319088369608 0.901
      vertex 65.63763048499823 16.266883186995983 1.5
      vertex 65.8867307677865 16.03319088369608 1.5
    endloop
  endfacet
  facet normal 0.5272557113461089 0.8497066640040601 0
    outer loop
      vertex 65.63763048499823 16.266883186995983 0.901
      vertex 65.3447113931179 16.448643870651722 1.5
      vertex 65.63763048499823 16.266883186995983 1.5
    endloop
  endfacet
  facet normal 0.20053531820674017 0.97968647339428 0
    outer loop
      vertex 65.0079735070467 16.578472934663296 0.901
      vertex 64.62741681188345 16.656370364129543 1.5
      vertex 65.0079735070467 16.578472934663296 1.5
    endloop
  endfacet
  facet normal 0.35973807925449836 0.9330533287729509 0
    outer loop
      vertex 65.3447113931179 16.448643870651722 0.901
      vertex 65.0079735070467 16.578472934663296 1.5
      vertex 65.3447113931179 16.448643870651722 1.5
    endloop
  endfacet
  facet normal 0.06766623467664344 -0.9977080137418388 0
    outer loop
      vertex 63.396449856460094 18.413649566471577 0.901
      vertex 64.12187322229147 18.462848998606205 1.5
      vertex 63.396449856460094 18.413649566471577 1.5
    endloop
  endfacet
  facet normal -0.06923496563362644 -0.9976003806804158 0
    outer loop
      vertex 64.12187322229147 18.462848998606205 0.901
      vertex 65.07394501566887 18.396773785352707 1.5
      vertex 64.12187322229147 18.462848998606205 1.5
    endloop
  endfacet
  facet normal -0.22867257440743344 -0.9735033917320869 0
    outer loop
      vertex 65.07394501566887 18.396773785352707 0.901
      vertex 65.91782991588116 18.198548145592213 1.5
      vertex 65.07394501566887 18.396773785352707 1.5
    endloop
  endfacet
  facet normal 0.8567296033438457 0.5157658255005819 0
    outer loop
      vertex 66.12258490175009 15.684810250997543 0.901
      vertex 66.00925270467997 15.873064383864403 1.5
      vertex 66.12258490175009 15.684810250997543 1.5
    endloop
  endfacet
  facet normal 0.7941848643662801 0.6076762305796677 0
    outer loop
      vertex 66.00925270467997 15.873064383864403 0.901
      vertex 65.8867307677865 16.03319088369608 1.5
      vertex 66.00925270467997 15.873064383864403 1.5
    endloop
  endfacet
  facet normal 0.901068985178923 0.4336757820637739 0
    outer loop
      vertex 66.22672735154629 15.468428485095501 0.901
      vertex 66.12258490175009 15.684810250997543 1.5
      vertex 66.22672735154629 15.468428485095501 1.5
    endloop
  endfacet
  facet normal -0.8945808591692155 -0.44690612706481003 0
    outer loop
      vertex 68.03350912034512 16.44008433073759 0.901
      vertex 68.21905498206615 16.068673498928547 1.5
      vertex 68.03350912034512 16.44008433073759 1.5
    endloop
  endfacet
  facet normal -0.7532153848977963 -0.6577739611395883 0
    outer loop
      vertex 67.28103902935982 17.405645579099655 0.901
      vertex 67.80036325007677 16.810968659818172 1.5
      vertex 67.28103902935982 17.405645579099655 1.5
    endloop
  endfacet
  facet normal -0.8466174418011824 -0.5322019421591975 0
    outer loop
      vertex 67.80036325007677 16.810968659818172 0.901
      vertex 68.03350912034512 16.44008433073759 1.5
      vertex 67.80036325007677 16.810968659818172 1.5
    endloop
  endfacet
  facet normal -0.4096550792509221 -0.912240492438217 0
    outer loop
      vertex 65.91782991588116 18.198548145592213 0.901
      vertex 66.65352792292833 17.868172079324722 1.5
      vertex 65.91782991588116 18.198548145592213 1.5
    endloop
  endfacet
  facet normal -0.5933236531968165 -0.8049640007833792 0
    outer loop
      vertex 66.65352792292833 17.868172079324722 0.901
      vertex 67.28103902935982 17.405645579099655 1.5
      vertex 66.65352792292833 17.868172079324722 1.5
    endloop
  endfacet
  facet normal -0.9718192654914926 -0.2357272050900701 0
    outer loop
      vertex 68.35700085759163 15.696736179292202 0.901
      vertex 68.4473467245698 15.324272364377975 1.5
      vertex 68.35700085759163 15.696736179292202 1.5
    endloop
  endfacet
  facet normal -0.9375915934768747 -0.3477384129507336 0
    outer loop
      vertex 68.21905498206615 16.068673498928547 0.901
      vertex 68.35700085759163 15.696736179292202 1.5
      vertex 68.21905498206615 16.068673498928547 1.5
    endloop
  endfacet
  facet normal 1 0 0
    outer loop
      vertex 70.04594729095697 18.277777776122093 0.901
      vertex 70.04594729095697 18.277777776122093 1.5
      vertex 70.04594729095697 12.041348146554082 1.5
    endloop
  endfacet
  facet normal -1 0 0
    outer loop
      vertex 72.1083547025919 18.277777776122093 0.901
      vertex 72.1083547025919 14.474245011806488 1.5
      vertex 72.1083547025919 18.277777776122093 1.5
    endloop
  endfacet
  facet normal 0 -1 0
    outer loop
      vertex 70.04594729095697 18.277777776122093 0.901
      vertex 72.1083547025919 18.277777776122093 1.5
      vertex 70.04594729095697 18.277777776122093 1.5
    endloop
  endfacet
  facet normal 1 0 0
    outer loop
      vertex 76.00322649627924 14.474245011806488 0.901
      vertex 76.00322649627924 18.277777776122093 1.5
      vertex 76.00322649627924 14.474245011806488 1.5
    endloop
  endfacet
  facet normal 0 -1 0
    outer loop
      vertex 76.00322649627924 18.277777776122093 0.901
      vertex 78 18.277777776122093 1.5
      vertex 76.00322649627924 18.277777776122093 1.5
    endloop
  endfacet
  facet normal 0 0 1
    outer loop
      vertex 34.84515815228224 30.017560057342052 0.901
      vertex 42.58681323379278 31.280474424362183 0.901
      vertex 42.52950677275658 49.353453889489174 0.901
    endloop
  endfacet
  facet normal 0.04458037467265194 -0.9990058008810789 0
    outer loop
      vertex 42.58681323379278 31.280474424362183 0.901
      vertex 42.9326181858778 31.295905880630016 0.901
      vertex 42.9326181858778 31.295905880630016 1.5
    endloop
  endfacet
  facet normal 0 0 1
    outer loop
      vertex 42.58681323379278 31.280474424362183 0.901
      vertex 52.9340126439929 37.40653973072767 0.901
      vertex 42.52950677275658 49.353453889489174 0.901
    endloop
  endfacet
  facet normal -0.509457159636841 0.8604960211963576 -2.1579306861435519e-16
    outer loop
      vertex 42.58681323379278 31.280474424362183 0.901
      vertex 52.9340126439929 37.40653973072767 1.5
      vertex 52.9340126439929 37.40653973072767 0.901
    endloop
  endfacet
  facet normal -0.5688833633689526 0.8224182140991458 0
    outer loop
      vertex 52.9340126439929 37.40653973072767 0.901
      vertex 52.9340126439929 37.40653973072767 1.5
      vertex 53.35241127759218 37.69595455378294 0.901
    endloop
  endfacet
  facet normal -0.728056657776946 0.6855169604514997 0
    outer loop
      vertex 53.35241127759218 37.69595455378294 0.901
      vertex 53.35241127759218 37.69595455378294 1.5
      vertex 53.719140745699406 38.08544138818979 0.901
    endloop
  endfacet
  facet normal -0.8445030293728191 0.5355507757254503 0
    outer loop
      vertex 53.719140745699406 38.08544138818979 0.901
      vertex 53.719140745699406 38.08544138818979 1.5
      vertex 54.020107835531235 38.56003246456385 0.901
    endloop
  endfacet
  facet normal -0.9242653838642191 0.38175057326784456 0
    outer loop
      vertex 54.020107835531235 38.56003246456385 0.901
      vertex 54.020107835531235 38.56003246456385 1.5
      vertex 54.24374657124281 39.10148952156305 0.901
    endloop
  endfacet
  facet normal 0 0 1
    outer loop
      vertex 52.9340126439929 37.40653973072767 0.901
      vertex 53.35241127759218 37.69595455378294 0.901
      vertex 42.52950677275658 49.353453889489174 0.901
    endloop
  endfacet
  facet normal 0 0 1
    outer loop
      vertex 53.35241127759218 37.69595455378294 0.901
      vertex 53.719140745699406 38.08544138818979 0.901
      vertex 42.52950677275658 49.353453889489174 0.901
    endloop
  endfacet
  facet normal 0 0 1
    outer loop
      vertex 53.719140745699406 38.08544138818979 0.901
      vertex 54.020107835531235 38.56003246456385 0.901
      vertex 42.52950677275658 49.353453889489174 0.901
    endloop
  endfacet
  facet normal 0 0 1
    outer loop
      vertex 54.020107835531235 38.56003246456385 0.901
      vertex 54.24374657124281 39.10148952156305 0.901
      vertex 42.52950677275658 49.353453889489174 0.901
    endloop
  endfacet
  facet normal 0 0 1
    outer loop
      vertex 54.24374657124281 39.10148952156305 0.901
      vertex 54.38146261870861 39.68900464475155 0.901
      vertex 42.52950677275658 49.353453889489174 0.901
    endloop
  endfacet
  facet normal 0 0 1
    outer loop
      vertex 54.38146261870861 39.68900464475155 0.901
      vertex 54.42796364426613 40.29999999701977 0.901
      vertex 42.52950677275658 49.353453889489174 0.901
    endloop
  endfacet
  facet normal 0 0 1
    outer loop
      vertex 54.42796364426613 40.29999999701977 0.901
      vertex 54.38146261870861 40.91099534928799 0.901
      vertex 42.52950677275658 49.353453889489174 0.901
    endloop
  endfacet
  facet normal 0 0 1
    outer loop
      vertex 54.38146261870861 40.91099534928799 0.901
      vertex 54.24374657124281 41.49851047992706 0.901
      vertex 42.52950677275658 49.353453889489174 0.901
    endloop
  endfacet
  facet normal 0 0 1
    outer loop
      vertex 54.24374657124281 41.49851047992706 0.901
      vertex 54.020107835531235 42.03996753692627 0.901
      vertex 42.52950677275658 49.353453889489174 0.901
    endloop
  endfacet
  facet normal 0 0 1
    outer loop
      vertex 53.35241127759218 42.904045447707176 0.901
      vertex 42.52950677275658 49.353453889489174 0.901
      vertex 53.719140745699406 42.51455861330032 0.901
    endloop
  endfacet
  facet normal 0 0 1
    outer loop
      vertex 53.35241127759218 42.904045447707176 0.901
      vertex 52.9340126439929 43.19346027076244 0.901
      vertex 42.52950677275658 49.353453889489174 0.901
    endloop
  endfacet
  facet normal 0 0 1
    outer loop
      vertex 54.020107835531235 42.03996753692627 0.901
      vertex 53.719140745699406 42.51455861330032 0.901
      vertex 42.52950677275658 49.353453889489174 0.901
    endloop
  endfacet
  facet normal -0.5094571589909621 -0.8604960215787506 0
    outer loop
      vertex 52.9340126439929 43.19346027076244 0.901
      vertex 52.9340126439929 43.19346027076244 1.5
      vertex 42.52950677275658 49.353453889489174 0.901
    endloop
  endfacet
  facet normal -0.5688833633689526 -0.8224182140991458 0
    outer loop
      vertex 53.35241127759218 42.904045447707176 0.901
      vertex 53.35241127759218 42.904045447707176 1.5
      vertex 52.9340126439929 43.19346027076244 0.901
    endloop
  endfacet
  facet normal -0.728056657776946 -0.6855169604514997 0
    outer loop
      vertex 53.35241127759218 42.904045447707176 0.901
      vertex 53.719140745699406 42.51455861330032 0.901
      vertex 53.719140745699406 42.51455861330032 1.5
    endloop
  endfacet
  facet normal -0.9736099811124131 0.22821832678005255 0
    outer loop
      vertex 54.24374657124281 39.10148952156305 0.901
      vertex 54.24374657124281 39.10148952156305 1.5
      vertex 54.38146261870861 39.68900464475155 0.901
    endloop
  endfacet
  facet normal -0.9971163829912081 0.07588754028515032 0
    outer loop
      vertex 54.38146261870861 39.68900464475155 0.901
      vertex 54.38146261870861 39.68900464475155 1.5
      vertex 54.42796364426613 40.29999999701977 0.901
    endloop
  endfacet
  facet normal -0.9971163829912081 -0.07588754028515032 0
    outer loop
      vertex 54.42796364426613 40.29999999701977 0.901
      vertex 54.42796364426613 40.29999999701977 1.5
      vertex 54.38146261870861 40.91099534928799 0.901
    endloop
  endfacet
  facet normal -0.9736099817554813 -0.22821832403663686 0
    outer loop
      vertex 54.38146261870861 40.91099534928799 0.901
      vertex 54.38146261870861 40.91099534928799 1.5
      vertex 54.24374657124281 41.49851047992706 0.901
    endloop
  endfacet
  facet normal -0.9242653838642191 -0.38175057326784456 0
    outer loop
      vertex 54.24374657124281 41.49851047992706 0.901
      vertex 54.24374657124281 41.49851047992706 1.5
      vertex 54.020107835531235 42.03996753692627 0.901
    endloop
  endfacet
  facet normal -0.8445030293728191 -0.5355507757254503 0
    outer loop
      vertex 54.020107835531235 42.03996753692627 0.901
      vertex 54.020107835531235 42.03996753692627 1.5
      vertex 53.719140745699406 42.51455861330032 0.901
    endloop
  endfacet
  facet normal 0.04458037467265194 -0.9990058008810789 0
    outer loop
      vertex 42.58681323379278 31.280474424362183 0.901
      vertex 42.9326181858778 31.295905880630016 1.5
      vertex 42.58681323379278 31.280474424362183 1.5
    endloop
  endfacet
  facet normal -0.509457159636841 0.8604960211963576 0
    outer loop
      vertex 42.58681323379278 31.280474424362183 0.901
      vertex 42.58681323379278 31.280474424362183 1.5
      vertex 52.9340126439929 37.40653973072767 1.5
    endloop
  endfacet
  facet normal -0.5688833633689526 0.8224182140991458 0
    outer loop
      vertex 53.35241127759218 37.69595455378294 0.901
      vertex 52.9340126439929 37.40653973072767 1.5
      vertex 53.35241127759218 37.69595455378294 1.5
    endloop
  endfacet
  facet normal -0.728056657776946 0.6855169604514997 0
    outer loop
      vertex 53.719140745699406 38.08544138818979 0.901
      vertex 53.35241127759218 37.69595455378294 1.5
      vertex 53.719140745699406 38.08544138818979 1.5
    endloop
  endfacet
  facet normal -0.8445030293728191 0.5355507757254503 0
    outer loop
      vertex 54.020107835531235 38.56003246456385 0.901
      vertex 53.719140745699406 38.08544138818979 1.5
      vertex 54.020107835531235 38.56003246456385 1.5
    endloop
  endfacet
  facet normal -0.5688833633689526 -0.8224182140991458 0
    outer loop
      vertex 52.9340126439929 43.19346027076244 0.901
      vertex 53.35241127759218 42.904045447707176 1.5
      vertex 52.9340126439929 43.19346027076244 1.5
    endloop
  endfacet
  facet normal -0.728056657776946 -0.6855169604514997 0
    outer loop
      vertex 53.35241127759218 42.904045447707176 0.901
      vertex 53.719140745699406 42.51455861330032 1.5
      vertex 53.35241127759218 42.904045447707176 1.5
    endloop
  endfacet
  facet normal -0.9242653838642191 0.38175057326784456 0
    outer loop
      vertex 54.24374657124281 39.10148952156305 0.901
      vertex 54.020107835531235 38.56003246456385 1.5
      vertex 54.24374657124281 39.10148952156305 1.5
    endloop
  endfacet
  facet normal -0.9736099811124131 0.22821832678005255 0
    outer loop
      vertex 54.38146261870861 39.68900464475155 0.901
      vertex 54.24374657124281 39.10148952156305 1.5
      vertex 54.38146261870861 39.68900464475155 1.5
    endloop
  endfacet
  facet normal -0.9971163829912081 0.07588754028515032 0
    outer loop
      vertex 54.42796364426613 40.29999999701977 0.901
      vertex 54.38146261870861 39.68900464475155 1.5
      vertex 54.42796364426613 40.29999999701977 1.5
    endloop
  endfacet
  facet normal -0.9971163829912081 -0.07588754028515032 0
    outer loop
      vertex 54.38146261870861 40.91099534928799 0.901
      vertex 54.42796364426613 40.29999999701977 1.5
      vertex 54.38146261870861 40.91099534928799 1.5
    endloop
  endfacet
  facet normal -0.9736099817554813 -0.22821832403663686 0
    outer loop
      vertex 54.24374657124281 41.49851047992706 0.901
      vertex 54.38146261870861 40.91099534928799 1.5
      vertex 54.24374657124281 41.49851047992706 1.5
    endloop
  endfacet
  facet normal -0.9242653838642191 -0.38175057326784456 0
    outer loop
      vertex 54.020107835531235 42.03996753692627 0.901
      vertex 54.24374657124281 41.49851047992706 1.5
      vertex 54.020107835531235 42.03996753692627 1.5
    endloop
  endfacet
  facet normal -0.8445030293728191 -0.5355507757254503 0
    outer loop
      vertex 53.719140745699406 42.51455861330032 0.901
      vertex 54.020107835531235 42.03996753692627 1.5
      vertex 53.719140745699406 42.51455861330032 1.5
    endloop
  endfacet
  facet normal 0 0 1
    outer loop
      vertex 43.23512727022171 49.3040941208601 0.901
      vertex 39 57.9167058840394 0.901
      vertex 42.52950677275658 49.353453889489174 0.901
    endloop
  endfacet
  facet normal 0.06978176453423386 0.9975622814333391 0
    outer loop
      vertex 43.23512727022171 49.3040941208601 0.901
      vertex 42.52950677275658 49.353453889489174 0.901
      vertex 42.52950677275658 49.353453889489174 1.5
    endloop
  endfacet
  facet normal -0.8973740385898762 -0.44127070474357954 0
    outer loop
      vertex 43.23512727022171 49.3040941208601 0.901
      vertex 43.23512727022171 49.3040941208601 1.5
      vertex 39 57.9167058840394 0.901
    endloop
  endfacet
  facet normal 0.06978176453423386 0.9975622814333391 0
    outer loop
      vertex 43.23512727022171 49.3040941208601 0.901
      vertex 42.52950677275658 49.353453889489174 1.5
      vertex 43.23512727022171 49.3040941208601 1.5
    endloop
  endfacet
  facet normal -0.5094571589909621 -0.8604960215787506 0
    outer loop
      vertex 42.52950677275658 49.353453889489174 0.901
      vertex 52.9340126439929 43.19346027076244 1.5
      vertex 42.52950677275658 49.353453889489174 1.5
    endloop
  endfacet
  facet normal -0.8973740385898762 -0.44127070474357954 0
    outer loop
      vertex 39 57.9167058840394 0.901
      vertex 43.23512727022171 49.3040941208601 1.5
      vertex 39 57.9167058840394 1.5
    endloop
  endfacet
endsolid OpenSCAD_Model
