solid OpenSCAD_Model
  facet normal -0.7730104533627372 -0.6343932841636452 0
    outer loop
      vertex -7.275359107647271 -4.861239538921519 0
      vertex -6.187184335382291 -6.187184335382291 0
      vertex -7.275359107647271 -4.861239538921519 1.2
    endloop
  endfacet
  facet normal -0.6343932841636452 -0.7730104533627372 0
    outer loop
      vertex -4.861239538921519 -7.275359107647271 0
      vertex -4.861239538921519 -7.275359107647271 1.2
      vertex -6.187184335382291 -6.187184335382291 0
    endloop
  endfacet
  facet normal -0.7730104533627372 -0.6343932841636452 -1.407728297134714e-17
    outer loop
      vertex -7.275359107647271 -4.861239538921519 1.2
      vertex -6.187184335382291 -6.187184335382291 0
      vertex -6.187184335382291 -6.187184335382291 1.2
    endloop
  endfacet
  facet normal -0.6343932841636452 -0.7730104533627372 -1.407728297134714e-17
    outer loop
      vertex -4.861239538921519 -7.275359107647271 1.2
      vertex -6.187184335382291 -6.187184335382291 1.2
      vertex -6.187184335382291 -6.187184335382291 0
    endloop
  endfacet
  facet normal 0 0 1
    outer loop
      vertex -7.275359107647271 -4.861239538921519 1.2
      vertex -6.187184335382291 -6.187184335382291 1.2
      vertex -6.028154689193453 -4.027884189392116 1.2
    endloop
  endfacet
  facet normal 0 0 1
    outer loop
      vertex -6.187184335382291 -6.187184335382291 1.2
      vertex -5.12652416360247 -5.12652416360247 1.2
      vertex -6.028154689193453 -4.027884189392116 1.2
    endloop
  endfacet
  facet normal 0 0 1
    outer loop
      vertex -4.861239538921519 -7.275359107647271 1.2
      vertex -4.027884189392116 -6.028154689193453 1.2
      vertex -6.187184335382291 -6.187184335382291 1.2
    endloop
  endfacet
  facet normal 0 0 1
    outer loop
      vertex -6.187184335382291 -6.187184335382291 1.2
      vertex -4.027884189392116 -6.028154689193453 1.2
      vertex -5.12652416360247 -5.12652416360247 1.2
    endloop
  endfacet
  facet normal -0.881921264348355 -0.4713967368259975 3.0074245785732043e-17
    outer loop
      vertex -7.275359107647271 -4.861239538921519 0
      vertex -8.083945909473758 -3.3484800331945355 1.2
      vertex -8.083945909473758 -3.3484800331945355 0
    endloop
  endfacet
  facet normal -0.9569403357322089 -0.29028467725446233 0
    outer loop
      vertex -8.083945909473758 -3.3484800331945355 0
      vertex -8.083945909473758 -3.3484800331945355 1.2
      vertex -8.581871203528266 -1.7070403176411222 1.2
    endloop
  endfacet
  facet normal -0.9569403357322089 -0.29028467725446233 1.1725102873719135e-17
    outer loop
      vertex -8.083945909473758 -3.3484800331945355 0
      vertex -8.581871203528266 -1.7070403176411222 1.2
      vertex -8.581871203528266 -1.7070403176411222 0
    endloop
  endfacet
  facet normal -0.881921264348355 -0.4713967368259975 0
    outer loop
      vertex -7.275359107647271 -4.861239538921519 0
      vertex -7.275359107647271 -4.861239538921519 1.2
      vertex -8.083945909473758 -3.3484800331945355 1.2
    endloop
  endfacet
  facet normal 0 0 1
    outer loop
      vertex -7.275359107647271 -4.861239538921519 1.2
      vertex -6.028154689193453 -4.027884189392116 1.2
      vertex -6.6981266107068285 -2.774454884646901 1.2
    endloop
  endfacet
  facet normal 0 0 1
    outer loop
      vertex -7.275359107647271 -4.861239538921519 1.2
      vertex -6.6981266107068285 -2.774454884646901 1.2
      vertex -7.110693282923421 -1.4144048346169298 1.2
    endloop
  endfacet
  facet normal -0.9951847266721968 -0.09801714032956096 0
    outer loop
      vertex -8.581871203528266 -1.7070403176411222 0
      vertex -8.581871203528266 -1.7070403176411222 1.2
      vertex -8.75 0 1.2
    endloop
  endfacet
  facet normal 0 0 1
    outer loop
      vertex -8.083945909473758 -3.3484800331945355 1.2
      vertex -8.581871203528266 1.7070403176411222 1.2
      vertex -8.581871203528266 -1.7070403176411222 1.2
    endloop
  endfacet
  facet normal 0 0 1
    outer loop
      vertex -7.275359107647271 -4.861239538921519 1.2
      vertex -8.083945909473758 3.3484800331945355 1.2
      vertex -8.083945909473758 -3.3484800331945355 1.2
    endloop
  endfacet
  facet normal -0.9951847266721968 -0.09801714032956096 -8.756706973489212e-18
    outer loop
      vertex -8.581871203528266 -1.7070403176411222 0
      vertex -8.75 0 1.2
      vertex -8.75 0 0
    endloop
  endfacet
  facet normal 0 0 -1
    outer loop
      vertex -8.083945909473758 -3.3484800331945355 0
      vertex -8.581871203528266 -1.7070403176411222 0
      vertex -8.083945909473758 3.3484800331945355 0
    endloop
  endfacet
  facet normal 0 0 -1
    outer loop
      vertex -7.275359107647271 -4.861239538921519 0
      vertex -8.083945909473758 -3.3484800331945355 0
      vertex -7.275359107647271 4.861239538921519 0
    endloop
  endfacet
  facet normal 0 0 1
    outer loop
      vertex -7.275359107647271 -4.861239538921519 1.2
      vertex -7.110693282923421 -1.4144048346169298 1.2
      vertex -7.25 0 1.2
    endloop
  endfacet
  facet normal 0 0 -1
    outer loop
      vertex -7.275359107647271 -4.861239538921519 0
      vertex -6.187184335382291 6.187184335382291 0
      vertex -6.187184335382291 -6.187184335382291 0
    endloop
  endfacet
  facet normal 0 0 -1
    outer loop
      vertex -4.861239538921519 -7.275359107647271 0
      vertex -6.187184335382291 -6.187184335382291 0
      vertex -4.861239538921519 7.275359107647271 0
    endloop
  endfacet
  facet normal -0.4713967368259975 -0.881921264348355 3.0074245785732043e-17
    outer loop
      vertex -4.861239538921519 -7.275359107647271 0
      vertex -3.3484800331945355 -8.083945909473758 0
      vertex -3.3484800331945355 -8.083945909473758 1.2
    endloop
  endfacet
  facet normal -0.4713967368259975 -0.881921264348355 0
    outer loop
      vertex -4.861239538921519 -7.275359107647271 0
      vertex -3.3484800331945355 -8.083945909473758 1.2
      vertex -4.861239538921519 -7.275359107647271 1.2
    endloop
  endfacet
  facet normal 0 0 1
    outer loop
      vertex -4.861239538921519 -7.275359107647271 1.2
      vertex -2.774454884646901 -6.6981266107068285 1.2
      vertex -4.027884189392116 -6.028154689193453 1.2
    endloop
  endfacet
  facet normal 0 0 1
    outer loop
      vertex -4.861239538921519 -7.275359107647271 1.2
      vertex -3.3484800331945355 -8.083945909473758 1.2
      vertex -2.774454884646901 -6.6981266107068285 1.2
    endloop
  endfacet
  facet normal -0.29028467725446233 -0.9569403357322089 0
    outer loop
      vertex -3.3484800331945355 -8.083945909473758 0
      vertex -1.7070403176411222 -8.581871203528266 1.2
      vertex -3.3484800331945355 -8.083945909473758 1.2
    endloop
  endfacet
  facet normal -0.29028467725446233 -0.9569403357322089 1.1725102873719135e-17
    outer loop
      vertex -3.3484800331945355 -8.083945909473758 0
      vertex -1.7070403176411222 -8.581871203528266 0
      vertex -1.7070403176411222 -8.581871203528266 1.2
    endloop
  endfacet
  facet normal 0 0 1
    outer loop
      vertex -3.3484800331945355 -8.083945909473758 1.2
      vertex -1.4144048346169298 -7.110693282923421 1.2
      vertex -2.774454884646901 -6.6981266107068285 1.2
    endloop
  endfacet
  facet normal 0 0 -1
    outer loop
      vertex -3.3484800331945355 -8.083945909473758 0
      vertex -1.6167891818947517 -0.6696960066389072 0
      vertex -1.7070403176411222 -8.581871203528266 0
    endloop
  endfacet
  facet normal -0.09801714032956096 -0.9951847266721968 0
    outer loop
      vertex -1.7070403176411222 -8.581871203528266 0
      vertex 0 -8.75 1.2
      vertex -1.7070403176411222 -8.581871203528266 1.2
    endloop
  endfacet
  facet normal 0 0 1
    outer loop
      vertex -3.3484800331945355 -8.083945909473758 1.2
      vertex -1.7070403176411222 -8.581871203528266 1.2
      vertex -1.4144048346169298 -7.110693282923421 1.2
    endloop
  endfacet
  facet normal -0.09801714032956096 -0.9951847266721968 -8.756706973489212e-18
    outer loop
      vertex -1.7070403176411222 -8.581871203528266 0
      vertex 0 -8.75 0
      vertex 0 -8.75 1.2
    endloop
  endfacet
  facet normal 0 0 1
    outer loop
      vertex -1.7070403176411222 -8.581871203528266 1.2
      vertex 0 -8.75 1.2
      vertex 0 -7.25 1.2
    endloop
  endfacet
  facet normal 0 0 1
    outer loop
      vertex -1.7070403176411222 -8.581871203528266 1.2
      vertex 0 -7.25 1.2
      vertex -1.4144048346169298 -7.110693282923421 1.2
    endloop
  endfacet
  facet normal 0 0 -1
    outer loop
      vertex -1.7070403176411222 -8.581871203528266 0
      vertex 0 -1.75 0
      vertex 0 -8.75 0
    endloop
  endfacet
  facet normal 0 0 -1
    outer loop
      vertex -4.861239538921519 -7.275359107647271 0
      vertex -3.3484800331945355 8.083945909473758 0
      vertex -3.3484800331945355 -8.083945909473758 0
    endloop
  endfacet
  facet normal 0 0 -1
    outer loop
      vertex -3.3484800331945355 -8.083945909473758 0
      vertex -1.7163742407056533 -0.34140806352822445 0
      vertex -1.6167891818947517 -0.6696960066389072 0
    endloop
  endfacet
  facet normal 0 0 -1
    outer loop
      vertex -3.3484800331945355 -8.083945909473758 0
      vertex -1.75 0 0
      vertex -1.7163742407056533 -0.34140806352822445 0
    endloop
  endfacet
  facet normal 0 0 -1
    outer loop
      vertex -1.7070403176411222 -8.581871203528266 0
      vertex -0.9722479077843038 -1.4550718215294542 0
      vertex -0.6696960066389072 -1.6167891818947517 0
    endloop
  endfacet
  facet normal 0 0 -1
    outer loop
      vertex -1.7070403176411222 -8.581871203528266 0
      vertex -1.4550718215294542 -0.9722479077843038 0
      vertex -1.2374368670764582 -1.2374368670764582 0
    endloop
  endfacet
  facet normal 0 0 -1
    outer loop
      vertex -1.7070403176411222 -8.581871203528266 0
      vertex -1.6167891818947517 -0.6696960066389072 0
      vertex -1.4550718215294542 -0.9722479077843038 0
    endloop
  endfacet
  facet normal 0 0 -1
    outer loop
      vertex -1.7070403176411222 -8.581871203528266 0
      vertex -1.2374368670764582 -1.2374368670764582 0
      vertex -0.9722479077843038 -1.4550718215294542 0
    endloop
  endfacet
  facet normal 0 0 -1
    outer loop
      vertex -1.7070403176411222 -8.581871203528266 0
      vertex -0.6696960066389072 -1.6167891818947517 0
      vertex -0.34140806352822445 -1.7163742407056533 0
    endloop
  endfacet
  facet normal 0 0 -1
    outer loop
      vertex -1.7070403176411222 -8.581871203528266 0
      vertex -0.34140806352822445 -1.7163742407056533 0
      vertex 0 -1.75 0
    endloop
  endfacet
  facet normal 0 0 -1
    outer loop
      vertex -8.581871203528266 -1.7070403176411222 0
      vertex -8.75 0 0
      vertex -8.581871203528266 1.7070403176411222 0
    endloop
  endfacet
  facet normal -0.9951847266721968 0.09801714032956096 0
    outer loop
      vertex -8.75 0 0
      vertex -8.75 0 1.2
      vertex -8.581871203528266 1.7070403176411222 1.2
    endloop
  endfacet
  facet normal 0 0 1
    outer loop
      vertex -8.581871203528266 -1.7070403176411222 1.2
      vertex -8.581871203528266 1.7070403176411222 1.2
      vertex -8.75 0 1.2
    endloop
  endfacet
  facet normal 0 0 1
    outer loop
      vertex -8.083945909473758 -3.3484800331945355 1.2
      vertex -8.083945909473758 3.3484800331945355 1.2
      vertex -8.581871203528266 1.7070403176411222 1.2
    endloop
  endfacet
  facet normal -0.9951847266721968 0.09801714032956096 8.756706973489212e-18
    outer loop
      vertex -8.75 0 0
      vertex -8.581871203528266 1.7070403176411222 1.2
      vertex -8.581871203528266 1.7070403176411222 0
    endloop
  endfacet
  facet normal 0 0 -1
    outer loop
      vertex -8.581871203528266 -1.7070403176411222 0
      vertex -8.581871203528266 1.7070403176411222 0
      vertex -8.083945909473758 3.3484800331945355 0
    endloop
  endfacet
  facet normal 0 0 -1
    outer loop
      vertex -8.083945909473758 -3.3484800331945355 0
      vertex -8.083945909473758 3.3484800331945355 0
      vertex -7.275359107647271 4.861239538921519 0
    endloop
  endfacet
  facet normal 0 0 1
    outer loop
      vertex -7.275359107647271 -4.861239538921519 1.2
      vertex -7.25 0 1.2
      vertex -7.275359107647271 4.861239538921519 1.2
    endloop
  endfacet
  facet normal 0 0 -1
    outer loop
      vertex -7.275359107647271 -4.861239538921519 0
      vertex -7.275359107647271 4.861239538921519 0
      vertex -6.187184335382291 6.187184335382291 0
    endloop
  endfacet
  facet normal 0 0 1
    outer loop
      vertex -7.275359107647271 -4.861239538921519 1.2
      vertex -7.275359107647271 4.861239538921519 1.2
      vertex -8.083945909473758 3.3484800331945355 1.2
    endloop
  endfacet
  facet normal 0 0 1
    outer loop
      vertex -7.25 0 1.2
      vertex -7.110693282923421 1.4144048346169298 1.2
      vertex -7.275359107647271 4.861239538921519 1.2
    endloop
  endfacet
  facet normal -0.9569403357322089 0.29028467725446233 0
    outer loop
      vertex -8.581871203528266 1.7070403176411222 0
      vertex -8.581871203528266 1.7070403176411222 1.2
      vertex -8.083945909473758 3.3484800331945355 1.2
    endloop
  endfacet
  facet normal -0.9569403357322089 0.29028467725446233 -1.1725102873719135e-17
    outer loop
      vertex -8.581871203528266 1.7070403176411222 0
      vertex -8.083945909473758 3.3484800331945355 1.2
      vertex -8.083945909473758 3.3484800331945355 0
    endloop
  endfacet
  facet normal -0.881921264348355 0.4713967368259975 0
    outer loop
      vertex -8.083945909473758 3.3484800331945355 0
      vertex -8.083945909473758 3.3484800331945355 1.2
      vertex -7.275359107647271 4.861239538921519 1.2
    endloop
  endfacet
  facet normal 0 0 1
    outer loop
      vertex -7.110693282923421 1.4144048346169298 1.2
      vertex -6.6981266107068285 2.774454884646901 1.2
      vertex -7.275359107647271 4.861239538921519 1.2
    endloop
  endfacet
  facet normal -0.881921264348355 0.4713967368259975 -3.0074245785732043e-17
    outer loop
      vertex -8.083945909473758 3.3484800331945355 0
      vertex -7.275359107647271 4.861239538921519 1.2
      vertex -7.275359107647271 4.861239538921519 0
    endloop
  endfacet
  facet normal 0 0 -1
    outer loop
      vertex -6.187184335382291 -6.187184335382291 0
      vertex -6.187184335382291 6.187184335382291 0
      vertex -4.861239538921519 7.275359107647271 0
    endloop
  endfacet
  facet normal 0 0 1
    outer loop
      vertex -6.6981266107068285 2.774454884646901 1.2
      vertex -6.028154689193453 4.027884189392116 1.2
      vertex -6.187184335382291 6.187184335382291 1.2
    endloop
  endfacet
  facet normal -0.7730104533627372 0.6343932841636452 0
    outer loop
      vertex -7.275359107647271 4.861239538921519 0
      vertex -7.275359107647271 4.861239538921519 1.2
      vertex -6.187184335382291 6.187184335382291 1.2
    endloop
  endfacet
  facet normal 0 0 1
    outer loop
      vertex -6.6981266107068285 2.774454884646901 1.2
      vertex -6.187184335382291 6.187184335382291 1.2
      vertex -7.275359107647271 4.861239538921519 1.2
    endloop
  endfacet
  facet normal 0 0 1
    outer loop
      vertex -6.028154689193453 4.027884189392116 1.2
      vertex -5.12652416360247 5.12652416360247 1.2
      vertex -6.187184335382291 6.187184335382291 1.2
    endloop
  endfacet
  facet normal -0.7730104533627372 0.6343932841636452 1.407728297134714e-17
    outer loop
      vertex -7.275359107647271 4.861239538921519 0
      vertex -6.187184335382291 6.187184335382291 1.2
      vertex -6.187184335382291 6.187184335382291 0
    endloop
  endfacet
  facet normal -0.6343932841636452 0.7730104533627372 0
    outer loop
      vertex -6.187184335382291 6.187184335382291 0
      vertex -6.187184335382291 6.187184335382291 1.2
      vertex -4.861239538921519 7.275359107647271 0
    endloop
  endfacet
  facet normal 0 0 1
    outer loop
      vertex -6.187184335382291 6.187184335382291 1.2
      vertex -5.12652416360247 5.12652416360247 1.2
      vertex -4.861239538921519 7.275359107647271 1.2
    endloop
  endfacet
  facet normal 0 0 1
    outer loop
      vertex -5.12652416360247 5.12652416360247 1.2
      vertex -4.027884189392116 6.028154689193453 1.2
      vertex -4.861239538921519 7.275359107647271 1.2
    endloop
  endfacet
  facet normal -0.6343932841636452 0.7730104533627372 1.407728297134714e-17
    outer loop
      vertex -6.187184335382291 6.187184335382291 1.2
      vertex -4.861239538921519 7.275359107647271 1.2
      vertex -4.861239538921519 7.275359107647271 0
    endloop
  endfacet
  facet normal 0 0 -1
    outer loop
      vertex -3.3484800331945355 -8.083945909473758 0
      vertex -1.7070403176411222 8.581871203528266 0
      vertex -1.75 0 0
    endloop
  endfacet
  facet normal 0 0 -1
    outer loop
      vertex -4.861239538921519 -7.275359107647271 0
      vertex -4.861239538921519 7.275359107647271 0
      vertex -3.3484800331945355 8.083945909473758 0
    endloop
  endfacet
  facet normal 0 0 -1
    outer loop
      vertex -3.3484800331945355 -8.083945909473758 0
      vertex -3.3484800331945355 8.083945909473758 0
      vertex -1.7070403176411222 8.581871203528266 0
    endloop
  endfacet
  facet normal 0 0 -1
    outer loop
      vertex -1.7070403176411222 8.581871203528266 0
      vertex -1.7163742407056533 0.34140806352822445 0
      vertex -1.75 0 0
    endloop
  endfacet
  facet normal 0 0 -1
    outer loop
      vertex -1.7070403176411222 8.581871203528266 0
      vertex -1.6167891818947517 0.6696960066389072 0
      vertex -1.7163742407056533 0.34140806352822445 0
    endloop
  endfacet
  facet normal 0 0 -1
    outer loop
      vertex -1.7070403176411222 8.581871203528266 0
      vertex -1.4550718215294542 0.9722479077843038 0
      vertex -1.6167891818947517 0.6696960066389072 0
    endloop
  endfacet
  facet normal 0 0 -1
    outer loop
      vertex -1.7070403176411222 8.581871203528266 0
      vertex -1.2374368670764582 1.2374368670764582 0
      vertex -1.4550718215294542 0.9722479077843038 0
    endloop
  endfacet
  facet normal 0 0 -1
    outer loop
      vertex -1.7070403176411222 8.581871203528266 0
      vertex -0.9722479077843038 1.4550718215294542 0
      vertex -1.2374368670764582 1.2374368670764582 0
    endloop
  endfacet
  facet normal 0 0 -1
    outer loop
      vertex 0 8.75 0
      vertex -0.6696960066389072 1.6167891818947517 0
      vertex -0.9722479077843038 1.4550718215294542 0
    endloop
  endfacet
  facet normal 0 0 -1
    outer loop
      vertex 0 8.75 0
      vertex -0.34140806352822445 1.7163742407056533 0
      vertex -0.6696960066389072 1.6167891818947517 0
    endloop
  endfacet
  facet normal 0 0 -1
    outer loop
      vertex 0 8.75 0
      vertex 0 1.75 0
      vertex -0.34140806352822445 1.7163742407056533 0
    endloop
  endfacet
  facet normal -0.4713967368259975 0.881921264348355 0
    outer loop
      vertex -4.861239538921519 7.275359107647271 0
      vertex -4.861239538921519 7.275359107647271 1.2
      vertex -3.3484800331945355 8.083945909473758 0
    endloop
  endfacet
  facet normal 0 0 1
    outer loop
      vertex -4.861239538921519 7.275359107647271 1.2
      vertex -4.027884189392116 6.028154689193453 1.2
      vertex -3.3484800331945355 8.083945909473758 1.2
    endloop
  endfacet
  facet normal 0 0 1
    outer loop
      vertex -4.027884189392116 6.028154689193453 1.2
      vertex -2.774454884646901 6.6981266107068285 1.2
      vertex -3.3484800331945355 8.083945909473758 1.2
    endloop
  endfacet
  facet normal -0.4713967368259975 0.881921264348355 -3.0074245785732043e-17
    outer loop
      vertex -4.861239538921519 7.275359107647271 1.2
      vertex -3.3484800331945355 8.083945909473758 1.2
      vertex -3.3484800331945355 8.083945909473758 0
    endloop
  endfacet
  facet normal -0.29028467725446233 0.9569403357322089 0
    outer loop
      vertex -3.3484800331945355 8.083945909473758 0
      vertex -3.3484800331945355 8.083945909473758 1.2
      vertex -1.7070403176411222 8.581871203528266 0
    endloop
  endfacet
  facet normal -0.29028467725446233 0.9569403357322089 -1.1725102873719135e-17
    outer loop
      vertex -3.3484800331945355 8.083945909473758 1.2
      vertex -1.7070403176411222 8.581871203528266 1.2
      vertex -1.7070403176411222 8.581871203528266 0
    endloop
  endfacet
  facet normal 0 0 1
    outer loop
      vertex -3.3484800331945355 8.083945909473758 1.2
      vertex -2.774454884646901 6.6981266107068285 1.2
      vertex -1.7070403176411222 8.581871203528266 1.2
    endloop
  endfacet
  facet normal 0 0 -1
    outer loop
      vertex -1.7070403176411222 8.581871203528266 0
      vertex 0 8.75 0
      vertex -0.9722479077843038 1.4550718215294542 0
    endloop
  endfacet
  facet normal 0 0 1
    outer loop
      vertex -2.774454884646901 6.6981266107068285 1.2
      vertex -1.4144048346169298 7.110693282923421 1.2
      vertex -1.7070403176411222 8.581871203528266 1.2
    endloop
  endfacet
  facet normal -0.09801714032956096 0.9951847266721968 0
    outer loop
      vertex -1.7070403176411222 8.581871203528266 0
      vertex -1.7070403176411222 8.581871203528266 1.2
      vertex 0 8.75 0
    endloop
  endfacet
  facet normal -0.09801714032956096 0.9951847266721968 8.756706973489212e-18
    outer loop
      vertex -1.7070403176411222 8.581871203528266 1.2
      vertex 0 8.75 1.2
      vertex 0 8.75 0
    endloop
  endfacet
  facet normal 0 0 1
    outer loop
      vertex -1.4144048346169298 7.110693282923421 1.2
      vertex 0 8.75 1.2
      vertex -1.7070403176411222 8.581871203528266 1.2
    endloop
  endfacet
  facet normal 0 0 1
    outer loop
      vertex -1.4144048346169298 7.110693282923421 1.2
      vertex 0 7.25 1.2
      vertex 0 8.75 1.2
    endloop
  endfacet
  facet normal 0.09801714032956096 -0.9951847266721968 0
    outer loop
      vertex 0 -8.75 0
      vertex 1.7070403176411222 -8.581871203528266 1.2
      vertex 0 -8.75 1.2
    endloop
  endfacet
  facet normal 0 0 1
    outer loop
      vertex 0 -8.75 1.2
      vertex 1.4144048346169298 -7.110693282923421 1.2
      vertex 0 -7.25 1.2
    endloop
  endfacet
  facet normal 0 0 1
    outer loop
      vertex 0 -8.75 1.2
      vertex 1.7070403176411222 -8.581871203528266 1.2
      vertex 1.4144048346169298 -7.110693282923421 1.2
    endloop
  endfacet
  facet normal 0.09801714032956096 -0.9951847266721968 8.756706973489212e-18
    outer loop
      vertex 0 -8.75 0
      vertex 1.7070403176411222 -8.581871203528266 0
      vertex 1.7070403176411222 -8.581871203528266 1.2
    endloop
  endfacet
  facet normal 0 0 1
    outer loop
      vertex 1.7070403176411222 -8.581871203528266 1.2
      vertex 2.774454884646901 -6.6981266107068285 1.2
      vertex 1.4144048346169298 -7.110693282923421 1.2
    endloop
  endfacet
  facet normal 0 0 -1
    outer loop
      vertex 0 -8.75 0
      vertex 0.9722479077843038 -1.4550718215294542 0
      vertex 1.7070403176411222 -8.581871203528266 0
    endloop
  endfacet
  facet normal 0.29028467725446233 -0.9569403357322089 0
    outer loop
      vertex 1.7070403176411222 -8.581871203528266 0
      vertex 3.3484800331945355 -8.083945909473758 1.2
      vertex 1.7070403176411222 -8.581871203528266 1.2
    endloop
  endfacet
  facet normal 0.29028467725446233 -0.9569403357322089 -1.1725102873719135e-17
    outer loop
      vertex 1.7070403176411222 -8.581871203528266 0
      vertex 3.3484800331945355 -8.083945909473758 0
      vertex 3.3484800331945355 -8.083945909473758 1.2
    endloop
  endfacet
  facet normal 0 0 1
    outer loop
      vertex 1.7070403176411222 -8.581871203528266 1.2
      vertex 3.3484800331945355 -8.083945909473758 1.2
      vertex 2.774454884646901 -6.6981266107068285 1.2
    endloop
  endfacet
  facet normal 0.4713967368259975 -0.881921264348355 0
    outer loop
      vertex 3.3484800331945355 -8.083945909473758 0
      vertex 4.861239538921519 -7.275359107647271 1.2
      vertex 3.3484800331945355 -8.083945909473758 1.2
    endloop
  endfacet
  facet normal 0.4713967368259975 -0.881921264348355 -3.0074245785732043e-17
    outer loop
      vertex 3.3484800331945355 -8.083945909473758 0
      vertex 4.861239538921519 -7.275359107647271 0
      vertex 4.861239538921519 -7.275359107647271 1.2
    endloop
  endfacet
  facet normal 0 0 1
    outer loop
      vertex 2.774454884646901 -6.6981266107068285 1.2
      vertex 3.3484800331945355 -8.083945909473758 1.2
      vertex 4.027884189392116 -6.028154689193453 1.2
    endloop
  endfacet
  facet normal 0 0 1
    outer loop
      vertex 3.3484800331945355 -8.083945909473758 1.2
      vertex 4.861239538921519 -7.275359107647271 1.2
      vertex 4.027884189392116 -6.028154689193453 1.2
    endloop
  endfacet
  facet normal 0 0 -1
    outer loop
      vertex 0 -8.75 0
      vertex 0 -1.75 0
      vertex 0.34140806352822445 -1.7163742407056533 0
    endloop
  endfacet
  facet normal 0 0 -1
    outer loop
      vertex 0 -8.75 0
      vertex 0.34140806352822445 -1.7163742407056533 0
      vertex 0.6696960066389072 -1.6167891818947517 0
    endloop
  endfacet
  facet normal 0 0 -1
    outer loop
      vertex 0 -8.75 0
      vertex 0.6696960066389072 -1.6167891818947517 0
      vertex 0.9722479077843038 -1.4550718215294542 0
    endloop
  endfacet
  facet normal 0 0 -1
    outer loop
      vertex 1.7070403176411222 -8.581871203528266 0
      vertex 0.9722479077843038 -1.4550718215294542 0
      vertex 1.2374368670764582 -1.2374368670764582 0
    endloop
  endfacet
  facet normal 0 0 -1
    outer loop
      vertex 1.7070403176411222 -8.581871203528266 0
      vertex 1.2374368670764582 -1.2374368670764582 0
      vertex 1.4550718215294542 -0.9722479077843038 0
    endloop
  endfacet
  facet normal 0 0 -1
    outer loop
      vertex 1.7070403176411222 -8.581871203528266 0
      vertex 1.4550718215294542 -0.9722479077843038 0
      vertex 1.6167891818947517 -0.6696960066389072 0
    endloop
  endfacet
  facet normal 0 0 -1
    outer loop
      vertex 1.7070403176411222 -8.581871203528266 0
      vertex 1.6167891818947517 -0.6696960066389072 0
      vertex 1.7163742407056533 -0.34140806352822445 0
    endloop
  endfacet
  facet normal 0 0 -1
    outer loop
      vertex 1.7070403176411222 -8.581871203528266 0
      vertex 1.7163742407056533 -0.34140806352822445 0
      vertex 1.75 0 0
    endloop
  endfacet
  facet normal 0 0 -1
    outer loop
      vertex 1.7070403176411222 -8.581871203528266 0
      vertex 3.3484800331945355 8.083945909473758 0
      vertex 3.3484800331945355 -8.083945909473758 0
    endloop
  endfacet
  facet normal 0 0 -1
    outer loop
      vertex 3.3484800331945355 -8.083945909473758 0
      vertex 4.861239538921519 7.275359107647271 0
      vertex 4.861239538921519 -7.275359107647271 0
    endloop
  endfacet
  facet normal 0 0 -1
    outer loop
      vertex 1.7070403176411222 -8.581871203528266 0
      vertex 1.75 0 0
      vertex 3.3484800331945355 8.083945909473758 0
    endloop
  endfacet
  facet normal 0.6343932841636452 -0.7730104533627372 0
    outer loop
      vertex 4.861239538921519 -7.275359107647271 0
      vertex 6.187184335382291 -6.187184335382291 1.2
      vertex 4.861239538921519 -7.275359107647271 1.2
    endloop
  endfacet
  facet normal 0 0 1
    outer loop
      vertex 4.027884189392116 -6.028154689193453 1.2
      vertex 4.861239538921519 -7.275359107647271 1.2
      vertex 5.12652416360247 -5.12652416360247 1.2
    endloop
  endfacet
  facet normal 0 0 1
    outer loop
      vertex 4.861239538921519 -7.275359107647271 1.2
      vertex 6.187184335382291 -6.187184335382291 1.2
      vertex 5.12652416360247 -5.12652416360247 1.2
    endloop
  endfacet
  facet normal 0.6343932841636452 -0.7730104533627372 1.407728297134714e-17
    outer loop
      vertex 4.861239538921519 -7.275359107647271 0
      vertex 6.187184335382291 -6.187184335382291 0
      vertex 6.187184335382291 -6.187184335382291 1.2
    endloop
  endfacet
  facet normal 0.7730104533627372 -0.6343932841636452 0
    outer loop
      vertex 6.187184335382291 -6.187184335382291 0
      vertex 7.275359107647271 -4.861239538921519 0
      vertex 6.187184335382291 -6.187184335382291 1.2
    endloop
  endfacet
  facet normal 0 0 1
    outer loop
      vertex 5.12652416360247 -5.12652416360247 1.2
      vertex 6.187184335382291 -6.187184335382291 1.2
      vertex 6.028154689193453 -4.027884189392116 1.2
    endloop
  endfacet
  facet normal 0.7730104533627372 -0.6343932841636452 1.407728297134714e-17
    outer loop
      vertex 6.187184335382291 -6.187184335382291 1.2
      vertex 7.275359107647271 -4.861239538921519 0
      vertex 7.275359107647271 -4.861239538921519 1.2
    endloop
  endfacet
  facet normal 0 0 1
    outer loop
      vertex 6.187184335382291 -6.187184335382291 1.2
      vertex 7.275359107647271 -4.861239538921519 1.2
      vertex 6.6981266107068285 -2.774454884646901 1.2
    endloop
  endfacet
  facet normal 0 0 1
    outer loop
      vertex 6.187184335382291 -6.187184335382291 1.2
      vertex 6.6981266107068285 -2.774454884646901 1.2
      vertex 6.028154689193453 -4.027884189392116 1.2
    endloop
  endfacet
  facet normal 0 0 -1
    outer loop
      vertex 4.861239538921519 -7.275359107647271 0
      vertex 6.187184335382291 6.187184335382291 0
      vertex 6.187184335382291 -6.187184335382291 0
    endloop
  endfacet
  facet normal 0.881921264348355 -0.4713967368259975 0
    outer loop
      vertex 7.275359107647271 -4.861239538921519 0
      vertex 8.083945909473758 -3.3484800331945355 0
      vertex 7.275359107647271 -4.861239538921519 1.2
    endloop
  endfacet
  facet normal 0 0 1
    outer loop
      vertex 7.275359107647271 -4.861239538921519 1.2
      vertex 7.110693282923421 -1.4144048346169298 1.2
      vertex 6.6981266107068285 -2.774454884646901 1.2
    endloop
  endfacet
  facet normal 0.881921264348355 -0.4713967368259975 -3.0074245785732043e-17
    outer loop
      vertex 7.275359107647271 -4.861239538921519 1.2
      vertex 8.083945909473758 -3.3484800331945355 0
      vertex 8.083945909473758 -3.3484800331945355 1.2
    endloop
  endfacet
  facet normal 0.9569403357322089 -0.29028467725446233 0
    outer loop
      vertex 8.083945909473758 -3.3484800331945355 0
      vertex 8.581871203528266 -1.7070403176411222 0
      vertex 8.083945909473758 -3.3484800331945355 1.2
    endloop
  endfacet
  facet normal 0.9569403357322089 -0.29028467725446233 -1.1725102873719135e-17
    outer loop
      vertex 8.083945909473758 -3.3484800331945355 1.2
      vertex 8.581871203528266 -1.7070403176411222 0
      vertex 8.581871203528266 -1.7070403176411222 1.2
    endloop
  endfacet
  facet normal 0 0 -1
    outer loop
      vertex 6.187184335382291 -6.187184335382291 0
      vertex 7.275359107647271 4.861239538921519 0
      vertex 7.275359107647271 -4.861239538921519 0
    endloop
  endfacet
  facet normal 0 0 1
    outer loop
      vertex 7.275359107647271 -4.861239538921519 1.2
      vertex 7.25 0 1.2
      vertex 7.110693282923421 -1.4144048346169298 1.2
    endloop
  endfacet
  facet normal 0 0 1
    outer loop
      vertex 7.275359107647271 -4.861239538921519 1.2
      vertex 8.083945909473758 -3.3484800331945355 1.2
      vertex 7.275359107647271 4.861239538921519 1.2
    endloop
  endfacet
  facet normal 0 0 -1
    outer loop
      vertex 7.275359107647271 -4.861239538921519 0
      vertex 8.083945909473758 3.3484800331945355 0
      vertex 8.083945909473758 -3.3484800331945355 0
    endloop
  endfacet
  facet normal 0 0 -1
    outer loop
      vertex 8.083945909473758 -3.3484800331945355 0
      vertex 8.581871203528266 1.7070403176411222 0
      vertex 8.581871203528266 -1.7070403176411222 0
    endloop
  endfacet
  facet normal 0.9951847266721968 -0.09801714032956096 0
    outer loop
      vertex 8.581871203528266 -1.7070403176411222 0
      vertex 8.75 0 0
      vertex 8.581871203528266 -1.7070403176411222 1.2
    endloop
  endfacet
  facet normal 0.9951847266721968 -0.09801714032956096 8.756706973489212e-18
    outer loop
      vertex 8.581871203528266 -1.7070403176411222 1.2
      vertex 8.75 0 0
      vertex 8.75 0 1.2
    endloop
  endfacet
  facet normal 0 0 1
    outer loop
      vertex 8.083945909473758 -3.3484800331945355 1.2
      vertex 8.581871203528266 -1.7070403176411222 1.2
      vertex 8.083945909473758 3.3484800331945355 1.2
    endloop
  endfacet
  facet normal 0 0 -1
    outer loop
      vertex 1.7070403176411222 8.581871203528266 0
      vertex 0.34140806352822445 1.7163742407056533 0
      vertex 0 1.75 0
    endloop
  endfacet
  facet normal 0 0 -1
    outer loop
      vertex 1.7070403176411222 8.581871203528266 0
      vertex 0.6696960066389072 1.6167891818947517 0
      vertex 0.34140806352822445 1.7163742407056533 0
    endloop
  endfacet
  facet normal 0 0 -1
    outer loop
      vertex 1.7070403176411222 8.581871203528266 0
      vertex 1.2374368670764582 1.2374368670764582 0
      vertex 0.9722479077843038 1.4550718215294542 0
    endloop
  endfacet
  facet normal 0 0 -1
    outer loop
      vertex 1.7070403176411222 8.581871203528266 0
      vertex 1.6167891818947517 0.6696960066389072 0
      vertex 1.4550718215294542 0.9722479077843038 0
    endloop
  endfacet
  facet normal 0 0 -1
    outer loop
      vertex 1.7070403176411222 8.581871203528266 0
      vertex 1.4550718215294542 0.9722479077843038 0
      vertex 1.2374368670764582 1.2374368670764582 0
    endloop
  endfacet
  facet normal 0 0 -1
    outer loop
      vertex 1.7070403176411222 8.581871203528266 0
      vertex 0.9722479077843038 1.4550718215294542 0
      vertex 0.6696960066389072 1.6167891818947517 0
    endloop
  endfacet
  facet normal 0 0 -1
    outer loop
      vertex 3.3484800331945355 8.083945909473758 0
      vertex 1.75 0 0
      vertex 1.7163742407056533 0.34140806352822445 0
    endloop
  endfacet
  facet normal 0 0 -1
    outer loop
      vertex 3.3484800331945355 8.083945909473758 0
      vertex 1.7163742407056533 0.34140806352822445 0
      vertex 1.6167891818947517 0.6696960066389072 0
    endloop
  endfacet
  facet normal 0 0 -1
    outer loop
      vertex 3.3484800331945355 -8.083945909473758 0
      vertex 3.3484800331945355 8.083945909473758 0
      vertex 4.861239538921519 7.275359107647271 0
    endloop
  endfacet
  facet normal 0 0 -1
    outer loop
      vertex 0 8.75 0
      vertex 1.7070403176411222 8.581871203528266 0
      vertex 0 1.75 0
    endloop
  endfacet
  facet normal 0 0 1
    outer loop
      vertex 0 7.25 1.2
      vertex 1.4144048346169298 7.110693282923421 1.2
      vertex 1.7070403176411222 8.581871203528266 1.2
    endloop
  endfacet
  facet normal 0.09801714032956096 0.9951847266721968 0
    outer loop
      vertex 0 8.75 0
      vertex 0 8.75 1.2
      vertex 1.7070403176411222 8.581871203528266 0
    endloop
  endfacet
  facet normal 0 0 1
    outer loop
      vertex 0 7.25 1.2
      vertex 1.7070403176411222 8.581871203528266 1.2
      vertex 0 8.75 1.2
    endloop
  endfacet
  facet normal 0.09801714032956096 0.9951847266721968 -8.756706973489212e-18
    outer loop
      vertex 0 8.75 1.2
      vertex 1.7070403176411222 8.581871203528266 1.2
      vertex 1.7070403176411222 8.581871203528266 0
    endloop
  endfacet
  facet normal 0 0 1
    outer loop
      vertex 1.4144048346169298 7.110693282923421 1.2
      vertex 3.3484800331945355 8.083945909473758 1.2
      vertex 1.7070403176411222 8.581871203528266 1.2
    endloop
  endfacet
  facet normal 0 0 -1
    outer loop
      vertex 1.7070403176411222 8.581871203528266 0
      vertex 3.3484800331945355 8.083945909473758 0
      vertex 1.6167891818947517 0.6696960066389072 0
    endloop
  endfacet
  facet normal 0 0 1
    outer loop
      vertex 1.4144048346169298 7.110693282923421 1.2
      vertex 2.774454884646901 6.6981266107068285 1.2
      vertex 3.3484800331945355 8.083945909473758 1.2
    endloop
  endfacet
  facet normal 0.29028467725446233 0.9569403357322089 0
    outer loop
      vertex 1.7070403176411222 8.581871203528266 0
      vertex 1.7070403176411222 8.581871203528266 1.2
      vertex 3.3484800331945355 8.083945909473758 0
    endloop
  endfacet
  facet normal 0.29028467725446233 0.9569403357322089 1.1725102873719135e-17
    outer loop
      vertex 1.7070403176411222 8.581871203528266 1.2
      vertex 3.3484800331945355 8.083945909473758 1.2
      vertex 3.3484800331945355 8.083945909473758 0
    endloop
  endfacet
  facet normal 0.4713967368259975 0.881921264348355 3.0074245785732043e-17
    outer loop
      vertex 3.3484800331945355 8.083945909473758 1.2
      vertex 4.861239538921519 7.275359107647271 1.2
      vertex 4.861239538921519 7.275359107647271 0
    endloop
  endfacet
  facet normal 0 0 1
    outer loop
      vertex 2.774454884646901 6.6981266107068285 1.2
      vertex 4.861239538921519 7.275359107647271 1.2
      vertex 3.3484800331945355 8.083945909473758 1.2
    endloop
  endfacet
  facet normal 0 0 1
    outer loop
      vertex 4.027884189392116 6.028154689193453 1.2
      vertex 4.861239538921519 7.275359107647271 1.2
      vertex 2.774454884646901 6.6981266107068285 1.2
    endloop
  endfacet
  facet normal 0.4713967368259975 0.881921264348355 0
    outer loop
      vertex 3.3484800331945355 8.083945909473758 0
      vertex 3.3484800331945355 8.083945909473758 1.2
      vertex 4.861239538921519 7.275359107647271 0
    endloop
  endfacet
  facet normal 0 0 -1
    outer loop
      vertex 4.861239538921519 -7.275359107647271 0
      vertex 4.861239538921519 7.275359107647271 0
      vertex 6.187184335382291 6.187184335382291 0
    endloop
  endfacet
  facet normal 0 0 -1
    outer loop
      vertex 6.187184335382291 -6.187184335382291 0
      vertex 6.187184335382291 6.187184335382291 0
      vertex 7.275359107647271 4.861239538921519 0
    endloop
  endfacet
  facet normal 0 0 1
    outer loop
      vertex 7.275359107647271 -4.861239538921519 1.2
      vertex 7.275359107647271 4.861239538921519 1.2
      vertex 7.25 0 1.2
    endloop
  endfacet
  facet normal 0 0 -1
    outer loop
      vertex 7.275359107647271 -4.861239538921519 0
      vertex 7.275359107647271 4.861239538921519 0
      vertex 8.083945909473758 3.3484800331945355 0
    endloop
  endfacet
  facet normal 0 0 1
    outer loop
      vertex 7.25 0 1.2
      vertex 7.275359107647271 4.861239538921519 1.2
      vertex 7.110693282923421 1.4144048346169298 1.2
    endloop
  endfacet
  facet normal 0 0 -1
    outer loop
      vertex 8.581871203528266 -1.7070403176411222 0
      vertex 8.581871203528266 1.7070403176411222 0
      vertex 8.75 0 0
    endloop
  endfacet
  facet normal 0 0 -1
    outer loop
      vertex 8.083945909473758 -3.3484800331945355 0
      vertex 8.083945909473758 3.3484800331945355 0
      vertex 8.581871203528266 1.7070403176411222 0
    endloop
  endfacet
  facet normal 0.9951847266721968 0.09801714032956096 0
    outer loop
      vertex 8.75 0 0
      vertex 8.581871203528266 1.7070403176411222 0
      vertex 8.75 0 1.2
    endloop
  endfacet
  facet normal 0 0 1
    outer loop
      vertex 8.581871203528266 -1.7070403176411222 1.2
      vertex 8.75 0 1.2
      vertex 8.581871203528266 1.7070403176411222 1.2
    endloop
  endfacet
  facet normal 0.9951847266721968 0.09801714032956096 -8.756706973489212e-18
    outer loop
      vertex 8.75 0 1.2
      vertex 8.581871203528266 1.7070403176411222 0
      vertex 8.581871203528266 1.7070403176411222 1.2
    endloop
  endfacet
  facet normal 0 0 1
    outer loop
      vertex 8.083945909473758 -3.3484800331945355 1.2
      vertex 8.083945909473758 3.3484800331945355 1.2
      vertex 7.275359107647271 4.861239538921519 1.2
    endloop
  endfacet
  facet normal 0 0 1
    outer loop
      vertex 8.581871203528266 -1.7070403176411222 1.2
      vertex 8.581871203528266 1.7070403176411222 1.2
      vertex 8.083945909473758 3.3484800331945355 1.2
    endloop
  endfacet
  facet normal 0 0 1
    outer loop
      vertex 7.110693282923421 1.4144048346169298 1.2
      vertex 7.275359107647271 4.861239538921519 1.2
      vertex 6.6981266107068285 2.774454884646901 1.2
    endloop
  endfacet
  facet normal 0.881921264348355 0.4713967368259975 3.0074245785732043e-17
    outer loop
      vertex 8.083945909473758 3.3484800331945355 1.2
      vertex 7.275359107647271 4.861239538921519 0
      vertex 7.275359107647271 4.861239538921519 1.2
    endloop
  endfacet
  facet normal 0 0 1
    outer loop
      vertex 6.028154689193453 4.027884189392116 1.2
      vertex 6.6981266107068285 2.774454884646901 1.2
      vertex 7.275359107647271 4.861239538921519 1.2
    endloop
  endfacet
  facet normal 0.9569403357322089 0.29028467725446233 0
    outer loop
      vertex 8.581871203528266 1.7070403176411222 0
      vertex 8.083945909473758 3.3484800331945355 0
      vertex 8.581871203528266 1.7070403176411222 1.2
    endloop
  endfacet
  facet normal 0.9569403357322089 0.29028467725446233 1.1725102873719135e-17
    outer loop
      vertex 8.581871203528266 1.7070403176411222 1.2
      vertex 8.083945909473758 3.3484800331945355 0
      vertex 8.083945909473758 3.3484800331945355 1.2
    endloop
  endfacet
  facet normal 0.881921264348355 0.4713967368259975 0
    outer loop
      vertex 8.083945909473758 3.3484800331945355 0
      vertex 7.275359107647271 4.861239538921519 0
      vertex 8.083945909473758 3.3484800331945355 1.2
    endloop
  endfacet
  facet normal 0 0 1
    outer loop
      vertex 4.027884189392116 6.028154689193453 1.2
      vertex 5.12652416360247 5.12652416360247 1.2
      vertex 6.187184335382291 6.187184335382291 1.2
    endloop
  endfacet
  facet normal 0 0 1
    outer loop
      vertex 4.027884189392116 6.028154689193453 1.2
      vertex 6.187184335382291 6.187184335382291 1.2
      vertex 4.861239538921519 7.275359107647271 1.2
    endloop
  endfacet
  facet normal 0 0 1
    outer loop
      vertex 6.028154689193453 4.027884189392116 1.2
      vertex 6.187184335382291 6.187184335382291 1.2
      vertex 5.12652416360247 5.12652416360247 1.2
    endloop
  endfacet
  facet normal 0 0 1
    outer loop
      vertex 6.028154689193453 4.027884189392116 1.2
      vertex 7.275359107647271 4.861239538921519 1.2
      vertex 6.187184335382291 6.187184335382291 1.2
    endloop
  endfacet
  facet normal 0.6343932841636452 0.7730104533627372 0
    outer loop
      vertex 6.187184335382291 6.187184335382291 0
      vertex 4.861239538921519 7.275359107647271 1.2
      vertex 6.187184335382291 6.187184335382291 1.2
    endloop
  endfacet
  facet normal 0.7730104533627372 0.6343932841636452 0
    outer loop
      vertex 6.187184335382291 6.187184335382291 0
      vertex 6.187184335382291 6.187184335382291 1.2
      vertex 7.275359107647271 4.861239538921519 1.2
    endloop
  endfacet
  facet normal 0.6343932841636452 0.7730104533627372 -1.407728297134714e-17
    outer loop
      vertex 6.187184335382291 6.187184335382291 0
      vertex 4.861239538921519 7.275359107647271 0
      vertex 4.861239538921519 7.275359107647271 1.2
    endloop
  endfacet
  facet normal 0.7730104533627372 0.6343932841636452 -1.407728297134714e-17
    outer loop
      vertex 6.187184335382291 6.187184335382291 0
      vertex 7.275359107647271 4.861239538921519 1.2
      vertex 7.275359107647271 4.861239538921519 0
    endloop
  endfacet
  facet normal 0 0 -1
    outer loop
      vertex -7.275359107647271 -4.861239538921519 15.899999999999999
      vertex -6.6981266107068285 -2.774454884646901 15.899999999999999
      vertex -6.187184335382291 -6.187184335382291 15.899999999999999
    endloop
  endfacet
  facet normal -0.7730104533627371 -0.6343932841636452 0
    outer loop
      vertex -7.275359107647271 -4.861239538921519 15.899999999999999
      vertex -6.187184335382291 -6.187184335382291 15.899999999999999
      vertex -7.275359107647271 -4.861239538921519 17.099999999999998
    endloop
  endfacet
  facet normal -0.6343932841636452 -0.7730104533627371 0
    outer loop
      vertex -4.861239538921519 -7.275359107647271 15.899999999999999
      vertex -4.861239538921519 -7.275359107647271 17.099999999999998
      vertex -6.187184335382291 -6.187184335382291 15.899999999999999
    endloop
  endfacet
  facet normal -0.7730104533627371 -0.6343932841636452 -1.4077282971347147e-17
    outer loop
      vertex -7.275359107647271 -4.861239538921519 17.099999999999998
      vertex -6.187184335382291 -6.187184335382291 15.899999999999999
      vertex -6.187184335382291 -6.187184335382291 17.099999999999998
    endloop
  endfacet
  facet normal -0.6343932841636452 -0.7730104533627371 -1.4077282971347147e-17
    outer loop
      vertex -4.861239538921519 -7.275359107647271 17.099999999999998
      vertex -6.187184335382291 -6.187184335382291 17.099999999999998
      vertex -6.187184335382291 -6.187184335382291 15.899999999999999
    endloop
  endfacet
  facet normal 0 0 -1
    outer loop
      vertex -6.187184335382291 -6.187184335382291 15.899999999999999
      vertex -6.028154689193453 -4.027884189392116 15.899999999999999
      vertex -5.12652416360247 -5.12652416360247 15.899999999999999
    endloop
  endfacet
  facet normal 0 0 -1
    outer loop
      vertex -4.861239538921519 -7.275359107647271 15.899999999999999
      vertex -6.187184335382291 -6.187184335382291 15.899999999999999
      vertex -5.12652416360247 -5.12652416360247 15.899999999999999
    endloop
  endfacet
  facet normal 0 0 -1
    outer loop
      vertex -4.861239538921519 -7.275359107647271 15.899999999999999
      vertex -5.12652416360247 -5.12652416360247 15.899999999999999
      vertex -4.027884189392116 -6.028154689193453 15.899999999999999
    endloop
  endfacet
  facet normal -0.8819212643483552 -0.47139673682599753 3.007424578573206e-17
    outer loop
      vertex -7.275359107647271 -4.861239538921519 15.899999999999999
      vertex -8.083945909473758 -3.3484800331945355 17.099999999999998
      vertex -8.083945909473758 -3.3484800331945355 15.899999999999999
    endloop
  endfacet
  facet normal -0.9569403357322087 -0.29028467725446233 0
    outer loop
      vertex -8.083945909473758 -3.3484800331945355 15.899999999999999
      vertex -8.083945909473758 -3.3484800331945355 17.099999999999998
      vertex -8.581871203528266 -1.7070403176411222 17.099999999999998
    endloop
  endfacet
  facet normal -0.9569403357322087 -0.29028467725446233 1.172510287371914e-17
    outer loop
      vertex -8.083945909473758 -3.3484800331945355 15.899999999999999
      vertex -8.581871203528266 -1.7070403176411222 17.099999999999998
      vertex -8.581871203528266 -1.7070403176411222 15.899999999999999
    endloop
  endfacet
  facet normal -0.8819212643483552 -0.47139673682599753 0
    outer loop
      vertex -7.275359107647271 -4.861239538921519 15.899999999999999
      vertex -7.275359107647271 -4.861239538921519 17.099999999999998
      vertex -8.083945909473758 -3.3484800331945355 17.099999999999998
    endloop
  endfacet
  facet normal 0 0 -1
    outer loop
      vertex -7.275359107647271 -4.861239538921519 15.899999999999999
      vertex -7.110693282923421 -1.4144048346169298 15.899999999999999
      vertex -6.6981266107068285 -2.774454884646901 15.899999999999999
    endloop
  endfacet
  facet normal -0.9951847266721968 -0.09801714032956096 0
    outer loop
      vertex -8.581871203528266 -1.7070403176411222 15.899999999999999
      vertex -8.581871203528266 -1.7070403176411222 17.099999999999998
      vertex -8.75 0 17.099999999999998
    endloop
  endfacet
  facet normal 0 0 1
    outer loop
      vertex -8.083945909473758 -3.3484800331945355 17.099999999999998
      vertex -8.581871203528266 1.7070403176411222 17.099999999999998
      vertex -8.581871203528266 -1.7070403176411222 17.099999999999998
    endloop
  endfacet
  facet normal 0 0 1
    outer loop
      vertex -7.275359107647271 -4.861239538921519 17.099999999999998
      vertex -8.083945909473758 3.3484800331945355 17.099999999999998
      vertex -8.083945909473758 -3.3484800331945355 17.099999999999998
    endloop
  endfacet
  facet normal 0 0 -1
    outer loop
      vertex -8.083945909473758 -3.3484800331945355 15.899999999999999
      vertex -8.581871203528266 -1.7070403176411222 15.899999999999999
      vertex -8.083945909473758 3.3484800331945355 15.899999999999999
    endloop
  endfacet
  facet normal -0.9951847266721968 -0.09801714032956096 -8.756706973489217e-18
    outer loop
      vertex -8.581871203528266 -1.7070403176411222 15.899999999999999
      vertex -8.75 0 17.099999999999998
      vertex -8.75 0 15.899999999999999
    endloop
  endfacet
  facet normal 0 0 -1
    outer loop
      vertex -7.275359107647271 -4.861239538921519 15.899999999999999
      vertex -7.25 0 15.899999999999999
      vertex -7.110693282923421 -1.4144048346169298 15.899999999999999
    endloop
  endfacet
  facet normal 0 0 -1
    outer loop
      vertex -7.275359107647271 -4.861239538921519 15.899999999999999
      vertex -8.083945909473758 -3.3484800331945355 15.899999999999999
      vertex -7.275359107647271 4.861239538921519 15.899999999999999
    endloop
  endfacet
  facet normal 0 0 1
    outer loop
      vertex -7.275359107647271 -4.861239538921519 17.099999999999998
      vertex -6.187184335382291 -6.187184335382291 17.099999999999998
      vertex -7.275359107647271 4.861239538921519 17.099999999999998
    endloop
  endfacet
  facet normal 0 0 -1
    outer loop
      vertex -6.187184335382291 -6.187184335382291 15.899999999999999
      vertex -6.6981266107068285 -2.774454884646901 15.899999999999999
      vertex -6.028154689193453 -4.027884189392116 15.899999999999999
    endloop
  endfacet
  facet normal 0 0 1
    outer loop
      vertex -4.861239538921519 -7.275359107647271 17.099999999999998
      vertex -6.187184335382291 6.187184335382291 17.099999999999998
      vertex -6.187184335382291 -6.187184335382291 17.099999999999998
    endloop
  endfacet
  facet normal -0.47139673682599753 -0.8819212643483552 3.007424578573206e-17
    outer loop
      vertex -4.861239538921519 -7.275359107647271 15.899999999999999
      vertex -3.3484800331945355 -8.083945909473758 15.899999999999999
      vertex -3.3484800331945355 -8.083945909473758 17.099999999999998
    endloop
  endfacet
  facet normal 0 0 -1
    outer loop
      vertex -4.861239538921519 -7.275359107647271 15.899999999999999
      vertex -4.027884189392116 -6.028154689193453 15.899999999999999
      vertex -3.3484800331945355 -8.083945909473758 15.899999999999999
    endloop
  endfacet
  facet normal 0 0 -1
    outer loop
      vertex -3.3484800331945355 -8.083945909473758 15.899999999999999
      vertex -4.027884189392116 -6.028154689193453 15.899999999999999
      vertex -2.774454884646901 -6.6981266107068285 15.899999999999999
    endloop
  endfacet
  facet normal -0.47139673682599753 -0.8819212643483552 0
    outer loop
      vertex -4.861239538921519 -7.275359107647271 15.899999999999999
      vertex -3.3484800331945355 -8.083945909473758 17.099999999999998
      vertex -4.861239538921519 -7.275359107647271 17.099999999999998
    endloop
  endfacet
  facet normal 0 0 -1
    outer loop
      vertex -3.3484800331945355 -8.083945909473758 15.899999999999999
      vertex -2.774454884646901 -6.6981266107068285 15.899999999999999
      vertex -1.7070403176411222 -8.581871203528266 15.899999999999999
    endloop
  endfacet
  facet normal -0.29028467725446233 -0.9569403357322087 0
    outer loop
      vertex -3.3484800331945355 -8.083945909473758 15.899999999999999
      vertex -1.7070403176411222 -8.581871203528266 17.099999999999998
      vertex -3.3484800331945355 -8.083945909473758 17.099999999999998
    endloop
  endfacet
  facet normal -0.29028467725446233 -0.9569403357322087 1.172510287371914e-17
    outer loop
      vertex -3.3484800331945355 -8.083945909473758 15.899999999999999
      vertex -1.7070403176411222 -8.581871203528266 15.899999999999999
      vertex -1.7070403176411222 -8.581871203528266 17.099999999999998
    endloop
  endfacet
  facet normal -0.09801714032956096 -0.9951847266721968 0
    outer loop
      vertex -1.7070403176411222 -8.581871203528266 15.899999999999999
      vertex 0 -8.75 17.099999999999998
      vertex -1.7070403176411222 -8.581871203528266 17.099999999999998
    endloop
  endfacet
  facet normal 0 0 -1
    outer loop
      vertex -2.774454884646901 -6.6981266107068285 15.899999999999999
      vertex -1.4144048346169298 -7.110693282923421 15.899999999999999
      vertex -1.7070403176411222 -8.581871203528266 15.899999999999999
    endloop
  endfacet
  facet normal 0 0 -1
    outer loop
      vertex -1.7070403176411222 -8.581871203528266 15.899999999999999
      vertex -1.4144048346169298 -7.110693282923421 15.899999999999999
      vertex 0 -8.75 15.899999999999999
    endloop
  endfacet
  facet normal 0 0 -1
    outer loop
      vertex -1.4144048346169298 -7.110693282923421 15.899999999999999
      vertex 0 -7.25 15.899999999999999
      vertex 0 -8.75 15.899999999999999
    endloop
  endfacet
  facet normal -0.09801714032956096 -0.9951847266721968 -8.756706973489217e-18
    outer loop
      vertex -1.7070403176411222 -8.581871203528266 15.899999999999999
      vertex 0 -8.75 15.899999999999999
      vertex 0 -8.75 17.099999999999998
    endloop
  endfacet
  facet normal 0 0 1
    outer loop
      vertex -4.861239538921519 -7.275359107647271 17.099999999999998
      vertex -3.3484800331945355 -8.083945909473758 17.099999999999998
      vertex -4.861239538921519 7.275359107647271 17.099999999999998
    endloop
  endfacet
  facet normal 0 0 1
    outer loop
      vertex -3.3484800331945355 -8.083945909473758 17.099999999999998
      vertex -1.7070403176411222 -8.581871203528266 17.099999999999998
      vertex -3.3484800331945355 8.083945909473758 17.099999999999998
    endloop
  endfacet
  facet normal 0 0 1
    outer loop
      vertex -3.3484800331945355 8.083945909473758 17.099999999999998
      vertex -1.7070403176411222 -8.581871203528266 17.099999999999998
      vertex -1.7163742407056533 -0.34140806352822445 17.099999999999998
    endloop
  endfacet
  facet normal 0 0 1
    outer loop
      vertex -1.7070403176411222 -8.581871203528266 17.099999999999998
      vertex -0.6696960066389072 -1.6167891818947517 17.099999999999998
      vertex -0.9722479077843038 -1.4550718215294542 17.099999999999998
    endloop
  endfacet
  facet normal 0 0 1
    outer loop
      vertex -1.7070403176411222 -8.581871203528266 17.099999999999998
      vertex -1.2374368670764582 -1.2374368670764582 17.099999999999998
      vertex -1.4550718215294542 -0.9722479077843038 17.099999999999998
    endloop
  endfacet
  facet normal 0 0 1
    outer loop
      vertex -1.7070403176411222 -8.581871203528266 17.099999999999998
      vertex -1.4550718215294542 -0.9722479077843038 17.099999999999998
      vertex -1.6167891818947517 -0.6696960066389072 17.099999999999998
    endloop
  endfacet
  facet normal 0 0 1
    outer loop
      vertex -1.7070403176411222 -8.581871203528266 17.099999999999998
      vertex -0.9722479077843038 -1.4550718215294542 17.099999999999998
      vertex -1.2374368670764582 -1.2374368670764582 17.099999999999998
    endloop
  endfacet
  facet normal 0 0 1
    outer loop
      vertex -1.7163742407056533 -0.34140806352822445 17.099999999999998
      vertex -1.7070403176411222 -8.581871203528266 17.099999999999998
      vertex -1.6167891818947517 -0.6696960066389072 17.099999999999998
    endloop
  endfacet
  facet normal 0 0 1
    outer loop
      vertex -0.34140806352822445 -1.7163742407056533 17.099999999999998
      vertex -0.6696960066389072 -1.6167891818947517 17.099999999999998
      vertex -1.7070403176411222 -8.581871203528266 17.099999999999998
    endloop
  endfacet
  facet normal 0 0 1
    outer loop
      vertex -0.34140806352822445 -1.7163742407056533 17.099999999999998
      vertex -1.7070403176411222 -8.581871203528266 17.099999999999998
      vertex 0 -1.75 17.099999999999998
    endloop
  endfacet
  facet normal 0 0 1
    outer loop
      vertex -1.7070403176411222 -8.581871203528266 17.099999999999998
      vertex 0.34140806352822445 -1.7163742407056533 17.099999999999998
      vertex 0 -1.75 17.099999999999998
    endloop
  endfacet
  facet normal 0 0 1
    outer loop
      vertex -1.7070403176411222 -8.581871203528266 17.099999999999998
      vertex 0.6696960066389072 -1.6167891818947517 17.099999999999998
      vertex 0.34140806352822445 -1.7163742407056533 17.099999999999998
    endloop
  endfacet
  facet normal 0 0 1
    outer loop
      vertex -1.7070403176411222 -8.581871203528266 17.099999999999998
      vertex 0.9722479077843038 -1.4550718215294542 17.099999999999998
      vertex 0.6696960066389072 -1.6167891818947517 17.099999999999998
    endloop
  endfacet
  facet normal 0 0 -1
    outer loop
      vertex -8.581871203528266 -1.7070403176411222 15.899999999999999
      vertex -8.75 0 15.899999999999999
      vertex -8.581871203528266 1.7070403176411222 15.899999999999999
    endloop
  endfacet
  facet normal 0 0 1
    outer loop
      vertex -8.581871203528266 -1.7070403176411222 17.099999999999998
      vertex -8.581871203528266 1.7070403176411222 17.099999999999998
      vertex -8.75 0 17.099999999999998
    endloop
  endfacet
  facet normal -0.9951847266721968 0.09801714032956096 0
    outer loop
      vertex -8.75 0 15.899999999999999
      vertex -8.75 0 17.099999999999998
      vertex -8.581871203528266 1.7070403176411222 17.099999999999998
    endloop
  endfacet
  facet normal 0 0 1
    outer loop
      vertex -8.083945909473758 -3.3484800331945355 17.099999999999998
      vertex -8.083945909473758 3.3484800331945355 17.099999999999998
      vertex -8.581871203528266 1.7070403176411222 17.099999999999998
    endloop
  endfacet
  facet normal 0 0 -1
    outer loop
      vertex -8.581871203528266 -1.7070403176411222 15.899999999999999
      vertex -8.581871203528266 1.7070403176411222 15.899999999999999
      vertex -8.083945909473758 3.3484800331945355 15.899999999999999
    endloop
  endfacet
  facet normal 0 0 -1
    outer loop
      vertex -8.083945909473758 -3.3484800331945355 15.899999999999999
      vertex -8.083945909473758 3.3484800331945355 15.899999999999999
      vertex -7.275359107647271 4.861239538921519 15.899999999999999
    endloop
  endfacet
  facet normal -0.9951847266721968 0.09801714032956096 8.756706973489217e-18
    outer loop
      vertex -8.75 0 15.899999999999999
      vertex -8.581871203528266 1.7070403176411222 17.099999999999998
      vertex -8.581871203528266 1.7070403176411222 15.899999999999999
    endloop
  endfacet
  facet normal 0 0 -1
    outer loop
      vertex -7.275359107647271 -4.861239538921519 15.899999999999999
      vertex -7.275359107647271 4.861239538921519 15.899999999999999
      vertex -7.25 0 15.899999999999999
    endloop
  endfacet
  facet normal 0 0 -1
    outer loop
      vertex -7.25 0 15.899999999999999
      vertex -7.275359107647271 4.861239538921519 15.899999999999999
      vertex -7.110693282923421 1.4144048346169298 15.899999999999999
    endloop
  endfacet
  facet normal 0 0 1
    outer loop
      vertex -7.275359107647271 -4.861239538921519 17.099999999999998
      vertex -7.275359107647271 4.861239538921519 17.099999999999998
      vertex -8.083945909473758 3.3484800331945355 17.099999999999998
    endloop
  endfacet
  facet normal -0.9569403357322087 0.29028467725446233 0
    outer loop
      vertex -8.581871203528266 1.7070403176411222 15.899999999999999
      vertex -8.581871203528266 1.7070403176411222 17.099999999999998
      vertex -8.083945909473758 3.3484800331945355 17.099999999999998
    endloop
  endfacet
  facet normal -0.9569403357322087 0.29028467725446233 -1.172510287371914e-17
    outer loop
      vertex -8.581871203528266 1.7070403176411222 15.899999999999999
      vertex -8.083945909473758 3.3484800331945355 17.099999999999998
      vertex -8.083945909473758 3.3484800331945355 15.899999999999999
    endloop
  endfacet
  facet normal -0.8819212643483552 0.47139673682599753 0
    outer loop
      vertex -8.083945909473758 3.3484800331945355 15.899999999999999
      vertex -8.083945909473758 3.3484800331945355 17.099999999999998
      vertex -7.275359107647271 4.861239538921519 17.099999999999998
    endloop
  endfacet
  facet normal 0 0 -1
    outer loop
      vertex -7.110693282923421 1.4144048346169298 15.899999999999999
      vertex -7.275359107647271 4.861239538921519 15.899999999999999
      vertex -6.6981266107068285 2.774454884646901 15.899999999999999
    endloop
  endfacet
  facet normal 0 0 -1
    outer loop
      vertex -6.6981266107068285 2.774454884646901 15.899999999999999
      vertex -7.275359107647271 4.861239538921519 15.899999999999999
      vertex -6.028154689193453 4.027884189392116 15.899999999999999
    endloop
  endfacet
  facet normal -0.8819212643483552 0.47139673682599753 -3.007424578573206e-17
    outer loop
      vertex -8.083945909473758 3.3484800331945355 15.899999999999999
      vertex -7.275359107647271 4.861239538921519 17.099999999999998
      vertex -7.275359107647271 4.861239538921519 15.899999999999999
    endloop
  endfacet
  facet normal 0 0 1
    outer loop
      vertex -6.187184335382291 -6.187184335382291 17.099999999999998
      vertex -6.187184335382291 6.187184335382291 17.099999999999998
      vertex -7.275359107647271 4.861239538921519 17.099999999999998
    endloop
  endfacet
  facet normal 0 0 1
    outer loop
      vertex -4.861239538921519 -7.275359107647271 17.099999999999998
      vertex -4.861239538921519 7.275359107647271 17.099999999999998
      vertex -6.187184335382291 6.187184335382291 17.099999999999998
    endloop
  endfacet
  facet normal -0.7730104533627371 0.6343932841636452 0
    outer loop
      vertex -7.275359107647271 4.861239538921519 15.899999999999999
      vertex -7.275359107647271 4.861239538921519 17.099999999999998
      vertex -6.187184335382291 6.187184335382291 17.099999999999998
    endloop
  endfacet
  facet normal 0 0 -1
    outer loop
      vertex -6.028154689193453 4.027884189392116 15.899999999999999
      vertex -7.275359107647271 4.861239538921519 15.899999999999999
      vertex -6.187184335382291 6.187184335382291 15.899999999999999
    endloop
  endfacet
  facet normal 0 0 -1
    outer loop
      vertex -6.028154689193453 4.027884189392116 15.899999999999999
      vertex -6.187184335382291 6.187184335382291 15.899999999999999
      vertex -5.12652416360247 5.12652416360247 15.899999999999999
    endloop
  endfacet
  facet normal -0.7730104533627371 0.6343932841636452 1.4077282971347147e-17
    outer loop
      vertex -7.275359107647271 4.861239538921519 15.899999999999999
      vertex -6.187184335382291 6.187184335382291 17.099999999999998
      vertex -6.187184335382291 6.187184335382291 15.899999999999999
    endloop
  endfacet
  facet normal -0.6343932841636452 0.7730104533627371 0
    outer loop
      vertex -6.187184335382291 6.187184335382291 15.899999999999999
      vertex -6.187184335382291 6.187184335382291 17.099999999999998
      vertex -4.861239538921519 7.275359107647271 15.899999999999999
    endloop
  endfacet
  facet normal 0 0 -1
    outer loop
      vertex -6.187184335382291 6.187184335382291 15.899999999999999
      vertex -4.027884189392116 6.028154689193453 15.899999999999999
      vertex -5.12652416360247 5.12652416360247 15.899999999999999
    endloop
  endfacet
  facet normal 0 0 -1
    outer loop
      vertex -6.187184335382291 6.187184335382291 15.899999999999999
      vertex -4.861239538921519 7.275359107647271 15.899999999999999
      vertex -4.027884189392116 6.028154689193453 15.899999999999999
    endloop
  endfacet
  facet normal -0.6343932841636452 0.7730104533627371 1.4077282971347147e-17
    outer loop
      vertex -6.187184335382291 6.187184335382291 17.099999999999998
      vertex -4.861239538921519 7.275359107647271 17.099999999999998
      vertex -4.861239538921519 7.275359107647271 15.899999999999999
    endloop
  endfacet
  facet normal 0 0 1
    outer loop
      vertex -3.3484800331945355 -8.083945909473758 17.099999999999998
      vertex -3.3484800331945355 8.083945909473758 17.099999999999998
      vertex -4.861239538921519 7.275359107647271 17.099999999999998
    endloop
  endfacet
  facet normal 0 0 1
    outer loop
      vertex -3.3484800331945355 8.083945909473758 17.099999999999998
      vertex -1.7163742407056533 -0.34140806352822445 17.099999999999998
      vertex -1.75 0 17.099999999999998
    endloop
  endfacet
  facet normal 0 0 1
    outer loop
      vertex -3.3484800331945355 8.083945909473758 17.099999999999998
      vertex -1.75 0 17.099999999999998
      vertex -1.7163742407056533 0.34140806352822445 17.099999999999998
    endloop
  endfacet
  facet normal 0 0 1
    outer loop
      vertex -3.3484800331945355 8.083945909473758 17.099999999999998
      vertex -1.7163742407056533 0.34140806352822445 17.099999999999998
      vertex -1.6167891818947517 0.6696960066389072 17.099999999999998
    endloop
  endfacet
  facet normal 0 0 1
    outer loop
      vertex -3.3484800331945355 8.083945909473758 17.099999999999998
      vertex -1.6167891818947517 0.6696960066389072 17.099999999999998
      vertex -1.4550718215294542 0.9722479077843038 17.099999999999998
    endloop
  endfacet
  facet normal 0 0 1
    outer loop
      vertex -1.7070403176411222 8.581871203528266 17.099999999999998
      vertex -1.4550718215294542 0.9722479077843038 17.099999999999998
      vertex -1.2374368670764582 1.2374368670764582 17.099999999999998
    endloop
  endfacet
  facet normal 0 0 1
    outer loop
      vertex -0.9722479077843038 1.4550718215294542 17.099999999999998
      vertex -1.7070403176411222 8.581871203528266 17.099999999999998
      vertex -1.2374368670764582 1.2374368670764582 17.099999999999998
    endloop
  endfacet
  facet normal 0 0 1
    outer loop
      vertex -0.9722479077843038 1.4550718215294542 17.099999999999998
      vertex -0.6696960066389072 1.6167891818947517 17.099999999999998
      vertex -1.7070403176411222 8.581871203528266 17.099999999999998
    endloop
  endfacet
  facet normal 0 0 1
    outer loop
      vertex -1.7070403176411222 8.581871203528266 17.099999999999998
      vertex -0.6696960066389072 1.6167891818947517 17.099999999999998
      vertex -0.34140806352822445 1.7163742407056533 17.099999999999998
    endloop
  endfacet
  facet normal 0 0 1
    outer loop
      vertex 0 8.75 17.099999999999998
      vertex -0.34140806352822445 1.7163742407056533 17.099999999999998
      vertex 0 1.75 17.099999999999998
    endloop
  endfacet
  facet normal 0 0 -1
    outer loop
      vertex -4.861239538921519 7.275359107647271 15.899999999999999
      vertex -2.774454884646901 6.6981266107068285 15.899999999999999
      vertex -4.027884189392116 6.028154689193453 15.899999999999999
    endloop
  endfacet
  facet normal 0 0 -1
    outer loop
      vertex -4.861239538921519 7.275359107647271 15.899999999999999
      vertex -3.3484800331945355 8.083945909473758 15.899999999999999
      vertex -2.774454884646901 6.6981266107068285 15.899999999999999
    endloop
  endfacet
  facet normal -0.47139673682599753 0.8819212643483552 0
    outer loop
      vertex -4.861239538921519 7.275359107647271 15.899999999999999
      vertex -4.861239538921519 7.275359107647271 17.099999999999998
      vertex -3.3484800331945355 8.083945909473758 15.899999999999999
    endloop
  endfacet
  facet normal -0.47139673682599753 0.8819212643483552 -3.007424578573206e-17
    outer loop
      vertex -4.861239538921519 7.275359107647271 17.099999999999998
      vertex -3.3484800331945355 8.083945909473758 17.099999999999998
      vertex -3.3484800331945355 8.083945909473758 15.899999999999999
    endloop
  endfacet
  facet normal 0 0 -1
    outer loop
      vertex -3.3484800331945355 8.083945909473758 15.899999999999999
      vertex -1.4144048346169298 7.110693282923421 15.899999999999999
      vertex -2.774454884646901 6.6981266107068285 15.899999999999999
    endloop
  endfacet
  facet normal -0.29028467725446233 0.9569403357322087 0
    outer loop
      vertex -3.3484800331945355 8.083945909473758 15.899999999999999
      vertex -3.3484800331945355 8.083945909473758 17.099999999999998
      vertex -1.7070403176411222 8.581871203528266 15.899999999999999
    endloop
  endfacet
  facet normal -0.29028467725446233 0.9569403357322087 -1.172510287371914e-17
    outer loop
      vertex -3.3484800331945355 8.083945909473758 17.099999999999998
      vertex -1.7070403176411222 8.581871203528266 17.099999999999998
      vertex -1.7070403176411222 8.581871203528266 15.899999999999999
    endloop
  endfacet
  facet normal 0 0 1
    outer loop
      vertex -3.3484800331945355 8.083945909473758 17.099999999999998
      vertex -1.4550718215294542 0.9722479077843038 17.099999999999998
      vertex -1.7070403176411222 8.581871203528266 17.099999999999998
    endloop
  endfacet
  facet normal 0 0 1
    outer loop
      vertex -1.7070403176411222 8.581871203528266 17.099999999999998
      vertex -0.34140806352822445 1.7163742407056533 17.099999999999998
      vertex 0 8.75 17.099999999999998
    endloop
  endfacet
  facet normal 0 0 -1
    outer loop
      vertex -3.3484800331945355 8.083945909473758 15.899999999999999
      vertex -1.7070403176411222 8.581871203528266 15.899999999999999
      vertex -1.4144048346169298 7.110693282923421 15.899999999999999
    endloop
  endfacet
  facet normal -0.09801714032956096 0.9951847266721968 0
    outer loop
      vertex -1.7070403176411222 8.581871203528266 15.899999999999999
      vertex -1.7070403176411222 8.581871203528266 17.099999999999998
      vertex 0 8.75 15.899999999999999
    endloop
  endfacet
  facet normal 0 0 -1
    outer loop
      vertex -1.4144048346169298 7.110693282923421 15.899999999999999
      vertex -1.7070403176411222 8.581871203528266 15.899999999999999
      vertex 0 7.25 15.899999999999999
    endloop
  endfacet
  facet normal 0 0 -1
    outer loop
      vertex -1.7070403176411222 8.581871203528266 15.899999999999999
      vertex 0 8.75 15.899999999999999
      vertex 0 7.25 15.899999999999999
    endloop
  endfacet
  facet normal -0.09801714032956096 0.9951847266721968 8.756706973489217e-18
    outer loop
      vertex -1.7070403176411222 8.581871203528266 17.099999999999998
      vertex 0 8.75 17.099999999999998
      vertex 0 8.75 15.899999999999999
    endloop
  endfacet
  facet normal 0 0 -1
    outer loop
      vertex 0 -8.75 15.899999999999999
      vertex 0 -7.25 15.899999999999999
      vertex 1.7070403176411222 -8.581871203528266 15.899999999999999
    endloop
  endfacet
  facet normal 0 0 1
    outer loop
      vertex 0 -8.75 17.099999999999998
      vertex 1.7070403176411222 -8.581871203528266 17.099999999999998
      vertex -1.7070403176411222 -8.581871203528266 17.099999999999998
    endloop
  endfacet
  facet normal 0.09801714032956096 -0.9951847266721968 0
    outer loop
      vertex 0 -8.75 15.899999999999999
      vertex 1.7070403176411222 -8.581871203528266 17.099999999999998
      vertex 0 -8.75 17.099999999999998
    endloop
  endfacet
  facet normal 0 0 -1
    outer loop
      vertex 0 -7.25 15.899999999999999
      vertex 1.4144048346169298 -7.110693282923421 15.899999999999999
      vertex 1.7070403176411222 -8.581871203528266 15.899999999999999
    endloop
  endfacet
  facet normal 0 0 -1
    outer loop
      vertex 1.7070403176411222 -8.581871203528266 15.899999999999999
      vertex 1.4144048346169298 -7.110693282923421 15.899999999999999
      vertex 3.3484800331945355 -8.083945909473758 15.899999999999999
    endloop
  endfacet
  facet normal 0.09801714032956096 -0.9951847266721968 8.756706973489217e-18
    outer loop
      vertex 0 -8.75 15.899999999999999
      vertex 1.7070403176411222 -8.581871203528266 15.899999999999999
      vertex 1.7070403176411222 -8.581871203528266 17.099999999999998
    endloop
  endfacet
  facet normal 0 0 1
    outer loop
      vertex -1.7070403176411222 -8.581871203528266 17.099999999999998
      vertex 1.7070403176411222 -8.581871203528266 17.099999999999998
      vertex 0.9722479077843038 -1.4550718215294542 17.099999999999998
    endloop
  endfacet
  facet normal 0 0 1
    outer loop
      vertex 1.7070403176411222 -8.581871203528266 17.099999999999998
      vertex 3.3484800331945355 -8.083945909473758 17.099999999999998
      vertex 1.2374368670764582 -1.2374368670764582 17.099999999999998
    endloop
  endfacet
  facet normal 0.29028467725446233 -0.9569403357322087 0
    outer loop
      vertex 1.7070403176411222 -8.581871203528266 15.899999999999999
      vertex 3.3484800331945355 -8.083945909473758 17.099999999999998
      vertex 1.7070403176411222 -8.581871203528266 17.099999999999998
    endloop
  endfacet
  facet normal 0.29028467725446233 -0.9569403357322087 -1.172510287371914e-17
    outer loop
      vertex 1.7070403176411222 -8.581871203528266 15.899999999999999
      vertex 3.3484800331945355 -8.083945909473758 15.899999999999999
      vertex 3.3484800331945355 -8.083945909473758 17.099999999999998
    endloop
  endfacet
  facet normal 0 0 -1
    outer loop
      vertex 1.4144048346169298 -7.110693282923421 15.899999999999999
      vertex 2.774454884646901 -6.6981266107068285 15.899999999999999
      vertex 3.3484800331945355 -8.083945909473758 15.899999999999999
    endloop
  endfacet
  facet normal 0.47139673682599753 -0.8819212643483552 0
    outer loop
      vertex 3.3484800331945355 -8.083945909473758 15.899999999999999
      vertex 4.861239538921519 -7.275359107647271 17.099999999999998
      vertex 3.3484800331945355 -8.083945909473758 17.099999999999998
    endloop
  endfacet
  facet normal 0 0 -1
    outer loop
      vertex 2.774454884646901 -6.6981266107068285 15.899999999999999
      vertex 4.861239538921519 -7.275359107647271 15.899999999999999
      vertex 3.3484800331945355 -8.083945909473758 15.899999999999999
    endloop
  endfacet
  facet normal 0 0 -1
    outer loop
      vertex 2.774454884646901 -6.6981266107068285 15.899999999999999
      vertex 4.027884189392116 -6.028154689193453 15.899999999999999
      vertex 4.861239538921519 -7.275359107647271 15.899999999999999
    endloop
  endfacet
  facet normal 0.47139673682599753 -0.8819212643483552 -3.007424578573206e-17
    outer loop
      vertex 3.3484800331945355 -8.083945909473758 15.899999999999999
      vertex 4.861239538921519 -7.275359107647271 15.899999999999999
      vertex 4.861239538921519 -7.275359107647271 17.099999999999998
    endloop
  endfacet
  facet normal 0 0 1
    outer loop
      vertex 0.9722479077843038 -1.4550718215294542 17.099999999999998
      vertex 1.7070403176411222 -8.581871203528266 17.099999999999998
      vertex 1.2374368670764582 -1.2374368670764582 17.099999999999998
    endloop
  endfacet
  facet normal 0 0 1
    outer loop
      vertex 1.2374368670764582 -1.2374368670764582 17.099999999999998
      vertex 3.3484800331945355 -8.083945909473758 17.099999999999998
      vertex 1.4550718215294542 -0.9722479077843038 17.099999999999998
    endloop
  endfacet
  facet normal 0 0 1
    outer loop
      vertex 1.4550718215294542 -0.9722479077843038 17.099999999999998
      vertex 3.3484800331945355 -8.083945909473758 17.099999999999998
      vertex 1.6167891818947517 -0.6696960066389072 17.099999999999998
    endloop
  endfacet
  facet normal 0 0 1
    outer loop
      vertex 1.7163742407056533 -0.34140806352822445 17.099999999999998
      vertex 1.6167891818947517 -0.6696960066389072 17.099999999999998
      vertex 3.3484800331945355 -8.083945909473758 17.099999999999998
    endloop
  endfacet
  facet normal 0 0 1
    outer loop
      vertex 3.3484800331945355 -8.083945909473758 17.099999999999998
      vertex 1.75 0 17.099999999999998
      vertex 1.7163742407056533 -0.34140806352822445 17.099999999999998
    endloop
  endfacet
  facet normal 0 0 1
    outer loop
      vertex 3.3484800331945355 -8.083945909473758 17.099999999999998
      vertex 1.7163742407056533 0.34140806352822445 17.099999999999998
      vertex 1.75 0 17.099999999999998
    endloop
  endfacet
  facet normal 0 0 1
    outer loop
      vertex 3.3484800331945355 -8.083945909473758 17.099999999999998
      vertex 4.861239538921519 -7.275359107647271 17.099999999999998
      vertex 3.3484800331945355 8.083945909473758 17.099999999999998
    endloop
  endfacet
  facet normal 0.6343932841636452 -0.7730104533627371 0
    outer loop
      vertex 4.861239538921519 -7.275359107647271 15.899999999999999
      vertex 6.187184335382291 -6.187184335382291 17.099999999999998
      vertex 4.861239538921519 -7.275359107647271 17.099999999999998
    endloop
  endfacet
  facet normal 0 0 -1
    outer loop
      vertex 4.027884189392116 -6.028154689193453 15.899999999999999
      vertex 6.187184335382291 -6.187184335382291 15.899999999999999
      vertex 4.861239538921519 -7.275359107647271 15.899999999999999
    endloop
  endfacet
  facet normal 0 0 -1
    outer loop
      vertex 4.027884189392116 -6.028154689193453 15.899999999999999
      vertex 5.12652416360247 -5.12652416360247 15.899999999999999
      vertex 6.187184335382291 -6.187184335382291 15.899999999999999
    endloop
  endfacet
  facet normal 0.6343932841636452 -0.7730104533627371 1.4077282971347147e-17
    outer loop
      vertex 4.861239538921519 -7.275359107647271 15.899999999999999
      vertex 6.187184335382291 -6.187184335382291 15.899999999999999
      vertex 6.187184335382291 -6.187184335382291 17.099999999999998
    endloop
  endfacet
  facet normal 0.7730104533627371 -0.6343932841636452 0
    outer loop
      vertex 6.187184335382291 -6.187184335382291 15.899999999999999
      vertex 7.275359107647271 -4.861239538921519 15.899999999999999
      vertex 6.187184335382291 -6.187184335382291 17.099999999999998
    endloop
  endfacet
  facet normal 0 0 -1
    outer loop
      vertex 5.12652416360247 -5.12652416360247 15.899999999999999
      vertex 6.028154689193453 -4.027884189392116 15.899999999999999
      vertex 6.187184335382291 -6.187184335382291 15.899999999999999
    endloop
  endfacet
  facet normal 0 0 -1
    outer loop
      vertex 6.187184335382291 -6.187184335382291 15.899999999999999
      vertex 6.028154689193453 -4.027884189392116 15.899999999999999
      vertex 7.275359107647271 -4.861239538921519 15.899999999999999
    endloop
  endfacet
  facet normal 0.7730104533627371 -0.6343932841636452 1.4077282971347147e-17
    outer loop
      vertex 6.187184335382291 -6.187184335382291 17.099999999999998
      vertex 7.275359107647271 -4.861239538921519 15.899999999999999
      vertex 7.275359107647271 -4.861239538921519 17.099999999999998
    endloop
  endfacet
  facet normal 0 0 1
    outer loop
      vertex 4.861239538921519 -7.275359107647271 17.099999999999998
      vertex 6.187184335382291 -6.187184335382291 17.099999999999998
      vertex 4.861239538921519 7.275359107647271 17.099999999999998
    endloop
  endfacet
  facet normal 0 0 1
    outer loop
      vertex 6.187184335382291 -6.187184335382291 17.099999999999998
      vertex 7.275359107647271 -4.861239538921519 17.099999999999998
      vertex 6.187184335382291 6.187184335382291 17.099999999999998
    endloop
  endfacet
  facet normal 0 0 -1
    outer loop
      vertex 7.275359107647271 -4.861239538921519 15.899999999999999
      vertex 6.028154689193453 -4.027884189392116 15.899999999999999
      vertex 6.6981266107068285 -2.774454884646901 15.899999999999999
    endloop
  endfacet
  facet normal 0.8819212643483552 -0.47139673682599753 0
    outer loop
      vertex 7.275359107647271 -4.861239538921519 15.899999999999999
      vertex 8.083945909473758 -3.3484800331945355 15.899999999999999
      vertex 7.275359107647271 -4.861239538921519 17.099999999999998
    endloop
  endfacet
  facet normal 0 0 -1
    outer loop
      vertex 7.275359107647271 -4.861239538921519 15.899999999999999
      vertex 6.6981266107068285 -2.774454884646901 15.899999999999999
      vertex 7.110693282923421 -1.4144048346169298 15.899999999999999
    endloop
  endfacet
  facet normal 0.8819212643483552 -0.47139673682599753 -3.007424578573206e-17
    outer loop
      vertex 7.275359107647271 -4.861239538921519 17.099999999999998
      vertex 8.083945909473758 -3.3484800331945355 15.899999999999999
      vertex 8.083945909473758 -3.3484800331945355 17.099999999999998
    endloop
  endfacet
  facet normal 0.9569403357322087 -0.29028467725446233 0
    outer loop
      vertex 8.083945909473758 -3.3484800331945355 15.899999999999999
      vertex 8.581871203528266 -1.7070403176411222 15.899999999999999
      vertex 8.083945909473758 -3.3484800331945355 17.099999999999998
    endloop
  endfacet
  facet normal 0.9569403357322087 -0.29028467725446233 -1.172510287371914e-17
    outer loop
      vertex 8.083945909473758 -3.3484800331945355 17.099999999999998
      vertex 8.581871203528266 -1.7070403176411222 15.899999999999999
      vertex 8.581871203528266 -1.7070403176411222 17.099999999999998
    endloop
  endfacet
  facet normal 0 0 -1
    outer loop
      vertex 7.275359107647271 -4.861239538921519 15.899999999999999
      vertex 7.110693282923421 -1.4144048346169298 15.899999999999999
      vertex 7.25 0 15.899999999999999
    endloop
  endfacet
  facet normal 0 0 1
    outer loop
      vertex 7.275359107647271 -4.861239538921519 17.099999999999998
      vertex 8.083945909473758 -3.3484800331945355 17.099999999999998
      vertex 7.275359107647271 4.861239538921519 17.099999999999998
    endloop
  endfacet
  facet normal 0 0 -1
    outer loop
      vertex 7.275359107647271 -4.861239538921519 15.899999999999999
      vertex 8.083945909473758 3.3484800331945355 15.899999999999999
      vertex 8.083945909473758 -3.3484800331945355 15.899999999999999
    endloop
  endfacet
  facet normal 0 0 -1
    outer loop
      vertex 8.083945909473758 -3.3484800331945355 15.899999999999999
      vertex 8.581871203528266 1.7070403176411222 15.899999999999999
      vertex 8.581871203528266 -1.7070403176411222 15.899999999999999
    endloop
  endfacet
  facet normal 0.9951847266721968 -0.09801714032956096 0
    outer loop
      vertex 8.581871203528266 -1.7070403176411222 15.899999999999999
      vertex 8.75 0 15.899999999999999
      vertex 8.581871203528266 -1.7070403176411222 17.099999999999998
    endloop
  endfacet
  facet normal 0 0 1
    outer loop
      vertex 8.083945909473758 -3.3484800331945355 17.099999999999998
      vertex 8.581871203528266 -1.7070403176411222 17.099999999999998
      vertex 8.083945909473758 3.3484800331945355 17.099999999999998
    endloop
  endfacet
  facet normal 0.9951847266721968 -0.09801714032956096 8.756706973489217e-18
    outer loop
      vertex 8.581871203528266 -1.7070403176411222 17.099999999999998
      vertex 8.75 0 15.899999999999999
      vertex 8.75 0 17.099999999999998
    endloop
  endfacet
  facet normal 0 0 1
    outer loop
      vertex 0 8.75 17.099999999999998
      vertex 0 1.75 17.099999999999998
      vertex 0.34140806352822445 1.7163742407056533 17.099999999999998
    endloop
  endfacet
  facet normal 0 0 1
    outer loop
      vertex 0.34140806352822445 1.7163742407056533 17.099999999999998
      vertex 0.6696960066389072 1.6167891818947517 17.099999999999998
      vertex 0 8.75 17.099999999999998
    endloop
  endfacet
  facet normal 0 0 1
    outer loop
      vertex 0.9722479077843038 1.4550718215294542 17.099999999999998
      vertex 0 8.75 17.099999999999998
      vertex 0.6696960066389072 1.6167891818947517 17.099999999999998
    endloop
  endfacet
  facet normal 0 0 1
    outer loop
      vertex 1.7163742407056533 0.34140806352822445 17.099999999999998
      vertex 1.7070403176411222 8.581871203528266 17.099999999999998
      vertex 1.6167891818947517 0.6696960066389072 17.099999999999998
    endloop
  endfacet
  facet normal 0 0 1
    outer loop
      vertex 1.7070403176411222 8.581871203528266 17.099999999999998
      vertex 0.9722479077843038 1.4550718215294542 17.099999999999998
      vertex 1.2374368670764582 1.2374368670764582 17.099999999999998
    endloop
  endfacet
  facet normal 0 0 1
    outer loop
      vertex 1.7070403176411222 8.581871203528266 17.099999999999998
      vertex 1.4550718215294542 0.9722479077843038 17.099999999999998
      vertex 1.6167891818947517 0.6696960066389072 17.099999999999998
    endloop
  endfacet
  facet normal 0 0 1
    outer loop
      vertex 1.7070403176411222 8.581871203528266 17.099999999999998
      vertex 1.2374368670764582 1.2374368670764582 17.099999999999998
      vertex 1.4550718215294542 0.9722479077843038 17.099999999999998
    endloop
  endfacet
  facet normal 0 0 1
    outer loop
      vertex 3.3484800331945355 -8.083945909473758 17.099999999999998
      vertex 1.7070403176411222 8.581871203528266 17.099999999999998
      vertex 1.7163742407056533 0.34140806352822445 17.099999999999998
    endloop
  endfacet
  facet normal 0 0 1
    outer loop
      vertex 3.3484800331945355 -8.083945909473758 17.099999999999998
      vertex 3.3484800331945355 8.083945909473758 17.099999999999998
      vertex 1.7070403176411222 8.581871203528266 17.099999999999998
    endloop
  endfacet
  facet normal 0 0 1
    outer loop
      vertex 4.861239538921519 -7.275359107647271 17.099999999999998
      vertex 4.861239538921519 7.275359107647271 17.099999999999998
      vertex 3.3484800331945355 8.083945909473758 17.099999999999998
    endloop
  endfacet
  facet normal 0 0 1
    outer loop
      vertex 1.7070403176411222 8.581871203528266 17.099999999999998
      vertex 0 8.75 17.099999999999998
      vertex 0.9722479077843038 1.4550718215294542 17.099999999999998
    endloop
  endfacet
  facet normal 0 0 -1
    outer loop
      vertex 0 7.25 15.899999999999999
      vertex 0 8.75 15.899999999999999
      vertex 1.4144048346169298 7.110693282923421 15.899999999999999
    endloop
  endfacet
  facet normal 0 0 -1
    outer loop
      vertex 0 8.75 15.899999999999999
      vertex 1.7070403176411222 8.581871203528266 15.899999999999999
      vertex 1.4144048346169298 7.110693282923421 15.899999999999999
    endloop
  endfacet
  facet normal 0.09801714032956096 0.9951847266721968 0
    outer loop
      vertex 0 8.75 15.899999999999999
      vertex 0 8.75 17.099999999999998
      vertex 1.7070403176411222 8.581871203528266 15.899999999999999
    endloop
  endfacet
  facet normal 0 0 -1
    outer loop
      vertex 1.4144048346169298 7.110693282923421 15.899999999999999
      vertex 1.7070403176411222 8.581871203528266 15.899999999999999
      vertex 2.774454884646901 6.6981266107068285 15.899999999999999
    endloop
  endfacet
  facet normal 0.09801714032956096 0.9951847266721968 -8.756706973489217e-18
    outer loop
      vertex 0 8.75 17.099999999999998
      vertex 1.7070403176411222 8.581871203528266 17.099999999999998
      vertex 1.7070403176411222 8.581871203528266 15.899999999999999
    endloop
  endfacet
  facet normal 0 0 -1
    outer loop
      vertex 1.7070403176411222 8.581871203528266 15.899999999999999
      vertex 3.3484800331945355 8.083945909473758 15.899999999999999
      vertex 2.774454884646901 6.6981266107068285 15.899999999999999
    endloop
  endfacet
  facet normal 0.29028467725446233 0.9569403357322087 0
    outer loop
      vertex 1.7070403176411222 8.581871203528266 15.899999999999999
      vertex 1.7070403176411222 8.581871203528266 17.099999999999998
      vertex 3.3484800331945355 8.083945909473758 15.899999999999999
    endloop
  endfacet
  facet normal 0.29028467725446233 0.9569403357322087 1.172510287371914e-17
    outer loop
      vertex 1.7070403176411222 8.581871203528266 17.099999999999998
      vertex 3.3484800331945355 8.083945909473758 17.099999999999998
      vertex 3.3484800331945355 8.083945909473758 15.899999999999999
    endloop
  endfacet
  facet normal 0 0 -1
    outer loop
      vertex 4.027884189392116 6.028154689193453 15.899999999999999
      vertex 2.774454884646901 6.6981266107068285 15.899999999999999
      vertex 3.3484800331945355 8.083945909473758 15.899999999999999
    endloop
  endfacet
  facet normal 0 0 -1
    outer loop
      vertex 4.027884189392116 6.028154689193453 15.899999999999999
      vertex 3.3484800331945355 8.083945909473758 15.899999999999999
      vertex 4.861239538921519 7.275359107647271 15.899999999999999
    endloop
  endfacet
  facet normal 0.47139673682599753 0.8819212643483552 3.007424578573206e-17
    outer loop
      vertex 3.3484800331945355 8.083945909473758 17.099999999999998
      vertex 4.861239538921519 7.275359107647271 17.099999999999998
      vertex 4.861239538921519 7.275359107647271 15.899999999999999
    endloop
  endfacet
  facet normal 0.47139673682599753 0.8819212643483552 0
    outer loop
      vertex 3.3484800331945355 8.083945909473758 15.899999999999999
      vertex 3.3484800331945355 8.083945909473758 17.099999999999998
      vertex 4.861239538921519 7.275359107647271 15.899999999999999
    endloop
  endfacet
  facet normal 0 0 1
    outer loop
      vertex 6.187184335382291 -6.187184335382291 17.099999999999998
      vertex 6.187184335382291 6.187184335382291 17.099999999999998
      vertex 4.861239538921519 7.275359107647271 17.099999999999998
    endloop
  endfacet
  facet normal 0 0 -1
    outer loop
      vertex 6.028154689193453 4.027884189392116 15.899999999999999
      vertex 6.187184335382291 6.187184335382291 15.899999999999999
      vertex 6.6981266107068285 2.774454884646901 15.899999999999999
    endloop
  endfacet
  facet normal 0 0 -1
    outer loop
      vertex 7.275359107647271 -4.861239538921519 15.899999999999999
      vertex 7.25 0 15.899999999999999
      vertex 7.275359107647271 4.861239538921519 15.899999999999999
    endloop
  endfacet
  facet normal 0 0 -1
    outer loop
      vertex 7.275359107647271 -4.861239538921519 15.899999999999999
      vertex 7.275359107647271 4.861239538921519 15.899999999999999
      vertex 8.083945909473758 3.3484800331945355 15.899999999999999
    endloop
  endfacet
  facet normal 0 0 -1
    outer loop
      vertex 7.25 0 15.899999999999999
      vertex 7.110693282923421 1.4144048346169298 15.899999999999999
      vertex 7.275359107647271 4.861239538921519 15.899999999999999
    endloop
  endfacet
  facet normal 0 0 1
    outer loop
      vertex 7.275359107647271 -4.861239538921519 17.099999999999998
      vertex 7.275359107647271 4.861239538921519 17.099999999999998
      vertex 6.187184335382291 6.187184335382291 17.099999999999998
    endloop
  endfacet
  facet normal 0 0 -1
    outer loop
      vertex 8.581871203528266 -1.7070403176411222 15.899999999999999
      vertex 8.581871203528266 1.7070403176411222 15.899999999999999
      vertex 8.75 0 15.899999999999999
    endloop
  endfacet
  facet normal 0 0 -1
    outer loop
      vertex 8.083945909473758 -3.3484800331945355 15.899999999999999
      vertex 8.083945909473758 3.3484800331945355 15.899999999999999
      vertex 8.581871203528266 1.7070403176411222 15.899999999999999
    endloop
  endfacet
  facet normal 0 0 1
    outer loop
      vertex 8.581871203528266 -1.7070403176411222 17.099999999999998
      vertex 8.75 0 17.099999999999998
      vertex 8.581871203528266 1.7070403176411222 17.099999999999998
    endloop
  endfacet
  facet normal 0.9951847266721968 0.09801714032956096 0
    outer loop
      vertex 8.75 0 15.899999999999999
      vertex 8.581871203528266 1.7070403176411222 15.899999999999999
      vertex 8.75 0 17.099999999999998
    endloop
  endfacet
  facet normal 0 0 1
    outer loop
      vertex 8.083945909473758 -3.3484800331945355 17.099999999999998
      vertex 8.083945909473758 3.3484800331945355 17.099999999999998
      vertex 7.275359107647271 4.861239538921519 17.099999999999998
    endloop
  endfacet
  facet normal 0 0 1
    outer loop
      vertex 8.581871203528266 -1.7070403176411222 17.099999999999998
      vertex 8.581871203528266 1.7070403176411222 17.099999999999998
      vertex 8.083945909473758 3.3484800331945355 17.099999999999998
    endloop
  endfacet
  facet normal 0.9951847266721968 0.09801714032956096 -8.756706973489217e-18
    outer loop
      vertex 8.75 0 17.099999999999998
      vertex 8.581871203528266 1.7070403176411222 15.899999999999999
      vertex 8.581871203528266 1.7070403176411222 17.099999999999998
    endloop
  endfacet
  facet normal 0 0 -1
    outer loop
      vertex 7.110693282923421 1.4144048346169298 15.899999999999999
      vertex 6.6981266107068285 2.774454884646901 15.899999999999999
      vertex 7.275359107647271 4.861239538921519 15.899999999999999
    endloop
  endfacet
  facet normal 0.8819212643483552 0.47139673682599753 3.007424578573206e-17
    outer loop
      vertex 8.083945909473758 3.3484800331945355 17.099999999999998
      vertex 7.275359107647271 4.861239538921519 15.899999999999999
      vertex 7.275359107647271 4.861239538921519 17.099999999999998
    endloop
  endfacet
  facet normal 0.9569403357322087 0.29028467725446233 0
    outer loop
      vertex 8.581871203528266 1.7070403176411222 15.899999999999999
      vertex 8.083945909473758 3.3484800331945355 15.899999999999999
      vertex 8.581871203528266 1.7070403176411222 17.099999999999998
    endloop
  endfacet
  facet normal 0.9569403357322087 0.29028467725446233 1.172510287371914e-17
    outer loop
      vertex 8.581871203528266 1.7070403176411222 17.099999999999998
      vertex 8.083945909473758 3.3484800331945355 15.899999999999999
      vertex 8.083945909473758 3.3484800331945355 17.099999999999998
    endloop
  endfacet
  facet normal 0.8819212643483552 0.47139673682599753 0
    outer loop
      vertex 8.083945909473758 3.3484800331945355 15.899999999999999
      vertex 7.275359107647271 4.861239538921519 15.899999999999999
      vertex 8.083945909473758 3.3484800331945355 17.099999999999998
    endloop
  endfacet
  facet normal 0 0 -1
    outer loop
      vertex 4.027884189392116 6.028154689193453 15.899999999999999
      vertex 4.861239538921519 7.275359107647271 15.899999999999999
      vertex 5.12652416360247 5.12652416360247 15.899999999999999
    endloop
  endfacet
  facet normal 0 0 -1
    outer loop
      vertex 5.12652416360247 5.12652416360247 15.899999999999999
      vertex 4.861239538921519 7.275359107647271 15.899999999999999
      vertex 6.187184335382291 6.187184335382291 15.899999999999999
    endloop
  endfacet
  facet normal 0 0 -1
    outer loop
      vertex 6.028154689193453 4.027884189392116 15.899999999999999
      vertex 5.12652416360247 5.12652416360247 15.899999999999999
      vertex 6.187184335382291 6.187184335382291 15.899999999999999
    endloop
  endfacet
  facet normal 0.6343932841636452 0.7730104533627371 0
    outer loop
      vertex 6.187184335382291 6.187184335382291 15.899999999999999
      vertex 4.861239538921519 7.275359107647271 17.099999999999998
      vertex 6.187184335382291 6.187184335382291 17.099999999999998
    endloop
  endfacet
  facet normal 0.7730104533627371 0.6343932841636452 0
    outer loop
      vertex 6.187184335382291 6.187184335382291 15.899999999999999
      vertex 6.187184335382291 6.187184335382291 17.099999999999998
      vertex 7.275359107647271 4.861239538921519 17.099999999999998
    endloop
  endfacet
  facet normal 0.6343932841636452 0.7730104533627371 -1.4077282971347147e-17
    outer loop
      vertex 6.187184335382291 6.187184335382291 15.899999999999999
      vertex 4.861239538921519 7.275359107647271 15.899999999999999
      vertex 4.861239538921519 7.275359107647271 17.099999999999998
    endloop
  endfacet
  facet normal 0 0 -1
    outer loop
      vertex 6.6981266107068285 2.774454884646901 15.899999999999999
      vertex 6.187184335382291 6.187184335382291 15.899999999999999
      vertex 7.275359107647271 4.861239538921519 15.899999999999999
    endloop
  endfacet
  facet normal 0.7730104533627371 0.6343932841636452 -1.4077282971347147e-17
    outer loop
      vertex 6.187184335382291 6.187184335382291 15.899999999999999
      vertex 7.275359107647271 4.861239538921519 17.099999999999998
      vertex 7.275359107647271 4.861239538921519 15.899999999999999
    endloop
  endfacet
  facet normal -0.7730104533627374 -0.634393284163645 5.480210673615629e-19
    outer loop
      vertex -5.12652416360247 -5.12652416360247 1.2
      vertex -6.028154689193453 -4.027884189392116 15.899999999999999
      vertex -6.028154689193453 -4.027884189392116 1.2
    endloop
  endfacet
  facet normal -0.634393284163645 -0.7730104533627374 5.480210673615629e-19
    outer loop
      vertex -5.12652416360247 -5.12652416360247 1.2
      vertex -4.027884189392116 -6.028154689193453 1.2
      vertex -4.027884189392116 -6.028154689193453 15.899999999999999
    endloop
  endfacet
  facet normal -0.9569403357322087 -0.29028467725446283 -2.544659322032615e-18
    outer loop
      vertex -6.6981266107068285 -2.774454884646901 1.2
      vertex -7.110693282923421 -1.4144048346169298 15.899999999999999
      vertex -7.110693282923421 -1.4144048346169298 1.2
    endloop
  endfacet
  facet normal -0.9951847266721969 -0.09801714032956042 -4.206229426043345e-19
    outer loop
      vertex -7.110693282923421 -1.4144048346169298 1.2
      vertex -7.25 0 15.899999999999999
      vertex -7.25 0 1.2
    endloop
  endfacet
  facet normal -0.8819212643483552 -0.4713967368259975 0
    outer loop
      vertex -6.6981266107068285 -2.774454884646901 1.2
      vertex -6.028154689193453 -4.027884189392116 1.2
      vertex -6.6981266107068285 -2.774454884646901 15.899999999999999
    endloop
  endfacet
  facet normal -0.4713967368259975 -0.8819212643483552 0
    outer loop
      vertex -2.774454884646901 -6.6981266107068285 1.2
      vertex -2.774454884646901 -6.6981266107068285 15.899999999999999
      vertex -4.027884189392116 -6.028154689193453 1.2
    endloop
  endfacet
  facet normal -0.29028467725446283 -0.9569403357322087 -2.544659322032615e-18
    outer loop
      vertex -2.774454884646901 -6.6981266107068285 1.2
      vertex -1.4144048346169298 -7.110693282923421 1.2
      vertex -1.4144048346169298 -7.110693282923421 15.899999999999999
    endloop
  endfacet
  facet normal -0.09801714032956042 -0.9951847266721969 -4.206229426043345e-19
    outer loop
      vertex -1.4144048346169298 -7.110693282923421 1.2
      vertex 0 -7.25 1.2
      vertex 0 -7.25 15.899999999999999
    endloop
  endfacet
  facet normal -0.7730104533627374 -0.634393284163645 0
    outer loop
      vertex -5.12652416360247 -5.12652416360247 1.2
      vertex -5.12652416360247 -5.12652416360247 15.899999999999999
      vertex -6.028154689193453 -4.027884189392116 15.899999999999999
    endloop
  endfacet
  facet normal -0.634393284163645 -0.7730104533627374 0
    outer loop
      vertex -5.12652416360247 -5.12652416360247 1.2
      vertex -4.027884189392116 -6.028154689193453 15.899999999999999
      vertex -5.12652416360247 -5.12652416360247 15.899999999999999
    endloop
  endfacet
  facet normal -0.9569403357322087 -0.29028467725446283 0
    outer loop
      vertex -6.6981266107068285 -2.774454884646901 1.2
      vertex -6.6981266107068285 -2.774454884646901 15.899999999999999
      vertex -7.110693282923421 -1.4144048346169298 15.899999999999999
    endloop
  endfacet
  facet normal -0.9951847266721969 -0.09801714032956042 0
    outer loop
      vertex -7.110693282923421 -1.4144048346169298 1.2
      vertex -7.110693282923421 -1.4144048346169298 15.899999999999999
      vertex -7.25 0 15.899999999999999
    endloop
  endfacet
  facet normal -0.8819212643483552 -0.4713967368259975 0
    outer loop
      vertex -6.028154689193453 -4.027884189392116 1.2
      vertex -6.028154689193453 -4.027884189392116 15.899999999999999
      vertex -6.6981266107068285 -2.774454884646901 15.899999999999999
    endloop
  endfacet
  facet normal -0.29028467725446283 -0.9569403357322087 0
    outer loop
      vertex -2.774454884646901 -6.6981266107068285 1.2
      vertex -1.4144048346169298 -7.110693282923421 15.899999999999999
      vertex -2.774454884646901 -6.6981266107068285 15.899999999999999
    endloop
  endfacet
  facet normal -0.4713967368259975 -0.8819212643483552 0
    outer loop
      vertex -4.027884189392116 -6.028154689193453 1.2
      vertex -2.774454884646901 -6.6981266107068285 15.899999999999999
      vertex -4.027884189392116 -6.028154689193453 15.899999999999999
    endloop
  endfacet
  facet normal -0.09801714032956042 -0.9951847266721969 0
    outer loop
      vertex -1.4144048346169298 -7.110693282923421 1.2
      vertex 0 -7.25 15.899999999999999
      vertex -1.4144048346169298 -7.110693282923421 15.899999999999999
    endloop
  endfacet
  facet normal -0.9951847266721969 0.09801714032956042 4.206229426043345e-19
    outer loop
      vertex -7.25 0 1.2
      vertex -7.110693282923421 1.4144048346169298 15.899999999999999
      vertex -7.110693282923421 1.4144048346169298 1.2
    endloop
  endfacet
  facet normal -0.9569403357322087 0.29028467725446283 2.544659322032615e-18
    outer loop
      vertex -7.110693282923421 1.4144048346169298 1.2
      vertex -6.6981266107068285 2.774454884646901 15.899999999999999
      vertex -6.6981266107068285 2.774454884646901 1.2
    endloop
  endfacet
  facet normal -0.8819212643483552 0.4713967368259975 7.719410316073017e-19
    outer loop
      vertex -6.6981266107068285 2.774454884646901 1.2
      vertex -6.028154689193453 4.027884189392116 15.899999999999999
      vertex -6.028154689193453 4.027884189392116 1.2
    endloop
  endfacet
  facet normal -0.7730104533627374 0.634393284163645 -5.480210673615629e-19
    outer loop
      vertex -6.028154689193453 4.027884189392116 1.2
      vertex -5.12652416360247 5.12652416360247 15.899999999999999
      vertex -5.12652416360247 5.12652416360247 1.2
    endloop
  endfacet
  facet normal -0.634393284163645 0.7730104533627374 0
    outer loop
      vertex -5.12652416360247 5.12652416360247 1.2
      vertex -5.12652416360247 5.12652416360247 15.899999999999999
      vertex -4.027884189392116 6.028154689193453 1.2
    endloop
  endfacet
  facet normal -0.4713967368259975 0.8819212643483552 0
    outer loop
      vertex -4.027884189392116 6.028154689193453 1.2
      vertex -4.027884189392116 6.028154689193453 15.899999999999999
      vertex -2.774454884646901 6.6981266107068285 1.2
    endloop
  endfacet
  facet normal -0.29028467725446283 0.9569403357322087 0
    outer loop
      vertex -2.774454884646901 6.6981266107068285 1.2
      vertex -2.774454884646901 6.6981266107068285 15.899999999999999
      vertex -1.4144048346169298 7.110693282923421 1.2
    endloop
  endfacet
  facet normal -0.09801714032956042 0.9951847266721969 0
    outer loop
      vertex -1.4144048346169298 7.110693282923421 1.2
      vertex -1.4144048346169298 7.110693282923421 15.899999999999999
      vertex 0 7.25 1.2
    endloop
  endfacet
  facet normal -0.9951847266721969 0.09801714032956042 0
    outer loop
      vertex -7.25 0 1.2
      vertex -7.25 0 15.899999999999999
      vertex -7.110693282923421 1.4144048346169298 15.899999999999999
    endloop
  endfacet
  facet normal -0.9569403357322087 0.29028467725446283 0
    outer loop
      vertex -7.110693282923421 1.4144048346169298 1.2
      vertex -7.110693282923421 1.4144048346169298 15.899999999999999
      vertex -6.6981266107068285 2.774454884646901 15.899999999999999
    endloop
  endfacet
  facet normal -0.8819212643483552 0.4713967368259975 0
    outer loop
      vertex -6.6981266107068285 2.774454884646901 1.2
      vertex -6.6981266107068285 2.774454884646901 15.899999999999999
      vertex -6.028154689193453 4.027884189392116 15.899999999999999
    endloop
  endfacet
  facet normal -0.7730104533627374 0.634393284163645 0
    outer loop
      vertex -6.028154689193453 4.027884189392116 1.2
      vertex -6.028154689193453 4.027884189392116 15.899999999999999
      vertex -5.12652416360247 5.12652416360247 15.899999999999999
    endloop
  endfacet
  facet normal -0.634393284163645 0.7730104533627374 0
    outer loop
      vertex -4.027884189392116 6.028154689193453 1.2
      vertex -5.12652416360247 5.12652416360247 15.899999999999999
      vertex -4.027884189392116 6.028154689193453 15.899999999999999
    endloop
  endfacet
  facet normal -0.4713967368259975 0.8819212643483552 0
    outer loop
      vertex -2.774454884646901 6.6981266107068285 1.2
      vertex -4.027884189392116 6.028154689193453 15.899999999999999
      vertex -2.774454884646901 6.6981266107068285 15.899999999999999
    endloop
  endfacet
  facet normal -0.29028467725446283 0.9569403357322087 0
    outer loop
      vertex -1.4144048346169298 7.110693282923421 1.2
      vertex -2.774454884646901 6.6981266107068285 15.899999999999999
      vertex -1.4144048346169298 7.110693282923421 15.899999999999999
    endloop
  endfacet
  facet normal -0.09801714032956042 0.9951847266721969 4.206229426043345e-19
    outer loop
      vertex -1.4144048346169298 7.110693282923421 15.899999999999999
      vertex 0 7.25 15.899999999999999
      vertex 0 7.25 1.2
    endloop
  endfacet
  facet normal 0.09801714032956042 -0.9951847266721969 4.206229426043345e-19
    outer loop
      vertex 0 -7.25 1.2
      vertex 1.4144048346169298 -7.110693282923421 1.2
      vertex 1.4144048346169298 -7.110693282923421 15.899999999999999
    endloop
  endfacet
  facet normal 0.29028467725446283 -0.9569403357322087 2.544659322032615e-18
    outer loop
      vertex 1.4144048346169298 -7.110693282923421 1.2
      vertex 2.774454884646901 -6.6981266107068285 1.2
      vertex 2.774454884646901 -6.6981266107068285 15.899999999999999
    endloop
  endfacet
  facet normal 0.4713967368259975 -0.8819212643483552 7.719410316073017e-19
    outer loop
      vertex 2.774454884646901 -6.6981266107068285 1.2
      vertex 4.027884189392116 -6.028154689193453 1.2
      vertex 4.027884189392116 -6.028154689193453 15.899999999999999
    endloop
  endfacet
  facet normal 0.634393284163645 -0.7730104533627374 -5.480210673615629e-19
    outer loop
      vertex 4.027884189392116 -6.028154689193453 1.2
      vertex 5.12652416360247 -5.12652416360247 1.2
      vertex 5.12652416360247 -5.12652416360247 15.899999999999999
    endloop
  endfacet
  facet normal 0.7730104533627374 -0.634393284163645 0
    outer loop
      vertex 5.12652416360247 -5.12652416360247 1.2
      vertex 6.028154689193453 -4.027884189392116 1.2
      vertex 5.12652416360247 -5.12652416360247 15.899999999999999
    endloop
  endfacet
  facet normal 0.8819212643483552 -0.4713967368259975 0
    outer loop
      vertex 6.028154689193453 -4.027884189392116 1.2
      vertex 6.6981266107068285 -2.774454884646901 1.2
      vertex 6.028154689193453 -4.027884189392116 15.899999999999999
    endloop
  endfacet
  facet normal 0.9569403357322087 -0.29028467725446283 0
    outer loop
      vertex 6.6981266107068285 -2.774454884646901 1.2
      vertex 7.110693282923421 -1.4144048346169298 1.2
      vertex 6.6981266107068285 -2.774454884646901 15.899999999999999
    endloop
  endfacet
  facet normal 0.9951847266721969 -0.09801714032956042 0
    outer loop
      vertex 7.110693282923421 -1.4144048346169298 1.2
      vertex 7.25 0 1.2
      vertex 7.110693282923421 -1.4144048346169298 15.899999999999999
    endloop
  endfacet
  facet normal 0.09801714032956042 -0.9951847266721969 0
    outer loop
      vertex 0 -7.25 1.2
      vertex 1.4144048346169298 -7.110693282923421 15.899999999999999
      vertex 0 -7.25 15.899999999999999
    endloop
  endfacet
  facet normal 0.29028467725446283 -0.9569403357322087 0
    outer loop
      vertex 1.4144048346169298 -7.110693282923421 1.2
      vertex 2.774454884646901 -6.6981266107068285 15.899999999999999
      vertex 1.4144048346169298 -7.110693282923421 15.899999999999999
    endloop
  endfacet
  facet normal 0.4713967368259975 -0.8819212643483552 0
    outer loop
      vertex 2.774454884646901 -6.6981266107068285 1.2
      vertex 4.027884189392116 -6.028154689193453 15.899999999999999
      vertex 2.774454884646901 -6.6981266107068285 15.899999999999999
    endloop
  endfacet
  facet normal 0.634393284163645 -0.7730104533627374 0
    outer loop
      vertex 4.027884189392116 -6.028154689193453 1.2
      vertex 5.12652416360247 -5.12652416360247 15.899999999999999
      vertex 4.027884189392116 -6.028154689193453 15.899999999999999
    endloop
  endfacet
  facet normal 0.7730104533627374 -0.634393284163645 0
    outer loop
      vertex 6.028154689193453 -4.027884189392116 1.2
      vertex 6.028154689193453 -4.027884189392116 15.899999999999999
      vertex 5.12652416360247 -5.12652416360247 15.899999999999999
    endloop
  endfacet
  facet normal 0.8819212643483552 -0.4713967368259975 0
    outer loop
      vertex 6.6981266107068285 -2.774454884646901 1.2
      vertex 6.6981266107068285 -2.774454884646901 15.899999999999999
      vertex 6.028154689193453 -4.027884189392116 15.899999999999999
    endloop
  endfacet
  facet normal 0.9569403357322087 -0.29028467725446283 0
    outer loop
      vertex 7.110693282923421 -1.4144048346169298 1.2
      vertex 7.110693282923421 -1.4144048346169298 15.899999999999999
      vertex 6.6981266107068285 -2.774454884646901 15.899999999999999
    endloop
  endfacet
  facet normal 0.9951847266721969 -0.09801714032956042 4.206229426043345e-19
    outer loop
      vertex 7.110693282923421 -1.4144048346169298 15.899999999999999
      vertex 7.25 0 1.2
      vertex 7.25 0 15.899999999999999
    endloop
  endfacet
  facet normal 0.09801714032956042 0.9951847266721969 0
    outer loop
      vertex 0 7.25 1.2
      vertex 0 7.25 15.899999999999999
      vertex 1.4144048346169298 7.110693282923421 1.2
    endloop
  endfacet
  facet normal 0.29028467725446283 0.9569403357322087 0
    outer loop
      vertex 1.4144048346169298 7.110693282923421 1.2
      vertex 1.4144048346169298 7.110693282923421 15.899999999999999
      vertex 2.774454884646901 6.6981266107068285 1.2
    endloop
  endfacet
  facet normal 0.4713967368259975 0.8819212643483552 -7.719410316073017e-19
    outer loop
      vertex 4.027884189392116 6.028154689193453 1.2
      vertex 2.774454884646901 6.6981266107068285 1.2
      vertex 2.774454884646901 6.6981266107068285 15.899999999999999
    endloop
  endfacet
  facet normal 0.8819212643483552 0.4713967368259975 -7.719410316073017e-19
    outer loop
      vertex 6.028154689193453 4.027884189392116 1.2
      vertex 6.6981266107068285 2.774454884646901 15.899999999999999
      vertex 6.6981266107068285 2.774454884646901 1.2
    endloop
  endfacet
  facet normal 0.9951847266721969 0.09801714032956042 0
    outer loop
      vertex 7.25 0 1.2
      vertex 7.110693282923421 1.4144048346169298 1.2
      vertex 7.25 0 15.899999999999999
    endloop
  endfacet
  facet normal 0.9569403357322087 0.29028467725446283 0
    outer loop
      vertex 7.110693282923421 1.4144048346169298 1.2
      vertex 6.6981266107068285 2.774454884646901 1.2
      vertex 7.110693282923421 1.4144048346169298 15.899999999999999
    endloop
  endfacet
  facet normal 0.634393284163645 0.7730104533627374 0
    outer loop
      vertex 4.027884189392116 6.028154689193453 1.2
      vertex 4.027884189392116 6.028154689193453 15.899999999999999
      vertex 5.12652416360247 5.12652416360247 1.2
    endloop
  endfacet
  facet normal 0.7730104533627374 0.634393284163645 0
    outer loop
      vertex 6.028154689193453 4.027884189392116 1.2
      vertex 5.12652416360247 5.12652416360247 1.2
      vertex 6.028154689193453 4.027884189392116 15.899999999999999
    endloop
  endfacet
  facet normal 0.09801714032956042 0.9951847266721969 0
    outer loop
      vertex 1.4144048346169298 7.110693282923421 1.2
      vertex 0 7.25 15.899999999999999
      vertex 1.4144048346169298 7.110693282923421 15.899999999999999
    endloop
  endfacet
  facet normal 0.4713967368259975 0.8819212643483552 0
    outer loop
      vertex 4.027884189392116 6.028154689193453 1.2
      vertex 2.774454884646901 6.6981266107068285 15.899999999999999
      vertex 4.027884189392116 6.028154689193453 15.899999999999999
    endloop
  endfacet
  facet normal 0.29028467725446283 0.9569403357322087 0
    outer loop
      vertex 2.774454884646901 6.6981266107068285 1.2
      vertex 1.4144048346169298 7.110693282923421 15.899999999999999
      vertex 2.774454884646901 6.6981266107068285 15.899999999999999
    endloop
  endfacet
  facet normal 0.8819212643483552 0.4713967368259975 0
    outer loop
      vertex 6.028154689193453 4.027884189392116 1.2
      vertex 6.028154689193453 4.027884189392116 15.899999999999999
      vertex 6.6981266107068285 2.774454884646901 15.899999999999999
    endloop
  endfacet
  facet normal 0.9951847266721969 0.09801714032956042 0
    outer loop
      vertex 7.110693282923421 1.4144048346169298 1.2
      vertex 7.110693282923421 1.4144048346169298 15.899999999999999
      vertex 7.25 0 15.899999999999999
    endloop
  endfacet
  facet normal 0.9569403357322087 0.29028467725446283 0
    outer loop
      vertex 6.6981266107068285 2.774454884646901 1.2
      vertex 6.6981266107068285 2.774454884646901 15.899999999999999
      vertex 7.110693282923421 1.4144048346169298 15.899999999999999
    endloop
  endfacet
  facet normal 0.634393284163645 0.7730104533627374 0
    outer loop
      vertex 5.12652416360247 5.12652416360247 1.2
      vertex 4.027884189392116 6.028154689193453 15.899999999999999
      vertex 5.12652416360247 5.12652416360247 15.899999999999999
    endloop
  endfacet
  facet normal 0.7730104533627374 0.634393284163645 0
    outer loop
      vertex 5.12652416360247 5.12652416360247 1.2
      vertex 5.12652416360247 5.12652416360247 15.899999999999999
      vertex 6.028154689193453 4.027884189392116 15.899999999999999
    endloop
  endfacet
  facet normal 0.773010453362737 0.6343932841636456 0
    outer loop
      vertex -1.2374368670764582 -1.2374368670764582 0
      vertex -1.4550718215294542 -0.9722479077843038 0
      vertex -1.2374368670764582 -1.2374368670764582 17.099999999999998
    endloop
  endfacet
  facet normal 0.9569403357322088 0.2902846772544625 0
    outer loop
      vertex -1.6167891818947517 -0.6696960066389072 0
      vertex -1.7163742407056533 -0.34140806352822445 0
      vertex -1.6167891818947517 -0.6696960066389072 17.099999999999998
    endloop
  endfacet
  facet normal 0.9951847266721968 0.09801714032956069 0
    outer loop
      vertex -1.7163742407056533 -0.34140806352822445 0
      vertex -1.75 0 0
      vertex -1.7163742407056533 -0.34140806352822445 17.099999999999998
    endloop
  endfacet
  facet normal 0.881921264348355 0.4713967368259974 0
    outer loop
      vertex -1.4550718215294542 -0.9722479077843038 0
      vertex -1.6167891818947517 -0.6696960066389072 0
      vertex -1.4550718215294542 -0.9722479077843038 17.099999999999998
    endloop
  endfacet
  facet normal 0.6343932841636456 0.773010453362737 0
    outer loop
      vertex -0.9722479077843038 -1.4550718215294542 0
      vertex -1.2374368670764582 -1.2374368670764582 0
      vertex -0.9722479077843038 -1.4550718215294542 17.099999999999998
    endloop
  endfacet
  facet normal 0.4713967368259974 0.881921264348355 0
    outer loop
      vertex -0.6696960066389072 -1.6167891818947517 0
      vertex -0.9722479077843038 -1.4550718215294542 0
      vertex -0.6696960066389072 -1.6167891818947517 17.099999999999998
    endloop
  endfacet
  facet normal 0.2902846772544625 0.9569403357322088 0
    outer loop
      vertex -0.34140806352822445 -1.7163742407056533 0
      vertex -0.6696960066389072 -1.6167891818947517 0
      vertex -0.34140806352822445 -1.7163742407056533 17.099999999999998
    endloop
  endfacet
  facet normal 0.09801714032956069 0.9951847266721968 0
    outer loop
      vertex 0 -1.75 0
      vertex -0.34140806352822445 -1.7163742407056533 0
      vertex 0 -1.75 17.099999999999998
    endloop
  endfacet
  facet normal 0.6343932841636456 0.773010453362737 0
    outer loop
      vertex -1.2374368670764582 -1.2374368670764582 17.099999999999998
      vertex -0.9722479077843038 -1.4550718215294542 17.099999999999998
      vertex -1.2374368670764582 -1.2374368670764582 0
    endloop
  endfacet
  facet normal 0.9569403357322088 0.2902846772544625 0
    outer loop
      vertex -1.7163742407056533 -0.34140806352822445 17.099999999999998
      vertex -1.6167891818947517 -0.6696960066389072 17.099999999999998
      vertex -1.7163742407056533 -0.34140806352822445 0
    endloop
  endfacet
  facet normal 0.9951847266721968 0.09801714032956069 0
    outer loop
      vertex -1.75 0 0
      vertex -1.75 0 17.099999999999998
      vertex -1.7163742407056533 -0.34140806352822445 17.099999999999998
    endloop
  endfacet
  facet normal 0.773010453362737 0.6343932841636456 0
    outer loop
      vertex -1.4550718215294542 -0.9722479077843038 17.099999999999998
      vertex -1.2374368670764582 -1.2374368670764582 17.099999999999998
      vertex -1.4550718215294542 -0.9722479077843038 0
    endloop
  endfacet
  facet normal 0.881921264348355 0.4713967368259974 0
    outer loop
      vertex -1.6167891818947517 -0.6696960066389072 17.099999999999998
      vertex -1.4550718215294542 -0.9722479077843038 17.099999999999998
      vertex -1.6167891818947517 -0.6696960066389072 0
    endloop
  endfacet
  facet normal 0.2902846772544625 0.9569403357322088 0
    outer loop
      vertex -0.6696960066389072 -1.6167891818947517 17.099999999999998
      vertex -0.34140806352822445 -1.7163742407056533 17.099999999999998
      vertex -0.6696960066389072 -1.6167891818947517 0
    endloop
  endfacet
  facet normal 0.4713967368259974 0.881921264348355 0
    outer loop
      vertex -0.9722479077843038 -1.4550718215294542 17.099999999999998
      vertex -0.6696960066389072 -1.6167891818947517 17.099999999999998
      vertex -0.9722479077843038 -1.4550718215294542 0
    endloop
  endfacet
  facet normal 0.09801714032956069 0.9951847266721968 0
    outer loop
      vertex -0.34140806352822445 -1.7163742407056533 17.099999999999998
      vertex 0 -1.75 17.099999999999998
      vertex -0.34140806352822445 -1.7163742407056533 0
    endloop
  endfacet
  facet normal 0.9951847266721968 -0.09801714032956069 0
    outer loop
      vertex -1.75 0 0
      vertex -1.7163742407056533 0.34140806352822445 0
      vertex -1.75 0 17.099999999999998
    endloop
  endfacet
  facet normal 0.9569403357322088 -0.2902846772544625 0
    outer loop
      vertex -1.7163742407056533 0.34140806352822445 0
      vertex -1.6167891818947517 0.6696960066389072 0
      vertex -1.7163742407056533 0.34140806352822445 17.099999999999998
    endloop
  endfacet
  facet normal 0.881921264348355 -0.4713967368259974 0
    outer loop
      vertex -1.6167891818947517 0.6696960066389072 0
      vertex -1.4550718215294542 0.9722479077843038 0
      vertex -1.6167891818947517 0.6696960066389072 17.099999999999998
    endloop
  endfacet
  facet normal 0.773010453362737 -0.6343932841636456 0
    outer loop
      vertex -1.4550718215294542 0.9722479077843038 0
      vertex -1.2374368670764582 1.2374368670764582 0
      vertex -1.4550718215294542 0.9722479077843038 17.099999999999998
    endloop
  endfacet
  facet normal 0.6343932841636456 -0.773010453362737 0
    outer loop
      vertex -1.2374368670764582 1.2374368670764582 0
      vertex -0.9722479077843038 1.4550718215294542 0
      vertex -1.2374368670764582 1.2374368670764582 17.099999999999998
    endloop
  endfacet
  facet normal 0.4713967368259974 -0.881921264348355 0
    outer loop
      vertex -0.9722479077843038 1.4550718215294542 0
      vertex -0.6696960066389072 1.6167891818947517 0
      vertex -0.9722479077843038 1.4550718215294542 17.099999999999998
    endloop
  endfacet
  facet normal 0.2902846772544625 -0.9569403357322088 0
    outer loop
      vertex -0.6696960066389072 1.6167891818947517 0
      vertex -0.34140806352822445 1.7163742407056533 0
      vertex -0.6696960066389072 1.6167891818947517 17.099999999999998
    endloop
  endfacet
  facet normal 0.09801714032956069 -0.9951847266721968 0
    outer loop
      vertex -0.34140806352822445 1.7163742407056533 0
      vertex 0 1.75 0
      vertex -0.34140806352822445 1.7163742407056533 17.099999999999998
    endloop
  endfacet
  facet normal 0.9951847266721968 -0.09801714032956069 0
    outer loop
      vertex -1.7163742407056533 0.34140806352822445 17.099999999999998
      vertex -1.75 0 17.099999999999998
      vertex -1.7163742407056533 0.34140806352822445 0
    endloop
  endfacet
  facet normal 0.9569403357322088 -0.2902846772544625 0
    outer loop
      vertex -1.6167891818947517 0.6696960066389072 17.099999999999998
      vertex -1.7163742407056533 0.34140806352822445 17.099999999999998
      vertex -1.6167891818947517 0.6696960066389072 0
    endloop
  endfacet
  facet normal 0.881921264348355 -0.4713967368259974 0
    outer loop
      vertex -1.4550718215294542 0.9722479077843038 17.099999999999998
      vertex -1.6167891818947517 0.6696960066389072 17.099999999999998
      vertex -1.4550718215294542 0.9722479077843038 0
    endloop
  endfacet
  facet normal 0.773010453362737 -0.6343932841636456 0
    outer loop
      vertex -1.2374368670764582 1.2374368670764582 17.099999999999998
      vertex -1.4550718215294542 0.9722479077843038 17.099999999999998
      vertex -1.2374368670764582 1.2374368670764582 0
    endloop
  endfacet
  facet normal 0.6343932841636456 -0.773010453362737 0
    outer loop
      vertex -0.9722479077843038 1.4550718215294542 17.099999999999998
      vertex -1.2374368670764582 1.2374368670764582 17.099999999999998
      vertex -0.9722479077843038 1.4550718215294542 0
    endloop
  endfacet
  facet normal 0.4713967368259974 -0.881921264348355 0
    outer loop
      vertex -0.6696960066389072 1.6167891818947517 17.099999999999998
      vertex -0.9722479077843038 1.4550718215294542 17.099999999999998
      vertex -0.6696960066389072 1.6167891818947517 0
    endloop
  endfacet
  facet normal 0.2902846772544625 -0.9569403357322088 0
    outer loop
      vertex -0.34140806352822445 1.7163742407056533 17.099999999999998
      vertex -0.6696960066389072 1.6167891818947517 17.099999999999998
      vertex -0.34140806352822445 1.7163742407056533 0
    endloop
  endfacet
  facet normal 0.09801714032956069 -0.9951847266721968 0
    outer loop
      vertex 0 1.75 0
      vertex 0 1.75 17.099999999999998
      vertex -0.34140806352822445 1.7163742407056533 17.099999999999998
    endloop
  endfacet
  facet normal -0.09801714032956069 0.9951847266721968 0
    outer loop
      vertex 0.34140806352822445 -1.7163742407056533 0
      vertex 0 -1.75 0
      vertex 0.34140806352822445 -1.7163742407056533 17.099999999999998
    endloop
  endfacet
  facet normal -0.2902846772544625 0.9569403357322088 0
    outer loop
      vertex 0.6696960066389072 -1.6167891818947517 0
      vertex 0.34140806352822445 -1.7163742407056533 0
      vertex 0.6696960066389072 -1.6167891818947517 17.099999999999998
    endloop
  endfacet
  facet normal -0.4713967368259974 0.881921264348355 0
    outer loop
      vertex 0.9722479077843038 -1.4550718215294542 0
      vertex 0.6696960066389072 -1.6167891818947517 0
      vertex 0.9722479077843038 -1.4550718215294542 17.099999999999998
    endloop
  endfacet
  facet normal -0.6343932841636456 0.773010453362737 0
    outer loop
      vertex 1.2374368670764582 -1.2374368670764582 0
      vertex 0.9722479077843038 -1.4550718215294542 0
      vertex 1.2374368670764582 -1.2374368670764582 17.099999999999998
    endloop
  endfacet
  facet normal -0.773010453362737 0.6343932841636456 0
    outer loop
      vertex 1.4550718215294542 -0.9722479077843038 0
      vertex 1.2374368670764582 -1.2374368670764582 0
      vertex 1.4550718215294542 -0.9722479077843038 17.099999999999998
    endloop
  endfacet
  facet normal -0.881921264348355 0.4713967368259974 0
    outer loop
      vertex 1.6167891818947517 -0.6696960066389072 0
      vertex 1.4550718215294542 -0.9722479077843038 0
      vertex 1.6167891818947517 -0.6696960066389072 17.099999999999998
    endloop
  endfacet
  facet normal -0.9569403357322088 0.2902846772544625 0
    outer loop
      vertex 1.7163742407056533 -0.34140806352822445 0
      vertex 1.6167891818947517 -0.6696960066389072 0
      vertex 1.7163742407056533 -0.34140806352822445 17.099999999999998
    endloop
  endfacet
  facet normal -0.9951847266721968 0.09801714032956069 0
    outer loop
      vertex 1.75 0 0
      vertex 1.7163742407056533 -0.34140806352822445 0
      vertex 1.75 0 17.099999999999998
    endloop
  endfacet
  facet normal -0.09801714032956069 0.9951847266721968 0
    outer loop
      vertex 0 -1.75 17.099999999999998
      vertex 0.34140806352822445 -1.7163742407056533 17.099999999999998
      vertex 0 -1.75 0
    endloop
  endfacet
  facet normal -0.2902846772544625 0.9569403357322088 0
    outer loop
      vertex 0.34140806352822445 -1.7163742407056533 17.099999999999998
      vertex 0.6696960066389072 -1.6167891818947517 17.099999999999998
      vertex 0.34140806352822445 -1.7163742407056533 0
    endloop
  endfacet
  facet normal -0.4713967368259974 0.881921264348355 0
    outer loop
      vertex 0.6696960066389072 -1.6167891818947517 17.099999999999998
      vertex 0.9722479077843038 -1.4550718215294542 17.099999999999998
      vertex 0.6696960066389072 -1.6167891818947517 0
    endloop
  endfacet
  facet normal -0.6343932841636456 0.773010453362737 0
    outer loop
      vertex 0.9722479077843038 -1.4550718215294542 17.099999999999998
      vertex 1.2374368670764582 -1.2374368670764582 17.099999999999998
      vertex 0.9722479077843038 -1.4550718215294542 0
    endloop
  endfacet
  facet normal -0.773010453362737 0.6343932841636456 0
    outer loop
      vertex 1.2374368670764582 -1.2374368670764582 17.099999999999998
      vertex 1.4550718215294542 -0.9722479077843038 17.099999999999998
      vertex 1.2374368670764582 -1.2374368670764582 0
    endloop
  endfacet
  facet normal -0.881921264348355 0.4713967368259974 0
    outer loop
      vertex 1.4550718215294542 -0.9722479077843038 17.099999999999998
      vertex 1.6167891818947517 -0.6696960066389072 17.099999999999998
      vertex 1.4550718215294542 -0.9722479077843038 0
    endloop
  endfacet
  facet normal -0.9569403357322088 0.2902846772544625 0
    outer loop
      vertex 1.6167891818947517 -0.6696960066389072 17.099999999999998
      vertex 1.7163742407056533 -0.34140806352822445 17.099999999999998
      vertex 1.6167891818947517 -0.6696960066389072 0
    endloop
  endfacet
  facet normal -0.9951847266721968 0.09801714032956069 0
    outer loop
      vertex 1.7163742407056533 -0.34140806352822445 17.099999999999998
      vertex 1.75 0 17.099999999999998
      vertex 1.7163742407056533 -0.34140806352822445 0
    endloop
  endfacet
  facet normal -0.09801714032956069 -0.9951847266721968 0
    outer loop
      vertex 0 1.75 0
      vertex 0.34140806352822445 1.7163742407056533 0
      vertex 0 1.75 17.099999999999998
    endloop
  endfacet
  facet normal -0.2902846772544625 -0.9569403357322088 0
    outer loop
      vertex 0.34140806352822445 1.7163742407056533 0
      vertex 0.6696960066389072 1.6167891818947517 0
      vertex 0.34140806352822445 1.7163742407056533 17.099999999999998
    endloop
  endfacet
  facet normal -0.4713967368259974 -0.881921264348355 0
    outer loop
      vertex 0.6696960066389072 1.6167891818947517 0
      vertex 0.9722479077843038 1.4550718215294542 0
      vertex 0.6696960066389072 1.6167891818947517 17.099999999999998
    endloop
  endfacet
  facet normal -0.6343932841636456 -0.773010453362737 0
    outer loop
      vertex 0.9722479077843038 1.4550718215294542 0
      vertex 1.2374368670764582 1.2374368670764582 0
      vertex 0.9722479077843038 1.4550718215294542 17.099999999999998
    endloop
  endfacet
  facet normal -0.881921264348355 -0.4713967368259974 0
    outer loop
      vertex 1.4550718215294542 0.9722479077843038 0
      vertex 1.6167891818947517 0.6696960066389072 0
      vertex 1.4550718215294542 0.9722479077843038 17.099999999999998
    endloop
  endfacet
  facet normal -0.9951847266721968 -0.09801714032956069 0
    outer loop
      vertex 1.7163742407056533 0.34140806352822445 0
      vertex 1.75 0 0
      vertex 1.7163742407056533 0.34140806352822445 17.099999999999998
    endloop
  endfacet
  facet normal -0.9569403357322088 -0.2902846772544625 0
    outer loop
      vertex 1.6167891818947517 0.6696960066389072 0
      vertex 1.7163742407056533 0.34140806352822445 0
      vertex 1.6167891818947517 0.6696960066389072 17.099999999999998
    endloop
  endfacet
  facet normal -0.773010453362737 -0.6343932841636456 0
    outer loop
      vertex 1.2374368670764582 1.2374368670764582 0
      vertex 1.4550718215294542 0.9722479077843038 0
      vertex 1.2374368670764582 1.2374368670764582 17.099999999999998
    endloop
  endfacet
  facet normal -0.09801714032956069 -0.9951847266721968 0
    outer loop
      vertex 0.34140806352822445 1.7163742407056533 17.099999999999998
      vertex 0 1.75 17.099999999999998
      vertex 0.34140806352822445 1.7163742407056533 0
    endloop
  endfacet
  facet normal -0.4713967368259974 -0.881921264348355 0
    outer loop
      vertex 0.9722479077843038 1.4550718215294542 17.099999999999998
      vertex 0.6696960066389072 1.6167891818947517 17.099999999999998
      vertex 0.9722479077843038 1.4550718215294542 0
    endloop
  endfacet
  facet normal -0.2902846772544625 -0.9569403357322088 0
    outer loop
      vertex 0.6696960066389072 1.6167891818947517 17.099999999999998
      vertex 0.34140806352822445 1.7163742407056533 17.099999999999998
      vertex 0.6696960066389072 1.6167891818947517 0
    endloop
  endfacet
  facet normal -0.881921264348355 -0.4713967368259974 0
    outer loop
      vertex 1.6167891818947517 0.6696960066389072 17.099999999999998
      vertex 1.4550718215294542 0.9722479077843038 17.099999999999998
      vertex 1.6167891818947517 0.6696960066389072 0
    endloop
  endfacet
  facet normal -0.773010453362737 -0.6343932841636456 0
    outer loop
      vertex 1.4550718215294542 0.9722479077843038 17.099999999999998
      vertex 1.2374368670764582 1.2374368670764582 17.099999999999998
      vertex 1.4550718215294542 0.9722479077843038 0
    endloop
  endfacet
  facet normal -0.9951847266721968 -0.09801714032956069 0
    outer loop
      vertex 1.75 0 17.099999999999998
      vertex 1.7163742407056533 0.34140806352822445 17.099999999999998
      vertex 1.75 0 0
    endloop
  endfacet
  facet normal -0.9569403357322088 -0.2902846772544625 0
    outer loop
      vertex 1.7163742407056533 0.34140806352822445 17.099999999999998
      vertex 1.6167891818947517 0.6696960066389072 17.099999999999998
      vertex 1.7163742407056533 0.34140806352822445 0
    endloop
  endfacet
  facet normal -0.6343932841636456 -0.773010453362737 0
    outer loop
      vertex 1.2374368670764582 1.2374368670764582 17.099999999999998
      vertex 0.9722479077843038 1.4550718215294542 17.099999999999998
      vertex 1.2374368670764582 1.2374368670764582 0
    endloop
  endfacet
endsolid OpenSCAD_Model
