solid OpenSCAD_Model
  facet normal -1 0 0
    outer loop
      vertex 0 0 0
      vertex 0 15.8 2.9000000000000004
      vertex 0 15.8 0
    endloop
  endfacet
  facet normal 0 0 -1
    outer loop
      vertex 0 0 0
      vertex 0 15.8 0
      vertex 1.8 15.8 0
    endloop
  endfacet
  facet normal -1 0 0
    outer loop
      vertex 0 0 0
      vertex 0 19.050252531694166 20.850252531694167
      vertex 0 15.8 2.9000000000000004
    endloop
  endfacet
  facet normal 0 0 -1
    outer loop
      vertex 0 0 0
      vertex 1.8 15.8 0
      vertex 8.822148834901988 16.842651938487272 0
    endloop
  endfacet
  facet normal 0 0 -1
    outer loop
      vertex 1.8 15.8 0
      vertex 6.6960735979838475 20.02454838991936 0
      vertex 6.980602337443566 19.08658283817455 0
    endloop
  endfacet
  facet normal 0 0 -1
    outer loop
      vertex 1.8 15.8 0
      vertex 7.442651938487273 18.22214883490199 0
      vertex 8.064466094067262 17.464466094067262 0
    endloop
  endfacet
  facet normal 0 0 -1
    outer loop
      vertex 1.8 15.8 0
      vertex 6.980602337443566 19.08658283817455 0
      vertex 7.442651938487273 18.22214883490199 0
    endloop
  endfacet
  facet normal -1 0 0
    outer loop
      vertex 0 0 0
      vertex 0 18.179712713882182 21.911008368862785
      vertex 0 19.050252531694166 20.850252531694167
    endloop
  endfacet
  facet normal -1 0 0
    outer loop
      vertex 0 0 0
      vertex 0 17.532843272420994 23.12121597344437
      vertex 0 18.179712713882182 21.911008368862785
    endloop
  endfacet
  facet normal -1 0 0
    outer loop
      vertex 0 0 0
      vertex 0 17.13450303717739 24.4343677458871
      vertex 0 17.532843272420994 23.12121597344437
    endloop
  endfacet
  facet normal -1 0 0
    outer loop
      vertex 0 0 0
      vertex 0 17 25.8
      vertex 0 17.13450303717739 24.4343677458871
    endloop
  endfacet
  facet normal -1 0 0
    outer loop
      vertex 0 15.8 2.9000000000000004
      vertex 0 19.050252531694166 20.850252531694167
      vertex 0 20.111008368862784 19.979712713882183
    endloop
  endfacet
  facet normal 0 0 -1
    outer loop
      vertex 0 0 0
      vertex 8.822148834901988 16.842651938487272 0
      vertex 9.686582838174552 16.380602337443566 0
    endloop
  endfacet
  facet normal 0 0 -1
    outer loop
      vertex 0 0 0
      vertex 9.686582838174552 16.380602337443566 0
      vertex 10.624548389919358 16.096073597983846 0
    endloop
  endfacet
  facet normal 0 0 -1
    outer loop
      vertex 0 0 0
      vertex 10.624548389919358 16.096073597983846 0
      vertex 11.6 16 0
    endloop
  endfacet
  facet normal 0 0 -1
    outer loop
      vertex 1.8 15.8 0
      vertex 8.064466094067262 17.464466094067262 0
      vertex 8.822148834901988 16.842651938487272 0
    endloop
  endfacet
  facet normal 0 -1 0
    outer loop
      vertex 0 0 0
      vertex 7 0 3
      vertex 7 0 68
    endloop
  endfacet
  facet normal 0 0 -1
    outer loop
      vertex 1.8 15.8 0
      vertex 1.8 38.2 0
      vertex 6.6960735979838475 20.02454838991936 0
    endloop
  endfacet
  facet normal 0 0 -1
    outer loop
      vertex 6.6 21 0
      vertex 6.6960735979838475 20.02454838991936 0
      vertex 1.8 38.2 0
    endloop
  endfacet
  facet normal -1 0 0
    outer loop
      vertex 0 15.8 2.9000000000000004
      vertex 0 20.111008368862784 19.979712713882183
      vertex 0 21.32121597344437 19.332843272420995
    endloop
  endfacet
  facet normal -1 0 0
    outer loop
      vertex 0 15.8 2.9000000000000004
      vertex 0 21.32121597344437 19.332843272420995
      vertex 0 22.634367745887104 18.934503037177386
    endloop
  endfacet
  facet normal -1 0 0
    outer loop
      vertex 0 15.8 2.9000000000000004
      vertex 0 22.634367745887104 18.934503037177386
      vertex 0 24 18.8
    endloop
  endfacet
  facet normal 0 0 -1
    outer loop
      vertex 0 0 0
      vertex 11.6 16 0
      vertex 31.1 16 0
    endloop
  endfacet
  facet normal 0 0 -1
    outer loop
      vertex 0 0 0
      vertex 31.1 16 0
      vertex 32.07545161008064 16.096073597983846 0
    endloop
  endfacet
  facet normal 0 -1 0
    outer loop
      vertex 0 0 0
      vertex 7 0 68
      vertex 1.6 0 96.8
    endloop
  endfacet
  facet normal -1 0 0
    outer loop
      vertex 0 0 0
      vertex 0 0 182.8
      vertex 0 17 25.8
    endloop
  endfacet
  facet normal 0 -1 0
    outer loop
      vertex 1.6 0 96.8
      vertex 7 0 68
      vertex 8.6 0 68
    endloop
  endfacet
  facet normal -1 0 0
    outer loop
      vertex 0 15.8 2.9000000000000004
      vertex 0 96.61538461538461 18.8
      vertex 0 38.2 2.9000000000000004
    endloop
  endfacet
  facet normal -1 0 0
    outer loop
      vertex 0 15.8 2.9000000000000004
      vertex 0 24 18.8
      vertex 0 96.61538461538461 18.8
    endloop
  endfacet
  facet normal -1 0 0
    outer loop
      vertex 0 38.2 0
      vertex 0 38.2 2.9000000000000004
      vertex 0 96.61538461538461 18.8
    endloop
  endfacet
  facet normal 0 0 -1
    outer loop
      vertex 6.6 21 0
      vertex 1.8 38.2 0
      vertex 1.8 124.8 0
    endloop
  endfacet
  facet normal 0 0 -1
    outer loop
      vertex 0 38.2 0
      vertex 1.8 124.8 0
      vertex 1.8 38.2 0
    endloop
  endfacet
  facet normal 0 -1 0
    outer loop
      vertex 40.1 0 4
      vertex 40.1 0 5.8
      vertex 8.6 0 4
    endloop
  endfacet
  facet normal 0 -1 0
    outer loop
      vertex 0 0 0
      vertex 88.2 0 3
      vertex 7 0 3
    endloop
  endfacet
  facet normal 0 0 -1
    outer loop
      vertex 0 0 0
      vertex 32.07545161008064 16.096073597983846 0
      vertex 95.2 0 0
    endloop
  endfacet
  facet normal 0 0 -1
    outer loop
      vertex 32.07545161008064 16.096073597983846 0
      vertex 33.01341716182545 16.380602337443566 0
      vertex 63.12454838991937 16.096073597983846 0
    endloop
  endfacet
  facet normal 0 0 -1
    outer loop
      vertex 33.01341716182545 16.380602337443566 0
      vertex 33.87785116509801 16.842651938487272 0
      vertex 62.18658283817456 16.380602337443566 0
    endloop
  endfacet
  facet normal 0 0 -1
    outer loop
      vertex 33.87785116509801 16.842651938487272 0
      vertex 34.63553390593274 17.464466094067262 0
      vertex 61.322148834901995 16.842651938487272 0
    endloop
  endfacet
  facet normal 0 0 -1
    outer loop
      vertex 34.63553390593274 17.464466094067262 0
      vertex 35.25734806151273 18.22214883490199 0
      vertex 60.56446609406727 17.464466094067262 0
    endloop
  endfacet
  facet normal 0 0 -1
    outer loop
      vertex 35.25734806151273 18.22214883490199 0
      vertex 35.71939766255643 19.08658283817455 0
      vertex 59.94265193848728 18.22214883490199 0
    endloop
  endfacet
  facet normal 0 -1 0
    outer loop
      vertex 93.6 0 96.8
      vertex 8.6 0 4
      vertex 40.1 0 5.8
    endloop
  endfacet
  facet normal 0 0 -1
    outer loop
      vertex 35.71939766255643 19.08658283817455 0
      vertex 36.003926402016155 20.02454838991936 0
      vertex 59.48060233744357 19.08658283817455 0
    endloop
  endfacet
  facet normal 0 0 -1
    outer loop
      vertex 36.003926402016155 20.02454838991936 0
      vertex 36.1 21 0
      vertex 59.196073597983855 20.02454838991936 0
    endloop
  endfacet
  facet normal 0 -1 0
    outer loop
      vertex 1.6 0 96.8
      vertex 8.6 0 68
      vertex 93.6 0 96.8
    endloop
  endfacet
  facet normal 0 -1 0
    outer loop
      vertex 93.6 0 96.8
      vertex 8.6 0 68
      vertex 8.6 0 4
    endloop
  endfacet
  facet normal 0 0 -1
    outer loop
      vertex 36.1 21 0
      vertex 36.1 145 0
      vertex 59.10000000000001 21 0
    endloop
  endfacet
  facet normal 0 -1 0
    outer loop
      vertex 0 0 0
      vertex 1.6 0 96.8
      vertex 1.6 0 182.8
    endloop
  endfacet
  facet normal 0 -1 0
    outer loop
      vertex 0 0 0
      vertex 1.6 0 182.8
      vertex 0 0 182.8
    endloop
  endfacet
  facet normal -1 0 0
    outer loop
      vertex 0 17 25.8
      vertex 0 0 182.8
      vertex 0 17 163.8
    endloop
  endfacet
  facet normal 0 0 1
    outer loop
      vertex 0 0 182.8
      vertex 1.6 0 182.8
      vertex 1.6 3 182.8
    endloop
  endfacet
  facet normal -1 0 0
    outer loop
      vertex 0 0 182.8
      vertex 0 17.13450303717739 165.16563225411292
      vertex 0 17 163.8
    endloop
  endfacet
  facet normal -1 0 0
    outer loop
      vertex 0 0 182.8
      vertex 0 17.532843272420994 166.47878402655564
      vertex 0 17.13450303717739 165.16563225411292
    endloop
  endfacet
  facet normal -1 0 0
    outer loop
      vertex 0 0 182.8
      vertex 0 18.179712713882182 167.6889916311372
      vertex 0 17.532843272420994 166.47878402655564
    endloop
  endfacet
  facet normal -1 0 0
    outer loop
      vertex 0 0 182.8
      vertex 0 19.050252531694166 168.74974746830586
      vertex 0 18.179712713882182 167.6889916311372
    endloop
  endfacet
  facet normal -1 0 0
    outer loop
      vertex 0 0 182.8
      vertex 0 20.111008368862784 169.62028728611782
      vertex 0 19.050252531694166 168.74974746830586
    endloop
  endfacet
  facet normal -1 0 0
    outer loop
      vertex 0 0 182.8
      vertex 0 21.32121597344437 170.26715672757902
      vertex 0 20.111008368862784 169.62028728611782
    endloop
  endfacet
  facet normal -1 0 0
    outer loop
      vertex 0 0 182.8
      vertex 0 22.634367745887104 170.66549696282263
      vertex 0 21.32121597344437 170.26715672757902
    endloop
  endfacet
  facet normal -1 0 0
    outer loop
      vertex 0 0 182.8
      vertex 0 24 170.8
      vertex 0 22.634367745887104 170.66549696282263
    endloop
  endfacet
  facet normal 0 0 1
    outer loop
      vertex 0 0 182.8
      vertex 1.6 3 182.8
      vertex 0 163 182.8
    endloop
  endfacet
  facet normal -1 0 0
    outer loop
      vertex 0 0 182.8
      vertex 0 163 182.8
      vertex 0 24 170.8
    endloop
  endfacet
  facet normal -1 0 0
    outer loop
      vertex 0 38.2 0
      vertex 0 96.61538461538461 18.8
      vertex 0 124.8 0
    endloop
  endfacet
  facet normal 0 0 -1
    outer loop
      vertex 0 38.2 0
      vertex 0 124.8 0
      vertex 1.8 124.8 0
    endloop
  endfacet
  facet normal 0 0 -1
    outer loop
      vertex 6.6 21 0
      vertex 1.8 124.8 0
      vertex 6.6 145 0
    endloop
  endfacet
  facet normal -1 0 0
    outer loop
      vertex 0 96.61538461538461 18.8
      vertex 0 124.8 2.9000000000000004
      vertex 0 124.8 0
    endloop
  endfacet
  facet normal -1 0 0
    outer loop
      vertex 0 96.61538461538461 18.8
      vertex 0 142 18.8
      vertex 0 124.8 2.9000000000000004
    endloop
  endfacet
  facet normal -1 0 0
    outer loop
      vertex 0 124.8 2.9000000000000004
      vertex 0 143.36563225411288 18.934503037177386
      vertex 0 147.2 2.9000000000000004
    endloop
  endfacet
  facet normal 0 0 -1
    outer loop
      vertex 1.8 124.8 0
      vertex 1.8 147.2 0
      vertex 6.6 145 0
    endloop
  endfacet
  facet normal -1 0 0
    outer loop
      vertex 0 124.8 2.9000000000000004
      vertex 0 142 18.8
      vertex 0 143.36563225411288 18.934503037177386
    endloop
  endfacet
  facet normal 0 0 -1
    outer loop
      vertex 1.8 147.2 0
      vertex 6.6960735979838475 145.97545161008065 0
      vertex 6.6 145 0
    endloop
  endfacet
  facet normal 0 0 -1
    outer loop
      vertex 1.8 147.2 0
      vertex 6.980602337443566 146.91341716182544 0
      vertex 6.6960735979838475 145.97545161008065 0
    endloop
  endfacet
  facet normal -1 0 0
    outer loop
      vertex 0 147.2 2.9000000000000004
      vertex 0 143.36563225411288 18.934503037177386
      vertex 0 144.67878402655563 19.332843272420995
    endloop
  endfacet
  facet normal -1 0 0
    outer loop
      vertex 0 147.2 0
      vertex 0 147.2 2.9000000000000004
      vertex 0 163 0
    endloop
  endfacet
  facet normal 0 0 -1
    outer loop
      vertex 0 147.2 0
      vertex 0 163 0
      vertex 1.8 147.2 0
    endloop
  endfacet
  facet normal 0 0 -1
    outer loop
      vertex 1.8 147.2 0
      vertex 0 163 0
      vertex 6.980602337443566 146.91341716182544 0
    endloop
  endfacet
  facet normal -1 0 0
    outer loop
      vertex 0 147.2 2.9000000000000004
      vertex 0 144.67878402655563 19.332843272420995
      vertex 0 163 0
    endloop
  endfacet
  facet normal 0 0 -1
    outer loop
      vertex 6.980602337443566 146.91341716182544 0
      vertex 0 163 0
      vertex 7.442651938487273 147.777851165098 0
    endloop
  endfacet
  facet normal 0 0 -1
    outer loop
      vertex 7.442651938487273 147.777851165098 0
      vertex 0 163 0
      vertex 8.064466094067262 148.53553390593274 0
    endloop
  endfacet
  facet normal 0 0 -1
    outer loop
      vertex 8.064466094067262 148.53553390593274 0
      vertex 0 163 0
      vertex 8.822148834901988 149.15734806151272 0
    endloop
  endfacet
  facet normal -1 0 0
    outer loop
      vertex 0 144.67878402655563 19.332843272420995
      vertex 0 145.8889916311372 19.979712713882183
      vertex 0 163 0
    endloop
  endfacet
  facet normal -1 0 0
    outer loop
      vertex 0 145.8889916311372 19.979712713882183
      vertex 0 146.94974746830584 20.850252531694167
      vertex 0 163 0
    endloop
  endfacet
  facet normal -1 0 0
    outer loop
      vertex 0 146.94974746830584 20.850252531694167
      vertex 0 147.8202872861178 21.911008368862785
      vertex 0 163 0
    endloop
  endfacet
  facet normal -1 0 0
    outer loop
      vertex 0 147.8202872861178 21.911008368862785
      vertex 0 148.467156727579 23.12121597344437
      vertex 0 163 0
    endloop
  endfacet
  facet normal -1 0 0
    outer loop
      vertex 0 148.467156727579 23.12121597344437
      vertex 0 148.86549696282262 24.4343677458871
      vertex 0 163 0
    endloop
  endfacet
  facet normal -1 0 0
    outer loop
      vertex 0 148.86549696282262 24.4343677458871
      vertex 0 149 25.8
      vertex 0 163 0
    endloop
  endfacet
  facet normal 0 1 0
    outer loop
      vertex 0 163 0
      vertex 1.6 163 4.8
      vertex 1.9000000000000001 163 3.5999999999999996
    endloop
  endfacet
  facet normal 0 1 0
    outer loop
      vertex 1.9000000000000001 163 3.5999999999999996
      vertex 1.6 163 4.8
      vertex 1.9000000000000001 163 4.8
    endloop
  endfacet
  facet normal 0 0 -1
    outer loop
      vertex 8.822148834901988 149.15734806151272 0
      vertex 0 163 0
      vertex 9.686582838174552 149.61939766255642 0
    endloop
  endfacet
  facet normal 0 0 -1
    outer loop
      vertex 9.686582838174552 149.61939766255642 0
      vertex 0 163 0
      vertex 10.624548389919358 149.90392640201614 0
    endloop
  endfacet
  facet normal 0 0 -1
    outer loop
      vertex 10.624548389919358 149.90392640201614 0
      vertex 0 163 0
      vertex 11.6 150 0
    endloop
  endfacet
  facet normal 0 0 -1
    outer loop
      vertex 11.6 150 0
      vertex 0 163 0
      vertex 31.1 150 0
    endloop
  endfacet
  facet normal 0 1 0
    outer loop
      vertex 0 163 0
      vertex 1.9000000000000001 163 3.5999999999999996
      vertex 40.1 163 3.1999999999999997
    endloop
  endfacet
  facet normal 0 0 -1
    outer loop
      vertex 0 163 0
      vertex 32.07545161008064 149.90392640201614 0
      vertex 31.1 150 0
    endloop
  endfacet
  facet normal -1 0 0
    outer loop
      vertex 0 149 25.8
      vertex 0 149 163.8
      vertex 0 163 0
    endloop
  endfacet
  facet normal 0 1 0
    outer loop
      vertex 0 163 0
      vertex 0 163 182.8
      vertex 1.6 163 4.8
    endloop
  endfacet
  facet normal 0 1 0
    outer loop
      vertex 1.9000000000000001 163 3.5999999999999996
      vertex 40.1 163 3.5999999999999996
      vertex 40.1 163 3.1999999999999997
    endloop
  endfacet
  facet normal 0 0 -1
    outer loop
      vertex 0 163 0
      vertex 63.12454838991937 149.90392640201614 0
      vertex 32.07545161008064 149.90392640201614 0
    endloop
  endfacet
  facet normal 0 1 0
    outer loop
      vertex 0 163 0
      vertex 40.1 163 3.1999999999999997
      vertex 55.1 163 3.1999999999999997
    endloop
  endfacet
  facet normal 0 0 -1
    outer loop
      vertex 33.87785116509801 149.15734806151272 0
      vertex 60.56446609406727 148.53553390593274 0
      vertex 34.63553390593274 148.53553390593274 0
    endloop
  endfacet
  facet normal 0 0 -1
    outer loop
      vertex 33.01341716182545 149.61939766255642 0
      vertex 61.322148834901995 149.15734806151272 0
      vertex 33.87785116509801 149.15734806151272 0
    endloop
  endfacet
  facet normal 0 0 -1
    outer loop
      vertex 32.07545161008064 149.90392640201614 0
      vertex 62.18658283817456 149.61939766255642 0
      vertex 33.01341716182545 149.61939766255642 0
    endloop
  endfacet
  facet normal 0 0 -1
    outer loop
      vertex 36.1 145 0
      vertex 36.003926402016155 145.97545161008065 0
      vertex 59.10000000000001 145 0
    endloop
  endfacet
  facet normal 0 0 -1
    outer loop
      vertex 35.25734806151273 147.777851165098 0
      vertex 59.48060233744357 146.91341716182544 0
      vertex 35.71939766255643 146.91341716182544 0
    endloop
  endfacet
  facet normal 0 0 -1
    outer loop
      vertex 36.003926402016155 145.97545161008065 0
      vertex 35.71939766255643 146.91341716182544 0
      vertex 59.196073597983855 145.97545161008065 0
    endloop
  endfacet
  facet normal 0 0 -1
    outer loop
      vertex 35.25734806151273 147.777851165098 0
      vertex 34.63553390593274 148.53553390593274 0
      vertex 59.94265193848728 147.777851165098 0
    endloop
  endfacet
  facet normal -1 0 0
    outer loop
      vertex 0 24 170.8
      vertex 0 163 182.8
      vertex 0 142 170.8
    endloop
  endfacet
  facet normal 0 0 1
    outer loop
      vertex 1.6 3 182.8
      vertex 1.6 163 182.8
      vertex 0 163 182.8
    endloop
  endfacet
  facet normal -1 0 0
    outer loop
      vertex 0 163 0
      vertex 0 149 163.8
      vertex 0 163 182.8
    endloop
  endfacet
  facet normal 0 1 0
    outer loop
      vertex 1.6 163 4.8
      vertex 0 163 182.8
      vertex 1.6 163 182.8
    endloop
  endfacet
  facet normal -1 0 0
    outer loop
      vertex 0 142 170.8
      vertex 0 163 182.8
      vertex 0 143.36563225411288 170.66549696282263
    endloop
  endfacet
  facet normal -1 0 0
    outer loop
      vertex 0 149 163.8
      vertex 0 148.86549696282262 165.16563225411292
      vertex 0 163 182.8
    endloop
  endfacet
  facet normal -1 0 0
    outer loop
      vertex 0 144.67878402655563 170.26715672757902
      vertex 0 163 182.8
      vertex 0 145.8889916311372 169.62028728611782
    endloop
  endfacet
  facet normal -1 0 0
    outer loop
      vertex 0 145.8889916311372 169.62028728611782
      vertex 0 163 182.8
      vertex 0 146.94974746830584 168.74974746830586
    endloop
  endfacet
  facet normal -1 0 0
    outer loop
      vertex 0 146.94974746830584 168.74974746830586
      vertex 0 163 182.8
      vertex 0 147.8202872861178 167.6889916311372
    endloop
  endfacet
  facet normal -1 0 0
    outer loop
      vertex 0 143.36563225411288 170.66549696282263
      vertex 0 163 182.8
      vertex 0 144.67878402655563 170.26715672757902
    endloop
  endfacet
  facet normal -1 0 0
    outer loop
      vertex 0 148.86549696282262 165.16563225411292
      vertex 0 148.467156727579 166.47878402655564
      vertex 0 163 182.8
    endloop
  endfacet
  facet normal -1 0 0
    outer loop
      vertex 0 148.467156727579 166.47878402655564
      vertex 0 147.8202872861178 167.6889916311372
      vertex 0 163 182.8
    endloop
  endfacet
  facet normal 0 0 -1
    outer loop
      vertex 35.25734806151273 18.22214883490199 0
      vertex 59.94265193848728 18.22214883490199 0
      vertex 60.56446609406727 17.464466094067262 0
    endloop
  endfacet
  facet normal 0 0 -1
    outer loop
      vertex 34.63553390593274 17.464466094067262 0
      vertex 60.56446609406727 17.464466094067262 0
      vertex 61.322148834901995 16.842651938487272 0
    endloop
  endfacet
  facet normal 0 0 -1
    outer loop
      vertex 33.87785116509801 16.842651938487272 0
      vertex 61.322148834901995 16.842651938487272 0
      vertex 62.18658283817456 16.380602337443566 0
    endloop
  endfacet
  facet normal 0 0 -1
    outer loop
      vertex 33.01341716182545 16.380602337443566 0
      vertex 62.18658283817456 16.380602337443566 0
      vertex 63.12454838991937 16.096073597983846 0
    endloop
  endfacet
  facet normal 0 0 -1
    outer loop
      vertex 36.003926402016155 20.02454838991936 0
      vertex 59.196073597983855 20.02454838991936 0
      vertex 59.48060233744357 19.08658283817455 0
    endloop
  endfacet
  facet normal 0 0 -1
    outer loop
      vertex 35.71939766255643 19.08658283817455 0
      vertex 59.48060233744357 19.08658283817455 0
      vertex 59.94265193848728 18.22214883490199 0
    endloop
  endfacet
  facet normal 0 0 -1
    outer loop
      vertex 36.1 21 0
      vertex 59.10000000000001 21 0
      vertex 59.196073597983855 20.02454838991936 0
    endloop
  endfacet
  facet normal 0 -1 0
    outer loop
      vertex 0 0 0
      vertex 95.2 0 0
      vertex 88.2 0 3
    endloop
  endfacet
  facet normal 0 0 -1
    outer loop
      vertex 32.07545161008064 16.096073597983846 0
      vertex 63.12454838991937 16.096073597983846 0
      vertex 95.2 0 0
    endloop
  endfacet
  facet normal 0 -1 0
    outer loop
      vertex 93.6 0 96.8
      vertex 40.1 0 5.8
      vertex 55.1 0 5.8
    endloop
  endfacet
  facet normal 0 -1 0
    outer loop
      vertex 86.6 0 68
      vertex 55.1 0 5.8
      vertex 55.1 0 4
    endloop
  endfacet
  facet normal 0 0 -1
    outer loop
      vertex 63.12454838991937 16.096073597983846 0
      vertex 64.10000000000001 16 0
      vertex 95.2 0 0
    endloop
  endfacet
  facet normal 0 0 -1
    outer loop
      vertex 64.10000000000001 16 0
      vertex 83.60000000000001 16 0
      vertex 95.2 0 0
    endloop
  endfacet
  facet normal 0 -1 0
    outer loop
      vertex 86.6 0 4
      vertex 86.6 0 68
      vertex 55.1 0 4
    endloop
  endfacet
  facet normal 0 0 -1
    outer loop
      vertex 83.60000000000001 16 0
      vertex 84.57545161008065 16.096073597983846 0
      vertex 95.2 0 0
    endloop
  endfacet
  facet normal 0 0 -1
    outer loop
      vertex 84.57545161008065 16.096073597983846 0
      vertex 85.51341716182546 16.380602337443566 0
      vertex 95.2 0 0
    endloop
  endfacet
  facet normal 0 0 -1
    outer loop
      vertex 85.51341716182546 16.380602337443566 0
      vertex 86.37785116509802 16.842651938487272 0
      vertex 95.2 0 0
    endloop
  endfacet
  facet normal 0 0 -1
    outer loop
      vertex 86.37785116509802 16.842651938487272 0
      vertex 87.13553390593275 17.464466094067262 0
      vertex 92 16.8 0
    endloop
  endfacet
  facet normal 0 0 -1
    outer loop
      vertex 87.13553390593275 17.464466094067262 0
      vertex 87.75734806151274 18.22214883490199 0
      vertex 92 16.8 0
    endloop
  endfacet
  facet normal 0 0 -1
    outer loop
      vertex 86.37785116509802 16.842651938487272 0
      vertex 92 16.8 0
      vertex 95.2 0 0
    endloop
  endfacet
  facet normal 0 0 -1
    outer loop
      vertex 87.75734806151274 18.22214883490199 0
      vertex 88.21939766255645 19.08658283817455 0
      vertex 92 16.8 0
    endloop
  endfacet
  facet normal 0 0 -1
    outer loop
      vertex 88.21939766255645 19.08658283817455 0
      vertex 88.50392640201616 20.02454838991936 0
      vertex 92 16.8 0
    endloop
  endfacet
  facet normal 0 0 -1
    outer loop
      vertex 95.2 0 0
      vertex 92 16.8 0
      vertex 93.4 15.8 0
    endloop
  endfacet
  facet normal 0 0 -1
    outer loop
      vertex 95.2 0 0
      vertex 93.4 15.8 0
      vertex 95.2 15.8 0
    endloop
  endfacet
  facet normal 1 0 0
    outer loop
      vertex 95.2 0 0
      vertex 95.2 15.8 0
      vertex 95.2 15.8 2.9000000000000004
    endloop
  endfacet
  facet normal 1 0 0
    outer loop
      vertex 95.2 0 0
      vertex 95.2 15.8 2.9000000000000004
      vertex 95.2 19.050252531694166 20.850252531694167
    endloop
  endfacet
  facet normal 0 0 -1
    outer loop
      vertex 92 16.8 0
      vertex 93.4 16.8 0
      vertex 93.4 15.8 0
    endloop
  endfacet
  facet normal 1 0 0
    outer loop
      vertex 95.2 15.8 2.9000000000000004
      vertex 95.2 16.8 2.9000000000000004
      vertex 95.2 16.8 3.4000000000000004
    endloop
  endfacet
  facet normal 1 0 0
    outer loop
      vertex 95.2 15.8 2.9000000000000004
      vertex 95.2 16.8 3.4000000000000004
      vertex 95.2 19.050252531694166 20.850252531694167
    endloop
  endfacet
  facet normal 1 0 0
    outer loop
      vertex 95.2 0 0
      vertex 95.2 19.050252531694166 20.850252531694167
      vertex 95.2 18.179712713882182 21.911008368862785
    endloop
  endfacet
  facet normal 1 0 0
    outer loop
      vertex 95.2 0 0
      vertex 95.2 18.179712713882182 21.911008368862785
      vertex 95.2 17.532843272420994 23.12121597344437
    endloop
  endfacet
  facet normal 1 0 0
    outer loop
      vertex 95.2 0 0
      vertex 95.2 17.532843272420994 23.12121597344437
      vertex 95.2 17.13450303717739 24.4343677458871
    endloop
  endfacet
  facet normal 1 0 0
    outer loop
      vertex 95.2 0 0
      vertex 95.2 17.13450303717739 24.4343677458871
      vertex 95.2 17 25.8
    endloop
  endfacet
  facet normal 1 0 0
    outer loop
      vertex 95.2 16.8 3.4000000000000004
      vertex 95.2 20.111008368862784 19.979712713882183
      vertex 95.2 19.050252531694166 20.850252531694167
    endloop
  endfacet
  facet normal 0 -1 0
    outer loop
      vertex 95.2 0 0
      vertex 88.2 0 68
      vertex 88.2 0 3
    endloop
  endfacet
  facet normal 0 0 -1
    outer loop
      vertex 88.50392640201616 20.02454838991936 0
      vertex 88.60000000000001 21 0
      vertex 92 16.8 0
    endloop
  endfacet
  facet normal 0 0 -1
    outer loop
      vertex 88.60000000000001 21 0
      vertex 92 37.2 0
      vertex 92 16.8 0
    endloop
  endfacet
  facet normal 1 0 0
    outer loop
      vertex 95.2 16.8 3.4000000000000004
      vertex 95.2 27 3.4000000000000004
      vertex 95.2 24 18.8
    endloop
  endfacet
  facet normal 1 0 0
    outer loop
      vertex 95.2 27 3.4000000000000004
      vertex 95.2 37.2 3.4000000000000004
      vertex 95.2 24 18.8
    endloop
  endfacet
  facet normal 1 0 0
    outer loop
      vertex 95.2 16.8 3.4000000000000004
      vertex 95.2 21.32121597344437 19.332843272420995
      vertex 95.2 20.111008368862784 19.979712713882183
    endloop
  endfacet
  facet normal 1 0 0
    outer loop
      vertex 95.2 16.8 3.4000000000000004
      vertex 95.2 22.634367745887104 18.934503037177386
      vertex 95.2 21.32121597344437 19.332843272420995
    endloop
  endfacet
  facet normal 1 0 0
    outer loop
      vertex 95.2 16.8 3.4000000000000004
      vertex 95.2 24 18.8
      vertex 95.2 22.634367745887104 18.934503037177386
    endloop
  endfacet
  facet normal 1 0 0
    outer loop
      vertex 95.2 24 18.8
      vertex 95.2 37.2 3.4000000000000004
      vertex 95.2 38.2 2.9000000000000004
    endloop
  endfacet
  facet normal 0 0 -1
    outer loop
      vertex 92 37.2 0
      vertex 93.4 38.2 0
      vertex 93.4 37.2 0
    endloop
  endfacet
  facet normal 1 0 0
    outer loop
      vertex 95.2 37.2 2.9000000000000004
      vertex 95.2 38.2 2.9000000000000004
      vertex 95.2 37.2 3.4000000000000004
    endloop
  endfacet
  facet normal 0 -1 0
    outer loop
      vertex 93.6 0 96.8
      vertex 55.1 0 5.8
      vertex 86.6 0 68
    endloop
  endfacet
  facet normal 0 -1 0
    outer loop
      vertex 95.2 0 0
      vertex 93.6 0 96.8
      vertex 88.2 0 68
    endloop
  endfacet
  facet normal 1 0 0
    outer loop
      vertex 95.2 0 0
      vertex 95.2 17 25.8
      vertex 95.2 17 163.8
    endloop
  endfacet
  facet normal 0 -1 0
    outer loop
      vertex 93.6 0 96.8
      vertex 86.6 0 68
      vertex 88.2 0 68
    endloop
  endfacet
  facet normal 1 0 0
    outer loop
      vertex 95.2 38.2 0
      vertex 95.2 69.38461538461524 18.8
      vertex 95.2 38.2 2.9000000000000004
    endloop
  endfacet
  facet normal 1 0 0
    outer loop
      vertex 95.2 24 18.8
      vertex 95.2 38.2 2.9000000000000004
      vertex 95.2 69.38461538461524 18.8
    endloop
  endfacet
  facet normal 0 0 -1
    outer loop
      vertex 88.60000000000001 21 0
      vertex 88.60000000000001 145 0
      vertex 92 37.2 0
    endloop
  endfacet
  facet normal 0 0 -1
    outer loop
      vertex 92 37.2 0
      vertex 93.4 124.8 0
      vertex 93.4 38.2 0
    endloop
  endfacet
  facet normal 0 0 -1
    outer loop
      vertex 93.4 38.2 0
      vertex 95.2 124.8 0
      vertex 95.2 38.2 0
    endloop
  endfacet
  facet normal 1 0 0
    outer loop
      vertex 95.2 38.2 0
      vertex 95.2 124.8 0
      vertex 95.2 69.38461538461524 18.8
    endloop
  endfacet
  facet normal 0 -1 0
    outer loop
      vertex 95.2 0 0
      vertex 95.2 0 182.8
      vertex 93.6 0 96.8
    endloop
  endfacet
  facet normal 1 0 0
    outer loop
      vertex 95.2 0 0
      vertex 95.2 17 163.8
      vertex 95.2 0 182.8
    endloop
  endfacet
  facet normal 0 -1 0
    outer loop
      vertex 93.6 0 96.8
      vertex 95.2 0 182.8
      vertex 93.6 0 182.8
    endloop
  endfacet
  facet normal 1 0 0
    outer loop
      vertex 95.2 0 182.8
      vertex 95.2 17 163.8
      vertex 95.2 17.13450303717739 165.16563225411292
    endloop
  endfacet
  facet normal 1 0 0
    outer loop
      vertex 95.2 0 182.8
      vertex 95.2 17.13450303717739 165.16563225411292
      vertex 95.2 17.532843272420994 166.47878402655564
    endloop
  endfacet
  facet normal 1 0 0
    outer loop
      vertex 95.2 0 182.8
      vertex 95.2 17.532843272420994 166.47878402655564
      vertex 95.2 18.179712713882182 167.6889916311372
    endloop
  endfacet
  facet normal 1 0 0
    outer loop
      vertex 95.2 0 182.8
      vertex 95.2 18.179712713882182 167.6889916311372
      vertex 95.2 19.050252531694166 168.74974746830586
    endloop
  endfacet
  facet normal 1 0 0
    outer loop
      vertex 95.2 0 182.8
      vertex 95.2 19.050252531694166 168.74974746830586
      vertex 95.2 20.111008368862784 169.62028728611782
    endloop
  endfacet
  facet normal 1 0 0
    outer loop
      vertex 95.2 0 182.8
      vertex 95.2 20.111008368862784 169.62028728611782
      vertex 95.2 21.32121597344437 170.26715672757902
    endloop
  endfacet
  facet normal 1 0 0
    outer loop
      vertex 95.2 0 182.8
      vertex 95.2 21.32121597344437 170.26715672757902
      vertex 95.2 22.634367745887104 170.66549696282263
    endloop
  endfacet
  facet normal 1 0 0
    outer loop
      vertex 95.2 0 182.8
      vertex 95.2 22.634367745887104 170.66549696282263
      vertex 95.2 24 170.8
    endloop
  endfacet
  facet normal 1 0 0
    outer loop
      vertex 95.2 0 182.8
      vertex 95.2 24 170.8
      vertex 95.2 142 170.8
    endloop
  endfacet
  facet normal 0 0 1
    outer loop
      vertex 93.6 0 182.8
      vertex 95.2 0 182.8
      vertex 95.2 163 182.8
    endloop
  endfacet
  facet normal 0 0 1
    outer loop
      vertex 93.6 0 182.8
      vertex 95.2 163 182.8
      vertex 93.6 3 182.8
    endloop
  endfacet
  facet normal 0 0 -1
    outer loop
      vertex 36.1 145 0
      vertex 59.10000000000001 145 0
      vertex 59.10000000000001 21 0
    endloop
  endfacet
  facet normal 0 0 -1
    outer loop
      vertex 36.003926402016155 145.97545161008065 0
      vertex 59.196073597983855 145.97545161008065 0
      vertex 59.10000000000001 145 0
    endloop
  endfacet
  facet normal 0 0 -1
    outer loop
      vertex 35.71939766255643 146.91341716182544 0
      vertex 59.48060233744357 146.91341716182544 0
      vertex 59.196073597983855 145.97545161008065 0
    endloop
  endfacet
  facet normal 0 0 -1
    outer loop
      vertex 35.25734806151273 147.777851165098 0
      vertex 59.94265193848728 147.777851165098 0
      vertex 59.48060233744357 146.91341716182544 0
    endloop
  endfacet
  facet normal 0 0 -1
    outer loop
      vertex 34.63553390593274 148.53553390593274 0
      vertex 60.56446609406727 148.53553390593274 0
      vertex 59.94265193848728 147.777851165098 0
    endloop
  endfacet
  facet normal 0 0 -1
    outer loop
      vertex 33.87785116509801 149.15734806151272 0
      vertex 61.322148834901995 149.15734806151272 0
      vertex 60.56446609406727 148.53553390593274 0
    endloop
  endfacet
  facet normal 0 0 -1
    outer loop
      vertex 33.01341716182545 149.61939766255642 0
      vertex 62.18658283817456 149.61939766255642 0
      vertex 61.322148834901995 149.15734806151272 0
    endloop
  endfacet
  facet normal 0 0 -1
    outer loop
      vertex 32.07545161008064 149.90392640201614 0
      vertex 63.12454838991937 149.90392640201614 0
      vertex 62.18658283817456 149.61939766255642 0
    endloop
  endfacet
  facet normal 0 0 -1
    outer loop
      vertex 0 163 0
      vertex 95.2 163 0
      vertex 63.12454838991937 149.90392640201614 0
    endloop
  endfacet
  facet normal 0 1 0
    outer loop
      vertex 0 163 0
      vertex 55.1 163 3.1999999999999997
      vertex 93.30000000000001 163 3.5999999999999996
    endloop
  endfacet
  facet normal 0 1 0
    outer loop
      vertex 0 163 0
      vertex 93.30000000000001 163 3.5999999999999996
      vertex 95.2 163 0
    endloop
  endfacet
  facet normal 0 1 0
    outer loop
      vertex 55.1 163 3.1999999999999997
      vertex 55.1 163 3.5999999999999996
      vertex 93.30000000000001 163 3.5999999999999996
    endloop
  endfacet
  facet normal 0 0 -1
    outer loop
      vertex 92 37.2 0
      vertex 88.60000000000001 145 0
      vertex 92 125.8 0
    endloop
  endfacet
  facet normal 0 0 -1
    outer loop
      vertex 92 37.2 0
      vertex 92 125.8 0
      vertex 93.4 125.8 0
    endloop
  endfacet
  facet normal 0 0 -1
    outer loop
      vertex 92 37.2 0
      vertex 93.4 125.8 0
      vertex 93.4 124.8 0
    endloop
  endfacet
  facet normal 0 0 -1
    outer loop
      vertex 93.4 38.2 0
      vertex 93.4 124.8 0
      vertex 95.2 124.8 0
    endloop
  endfacet
  facet normal 1 0 0
    outer loop
      vertex 95.2 69.38461538461524 18.8
      vertex 95.2 124.8 0
      vertex 95.2 124.8 2.9000000000000004
    endloop
  endfacet
  facet normal 1 0 0
    outer loop
      vertex 95.2 69.38461538461524 18.8
      vertex 95.2 124.8 2.9000000000000004
      vertex 95.2 125.8 3.4000000000000004
    endloop
  endfacet
  facet normal 1 0 0
    outer loop
      vertex 95.2 69.38461538461524 18.8
      vertex 95.2 125.8 3.4000000000000004
      vertex 95.2 142 18.8
    endloop
  endfacet
  facet normal 1 0 0
    outer loop
      vertex 95.2 124.8 2.9000000000000004
      vertex 95.2 125.8 2.9000000000000004
      vertex 95.2 125.8 3.4000000000000004
    endloop
  endfacet
  facet normal 0 0 -1
    outer loop
      vertex 63.12454838991937 149.90392640201614 0
      vertex 95.2 163 0
      vertex 64.10000000000001 150 0
    endloop
  endfacet
  facet normal 0 0 -1
    outer loop
      vertex 64.10000000000001 150 0
      vertex 95.2 163 0
      vertex 83.60000000000001 150 0
    endloop
  endfacet
  facet normal 0 0 -1
    outer loop
      vertex 92 125.8 0
      vertex 88.60000000000001 145 0
      vertex 92 146.2 0
    endloop
  endfacet
  facet normal 1 0 0
    outer loop
      vertex 95.2 125.8 3.4000000000000004
      vertex 95.2 136 3.4000000000000004
      vertex 95.2 142 18.8
    endloop
  endfacet
  facet normal 0 0 -1
    outer loop
      vertex 88.60000000000001 145 0
      vertex 88.50392640201616 145.97545161008065 0
      vertex 92 146.2 0
    endloop
  endfacet
  facet normal 0 0 -1
    outer loop
      vertex 88.50392640201616 145.97545161008065 0
      vertex 88.21939766255645 146.91341716182544 0
      vertex 92 146.2 0
    endloop
  endfacet
  facet normal 0 0 -1
    outer loop
      vertex 87.75734806151274 147.777851165098 0
      vertex 92 146.2 0
      vertex 88.21939766255645 146.91341716182544 0
    endloop
  endfacet
  facet normal 0 0 -1
    outer loop
      vertex 87.75734806151274 147.777851165098 0
      vertex 93.4 147.2 0
      vertex 92 146.2 0
    endloop
  endfacet
  facet normal 1 0 0
    outer loop
      vertex 95.2 136 3.4000000000000004
      vertex 95.2 146.2 3.4000000000000004
      vertex 95.2 142 18.8
    endloop
  endfacet
  facet normal 0 0 -1
    outer loop
      vertex 92 146.2 0
      vertex 93.4 147.2 0
      vertex 93.4 146.2 0
    endloop
  endfacet
  facet normal 1 0 0
    outer loop
      vertex 95.2 146.2 2.9000000000000004
      vertex 95.2 147.2 2.9000000000000004
      vertex 95.2 146.2 3.4000000000000004
    endloop
  endfacet
  facet normal 1 0 0
    outer loop
      vertex 95.2 146.2 3.4000000000000004
      vertex 95.2 147.2 2.9000000000000004
      vertex 95.2 142 18.8
    endloop
  endfacet
  facet normal 1 0 0
    outer loop
      vertex 95.2 147.2 2.9000000000000004
      vertex 95.2 143.36563225411288 18.934503037177386
      vertex 95.2 142 18.8
    endloop
  endfacet
  facet normal 1 0 0
    outer loop
      vertex 95.2 147.2 2.9000000000000004
      vertex 95.2 144.67878402655563 19.332843272420995
      vertex 95.2 143.36563225411288 18.934503037177386
    endloop
  endfacet
  facet normal 0 0 -1
    outer loop
      vertex 84.57545161008065 149.90392640201614 0
      vertex 95.2 163 0
      vertex 85.51341716182546 149.61939766255642 0
    endloop
  endfacet
  facet normal 0 0 -1
    outer loop
      vertex 83.60000000000001 150 0
      vertex 95.2 163 0
      vertex 84.57545161008065 149.90392640201614 0
    endloop
  endfacet
  facet normal 0 0 -1
    outer loop
      vertex 85.51341716182546 149.61939766255642 0
      vertex 95.2 163 0
      vertex 86.37785116509802 149.15734806151272 0
    endloop
  endfacet
  facet normal 0 0 -1
    outer loop
      vertex 86.37785116509802 149.15734806151272 0
      vertex 95.2 163 0
      vertex 87.13553390593275 148.53553390593274 0
    endloop
  endfacet
  facet normal 0 0 -1
    outer loop
      vertex 87.75734806151274 147.777851165098 0
      vertex 87.13553390593275 148.53553390593274 0
      vertex 95.2 163 0
    endloop
  endfacet
  facet normal 0 0 -1
    outer loop
      vertex 87.75734806151274 147.777851165098 0
      vertex 95.2 163 0
      vertex 93.4 147.2 0
    endloop
  endfacet
  facet normal 0 0 -1
    outer loop
      vertex 93.4 147.2 0
      vertex 95.2 163 0
      vertex 95.2 147.2 0
    endloop
  endfacet
  facet normal 1 0 0
    outer loop
      vertex 95.2 147.2 0
      vertex 95.2 163 0
      vertex 95.2 147.2 2.9000000000000004
    endloop
  endfacet
  facet normal 1 0 0
    outer loop
      vertex 95.2 147.2 2.9000000000000004
      vertex 95.2 163 0
      vertex 95.2 144.67878402655563 19.332843272420995
    endloop
  endfacet
  facet normal 1 0 0
    outer loop
      vertex 95.2 144.67878402655563 19.332843272420995
      vertex 95.2 163 0
      vertex 95.2 145.8889916311372 19.979712713882183
    endloop
  endfacet
  facet normal 1 0 0
    outer loop
      vertex 95.2 145.8889916311372 19.979712713882183
      vertex 95.2 163 0
      vertex 95.2 146.94974746830584 20.850252531694167
    endloop
  endfacet
  facet normal 1 0 0
    outer loop
      vertex 95.2 146.94974746830584 20.850252531694167
      vertex 95.2 163 0
      vertex 95.2 147.8202872861178 21.911008368862785
    endloop
  endfacet
  facet normal 1 0 0
    outer loop
      vertex 95.2 147.8202872861178 21.911008368862785
      vertex 95.2 163 0
      vertex 95.2 148.467156727579 23.12121597344437
    endloop
  endfacet
  facet normal 1 0 0
    outer loop
      vertex 95.2 148.467156727579 23.12121597344437
      vertex 95.2 163 0
      vertex 95.2 148.86549696282262 24.4343677458871
    endloop
  endfacet
  facet normal 1 0 0
    outer loop
      vertex 95.2 148.86549696282262 24.4343677458871
      vertex 95.2 163 0
      vertex 95.2 149 25.8
    endloop
  endfacet
  facet normal 0 1 0
    outer loop
      vertex 93.30000000000001 163 3.5999999999999996
      vertex 93.30000000000001 163 4.8
      vertex 95.2 163 0
    endloop
  endfacet
  facet normal 0 1 0
    outer loop
      vertex 93.30000000000001 163 4.8
      vertex 93.6 163 4.8
      vertex 95.2 163 0
    endloop
  endfacet
  facet normal 0 1 0
    outer loop
      vertex 93.6 163 4.8
      vertex 95.2 163 182.8
      vertex 95.2 163 0
    endloop
  endfacet
  facet normal 1 0 0
    outer loop
      vertex 95.2 149 25.8
      vertex 95.2 163 0
      vertex 95.2 163 182.8
    endloop
  endfacet
  facet normal 1 0 0
    outer loop
      vertex 95.2 0 182.8
      vertex 95.2 142 170.8
      vertex 95.2 163 182.8
    endloop
  endfacet
  facet normal 0 0 1
    outer loop
      vertex 93.6 3 182.8
      vertex 95.2 163 182.8
      vertex 93.6 163 182.8
    endloop
  endfacet
  facet normal 1 0 0
    outer loop
      vertex 95.2 149 25.8
      vertex 95.2 163 182.8
      vertex 95.2 149 163.8
    endloop
  endfacet
  facet normal 0 1 0
    outer loop
      vertex 93.6 163 4.8
      vertex 93.6 163 182.8
      vertex 95.2 163 182.8
    endloop
  endfacet
  facet normal 1 0 0
    outer loop
      vertex 95.2 142 170.8
      vertex 95.2 143.36563225411288 170.66549696282263
      vertex 95.2 163 182.8
    endloop
  endfacet
  facet normal 1 0 0
    outer loop
      vertex 95.2 149 163.8
      vertex 95.2 163 182.8
      vertex 95.2 148.86549696282262 165.16563225411292
    endloop
  endfacet
  facet normal 1 0 0
    outer loop
      vertex 95.2 144.67878402655563 170.26715672757902
      vertex 95.2 145.8889916311372 169.62028728611782
      vertex 95.2 163 182.8
    endloop
  endfacet
  facet normal 1 0 0
    outer loop
      vertex 95.2 145.8889916311372 169.62028728611782
      vertex 95.2 146.94974746830584 168.74974746830586
      vertex 95.2 163 182.8
    endloop
  endfacet
  facet normal 1 0 0
    outer loop
      vertex 95.2 146.94974746830584 168.74974746830586
      vertex 95.2 147.8202872861178 167.6889916311372
      vertex 95.2 163 182.8
    endloop
  endfacet
  facet normal 1 0 0
    outer loop
      vertex 95.2 143.36563225411288 170.66549696282263
      vertex 95.2 144.67878402655563 170.26715672757902
      vertex 95.2 163 182.8
    endloop
  endfacet
  facet normal 1 0 0
    outer loop
      vertex 95.2 148.86549696282262 165.16563225411292
      vertex 95.2 163 182.8
      vertex 95.2 148.467156727579 166.47878402655564
    endloop
  endfacet
  facet normal 1 0 0
    outer loop
      vertex 95.2 148.467156727579 166.47878402655564
      vertex 95.2 163 182.8
      vertex 95.2 147.8202872861178 167.6889916311372
    endloop
  endfacet
  facet normal -1 0 0
    outer loop
      vertex 1.9000000000000001 163 3.5999999999999996
      vertex 1.9000000000000001 163 4.8
      vertex 1.9000000000000001 172 4.8
    endloop
  endfacet
  facet normal -1 0 0
    outer loop
      vertex 1.9000000000000001 163 3.5999999999999996
      vertex 1.9000000000000001 172 4.8
      vertex 1.9000000000000001 172 3.5999999999999996
    endloop
  endfacet
  facet normal 0 0 -1
    outer loop
      vertex 1.9000000000000001 163 3.5999999999999996
      vertex 40.1 164 3.5999999999999996
      vertex 40.1 163 3.5999999999999996
    endloop
  endfacet
  facet normal 0 0 1
    outer loop
      vertex 8.772757823986543 171.32325141776937 4.8
      vertex 38.008960150839705 163 4.8
      vertex 40.1 163 4.8
    endloop
  endfacet
  facet normal 0 0 1
    outer loop
      vertex 8.772757823986543 171.32325141776937 4.8
      vertex 40.1 163 4.8
      vertex 40.1 164 4.8
    endloop
  endfacet
  facet normal 0 0 -1
    outer loop
      vertex 1.9000000000000001 163 3.5999999999999996
      vertex 1.9000000000000001 172 3.5999999999999996
      vertex 93.30000000000001 172 3.5999999999999996
    endloop
  endfacet
  facet normal 0 1 0
    outer loop
      vertex 1.9000000000000001 172 3.5999999999999996
      vertex 1.9000000000000001 172 4.8
      vertex 93.30000000000001 172 3.5999999999999996
    endloop
  endfacet
  facet normal 0 0 1
    outer loop
      vertex 8.772757823986543 171.32325141776937 4.8
      vertex 40.1 164 4.8
      vertex 55.1 164 4.8
    endloop
  endfacet
  facet normal 0 0 1
    outer loop
      vertex 8.772757823986543 171.32325141776937 4.8
      vertex 55.1 164 4.8
      vertex 63.41186382687541 165.94303310238647 4.8
    endloop
  endfacet
  facet normal 0 0 -1
    outer loop
      vertex 1.9000000000000001 163 3.5999999999999996
      vertex 93.30000000000001 172 3.5999999999999996
      vertex 40.1 164 3.5999999999999996
    endloop
  endfacet
  facet normal 0 0 1
    outer loop
      vertex 55.1 163 4.8
      vertex 55.59278762265214 163 4.8
      vertex 55.1 164 4.8
    endloop
  endfacet
  facet normal 0 0 1
    outer loop
      vertex 55.59278762265214 163 4.8
      vertex 63.41186382687541 165.94303310238647 4.8
      vertex 55.1 164 4.8
    endloop
  endfacet
  facet normal 0 0 -1
    outer loop
      vertex 40.1 164 3.5999999999999996
      vertex 93.30000000000001 172 3.5999999999999996
      vertex 55.1 164 3.5999999999999996
    endloop
  endfacet
  facet normal 0 1 0
    outer loop
      vertex 1.9000000000000001 172 4.8
      vertex 93.30000000000001 172 4.8
      vertex 93.30000000000001 172 3.5999999999999996
    endloop
  endfacet
  facet normal 0 0 -1
    outer loop
      vertex 55.1 163 3.5999999999999996
      vertex 55.1 164 3.5999999999999996
      vertex 93.30000000000001 163 3.5999999999999996
    endloop
  endfacet
  facet normal 0 0 -1
    outer loop
      vertex 55.1 164 3.5999999999999996
      vertex 93.30000000000001 172 3.5999999999999996
      vertex 93.30000000000001 163 3.5999999999999996
    endloop
  endfacet
  facet normal 1 0 0
    outer loop
      vertex 93.30000000000001 163 3.5999999999999996
      vertex 93.30000000000001 172 3.5999999999999996
      vertex 93.30000000000001 163 4.8
    endloop
  endfacet
  facet normal 1 0 0
    outer loop
      vertex 93.30000000000001 163 4.8
      vertex 93.30000000000001 172 3.5999999999999996
      vertex 93.30000000000001 172 4.8
    endloop
  endfacet
  facet normal 2.3909517333642316e-17 0.8819212643483557 0.4713967368259963
    outer loop
      vertex 0 18.179712713882182 21.911008368862785
      vertex 0 17.532843272420994 23.12121597344437
      vertex 1.6 17.532843272420994 23.12121597344437
    endloop
  endfacet
  facet normal 0 0.773010453362737 0.6343932841636456
    outer loop
      vertex 0 18.179712713882182 21.911008368862785
      vertex 1.6 18.179712713882182 21.911008368862785
      vertex 0 19.050252531694166 20.850252531694167
    endloop
  endfacet
  facet normal 0 0.773010453362737 0.6343932841636456
    outer loop
      vertex 0 19.050252531694166 20.850252531694167
      vertex 1.6 18.179712713882182 21.911008368862785
      vertex 1.6 19.050252531694166 20.850252531694167
    endloop
  endfacet
  facet normal 0 0.8819212643483557 0.4713967368259963
    outer loop
      vertex 0 18.179712713882182 21.911008368862785
      vertex 1.6 17.532843272420994 23.12121597344437
      vertex 1.6 18.179712713882182 21.911008368862785
    endloop
  endfacet
  facet normal 0 0.9569403357322089 0.2902846772544621
    outer loop
      vertex 0 17.13450303717739 24.4343677458871
      vertex 1.6 17.13450303717739 24.4343677458871
      vertex 0 17.532843272420994 23.12121597344437
    endloop
  endfacet
  facet normal 4.002794056994894e-18 0.9951847266721968 0.09801714032956188
    outer loop
      vertex 0 17.13450303717739 24.4343677458871
      vertex 0 17 25.8
      vertex 1.6 17 25.8
    endloop
  endfacet
  facet normal 0 0.9569403357322089 0.2902846772544621
    outer loop
      vertex 0 17.532843272420994 23.12121597344437
      vertex 1.6 17.13450303717739 24.4343677458871
      vertex 1.6 17.532843272420994 23.12121597344437
    endloop
  endfacet
  facet normal 0 0.9951847266721968 0.09801714032956188
    outer loop
      vertex 0 17.13450303717739 24.4343677458871
      vertex 1.6 17 25.8
      vertex 1.6 17.13450303717739 24.4343677458871
    endloop
  endfacet
  facet normal 0 0.4713967368259963 0.8819212643483557
    outer loop
      vertex 0 20.111008368862784 19.979712713882183
      vertex 1.6 20.111008368862784 19.979712713882183
      vertex 0 21.32121597344437 19.332843272420995
    endloop
  endfacet
  facet normal 0 0.4713967368259963 0.8819212643483557
    outer loop
      vertex 0 21.32121597344437 19.332843272420995
      vertex 1.6 20.111008368862784 19.979712713882183
      vertex 1.6 21.32121597344437 19.332843272420995
    endloop
  endfacet
  facet normal 2.231319308965248e-18 0.6343932841636456 0.773010453362737
    outer loop
      vertex 0 20.111008368862784 19.979712713882183
      vertex 0 19.050252531694166 20.850252531694167
      vertex 1.6 19.050252531694166 20.850252531694167
    endloop
  endfacet
  facet normal 0 0.6343932841636456 0.773010453362737
    outer loop
      vertex 0 20.111008368862784 19.979712713882183
      vertex 1.6 19.050252531694166 20.850252531694167
      vertex 1.6 20.111008368862784 19.979712713882183
    endloop
  endfacet
  facet normal 0 0.2902846772544638 0.9569403357322084
    outer loop
      vertex 0 21.32121597344437 19.332843272420995
      vertex 1.6 21.32121597344437 19.332843272420995
      vertex 0 22.634367745887104 18.934503037177386
    endloop
  endfacet
  facet normal 0 0.09801714032955955 0.9951847266721969
    outer loop
      vertex 0 22.634367745887104 18.934503037177386
      vertex 1.6 22.634367745887104 18.934503037177386
      vertex 0 24 18.8
    endloop
  endfacet
  facet normal -2.0111445947063315e-17 0.2902846772544638 0.9569403357322084
    outer loop
      vertex 1.6 21.32121597344437 19.332843272420995
      vertex 1.6 22.634367745887104 18.934503037177386
      vertex 0 22.634367745887104 18.934503037177386
    endloop
  endfacet
  facet normal 0 0.09801714032955955 0.9951847266721969
    outer loop
      vertex 0 24 18.8
      vertex 1.6 22.634367745887104 18.934503037177386
      vertex 1.6 24 18.8
    endloop
  endfacet
  facet normal 0 1 0
    outer loop
      vertex 0 17 25.8
      vertex 1.6 17 163.8
      vertex 1.6 17 25.8
    endloop
  endfacet
  facet normal 0 0 1
    outer loop
      vertex 0 24 18.8
      vertex 1.6 24 18.8
      vertex 0 96.61538461538461 18.8
    endloop
  endfacet
  facet normal 0 1 0
    outer loop
      vertex 0 17 25.8
      vertex 0 17 163.8
      vertex 1.6 17 163.8
    endloop
  endfacet
  facet normal 4.203671342881315e-18 0.9951847266721968 -0.09801714032956112
    outer loop
      vertex 0 17 163.8
      vertex 0 17.13450303717739 165.16563225411292
      vertex 1.6 17.13450303717739 165.16563225411292
    endloop
  endfacet
  facet normal 0 0.9951847266721968 -0.09801714032956112
    outer loop
      vertex 0 17 163.8
      vertex 1.6 17.13450303717739 165.16563225411292
      vertex 1.6 17 163.8
    endloop
  endfacet
  facet normal 0 0.9569403357322085 -0.2902846772544635
    outer loop
      vertex 0 17.13450303717739 165.16563225411292
      vertex 1.6 17.532843272420994 166.47878402655564
      vertex 1.6 17.13450303717739 165.16563225411292
    endloop
  endfacet
  facet normal 6.887412730579009e-18 0.9569403357322085 -0.2902846772544635
    outer loop
      vertex 0 17.13450303717739 165.16563225411292
      vertex 0 17.532843272420994 166.47878402655564
      vertex 1.6 17.532843272420994 166.47878402655564
    endloop
  endfacet
  facet normal 1.4185467029113238e-18 0.8819212643483529 -0.47139673682600175
    outer loop
      vertex 0 17.532843272420994 166.47878402655564
      vertex 0 18.179712713882182 167.6889916311372
      vertex 1.6 18.179712713882182 167.6889916311372
    endloop
  endfacet
  facet normal -2.184839383803011e-18 0.7730104533627442 -0.6343932841636366
    outer loop
      vertex 0 18.179712713882182 167.6889916311372
      vertex 0 19.050252531694166 168.74974746830586
      vertex 1.6 19.050252531694166 168.74974746830586
    endloop
  endfacet
  facet normal 0 0.8819212643483529 -0.47139673682600175
    outer loop
      vertex 0 17.532843272420994 166.47878402655564
      vertex 1.6 18.179712713882182 167.6889916311372
      vertex 1.6 17.532843272420994 166.47878402655564
    endloop
  endfacet
  facet normal 0 0.7730104533627442 -0.6343932841636366
    outer loop
      vertex 0 18.179712713882182 167.6889916311372
      vertex 1.6 19.050252531694166 168.74974746830586
      vertex 1.6 18.179712713882182 167.6889916311372
    endloop
  endfacet
  facet normal 1.7524508371638448e-17 0.6343932841636347 -0.7730104533627459
    outer loop
      vertex 0 19.050252531694166 168.74974746830586
      vertex 0 20.111008368862784 169.62028728611782
      vertex 1.6 20.111008368862784 169.62028728611782
    endloop
  endfacet
  facet normal 8.109836730837066e-18 0.47139673682600636 -0.8819212643483504
    outer loop
      vertex 0 20.111008368862784 169.62028728611782
      vertex 0 21.32121597344437 170.26715672757902
      vertex 1.6 21.32121597344437 170.26715672757902
    endloop
  endfacet
  facet normal 0 0.6343932841636347 -0.7730104533627459
    outer loop
      vertex 0 19.050252531694166 168.74974746830586
      vertex 1.6 20.111008368862784 169.62028728611782
      vertex 1.6 19.050252531694166 168.74974746830586
    endloop
  endfacet
  facet normal 0 0.47139673682600636 -0.8819212643483504
    outer loop
      vertex 0 20.111008368862784 169.62028728611782
      vertex 1.6 21.32121597344437 170.26715672757902
      vertex 1.6 20.111008368862784 169.62028728611782
    endloop
  endfacet
  facet normal 2.0111445947063315e-17 0.2902846772544638 -0.9569403357322084
    outer loop
      vertex 0 21.32121597344437 170.26715672757902
      vertex 0 22.634367745887104 170.66549696282263
      vertex 1.6 22.634367745887104 170.66549696282263
    endloop
  endfacet
  facet normal -1.7051401073008648e-18 0.09801714032955698 -0.9951847266721972
    outer loop
      vertex 0 22.634367745887104 170.66549696282263
      vertex 0 24 170.8
      vertex 1.6 24 170.8
    endloop
  endfacet
  facet normal 0 0.2902846772544638 -0.9569403357322084
    outer loop
      vertex 0 21.32121597344437 170.26715672757902
      vertex 1.6 22.634367745887104 170.66549696282263
      vertex 1.6 21.32121597344437 170.26715672757902
    endloop
  endfacet
  facet normal 0 0.09801714032955698 -0.9951847266721972
    outer loop
      vertex 0 22.634367745887104 170.66549696282263
      vertex 1.6 24 170.8
      vertex 1.6 22.634367745887104 170.66549696282263
    endloop
  endfacet
  facet normal 0 0 -1
    outer loop
      vertex 0 24 170.8
      vertex 1.6 142 170.8
      vertex 1.6 24 170.8
    endloop
  endfacet
  facet normal 0 0 1
    outer loop
      vertex 1.6 24 18.8
      vertex 1.6 142 18.8
      vertex 0 96.61538461538461 18.8
    endloop
  endfacet
  facet normal 0 0 1
    outer loop
      vertex 0 96.61538461538461 18.8
      vertex 1.6 142 18.8
      vertex 0 142 18.8
    endloop
  endfacet
  facet normal 0 -0.09801714032956059 0.9951847266721969
    outer loop
      vertex 0 142 18.8
      vertex 1.6 142 18.8
      vertex 0 143.36563225411288 18.934503037177386
    endloop
  endfacet
  facet normal 0 -0.29028467725446017 0.9569403357322096
    outer loop
      vertex 0 143.36563225411288 18.934503037177386
      vertex 1.6 143.36563225411288 18.934503037177386
      vertex 0 144.67878402655563 19.332843272420995
    endloop
  endfacet
  facet normal 0 -0.09801714032956059 0.9951847266721969
    outer loop
      vertex 0 143.36563225411288 18.934503037177386
      vertex 1.6 142 18.8
      vertex 1.6 143.36563225411288 18.934503037177386
    endloop
  endfacet
  facet normal 0 -0.29028467725446017 0.9569403357322096
    outer loop
      vertex 0 144.67878402655563 19.332843272420995
      vertex 1.6 143.36563225411288 18.934503037177386
      vertex 1.6 144.67878402655563 19.332843272420995
    endloop
  endfacet
  facet normal 0 -0.47139673682600175 0.8819212643483529
    outer loop
      vertex 0 144.67878402655563 19.332843272420995
      vertex 1.6 144.67878402655563 19.332843272420995
      vertex 0 145.8889916311372 19.979712713882183
    endloop
  endfacet
  facet normal 1.4185467029113238e-18 -0.47139673682600175 0.8819212643483529
    outer loop
      vertex 1.6 144.67878402655563 19.332843272420995
      vertex 1.6 145.8889916311372 19.979712713882183
      vertex 0 145.8889916311372 19.979712713882183
    endloop
  endfacet
  facet normal 0 -0.6343932841636366 0.7730104533627442
    outer loop
      vertex 0 145.8889916311372 19.979712713882183
      vertex 1.6 145.8889916311372 19.979712713882183
      vertex 0 146.94974746830584 20.850252531694167
    endloop
  endfacet
  facet normal 0 -0.7730104533627459 0.6343932841636347
    outer loop
      vertex 0 146.94974746830584 20.850252531694167
      vertex 1.6 146.94974746830584 20.850252531694167
      vertex 0 147.8202872861178 21.911008368862785
    endloop
  endfacet
  facet normal 0 -0.6343932841636366 0.7730104533627442
    outer loop
      vertex 0 146.94974746830584 20.850252531694167
      vertex 1.6 145.8889916311372 19.979712713882183
      vertex 1.6 146.94974746830584 20.850252531694167
    endloop
  endfacet
  facet normal 0 -0.8819212643483504 0.47139673682600636
    outer loop
      vertex 0 147.8202872861178 21.911008368862785
      vertex 1.6 147.8202872861178 21.911008368862785
      vertex 0 148.467156727579 23.12121597344437
    endloop
  endfacet
  facet normal 0 -0.7730104533627459 0.6343932841636347
    outer loop
      vertex 0 147.8202872861178 21.911008368862785
      vertex 1.6 146.94974746830584 20.850252531694167
      vertex 1.6 147.8202872861178 21.911008368862785
    endloop
  endfacet
  facet normal 8.109836730837066e-18 -0.8819212643483504 0.47139673682600636
    outer loop
      vertex 1.6 147.8202872861178 21.911008368862785
      vertex 1.6 148.467156727579 23.12121597344437
      vertex 0 148.467156727579 23.12121597344437
    endloop
  endfacet
  facet normal 0 -0.9569403357322082 0.29028467725446444
    outer loop
      vertex 0 148.467156727579 23.12121597344437
      vertex 1.6 148.467156727579 23.12121597344437
      vertex 0 148.86549696282262 24.4343677458871
    endloop
  endfacet
  facet normal 0 -0.9951847266721972 0.09801714032955675
    outer loop
      vertex 0 148.86549696282262 24.4343677458871
      vertex 1.6 148.86549696282262 24.4343677458871
      vertex 0 149 25.8
    endloop
  endfacet
  facet normal 0 -0.9569403357322082 0.29028467725446444
    outer loop
      vertex 0 148.86549696282262 24.4343677458871
      vertex 1.6 148.467156727579 23.12121597344437
      vertex 1.6 148.86549696282262 24.4343677458871
    endloop
  endfacet
  facet normal 0 -0.9951847266721972 0.09801714032955675
    outer loop
      vertex 0 149 25.8
      vertex 1.6 148.86549696282262 24.4343677458871
      vertex 1.6 149 25.8
    endloop
  endfacet
  facet normal 0 -1 0
    outer loop
      vertex 0 149 25.8
      vertex 1.6 149 25.8
      vertex 0 149 163.8
    endloop
  endfacet
  facet normal 0 0 -1
    outer loop
      vertex 0 24 170.8
      vertex 0 142 170.8
      vertex 1.6 142 170.8
    endloop
  endfacet
  facet normal 0 -1 0
    outer loop
      vertex 1.6 149 25.8
      vertex 1.6 149 163.8
      vertex 0 149 163.8
    endloop
  endfacet
  facet normal 5.547883346891827e-21 -0.09801714032955801 -0.9951847266721972
    outer loop
      vertex 0 142 170.8
      vertex 0 143.36563225411288 170.66549696282263
      vertex 1.6 143.36563225411288 170.66549696282263
    endloop
  endfacet
  facet normal -6.682970640082296e-18 -0.29028467725446017 -0.9569403357322096
    outer loop
      vertex 0 143.36563225411288 170.66549696282263
      vertex 0 144.67878402655563 170.26715672757902
      vertex 1.6 144.67878402655563 170.26715672757902
    endloop
  endfacet
  facet normal 0 -0.09801714032955801 -0.9951847266721972
    outer loop
      vertex 0 142 170.8
      vertex 1.6 143.36563225411288 170.66549696282263
      vertex 1.6 142 170.8
    endloop
  endfacet
  facet normal 0 -0.29028467725446017 -0.9569403357322096
    outer loop
      vertex 0 143.36563225411288 170.66549696282263
      vertex 1.6 144.67878402655563 170.26715672757902
      vertex 1.6 143.36563225411288 170.66549696282263
    endloop
  endfacet
  facet normal 0 -0.9569403357322079 -0.29028467725446594
    outer loop
      vertex 0 148.86549696282262 165.16563225411292
      vertex 1.6 148.86549696282262 165.16563225411292
      vertex 0 148.467156727579 166.47878402655564
    endloop
  endfacet
  facet normal 0 -0.9951847266721974 -0.098017140329556
    outer loop
      vertex 0 149 163.8
      vertex 1.6 149 163.8
      vertex 0 148.86549696282262 165.16563225411292
    endloop
  endfacet
  facet normal 0 -0.9951847266721974 -0.098017140329556
    outer loop
      vertex 0 148.86549696282262 165.16563225411292
      vertex 1.6 149 163.8
      vertex 1.6 148.86549696282262 165.16563225411292
    endloop
  endfacet
  facet normal 0 -0.7730104533627531 -0.6343932841636257
    outer loop
      vertex 0 146.94974746830584 168.74974746830586
      vertex 1.6 147.8202872861178 167.6889916311372
      vertex 1.6 146.94974746830584 168.74974746830586
    endloop
  endfacet
  facet normal 1.712828359439171e-17 -0.47139673682601174 -0.8819212643483474
    outer loop
      vertex 0 144.67878402655563 170.26715672757902
      vertex 0 145.8889916311372 169.62028728611782
      vertex 1.6 145.8889916311372 169.62028728611782
    endloop
  endfacet
  facet normal -1.757098829651872e-17 -0.6343932841636257 -0.7730104533627531
    outer loop
      vertex 0 145.8889916311372 169.62028728611782
      vertex 0 146.94974746830584 168.74974746830586
      vertex 1.6 146.94974746830584 168.74974746830586
    endloop
  endfacet
  facet normal 0 -0.47139673682601174 -0.8819212643483474
    outer loop
      vertex 0 144.67878402655563 170.26715672757902
      vertex 1.6 145.8889916311372 169.62028728611782
      vertex 1.6 144.67878402655563 170.26715672757902
    endloop
  endfacet
  facet normal 0 -0.6343932841636257 -0.7730104533627531
    outer loop
      vertex 0 145.8889916311372 169.62028728611782
      vertex 1.6 146.94974746830584 168.74974746830586
      vertex 1.6 145.8889916311372 169.62028728611782
    endloop
  endfacet
  facet normal 0 -0.8819212643483474 -0.47139673682601174
    outer loop
      vertex 0 148.467156727579 166.47878402655564
      vertex 1.6 148.467156727579 166.47878402655564
      vertex 0 147.8202872861178 167.6889916311372
    endloop
  endfacet
  facet normal -1.757098829651872e-17 -0.7730104533627531 -0.6343932841636257
    outer loop
      vertex 0 146.94974746830584 168.74974746830586
      vertex 0 147.8202872861178 167.6889916311372
      vertex 1.6 147.8202872861178 167.6889916311372
    endloop
  endfacet
  facet normal -7.94205738659655e-18 -0.9569403357322079 -0.29028467725446594
    outer loop
      vertex 1.6 148.86549696282262 165.16563225411292
      vertex 1.6 148.467156727579 166.47878402655564
      vertex 0 148.467156727579 166.47878402655564
    endloop
  endfacet
  facet normal 0 -0.8819212643483474 -0.47139673682601174
    outer loop
      vertex 0 147.8202872861178 167.6889916311372
      vertex 1.6 148.467156727579 166.47878402655564
      vertex 1.6 147.8202872861178 167.6889916311372
    endloop
  endfacet
  facet normal 2.390951733364219e-17 0.8819212643483557 0.47139673682599637
    outer loop
      vertex 93.6 18.179712713882182 21.911008368862785
      vertex 93.6 17.532843272420994 23.12121597344437
      vertex 95.2 17.532843272420994 23.12121597344437
    endloop
  endfacet
  facet normal 0 0.773010453362737 0.6343932841636456
    outer loop
      vertex 93.6 18.179712713882182 21.911008368862785
      vertex 95.2 18.179712713882182 21.911008368862785
      vertex 93.6 19.050252531694166 20.850252531694167
    endloop
  endfacet
  facet normal 0 0.773010453362737 0.6343932841636456
    outer loop
      vertex 93.6 19.050252531694166 20.850252531694167
      vertex 95.2 18.179712713882182 21.911008368862785
      vertex 95.2 19.050252531694166 20.850252531694167
    endloop
  endfacet
  facet normal 0 0.8819212643483557 0.47139673682599637
    outer loop
      vertex 93.6 18.179712713882182 21.911008368862785
      vertex 95.2 17.532843272420994 23.12121597344437
      vertex 95.2 18.179712713882182 21.911008368862785
    endloop
  endfacet
  facet normal 0 0.9569403357322089 0.2902846772544621
    outer loop
      vertex 93.6 17.13450303717739 24.4343677458871
      vertex 95.2 17.13450303717739 24.4343677458871
      vertex 93.6 17.532843272420994 23.12121597344437
    endloop
  endfacet
  facet normal 4.002794056994873e-18 0.9951847266721968 0.0980171403295619
    outer loop
      vertex 93.6 17.13450303717739 24.4343677458871
      vertex 93.6 17 25.8
      vertex 95.2 17 25.8
    endloop
  endfacet
  facet normal 0 0.9569403357322089 0.2902846772544621
    outer loop
      vertex 93.6 17.532843272420994 23.12121597344437
      vertex 95.2 17.13450303717739 24.4343677458871
      vertex 95.2 17.532843272420994 23.12121597344437
    endloop
  endfacet
  facet normal 0 0.9951847266721968 0.0980171403295619
    outer loop
      vertex 93.6 17.13450303717739 24.4343677458871
      vertex 95.2 17 25.8
      vertex 95.2 17.13450303717739 24.4343677458871
    endloop
  endfacet
  facet normal 0 0.47139673682599637 0.8819212643483557
    outer loop
      vertex 93.6 20.111008368862784 19.979712713882183
      vertex 95.2 20.111008368862784 19.979712713882183
      vertex 93.6 21.32121597344437 19.332843272420995
    endloop
  endfacet
  facet normal 0 0.47139673682599637 0.8819212643483557
    outer loop
      vertex 93.6 21.32121597344437 19.332843272420995
      vertex 95.2 20.111008368862784 19.979712713882183
      vertex 95.2 21.32121597344437 19.332843272420995
    endloop
  endfacet
  facet normal 2.231319308965236e-18 0.6343932841636456 0.773010453362737
    outer loop
      vertex 93.6 20.111008368862784 19.979712713882183
      vertex 93.6 19.050252531694166 20.850252531694167
      vertex 95.2 19.050252531694166 20.850252531694167
    endloop
  endfacet
  facet normal 0 0.6343932841636456 0.773010453362737
    outer loop
      vertex 93.6 20.111008368862784 19.979712713882183
      vertex 95.2 19.050252531694166 20.850252531694167
      vertex 95.2 20.111008368862784 19.979712713882183
    endloop
  endfacet
  facet normal 0 0.2902846772544637 0.9569403357322085
    outer loop
      vertex 93.6 21.32121597344437 19.332843272420995
      vertex 95.2 21.32121597344437 19.332843272420995
      vertex 93.6 22.634367745887104 18.934503037177386
    endloop
  endfacet
  facet normal 0 0.09801714032955955 0.995184726672197
    outer loop
      vertex 93.6 22.634367745887104 18.934503037177386
      vertex 95.2 22.634367745887104 18.934503037177386
      vertex 93.6 24 18.8
    endloop
  endfacet
  facet normal -2.011144594706321e-17 0.2902846772544637 0.9569403357322085
    outer loop
      vertex 95.2 21.32121597344437 19.332843272420995
      vertex 95.2 22.634367745887104 18.934503037177386
      vertex 93.6 22.634367745887104 18.934503037177386
    endloop
  endfacet
  facet normal 0 0.09801714032955955 0.995184726672197
    outer loop
      vertex 93.6 24 18.8
      vertex 95.2 22.634367745887104 18.934503037177386
      vertex 95.2 24 18.8
    endloop
  endfacet
  facet normal 0 0 1
    outer loop
      vertex 93.6 24 18.8
      vertex 95.2 24 18.8
      vertex 95.2 69.38461538461524 18.8
    endloop
  endfacet
  facet normal 0 1 0
    outer loop
      vertex 93.6 17 25.8
      vertex 95.2 17 163.8
      vertex 95.2 17 25.8
    endloop
  endfacet
  facet normal 0 0 1
    outer loop
      vertex 93.6 24 18.8
      vertex 95.2 69.38461538461524 18.8
      vertex 93.6 142 18.8
    endloop
  endfacet
  facet normal 0 1 0
    outer loop
      vertex 93.6 17 25.8
      vertex 93.6 17 163.8
      vertex 95.2 17 163.8
    endloop
  endfacet
  facet normal 4.203671342881293e-18 0.9951847266721968 -0.09801714032956112
    outer loop
      vertex 93.6 17 163.8
      vertex 93.6 17.13450303717739 165.16563225411292
      vertex 95.2 17.13450303717739 165.16563225411292
    endloop
  endfacet
  facet normal 0 0.9951847266721968 -0.09801714032956112
    outer loop
      vertex 93.6 17 163.8
      vertex 95.2 17.13450303717739 165.16563225411292
      vertex 95.2 17 163.8
    endloop
  endfacet
  facet normal 0 0.9569403357322085 -0.2902846772544635
    outer loop
      vertex 93.6 17.13450303717739 165.16563225411292
      vertex 95.2 17.532843272420994 166.47878402655564
      vertex 95.2 17.13450303717739 165.16563225411292
    endloop
  endfacet
  facet normal 6.887412730578973e-18 0.9569403357322085 -0.2902846772544635
    outer loop
      vertex 93.6 17.13450303717739 165.16563225411292
      vertex 93.6 17.532843272420994 166.47878402655564
      vertex 95.2 17.532843272420994 166.47878402655564
    endloop
  endfacet
  facet normal 1.418546702911316e-18 0.8819212643483528 -0.4713967368260017
    outer loop
      vertex 93.6 17.532843272420994 166.47878402655564
      vertex 93.6 18.179712713882182 167.6889916311372
      vertex 95.2 18.179712713882182 167.6889916311372
    endloop
  endfacet
  facet normal -2.1848393838029993e-18 0.7730104533627441 -0.6343932841636366
    outer loop
      vertex 93.6 18.179712713882182 167.6889916311372
      vertex 93.6 19.050252531694166 168.74974746830586
      vertex 95.2 19.050252531694166 168.74974746830586
    endloop
  endfacet
  facet normal 0 0.8819212643483528 -0.4713967368260017
    outer loop
      vertex 93.6 17.532843272420994 166.47878402655564
      vertex 95.2 18.179712713882182 167.6889916311372
      vertex 95.2 17.532843272420994 166.47878402655564
    endloop
  endfacet
  facet normal 0 0.7730104533627441 -0.6343932841636366
    outer loop
      vertex 93.6 18.179712713882182 167.6889916311372
      vertex 95.2 19.050252531694166 168.74974746830586
      vertex 95.2 18.179712713882182 167.6889916311372
    endloop
  endfacet
  facet normal 1.7524508371638355e-17 0.6343932841636347 -0.7730104533627459
    outer loop
      vertex 93.6 19.050252531694166 168.74974746830586
      vertex 93.6 20.111008368862784 169.62028728611782
      vertex 95.2 20.111008368862784 169.62028728611782
    endloop
  endfacet
  facet normal 8.109836730837025e-18 0.4713967368260064 -0.8819212643483504
    outer loop
      vertex 93.6 20.111008368862784 169.62028728611782
      vertex 93.6 21.32121597344437 170.26715672757902
      vertex 95.2 21.32121597344437 170.26715672757902
    endloop
  endfacet
  facet normal 0 0.6343932841636347 -0.7730104533627459
    outer loop
      vertex 93.6 19.050252531694166 168.74974746830586
      vertex 95.2 20.111008368862784 169.62028728611782
      vertex 95.2 19.050252531694166 168.74974746830586
    endloop
  endfacet
  facet normal 0 0.4713967368260064 -0.8819212643483504
    outer loop
      vertex 93.6 20.111008368862784 169.62028728611782
      vertex 95.2 21.32121597344437 170.26715672757902
      vertex 95.2 20.111008368862784 169.62028728611782
    endloop
  endfacet
  facet normal 2.011144594706321e-17 0.2902846772544637 -0.9569403357322085
    outer loop
      vertex 93.6 21.32121597344437 170.26715672757902
      vertex 93.6 22.634367745887104 170.66549696282263
      vertex 95.2 22.634367745887104 170.66549696282263
    endloop
  endfacet
  facet normal -1.7051401073008559e-18 0.09801714032955698 -0.9951847266721972
    outer loop
      vertex 93.6 22.634367745887104 170.66549696282263
      vertex 93.6 24 170.8
      vertex 95.2 24 170.8
    endloop
  endfacet
  facet normal 0 0.2902846772544637 -0.9569403357322085
    outer loop
      vertex 93.6 21.32121597344437 170.26715672757902
      vertex 95.2 22.634367745887104 170.66549696282263
      vertex 95.2 21.32121597344437 170.26715672757902
    endloop
  endfacet
  facet normal 0 0.09801714032955698 -0.9951847266721972
    outer loop
      vertex 93.6 22.634367745887104 170.66549696282263
      vertex 95.2 24 170.8
      vertex 95.2 22.634367745887104 170.66549696282263
    endloop
  endfacet
  facet normal 0 0 -1
    outer loop
      vertex 93.6 24 170.8
      vertex 95.2 142 170.8
      vertex 95.2 24 170.8
    endloop
  endfacet
  facet normal 0 0 1
    outer loop
      vertex 95.2 69.38461538461524 18.8
      vertex 95.2 142 18.8
      vertex 93.6 142 18.8
    endloop
  endfacet
  facet normal 0 -0.09801714032956059 0.9951847266721969
    outer loop
      vertex 93.6 142 18.8
      vertex 95.2 142 18.8
      vertex 93.6 143.36563225411288 18.934503037177386
    endloop
  endfacet
  facet normal 0 -0.29028467725446017 0.9569403357322096
    outer loop
      vertex 93.6 143.36563225411288 18.934503037177386
      vertex 95.2 143.36563225411288 18.934503037177386
      vertex 93.6 144.67878402655563 19.332843272420995
    endloop
  endfacet
  facet normal 0 -0.09801714032956059 0.9951847266721969
    outer loop
      vertex 93.6 143.36563225411288 18.934503037177386
      vertex 95.2 142 18.8
      vertex 95.2 143.36563225411288 18.934503037177386
    endloop
  endfacet
  facet normal 0 -0.29028467725446017 0.9569403357322096
    outer loop
      vertex 93.6 144.67878402655563 19.332843272420995
      vertex 95.2 143.36563225411288 18.934503037177386
      vertex 95.2 144.67878402655563 19.332843272420995
    endloop
  endfacet
  facet normal 0 -0.4713967368260017 0.8819212643483528
    outer loop
      vertex 93.6 144.67878402655563 19.332843272420995
      vertex 95.2 144.67878402655563 19.332843272420995
      vertex 93.6 145.8889916311372 19.979712713882183
    endloop
  endfacet
  facet normal 1.418546702911316e-18 -0.4713967368260017 0.8819212643483528
    outer loop
      vertex 95.2 144.67878402655563 19.332843272420995
      vertex 95.2 145.8889916311372 19.979712713882183
      vertex 93.6 145.8889916311372 19.979712713882183
    endloop
  endfacet
  facet normal 0 -0.6343932841636366 0.7730104533627441
    outer loop
      vertex 93.6 145.8889916311372 19.979712713882183
      vertex 95.2 145.8889916311372 19.979712713882183
      vertex 93.6 146.94974746830584 20.850252531694167
    endloop
  endfacet
  facet normal 0 -0.7730104533627459 0.6343932841636347
    outer loop
      vertex 93.6 146.94974746830584 20.850252531694167
      vertex 95.2 146.94974746830584 20.850252531694167
      vertex 93.6 147.8202872861178 21.911008368862785
    endloop
  endfacet
  facet normal 0 -0.6343932841636366 0.7730104533627441
    outer loop
      vertex 93.6 146.94974746830584 20.850252531694167
      vertex 95.2 145.8889916311372 19.979712713882183
      vertex 95.2 146.94974746830584 20.850252531694167
    endloop
  endfacet
  facet normal 0 -0.8819212643483504 0.4713967368260064
    outer loop
      vertex 93.6 147.8202872861178 21.911008368862785
      vertex 95.2 147.8202872861178 21.911008368862785
      vertex 93.6 148.467156727579 23.12121597344437
    endloop
  endfacet
  facet normal 0 -0.7730104533627459 0.6343932841636347
    outer loop
      vertex 93.6 147.8202872861178 21.911008368862785
      vertex 95.2 146.94974746830584 20.850252531694167
      vertex 95.2 147.8202872861178 21.911008368862785
    endloop
  endfacet
  facet normal 8.109836730837025e-18 -0.8819212643483504 0.4713967368260064
    outer loop
      vertex 95.2 147.8202872861178 21.911008368862785
      vertex 95.2 148.467156727579 23.12121597344437
      vertex 93.6 148.467156727579 23.12121597344437
    endloop
  endfacet
  facet normal 0 -0.9569403357322084 0.2902846772544645
    outer loop
      vertex 93.6 148.467156727579 23.12121597344437
      vertex 95.2 148.467156727579 23.12121597344437
      vertex 93.6 148.86549696282262 24.4343677458871
    endloop
  endfacet
  facet normal 0 -0.9951847266721972 0.09801714032955675
    outer loop
      vertex 93.6 148.86549696282262 24.4343677458871
      vertex 95.2 148.86549696282262 24.4343677458871
      vertex 93.6 149 25.8
    endloop
  endfacet
  facet normal 0 -0.9569403357322084 0.2902846772544645
    outer loop
      vertex 93.6 148.86549696282262 24.4343677458871
      vertex 95.2 148.467156727579 23.12121597344437
      vertex 95.2 148.86549696282262 24.4343677458871
    endloop
  endfacet
  facet normal 0 -0.9951847266721972 0.09801714032955675
    outer loop
      vertex 93.6 149 25.8
      vertex 95.2 148.86549696282262 24.4343677458871
      vertex 95.2 149 25.8
    endloop
  endfacet
  facet normal 0 -1 0
    outer loop
      vertex 93.6 149 25.8
      vertex 95.2 149 25.8
      vertex 93.6 149 163.8
    endloop
  endfacet
  facet normal 0 0 -1
    outer loop
      vertex 93.6 24 170.8
      vertex 93.6 142 170.8
      vertex 95.2 142 170.8
    endloop
  endfacet
  facet normal 0 -1 0
    outer loop
      vertex 95.2 149 25.8
      vertex 95.2 149 163.8
      vertex 93.6 149 163.8
    endloop
  endfacet
  facet normal 5.547883346891797e-21 -0.09801714032955801 -0.9951847266721972
    outer loop
      vertex 93.6 142 170.8
      vertex 93.6 143.36563225411288 170.66549696282263
      vertex 95.2 143.36563225411288 170.66549696282263
    endloop
  endfacet
  facet normal -6.6829706400822614e-18 -0.29028467725446017 -0.9569403357322096
    outer loop
      vertex 93.6 143.36563225411288 170.66549696282263
      vertex 93.6 144.67878402655563 170.26715672757902
      vertex 95.2 144.67878402655563 170.26715672757902
    endloop
  endfacet
  facet normal 0 -0.09801714032955801 -0.9951847266721972
    outer loop
      vertex 93.6 142 170.8
      vertex 95.2 143.36563225411288 170.66549696282263
      vertex 95.2 142 170.8
    endloop
  endfacet
  facet normal 0 -0.29028467725446017 -0.9569403357322096
    outer loop
      vertex 93.6 143.36563225411288 170.66549696282263
      vertex 95.2 144.67878402655563 170.26715672757902
      vertex 95.2 143.36563225411288 170.66549696282263
    endloop
  endfacet
  facet normal 0 -0.9569403357322077 -0.2902846772544659
    outer loop
      vertex 93.6 148.86549696282262 165.16563225411292
      vertex 95.2 148.86549696282262 165.16563225411292
      vertex 93.6 148.467156727579 166.47878402655564
    endloop
  endfacet
  facet normal 0 -0.9951847266721975 -0.098017140329556
    outer loop
      vertex 93.6 149 163.8
      vertex 95.2 149 163.8
      vertex 93.6 148.86549696282262 165.16563225411292
    endloop
  endfacet
  facet normal 0 -0.9951847266721975 -0.098017140329556
    outer loop
      vertex 93.6 148.86549696282262 165.16563225411292
      vertex 95.2 149 163.8
      vertex 95.2 148.86549696282262 165.16563225411292
    endloop
  endfacet
  facet normal 0 -0.7730104533627531 -0.6343932841636257
    outer loop
      vertex 93.6 146.94974746830584 168.74974746830586
      vertex 95.2 147.8202872861178 167.6889916311372
      vertex 95.2 146.94974746830584 168.74974746830586
    endloop
  endfacet
  facet normal 1.712828359439162e-17 -0.4713967368260118 -0.8819212643483475
    outer loop
      vertex 93.6 144.67878402655563 170.26715672757902
      vertex 93.6 145.8889916311372 169.62028728611782
      vertex 95.2 145.8889916311372 169.62028728611782
    endloop
  endfacet
  facet normal -1.7570988296518627e-17 -0.6343932841636257 -0.7730104533627531
    outer loop
      vertex 93.6 145.8889916311372 169.62028728611782
      vertex 93.6 146.94974746830584 168.74974746830586
      vertex 95.2 146.94974746830584 168.74974746830586
    endloop
  endfacet
  facet normal 0 -0.4713967368260118 -0.8819212643483475
    outer loop
      vertex 93.6 144.67878402655563 170.26715672757902
      vertex 95.2 145.8889916311372 169.62028728611782
      vertex 95.2 144.67878402655563 170.26715672757902
    endloop
  endfacet
  facet normal 0 -0.6343932841636257 -0.7730104533627531
    outer loop
      vertex 93.6 145.8889916311372 169.62028728611782
      vertex 95.2 146.94974746830584 168.74974746830586
      vertex 95.2 145.8889916311372 169.62028728611782
    endloop
  endfacet
  facet normal 0 -0.8819212643483475 -0.4713967368260118
    outer loop
      vertex 93.6 148.467156727579 166.47878402655564
      vertex 95.2 148.467156727579 166.47878402655564
      vertex 93.6 147.8202872861178 167.6889916311372
    endloop
  endfacet
  facet normal -1.7570988296518627e-17 -0.7730104533627531 -0.6343932841636257
    outer loop
      vertex 93.6 146.94974746830584 168.74974746830586
      vertex 93.6 147.8202872861178 167.6889916311372
      vertex 95.2 147.8202872861178 167.6889916311372
    endloop
  endfacet
  facet normal -7.942057386596506e-18 -0.9569403357322077 -0.2902846772544659
    outer loop
      vertex 95.2 148.86549696282262 165.16563225411292
      vertex 95.2 148.467156727579 166.47878402655564
      vertex 93.6 148.467156727579 166.47878402655564
    endloop
  endfacet
  facet normal 0 -0.8819212643483475 -0.4713967368260118
    outer loop
      vertex 93.6 147.8202872861178 167.6889916311372
      vertex 95.2 148.467156727579 166.47878402655564
      vertex 95.2 147.8202872861178 167.6889916311372
    endloop
  endfacet
  facet normal 0.8819212643483546 0.47139673682599864 -4.52635424932011e-18
    outer loop
      vertex 6.980602337443566 19.08658283817455 4.8
      vertex 7.442651938487273 18.22214883490199 4.8
      vertex 7.442651938487273 18.22214883490199 0
    endloop
  endfacet
  facet normal 0.7730104533627374 0.6343932841636448 -7.749181059777772e-19
    outer loop
      vertex 8.064466094067262 17.464466094067262 0
      vertex 7.442651938487273 18.22214883490199 0
      vertex 7.442651938487273 18.22214883490199 4.8
    endloop
  endfacet
  facet normal 0.6343932841636468 0.773010453362736 0
    outer loop
      vertex 8.064466094067262 17.464466094067262 0
      vertex 8.064466094067262 17.464466094067262 4.8
      vertex 8.822148834901988 16.842651938487272 0
    endloop
  endfacet
  facet normal 0.7730104533627374 0.6343932841636448 0
    outer loop
      vertex 8.064466094067262 17.464466094067262 0
      vertex 7.442651938487273 18.22214883490199 4.8
      vertex 8.064466094067262 17.464466094067262 4.8
    endloop
  endfacet
  facet normal 0.6343932841636468 0.773010453362736 0
    outer loop
      vertex 8.822148834901988 16.842651938487272 0
      vertex 8.064466094067262 17.464466094067262 4.8
      vertex 8.822148834901988 16.842651938487272 4.8
    endloop
  endfacet
  facet normal 0.4713967368259957 0.8819212643483562 0
    outer loop
      vertex 8.822148834901988 16.842651938487272 0
      vertex 8.822148834901988 16.842651938487272 4.8
      vertex 9.686582838174552 16.380602337443566 0
    endloop
  endfacet
  facet normal 0.2902846772544641 0.9569403357322083 5.330051151414649e-18
    outer loop
      vertex 10.624548389919358 16.096073597983846 0
      vertex 9.686582838174552 16.380602337443566 0
      vertex 9.686582838174552 16.380602337443566 4.8
    endloop
  endfacet
  facet normal 0.4713967368259957 0.8819212643483562 -3.456044323455932e-18
    outer loop
      vertex 8.822148834901988 16.842651938487272 4.8
      vertex 9.686582838174552 16.380602337443566 4.8
      vertex 9.686582838174552 16.380602337443566 0
    endloop
  endfacet
  facet normal 0.2902846772544641 0.9569403357322083 0
    outer loop
      vertex 10.624548389919358 16.096073597983846 0
      vertex 9.686582838174552 16.380602337443566 4.8
      vertex 10.624548389919358 16.096073597983846 4.8
    endloop
  endfacet
  facet normal 0.09801714032955888 0.995184726672197 0
    outer loop
      vertex 11.6 16 0
      vertex 10.624548389919358 16.096073597983846 4.8
      vertex 11.6 16 4.8
    endloop
  endfacet
  facet normal 0.09801714032955888 0.995184726672197 0
    outer loop
      vertex 10.624548389919358 16.096073597983846 0
      vertex 10.624548389919358 16.096073597983846 4.8
      vertex 11.6 16 0
    endloop
  endfacet
  facet normal 0.9951847266721968 0.09801714032956084 0
    outer loop
      vertex 6.6 21 0
      vertex 6.6 21 4.8
      vertex 6.6960735979838475 20.02454838991936 0
    endloop
  endfacet
  facet normal 0.956940335732209 0.29028467725446144 3.029977990443837e-18
    outer loop
      vertex 6.980602337443566 19.08658283817455 0
      vertex 6.6960735979838475 20.02454838991936 0
      vertex 6.6960735979838475 20.02454838991936 4.8
    endloop
  endfacet
  facet normal 0.8819212643483546 0.47139673682599864 0
    outer loop
      vertex 6.980602337443566 19.08658283817455 0
      vertex 6.980602337443566 19.08658283817455 4.8
      vertex 7.442651938487273 18.22214883490199 0
    endloop
  endfacet
  facet normal 0.9951847266721968 0.09801714032956084 0
    outer loop
      vertex 6.6960735979838475 20.02454838991936 0
      vertex 6.6 21 4.8
      vertex 6.6960735979838475 20.02454838991936 4.8
    endloop
  endfacet
  facet normal 0.956940335732209 0.29028467725446144 0
    outer loop
      vertex 6.980602337443566 19.08658283817455 0
      vertex 6.6960735979838475 20.02454838991936 4.8
      vertex 6.980602337443566 19.08658283817455 4.8
    endloop
  endfacet
  facet normal 0 1 0
    outer loop
      vertex 11.6 16 0
      vertex 11.6 16 4.8
      vertex 31.1 16 0
    endloop
  endfacet
  facet normal 1 0 0
    outer loop
      vertex 6.6 21 0
      vertex 6.6 145 4.8
      vertex 6.6 21 4.8
    endloop
  endfacet
  facet normal 0 1 0
    outer loop
      vertex 11.6 16 4.8
      vertex 31.1 16 4.8
      vertex 31.1 16 0
    endloop
  endfacet
  facet normal -0.09801714032955905 0.995184726672197 0
    outer loop
      vertex 31.1 16 0
      vertex 31.1 16 4.8
      vertex 32.07545161008064 16.096073597983846 0
    endloop
  endfacet
  facet normal -0.2902846772544631 0.9569403357322086 0
    outer loop
      vertex 32.07545161008064 16.096073597983846 0
      vertex 32.07545161008064 16.096073597983846 4.8
      vertex 33.01341716182545 16.380602337443566 0
    endloop
  endfacet
  facet normal -0.09801714032955905 0.995184726672197 7.783277978629641e-20
    outer loop
      vertex 31.1 16 4.8
      vertex 32.07545161008064 16.096073597983846 4.8
      vertex 32.07545161008064 16.096073597983846 0
    endloop
  endfacet
  facet normal -0.2902846772544631 0.9569403357322086 -2.854203881104513e-18
    outer loop
      vertex 32.07545161008064 16.096073597983846 4.8
      vertex 33.01341716182545 16.380602337443566 4.8
      vertex 33.01341716182545 16.380602337443566 0
    endloop
  endfacet
  facet normal -0.4713967368259987 0.8819212643483545 0
    outer loop
      vertex 33.01341716182545 16.380602337443566 0
      vertex 33.01341716182545 16.380602337443566 4.8
      vertex 33.87785116509801 16.842651938487272 0
    endloop
  endfacet
  facet normal -0.6343932841636443 0.7730104533627381 0
    outer loop
      vertex 33.87785116509801 16.842651938487272 0
      vertex 33.87785116509801 16.842651938487272 4.8
      vertex 34.63553390593274 17.464466094067262 0
    endloop
  endfacet
  facet normal -0.4713967368259987 0.8819212643483545 0
    outer loop
      vertex 33.87785116509801 16.842651938487272 0
      vertex 33.01341716182545 16.380602337443566 4.8
      vertex 33.87785116509801 16.842651938487272 4.8
    endloop
  endfacet
  facet normal -0.7730104533627365 0.6343932841636459 0
    outer loop
      vertex 34.63553390593274 17.464466094067262 0
      vertex 34.63553390593274 17.464466094067262 4.8
      vertex 35.25734806151273 18.22214883490199 0
    endloop
  endfacet
  facet normal -0.8819212643483567 0.4713967368259943 0
    outer loop
      vertex 35.25734806151273 18.22214883490199 0
      vertex 35.25734806151273 18.22214883490199 4.8
      vertex 35.71939766255643 19.08658283817455 0
    endloop
  endfacet
  facet normal -0.6343932841636443 0.7730104533627381 1.269920002622919e-18
    outer loop
      vertex 33.87785116509801 16.842651938487272 4.8
      vertex 34.63553390593274 17.464466094067262 4.8
      vertex 34.63553390593274 17.464466094067262 0
    endloop
  endfacet
  facet normal -0.7730104533627365 0.6343932841636459 0
    outer loop
      vertex 35.25734806151273 18.22214883490199 0
      vertex 34.63553390593274 17.464466094067262 4.8
      vertex 35.25734806151273 18.22214883490199 4.8
    endloop
  endfacet
  facet normal -0.8819212643483567 0.4713967368259943 4.695497800317054e-18
    outer loop
      vertex 35.25734806151273 18.22214883490199 4.8
      vertex 35.71939766255643 19.08658283817455 4.8
      vertex 35.71939766255643 19.08658283817455 0
    endloop
  endfacet
  facet normal -0.9569403357322076 0.29028467725446644 0
    outer loop
      vertex 35.71939766255643 19.08658283817455 0
      vertex 35.71939766255643 19.08658283817455 4.8
      vertex 36.003926402016155 20.02454838991936 0
    endloop
  endfacet
  facet normal -0.995184726672197 0.09801714032955905 0
    outer loop
      vertex 36.003926402016155 20.02454838991936 0
      vertex 36.003926402016155 20.02454838991936 4.8
      vertex 36.1 21 0
    endloop
  endfacet
  facet normal -0.9569403357322076 0.29028467725446644 0
    outer loop
      vertex 36.003926402016155 20.02454838991936 0
      vertex 35.71939766255643 19.08658283817455 4.8
      vertex 36.003926402016155 20.02454838991936 4.8
    endloop
  endfacet
  facet normal -0.995184726672197 0.09801714032955905 0
    outer loop
      vertex 36.1 21 0
      vertex 36.003926402016155 20.02454838991936 4.8
      vertex 36.1 21 4.8
    endloop
  endfacet
  facet normal -1 0 0
    outer loop
      vertex 36.1 21 0
      vertex 36.1 21 4.8
      vertex 36.1 145 0
    endloop
  endfacet
  facet normal 1 0 0
    outer loop
      vertex 6.6 21 0
      vertex 6.6 145 0
      vertex 6.6 145 4.8
    endloop
  endfacet
  facet normal 0.9951847266721969 -0.09801714032955942 7.774129825077922e-19
    outer loop
      vertex 6.6 145 0
      vertex 6.6960735979838475 145.97545161008065 0
      vertex 6.6960735979838475 145.97545161008065 4.8
    endloop
  endfacet
  facet normal 0.9569403357322068 -0.29028467725446955 7.607965491839173e-19
    outer loop
      vertex 6.6960735979838475 145.97545161008065 0
      vertex 6.980602337443566 146.91341716182544 0
      vertex 6.980602337443566 146.91341716182544 4.8
    endloop
  endfacet
  facet normal 0.9951847266721969 -0.09801714032955942 0
    outer loop
      vertex 6.6 145 0
      vertex 6.6960735979838475 145.97545161008065 4.8
      vertex 6.6 145 4.8
    endloop
  endfacet
  facet normal 0.9569403357322068 -0.29028467725446955 0
    outer loop
      vertex 6.6960735979838475 145.97545161008065 0
      vertex 6.980602337443566 146.91341716182544 4.8
      vertex 6.6960735979838475 145.97545161008065 4.8
    endloop
  endfacet
  facet normal 0.8819212643483585 -0.4713967368259911 0
    outer loop
      vertex 6.980602337443566 146.91341716182544 0
      vertex 7.442651938487273 147.777851165098 4.8
      vertex 6.980602337443566 146.91341716182544 4.8
    endloop
  endfacet
  facet normal 0.8819212643483585 -0.4713967368259911 2.8258241520273803e-18
    outer loop
      vertex 6.980602337443566 146.91341716182544 0
      vertex 7.442651938487273 147.777851165098 0
      vertex 7.442651938487273 147.777851165098 4.8
    endloop
  endfacet
  facet normal 0.7730104533627361 -0.6343932841636466 3.180618317238756e-18
    outer loop
      vertex 7.442651938487273 147.777851165098 0
      vertex 8.064466094067262 148.53553390593274 0
      vertex 8.064466094067262 148.53553390593274 4.8
    endloop
  endfacet
  facet normal 0.6343932841636425 -0.7730104533627393 5.074438238944968e-18
    outer loop
      vertex 8.064466094067262 148.53553390593274 0
      vertex 8.822148834901988 149.15734806151272 0
      vertex 8.822148834901988 149.15734806151272 4.8
    endloop
  endfacet
  facet normal 0.7730104533627361 -0.6343932841636466 0
    outer loop
      vertex 7.442651938487273 147.777851165098 0
      vertex 8.064466094067262 148.53553390593274 4.8
      vertex 7.442651938487273 147.777851165098 4.8
    endloop
  endfacet
  facet normal 0.6343932841636425 -0.7730104533627393 0
    outer loop
      vertex 8.064466094067262 148.53553390593274 0
      vertex 8.822148834901988 149.15734806151272 4.8
      vertex 8.064466094067262 148.53553390593274 4.8
    endloop
  endfacet
  facet normal 0.4713967368259928 -0.8819212643483577 -3.641187595651302e-19
    outer loop
      vertex 8.822148834901988 149.15734806151272 0
      vertex 9.686582838174552 149.61939766255642 0
      vertex 9.686582838174552 149.61939766255642 4.8
    endloop
  endfacet
  facet normal 0.29028467725446083 -0.9569403357322093 -5.681599370090618e-18
    outer loop
      vertex 9.686582838174552 149.61939766255642 0
      vertex 10.624548389919358 149.90392640201614 0
      vertex 10.624548389919358 149.90392640201614 4.8
    endloop
  endfacet
  facet normal 0.4713967368259928 -0.8819212643483577 0
    outer loop
      vertex 8.822148834901988 149.15734806151272 0
      vertex 9.686582838174552 149.61939766255642 4.8
      vertex 8.822148834901988 149.15734806151272 4.8
    endloop
  endfacet
  facet normal 0.29028467725446083 -0.9569403357322093 0
    outer loop
      vertex 9.686582838174552 149.61939766255642 0
      vertex 10.624548389919358 149.90392640201614 4.8
      vertex 9.686582838174552 149.61939766255642 4.8
    endloop
  endfacet
  facet normal 0.09801714032957323 -0.9951847266721956 5.4939820412435135e-19
    outer loop
      vertex 10.624548389919358 149.90392640201614 0
      vertex 11.6 150 0
      vertex 11.6 150 4.8
    endloop
  endfacet
  facet normal 0.09801714032957323 -0.9951847266721956 0
    outer loop
      vertex 10.624548389919358 149.90392640201614 0
      vertex 11.6 150 4.8
      vertex 10.624548389919358 149.90392640201614 4.8
    endloop
  endfacet
  facet normal 0 -1 0
    outer loop
      vertex 11.6 150 0
      vertex 31.1 150 4.8
      vertex 11.6 150 4.8
    endloop
  endfacet
  facet normal -1 0 0
    outer loop
      vertex 36.1 21 4.8
      vertex 36.1 145 4.8
      vertex 36.1 145 0
    endloop
  endfacet
  facet normal 0 -1 0
    outer loop
      vertex 11.6 150 0
      vertex 31.1 150 0
      vertex 31.1 150 4.8
    endloop
  endfacet
  facet normal -0.0980171403295734 -0.9951847266721955 3.2790140999775475e-19
    outer loop
      vertex 31.1 150 0
      vertex 32.07545161008064 149.90392640201614 0
      vertex 32.07545161008064 149.90392640201614 4.8
    endloop
  endfacet
  facet normal -0.29028467725445983 -0.9569403357322096 3.2057520997831606e-18
    outer loop
      vertex 32.07545161008064 149.90392640201614 0
      vertex 33.01341716182545 149.61939766255642 0
      vertex 33.01341716182545 149.61939766255642 4.8
    endloop
  endfacet
  facet normal -0.0980171403295734 -0.9951847266721955 0
    outer loop
      vertex 31.1 150 0
      vertex 32.07545161008064 149.90392640201614 4.8
      vertex 31.1 150 4.8
    endloop
  endfacet
  facet normal -0.29028467725445983 -0.9569403357322096 0
    outer loop
      vertex 32.07545161008064 149.90392640201614 0
      vertex 33.01341716182545 149.61939766255642 4.8
      vertex 32.07545161008064 149.90392640201614 4.8
    endloop
  endfacet
  facet normal -0.4713967368259958 -0.8819212643483559 2.043661990849826e-18
    outer loop
      vertex 33.01341716182545 149.61939766255642 0
      vertex 33.87785116509801 149.15734806151272 0
      vertex 33.87785116509801 149.15734806151272 4.8
    endloop
  endfacet
  facet normal -0.4713967368259958 -0.8819212643483559 0
    outer loop
      vertex 33.01341716182545 149.61939766255642 0
      vertex 33.87785116509801 149.15734806151272 4.8
      vertex 33.01341716182545 149.61939766255642 4.8
    endloop
  endfacet
  facet normal -0.6343932841636398 -0.7730104533627414 0
    outer loop
      vertex 33.87785116509801 149.15734806151272 0
      vertex 34.63553390593274 148.53553390593274 4.8
      vertex 33.87785116509801 149.15734806151272 4.8
    endloop
  endfacet
  facet normal -0.8819212643483608 -0.4713967368259868 -2.9949677030041976e-18
    outer loop
      vertex 35.25734806151273 147.777851165098 0
      vertex 35.71939766255643 146.91341716182544 0
      vertex 35.71939766255643 146.91341716182544 4.8
    endloop
  endfacet
  facet normal -0.6343932841636398 -0.7730104533627414 -1.4658879220474537e-18
    outer loop
      vertex 33.87785116509801 149.15734806151272 0
      vertex 34.63553390593274 148.53553390593274 0
      vertex 34.63553390593274 148.53553390593274 4.8
    endloop
  endfacet
  facet normal -0.7730104533627352 -0.6343932841636477 0
    outer loop
      vertex 35.25734806151273 147.777851165098 0
      vertex 35.25734806151273 147.777851165098 4.8
      vertex 34.63553390593274 148.53553390593274 0
    endloop
  endfacet
  facet normal -0.7730104533627352 -0.6343932841636477 5.717455925906824e-18
    outer loop
      vertex 35.25734806151273 147.777851165098 4.8
      vertex 34.63553390593274 148.53553390593274 4.8
      vertex 34.63553390593274 148.53553390593274 0
    endloop
  endfacet
  facet normal -0.8819212643483608 -0.4713967368259868 0
    outer loop
      vertex 35.25734806151273 147.777851165098 0
      vertex 35.71939766255643 146.91341716182544 4.8
      vertex 35.25734806151273 147.777851165098 4.8
    endloop
  endfacet
  facet normal -0.9951847266721972 -0.09801714032955762 0
    outer loop
      vertex 36.1 145 0
      vertex 36.1 145 4.8
      vertex 36.003926402016155 145.97545161008065 0
    endloop
  endfacet
  facet normal -0.9569403357322052 -0.29028467725447443 0
    outer loop
      vertex 36.003926402016155 145.97545161008065 0
      vertex 36.003926402016155 145.97545161008065 4.8
      vertex 35.71939766255643 146.91341716182544 0
    endloop
  endfacet
  facet normal -0.9951847266721972 -0.09801714032955762 -1.1968415171957094e-18
    outer loop
      vertex 36.1 145 4.8
      vertex 36.003926402016155 145.97545161008065 4.8
      vertex 36.003926402016155 145.97545161008065 0
    endloop
  endfacet
  facet normal -0.9569403357322052 -0.29028467725447443 0
    outer loop
      vertex 35.71939766255643 146.91341716182544 0
      vertex 36.003926402016155 145.97545161008065 4.8
      vertex 35.71939766255643 146.91341716182544 4.8
    endloop
  endfacet
  facet normal 0.9569403357322096 0.29028467725445983 3.2057520997831606e-18
    outer loop
      vertex 59.48060233744357 19.08658283817455 0
      vertex 59.196073597983855 20.02454838991936 0
      vertex 59.196073597983855 20.02454838991936 4.8
    endloop
  endfacet
  facet normal 0.995184726672197 0.09801714032955905 -7.783277978629641e-20
    outer loop
      vertex 59.196073597983855 20.02454838991936 0
      vertex 59.10000000000001 21 0
      vertex 59.10000000000001 21 4.8
    endloop
  endfacet
  facet normal 0.9569403357322096 0.29028467725445983 0
    outer loop
      vertex 59.48060233744357 19.08658283817455 0
      vertex 59.196073597983855 20.02454838991936 4.8
      vertex 59.48060233744357 19.08658283817455 4.8
    endloop
  endfacet
  facet normal 0.995184726672197 0.09801714032955905 0
    outer loop
      vertex 59.196073597983855 20.02454838991936 0
      vertex 59.10000000000001 21 4.8
      vertex 59.196073597983855 20.02454838991936 4.8
    endloop
  endfacet
  facet normal 0.7730104533627365 0.6343932841636459 0
    outer loop
      vertex 59.94265193848728 18.22214883490199 0
      vertex 59.94265193848728 18.22214883490199 4.8
      vertex 60.56446609406727 17.464466094067262 0
    endloop
  endfacet
  facet normal 0.6343932841636477 0.7730104533627352 0
    outer loop
      vertex 60.56446609406727 17.464466094067262 0
      vertex 60.56446609406727 17.464466094067262 4.8
      vertex 61.322148834901995 16.842651938487272 0
    endloop
  endfacet
  facet normal 0.8819212643483537 0.471396736826 -5.370476153047888e-19
    outer loop
      vertex 59.48060233744357 19.08658283817455 4.8
      vertex 59.94265193848728 18.22214883490199 4.8
      vertex 59.94265193848728 18.22214883490199 0
    endloop
  endfacet
  facet normal 0.7730104533627365 0.6343932841636459 0
    outer loop
      vertex 60.56446609406727 17.464466094067262 0
      vertex 59.94265193848728 18.22214883490199 4.8
      vertex 60.56446609406727 17.464466094067262 4.8
    endloop
  endfacet
  facet normal 0.4713967368259957 0.8819212643483562 0
    outer loop
      vertex 61.322148834901995 16.842651938487272 0
      vertex 61.322148834901995 16.842651938487272 4.8
      vertex 62.18658283817456 16.380602337443566 0
    endloop
  endfacet
  facet normal 0.6343932841636477 0.7730104533627352 5.717455925906824e-18
    outer loop
      vertex 60.56446609406727 17.464466094067262 4.8
      vertex 61.322148834901995 16.842651938487272 4.8
      vertex 61.322148834901995 16.842651938487272 0
    endloop
  endfacet
  facet normal 0.4713967368259957 0.8819212643483562 0
    outer loop
      vertex 62.18658283817456 16.380602337443566 0
      vertex 61.322148834901995 16.842651938487272 4.8
      vertex 62.18658283817456 16.380602337443566 4.8
    endloop
  endfacet
  facet normal 0.09801714032955905 0.995184726672197 -7.783277978629641e-20
    outer loop
      vertex 63.12454838991937 16.096073597983846 4.8
      vertex 64.10000000000001 16 4.8
      vertex 64.10000000000001 16 0
    endloop
  endfacet
  facet normal 0.2902846772544631 0.9569403357322086 0
    outer loop
      vertex 62.18658283817456 16.380602337443566 0
      vertex 62.18658283817456 16.380602337443566 4.8
      vertex 63.12454838991937 16.096073597983846 0
    endloop
  endfacet
  facet normal 0.09801714032955905 0.995184726672197 0
    outer loop
      vertex 63.12454838991937 16.096073597983846 0
      vertex 63.12454838991937 16.096073597983846 4.8
      vertex 64.10000000000001 16 0
    endloop
  endfacet
  facet normal 0.2902846772544631 0.9569403357322086 2.854203881104513e-18
    outer loop
      vertex 62.18658283817456 16.380602337443566 4.8
      vertex 63.12454838991937 16.096073597983846 4.8
      vertex 63.12454838991937 16.096073597983846 0
    endloop
  endfacet
  facet normal 0 1 0
    outer loop
      vertex 64.10000000000001 16 0
      vertex 64.10000000000001 16 4.8
      vertex 83.60000000000001 16 0
    endloop
  endfacet
  facet normal 0.8819212643483537 0.471396736826 0
    outer loop
      vertex 59.48060233744357 19.08658283817455 0
      vertex 59.48060233744357 19.08658283817455 4.8
      vertex 59.94265193848728 18.22214883490199 0
    endloop
  endfacet
  facet normal 1 0 0
    outer loop
      vertex 59.10000000000001 21 0
      vertex 59.10000000000001 145 4.8
      vertex 59.10000000000001 21 4.8
    endloop
  endfacet
  facet normal 0 1 0
    outer loop
      vertex 64.10000000000001 16 4.8
      vertex 83.60000000000001 16 4.8
      vertex 83.60000000000001 16 0
    endloop
  endfacet
  facet normal -0.09801714032955905 0.995184726672197 0
    outer loop
      vertex 83.60000000000001 16 0
      vertex 83.60000000000001 16 4.8
      vertex 84.57545161008065 16.096073597983846 0
    endloop
  endfacet
  facet normal -0.09801714032955905 0.995184726672197 0
    outer loop
      vertex 84.57545161008065 16.096073597983846 0
      vertex 83.60000000000001 16 4.8
      vertex 84.57545161008065 16.096073597983846 4.8
    endloop
  endfacet
  facet normal -0.2902846772544631 0.9569403357322086 0
    outer loop
      vertex 84.57545161008065 16.096073597983846 0
      vertex 84.57545161008065 16.096073597983846 4.8
      vertex 85.51341716182546 16.380602337443566 0
    endloop
  endfacet
  facet normal -0.4713967368259957 0.8819212643483562 0
    outer loop
      vertex 85.51341716182546 16.380602337443566 0
      vertex 85.51341716182546 16.380602337443566 4.8
      vertex 86.37785116509802 16.842651938487272 0
    endloop
  endfacet
  facet normal -0.2902846772544631 0.9569403357322086 -2.854203881104513e-18
    outer loop
      vertex 84.57545161008065 16.096073597983846 4.8
      vertex 85.51341716182546 16.380602337443566 4.8
      vertex 85.51341716182546 16.380602337443566 0
    endloop
  endfacet
  facet normal -0.4713967368259957 0.8819212643483562 3.456044323455932e-18
    outer loop
      vertex 85.51341716182546 16.380602337443566 4.8
      vertex 86.37785116509802 16.842651938487272 4.8
      vertex 86.37785116509802 16.842651938487272 0
    endloop
  endfacet
  facet normal -0.6343932841636477 0.7730104533627352 0
    outer loop
      vertex 86.37785116509802 16.842651938487272 0
      vertex 86.37785116509802 16.842651938487272 4.8
      vertex 87.13553390593275 17.464466094067262 0
    endloop
  endfacet
  facet normal -0.7730104533627331 0.6343932841636503 0
    outer loop
      vertex 87.13553390593275 17.464466094067262 0
      vertex 87.13553390593275 17.464466094067262 4.8
      vertex 87.75734806151274 18.22214883490199 0
    endloop
  endfacet
  facet normal -0.6343932841636477 0.7730104533627352 0
    outer loop
      vertex 87.13553390593275 17.464466094067262 0
      vertex 86.37785116509802 16.842651938487272 4.8
      vertex 87.13553390593275 17.464466094067262 4.8
    endloop
  endfacet
  facet normal -0.7730104533627331 0.6343932841636503 0
    outer loop
      vertex 87.75734806151274 18.22214883490199 0
      vertex 87.13553390593275 17.464466094067262 4.8
      vertex 87.75734806151274 18.22214883490199 4.8
    endloop
  endfacet
  facet normal -0.8819212643483567 0.4713967368259943 0
    outer loop
      vertex 87.75734806151274 18.22214883490199 0
      vertex 87.75734806151274 18.22214883490199 4.8
      vertex 88.21939766255645 19.08658283817455 0
    endloop
  endfacet
  facet normal -0.9569403357322096 0.29028467725445983 0
    outer loop
      vertex 88.21939766255645 19.08658283817455 0
      vertex 88.21939766255645 19.08658283817455 4.8
      vertex 88.50392640201616 20.02454838991936 0
    endloop
  endfacet
  facet normal -0.995184726672197 0.09801714032955905 0
    outer loop
      vertex 88.50392640201616 20.02454838991936 0
      vertex 88.50392640201616 20.02454838991936 4.8
      vertex 88.60000000000001 21 0
    endloop
  endfacet
  facet normal -0.8819212643483567 0.4713967368259943 4.695497800317054e-18
    outer loop
      vertex 87.75734806151274 18.22214883490199 4.8
      vertex 88.21939766255645 19.08658283817455 4.8
      vertex 88.21939766255645 19.08658283817455 0
    endloop
  endfacet
  facet normal -0.9569403357322096 0.29028467725445983 0
    outer loop
      vertex 88.50392640201616 20.02454838991936 0
      vertex 88.21939766255645 19.08658283817455 4.8
      vertex 88.50392640201616 20.02454838991936 4.8
    endloop
  endfacet
  facet normal -0.995184726672197 0.09801714032955905 0
    outer loop
      vertex 88.60000000000001 21 0
      vertex 88.50392640201616 20.02454838991936 4.8
      vertex 88.60000000000001 21 4.8
    endloop
  endfacet
  facet normal -1 0 0
    outer loop
      vertex 88.60000000000001 21 0
      vertex 88.60000000000001 21 4.8
      vertex 88.60000000000001 145 0
    endloop
  endfacet
  facet normal 1 0 0
    outer loop
      vertex 59.10000000000001 21 0
      vertex 59.10000000000001 145 0
      vertex 59.10000000000001 145 4.8
    endloop
  endfacet
  facet normal 0.9951847266721972 -0.09801714032955762 1.1968415171957094e-18
    outer loop
      vertex 59.10000000000001 145 0
      vertex 59.196073597983855 145.97545161008065 0
      vertex 59.196073597983855 145.97545161008065 4.8
    endloop
  endfacet
  facet normal 0.9569403357322072 -0.2902846772544678 5.850224398553214e-19
    outer loop
      vertex 59.196073597983855 145.97545161008065 0
      vertex 59.48060233744357 146.91341716182544 0
      vertex 59.48060233744357 146.91341716182544 4.8
    endloop
  endfacet
  facet normal 0.9951847266721972 -0.09801714032955762 0
    outer loop
      vertex 59.10000000000001 145 0
      vertex 59.196073597983855 145.97545161008065 4.8
      vertex 59.10000000000001 145 4.8
    endloop
  endfacet
  facet normal 0.9569403357322072 -0.2902846772544678 0
    outer loop
      vertex 59.196073597983855 145.97545161008065 0
      vertex 59.48060233744357 146.91341716182544 4.8
      vertex 59.196073597983855 145.97545161008065 4.8
    endloop
  endfacet
  facet normal 0.8819212643483577 -0.4713967368259924 0
    outer loop
      vertex 59.48060233744357 146.91341716182544 0
      vertex 59.94265193848728 147.777851165098 4.8
      vertex 59.48060233744357 146.91341716182544 4.8
    endloop
  endfacet
  facet normal 0.8819212643483577 -0.4713967368259924 -1.1634824819811686e-18
    outer loop
      vertex 59.48060233744357 146.91341716182544 0
      vertex 59.94265193848728 147.777851165098 0
      vertex 59.94265193848728 147.777851165098 4.8
    endloop
  endfacet
  facet normal 0.7730104533627352 -0.6343932841636477 -5.717455925906824e-18
    outer loop
      vertex 59.94265193848728 147.777851165098 0
      vertex 60.56446609406727 148.53553390593274 0
      vertex 60.56446609406727 148.53553390593274 4.8
    endloop
  endfacet
  facet normal 0.7730104533627352 -0.6343932841636477 0
    outer loop
      vertex 59.94265193848728 147.777851165098 0
      vertex 60.56446609406727 148.53553390593274 4.8
      vertex 59.94265193848728 147.777851165098 4.8
    endloop
  endfacet
  facet normal 0.6343932841636434 -0.7730104533627387 0
    outer loop
      vertex 60.56446609406727 148.53553390593274 0
      vertex 61.322148834901995 149.15734806151272 4.8
      vertex 60.56446609406727 148.53553390593274 4.8
    endloop
  endfacet
  facet normal 0.6343932841636434 -0.7730104533627387 -5.521488006471588e-18
    outer loop
      vertex 60.56446609406727 148.53553390593274 0
      vertex 61.322148834901995 149.15734806151272 0
      vertex 61.322148834901995 149.15734806151272 4.8
    endloop
  endfacet
  facet normal 0.4713967368259928 -0.8819212643483577 -3.641187595651302e-19
    outer loop
      vertex 61.322148834901995 149.15734806151272 0
      vertex 62.18658283817456 149.61939766255642 0
      vertex 62.18658283817456 149.61939766255642 4.8
    endloop
  endfacet
  facet normal 0.4713967368259928 -0.8819212643483577 0
    outer loop
      vertex 61.322148834901995 149.15734806151272 0
      vertex 62.18658283817456 149.61939766255642 4.8
      vertex 61.322148834901995 149.15734806151272 4.8
    endloop
  endfacet
  facet normal 0.29028467725445983 -0.9569403357322096 -3.2057520997831606e-18
    outer loop
      vertex 62.18658283817456 149.61939766255642 0
      vertex 63.12454838991937 149.90392640201614 0
      vertex 63.12454838991937 149.90392640201614 4.8
    endloop
  endfacet
  facet normal 0.0980171403295734 -0.9951847266721955 -3.2790140999775475e-19
    outer loop
      vertex 63.12454838991937 149.90392640201614 0
      vertex 64.10000000000001 150 0
      vertex 64.10000000000001 150 4.8
    endloop
  endfacet
  facet normal 0.29028467725445983 -0.9569403357322096 0
    outer loop
      vertex 62.18658283817456 149.61939766255642 0
      vertex 63.12454838991937 149.90392640201614 4.8
      vertex 62.18658283817456 149.61939766255642 4.8
    endloop
  endfacet
  facet normal 0.0980171403295734 -0.9951847266721955 0
    outer loop
      vertex 63.12454838991937 149.90392640201614 0
      vertex 64.10000000000001 150 4.8
      vertex 63.12454838991937 149.90392640201614 4.8
    endloop
  endfacet
  facet normal 0 -1 0
    outer loop
      vertex 64.10000000000001 150 0
      vertex 83.60000000000001 150 4.8
      vertex 64.10000000000001 150 4.8
    endloop
  endfacet
  facet normal -1 0 0
    outer loop
      vertex 88.60000000000001 21 4.8
      vertex 88.60000000000001 145 4.8
      vertex 88.60000000000001 145 0
    endloop
  endfacet
  facet normal 0 -1 0
    outer loop
      vertex 64.10000000000001 150 0
      vertex 83.60000000000001 150 0
      vertex 83.60000000000001 150 4.8
    endloop
  endfacet
  facet normal -0.0980171403295734 -0.9951847266721955 3.2790140999775475e-19
    outer loop
      vertex 83.60000000000001 150 0
      vertex 84.57545161008065 149.90392640201614 0
      vertex 84.57545161008065 149.90392640201614 4.8
    endloop
  endfacet
  facet normal -0.0980171403295734 -0.9951847266721955 0
    outer loop
      vertex 83.60000000000001 150 0
      vertex 84.57545161008065 149.90392640201614 4.8
      vertex 83.60000000000001 150 4.8
    endloop
  endfacet
  facet normal -0.29028467725445983 -0.9569403357322096 3.2057520997831606e-18
    outer loop
      vertex 84.57545161008065 149.90392640201614 0
      vertex 85.51341716182546 149.61939766255642 0
      vertex 85.51341716182546 149.61939766255642 4.8
    endloop
  endfacet
  facet normal -0.4713967368259928 -0.8819212643483577 3.641187595651302e-19
    outer loop
      vertex 85.51341716182546 149.61939766255642 0
      vertex 86.37785116509802 149.15734806151272 0
      vertex 86.37785116509802 149.15734806151272 4.8
    endloop
  endfacet
  facet normal -0.29028467725445983 -0.9569403357322096 0
    outer loop
      vertex 84.57545161008065 149.90392640201614 0
      vertex 85.51341716182546 149.61939766255642 4.8
      vertex 84.57545161008065 149.90392640201614 4.8
    endloop
  endfacet
  facet normal -0.4713967368259928 -0.8819212643483577 0
    outer loop
      vertex 85.51341716182546 149.61939766255642 0
      vertex 86.37785116509802 149.15734806151272 4.8
      vertex 85.51341716182546 149.61939766255642 4.8
    endloop
  endfacet
  facet normal -0.6343932841636434 -0.7730104533627387 5.521488006471588e-18
    outer loop
      vertex 86.37785116509802 149.15734806151272 0
      vertex 87.13553390593275 148.53553390593274 0
      vertex 87.13553390593275 148.53553390593274 4.8
    endloop
  endfacet
  facet normal -0.7730104533627317 -0.634393284163652 0
    outer loop
      vertex 87.75734806151274 147.777851165098 0
      vertex 87.75734806151274 147.777851165098 4.8
      vertex 87.13553390593275 148.53553390593274 0
    endloop
  endfacet
  facet normal -0.6343932841636434 -0.7730104533627387 0
    outer loop
      vertex 86.37785116509802 149.15734806151272 0
      vertex 87.13553390593275 148.53553390593274 4.8
      vertex 86.37785116509802 149.15734806151272 4.8
    endloop
  endfacet
  facet normal -0.7730104533627317 -0.634393284163652 -5.8853525057069044e-18
    outer loop
      vertex 87.75734806151274 147.777851165098 4.8
      vertex 87.13553390593275 148.53553390593274 4.8
      vertex 87.13553390593275 148.53553390593274 0
    endloop
  endfacet
  facet normal -0.8819212643483608 -0.4713967368259868 -2.9949677030041976e-18
    outer loop
      vertex 87.75734806151274 147.777851165098 0
      vertex 88.21939766255645 146.91341716182544 0
      vertex 88.21939766255645 146.91341716182544 4.8
    endloop
  endfacet
  facet normal -0.9569403357322072 -0.2902846772544678 0
    outer loop
      vertex 88.50392640201616 145.97545161008065 0
      vertex 88.50392640201616 145.97545161008065 4.8
      vertex 88.21939766255645 146.91341716182544 0
    endloop
  endfacet
  facet normal -0.9951847266721972 -0.09801714032955762 0
    outer loop
      vertex 88.60000000000001 145 0
      vertex 88.60000000000001 145 4.8
      vertex 88.50392640201616 145.97545161008065 0
    endloop
  endfacet
  facet normal -0.9569403357322072 -0.2902846772544678 0
    outer loop
      vertex 88.21939766255645 146.91341716182544 0
      vertex 88.50392640201616 145.97545161008065 4.8
      vertex 88.21939766255645 146.91341716182544 4.8
    endloop
  endfacet
  facet normal -0.9951847266721972 -0.09801714032955762 -1.1968415171957094e-18
    outer loop
      vertex 88.60000000000001 145 4.8
      vertex 88.50392640201616 145.97545161008065 4.8
      vertex 88.50392640201616 145.97545161008065 0
    endloop
  endfacet
  facet normal -0.8819212643483608 -0.4713967368259868 0
    outer loop
      vertex 87.75734806151274 147.777851165098 0
      vertex 88.21939766255645 146.91341716182544 4.8
      vertex 87.75734806151274 147.777851165098 4.8
    endloop
  endfacet
  facet normal 0 1 0
    outer loop
      vertex 0 15.8 0
      vertex 0 15.8 2.9000000000000004
      vertex 1.8 15.8 0
    endloop
  endfacet
  facet normal 0 1 0
    outer loop
      vertex 0 15.8 2.9000000000000004
      vertex 1.8 15.8 2.9000000000000004
      vertex 1.8 15.8 0
    endloop
  endfacet
  facet normal 0 0 -1
    outer loop
      vertex 0 15.8 2.9000000000000004
      vertex 1.8 38.2 2.9000000000000004
      vertex 1.8 15.8 2.9000000000000004
    endloop
  endfacet
  facet normal -1 0 0
    outer loop
      vertex 1.8 15.8 0
      vertex 1.8 15.8 2.9000000000000004
      vertex 1.8 38.2 0
    endloop
  endfacet
  facet normal 0 0 -1
    outer loop
      vertex 0 15.8 2.9000000000000004
      vertex 0 38.2 2.9000000000000004
      vertex 1.8 38.2 2.9000000000000004
    endloop
  endfacet
  facet normal -1 0 0
    outer loop
      vertex 1.8 15.8 2.9000000000000004
      vertex 1.8 38.2 2.9000000000000004
      vertex 1.8 38.2 0
    endloop
  endfacet
  facet normal 0 -1 0
    outer loop
      vertex 0 38.2 0
      vertex 1.8 38.2 2.9000000000000004
      vertex 0 38.2 2.9000000000000004
    endloop
  endfacet
  facet normal 0 -1 0
    outer loop
      vertex 0 38.2 0
      vertex 1.8 38.2 0
      vertex 1.8 38.2 2.9000000000000004
    endloop
  endfacet
  facet normal 1 0 0
    outer loop
      vertex 93.4 15.8 0
      vertex 93.4 16.8 0
      vertex 93.4 16.8 2.9000000000000004
    endloop
  endfacet
  facet normal 1 0 0
    outer loop
      vertex 93.4 15.8 0
      vertex 93.4 16.8 2.9000000000000004
      vertex 93.4 15.8 2.9000000000000004
    endloop
  endfacet
  facet normal 0 1 0
    outer loop
      vertex 93.4 15.8 0
      vertex 93.4 15.8 2.9000000000000004
      vertex 95.2 15.8 0
    endloop
  endfacet
  facet normal 0 1 0
    outer loop
      vertex 93.4 15.8 2.9000000000000004
      vertex 95.2 15.8 2.9000000000000004
      vertex 95.2 15.8 0
    endloop
  endfacet
  facet normal 0 0 -1
    outer loop
      vertex 93.4 15.8 2.9000000000000004
      vertex 93.4 16.8 2.9000000000000004
      vertex 95.2 16.8 2.9000000000000004
    endloop
  endfacet
  facet normal 0 0 -1
    outer loop
      vertex 93.4 15.8 2.9000000000000004
      vertex 95.2 16.8 2.9000000000000004
      vertex 95.2 15.8 2.9000000000000004
    endloop
  endfacet
  facet normal 1 0 0
    outer loop
      vertex 93.4 37.2 0
      vertex 93.4 38.2 0
      vertex 93.4 38.2 2.9000000000000004
    endloop
  endfacet
  facet normal 1 0 0
    outer loop
      vertex 93.4 37.2 0
      vertex 93.4 38.2 2.9000000000000004
      vertex 93.4 37.2 2.9000000000000004
    endloop
  endfacet
  facet normal 0 0 -1
    outer loop
      vertex 93.4 37.2 2.9000000000000004
      vertex 93.4 38.2 2.9000000000000004
      vertex 95.2 38.2 2.9000000000000004
    endloop
  endfacet
  facet normal 0 0 -1
    outer loop
      vertex 93.4 37.2 2.9000000000000004
      vertex 95.2 38.2 2.9000000000000004
      vertex 95.2 37.2 2.9000000000000004
    endloop
  endfacet
  facet normal 0 -1 0
    outer loop
      vertex 93.4 38.2 0
      vertex 95.2 38.2 2.9000000000000004
      vertex 93.4 38.2 2.9000000000000004
    endloop
  endfacet
  facet normal 0 -1 0
    outer loop
      vertex 93.4 38.2 0
      vertex 95.2 38.2 0
      vertex 95.2 38.2 2.9000000000000004
    endloop
  endfacet
  facet normal 0 1 0
    outer loop
      vertex 0 124.8 0
      vertex 0 124.8 2.9000000000000004
      vertex 1.8 124.8 0
    endloop
  endfacet
  facet normal 0 1 0
    outer loop
      vertex 0 124.8 2.9000000000000004
      vertex 1.8 124.8 2.9000000000000004
      vertex 1.8 124.8 0
    endloop
  endfacet
  facet normal 0 0 -1
    outer loop
      vertex 0 124.8 2.9000000000000004
      vertex 1.8 147.2 2.9000000000000004
      vertex 1.8 124.8 2.9000000000000004
    endloop
  endfacet
  facet normal -1 0 0
    outer loop
      vertex 1.8 124.8 0
      vertex 1.8 124.8 2.9000000000000004
      vertex 1.8 147.2 0
    endloop
  endfacet
  facet normal 0 0 -1
    outer loop
      vertex 0 124.8 2.9000000000000004
      vertex 0 147.2 2.9000000000000004
      vertex 1.8 147.2 2.9000000000000004
    endloop
  endfacet
  facet normal -1 0 0
    outer loop
      vertex 1.8 124.8 2.9000000000000004
      vertex 1.8 147.2 2.9000000000000004
      vertex 1.8 147.2 0
    endloop
  endfacet
  facet normal 0 -1 0
    outer loop
      vertex 0 147.2 0
      vertex 1.8 147.2 2.9000000000000004
      vertex 0 147.2 2.9000000000000004
    endloop
  endfacet
  facet normal 0 -1 0
    outer loop
      vertex 0 147.2 0
      vertex 1.8 147.2 0
      vertex 1.8 147.2 2.9000000000000004
    endloop
  endfacet
  facet normal 1 0 0
    outer loop
      vertex 93.4 124.8 0
      vertex 93.4 125.8 0
      vertex 93.4 125.8 2.9000000000000004
    endloop
  endfacet
  facet normal 1 0 0
    outer loop
      vertex 93.4 124.8 0
      vertex 93.4 125.8 2.9000000000000004
      vertex 93.4 124.8 2.9000000000000004
    endloop
  endfacet
  facet normal 0 1 0
    outer loop
      vertex 93.4 124.8 0
      vertex 93.4 124.8 2.9000000000000004
      vertex 95.2 124.8 0
    endloop
  endfacet
  facet normal 0 1 0
    outer loop
      vertex 93.4 124.8 2.9000000000000004
      vertex 95.2 124.8 2.9000000000000004
      vertex 95.2 124.8 0
    endloop
  endfacet
  facet normal 0 0 -1
    outer loop
      vertex 93.4 124.8 2.9000000000000004
      vertex 93.4 125.8 2.9000000000000004
      vertex 95.2 125.8 2.9000000000000004
    endloop
  endfacet
  facet normal 0 0 -1
    outer loop
      vertex 93.4 124.8 2.9000000000000004
      vertex 95.2 125.8 2.9000000000000004
      vertex 95.2 124.8 2.9000000000000004
    endloop
  endfacet
  facet normal 1 0 0
    outer loop
      vertex 93.4 146.2 0
      vertex 93.4 147.2 0
      vertex 93.4 147.2 2.9000000000000004
    endloop
  endfacet
  facet normal 1 0 0
    outer loop
      vertex 93.4 146.2 0
      vertex 93.4 147.2 2.9000000000000004
      vertex 93.4 146.2 2.9000000000000004
    endloop
  endfacet
  facet normal 0 -1 0
    outer loop
      vertex 93.4 147.2 0
      vertex 95.2 147.2 2.9000000000000004
      vertex 93.4 147.2 2.9000000000000004
    endloop
  endfacet
  facet normal 0 -1 0
    outer loop
      vertex 93.4 147.2 0
      vertex 95.2 147.2 0
      vertex 95.2 147.2 2.9000000000000004
    endloop
  endfacet
  facet normal 0 0 -1
    outer loop
      vertex 93.4 146.2 2.9000000000000004
      vertex 93.4 147.2 2.9000000000000004
      vertex 95.2 147.2 2.9000000000000004
    endloop
  endfacet
  facet normal 0 0 -1
    outer loop
      vertex 93.4 146.2 2.9000000000000004
      vertex 95.2 147.2 2.9000000000000004
      vertex 95.2 146.2 2.9000000000000004
    endloop
  endfacet
  facet normal 0 1 0
    outer loop
      vertex 92 16.8 0
      vertex 93.4 16.8 2.9000000000000004
      vertex 93.4 16.8 0
    endloop
  endfacet
  facet normal 0 1 0
    outer loop
      vertex 92 16.8 0
      vertex 92 16.8 3.4000000000000004
      vertex 93.4 16.8 2.9000000000000004
    endloop
  endfacet
  facet normal 0 1 0
    outer loop
      vertex 92 16.8 3.4000000000000004
      vertex 95.2 16.8 3.4000000000000004
      vertex 93.4 16.8 2.9000000000000004
    endloop
  endfacet
  facet normal 0 1 0
    outer loop
      vertex 93.4 16.8 2.9000000000000004
      vertex 95.2 16.8 3.4000000000000004
      vertex 95.2 16.8 2.9000000000000004
    endloop
  endfacet
  facet normal 1 0 0
    outer loop
      vertex 92 16.8 0
      vertex 92 37.2 3.4000000000000004
      vertex 92 16.8 3.4000000000000004
    endloop
  endfacet
  facet normal 0 0 -1
    outer loop
      vertex 92 16.8 3.4000000000000004
      vertex 92.22882207939516 26.707364516975808 3.4000000000000004
      vertex 92.31418070123307 26.425974851452366 3.4000000000000004
    endloop
  endfacet
  facet normal 0 0 -1
    outer loop
      vertex 92 16.8 3.4000000000000004
      vertex 92.2 27 3.4000000000000004
      vertex 92.22882207939516 26.707364516975808 3.4000000000000004
    endloop
  endfacet
  facet normal 0 0 -1
    outer loop
      vertex 92 16.8 3.4000000000000004
      vertex 92 37.2 3.4000000000000004
      vertex 92.2 27 3.4000000000000004
    endloop
  endfacet
  facet normal 0 0 -1
    outer loop
      vertex 92 16.8 3.4000000000000004
      vertex 92.63933982822019 25.939339828220177 3.4000000000000004
      vertex 92.8666446504706 25.75279558154618 3.4000000000000004
    endloop
  endfacet
  facet normal 0 0 -1
    outer loop
      vertex 92 16.8 3.4000000000000004
      vertex 92.8666446504706 25.75279558154618 3.4000000000000004
      vertex 93.12597485145237 25.61418070123307 3.4000000000000004
    endloop
  endfacet
  facet normal 0 0 -1
    outer loop
      vertex 92 16.8 3.4000000000000004
      vertex 93.12597485145237 25.61418070123307 3.4000000000000004
      vertex 93.4073645169758 25.528822079395155 3.4000000000000004
    endloop
  endfacet
  facet normal 0 0 -1
    outer loop
      vertex 92 16.8 3.4000000000000004
      vertex 92.31418070123307 26.425974851452366 3.4000000000000004
      vertex 92.45279558154618 26.166644650470598 3.4000000000000004
    endloop
  endfacet
  facet normal 0 0 -1
    outer loop
      vertex 92 16.8 3.4000000000000004
      vertex 92.45279558154618 26.166644650470598 3.4000000000000004
      vertex 92.63933982822019 25.939339828220177 3.4000000000000004
    endloop
  endfacet
  facet normal 0 0 -1
    outer loop
      vertex 92 16.8 3.4000000000000004
      vertex 93.4073645169758 25.528822079395155 3.4000000000000004
      vertex 93.7 25.5 3.4000000000000004
    endloop
  endfacet
  facet normal 0 0 -1
    outer loop
      vertex 92 16.8 3.4000000000000004
      vertex 93.7 25.5 3.4000000000000004
      vertex 93.9926354830242 25.528822079395155 3.4000000000000004
    endloop
  endfacet
  facet normal 0 0 -1
    outer loop
      vertex 92 16.8 3.4000000000000004
      vertex 93.9926354830242 25.528822079395155 3.4000000000000004
      vertex 95.2 16.8 3.4000000000000004
    endloop
  endfacet
  facet normal 0 0 -1
    outer loop
      vertex 95.2 16.8 3.4000000000000004
      vertex 93.9926354830242 25.528822079395155 3.4000000000000004
      vertex 94.27402514854764 25.61418070123307 3.4000000000000004
    endloop
  endfacet
  facet normal 0 0 -1
    outer loop
      vertex 95.2 16.8 3.4000000000000004
      vertex 94.27402514854764 25.61418070123307 3.4000000000000004
      vertex 94.5333553495294 25.75279558154618 3.4000000000000004
    endloop
  endfacet
  facet normal 0 0 -1
    outer loop
      vertex 95.2 16.8 3.4000000000000004
      vertex 94.5333553495294 25.75279558154618 3.4000000000000004
      vertex 94.76066017177982 25.939339828220177 3.4000000000000004
    endloop
  endfacet
  facet normal 0 0 -1
    outer loop
      vertex 95.2 16.8 3.4000000000000004
      vertex 94.76066017177982 25.939339828220177 3.4000000000000004
      vertex 94.94720441845382 26.166644650470598 3.4000000000000004
    endloop
  endfacet
  facet normal 0 0 -1
    outer loop
      vertex 95.2 16.8 3.4000000000000004
      vertex 94.94720441845382 26.166644650470598 3.4000000000000004
      vertex 95.08581929876694 26.425974851452366 3.4000000000000004
    endloop
  endfacet
  facet normal 0 0 -1
    outer loop
      vertex 95.2 16.8 3.4000000000000004
      vertex 95.08581929876694 26.425974851452366 3.4000000000000004
      vertex 95.17117792060485 26.707364516975808 3.4000000000000004
    endloop
  endfacet
  facet normal 0 0 -1
    outer loop
      vertex 95.2 16.8 3.4000000000000004
      vertex 95.17117792060485 26.707364516975808 3.4000000000000004
      vertex 95.2 27 3.4000000000000004
    endloop
  endfacet
  facet normal 1 0 0
    outer loop
      vertex 92 16.8 0
      vertex 92 37.2 0
      vertex 92 37.2 3.4000000000000004
    endloop
  endfacet
  facet normal 0 0 -1
    outer loop
      vertex 92.2 27 3.4000000000000004
      vertex 92 37.2 3.4000000000000004
      vertex 92.22882207939516 27.292635483024192 3.4000000000000004
    endloop
  endfacet
  facet normal 0 0 -1
    outer loop
      vertex 92.22882207939516 27.292635483024192 3.4000000000000004
      vertex 92 37.2 3.4000000000000004
      vertex 92.31418070123307 27.574025148547634 3.4000000000000004
    endloop
  endfacet
  facet normal 0 0 -1
    outer loop
      vertex 92.31418070123307 27.574025148547634 3.4000000000000004
      vertex 92 37.2 3.4000000000000004
      vertex 92.45279558154618 27.833355349529402 3.4000000000000004
    endloop
  endfacet
  facet normal 0 0 -1
    outer loop
      vertex 92.45279558154618 27.833355349529402 3.4000000000000004
      vertex 92 37.2 3.4000000000000004
      vertex 92.63933982822019 28.060660171779823 3.4000000000000004
    endloop
  endfacet
  facet normal 0 0 -1
    outer loop
      vertex 92.63933982822019 28.060660171779823 3.4000000000000004
      vertex 92 37.2 3.4000000000000004
      vertex 92.8666446504706 28.24720441845382 3.4000000000000004
    endloop
  endfacet
  facet normal 0 0 -1
    outer loop
      vertex 92.8666446504706 28.24720441845382 3.4000000000000004
      vertex 92 37.2 3.4000000000000004
      vertex 93.12597485145237 28.38581929876693 3.4000000000000004
    endloop
  endfacet
  facet normal 0 0 -1
    outer loop
      vertex 93.12597485145237 28.38581929876693 3.4000000000000004
      vertex 92 37.2 3.4000000000000004
      vertex 93.4073645169758 28.471177920604845 3.4000000000000004
    endloop
  endfacet
  facet normal 0 0 -1
    outer loop
      vertex 93.4073645169758 28.471177920604845 3.4000000000000004
      vertex 92 37.2 3.4000000000000004
      vertex 93.7 28.5 3.4000000000000004
    endloop
  endfacet
  facet normal 0 0 -1
    outer loop
      vertex 93.7 28.5 3.4000000000000004
      vertex 92 37.2 3.4000000000000004
      vertex 93.9926354830242 28.471177920604845 3.4000000000000004
    endloop
  endfacet
  facet normal 0 0 -1
    outer loop
      vertex 94.76066017177982 28.060660171779823 3.4000000000000004
      vertex 95.2 37.2 3.4000000000000004
      vertex 94.94720441845382 27.833355349529402 3.4000000000000004
    endloop
  endfacet
  facet normal 0 0 -1
    outer loop
      vertex 95.2 27 3.4000000000000004
      vertex 95.17117792060485 27.292635483024192 3.4000000000000004
      vertex 95.2 37.2 3.4000000000000004
    endloop
  endfacet
  facet normal 0 0 -1
    outer loop
      vertex 95.17117792060485 27.292635483024192 3.4000000000000004
      vertex 95.08581929876694 27.574025148547634 3.4000000000000004
      vertex 95.2 37.2 3.4000000000000004
    endloop
  endfacet
  facet normal 0 0 -1
    outer loop
      vertex 94.94720441845382 27.833355349529402 3.4000000000000004
      vertex 95.2 37.2 3.4000000000000004
      vertex 95.08581929876694 27.574025148547634 3.4000000000000004
    endloop
  endfacet
  facet normal 0 0 -1
    outer loop
      vertex 93.9926354830242 28.471177920604845 3.4000000000000004
      vertex 95.2 37.2 3.4000000000000004
      vertex 94.27402514854764 28.38581929876693 3.4000000000000004
    endloop
  endfacet
  facet normal 0 0 -1
    outer loop
      vertex 94.27402514854764 28.38581929876693 3.4000000000000004
      vertex 95.2 37.2 3.4000000000000004
      vertex 94.5333553495294 28.24720441845382 3.4000000000000004
    endloop
  endfacet
  facet normal 0 0 -1
    outer loop
      vertex 94.76066017177982 28.060660171779823 3.4000000000000004
      vertex 94.5333553495294 28.24720441845382 3.4000000000000004
      vertex 95.2 37.2 3.4000000000000004
    endloop
  endfacet
  facet normal 0 0 -1
    outer loop
      vertex 93.9926354830242 28.471177920604845 3.4000000000000004
      vertex 92 37.2 3.4000000000000004
      vertex 95.2 37.2 3.4000000000000004
    endloop
  endfacet
  facet normal 0 -1 0
    outer loop
      vertex 92 37.2 0
      vertex 93.4 37.2 0
      vertex 93.4 37.2 2.9000000000000004
    endloop
  endfacet
  facet normal 0 -1 0
    outer loop
      vertex 92 37.2 0
      vertex 93.4 37.2 2.9000000000000004
      vertex 92 37.2 3.4000000000000004
    endloop
  endfacet
  facet normal 0 -1 0
    outer loop
      vertex 92 37.2 3.4000000000000004
      vertex 93.4 37.2 2.9000000000000004
      vertex 95.2 37.2 3.4000000000000004
    endloop
  endfacet
  facet normal 0 -1 0
    outer loop
      vertex 93.4 37.2 2.9000000000000004
      vertex 95.2 37.2 2.9000000000000004
      vertex 95.2 37.2 3.4000000000000004
    endloop
  endfacet
  facet normal 0.5874952228786062 0.3140227389465105 -0.7458143753772438
    outer loop
      vertex 92.45279558154618 26.166644650470598 3.4000000000000004
      vertex 92.31418070123307 26.425974851452366 3.4000000000000004
      vertex 92.93779938567819 26.6842861682988 4
    endloop
  endfacet
  facet normal 0.6374694641680198 0.19337424785631105 -0.7458143753772407
    outer loop
      vertex 92.31418070123307 26.425974851452366 3.4000000000000004
      vertex 92.22882207939516 26.707364516975808 3.4000000000000004
      vertex 92.89085214366733 26.839050484336695 4
    endloop
  endfacet
  facet normal 0.6629461114464401 0.06529449286653707 -0.7458143753772424
    outer loop
      vertex 92.2 27 3.4000000000000004
      vertex 92.875 27 4
      vertex 92.22882207939516 26.707364516975808 3.4000000000000004
    endloop
  endfacet
  facet normal 0.5149438696450883 0.42260351228497267 -0.745814375377243
    outer loop
      vertex 92.45279558154618 26.166644650470598 3.4000000000000004
      vertex 93.0140375698504 26.54165455775883 4
      vertex 92.63933982822019 25.939339828220177 3.4000000000000004
    endloop
  endfacet
  facet normal 0.4226035122849664 0.5149438696450922 -0.7458143753772438
    outer loop
      vertex 92.63933982822019 25.939339828220177 3.4000000000000004
      vertex 93.1166369055211 26.4166369055211 4
      vertex 92.8666446504706 25.75279558154618 3.4000000000000004
    endloop
  endfacet
  facet normal 0.5149438696450822 0.4226035122849777 -0.7458143753772444
    outer loop
      vertex 92.63933982822019 25.939339828220177 3.4000000000000004
      vertex 93.0140375698504 26.54165455775883 4
      vertex 93.1166369055211 26.4166369055211 4
    endloop
  endfacet
  facet normal 0.6374694641680076 0.1933742478563344 -0.745814375377245
    outer loop
      vertex 92.31418070123307 26.425974851452366 3.4000000000000004
      vertex 92.89085214366733 26.839050484336695 4
      vertex 92.93779938567819 26.6842861682988 4
    endloop
  endfacet
  facet normal 0.6629461114464449 0.06529449286652045 -0.7458143753772394
    outer loop
      vertex 92.22882207939516 26.707364516975808 3.4000000000000004
      vertex 92.875 27 4
      vertex 92.89085214366733 26.839050484336695 4
    endloop
  endfacet
  facet normal 0.5874952228786073 0.31402273894650945 -0.7458143753772435
    outer loop
      vertex 92.45279558154618 26.166644650470598 3.4000000000000004
      vertex 92.93779938567819 26.6842861682988 4
      vertex 93.0140375698504 26.54165455775883 4
    endloop
  endfacet
  facet normal 0 0 -1
    outer loop
      vertex 92.93779938567819 26.6842861682988 4
      vertex 92.93779938567819 27.3157138317012 4
      vertex 93.0140375698504 26.54165455775883 4
    endloop
  endfacet
  facet normal 0 0 -1
    outer loop
      vertex 92.93779938567819 26.6842861682988 4
      vertex 92.89085214366733 26.839050484336695 4
      vertex 92.89085214366733 27.160949515663305 4
    endloop
  endfacet
  facet normal 0.3140227389465078 0.5874952228786081 -0.7458143753772435
    outer loop
      vertex 92.8666446504706 25.75279558154618 3.4000000000000004
      vertex 93.24165455775884 26.3140375698504 4
      vertex 93.12597485145237 25.61418070123307 3.4000000000000004
    endloop
  endfacet
  facet normal 0.4226035122849699 0.5149438696450903 -0.7458143753772434
    outer loop
      vertex 92.8666446504706 25.75279558154618 3.4000000000000004
      vertex 93.1166369055211 26.4166369055211 4
      vertex 93.24165455775884 26.3140375698504 4
    endloop
  endfacet
  facet normal 0.19337424785632243 0.6374694641680146 -0.7458143753772423
    outer loop
      vertex 93.4073645169758 25.528822079395155 3.4000000000000004
      vertex 93.12597485145237 25.61418070123307 3.4000000000000004
      vertex 93.3842861682988 26.237799385678187 4
    endloop
  endfacet
  facet normal 0.3140227389465227 0.5874952228786033 -0.7458143753772409
    outer loop
      vertex 93.12597485145237 25.61418070123307 3.4000000000000004
      vertex 93.24165455775884 26.3140375698504 4
      vertex 93.3842861682988 26.237799385678187 4
    endloop
  endfacet
  facet normal 0 0 -1
    outer loop
      vertex 93.1166369055211 26.4166369055211 4
      vertex 93.0140375698504 26.54165455775883 4
      vertex 93.0140375698504 27.45834544224117 4
    endloop
  endfacet
  facet normal 0 0 -1
    outer loop
      vertex 93.1166369055211 26.4166369055211 4
      vertex 93.1166369055211 27.5833630944789 4
      vertex 93.24165455775884 26.3140375698504 4
    endloop
  endfacet
  facet normal 0 0 -1
    outer loop
      vertex 93.24165455775884 26.3140375698504 4
      vertex 93.24165455775884 27.6859624301496 4
      vertex 93.3842861682988 26.237799385678187 4
    endloop
  endfacet
  facet normal 0.19337424785630347 0.6374694641680166 -0.7458143753772454
    outer loop
      vertex 93.4073645169758 25.528822079395155 3.4000000000000004
      vertex 93.3842861682988 26.237799385678187 4
      vertex 93.5390504843367 26.190852143667335 4
    endloop
  endfacet
  facet normal 0.06529449286653531 0.6629461114464383 -0.7458143753772439
    outer loop
      vertex 93.4073645169758 25.528822079395155 3.4000000000000004
      vertex 93.5390504843367 26.190852143667335 4
      vertex 93.7 25.5 3.4000000000000004
    endloop
  endfacet
  facet normal 0.06529449286653434 0.6629461114464381 -0.7458143753772442
    outer loop
      vertex 93.7 25.5 3.4000000000000004
      vertex 93.5390504843367 26.190852143667335 4
      vertex 93.7 26.175 4
    endloop
  endfacet
  facet normal 0 0 -1
    outer loop
      vertex 93.5390504843367 26.190852143667335 4
      vertex 93.3842861682988 26.237799385678187 4
      vertex 93.3842861682988 27.762200614321813 4
    endloop
  endfacet
  facet normal 0 0 -1
    outer loop
      vertex 93.5390504843367 26.190852143667335 4
      vertex 93.5390504843367 27.809147856332665 4
      vertex 93.7 26.175 4
    endloop
  endfacet
  facet normal 0.6629461114464401 -0.06529449286653707 -0.7458143753772424
    outer loop
      vertex 92.2 27 3.4000000000000004
      vertex 92.22882207939516 27.292635483024192 3.4000000000000004
      vertex 92.875 27 4
    endloop
  endfacet
  facet normal 0.6374694641680198 -0.19337424785631105 -0.7458143753772407
    outer loop
      vertex 92.22882207939516 27.292635483024192 3.4000000000000004
      vertex 92.31418070123307 27.574025148547634 3.4000000000000004
      vertex 92.89085214366733 27.160949515663305 4
    endloop
  endfacet
  facet normal 0.5874952228786062 -0.3140227389465105 -0.7458143753772438
    outer loop
      vertex 92.31418070123307 27.574025148547634 3.4000000000000004
      vertex 92.45279558154618 27.833355349529402 3.4000000000000004
      vertex 92.93779938567819 27.3157138317012 4
    endloop
  endfacet
  facet normal 0.6629461114464449 -0.06529449286652027 -0.7458143753772394
    outer loop
      vertex 92.22882207939516 27.292635483024192 3.4000000000000004
      vertex 92.89085214366733 27.160949515663305 4
      vertex 92.875 27 4
    endloop
  endfacet
  facet normal 0.6374694641680076 -0.19337424785633436 -0.7458143753772452
    outer loop
      vertex 92.31418070123307 27.574025148547634 3.4000000000000004
      vertex 92.93779938567819 27.3157138317012 4
      vertex 92.89085214366733 27.160949515663305 4
    endloop
  endfacet
  facet normal 0 0 -1
    outer loop
      vertex 92.89085214366733 26.839050484336695 4
      vertex 92.875 27 4
      vertex 92.89085214366733 27.160949515663305 4
    endloop
  endfacet
  facet normal 0 0 -1
    outer loop
      vertex 92.93779938567819 26.6842861682988 4
      vertex 92.89085214366733 27.160949515663305 4
      vertex 92.93779938567819 27.3157138317012 4
    endloop
  endfacet
  facet normal 0.5874952228786072 -0.3140227389465093 -0.7458143753772438
    outer loop
      vertex 92.45279558154618 27.833355349529402 3.4000000000000004
      vertex 93.0140375698504 27.45834544224117 4
      vertex 92.93779938567819 27.3157138317012 4
    endloop
  endfacet
  facet normal 0.5149438696450883 -0.42260351228497267 -0.745814375377243
    outer loop
      vertex 92.45279558154618 27.833355349529402 3.4000000000000004
      vertex 92.63933982822019 28.060660171779823 3.4000000000000004
      vertex 93.0140375698504 27.45834544224117 4
    endloop
  endfacet
  facet normal 0.4226035122849664 -0.5149438696450922 -0.7458143753772438
    outer loop
      vertex 92.63933982822019 28.060660171779823 3.4000000000000004
      vertex 92.8666446504706 28.24720441845382 3.4000000000000004
      vertex 93.1166369055211 27.5833630944789 4
    endloop
  endfacet
  facet normal 0.5149438696450822 -0.4226035122849778 -0.7458143753772444
    outer loop
      vertex 92.63933982822019 28.060660171779823 3.4000000000000004
      vertex 93.1166369055211 27.5833630944789 4
      vertex 93.0140375698504 27.45834544224117 4
    endloop
  endfacet
  facet normal 0 0 -1
    outer loop
      vertex 93.0140375698504 26.54165455775883 4
      vertex 92.93779938567819 27.3157138317012 4
      vertex 93.0140375698504 27.45834544224117 4
    endloop
  endfacet
  facet normal 0 0 -1
    outer loop
      vertex 93.1166369055211 26.4166369055211 4
      vertex 93.0140375698504 27.45834544224117 4
      vertex 93.1166369055211 27.5833630944789 4
    endloop
  endfacet
  facet normal 0 0 -1
    outer loop
      vertex 93.24165455775884 26.3140375698504 4
      vertex 93.1166369055211 27.5833630944789 4
      vertex 93.24165455775884 27.6859624301496 4
    endloop
  endfacet
  facet normal 0 0 -1
    outer loop
      vertex 93.3842861682988 26.237799385678187 4
      vertex 93.24165455775884 27.6859624301496 4
      vertex 93.3842861682988 27.762200614321813 4
    endloop
  endfacet
  facet normal 0.42260351228496984 -0.5149438696450904 -0.7458143753772434
    outer loop
      vertex 92.8666446504706 28.24720441845382 3.4000000000000004
      vertex 93.24165455775884 27.6859624301496 4
      vertex 93.1166369055211 27.5833630944789 4
    endloop
  endfacet
  facet normal 0.3140227389465078 -0.5874952228786081 -0.7458143753772435
    outer loop
      vertex 92.8666446504706 28.24720441845382 3.4000000000000004
      vertex 93.12597485145237 28.38581929876693 3.4000000000000004
      vertex 93.24165455775884 27.6859624301496 4
    endloop
  endfacet
  facet normal 0.3140227389465229 -0.5874952228786033 -0.7458143753772408
    outer loop
      vertex 93.24165455775884 27.6859624301496 4
      vertex 93.12597485145237 28.38581929876693 3.4000000000000004
      vertex 93.3842861682988 27.762200614321813 4
    endloop
  endfacet
  facet normal 0.19337424785632232 -0.6374694641680146 -0.7458143753772423
    outer loop
      vertex 93.3842861682988 27.762200614321813 4
      vertex 93.12597485145237 28.38581929876693 3.4000000000000004
      vertex 93.4073645169758 28.471177920604845 3.4000000000000004
    endloop
  endfacet
  facet normal 0 0 -1
    outer loop
      vertex 93.5390504843367 26.190852143667335 4
      vertex 93.3842861682988 27.762200614321813 4
      vertex 93.5390504843367 27.809147856332665 4
    endloop
  endfacet
  facet normal 0 0 -1
    outer loop
      vertex 93.7 26.175 4
      vertex 93.5390504843367 27.809147856332665 4
      vertex 93.7 27.825 4
    endloop
  endfacet
  facet normal 0.19337424785630342 -0.6374694641680166 -0.7458143753772454
    outer loop
      vertex 93.3842861682988 27.762200614321813 4
      vertex 93.4073645169758 28.471177920604845 3.4000000000000004
      vertex 93.5390504843367 27.809147856332665 4
    endloop
  endfacet
  facet normal 0.0652944928665354 -0.6629461114464382 -0.7458143753772439
    outer loop
      vertex 93.5390504843367 27.809147856332665 4
      vertex 93.4073645169758 28.471177920604845 3.4000000000000004
      vertex 93.7 28.5 3.4000000000000004
    endloop
  endfacet
  facet normal 0.06529449286653438 -0.6629461114464381 -0.7458143753772442
    outer loop
      vertex 93.5390504843367 27.809147856332665 4
      vertex 93.7 28.5 3.4000000000000004
      vertex 93.7 27.825 4
    endloop
  endfacet
  facet normal -0.0652944928665353 0.6629461114464381 -0.7458143753772442
    outer loop
      vertex 93.7 25.5 3.4000000000000004
      vertex 93.7 26.175 4
      vertex 93.9926354830242 25.528822079395155 3.4000000000000004
    endloop
  endfacet
  facet normal -0.0652944928665344 0.6629461114464383 -0.7458143753772439
    outer loop
      vertex 93.7 26.175 4
      vertex 93.86094951566331 26.190852143667335 4
      vertex 93.9926354830242 25.528822079395155 3.4000000000000004
    endloop
  endfacet
  facet normal -0.19337424785630328 0.6374694641680166 -0.7458143753772456
    outer loop
      vertex 93.9926354830242 25.528822079395155 3.4000000000000004
      vertex 93.86094951566331 26.190852143667335 4
      vertex 94.0157138317012 26.237799385678187 4
    endloop
  endfacet
  facet normal 0 0 -1
    outer loop
      vertex 93.7 26.175 4
      vertex 93.7 27.825 4
      vertex 93.86094951566331 26.190852143667335 4
    endloop
  endfacet
  facet normal 0 0 -1
    outer loop
      vertex 93.86094951566331 26.190852143667335 4
      vertex 93.86094951566331 27.809147856332665 4
      vertex 94.0157138317012 26.237799385678187 4
    endloop
  endfacet
  facet normal 0 0 -1
    outer loop
      vertex 94.0157138317012 26.237799385678187 4
      vertex 94.0157138317012 27.762200614321813 4
      vertex 94.15834544224117 26.3140375698504 4
    endloop
  endfacet
  facet normal -0.19337424785632243 0.6374694641680146 -0.7458143753772423
    outer loop
      vertex 93.9926354830242 25.528822079395155 3.4000000000000004
      vertex 94.0157138317012 26.237799385678187 4
      vertex 94.27402514854764 25.61418070123307 3.4000000000000004
    endloop
  endfacet
  facet normal -0.3140227389465229 0.5874952228786033 -0.7458143753772408
    outer loop
      vertex 94.0157138317012 26.237799385678187 4
      vertex 94.15834544224117 26.3140375698504 4
      vertex 94.27402514854764 25.61418070123307 3.4000000000000004
    endloop
  endfacet
  facet normal -0.3140227389465078 0.5874952228786081 -0.7458143753772436
    outer loop
      vertex 94.27402514854764 25.61418070123307 3.4000000000000004
      vertex 94.15834544224117 26.3140375698504 4
      vertex 94.5333553495294 25.75279558154618 3.4000000000000004
    endloop
  endfacet
  facet normal -0.4226035122849699 0.5149438696450904 -0.7458143753772434
    outer loop
      vertex 94.15834544224117 26.3140375698504 4
      vertex 94.2833630944789 26.4166369055211 4
      vertex 94.5333553495294 25.75279558154618 3.4000000000000004
    endloop
  endfacet
  facet normal 0 0 -1
    outer loop
      vertex 94.15834544224117 26.3140375698504 4
      vertex 94.15834544224117 27.6859624301496 4
      vertex 94.2833630944789 26.4166369055211 4
    endloop
  endfacet
  facet normal 0 0 -1
    outer loop
      vertex 94.2833630944789 26.4166369055211 4
      vertex 94.2833630944789 27.5833630944789 4
      vertex 94.3859624301496 26.54165455775883 4
    endloop
  endfacet
  facet normal 0 0 -1
    outer loop
      vertex 94.3859624301496 26.54165455775883 4
      vertex 94.3859624301496 27.45834544224117 4
      vertex 94.46220061432182 26.6842861682988 4
    endloop
  endfacet
  facet normal -0.4226035122849664 0.5149438696450922 -0.7458143753772438
    outer loop
      vertex 94.2833630944789 26.4166369055211 4
      vertex 94.76066017177982 25.939339828220177 3.4000000000000004
      vertex 94.5333553495294 25.75279558154618 3.4000000000000004
    endloop
  endfacet
  facet normal -0.5149438696450822 0.4226035122849778 -0.7458143753772444
    outer loop
      vertex 94.2833630944789 26.4166369055211 4
      vertex 94.3859624301496 26.54165455775883 4
      vertex 94.76066017177982 25.939339828220177 3.4000000000000004
    endloop
  endfacet
  facet normal -0.5149438696450883 0.42260351228497267 -0.745814375377243
    outer loop
      vertex 94.3859624301496 26.54165455775883 4
      vertex 94.94720441845382 26.166644650470598 3.4000000000000004
      vertex 94.76066017177982 25.939339828220177 3.4000000000000004
    endloop
  endfacet
  facet normal -0.5874952228786073 0.3140227389465093 -0.7458143753772437
    outer loop
      vertex 94.3859624301496 26.54165455775883 4
      vertex 94.46220061432182 26.6842861682988 4
      vertex 94.94720441845382 26.166644650470598 3.4000000000000004
    endloop
  endfacet
  facet normal 0 0 -1
    outer loop
      vertex 94.46220061432182 26.6842861682988 4
      vertex 94.46220061432182 27.3157138317012 4
      vertex 94.50914785633267 26.839050484336695 4
    endloop
  endfacet
  facet normal -0.6374694641680075 0.1933742478563344 -0.745814375377245
    outer loop
      vertex 94.46220061432182 26.6842861682988 4
      vertex 94.50914785633267 26.839050484336695 4
      vertex 95.08581929876694 26.425974851452366 3.4000000000000004
    endloop
  endfacet
  facet normal -0.6629461114464449 0.06529449286652042 -0.7458143753772395
    outer loop
      vertex 94.50914785633267 26.839050484336695 4
      vertex 94.525 27 4
      vertex 95.17117792060485 26.707364516975808 3.4000000000000004
    endloop
  endfacet
  facet normal -0.5874952228786062 0.31402273894651056 -0.7458143753772439
    outer loop
      vertex 94.46220061432182 26.6842861682988 4
      vertex 95.08581929876694 26.425974851452366 3.4000000000000004
      vertex 94.94720441845382 26.166644650470598 3.4000000000000004
    endloop
  endfacet
  facet normal -0.6374694641680199 0.19337424785631097 -0.7458143753772407
    outer loop
      vertex 94.50914785633267 26.839050484336695 4
      vertex 95.17117792060485 26.707364516975808 3.4000000000000004
      vertex 95.08581929876694 26.425974851452366 3.4000000000000004
    endloop
  endfacet
  facet normal -0.6629461114464401 0.06529449286653707 -0.7458143753772424
    outer loop
      vertex 95.17117792060485 26.707364516975808 3.4000000000000004
      vertex 94.525 27 4
      vertex 95.2 27 3.4000000000000004
    endloop
  endfacet
  facet normal 0 0 -1
    outer loop
      vertex 93.86094951566331 26.190852143667335 4
      vertex 93.7 27.825 4
      vertex 93.86094951566331 27.809147856332665 4
    endloop
  endfacet
  facet normal 0 0 -1
    outer loop
      vertex 94.0157138317012 26.237799385678187 4
      vertex 93.86094951566331 27.809147856332665 4
      vertex 94.0157138317012 27.762200614321813 4
    endloop
  endfacet
  facet normal -0.06529449286653438 -0.6629461114464381 -0.7458143753772442
    outer loop
      vertex 93.7 27.825 4
      vertex 93.7 28.5 3.4000000000000004
      vertex 93.86094951566331 27.809147856332665 4
    endloop
  endfacet
  facet normal -0.06529449286653531 -0.6629461114464383 -0.7458143753772439
    outer loop
      vertex 93.7 28.5 3.4000000000000004
      vertex 93.9926354830242 28.471177920604845 3.4000000000000004
      vertex 93.86094951566331 27.809147856332665 4
    endloop
  endfacet
  facet normal -0.19337424785630342 -0.6374694641680166 -0.7458143753772454
    outer loop
      vertex 93.86094951566331 27.809147856332665 4
      vertex 93.9926354830242 28.471177920604845 3.4000000000000004
      vertex 94.0157138317012 27.762200614321813 4
    endloop
  endfacet
  facet normal 0 0 -1
    outer loop
      vertex 94.15834544224117 26.3140375698504 4
      vertex 94.0157138317012 27.762200614321813 4
      vertex 94.15834544224117 27.6859624301496 4
    endloop
  endfacet
  facet normal 0 0 -1
    outer loop
      vertex 94.2833630944789 26.4166369055211 4
      vertex 94.15834544224117 27.6859624301496 4
      vertex 94.2833630944789 27.5833630944789 4
    endloop
  endfacet
  facet normal 0 0 -1
    outer loop
      vertex 94.3859624301496 26.54165455775883 4
      vertex 94.2833630944789 27.5833630944789 4
      vertex 94.3859624301496 27.45834544224117 4
    endloop
  endfacet
  facet normal 0 0 -1
    outer loop
      vertex 94.46220061432182 26.6842861682988 4
      vertex 94.3859624301496 27.45834544224117 4
      vertex 94.46220061432182 27.3157138317012 4
    endloop
  endfacet
  facet normal -0.3140227389465229 -0.5874952228786033 -0.7458143753772408
    outer loop
      vertex 94.0157138317012 27.762200614321813 4
      vertex 94.27402514854764 28.38581929876693 3.4000000000000004
      vertex 94.15834544224117 27.6859624301496 4
    endloop
  endfacet
  facet normal -0.19337424785632235 -0.6374694641680146 -0.7458143753772423
    outer loop
      vertex 94.0157138317012 27.762200614321813 4
      vertex 93.9926354830242 28.471177920604845 3.4000000000000004
      vertex 94.27402514854764 28.38581929876693 3.4000000000000004
    endloop
  endfacet
  facet normal -0.4226035122849699 -0.5149438696450904 -0.7458143753772434
    outer loop
      vertex 94.15834544224117 27.6859624301496 4
      vertex 94.5333553495294 28.24720441845382 3.4000000000000004
      vertex 94.2833630944789 27.5833630944789 4
    endloop
  endfacet
  facet normal -0.31402273894650784 -0.5874952228786081 -0.7458143753772435
    outer loop
      vertex 94.15834544224117 27.6859624301496 4
      vertex 94.27402514854764 28.38581929876693 3.4000000000000004
      vertex 94.5333553495294 28.24720441845382 3.4000000000000004
    endloop
  endfacet
  facet normal 0 0 -1
    outer loop
      vertex 94.50914785633267 26.839050484336695 4
      vertex 94.50914785633267 27.160949515663305 4
      vertex 94.525 27 4
    endloop
  endfacet
  facet normal 0 0 -1
    outer loop
      vertex 94.50914785633267 26.839050484336695 4
      vertex 94.46220061432182 27.3157138317012 4
      vertex 94.50914785633267 27.160949515663305 4
    endloop
  endfacet
  facet normal -0.5874952228786073 -0.3140227389465093 -0.7458143753772437
    outer loop
      vertex 94.3859624301496 27.45834544224117 4
      vertex 94.94720441845382 27.833355349529402 3.4000000000000004
      vertex 94.46220061432182 27.3157138317012 4
    endloop
  endfacet
  facet normal -0.6629461114464449 -0.06529449286652042 -0.7458143753772394
    outer loop
      vertex 94.525 27 4
      vertex 94.50914785633267 27.160949515663305 4
      vertex 95.17117792060485 27.292635483024192 3.4000000000000004
    endloop
  endfacet
  facet normal -0.6374694641680075 -0.1933742478563344 -0.745814375377245
    outer loop
      vertex 94.50914785633267 27.160949515663305 4
      vertex 94.46220061432182 27.3157138317012 4
      vertex 95.08581929876694 27.574025148547634 3.4000000000000004
    endloop
  endfacet
  facet normal -0.5149438696450822 -0.4226035122849778 -0.7458143753772444
    outer loop
      vertex 94.3859624301496 27.45834544224117 4
      vertex 94.2833630944789 27.5833630944789 4
      vertex 94.76066017177982 28.060660171779823 3.4000000000000004
    endloop
  endfacet
  facet normal -0.4226035122849665 -0.5149438696450922 -0.7458143753772438
    outer loop
      vertex 94.2833630944789 27.5833630944789 4
      vertex 94.5333553495294 28.24720441845382 3.4000000000000004
      vertex 94.76066017177982 28.060660171779823 3.4000000000000004
    endloop
  endfacet
  facet normal -0.5149438696450883 -0.4226035122849727 -0.7458143753772432
    outer loop
      vertex 94.3859624301496 27.45834544224117 4
      vertex 94.76066017177982 28.060660171779823 3.4000000000000004
      vertex 94.94720441845382 27.833355349529402 3.4000000000000004
    endloop
  endfacet
  facet normal -0.6629461114464401 -0.06529449286653709 -0.7458143753772424
    outer loop
      vertex 94.525 27 4
      vertex 95.17117792060485 27.292635483024192 3.4000000000000004
      vertex 95.2 27 3.4000000000000004
    endloop
  endfacet
  facet normal -0.5874952228786063 -0.3140227389465106 -0.7458143753772438
    outer loop
      vertex 94.46220061432182 27.3157138317012 4
      vertex 94.94720441845382 27.833355349529402 3.4000000000000004
      vertex 95.08581929876694 27.574025148547634 3.4000000000000004
    endloop
  endfacet
  facet normal -0.6374694641680199 -0.19337424785631102 -0.7458143753772407
    outer loop
      vertex 94.50914785633267 27.160949515663305 4
      vertex 95.08581929876694 27.574025148547634 3.4000000000000004
      vertex 95.17117792060485 27.292635483024192 3.4000000000000004
    endloop
  endfacet
  facet normal 0 1 0
    outer loop
      vertex 92 125.8 0
      vertex 93.4 125.8 2.9000000000000004
      vertex 93.4 125.8 0
    endloop
  endfacet
  facet normal 0 1 0
    outer loop
      vertex 92 125.8 0
      vertex 92 125.8 3.4000000000000004
      vertex 93.4 125.8 2.9000000000000004
    endloop
  endfacet
  facet normal 0 1 0
    outer loop
      vertex 92 125.8 3.4000000000000004
      vertex 95.2 125.8 3.4000000000000004
      vertex 93.4 125.8 2.9000000000000004
    endloop
  endfacet
  facet normal 0 1 0
    outer loop
      vertex 93.4 125.8 2.9000000000000004
      vertex 95.2 125.8 3.4000000000000004
      vertex 95.2 125.8 2.9000000000000004
    endloop
  endfacet
  facet normal 1 0 0
    outer loop
      vertex 92 125.8 0
      vertex 92 146.2 3.4000000000000004
      vertex 92 125.8 3.4000000000000004
    endloop
  endfacet
  facet normal 0 0 -1
    outer loop
      vertex 92 125.8 3.4000000000000004
      vertex 92.22882207939516 135.70736451697582 3.4000000000000004
      vertex 92.31418070123307 135.42597485145237 3.4000000000000004
    endloop
  endfacet
  facet normal 0 0 -1
    outer loop
      vertex 92 125.8 3.4000000000000004
      vertex 92.2 136 3.4000000000000004
      vertex 92.22882207939516 135.70736451697582 3.4000000000000004
    endloop
  endfacet
  facet normal 0 0 -1
    outer loop
      vertex 92 125.8 3.4000000000000004
      vertex 92 146.2 3.4000000000000004
      vertex 92.2 136 3.4000000000000004
    endloop
  endfacet
  facet normal 0 0 -1
    outer loop
      vertex 92 125.8 3.4000000000000004
      vertex 92.45279558154618 135.1666446504706 3.4000000000000004
      vertex 92.63933982822019 134.93933982822017 3.4000000000000004
    endloop
  endfacet
  facet normal 0 0 -1
    outer loop
      vertex 92 125.8 3.4000000000000004
      vertex 92.31418070123307 135.42597485145237 3.4000000000000004
      vertex 92.45279558154618 135.1666446504706 3.4000000000000004
    endloop
  endfacet
  facet normal 0 0 -1
    outer loop
      vertex 92 125.8 3.4000000000000004
      vertex 92.63933982822019 134.93933982822017 3.4000000000000004
      vertex 92.8666446504706 134.7527955815462 3.4000000000000004
    endloop
  endfacet
  facet normal 0 0 -1
    outer loop
      vertex 92 125.8 3.4000000000000004
      vertex 92.8666446504706 134.7527955815462 3.4000000000000004
      vertex 93.12597485145237 134.61418070123307 3.4000000000000004
    endloop
  endfacet
  facet normal 0 0 -1
    outer loop
      vertex 92 125.8 3.4000000000000004
      vertex 93.12597485145237 134.61418070123307 3.4000000000000004
      vertex 93.4073645169758 134.52882207939516 3.4000000000000004
    endloop
  endfacet
  facet normal 0 0 -1
    outer loop
      vertex 92 125.8 3.4000000000000004
      vertex 93.4073645169758 134.52882207939516 3.4000000000000004
      vertex 93.7 134.5 3.4000000000000004
    endloop
  endfacet
  facet normal 0 0 -1
    outer loop
      vertex 92 125.8 3.4000000000000004
      vertex 93.7 134.5 3.4000000000000004
      vertex 93.9926354830242 134.52882207939516 3.4000000000000004
    endloop
  endfacet
  facet normal 0 0 -1
    outer loop
      vertex 92 125.8 3.4000000000000004
      vertex 93.9926354830242 134.52882207939516 3.4000000000000004
      vertex 95.2 125.8 3.4000000000000004
    endloop
  endfacet
  facet normal 0 0 -1
    outer loop
      vertex 95.2 125.8 3.4000000000000004
      vertex 93.9926354830242 134.52882207939516 3.4000000000000004
      vertex 94.27402514854764 134.61418070123307 3.4000000000000004
    endloop
  endfacet
  facet normal 0 0 -1
    outer loop
      vertex 95.2 125.8 3.4000000000000004
      vertex 94.27402514854764 134.61418070123307 3.4000000000000004
      vertex 94.5333553495294 134.7527955815462 3.4000000000000004
    endloop
  endfacet
  facet normal 0 0 -1
    outer loop
      vertex 95.2 125.8 3.4000000000000004
      vertex 94.5333553495294 134.7527955815462 3.4000000000000004
      vertex 94.76066017177982 134.93933982822017 3.4000000000000004
    endloop
  endfacet
  facet normal 0 0 -1
    outer loop
      vertex 95.2 125.8 3.4000000000000004
      vertex 94.76066017177982 134.93933982822017 3.4000000000000004
      vertex 94.94720441845382 135.1666446504706 3.4000000000000004
    endloop
  endfacet
  facet normal 0 0 -1
    outer loop
      vertex 95.2 125.8 3.4000000000000004
      vertex 94.94720441845382 135.1666446504706 3.4000000000000004
      vertex 95.08581929876694 135.42597485145237 3.4000000000000004
    endloop
  endfacet
  facet normal 0 0 -1
    outer loop
      vertex 95.2 125.8 3.4000000000000004
      vertex 95.08581929876694 135.42597485145237 3.4000000000000004
      vertex 95.17117792060485 135.70736451697582 3.4000000000000004
    endloop
  endfacet
  facet normal 0 0 -1
    outer loop
      vertex 95.2 125.8 3.4000000000000004
      vertex 95.17117792060485 135.70736451697582 3.4000000000000004
      vertex 95.2 136 3.4000000000000004
    endloop
  endfacet
  facet normal 1 0 0
    outer loop
      vertex 92 125.8 0
      vertex 92 146.2 0
      vertex 92 146.2 3.4000000000000004
    endloop
  endfacet
  facet normal 0 0 -1
    outer loop
      vertex 92.2 136 3.4000000000000004
      vertex 92 146.2 3.4000000000000004
      vertex 92.22882207939516 136.29263548302418 3.4000000000000004
    endloop
  endfacet
  facet normal 0 0 -1
    outer loop
      vertex 92.22882207939516 136.29263548302418 3.4000000000000004
      vertex 92 146.2 3.4000000000000004
      vertex 92.31418070123307 136.57402514854763 3.4000000000000004
    endloop
  endfacet
  facet normal 0 0 -1
    outer loop
      vertex 92.31418070123307 136.57402514854763 3.4000000000000004
      vertex 92 146.2 3.4000000000000004
      vertex 92.45279558154618 136.8333553495294 3.4000000000000004
    endloop
  endfacet
  facet normal 0 0 -1
    outer loop
      vertex 92.45279558154618 136.8333553495294 3.4000000000000004
      vertex 92 146.2 3.4000000000000004
      vertex 92.63933982822019 137.06066017177983 3.4000000000000004
    endloop
  endfacet
  facet normal 0 0 -1
    outer loop
      vertex 92.63933982822019 137.06066017177983 3.4000000000000004
      vertex 92 146.2 3.4000000000000004
      vertex 92.8666446504706 137.2472044184538 3.4000000000000004
    endloop
  endfacet
  facet normal 0 0 -1
    outer loop
      vertex 92.8666446504706 137.2472044184538 3.4000000000000004
      vertex 92 146.2 3.4000000000000004
      vertex 93.12597485145237 137.38581929876693 3.4000000000000004
    endloop
  endfacet
  facet normal 0 0 -1
    outer loop
      vertex 93.12597485145237 137.38581929876693 3.4000000000000004
      vertex 92 146.2 3.4000000000000004
      vertex 93.4073645169758 137.47117792060484 3.4000000000000004
    endloop
  endfacet
  facet normal 0 0 -1
    outer loop
      vertex 93.4073645169758 137.47117792060484 3.4000000000000004
      vertex 92 146.2 3.4000000000000004
      vertex 93.7 137.5 3.4000000000000004
    endloop
  endfacet
  facet normal 0 0 -1
    outer loop
      vertex 93.7 137.5 3.4000000000000004
      vertex 92 146.2 3.4000000000000004
      vertex 93.9926354830242 137.47117792060484 3.4000000000000004
    endloop
  endfacet
  facet normal 0 0 -1
    outer loop
      vertex 93.9926354830242 137.47117792060484 3.4000000000000004
      vertex 95.2 146.2 3.4000000000000004
      vertex 94.27402514854764 137.38581929876693 3.4000000000000004
    endloop
  endfacet
  facet normal 0 0 -1
    outer loop
      vertex 94.27402514854764 137.38581929876693 3.4000000000000004
      vertex 95.2 146.2 3.4000000000000004
      vertex 94.5333553495294 137.2472044184538 3.4000000000000004
    endloop
  endfacet
  facet normal 0 0 -1
    outer loop
      vertex 95.2 136 3.4000000000000004
      vertex 95.17117792060485 136.29263548302418 3.4000000000000004
      vertex 95.2 146.2 3.4000000000000004
    endloop
  endfacet
  facet normal 0 0 -1
    outer loop
      vertex 95.17117792060485 136.29263548302418 3.4000000000000004
      vertex 95.08581929876694 136.57402514854763 3.4000000000000004
      vertex 95.2 146.2 3.4000000000000004
    endloop
  endfacet
  facet normal 0 0 -1
    outer loop
      vertex 94.76066017177982 137.06066017177983 3.4000000000000004
      vertex 94.5333553495294 137.2472044184538 3.4000000000000004
      vertex 95.2 146.2 3.4000000000000004
    endloop
  endfacet
  facet normal 0 0 -1
    outer loop
      vertex 94.76066017177982 137.06066017177983 3.4000000000000004
      vertex 95.2 146.2 3.4000000000000004
      vertex 94.94720441845382 136.8333553495294 3.4000000000000004
    endloop
  endfacet
  facet normal 0 0 -1
    outer loop
      vertex 94.94720441845382 136.8333553495294 3.4000000000000004
      vertex 95.2 146.2 3.4000000000000004
      vertex 95.08581929876694 136.57402514854763 3.4000000000000004
    endloop
  endfacet
  facet normal 0 0 -1
    outer loop
      vertex 93.9926354830242 137.47117792060484 3.4000000000000004
      vertex 92 146.2 3.4000000000000004
      vertex 95.2 146.2 3.4000000000000004
    endloop
  endfacet
  facet normal 0 -1 0
    outer loop
      vertex 92 146.2 0
      vertex 93.4 146.2 0
      vertex 93.4 146.2 2.9000000000000004
    endloop
  endfacet
  facet normal 0 -1 0
    outer loop
      vertex 92 146.2 0
      vertex 93.4 146.2 2.9000000000000004
      vertex 92 146.2 3.4000000000000004
    endloop
  endfacet
  facet normal 0 -1 0
    outer loop
      vertex 92 146.2 3.4000000000000004
      vertex 93.4 146.2 2.9000000000000004
      vertex 95.2 146.2 3.4000000000000004
    endloop
  endfacet
  facet normal 0 -1 0
    outer loop
      vertex 93.4 146.2 2.9000000000000004
      vertex 95.2 146.2 2.9000000000000004
      vertex 95.2 146.2 3.4000000000000004
    endloop
  endfacet
  facet normal 0.42260351228493603 0.514943869645114 -0.7458143753772463
    outer loop
      vertex 92.63933982822019 134.93933982822017 3.4000000000000004
      vertex 93.1166369055211 135.4166369055211 4
      vertex 92.8666446504706 134.7527955815462 3.4000000000000004
    endloop
  endfacet
  facet normal 0.637469464168022 0.19337424785630683 -0.7458143753772399
    outer loop
      vertex 92.31418070123307 135.42597485145237 3.4000000000000004
      vertex 92.22882207939516 135.70736451697582 3.4000000000000004
      vertex 92.89085214366733 135.8390504843367 4
    endloop
  endfacet
  facet normal 0.5874952228786054 0.3140227389465144 -0.7458143753772428
    outer loop
      vertex 92.31418070123307 135.42597485145237 3.4000000000000004
      vertex 92.93779938567819 135.6842861682988 4
      vertex 92.45279558154618 135.1666446504706 3.4000000000000004
    endloop
  endfacet
  facet normal 0.6629461114464399 0.06529449286653864 -0.7458143753772423
    outer loop
      vertex 92.2 136 3.4000000000000004
      vertex 92.875 136 4
      vertex 92.22882207939516 135.70736451697582 3.4000000000000004
    endloop
  endfacet
  facet normal 0.6629461114464399 -0.06529449286653864 -0.7458143753772423
    outer loop
      vertex 92.2 136 3.4000000000000004
      vertex 92.22882207939516 136.29263548302418 3.4000000000000004
      vertex 92.875 136 4
    endloop
  endfacet
  facet normal 0.637469464168022 -0.19337424785630683 -0.7458143753772399
    outer loop
      vertex 92.22882207939516 136.29263548302418 3.4000000000000004
      vertex 92.31418070123307 136.57402514854763 3.4000000000000004
      vertex 92.89085214366733 136.1609495156633 4
    endloop
  endfacet
  facet normal 0.5149438696451012 0.42260351228496346 -0.7458143753772394
    outer loop
      vertex 92.45279558154618 135.1666446504706 3.4000000000000004
      vertex 93.0140375698504 135.54165455775882 4
      vertex 92.63933982822019 134.93933982822017 3.4000000000000004
    endloop
  endfacet
  facet normal 0.6374694641680096 0.19337424785633056 -0.7458143753772444
    outer loop
      vertex 92.31418070123307 135.42597485145237 3.4000000000000004
      vertex 92.89085214366733 135.8390504843367 4
      vertex 92.93779938567819 135.6842861682988 4
    endloop
  endfacet
  facet normal 0.514943869645054 0.42260351228500287 -0.7458143753772495
    outer loop
      vertex 92.63933982822019 134.93933982822017 3.4000000000000004
      vertex 93.0140375698504 135.54165455775882 4
      vertex 93.1166369055211 135.4166369055211 4
    endloop
  endfacet
  facet normal 0.5874952228786177 0.31402273894649935 -0.7458143753772397
    outer loop
      vertex 92.45279558154618 135.1666446504706 3.4000000000000004
      vertex 92.93779938567819 135.6842861682988 4
      vertex 93.0140375698504 135.54165455775882 4
    endloop
  endfacet
  facet normal 0.6629461114464452 0.06529449286652048 -0.7458143753772389
    outer loop
      vertex 92.22882207939516 135.70736451697582 3.4000000000000004
      vertex 92.875 136 4
      vertex 92.89085214366733 135.8390504843367 4
    endloop
  endfacet
  facet normal 0.6629461114464451 -0.06529449286652031 -0.745814375377239
    outer loop
      vertex 92.22882207939516 136.29263548302418 3.4000000000000004
      vertex 92.89085214366733 136.1609495156633 4
      vertex 92.875 136 4
    endloop
  endfacet
  facet normal 0.6374694641680096 -0.19337424785633053 -0.7458143753772444
    outer loop
      vertex 92.31418070123307 136.57402514854763 3.4000000000000004
      vertex 92.93779938567819 136.3157138317012 4
      vertex 92.89085214366733 136.1609495156633 4
    endloop
  endfacet
  facet normal 0 0 -1
    outer loop
      vertex 92.93779938567819 135.6842861682988 4
      vertex 92.93779938567819 136.3157138317012 4
      vertex 93.0140375698504 135.54165455775882 4
    endloop
  endfacet
  facet normal 0 0 -1
    outer loop
      vertex 92.93779938567819 135.6842861682988 4
      vertex 92.89085214366733 135.8390504843367 4
      vertex 92.89085214366733 136.1609495156633 4
    endloop
  endfacet
  facet normal 0 0 -1
    outer loop
      vertex 92.875 136 4
      vertex 92.89085214366733 136.1609495156633 4
      vertex 92.89085214366733 135.8390504843367 4
    endloop
  endfacet
  facet normal 0 0 -1
    outer loop
      vertex 92.93779938567819 135.6842861682988 4
      vertex 92.89085214366733 136.1609495156633 4
      vertex 92.93779938567819 136.3157138317012 4
    endloop
  endfacet
  facet normal 0.3140227389465414 0.5874952228785958 -0.7458143753772392
    outer loop
      vertex 92.8666446504706 134.7527955815462 3.4000000000000004
      vertex 93.24165455775884 135.3140375698504 4
      vertex 93.12597485145237 134.61418070123307 3.4000000000000004
    endloop
  endfacet
  facet normal 0.19337424785631463 0.6374694641680154 -0.7458143753772436
    outer loop
      vertex 93.12597485145237 134.61418070123307 3.4000000000000004
      vertex 93.3842861682988 135.2377993856782 4
      vertex 93.4073645169758 134.52882207939516 3.4000000000000004
    endloop
  endfacet
  facet normal 0.31402273894652205 0.5874952228786018 -0.7458143753772424
    outer loop
      vertex 93.12597485145237 134.61418070123307 3.4000000000000004
      vertex 93.24165455775884 135.3140375698504 4
      vertex 93.3842861682988 135.2377993856782 4
    endloop
  endfacet
  facet normal 0.19337424785627505 0.6374694641680196 -0.7458143753772501
    outer loop
      vertex 93.4073645169758 134.52882207939516 3.4000000000000004
      vertex 93.3842861682988 135.2377993856782 4
      vertex 93.5390504843367 135.19085214366734 4
    endloop
  endfacet
  facet normal 0.06529449286653492 0.6629461114464344 -0.7458143753772475
    outer loop
      vertex 93.4073645169758 134.52882207939516 3.4000000000000004
      vertex 93.5390504843367 135.19085214366734 4
      vertex 93.7 134.5 3.4000000000000004
    endloop
  endfacet
  facet normal 0.06529449286651927 0.662946111446433 -0.7458143753772501
    outer loop
      vertex 93.7 134.5 3.4000000000000004
      vertex 93.5390504843367 135.19085214366734 4
      vertex 93.7 135.175 4
    endloop
  endfacet
  facet normal 0.4226035122849827 0.5149438696450883 -0.7458143753772375
    outer loop
      vertex 92.8666446504706 134.7527955815462 3.4000000000000004
      vertex 93.1166369055211 135.4166369055211 4
      vertex 93.24165455775884 135.3140375698504 4
    endloop
  endfacet
  facet normal 0 0 -1
    outer loop
      vertex 93.24165455775884 135.3140375698504 4
      vertex 93.24165455775884 136.6859624301496 4
      vertex 93.3842861682988 135.2377993856782 4
    endloop
  endfacet
  facet normal 0 0 -1
    outer loop
      vertex 93.0140375698504 135.54165455775882 4
      vertex 93.0140375698504 136.45834544224118 4
      vertex 93.1166369055211 135.4166369055211 4
    endloop
  endfacet
  facet normal 0 0 -1
    outer loop
      vertex 92.93779938567819 136.3157138317012 4
      vertex 93.0140375698504 136.45834544224118 4
      vertex 93.0140375698504 135.54165455775882 4
    endloop
  endfacet
  facet normal 0 0 -1
    outer loop
      vertex 93.1166369055211 135.4166369055211 4
      vertex 93.0140375698504 136.45834544224118 4
      vertex 93.1166369055211 136.5833630944789 4
    endloop
  endfacet
  facet normal 0 0 -1
    outer loop
      vertex 93.1166369055211 135.4166369055211 4
      vertex 93.1166369055211 136.5833630944789 4
      vertex 93.24165455775884 135.3140375698504 4
    endloop
  endfacet
  facet normal 0 0 -1
    outer loop
      vertex 93.24165455775884 135.3140375698504 4
      vertex 93.1166369055211 136.5833630944789 4
      vertex 93.24165455775884 136.6859624301496 4
    endloop
  endfacet
  facet normal 0 0 -1
    outer loop
      vertex 93.3842861682988 135.2377993856782 4
      vertex 93.24165455775884 136.6859624301496 4
      vertex 93.3842861682988 136.7622006143218 4
    endloop
  endfacet
  facet normal 0 0 -1
    outer loop
      vertex 93.3842861682988 135.2377993856782 4
      vertex 93.3842861682988 136.7622006143218 4
      vertex 93.5390504843367 135.19085214366734 4
    endloop
  endfacet
  facet normal 0 0 -1
    outer loop
      vertex 93.5390504843367 135.19085214366734 4
      vertex 93.5390504843367 136.80914785633266 4
      vertex 93.7 135.175 4
    endloop
  endfacet
  facet normal 0 0 -1
    outer loop
      vertex 93.5390504843367 135.19085214366734 4
      vertex 93.3842861682988 136.7622006143218 4
      vertex 93.5390504843367 136.80914785633266 4
    endloop
  endfacet
  facet normal 0 0 -1
    outer loop
      vertex 93.7 135.175 4
      vertex 93.5390504843367 136.80914785633266 4
      vertex 93.7 136.825 4
    endloop
  endfacet
  facet normal 0.5874952228786056 -0.31402273894651445 -0.7458143753772429
    outer loop
      vertex 92.31418070123307 136.57402514854763 3.4000000000000004
      vertex 92.45279558154618 136.8333553495294 3.4000000000000004
      vertex 92.93779938567819 136.3157138317012 4
    endloop
  endfacet
  facet normal 0.5149438696451012 -0.42260351228496346 -0.7458143753772394
    outer loop
      vertex 92.45279558154618 136.8333553495294 3.4000000000000004
      vertex 92.63933982822019 137.06066017177983 3.4000000000000004
      vertex 93.0140375698504 136.45834544224118 4
    endloop
  endfacet
  facet normal 0.5874952228786179 -0.3140227389464992 -0.7458143753772396
    outer loop
      vertex 92.45279558154618 136.8333553495294 3.4000000000000004
      vertex 93.0140375698504 136.45834544224118 4
      vertex 92.93779938567819 136.3157138317012 4
    endloop
  endfacet
  facet normal 0.5149438696450542 -0.42260351228500276 -0.7458143753772494
    outer loop
      vertex 92.63933982822019 137.06066017177983 3.4000000000000004
      vertex 93.1166369055211 136.5833630944789 4
      vertex 93.0140375698504 136.45834544224118 4
    endloop
  endfacet
  facet normal 0.42260351228493603 -0.514943869645114 -0.7458143753772463
    outer loop
      vertex 92.63933982822019 137.06066017177983 3.4000000000000004
      vertex 92.8666446504706 137.2472044184538 3.4000000000000004
      vertex 93.1166369055211 136.5833630944789 4
    endloop
  endfacet
  facet normal 0.4226035122849828 -0.5149438696450882 -0.7458143753772373
    outer loop
      vertex 93.1166369055211 136.5833630944789 4
      vertex 92.8666446504706 137.2472044184538 3.4000000000000004
      vertex 93.24165455775884 136.6859624301496 4
    endloop
  endfacet
  facet normal 0.3140227389465415 -0.5874952228785958 -0.745814375377239
    outer loop
      vertex 93.24165455775884 136.6859624301496 4
      vertex 92.8666446504706 137.2472044184538 3.4000000000000004
      vertex 93.12597485145237 137.38581929876693 3.4000000000000004
    endloop
  endfacet
  facet normal 0.31402273894652205 -0.5874952228786018 -0.7458143753772424
    outer loop
      vertex 93.24165455775884 136.6859624301496 4
      vertex 93.12597485145237 137.38581929876693 3.4000000000000004
      vertex 93.3842861682988 136.7622006143218 4
    endloop
  endfacet
  facet normal 0.19337424785631452 -0.6374694641680154 -0.7458143753772436
    outer loop
      vertex 93.3842861682988 136.7622006143218 4
      vertex 93.12597485145237 137.38581929876693 3.4000000000000004
      vertex 93.4073645169758 137.47117792060484 3.4000000000000004
    endloop
  endfacet
  facet normal 0.19337424785627508 -0.6374694641680196 -0.7458143753772501
    outer loop
      vertex 93.3842861682988 136.7622006143218 4
      vertex 93.4073645169758 137.47117792060484 3.4000000000000004
      vertex 93.5390504843367 136.80914785633266 4
    endloop
  endfacet
  facet normal 0.06529449286651925 -0.662946111446433 -0.7458143753772501
    outer loop
      vertex 93.5390504843367 136.80914785633266 4
      vertex 93.7 137.5 3.4000000000000004
      vertex 93.7 136.825 4
    endloop
  endfacet
  facet normal 0.06529449286653485 -0.6629461114464343 -0.7458143753772475
    outer loop
      vertex 93.5390504843367 136.80914785633266 4
      vertex 93.4073645169758 137.47117792060484 3.4000000000000004
      vertex 93.7 137.5 3.4000000000000004
    endloop
  endfacet
  facet normal -0.06529449286653471 0.6629461114464323 -0.7458143753772493
    outer loop
      vertex 93.7 134.5 3.4000000000000004
      vertex 93.7 135.175 4
      vertex 93.9926354830242 134.52882207939516 3.4000000000000004
    endloop
  endfacet
  facet normal -0.06529449286651962 0.6629461114464368 -0.7458143753772467
    outer loop
      vertex 93.7 135.175 4
      vertex 93.86094951566331 135.19085214366734 4
      vertex 93.9926354830242 134.52882207939516 3.4000000000000004
    endloop
  endfacet
  facet normal -0.19337424785627494 0.6374694641680196 -0.7458143753772501
    outer loop
      vertex 93.9926354830242 134.52882207939516 3.4000000000000004
      vertex 93.86094951566331 135.19085214366734 4
      vertex 94.0157138317012 135.2377993856782 4
    endloop
  endfacet
  facet normal -0.19337424785631463 0.6374694641680154 -0.7458143753772436
    outer loop
      vertex 93.9926354830242 134.52882207939516 3.4000000000000004
      vertex 94.0157138317012 135.2377993856782 4
      vertex 94.27402514854764 134.61418070123307 3.4000000000000004
    endloop
  endfacet
  facet normal -0.31402273894652205 0.5874952228786018 -0.7458143753772424
    outer loop
      vertex 94.0157138317012 135.2377993856782 4
      vertex 94.15834544224117 135.3140375698504 4
      vertex 94.27402514854764 134.61418070123307 3.4000000000000004
    endloop
  endfacet
  facet normal -0.3140227389465414 0.5874952228785958 -0.7458143753772392
    outer loop
      vertex 94.27402514854764 134.61418070123307 3.4000000000000004
      vertex 94.15834544224117 135.3140375698504 4
      vertex 94.5333553495294 134.7527955815462 3.4000000000000004
    endloop
  endfacet
  facet normal 0 0 -1
    outer loop
      vertex 93.7 135.175 4
      vertex 93.7 136.825 4
      vertex 93.86094951566331 135.19085214366734 4
    endloop
  endfacet
  facet normal 0 0 -1
    outer loop
      vertex 93.86094951566331 135.19085214366734 4
      vertex 93.86094951566331 136.80914785633266 4
      vertex 94.0157138317012 135.2377993856782 4
    endloop
  endfacet
  facet normal 0 0 -1
    outer loop
      vertex 93.7 136.825 4
      vertex 93.86094951566331 136.80914785633266 4
      vertex 93.86094951566331 135.19085214366734 4
    endloop
  endfacet
  facet normal 0 0 -1
    outer loop
      vertex 94.0157138317012 135.2377993856782 4
      vertex 94.0157138317012 136.7622006143218 4
      vertex 94.15834544224117 135.3140375698504 4
    endloop
  endfacet
  facet normal 0 0 -1
    outer loop
      vertex 94.0157138317012 135.2377993856782 4
      vertex 93.86094951566331 136.80914785633266 4
      vertex 94.0157138317012 136.7622006143218 4
    endloop
  endfacet
  facet normal -0.42260351228498283 0.5149438696450883 -0.7458143753772374
    outer loop
      vertex 94.15834544224117 135.3140375698504 4
      vertex 94.2833630944789 135.4166369055211 4
      vertex 94.5333553495294 134.7527955815462 3.4000000000000004
    endloop
  endfacet
  facet normal 0 0 -1
    outer loop
      vertex 94.15834544224117 135.3140375698504 4
      vertex 94.15834544224117 136.6859624301496 4
      vertex 94.2833630944789 135.4166369055211 4
    endloop
  endfacet
  facet normal 0 0 -1
    outer loop
      vertex 94.15834544224117 135.3140375698504 4
      vertex 94.0157138317012 136.7622006143218 4
      vertex 94.15834544224117 136.6859624301496 4
    endloop
  endfacet
  facet normal 0 0 -1
    outer loop
      vertex 94.2833630944789 135.4166369055211 4
      vertex 94.15834544224117 136.6859624301496 4
      vertex 94.2833630944789 136.5833630944789 4
    endloop
  endfacet
  facet normal 0 0 -1
    outer loop
      vertex 94.2833630944789 135.4166369055211 4
      vertex 94.2833630944789 136.5833630944789 4
      vertex 94.3859624301496 135.54165455775882 4
    endloop
  endfacet
  facet normal 0 0 -1
    outer loop
      vertex 94.3859624301496 135.54165455775882 4
      vertex 94.3859624301496 136.45834544224118 4
      vertex 94.46220061432182 135.6842861682988 4
    endloop
  endfacet
  facet normal 0 0 -1
    outer loop
      vertex 94.3859624301496 135.54165455775882 4
      vertex 94.2833630944789 136.5833630944789 4
      vertex 94.3859624301496 136.45834544224118 4
    endloop
  endfacet
  facet normal 0 0 -1
    outer loop
      vertex 94.3859624301496 136.45834544224118 4
      vertex 94.46220061432182 136.3157138317012 4
      vertex 94.46220061432182 135.6842861682988 4
    endloop
  endfacet
  facet normal -0.42260351228493603 0.514943869645114 -0.7458143753772463
    outer loop
      vertex 94.2833630944789 135.4166369055211 4
      vertex 94.76066017177982 134.93933982822017 3.4000000000000004
      vertex 94.5333553495294 134.7527955815462 3.4000000000000004
    endloop
  endfacet
  facet normal -0.5149438696450542 0.4226035122850028 -0.7458143753772495
    outer loop
      vertex 94.2833630944789 135.4166369055211 4
      vertex 94.3859624301496 135.54165455775882 4
      vertex 94.76066017177982 134.93933982822017 3.4000000000000004
    endloop
  endfacet
  facet normal -0.5874952228786178 0.31402273894649924 -0.7458143753772397
    outer loop
      vertex 94.3859624301496 135.54165455775882 4
      vertex 94.46220061432182 135.6842861682988 4
      vertex 94.94720441845382 135.1666446504706 3.4000000000000004
    endloop
  endfacet
  facet normal -0.5149438696451013 0.42260351228496346 -0.7458143753772394
    outer loop
      vertex 94.3859624301496 135.54165455775882 4
      vertex 94.94720441845382 135.1666446504706 3.4000000000000004
      vertex 94.76066017177982 134.93933982822017 3.4000000000000004
    endloop
  endfacet
  facet normal -0.6374694641680095 0.19337424785633056 -0.7458143753772444
    outer loop
      vertex 94.46220061432182 135.6842861682988 4
      vertex 94.50914785633267 135.8390504843367 4
      vertex 95.08581929876694 135.42597485145237 3.4000000000000004
    endloop
  endfacet
  facet normal 0 0 -1
    outer loop
      vertex 94.46220061432182 135.6842861682988 4
      vertex 94.46220061432182 136.3157138317012 4
      vertex 94.50914785633267 135.8390504843367 4
    endloop
  endfacet
  facet normal 0 0 -1
    outer loop
      vertex 94.50914785633267 135.8390504843367 4
      vertex 94.50914785633267 136.1609495156633 4
      vertex 94.525 136 4
    endloop
  endfacet
  facet normal 0 0 -1
    outer loop
      vertex 94.50914785633267 135.8390504843367 4
      vertex 94.46220061432182 136.3157138317012 4
      vertex 94.50914785633267 136.1609495156633 4
    endloop
  endfacet
  facet normal -0.6629461114464451 0.06529449286652031 -0.745814375377239
    outer loop
      vertex 95.17117792060485 135.70736451697582 3.4000000000000004
      vertex 94.50914785633267 135.8390504843367 4
      vertex 94.525 136 4
    endloop
  endfacet
  facet normal -0.6629461114464452 -0.06529449286652045 -0.745814375377239
    outer loop
      vertex 94.525 136 4
      vertex 94.50914785633267 136.1609495156633 4
      vertex 95.17117792060485 136.29263548302418 3.4000000000000004
    endloop
  endfacet
  facet normal -0.6374694641680095 -0.19337424785633056 -0.7458143753772444
    outer loop
      vertex 94.50914785633267 136.1609495156633 4
      vertex 94.46220061432182 136.3157138317012 4
      vertex 95.08581929876694 136.57402514854763 3.4000000000000004
    endloop
  endfacet
  facet normal -0.5874952228786054 0.3140227389465144 -0.7458143753772428
    outer loop
      vertex 94.46220061432182 135.6842861682988 4
      vertex 95.08581929876694 135.42597485145237 3.4000000000000004
      vertex 94.94720441845382 135.1666446504706 3.4000000000000004
    endloop
  endfacet
  facet normal -0.637469464168022 0.19337424785630683 -0.7458143753772399
    outer loop
      vertex 95.08581929876694 135.42597485145237 3.4000000000000004
      vertex 94.50914785633267 135.8390504843367 4
      vertex 95.17117792060485 135.70736451697582 3.4000000000000004
    endloop
  endfacet
  facet normal -0.6629461114464399 0.06529449286653864 -0.7458143753772423
    outer loop
      vertex 95.17117792060485 135.70736451697582 3.4000000000000004
      vertex 94.525 136 4
      vertex 95.2 136 3.4000000000000004
    endloop
  endfacet
  facet normal -0.6629461114464399 -0.06529449286653866 -0.7458143753772423
    outer loop
      vertex 94.525 136 4
      vertex 95.17117792060485 136.29263548302418 3.4000000000000004
      vertex 95.2 136 3.4000000000000004
    endloop
  endfacet
  facet normal -0.637469464168022 -0.1933742478563068 -0.7458143753772399
    outer loop
      vertex 94.50914785633267 136.1609495156633 4
      vertex 95.08581929876694 136.57402514854763 3.4000000000000004
      vertex 95.17117792060485 136.29263548302418 3.4000000000000004
    endloop
  endfacet
  facet normal -0.06529449286651925 -0.662946111446433 -0.7458143753772501
    outer loop
      vertex 93.7 136.825 4
      vertex 93.7 137.5 3.4000000000000004
      vertex 93.86094951566331 136.80914785633266 4
    endloop
  endfacet
  facet normal -0.1933742478562751 -0.6374694641680198 -0.7458143753772501
    outer loop
      vertex 93.86094951566331 136.80914785633266 4
      vertex 93.9926354830242 137.47117792060484 3.4000000000000004
      vertex 94.0157138317012 136.7622006143218 4
    endloop
  endfacet
  facet normal -0.06529449286653492 -0.6629461114464344 -0.7458143753772475
    outer loop
      vertex 93.7 137.5 3.4000000000000004
      vertex 93.9926354830242 137.47117792060484 3.4000000000000004
      vertex 93.86094951566331 136.80914785633266 4
    endloop
  endfacet
  facet normal -0.3140227389465221 -0.5874952228786019 -0.7458143753772425
    outer loop
      vertex 94.0157138317012 136.7622006143218 4
      vertex 94.27402514854764 137.38581929876693 3.4000000000000004
      vertex 94.15834544224117 136.6859624301496 4
    endloop
  endfacet
  facet normal -0.42260351228498283 -0.5149438696450883 -0.7458143753772374
    outer loop
      vertex 94.15834544224117 136.6859624301496 4
      vertex 94.5333553495294 137.2472044184538 3.4000000000000004
      vertex 94.2833630944789 136.5833630944789 4
    endloop
  endfacet
  facet normal -0.31402273894654137 -0.5874952228785958 -0.7458143753772392
    outer loop
      vertex 94.15834544224117 136.6859624301496 4
      vertex 94.27402514854764 137.38581929876693 3.4000000000000004
      vertex 94.5333553495294 137.2472044184538 3.4000000000000004
    endloop
  endfacet
  facet normal -0.19337424785631463 -0.6374694641680154 -0.7458143753772436
    outer loop
      vertex 94.0157138317012 136.7622006143218 4
      vertex 93.9926354830242 137.47117792060484 3.4000000000000004
      vertex 94.27402514854764 137.38581929876693 3.4000000000000004
    endloop
  endfacet
  facet normal -0.5149438696450542 -0.4226035122850028 -0.7458143753772495
    outer loop
      vertex 94.2833630944789 136.5833630944789 4
      vertex 94.76066017177982 137.06066017177983 3.4000000000000004
      vertex 94.3859624301496 136.45834544224118 4
    endloop
  endfacet
  facet normal -0.5874952228786178 -0.31402273894649924 -0.7458143753772397
    outer loop
      vertex 94.3859624301496 136.45834544224118 4
      vertex 94.94720441845382 136.8333553495294 3.4000000000000004
      vertex 94.46220061432182 136.3157138317012 4
    endloop
  endfacet
  facet normal -0.4226035122849359 -0.514943869645114 -0.7458143753772463
    outer loop
      vertex 94.2833630944789 136.5833630944789 4
      vertex 94.5333553495294 137.2472044184538 3.4000000000000004
      vertex 94.76066017177982 137.06066017177983 3.4000000000000004
    endloop
  endfacet
  facet normal -0.5149438696451012 -0.4226035122849635 -0.7458143753772395
    outer loop
      vertex 94.3859624301496 136.45834544224118 4
      vertex 94.76066017177982 137.06066017177983 3.4000000000000004
      vertex 94.94720441845382 136.8333553495294 3.4000000000000004
    endloop
  endfacet
  facet normal -0.5874952228786054 -0.31402273894651445 -0.7458143753772429
    outer loop
      vertex 94.46220061432182 136.3157138317012 4
      vertex 94.94720441845382 136.8333553495294 3.4000000000000004
      vertex 95.08581929876694 136.57402514854763 3.4000000000000004
    endloop
  endfacet
  facet normal 0 0 1
    outer loop
      vertex 1.6 3 4.8
      vertex 8.064466094067262 17.464466094067262 4.8
      vertex 7.442651938487273 18.22214883490199 4.8
    endloop
  endfacet
  facet normal 0 0 1
    outer loop
      vertex 1.6 3 4.8
      vertex 6.6960735979838475 20.02454838991936 4.8
      vertex 6.6 21 4.8
    endloop
  endfacet
  facet normal 0 0 1
    outer loop
      vertex 1.6 3 4.8
      vertex 6.980602337443566 19.08658283817455 4.8
      vertex 6.6960735979838475 20.02454838991936 4.8
    endloop
  endfacet
  facet normal 0 0 1
    outer loop
      vertex 1.6 3 4.8
      vertex 7.442651938487273 18.22214883490199 4.8
      vertex 6.980602337443566 19.08658283817455 4.8
    endloop
  endfacet
  facet normal 1 0 0
    outer loop
      vertex 1.6 3 4.8
      vertex 1.6 18.179712713882182 21.911008368862785
      vertex 1.6 17.532843272420994 23.12121597344437
    endloop
  endfacet
  facet normal 1 0 0
    outer loop
      vertex 1.6 3 4.8
      vertex 1.6 17.532843272420994 23.12121597344437
      vertex 1.6 17.13450303717739 24.4343677458871
    endloop
  endfacet
  facet normal 1 0 0
    outer loop
      vertex 1.6 3 4.8
      vertex 1.6 20.111008368862784 19.979712713882183
      vertex 1.6 19.050252531694166 20.850252531694167
    endloop
  endfacet
  facet normal 1 0 0
    outer loop
      vertex 1.6 3 4.8
      vertex 1.6 19.050252531694166 20.850252531694167
      vertex 1.6 18.179712713882182 21.911008368862785
    endloop
  endfacet
  facet normal 1 0 0
    outer loop
      vertex 1.6 3 4.8
      vertex 1.6 21.32121597344437 19.332843272420995
      vertex 1.6 20.111008368862784 19.979712713882183
    endloop
  endfacet
  facet normal 1 0 0
    outer loop
      vertex 1.6 3 4.8
      vertex 1.6 22.634367745887104 18.934503037177386
      vertex 1.6 21.32121597344437 19.332843272420995
    endloop
  endfacet
  facet normal 1 0 0
    outer loop
      vertex 1.6 3 4.8
      vertex 1.6 24 18.8
      vertex 1.6 22.634367745887104 18.934503037177386
    endloop
  endfacet
  facet normal 0 0 1
    outer loop
      vertex 1.6 3 4.8
      vertex 8.822148834901988 16.842651938487272 4.8
      vertex 8.064466094067262 17.464466094067262 4.8
    endloop
  endfacet
  facet normal 0 0 1
    outer loop
      vertex 1.6 3 4.8
      vertex 10.624548389919358 16.096073597983846 4.8
      vertex 9.686582838174552 16.380602337443566 4.8
    endloop
  endfacet
  facet normal 0 0 1
    outer loop
      vertex 1.6 3 4.8
      vertex 9.686582838174552 16.380602337443566 4.8
      vertex 8.822148834901988 16.842651938487272 4.8
    endloop
  endfacet
  facet normal 0 0 1
    outer loop
      vertex 1.6 3 4.8
      vertex 11.6 16 4.8
      vertex 10.624548389919358 16.096073597983846 4.8
    endloop
  endfacet
  facet normal 1 0 0
    outer loop
      vertex 1.6 3 4.8
      vertex 1.6 17.13450303717739 24.4343677458871
      vertex 1.6 3 96.8
    endloop
  endfacet
  facet normal 0 0 1
    outer loop
      vertex 1.6 3 4.8
      vertex 31.1 16 4.8
      vertex 11.6 16 4.8
    endloop
  endfacet
  facet normal 1 0 0
    outer loop
      vertex 1.6 17.13450303717739 24.4343677458871
      vertex 1.6 17 25.8
      vertex 1.6 3 96.8
    endloop
  endfacet
  facet normal 0 0 1
    outer loop
      vertex 1.6 3 4.8
      vertex 6.6 21 4.8
      vertex 1.6 163 4.8
    endloop
  endfacet
  facet normal 1 0 0
    outer loop
      vertex 1.6 3 4.8
      vertex 1.6 163 4.8
      vertex 1.6 24 18.8
    endloop
  endfacet
  facet normal 0 0 1
    outer loop
      vertex 1.6 3 4.8
      vertex 40.1 3 4.8
      vertex 31.1 16 4.8
    endloop
  endfacet
  facet normal 0 1 0
    outer loop
      vertex 1.6 3 4.8
      vertex 40.1 3 5.8
      vertex 40.1 3 4.8
    endloop
  endfacet
  facet normal 0 0 1
    outer loop
      vertex 31.1 16 4.8
      vertex 40.1 3 4.8
      vertex 32.07545161008064 16.096073597983846 4.8
    endloop
  endfacet
  facet normal 0 0 1
    outer loop
      vertex 32.07545161008064 16.096073597983846 4.8
      vertex 40.1 3 4.8
      vertex 33.01341716182545 16.380602337443566 4.8
    endloop
  endfacet
  facet normal 0 0 1
    outer loop
      vertex 33.01341716182545 16.380602337443566 4.8
      vertex 40.1 3 4.8
      vertex 33.87785116509801 16.842651938487272 4.8
    endloop
  endfacet
  facet normal 0 0 1
    outer loop
      vertex 40.1 3 4.8
      vertex 40.1 10 4.8
      vertex 38.6 10 4.8
    endloop
  endfacet
  facet normal 0 0 1
    outer loop
      vertex 33.87785116509801 16.842651938487272 4.8
      vertex 40.1 3 4.8
      vertex 34.63553390593274 17.464466094067262 4.8
    endloop
  endfacet
  facet normal 0 0 1
    outer loop
      vertex 34.63553390593274 17.464466094067262 4.8
      vertex 40.1 3 4.8
      vertex 35.25734806151273 18.22214883490199 4.8
    endloop
  endfacet
  facet normal 0 0 1
    outer loop
      vertex 40.1 3 4.8
      vertex 38.6 10 4.8
      vertex 36.1 21 4.8
    endloop
  endfacet
  facet normal 0 0 1
    outer loop
      vertex 35.25734806151273 18.22214883490199 4.8
      vertex 40.1 3 4.8
      vertex 35.71939766255643 19.08658283817455 4.8
    endloop
  endfacet
  facet normal 0 0 1
    outer loop
      vertex 40.1 3 4.8
      vertex 36.003926402016155 20.02454838991936 4.8
      vertex 35.71939766255643 19.08658283817455 4.8
    endloop
  endfacet
  facet normal 0 0 1
    outer loop
      vertex 40.1 3 4.8
      vertex 36.1 21 4.8
      vertex 36.003926402016155 20.02454838991936 4.8
    endloop
  endfacet
  facet normal 0 0 1
    outer loop
      vertex 36.1 21 4.8
      vertex 38.6 10 4.8
      vertex 38.6 14 4.8
    endloop
  endfacet
  facet normal 0 1 0
    outer loop
      vertex 1.6 3 4.8
      vertex 93.6 3 96.8
      vertex 40.1 3 5.8
    endloop
  endfacet
  facet normal 0 1 0
    outer loop
      vertex 1.6 3 4.8
      vertex 1.6 3 96.8
      vertex 93.6 3 96.8
    endloop
  endfacet
  facet normal 0 0 1
    outer loop
      vertex 36.1 21 4.8
      vertex 38.6 14 4.8
      vertex 40.1 163 4.8
    endloop
  endfacet
  facet normal 0 0 1
    outer loop
      vertex 40.1 163 4.8
      vertex 38.6 14 4.8
      vertex 40.1 14 4.8
    endloop
  endfacet
  facet normal 1 0 0
    outer loop
      vertex 1.6 17 25.8
      vertex 1.6 17 163.8
      vertex 1.6 3 96.8
    endloop
  endfacet
  facet normal 1 0 0
    outer loop
      vertex 1.6 3 96.8
      vertex 1.6 17 163.8
      vertex 1.6 3 182.8
    endloop
  endfacet
  facet normal 1 0 0
    outer loop
      vertex 1.6 3 182.8
      vertex 1.6 17 163.8
      vertex 1.6 17.13450303717739 165.16563225411292
    endloop
  endfacet
  facet normal 1 0 0
    outer loop
      vertex 1.6 3 182.8
      vertex 1.6 17.13450303717739 165.16563225411292
      vertex 1.6 17.532843272420994 166.47878402655564
    endloop
  endfacet
  facet normal 1 0 0
    outer loop
      vertex 1.6 3 182.8
      vertex 1.6 17.532843272420994 166.47878402655564
      vertex 1.6 18.179712713882182 167.6889916311372
    endloop
  endfacet
  facet normal 1 0 0
    outer loop
      vertex 1.6 3 182.8
      vertex 1.6 18.179712713882182 167.6889916311372
      vertex 1.6 19.050252531694166 168.74974746830586
    endloop
  endfacet
  facet normal 1 0 0
    outer loop
      vertex 1.6 3 182.8
      vertex 1.6 19.050252531694166 168.74974746830586
      vertex 1.6 20.111008368862784 169.62028728611782
    endloop
  endfacet
  facet normal 1 0 0
    outer loop
      vertex 1.6 3 182.8
      vertex 1.6 20.111008368862784 169.62028728611782
      vertex 1.6 21.32121597344437 170.26715672757902
    endloop
  endfacet
  facet normal 1 0 0
    outer loop
      vertex 1.6 3 182.8
      vertex 1.6 21.32121597344437 170.26715672757902
      vertex 1.6 22.634367745887104 170.66549696282263
    endloop
  endfacet
  facet normal 1 0 0
    outer loop
      vertex 1.6 3 182.8
      vertex 1.6 22.634367745887104 170.66549696282263
      vertex 1.6 24 170.8
    endloop
  endfacet
  facet normal 1 0 0
    outer loop
      vertex 1.6 3 182.8
      vertex 1.6 24 170.8
      vertex 1.6 163 182.8
    endloop
  endfacet
  facet normal 0 0 1
    outer loop
      vertex 6.6 21 4.8
      vertex 1.9000000000000001 163 4.8
      vertex 1.6 163 4.8
    endloop
  endfacet
  facet normal 0 0 1
    outer loop
      vertex 6.6 21 4.8
      vertex 6.6 145 4.8
      vertex 1.9000000000000001 172 4.8
    endloop
  endfacet
  facet normal 1 0 0
    outer loop
      vertex 1.6 24 18.8
      vertex 1.6 163 4.8
      vertex 1.6 142 18.8
    endloop
  endfacet
  facet normal 0 0 1
    outer loop
      vertex 6.6 21 4.8
      vertex 1.9000000000000001 172 4.8
      vertex 1.9000000000000001 163 4.8
    endloop
  endfacet
  facet normal 1 0 0
    outer loop
      vertex 1.6 142 18.8
      vertex 1.6 163 4.8
      vertex 1.6 143.36563225411288 18.934503037177386
    endloop
  endfacet
  facet normal 0 0 1
    outer loop
      vertex 6.6 145 4.8
      vertex 6.6960735979838475 145.97545161008065 4.8
      vertex 1.9000000000000001 172 4.8
    endloop
  endfacet
  facet normal 0 0 1
    outer loop
      vertex 6.6960735979838475 145.97545161008065 4.8
      vertex 6.980602337443566 146.91341716182544 4.8
      vertex 1.9000000000000001 172 4.8
    endloop
  endfacet
  facet normal 0 0 1
    outer loop
      vertex 6.980602337443566 146.91341716182544 4.8
      vertex 7.442651938487273 147.777851165098 4.8
      vertex 1.9000000000000001 172 4.8
    endloop
  endfacet
  facet normal 0 0 1
    outer loop
      vertex 7.442651938487273 147.777851165098 4.8
      vertex 8.064466094067262 148.53553390593274 4.8
      vertex 1.9000000000000001 172 4.8
    endloop
  endfacet
  facet normal 1 0 0
    outer loop
      vertex 1.6 143.36563225411288 18.934503037177386
      vertex 1.6 163 4.8
      vertex 1.6 144.67878402655563 19.332843272420995
    endloop
  endfacet
  facet normal 1 0 0
    outer loop
      vertex 1.6 144.67878402655563 19.332843272420995
      vertex 1.6 163 4.8
      vertex 1.6 145.8889916311372 19.979712713882183
    endloop
  endfacet
  facet normal 1 0 0
    outer loop
      vertex 1.6 145.8889916311372 19.979712713882183
      vertex 1.6 163 4.8
      vertex 1.6 146.94974746830584 20.850252531694167
    endloop
  endfacet
  facet normal 1 0 0
    outer loop
      vertex 1.6 146.94974746830584 20.850252531694167
      vertex 1.6 163 4.8
      vertex 1.6 147.8202872861178 21.911008368862785
    endloop
  endfacet
  facet normal 1 0 0
    outer loop
      vertex 1.6 147.8202872861178 21.911008368862785
      vertex 1.6 163 4.8
      vertex 1.6 148.467156727579 23.12121597344437
    endloop
  endfacet
  facet normal 1 0 0
    outer loop
      vertex 1.6 148.467156727579 23.12121597344437
      vertex 1.6 163 4.8
      vertex 1.6 148.86549696282262 24.4343677458871
    endloop
  endfacet
  facet normal 1 0 0
    outer loop
      vertex 1.6 148.86549696282262 24.4343677458871
      vertex 1.6 163 4.8
      vertex 1.6 149 25.8
    endloop
  endfacet
  facet normal 0 0 1
    outer loop
      vertex 8.064466094067262 148.53553390593274 4.8
      vertex 8.822148834901988 149.15734806151272 4.8
      vertex 1.9000000000000001 172 4.8
    endloop
  endfacet
  facet normal 0 0 1
    outer loop
      vertex 8.822148834901988 149.15734806151272 4.8
      vertex 9.686582838174552 149.61939766255642 4.8
      vertex 1.9000000000000001 172 4.8
    endloop
  endfacet
  facet normal 0 0 1
    outer loop
      vertex 9.686582838174552 149.61939766255642 4.8
      vertex 10.624548389919358 149.90392640201614 4.8
      vertex 1.9000000000000001 172 4.8
    endloop
  endfacet
  facet normal 0 0 1
    outer loop
      vertex 10.624548389919358 149.90392640201614 4.8
      vertex 8.772757823986543 171.32325141776937 4.8
      vertex 1.9000000000000001 172 4.8
    endloop
  endfacet
  facet normal 0 0 1
    outer loop
      vertex 10.624548389919358 149.90392640201614 4.8
      vertex 11.6 150 4.8
      vertex 38.008960150839705 163 4.8
    endloop
  endfacet
  facet normal 0 0 1
    outer loop
      vertex 10.624548389919358 149.90392640201614 4.8
      vertex 38.008960150839705 163 4.8
      vertex 8.772757823986543 171.32325141776937 4.8
    endloop
  endfacet
  facet normal 1 0 0
    outer loop
      vertex 1.6 149 25.8
      vertex 1.6 163 4.8
      vertex 1.6 149 163.8
    endloop
  endfacet
  facet normal 0 0 1
    outer loop
      vertex 36.1 21 4.8
      vertex 40.1 163 4.8
      vertex 36.1 145 4.8
    endloop
  endfacet
  facet normal 0 0 1
    outer loop
      vertex 11.6 150 4.8
      vertex 31.1 150 4.8
      vertex 40.1 163 4.8
    endloop
  endfacet
  facet normal 0 0 1
    outer loop
      vertex 11.6 150 4.8
      vertex 40.1 163 4.8
      vertex 38.008960150839705 163 4.8
    endloop
  endfacet
  facet normal 0 0 1
    outer loop
      vertex 31.1 150 4.8
      vertex 32.07545161008064 149.90392640201614 4.8
      vertex 40.1 163 4.8
    endloop
  endfacet
  facet normal 0 0 1
    outer loop
      vertex 32.07545161008064 149.90392640201614 4.8
      vertex 33.01341716182545 149.61939766255642 4.8
      vertex 40.1 163 4.8
    endloop
  endfacet
  facet normal 0 0 1
    outer loop
      vertex 33.01341716182545 149.61939766255642 4.8
      vertex 33.87785116509801 149.15734806151272 4.8
      vertex 40.1 163 4.8
    endloop
  endfacet
  facet normal 0 0 1
    outer loop
      vertex 1.9000000000000001 172 4.8
      vertex 8.772757823986543 171.32325141776937 4.8
      vertex 93.30000000000001 172 4.8
    endloop
  endfacet
  facet normal 0 0 1
    outer loop
      vertex 35.25734806151273 147.777851165098 4.8
      vertex 35.71939766255643 146.91341716182544 4.8
      vertex 40.1 163 4.8
    endloop
  endfacet
  facet normal 0 0 1
    outer loop
      vertex 33.87785116509801 149.15734806151272 4.8
      vertex 34.63553390593274 148.53553390593274 4.8
      vertex 40.1 163 4.8
    endloop
  endfacet
  facet normal 0 0 1
    outer loop
      vertex 35.25734806151273 147.777851165098 4.8
      vertex 40.1 163 4.8
      vertex 34.63553390593274 148.53553390593274 4.8
    endloop
  endfacet
  facet normal 0 0 1
    outer loop
      vertex 36.1 145 4.8
      vertex 40.1 163 4.8
      vertex 36.003926402016155 145.97545161008065 4.8
    endloop
  endfacet
  facet normal 0 0 1
    outer loop
      vertex 36.003926402016155 145.97545161008065 4.8
      vertex 40.1 163 4.8
      vertex 35.71939766255643 146.91341716182544 4.8
    endloop
  endfacet
  facet normal 1 0 0
    outer loop
      vertex 1.6 24 170.8
      vertex 1.6 142 170.8
      vertex 1.6 163 182.8
    endloop
  endfacet
  facet normal 1 0 0
    outer loop
      vertex 1.6 163 4.8
      vertex 1.6 163 182.8
      vertex 1.6 149 163.8
    endloop
  endfacet
  facet normal 1 0 0
    outer loop
      vertex 1.6 142 170.8
      vertex 1.6 143.36563225411288 170.66549696282263
      vertex 1.6 163 182.8
    endloop
  endfacet
  facet normal 1 0 0
    outer loop
      vertex 1.6 149 163.8
      vertex 1.6 163 182.8
      vertex 1.6 148.86549696282262 165.16563225411292
    endloop
  endfacet
  facet normal 1 0 0
    outer loop
      vertex 1.6 144.67878402655563 170.26715672757902
      vertex 1.6 145.8889916311372 169.62028728611782
      vertex 1.6 163 182.8
    endloop
  endfacet
  facet normal 1 0 0
    outer loop
      vertex 1.6 145.8889916311372 169.62028728611782
      vertex 1.6 146.94974746830584 168.74974746830586
      vertex 1.6 163 182.8
    endloop
  endfacet
  facet normal 1 0 0
    outer loop
      vertex 1.6 146.94974746830584 168.74974746830586
      vertex 1.6 147.8202872861178 167.6889916311372
      vertex 1.6 163 182.8
    endloop
  endfacet
  facet normal 1 0 0
    outer loop
      vertex 1.6 143.36563225411288 170.66549696282263
      vertex 1.6 144.67878402655563 170.26715672757902
      vertex 1.6 163 182.8
    endloop
  endfacet
  facet normal 1 0 0
    outer loop
      vertex 1.6 148.86549696282262 165.16563225411292
      vertex 1.6 163 182.8
      vertex 1.6 148.467156727579 166.47878402655564
    endloop
  endfacet
  facet normal 1 0 0
    outer loop
      vertex 1.6 148.467156727579 166.47878402655564
      vertex 1.6 163 182.8
      vertex 1.6 147.8202872861178 167.6889916311372
    endloop
  endfacet
  facet normal 0 0 1
    outer loop
      vertex 55.1 3 4.8
      vertex 56.6 10 4.8
      vertex 55.1 10 4.8
    endloop
  endfacet
  facet normal 0 0 1
    outer loop
      vertex 55.1 3 4.8
      vertex 59.10000000000001 21 4.8
      vertex 56.6 10 4.8
    endloop
  endfacet
  facet normal 0 0 1
    outer loop
      vertex 55.1 3 4.8
      vertex 60.56446609406727 17.464466094067262 4.8
      vertex 59.94265193848728 18.22214883490199 4.8
    endloop
  endfacet
  facet normal 0 0 1
    outer loop
      vertex 55.1 3 4.8
      vertex 61.322148834901995 16.842651938487272 4.8
      vertex 60.56446609406727 17.464466094067262 4.8
    endloop
  endfacet
  facet normal 0 0 1
    outer loop
      vertex 55.1 3 4.8
      vertex 59.196073597983855 20.02454838991936 4.8
      vertex 59.10000000000001 21 4.8
    endloop
  endfacet
  facet normal 0 0 1
    outer loop
      vertex 55.1 3 4.8
      vertex 59.48060233744357 19.08658283817455 4.8
      vertex 59.196073597983855 20.02454838991936 4.8
    endloop
  endfacet
  facet normal 0 0 1
    outer loop
      vertex 59.10000000000001 21 4.8
      vertex 56.6 14 4.8
      vertex 56.6 10 4.8
    endloop
  endfacet
  facet normal 0 0 1
    outer loop
      vertex 59.10000000000001 21 4.8
      vertex 55.1 14 4.8
      vertex 56.6 14 4.8
    endloop
  endfacet
  facet normal 0 0 1
    outer loop
      vertex 55.1 3 4.8
      vertex 59.94265193848728 18.22214883490199 4.8
      vertex 59.48060233744357 19.08658283817455 4.8
    endloop
  endfacet
  facet normal 0 0 1
    outer loop
      vertex 55.1 3 4.8
      vertex 63.12454838991937 16.096073597983846 4.8
      vertex 62.18658283817456 16.380602337443566 4.8
    endloop
  endfacet
  facet normal 0 0 1
    outer loop
      vertex 55.1 3 4.8
      vertex 62.18658283817456 16.380602337443566 4.8
      vertex 61.322148834901995 16.842651938487272 4.8
    endloop
  endfacet
  facet normal 0 0 1
    outer loop
      vertex 55.1 3 4.8
      vertex 64.10000000000001 16 4.8
      vertex 63.12454838991937 16.096073597983846 4.8
    endloop
  endfacet
  facet normal 0 1 0
    outer loop
      vertex 55.1 3 4.8
      vertex 55.1 3 5.8
      vertex 93.6 3 4.8
    endloop
  endfacet
  facet normal 0 0 1
    outer loop
      vertex 55.1 3 4.8
      vertex 83.60000000000001 16 4.8
      vertex 64.10000000000001 16 4.8
    endloop
  endfacet
  facet normal 0 1 0
    outer loop
      vertex 40.1 3 5.8
      vertex 93.6 3 96.8
      vertex 55.1 3 5.8
    endloop
  endfacet
  facet normal 0 0 1
    outer loop
      vertex 59.10000000000001 21 4.8
      vertex 59.10000000000001 145 4.8
      vertex 55.1 14 4.8
    endloop
  endfacet
  facet normal 0 0 1
    outer loop
      vertex 55.1 3 4.8
      vertex 93.6 3 4.8
      vertex 83.60000000000001 16 4.8
    endloop
  endfacet
  facet normal 0 1 0
    outer loop
      vertex 55.1 3 5.8
      vertex 93.6 3 96.8
      vertex 93.6 3 4.8
    endloop
  endfacet
  facet normal 0 0 1
    outer loop
      vertex 83.60000000000001 16 4.8
      vertex 93.6 3 4.8
      vertex 84.57545161008065 16.096073597983846 4.8
    endloop
  endfacet
  facet normal 0 0 1
    outer loop
      vertex 84.57545161008065 16.096073597983846 4.8
      vertex 93.6 3 4.8
      vertex 85.51341716182546 16.380602337443566 4.8
    endloop
  endfacet
  facet normal 0 0 1
    outer loop
      vertex 85.51341716182546 16.380602337443566 4.8
      vertex 93.6 3 4.8
      vertex 86.37785116509802 16.842651938487272 4.8
    endloop
  endfacet
  facet normal 0 0 1
    outer loop
      vertex 86.37785116509802 16.842651938487272 4.8
      vertex 93.6 3 4.8
      vertex 87.13553390593275 17.464466094067262 4.8
    endloop
  endfacet
  facet normal 0 0 1
    outer loop
      vertex 87.13553390593275 17.464466094067262 4.8
      vertex 93.6 3 4.8
      vertex 87.75734806151274 18.22214883490199 4.8
    endloop
  endfacet
  facet normal 0 0 1
    outer loop
      vertex 87.75734806151274 18.22214883490199 4.8
      vertex 93.6 3 4.8
      vertex 88.21939766255645 19.08658283817455 4.8
    endloop
  endfacet
  facet normal 0 0 1
    outer loop
      vertex 88.21939766255645 19.08658283817455 4.8
      vertex 93.6 3 4.8
      vertex 88.50392640201616 20.02454838991936 4.8
    endloop
  endfacet
  facet normal 0 0 1
    outer loop
      vertex 88.50392640201616 20.02454838991936 4.8
      vertex 93.6 3 4.8
      vertex 88.60000000000001 21 4.8
    endloop
  endfacet
  facet normal -1 0 0
    outer loop
      vertex 93.6 3 4.8
      vertex 93.6 17.532843272420994 23.12121597344437
      vertex 93.6 18.179712713882182 21.911008368862785
    endloop
  endfacet
  facet normal -1 0 0
    outer loop
      vertex 93.6 3 4.8
      vertex 93.6 17.13450303717739 24.4343677458871
      vertex 93.6 17.532843272420994 23.12121597344437
    endloop
  endfacet
  facet normal -1 0 0
    outer loop
      vertex 93.6 3 4.8
      vertex 93.6 17 25.8
      vertex 93.6 17.13450303717739 24.4343677458871
    endloop
  endfacet
  facet normal -1 0 0
    outer loop
      vertex 93.6 3 4.8
      vertex 93.6 19.050252531694166 20.850252531694167
      vertex 93.6 20.111008368862784 19.979712713882183
    endloop
  endfacet
  facet normal -1 0 0
    outer loop
      vertex 93.6 3 4.8
      vertex 93.6 18.179712713882182 21.911008368862785
      vertex 93.6 19.050252531694166 20.850252531694167
    endloop
  endfacet
  facet normal -1 0 0
    outer loop
      vertex 93.6 3 4.8
      vertex 93.6 20.111008368862784 19.979712713882183
      vertex 93.6 21.32121597344437 19.332843272420995
    endloop
  endfacet
  facet normal -1 0 0
    outer loop
      vertex 93.6 3 4.8
      vertex 93.6 21.32121597344437 19.332843272420995
      vertex 93.6 22.634367745887104 18.934503037177386
    endloop
  endfacet
  facet normal -1 0 0
    outer loop
      vertex 93.6 3 4.8
      vertex 93.6 22.634367745887104 18.934503037177386
      vertex 93.6 24 18.8
    endloop
  endfacet
  facet normal -1 0 0
    outer loop
      vertex 93.6 3 4.8
      vertex 93.6 3 96.8
      vertex 93.6 17 25.8
    endloop
  endfacet
  facet normal 0 0 1
    outer loop
      vertex 88.60000000000001 21 4.8
      vertex 93.6 3 4.8
      vertex 93.6 163 4.8
    endloop
  endfacet
  facet normal -1 0 0
    outer loop
      vertex 93.6 3 4.8
      vertex 93.6 24 18.8
      vertex 93.6 142 18.8
    endloop
  endfacet
  facet normal -1 0 0
    outer loop
      vertex 93.6 17 25.8
      vertex 93.6 3 96.8
      vertex 93.6 17 163.8
    endloop
  endfacet
  facet normal -1 0 0
    outer loop
      vertex 93.6 3 96.8
      vertex 93.6 3 182.8
      vertex 93.6 17.13450303717739 165.16563225411292
    endloop
  endfacet
  facet normal -1 0 0
    outer loop
      vertex 93.6 3 96.8
      vertex 93.6 17.13450303717739 165.16563225411292
      vertex 93.6 17 163.8
    endloop
  endfacet
  facet normal -1 0 0
    outer loop
      vertex 93.6 3 182.8
      vertex 93.6 17.532843272420994 166.47878402655564
      vertex 93.6 17.13450303717739 165.16563225411292
    endloop
  endfacet
  facet normal -1 0 0
    outer loop
      vertex 93.6 3 182.8
      vertex 93.6 18.179712713882182 167.6889916311372
      vertex 93.6 17.532843272420994 166.47878402655564
    endloop
  endfacet
  facet normal -1 0 0
    outer loop
      vertex 93.6 3 182.8
      vertex 93.6 19.050252531694166 168.74974746830586
      vertex 93.6 18.179712713882182 167.6889916311372
    endloop
  endfacet
  facet normal -1 0 0
    outer loop
      vertex 93.6 3 182.8
      vertex 93.6 20.111008368862784 169.62028728611782
      vertex 93.6 19.050252531694166 168.74974746830586
    endloop
  endfacet
  facet normal -1 0 0
    outer loop
      vertex 93.6 3 182.8
      vertex 93.6 21.32121597344437 170.26715672757902
      vertex 93.6 20.111008368862784 169.62028728611782
    endloop
  endfacet
  facet normal -1 0 0
    outer loop
      vertex 93.6 3 182.8
      vertex 93.6 22.634367745887104 170.66549696282263
      vertex 93.6 21.32121597344437 170.26715672757902
    endloop
  endfacet
  facet normal -1 0 0
    outer loop
      vertex 93.6 3 182.8
      vertex 93.6 24 170.8
      vertex 93.6 22.634367745887104 170.66549696282263
    endloop
  endfacet
  facet normal -1 0 0
    outer loop
      vertex 93.6 3 182.8
      vertex 93.6 142 170.8
      vertex 93.6 24 170.8
    endloop
  endfacet
  facet normal 0 0 1
    outer loop
      vertex 59.10000000000001 145 4.8
      vertex 55.1 163 4.8
      vertex 55.1 14 4.8
    endloop
  endfacet
  facet normal 0 0 1
    outer loop
      vertex 59.10000000000001 145 4.8
      vertex 59.196073597983855 145.97545161008065 4.8
      vertex 55.59278762265214 163 4.8
    endloop
  endfacet
  facet normal 0 0 1
    outer loop
      vertex 59.196073597983855 145.97545161008065 4.8
      vertex 59.48060233744357 146.91341716182544 4.8
      vertex 55.59278762265214 163 4.8
    endloop
  endfacet
  facet normal 0 0 1
    outer loop
      vertex 59.48060233744357 146.91341716182544 4.8
      vertex 59.94265193848728 147.777851165098 4.8
      vertex 55.59278762265214 163 4.8
    endloop
  endfacet
  facet normal 0 0 1
    outer loop
      vertex 55.59278762265214 163 4.8
      vertex 59.94265193848728 147.777851165098 4.8
      vertex 60.56446609406727 148.53553390593274 4.8
    endloop
  endfacet
  facet normal 0 0 1
    outer loop
      vertex 55.59278762265214 163 4.8
      vertex 60.56446609406727 148.53553390593274 4.8
      vertex 61.322148834901995 149.15734806151272 4.8
    endloop
  endfacet
  facet normal 0 0 1
    outer loop
      vertex 59.10000000000001 145 4.8
      vertex 55.59278762265214 163 4.8
      vertex 55.1 163 4.8
    endloop
  endfacet
  facet normal 0 0 1
    outer loop
      vertex 8.772757823986543 171.32325141776937 4.8
      vertex 63.41186382687541 165.94303310238647 4.8
      vertex 93.30000000000001 172 4.8
    endloop
  endfacet
  facet normal 0 0 1
    outer loop
      vertex 55.59278762265214 163 4.8
      vertex 61.322148834901995 149.15734806151272 4.8
      vertex 62.18658283817456 149.61939766255642 4.8
    endloop
  endfacet
  facet normal 0 0 1
    outer loop
      vertex 55.59278762265214 163 4.8
      vertex 62.18658283817456 149.61939766255642 4.8
      vertex 63.41186382687541 165.94303310238647 4.8
    endloop
  endfacet
  facet normal -1 0 0
    outer loop
      vertex 93.6 3 4.8
      vertex 93.6 143.36563225411288 18.934503037177386
      vertex 93.6 163 4.8
    endloop
  endfacet
  facet normal -1 0 0
    outer loop
      vertex 93.6 3 4.8
      vertex 93.6 142 18.8
      vertex 93.6 143.36563225411288 18.934503037177386
    endloop
  endfacet
  facet normal 0 0 1
    outer loop
      vertex 88.60000000000001 21 4.8
      vertex 93.30000000000001 163 4.8
      vertex 88.60000000000001 145 4.8
    endloop
  endfacet
  facet normal 0 0 1
    outer loop
      vertex 88.60000000000001 21 4.8
      vertex 93.6 163 4.8
      vertex 93.30000000000001 163 4.8
    endloop
  endfacet
  facet normal 0 0 1
    outer loop
      vertex 62.18658283817456 149.61939766255642 4.8
      vertex 63.12454838991937 149.90392640201614 4.8
      vertex 93.30000000000001 172 4.8
    endloop
  endfacet
  facet normal 0 0 1
    outer loop
      vertex 63.12454838991937 149.90392640201614 4.8
      vertex 64.10000000000001 150 4.8
      vertex 93.30000000000001 172 4.8
    endloop
  endfacet
  facet normal 0 0 1
    outer loop
      vertex 62.18658283817456 149.61939766255642 4.8
      vertex 93.30000000000001 172 4.8
      vertex 63.41186382687541 165.94303310238647 4.8
    endloop
  endfacet
  facet normal 0 0 1
    outer loop
      vertex 64.10000000000001 150 4.8
      vertex 83.60000000000001 150 4.8
      vertex 93.30000000000001 172 4.8
    endloop
  endfacet
  facet normal 0 0 1
    outer loop
      vertex 86.37785116509802 149.15734806151272 4.8
      vertex 87.13553390593275 148.53553390593274 4.8
      vertex 93.30000000000001 163 4.8
    endloop
  endfacet
  facet normal 0 0 1
    outer loop
      vertex 83.60000000000001 150 4.8
      vertex 84.57545161008065 149.90392640201614 4.8
      vertex 93.30000000000001 172 4.8
    endloop
  endfacet
  facet normal 0 0 1
    outer loop
      vertex 85.51341716182546 149.61939766255642 4.8
      vertex 86.37785116509802 149.15734806151272 4.8
      vertex 93.30000000000001 172 4.8
    endloop
  endfacet
  facet normal 0 0 1
    outer loop
      vertex 84.57545161008065 149.90392640201614 4.8
      vertex 85.51341716182546 149.61939766255642 4.8
      vertex 93.30000000000001 172 4.8
    endloop
  endfacet
  facet normal 0 0 1
    outer loop
      vertex 87.75734806151274 147.777851165098 4.8
      vertex 88.21939766255645 146.91341716182544 4.8
      vertex 93.30000000000001 163 4.8
    endloop
  endfacet
  facet normal 0 0 1
    outer loop
      vertex 88.60000000000001 145 4.8
      vertex 93.30000000000001 163 4.8
      vertex 88.50392640201616 145.97545161008065 4.8
    endloop
  endfacet
  facet normal 0 0 1
    outer loop
      vertex 88.50392640201616 145.97545161008065 4.8
      vertex 93.30000000000001 163 4.8
      vertex 88.21939766255645 146.91341716182544 4.8
    endloop
  endfacet
  facet normal 0 0 1
    outer loop
      vertex 87.75734806151274 147.777851165098 4.8
      vertex 93.30000000000001 163 4.8
      vertex 87.13553390593275 148.53553390593274 4.8
    endloop
  endfacet
  facet normal -1 0 0
    outer loop
      vertex 93.6 143.36563225411288 18.934503037177386
      vertex 93.6 144.67878402655563 19.332843272420995
      vertex 93.6 163 4.8
    endloop
  endfacet
  facet normal -1 0 0
    outer loop
      vertex 93.6 144.67878402655563 19.332843272420995
      vertex 93.6 145.8889916311372 19.979712713882183
      vertex 93.6 163 4.8
    endloop
  endfacet
  facet normal -1 0 0
    outer loop
      vertex 93.6 145.8889916311372 19.979712713882183
      vertex 93.6 146.94974746830584 20.850252531694167
      vertex 93.6 163 4.8
    endloop
  endfacet
  facet normal -1 0 0
    outer loop
      vertex 93.6 146.94974746830584 20.850252531694167
      vertex 93.6 147.8202872861178 21.911008368862785
      vertex 93.6 163 4.8
    endloop
  endfacet
  facet normal -1 0 0
    outer loop
      vertex 93.6 147.8202872861178 21.911008368862785
      vertex 93.6 148.467156727579 23.12121597344437
      vertex 93.6 163 4.8
    endloop
  endfacet
  facet normal -1 0 0
    outer loop
      vertex 93.6 148.467156727579 23.12121597344437
      vertex 93.6 148.86549696282262 24.4343677458871
      vertex 93.6 163 4.8
    endloop
  endfacet
  facet normal -1 0 0
    outer loop
      vertex 93.6 148.86549696282262 24.4343677458871
      vertex 93.6 149 25.8
      vertex 93.6 163 4.8
    endloop
  endfacet
  facet normal 0 0 1
    outer loop
      vertex 86.37785116509802 149.15734806151272 4.8
      vertex 93.30000000000001 163 4.8
      vertex 93.30000000000001 172 4.8
    endloop
  endfacet
  facet normal -1 0 0
    outer loop
      vertex 93.6 149 25.8
      vertex 93.6 163 182.8
      vertex 93.6 163 4.8
    endloop
  endfacet
  facet normal -1 0 0
    outer loop
      vertex 93.6 3 182.8
      vertex 93.6 163 182.8
      vertex 93.6 142 170.8
    endloop
  endfacet
  facet normal -1 0 0
    outer loop
      vertex 93.6 149 25.8
      vertex 93.6 149 163.8
      vertex 93.6 163 182.8
    endloop
  endfacet
  facet normal -1 0 0
    outer loop
      vertex 93.6 142 170.8
      vertex 93.6 163 182.8
      vertex 93.6 143.36563225411288 170.66549696282263
    endloop
  endfacet
  facet normal -1 0 0
    outer loop
      vertex 93.6 149 163.8
      vertex 93.6 148.86549696282262 165.16563225411292
      vertex 93.6 163 182.8
    endloop
  endfacet
  facet normal -1 0 0
    outer loop
      vertex 93.6 144.67878402655563 170.26715672757902
      vertex 93.6 163 182.8
      vertex 93.6 145.8889916311372 169.62028728611782
    endloop
  endfacet
  facet normal -1 0 0
    outer loop
      vertex 93.6 145.8889916311372 169.62028728611782
      vertex 93.6 163 182.8
      vertex 93.6 146.94974746830584 168.74974746830586
    endloop
  endfacet
  facet normal -1 0 0
    outer loop
      vertex 93.6 146.94974746830584 168.74974746830586
      vertex 93.6 163 182.8
      vertex 93.6 147.8202872861178 167.6889916311372
    endloop
  endfacet
  facet normal -1 0 0
    outer loop
      vertex 93.6 143.36563225411288 170.66549696282263
      vertex 93.6 163 182.8
      vertex 93.6 144.67878402655563 170.26715672757902
    endloop
  endfacet
  facet normal -1 0 0
    outer loop
      vertex 93.6 148.86549696282262 165.16563225411292
      vertex 93.6 148.467156727579 166.47878402655564
      vertex 93.6 163 182.8
    endloop
  endfacet
  facet normal -1 0 0
    outer loop
      vertex 93.6 148.467156727579 166.47878402655564
      vertex 93.6 147.8202872861178 167.6889916311372
      vertex 93.6 163 182.8
    endloop
  endfacet
  facet normal 1 0 0
    outer loop
      vertex 1.6 0 96.8
      vertex 1.6 3 96.8
      vertex 1.6 0 182.8
    endloop
  endfacet
  facet normal 1 0 0
    outer loop
      vertex 1.6 3 96.8
      vertex 1.6 3 182.8
      vertex 1.6 0 182.8
    endloop
  endfacet
  facet normal 0 0 1
    outer loop
      vertex 1.6 0 96.8
      vertex 93.6 3 96.8
      vertex 1.6 3 96.8
    endloop
  endfacet
  facet normal 0 0 1
    outer loop
      vertex 1.6 0 96.8
      vertex 93.6 0 96.8
      vertex 93.6 3 96.8
    endloop
  endfacet
  facet normal -1 0 0
    outer loop
      vertex 93.6 0 96.8
      vertex 93.6 0 182.8
      vertex 93.6 3 96.8
    endloop
  endfacet
  facet normal -1 0 0
    outer loop
      vertex 93.6 3 96.8
      vertex 93.6 0 182.8
      vertex 93.6 3 182.8
    endloop
  endfacet
  facet normal 1 0 0
    outer loop
      vertex 40.1 3 4.8
      vertex 40.1 0.6000000000000001 5.8
      vertex 40.1 0.6000000000000001 3.5199999999999996
    endloop
  endfacet
  facet normal 1 0 0
    outer loop
      vertex 40.1 3 4.8
      vertex 40.1 3 5.8
      vertex 40.1 0.6000000000000001 5.8
    endloop
  endfacet
  facet normal 1 0 0
    outer loop
      vertex 40.1 10 3.2257934846327774
      vertex 40.1 0.6000000000000001 3.5199999999999996
      vertex 40.1 0.6000000000000001 3.1999999999999997
    endloop
  endfacet
  facet normal 1 0 0
    outer loop
      vertex 40.1 3 4.8
      vertex 40.1 0.6000000000000001 3.5199999999999996
      vertex 40.1 10 4.8
    endloop
  endfacet
  facet normal 1 0 0
    outer loop
      vertex 40.1 10 3.2981204205160877
      vertex 40.1 0.6000000000000001 3.5199999999999996
      vertex 40.1 10 3.2257934846327774
    endloop
  endfacet
  facet normal 1 0 0
    outer loop
      vertex 40.1 14 4.8
      vertex 40.1 10 4.8
      vertex 40.1 0.6000000000000001 3.5199999999999996
    endloop
  endfacet
  facet normal 1 0 0
    outer loop
      vertex 40.1 10 3.2257934846327774
      vertex 40.1 14 3.2369360654296013
      vertex 40.1 10.066265060240964 3.226506024096385
    endloop
  endfacet
  facet normal 0 0 -1
    outer loop
      vertex 40.1 3 5.8
      vertex 55.1 0.6000000000000001 5.8
      vertex 40.1 0.6000000000000001 5.8
    endloop
  endfacet
  facet normal 1 0 0
    outer loop
      vertex 40.1 163 3.5999999999999996
      vertex 40.1 10 3.2257934846327774
      vertex 40.1 0.6000000000000001 3.1999999999999997
    endloop
  endfacet
  facet normal 1 0 0
    outer loop
      vertex 40.1 163 4.8
      vertex 40.1 0.6000000000000001 3.5199999999999996
      vertex 40.1 10 3.2981204205160877
    endloop
  endfacet
  facet normal 1 0 0
    outer loop
      vertex 40.1 163 4.8
      vertex 40.1 14 4.8
      vertex 40.1 0.6000000000000001 3.5199999999999996
    endloop
  endfacet
  facet normal 1 0 0
    outer loop
      vertex 40.1 163 4.8
      vertex 40.1 10 3.2981204205160877
      vertex 40.1 10.251428571428571 3.3005714285714283
    endloop
  endfacet
  facet normal 1 0 0
    outer loop
      vertex 40.1 163 3.5999999999999996
      vertex 40.1 14 3.2369360654296013
      vertex 40.1 10 3.2257934846327774
    endloop
  endfacet
  facet normal 1 0 0
    outer loop
      vertex 40.1 163 4.8
      vertex 40.1 10.251428571428571 3.3005714285714283
      vertex 40.1 14 3.33734466971877
    endloop
  endfacet
  facet normal 1 0 0
    outer loop
      vertex 40.1 163 3.5999999999999996
      vertex 40.1 14 3.33734466971877
      vertex 40.1 14 3.2369360654296013
    endloop
  endfacet
  facet normal 1 0 0
    outer loop
      vertex 40.1 163 3.5999999999999996
      vertex 40.1 0.6000000000000001 3.1999999999999997
      vertex 40.1 163 3.1999999999999997
    endloop
  endfacet
  facet normal 1 0 0
    outer loop
      vertex 40.1 163 3.5999999999999996
      vertex 40.1 164 4.8
      vertex 40.1 14 3.33734466971877
    endloop
  endfacet
  facet normal 1 0 0
    outer loop
      vertex 40.1 163 4.8
      vertex 40.1 14 3.33734466971877
      vertex 40.1 164 4.8
    endloop
  endfacet
  facet normal 0 0 1
    outer loop
      vertex 55.1 163 3.1999999999999997
      vertex 40.1 163 3.1999999999999997
      vertex 40.1 0.6000000000000001 3.1999999999999997
    endloop
  endfacet
  facet normal 1 0 0
    outer loop
      vertex 40.1 163 3.5999999999999996
      vertex 40.1 164 3.5999999999999996
      vertex 40.1 164 4.8
    endloop
  endfacet
  facet normal 0 -1 0
    outer loop
      vertex 40.1 164 3.5999999999999996
      vertex 55.1 164 4.8
      vertex 40.1 164 4.8
    endloop
  endfacet
  facet normal 0 0 -1
    outer loop
      vertex 40.1 3 5.8
      vertex 55.1 3 5.8
      vertex 55.1 0.6000000000000001 5.8
    endloop
  endfacet
  facet normal 0 0 1
    outer loop
      vertex 55.1 10 3.1999999999999997
      vertex 40.1 0.6000000000000001 3.1999999999999997
      vertex 55.1 0.6000000000000001 3.1999999999999997
    endloop
  endfacet
  facet normal 0 0 1
    outer loop
      vertex 55.1 10 3.1999999999999997
      vertex 55.1 14 3.1999999999999997
      vertex 40.1 0.6000000000000001 3.1999999999999997
    endloop
  endfacet
  facet normal -1 0 0
    outer loop
      vertex 55.1 3 5.8
      vertex 55.1 0.6000000000000001 3.1999999999999997
      vertex 55.1 0.6000000000000001 5.8
    endloop
  endfacet
  facet normal -1 0 0
    outer loop
      vertex 55.1 3 4.8
      vertex 55.1 0.6000000000000001 3.1999999999999997
      vertex 55.1 3 5.8
    endloop
  endfacet
  facet normal -1 0 0
    outer loop
      vertex 55.1 3 4.8
      vertex 55.1 10 3.1999999999999997
      vertex 55.1 0.6000000000000001 3.1999999999999997
    endloop
  endfacet
  facet normal -1 0 0
    outer loop
      vertex 55.1 3 4.8
      vertex 55.1 10 4.7299999999999995
      vertex 55.1 10 3.1999999999999997
    endloop
  endfacet
  facet normal 0 0 1
    outer loop
      vertex 55.1 163 3.1999999999999997
      vertex 40.1 0.6000000000000001 3.1999999999999997
      vertex 55.1 14 3.1999999999999997
    endloop
  endfacet
  facet normal -1 0 0
    outer loop
      vertex 55.1 3 4.8
      vertex 55.1 163 3.5999999999999996
      vertex 55.1 10 4.7299999999999995
    endloop
  endfacet
  facet normal -1 0 0
    outer loop
      vertex 55.1 3 4.8
      vertex 55.1 10 4.8
      vertex 55.1 163 3.5999999999999996
    endloop
  endfacet
  facet normal -1 0 0
    outer loop
      vertex 55.1 163 3.5999999999999996
      vertex 55.1 14 4.6899999999999995
      vertex 55.1 10 4.7299999999999995
    endloop
  endfacet
  facet normal -1 0 0
    outer loop
      vertex 55.1 163 3.5999999999999996
      vertex 55.1 10 4.8
      vertex 55.1 14 4.8
    endloop
  endfacet
  facet normal -1 0 0
    outer loop
      vertex 55.1 163 3.1999999999999997
      vertex 55.1 14 3.1999999999999997
      vertex 55.1 14 4.6899999999999995
    endloop
  endfacet
  facet normal -1 0 0
    outer loop
      vertex 55.1 163 3.1999999999999997
      vertex 55.1 14 4.6899999999999995
      vertex 55.1 163 3.5999999999999996
    endloop
  endfacet
  facet normal -1 0 0
    outer loop
      vertex 55.1 163 3.5999999999999996
      vertex 55.1 14 4.8
      vertex 55.1 163 4.8
    endloop
  endfacet
  facet normal 0 -1 0
    outer loop
      vertex 40.1 164 3.5999999999999996
      vertex 55.1 164 3.5999999999999996
      vertex 55.1 164 4.8
    endloop
  endfacet
  facet normal -1 0 0
    outer loop
      vertex 55.1 163 3.5999999999999996
      vertex 55.1 164 4.8
      vertex 55.1 164 3.5999999999999996
    endloop
  endfacet
  facet normal -1 0 0
    outer loop
      vertex 55.1 163 3.5999999999999996
      vertex 55.1 163 4.8
      vertex 55.1 164 4.8
    endloop
  endfacet
  facet normal 0.995184726672197 0 0.09801714032955905
    outer loop
      vertex 12.648036798991924 -3.0999999999999996 10.01227419495968
      vertex 12.648036798991924 -1.9 10.01227419495968
      vertex 12.600000000000001 -3.0999999999999996 10.5
    endloop
  endfacet
  facet normal 0.995184726672197 0 0.09801714032955905
    outer loop
      vertex 12.600000000000001 -3.0999999999999996 10.5
      vertex 12.648036798991924 -1.9 10.01227419495968
      vertex 12.600000000000001 -1.9 10.5
    endloop
  endfacet
  facet normal 0.8819212643483553 0 0.4713967368259971
    outer loop
      vertex 13.021325969243637 -3.0999999999999996 9.111074417450995
      vertex 13.021325969243637 -1.9 9.111074417450995
      vertex 12.790301168721784 -3.0999999999999996 9.543291419087275
    endloop
  endfacet
  facet normal 0.9569403357322086 5.708407762209027e-18 0.2902846772544631
    outer loop
      vertex 12.648036798991924 -3.0999999999999996 10.01227419495968
      vertex 12.790301168721784 -3.0999999999999996 9.543291419087275
      vertex 12.790301168721784 -1.9 9.543291419087275
    endloop
  endfacet
  facet normal 0.9569403357322086 0 0.2902846772544631
    outer loop
      vertex 12.648036798991924 -3.0999999999999996 10.01227419495968
      vertex 12.790301168721784 -1.9 9.543291419087275
      vertex 12.648036798991924 -1.9 10.01227419495968
    endloop
  endfacet
  facet normal 0.8819212643483553 0 0.4713967368259971
    outer loop
      vertex 12.790301168721784 -3.0999999999999996 9.543291419087275
      vertex 13.021325969243637 -1.9 9.111074417450995
      vertex 12.790301168721784 -1.9 9.543291419087275
    endloop
  endfacet
  facet normal 0.7730104533627367 0 0.6343932841636459
    outer loop
      vertex 13.332233047033633 -3.0999999999999996 8.732233047033631
      vertex 13.332233047033633 -1.9 8.732233047033631
      vertex 13.021325969243637 -3.0999999999999996 9.111074417450995
    endloop
  endfacet
  facet normal 0.7730104533627367 0 0.6343932841636459
    outer loop
      vertex 13.021325969243637 -3.0999999999999996 9.111074417450995
      vertex 13.332233047033633 -1.9 8.732233047033631
      vertex 13.021325969243637 -1.9 9.111074417450995
    endloop
  endfacet
  facet normal 0.6343932841636459 -7.351240427765097e-18 0.7730104533627367
    outer loop
      vertex 13.332233047033633 -3.0999999999999996 8.732233047033631
      vertex 13.711074417450996 -3.0999999999999996 8.421325969243636
      vertex 13.711074417450996 -1.9 8.421325969243636
    endloop
  endfacet
  facet normal 0.4713967368259971 6.566230935427204e-18 0.8819212643483553
    outer loop
      vertex 13.711074417450996 -3.0999999999999996 8.421325969243636
      vertex 14.143291419087276 -3.0999999999999996 8.190301168721783
      vertex 14.143291419087276 -1.9 8.190301168721783
    endloop
  endfacet
  facet normal 0.4713967368259971 0 0.8819212643483553
    outer loop
      vertex 13.711074417450996 -3.0999999999999996 8.421325969243636
      vertex 14.143291419087276 -1.9 8.190301168721783
      vertex 13.711074417450996 -1.9 8.421325969243636
    endloop
  endfacet
  facet normal 0.2902846772544631 0 0.9569403357322086
    outer loop
      vertex 14.612274194959681 -3.0999999999999996 8.048036798991923
      vertex 14.612274194959681 -1.9 8.048036798991923
      vertex 14.143291419087276 -3.0999999999999996 8.190301168721783
    endloop
  endfacet
  facet normal 0.2902846772544631 0 0.9569403357322086
    outer loop
      vertex 14.143291419087276 -3.0999999999999996 8.190301168721783
      vertex 14.612274194959681 -1.9 8.048036798991923
      vertex 14.143291419087276 -1.9 8.190301168721783
    endloop
  endfacet
  facet normal 0.09801714032955905 0 0.995184726672197
    outer loop
      vertex 14.612274194959681 -3.0999999999999996 8.048036798991923
      vertex 15.100000000000001 -1.9 8
      vertex 14.612274194959681 -1.9 8.048036798991923
    endloop
  endfacet
  facet normal 0.6343932841636459 0 0.7730104533627367
    outer loop
      vertex 13.332233047033633 -3.0999999999999996 8.732233047033631
      vertex 13.711074417450996 -1.9 8.421325969243636
      vertex 13.332233047033633 -1.9 8.732233047033631
    endloop
  endfacet
  facet normal 0.09801714032955905 -1.5566555957259284e-19 0.995184726672197
    outer loop
      vertex 14.612274194959681 -3.0999999999999996 8.048036798991923
      vertex 15.100000000000001 -3.0999999999999996 8
      vertex 15.100000000000001 -1.9 8
    endloop
  endfacet
  facet normal 1 0 0
    outer loop
      vertex 12.600000000000001 -3.0999999999999996 10.5
      vertex 12.600000000000001 -1.9 10.5
      vertex 12.600000000000001 -3.0999999999999996 59.5
    endloop
  endfacet
  facet normal 1 0 0
    outer loop
      vertex 12.600000000000001 -1.9 10.5
      vertex 12.600000000000001 -1.9 59.5
      vertex 12.600000000000001 -3.0999999999999996 59.5
    endloop
  endfacet
  facet normal 0.995184726672197 0 -0.09801714032955905
    outer loop
      vertex 12.600000000000001 -3.0999999999999996 59.5
      vertex 12.600000000000001 -1.9 59.5
      vertex 12.648036798991924 -3.0999999999999996 59.98772580504032
    endloop
  endfacet
  facet normal 0.995184726672197 1.5566555957259284e-19 -0.09801714032955905
    outer loop
      vertex 12.600000000000001 -1.9 59.5
      vertex 12.648036798991924 -1.9 59.98772580504032
      vertex 12.648036798991924 -3.0999999999999996 59.98772580504032
    endloop
  endfacet
  facet normal 0.9569403357322086 0 -0.2902846772544631
    outer loop
      vertex 12.648036798991924 -3.0999999999999996 59.98772580504032
      vertex 12.648036798991924 -1.9 59.98772580504032
      vertex 12.790301168721784 -3.0999999999999996 60.456708580912725
    endloop
  endfacet
  facet normal 0.8819212643483562 0 -0.4713967368259957
    outer loop
      vertex 12.790301168721784 -3.0999999999999996 60.456708580912725
      vertex 12.790301168721784 -1.9 60.456708580912725
      vertex 13.021325969243637 -3.0999999999999996 60.88892558254901
    endloop
  endfacet
  facet normal 0.9569403357322086 0 -0.2902846772544631
    outer loop
      vertex 12.790301168721784 -3.0999999999999996 60.456708580912725
      vertex 12.648036798991924 -1.9 59.98772580504032
      vertex 12.790301168721784 -1.9 60.456708580912725
    endloop
  endfacet
  facet normal 0.8819212643483562 0 -0.4713967368259957
    outer loop
      vertex 13.021325969243637 -3.0999999999999996 60.88892558254901
      vertex 12.790301168721784 -1.9 60.456708580912725
      vertex 13.021325969243637 -1.9 60.88892558254901
    endloop
  endfacet
  facet normal 0.7730104533627351 0 -0.6343932841636477
    outer loop
      vertex 13.021325969243637 -3.0999999999999996 60.88892558254901
      vertex 13.021325969243637 -1.9 60.88892558254901
      vertex 13.332233047033633 -3.0999999999999996 61.26776695296637
    endloop
  endfacet
  facet normal 0.7730104533627351 0 -0.6343932841636477
    outer loop
      vertex 13.332233047033633 -3.0999999999999996 61.26776695296637
      vertex 13.021325969243637 -1.9 60.88892558254901
      vertex 13.332233047033633 -1.9 61.26776695296637
    endloop
  endfacet
  facet normal 0.6343932841636416 0 -0.7730104533627403
    outer loop
      vertex 13.332233047033633 -3.0999999999999996 61.26776695296637
      vertex 13.332233047033633 -1.9 61.26776695296637
      vertex 13.711074417450996 -3.0999999999999996 61.57867403075636
    endloop
  endfacet
  facet normal 0.6343932841636416 0 -0.7730104533627403
    outer loop
      vertex 13.711074417450996 -3.0999999999999996 61.57867403075636
      vertex 13.332233047033633 -1.9 61.26776695296637
      vertex 13.711074417450996 -1.9 61.57867403075636
    endloop
  endfacet
  facet normal 0.4713967368260055 0 -0.8819212643483507
    outer loop
      vertex 13.711074417450996 -3.0999999999999996 61.57867403075636
      vertex 13.711074417450996 -1.9 61.57867403075636
      vertex 14.143291419087276 -3.0999999999999996 61.80969883127822
    endloop
  endfacet
  facet normal 0.4713967368260055 0 -0.8819212643483507
    outer loop
      vertex 14.143291419087276 -3.0999999999999996 61.80969883127822
      vertex 13.711074417450996 -1.9 61.57867403075636
      vertex 14.143291419087276 -1.9 61.80969883127822
    endloop
  endfacet
  facet normal 0.2902846772544598 0 -0.9569403357322096
    outer loop
      vertex 14.143291419087276 -3.0999999999999996 61.80969883127822
      vertex 14.143291419087276 -1.9 61.80969883127822
      vertex 14.612274194959681 -3.0999999999999996 61.95196320100808
    endloop
  endfacet
  facet normal 0.2902846772544598 0 -0.9569403357322096
    outer loop
      vertex 14.612274194959681 -3.0999999999999996 61.95196320100808
      vertex 14.143291419087276 -1.9 61.80969883127822
      vertex 14.612274194959681 -1.9 61.95196320100808
    endloop
  endfacet
  facet normal 0.09801714032955905 0 -0.995184726672197
    outer loop
      vertex 14.612274194959681 -3.0999999999999996 61.95196320100808
      vertex 14.612274194959681 -1.9 61.95196320100808
      vertex 15.100000000000001 -3.0999999999999996 62
    endloop
  endfacet
  facet normal 0.09801714032955905 0 -0.995184726672197
    outer loop
      vertex 15.100000000000001 -3.0999999999999996 62
      vertex 14.612274194959681 -1.9 61.95196320100808
      vertex 15.100000000000001 -1.9 62
    endloop
  endfacet
  facet normal 0 0 1
    outer loop
      vertex 15.100000000000001 -3.0999999999999996 8
      vertex 80.1 -1.9 8
      vertex 15.100000000000001 -1.9 8
    endloop
  endfacet
  facet normal 0 0 -1
    outer loop
      vertex 15.100000000000001 -3.0999999999999996 62
      vertex 15.100000000000001 -1.9 62
      vertex 80.1 -3.0999999999999996 62
    endloop
  endfacet
  facet normal 0 0 1
    outer loop
      vertex 15.100000000000001 -3.0999999999999996 8
      vertex 80.1 -3.0999999999999996 8
      vertex 80.1 -1.9 8
    endloop
  endfacet
  facet normal 0 0 -1
    outer loop
      vertex 15.100000000000001 -1.9 62
      vertex 80.1 -1.9 62
      vertex 80.1 -3.0999999999999996 62
    endloop
  endfacet
  facet normal -0.09801714032955762 0 0.9951847266721972
    outer loop
      vertex 80.1 -3.0999999999999996 8
      vertex 80.58772580504032 -1.9 8.048036798991923
      vertex 80.1 -1.9 8
    endloop
  endfacet
  facet normal -0.09801714032955762 2.3936830343914193e-18 0.9951847266721972
    outer loop
      vertex 80.1 -3.0999999999999996 8
      vertex 80.58772580504032 -3.0999999999999996 8.048036798991923
      vertex 80.58772580504032 -1.9 8.048036798991923
    endloop
  endfacet
  facet normal -0.2902846772544631 -5.708407762209027e-18 0.9569403357322086
    outer loop
      vertex 80.58772580504032 -3.0999999999999996 8.048036798991923
      vertex 81.05670858091273 -3.0999999999999996 8.190301168721783
      vertex 81.05670858091273 -1.9 8.190301168721783
    endloop
  endfacet
  facet normal -0.2902846772544631 0 0.9569403357322086
    outer loop
      vertex 80.58772580504032 -3.0999999999999996 8.048036798991923
      vertex 81.05670858091273 -1.9 8.190301168721783
      vertex 80.58772580504032 -1.9 8.048036798991923
    endloop
  endfacet
  facet normal -0.47139673682600164 1.9391572175168536e-19 0.8819212643483528
    outer loop
      vertex 81.05670858091273 -3.0999999999999996 8.190301168721783
      vertex 81.488925582549 -3.0999999999999996 8.421325969243636
      vertex 81.488925582549 -1.9 8.421325969243636
    endloop
  endfacet
  facet normal -0.47139673682600164 0 0.8819212643483528
    outer loop
      vertex 81.05670858091273 -3.0999999999999996 8.190301168721783
      vertex 81.488925582549 -1.9 8.421325969243636
      vertex 81.05670858091273 -1.9 8.190301168721783
    endloop
  endfacet
  facet normal -0.6343932841636335 0 0.7730104533627468
    outer loop
      vertex 81.488925582549 -3.0999999999999996 8.421325969243636
      vertex 81.86776695296638 -1.9 8.732233047033631
      vertex 81.488925582549 -1.9 8.421325969243636
    endloop
  endfacet
  facet normal -0.6343932841636335 -2.7310098277716483e-18 0.7730104533627468
    outer loop
      vertex 81.488925582549 -3.0999999999999996 8.421325969243636
      vertex 81.86776695296638 -3.0999999999999996 8.732233047033631
      vertex 81.86776695296638 -1.9 8.732233047033631
    endloop
  endfacet
  facet normal -0.7730104533627543 9.310919622064253e-18 0.6343932841636242
    outer loop
      vertex 81.86776695296638 -3.0999999999999996 8.732233047033631
      vertex 82.17867403075635 -3.0999999999999996 9.111074417450995
      vertex 82.17867403075635 -1.9 9.111074417450995
    endloop
  endfacet
  facet normal -0.7730104533627543 0 0.6343932841636242
    outer loop
      vertex 81.86776695296638 -3.0999999999999996 8.732233047033631
      vertex 82.17867403075635 -1.9 9.111074417450995
      vertex 81.86776695296638 -1.9 8.732233047033631
    endloop
  endfacet
  facet normal -0.8819212643483569 9.39099560063411e-18 0.4713967368259943
    outer loop
      vertex 82.17867403075635 -3.0999999999999996 9.111074417450995
      vertex 82.4096988312782 -3.0999999999999996 9.543291419087275
      vertex 82.4096988312782 -1.9 9.543291419087275
    endloop
  endfacet
  facet normal -0.9569403357322015 -7.867327007080036e-19 0.29028467725448637
    outer loop
      vertex 82.4096988312782 -3.0999999999999996 9.543291419087275
      vertex 82.55196320100808 -3.0999999999999996 10.01227419495968
      vertex 82.55196320100808 -1.9 10.01227419495968
    endloop
  endfacet
  facet normal -0.8819212643483569 0 0.4713967368259943
    outer loop
      vertex 82.17867403075635 -3.0999999999999996 9.111074417450995
      vertex 82.4096988312782 -1.9 9.543291419087275
      vertex 82.17867403075635 -1.9 9.111074417450995
    endloop
  endfacet
  facet normal -0.9569403357322015 0 0.29028467725448637
    outer loop
      vertex 82.4096988312782 -3.0999999999999996 9.543291419087275
      vertex 82.55196320100808 -1.9 10.01227419495968
      vertex 82.4096988312782 -1.9 9.543291419087275
    endloop
  endfacet
  facet normal -0.9951847266721986 9.671339391406977e-19 0.0980171403295447
    outer loop
      vertex 82.55196320100808 -3.0999999999999996 10.01227419495968
      vertex 82.6 -3.0999999999999996 10.5
      vertex 82.6 -1.9 10.5
    endloop
  endfacet
  facet normal -0.9951847266721986 0 0.0980171403295447
    outer loop
      vertex 82.55196320100808 -3.0999999999999996 10.01227419495968
      vertex 82.6 -1.9 10.5
      vertex 82.55196320100808 -1.9 10.01227419495968
    endloop
  endfacet
  facet normal -1 0 0
    outer loop
      vertex 82.6 -3.0999999999999996 10.5
      vertex 82.6 -1.9 59.5
      vertex 82.6 -1.9 10.5
    endloop
  endfacet
  facet normal -1 0 0
    outer loop
      vertex 82.6 -3.0999999999999996 10.5
      vertex 82.6 -3.0999999999999996 59.5
      vertex 82.6 -1.9 59.5
    endloop
  endfacet
  facet normal -0.09801714032955762 0 -0.9951847266721972
    outer loop
      vertex 80.1 -3.0999999999999996 62
      vertex 80.1 -1.9 62
      vertex 80.58772580504032 -3.0999999999999996 61.95196320100808
    endloop
  endfacet
  facet normal -0.09801714032955762 0 -0.9951847266721972
    outer loop
      vertex 80.58772580504032 -3.0999999999999996 61.95196320100808
      vertex 80.1 -1.9 62
      vertex 80.58772580504032 -1.9 61.95196320100808
    endloop
  endfacet
  facet normal -0.2902846772544598 6.411504199566323e-18 -0.9569403357322096
    outer loop
      vertex 81.05670858091273 -3.0999999999999996 61.80969883127822
      vertex 80.58772580504032 -3.0999999999999996 61.95196320100808
      vertex 80.58772580504032 -1.9 61.95196320100808
    endloop
  endfacet
  facet normal -0.2902846772544598 0 -0.9569403357322096
    outer loop
      vertex 81.05670858091273 -3.0999999999999996 61.80969883127822
      vertex 80.58772580504032 -1.9 61.95196320100808
      vertex 81.05670858091273 -1.9 61.80969883127822
    endloop
  endfacet
  facet normal -0.6343932841636292 0 -0.7730104533627504
    outer loop
      vertex 81.86776695296638 -3.0999999999999996 61.26776695296637
      vertex 81.488925582549 -1.9 61.57867403075636
      vertex 81.86776695296638 -1.9 61.26776695296637
    endloop
  endfacet
  facet normal -0.4713967368260101 0 -0.8819212643483483
    outer loop
      vertex 81.05670858091273 -3.0999999999999996 61.80969883127822
      vertex 81.05670858091273 -1.9 61.80969883127822
      vertex 81.488925582549 -3.0999999999999996 61.57867403075636
    endloop
  endfacet
  facet normal -0.4713967368260101 0 -0.8819212643483483
    outer loop
      vertex 81.488925582549 -3.0999999999999996 61.57867403075636
      vertex 81.05670858091273 -1.9 61.80969883127822
      vertex 81.488925582549 -1.9 61.57867403075636
    endloop
  endfacet
  facet normal -0.6343932841636292 0 -0.7730104533627504
    outer loop
      vertex 81.488925582549 -3.0999999999999996 61.57867403075636
      vertex 81.488925582549 -1.9 61.57867403075636
      vertex 81.86776695296638 -3.0999999999999996 61.26776695296637
    endloop
  endfacet
  facet normal -0.9951847266721986 -9.671339391406977e-19 -0.0980171403295447
    outer loop
      vertex 82.6 -3.0999999999999996 59.5
      vertex 82.55196320100808 -3.0999999999999996 59.98772580504032
      vertex 82.55196320100808 -1.9 59.98772580504032
    endloop
  endfacet
  facet normal -0.9951847266721986 0 -0.0980171403295447
    outer loop
      vertex 82.6 -3.0999999999999996 59.5
      vertex 82.55196320100808 -1.9 59.98772580504032
      vertex 82.6 -1.9 59.5
    endloop
  endfacet
  facet normal -0.773010453362753 9.475232657461264e-18 -0.6343932841636261
    outer loop
      vertex 82.17867403075635 -3.0999999999999996 60.88892558254901
      vertex 81.86776695296638 -3.0999999999999996 61.26776695296637
      vertex 81.86776695296638 -1.9 61.26776695296637
    endloop
  endfacet
  facet normal -0.773010453362753 0 -0.6343932841636261
    outer loop
      vertex 82.17867403075635 -3.0999999999999996 60.88892558254901
      vertex 81.86776695296638 -1.9 61.26776695296637
      vertex 82.17867403075635 -1.9 60.88892558254901
    endloop
  endfacet
  facet normal -0.9569403357322015 0 -0.29028467725448637
    outer loop
      vertex 82.4096988312782 -3.0999999999999996 60.456708580912725
      vertex 82.4096988312782 -1.9 60.456708580912725
      vertex 82.55196320100808 -3.0999999999999996 59.98772580504032
    endloop
  endfacet
  facet normal -0.8819212643483577 7.282375191302605e-19 -0.4713967368259928
    outer loop
      vertex 82.4096988312782 -3.0999999999999996 60.456708580912725
      vertex 82.17867403075635 -3.0999999999999996 60.88892558254901
      vertex 82.17867403075635 -1.9 60.88892558254901
    endloop
  endfacet
  facet normal -0.8819212643483577 0 -0.4713967368259928
    outer loop
      vertex 82.4096988312782 -3.0999999999999996 60.456708580912725
      vertex 82.17867403075635 -1.9 60.88892558254901
      vertex 82.4096988312782 -1.9 60.456708580912725
    endloop
  endfacet
  facet normal -0.9569403357322015 0 -0.29028467725448637
    outer loop
      vertex 82.55196320100808 -3.0999999999999996 59.98772580504032
      vertex 82.4096988312782 -1.9 60.456708580912725
      vertex 82.55196320100808 -1.9 59.98772580504032
    endloop
  endfacet
  facet normal 0 -1 0
    outer loop
      vertex 7 -3.0999999999999996 3
      vertex 13.332233047033633 -3.0999999999999996 8.732233047033631
      vertex 13.021325969243637 -3.0999999999999996 9.111074417450995
    endloop
  endfacet
  facet normal 0 -1 0
    outer loop
      vertex 7 -3.0999999999999996 3
      vertex 12.648036798991924 -3.0999999999999996 10.01227419495968
      vertex 12.600000000000001 -3.0999999999999996 10.5
    endloop
  endfacet
  facet normal 0 -1 0
    outer loop
      vertex 7 -3.0999999999999996 3
      vertex 13.021325969243637 -3.0999999999999996 9.111074417450995
      vertex 12.790301168721784 -3.0999999999999996 9.543291419087275
    endloop
  endfacet
  facet normal 0 -1 0
    outer loop
      vertex 7 -3.0999999999999996 3
      vertex 12.790301168721784 -3.0999999999999996 9.543291419087275
      vertex 12.648036798991924 -3.0999999999999996 10.01227419495968
    endloop
  endfacet
  facet normal 0 -1 0
    outer loop
      vertex 7 -3.0999999999999996 3
      vertex 13.711074417450996 -3.0999999999999996 8.421325969243636
      vertex 13.332233047033633 -3.0999999999999996 8.732233047033631
    endloop
  endfacet
  facet normal 0 -1 0
    outer loop
      vertex 7 -3.0999999999999996 3
      vertex 14.143291419087276 -3.0999999999999996 8.190301168721783
      vertex 13.711074417450996 -3.0999999999999996 8.421325969243636
    endloop
  endfacet
  facet normal -1 0 0
    outer loop
      vertex 7 -3.0999999999999996 3
      vertex 7 -3.0999999999999996 68
      vertex 7 0 3
    endloop
  endfacet
  facet normal 0 -1 0
    outer loop
      vertex 7 -3.0999999999999996 3
      vertex 12.600000000000001 -3.0999999999999996 10.5
      vertex 12.600000000000001 -3.0999999999999996 59.5
    endloop
  endfacet
  facet normal 0 -1 0
    outer loop
      vertex 7 -3.0999999999999996 3
      vertex 12.600000000000001 -3.0999999999999996 59.5
      vertex 7 -3.0999999999999996 68
    endloop
  endfacet
  facet normal 0 -1 0
    outer loop
      vertex 7 -3.0999999999999996 3
      vertex 14.612274194959681 -3.0999999999999996 8.048036798991923
      vertex 14.143291419087276 -3.0999999999999996 8.190301168721783
    endloop
  endfacet
  facet normal 0 -1 0
    outer loop
      vertex 7 -3.0999999999999996 3
      vertex 15.100000000000001 -3.0999999999999996 8
      vertex 14.612274194959681 -3.0999999999999996 8.048036798991923
    endloop
  endfacet
  facet normal -1 0 0
    outer loop
      vertex 7 -3.0999999999999996 68
      vertex 7 0 68
      vertex 7 0 3
    endloop
  endfacet
  facet normal 0 0 1
    outer loop
      vertex 7 -3.0999999999999996 68
      vertex 8.6 -1.9 68
      vertex 7 0 68
    endloop
  endfacet
  facet normal 0 0 1
    outer loop
      vertex 8.6 -1.9 68
      vertex 8.6 0 68
      vertex 7 0 68
    endloop
  endfacet
  facet normal 0 -1 0
    outer loop
      vertex 12.600000000000001 -3.0999999999999996 59.5
      vertex 12.648036798991924 -3.0999999999999996 59.98772580504032
      vertex 7 -3.0999999999999996 68
    endloop
  endfacet
  facet normal 0 -1 0
    outer loop
      vertex 7 -3.0999999999999996 68
      vertex 12.648036798991924 -3.0999999999999996 59.98772580504032
      vertex 12.790301168721784 -3.0999999999999996 60.456708580912725
    endloop
  endfacet
  facet normal 0 -1 0
    outer loop
      vertex 7 -3.0999999999999996 68
      vertex 12.790301168721784 -3.0999999999999996 60.456708580912725
      vertex 13.021325969243637 -3.0999999999999996 60.88892558254901
    endloop
  endfacet
  facet normal 0 -1 0
    outer loop
      vertex 7 -3.0999999999999996 68
      vertex 13.021325969243637 -3.0999999999999996 60.88892558254901
      vertex 13.332233047033633 -3.0999999999999996 61.26776695296637
    endloop
  endfacet
  facet normal 0 -1 0
    outer loop
      vertex 7 -3.0999999999999996 68
      vertex 13.332233047033633 -3.0999999999999996 61.26776695296637
      vertex 13.711074417450996 -3.0999999999999996 61.57867403075636
    endloop
  endfacet
  facet normal 0 -1 0
    outer loop
      vertex 7 -3.0999999999999996 68
      vertex 13.711074417450996 -3.0999999999999996 61.57867403075636
      vertex 14.143291419087276 -3.0999999999999996 61.80969883127822
    endloop
  endfacet
  facet normal 0 -1 0
    outer loop
      vertex 7 -3.0999999999999996 68
      vertex 14.143291419087276 -3.0999999999999996 61.80969883127822
      vertex 14.612274194959681 -3.0999999999999996 61.95196320100808
    endloop
  endfacet
  facet normal 0 -1 0
    outer loop
      vertex 7 -3.0999999999999996 68
      vertex 14.612274194959681 -3.0999999999999996 61.95196320100808
      vertex 15.100000000000001 -3.0999999999999996 62
    endloop
  endfacet
  facet normal 0 0 -1
    outer loop
      vertex 7 -3.0999999999999996 3
      vertex 7 0 3
      vertex 88.2 0 3
    endloop
  endfacet
  facet normal 0 -1 0
    outer loop
      vertex 7 -3.0999999999999996 3
      vertex 88.2 -3.0999999999999996 3
      vertex 15.100000000000001 -3.0999999999999996 8
    endloop
  endfacet
  facet normal 0 1 0
    outer loop
      vertex 40.1 0.6000000000000001 3.5199999999999996
      vertex 55.1 0.6000000000000001 5.8
      vertex 40.1 0.6000000000000001 3.1999999999999997
    endloop
  endfacet
  facet normal 0 1 0
    outer loop
      vertex 40.1 0.6000000000000001 5.8
      vertex 55.1 0.6000000000000001 5.8
      vertex 40.1 0.6000000000000001 3.5199999999999996
    endloop
  endfacet
  facet normal 0 -1 0
    outer loop
      vertex 7 -3.0999999999999996 68
      vertex 15.100000000000001 -3.0999999999999996 62
      vertex 80.1 -3.0999999999999996 62
    endloop
  endfacet
  facet normal 0 0 1
    outer loop
      vertex 7 -3.0999999999999996 68
      vertex 88.2 -3.0999999999999996 68
      vertex 8.6 -1.9 68
    endloop
  endfacet
  facet normal 0 1 0
    outer loop
      vertex 55.1 0.6000000000000001 5.8
      vertex 55.1 0.6000000000000001 3.1999999999999997
      vertex 40.1 0.6000000000000001 3.1999999999999997
    endloop
  endfacet
  facet normal 0 0 -1
    outer loop
      vertex 7 -3.0999999999999996 3
      vertex 88.2 0 3
      vertex 88.2 -3.0999999999999996 3
    endloop
  endfacet
  facet normal 0 -1 0
    outer loop
      vertex 15.100000000000001 -3.0999999999999996 8
      vertex 88.2 -3.0999999999999996 3
      vertex 80.1 -3.0999999999999996 8
    endloop
  endfacet
  facet normal 0 -1 0
    outer loop
      vertex 7 -3.0999999999999996 68
      vertex 80.1 -3.0999999999999996 62
      vertex 88.2 -3.0999999999999996 68
    endloop
  endfacet
  facet normal 0 0 1
    outer loop
      vertex 8.6 -1.9 68
      vertex 88.2 -3.0999999999999996 68
      vertex 86.6 -1.9 68
    endloop
  endfacet
  facet normal 0 -1 0
    outer loop
      vertex 80.1 -3.0999999999999996 8
      vertex 88.2 -3.0999999999999996 3
      vertex 80.58772580504032 -3.0999999999999996 8.048036798991923
    endloop
  endfacet
  facet normal 0 -1 0
    outer loop
      vertex 80.58772580504032 -3.0999999999999996 8.048036798991923
      vertex 88.2 -3.0999999999999996 3
      vertex 81.05670858091273 -3.0999999999999996 8.190301168721783
    endloop
  endfacet
  facet normal 0 -1 0
    outer loop
      vertex 81.05670858091273 -3.0999999999999996 8.190301168721783
      vertex 88.2 -3.0999999999999996 3
      vertex 81.488925582549 -3.0999999999999996 8.421325969243636
    endloop
  endfacet
  facet normal 0 -1 0
    outer loop
      vertex 81.488925582549 -3.0999999999999996 8.421325969243636
      vertex 88.2 -3.0999999999999996 3
      vertex 81.86776695296638 -3.0999999999999996 8.732233047033631
    endloop
  endfacet
  facet normal 0 -1 0
    outer loop
      vertex 81.86776695296638 -3.0999999999999996 8.732233047033631
      vertex 88.2 -3.0999999999999996 3
      vertex 82.17867403075635 -3.0999999999999996 9.111074417450995
    endloop
  endfacet
  facet normal 0 -1 0
    outer loop
      vertex 82.17867403075635 -3.0999999999999996 9.111074417450995
      vertex 88.2 -3.0999999999999996 3
      vertex 82.4096988312782 -3.0999999999999996 9.543291419087275
    endloop
  endfacet
  facet normal 0 -1 0
    outer loop
      vertex 82.4096988312782 -3.0999999999999996 9.543291419087275
      vertex 88.2 -3.0999999999999996 3
      vertex 82.55196320100808 -3.0999999999999996 10.01227419495968
    endloop
  endfacet
  facet normal 0 -1 0
    outer loop
      vertex 82.55196320100808 -3.0999999999999996 10.01227419495968
      vertex 88.2 -3.0999999999999996 3
      vertex 82.6 -3.0999999999999996 10.5
    endloop
  endfacet
  facet normal 0 -1 0
    outer loop
      vertex 82.6 -3.0999999999999996 10.5
      vertex 88.2 -3.0999999999999996 3
      vertex 88.2 -3.0999999999999996 68
    endloop
  endfacet
  facet normal 1 0 0
    outer loop
      vertex 88.2 -3.0999999999999996 3
      vertex 88.2 0 3
      vertex 88.2 0 68
    endloop
  endfacet
  facet normal 0 -1 0
    outer loop
      vertex 80.1 -3.0999999999999996 62
      vertex 80.58772580504032 -3.0999999999999996 61.95196320100808
      vertex 88.2 -3.0999999999999996 68
    endloop
  endfacet
  facet normal 0 -1 0
    outer loop
      vertex 81.05670858091273 -3.0999999999999996 61.80969883127822
      vertex 88.2 -3.0999999999999996 68
      vertex 80.58772580504032 -3.0999999999999996 61.95196320100808
    endloop
  endfacet
  facet normal 0 -1 0
    outer loop
      vertex 82.6 -3.0999999999999996 10.5
      vertex 88.2 -3.0999999999999996 68
      vertex 82.6 -3.0999999999999996 59.5
    endloop
  endfacet
  facet normal 1 0 0
    outer loop
      vertex 88.2 -3.0999999999999996 3
      vertex 88.2 0 68
      vertex 88.2 -3.0999999999999996 68
    endloop
  endfacet
  facet normal 0 -1 0
    outer loop
      vertex 82.4096988312782 -3.0999999999999996 60.456708580912725
      vertex 82.55196320100808 -3.0999999999999996 59.98772580504032
      vertex 88.2 -3.0999999999999996 68
    endloop
  endfacet
  facet normal 0 -1 0
    outer loop
      vertex 82.6 -3.0999999999999996 59.5
      vertex 88.2 -3.0999999999999996 68
      vertex 82.55196320100808 -3.0999999999999996 59.98772580504032
    endloop
  endfacet
  facet normal 0 -1 0
    outer loop
      vertex 81.05670858091273 -3.0999999999999996 61.80969883127822
      vertex 81.488925582549 -3.0999999999999996 61.57867403075636
      vertex 88.2 -3.0999999999999996 68
    endloop
  endfacet
  facet normal 0 -1 0
    outer loop
      vertex 81.488925582549 -3.0999999999999996 61.57867403075636
      vertex 81.86776695296638 -3.0999999999999996 61.26776695296637
      vertex 88.2 -3.0999999999999996 68
    endloop
  endfacet
  facet normal 0 -1 0
    outer loop
      vertex 82.17867403075635 -3.0999999999999996 60.88892558254901
      vertex 88.2 -3.0999999999999996 68
      vertex 81.86776695296638 -3.0999999999999996 61.26776695296637
    endloop
  endfacet
  facet normal 0 -1 0
    outer loop
      vertex 82.4096988312782 -3.0999999999999996 60.456708580912725
      vertex 88.2 -3.0999999999999996 68
      vertex 82.17867403075635 -3.0999999999999996 60.88892558254901
    endloop
  endfacet
  facet normal 0 0 1
    outer loop
      vertex 86.6 -1.9 68
      vertex 88.2 0 68
      vertex 86.6 0 68
    endloop
  endfacet
  facet normal 0 0 1
    outer loop
      vertex 88.2 -3.0999999999999996 68
      vertex 88.2 0 68
      vertex 86.6 -1.9 68
    endloop
  endfacet
  facet normal 0 1 0
    outer loop
      vertex 8.6 -1.9 4
      vertex 13.332233047033633 -1.9 8.732233047033631
      vertex 13.711074417450996 -1.9 8.421325969243636
    endloop
  endfacet
  facet normal 0 1 0
    outer loop
      vertex 8.6 -1.9 4
      vertex 12.648036798991924 -1.9 10.01227419495968
      vertex 12.790301168721784 -1.9 9.543291419087275
    endloop
  endfacet
  facet normal 0 1 0
    outer loop
      vertex 8.6 -1.9 4
      vertex 12.790301168721784 -1.9 9.543291419087275
      vertex 13.021325969243637 -1.9 9.111074417450995
    endloop
  endfacet
  facet normal 0 1 0
    outer loop
      vertex 8.6 -1.9 4
      vertex 12.600000000000001 -1.9 10.5
      vertex 12.648036798991924 -1.9 10.01227419495968
    endloop
  endfacet
  facet normal 0 1 0
    outer loop
      vertex 8.6 -1.9 4
      vertex 13.021325969243637 -1.9 9.111074417450995
      vertex 13.332233047033633 -1.9 8.732233047033631
    endloop
  endfacet
  facet normal 1 0 0
    outer loop
      vertex 8.6 -1.9 4
      vertex 8.6 0 4
      vertex 8.6 0 68
    endloop
  endfacet
  facet normal 0 1 0
    outer loop
      vertex 8.6 -1.9 4
      vertex 8.6 -1.9 68
      vertex 12.600000000000001 -1.9 10.5
    endloop
  endfacet
  facet normal 0 1 0
    outer loop
      vertex 8.6 -1.9 4
      vertex 13.711074417450996 -1.9 8.421325969243636
      vertex 14.143291419087276 -1.9 8.190301168721783
    endloop
  endfacet
  facet normal 0 1 0
    outer loop
      vertex 8.6 -1.9 4
      vertex 14.143291419087276 -1.9 8.190301168721783
      vertex 14.612274194959681 -1.9 8.048036798991923
    endloop
  endfacet
  facet normal 0 1 0
    outer loop
      vertex 8.6 -1.9 4
      vertex 14.612274194959681 -1.9 8.048036798991923
      vertex 15.100000000000001 -1.9 8
    endloop
  endfacet
  facet normal 0 0 1
    outer loop
      vertex 8.6 -1.9 4
      vertex 40.1 0 4
      vertex 8.6 0 4
    endloop
  endfacet
  facet normal 1 0 0
    outer loop
      vertex 8.6 -1.9 4
      vertex 8.6 0 68
      vertex 8.6 -1.9 68
    endloop
  endfacet
  facet normal 0 1 0
    outer loop
      vertex 12.600000000000001 -1.9 10.5
      vertex 8.6 -1.9 68
      vertex 12.600000000000001 -1.9 59.5
    endloop
  endfacet
  facet normal 0 1 0
    outer loop
      vertex 12.600000000000001 -1.9 59.5
      vertex 8.6 -1.9 68
      vertex 12.648036798991924 -1.9 59.98772580504032
    endloop
  endfacet
  facet normal 0 1 0
    outer loop
      vertex 8.6 -1.9 68
      vertex 12.790301168721784 -1.9 60.456708580912725
      vertex 12.648036798991924 -1.9 59.98772580504032
    endloop
  endfacet
  facet normal 0 1 0
    outer loop
      vertex 8.6 -1.9 68
      vertex 13.021325969243637 -1.9 60.88892558254901
      vertex 12.790301168721784 -1.9 60.456708580912725
    endloop
  endfacet
  facet normal 0 1 0
    outer loop
      vertex 8.6 -1.9 68
      vertex 13.332233047033633 -1.9 61.26776695296637
      vertex 13.021325969243637 -1.9 60.88892558254901
    endloop
  endfacet
  facet normal 0 1 0
    outer loop
      vertex 8.6 -1.9 68
      vertex 13.711074417450996 -1.9 61.57867403075636
      vertex 13.332233047033633 -1.9 61.26776695296637
    endloop
  endfacet
  facet normal 0 1 0
    outer loop
      vertex 8.6 -1.9 68
      vertex 14.143291419087276 -1.9 61.80969883127822
      vertex 13.711074417450996 -1.9 61.57867403075636
    endloop
  endfacet
  facet normal 0 1 0
    outer loop
      vertex 8.6 -1.9 68
      vertex 14.612274194959681 -1.9 61.95196320100808
      vertex 14.143291419087276 -1.9 61.80969883127822
    endloop
  endfacet
  facet normal 0 1 0
    outer loop
      vertex 8.6 -1.9 68
      vertex 15.100000000000001 -1.9 62
      vertex 14.612274194959681 -1.9 61.95196320100808
    endloop
  endfacet
  facet normal 0 0 1
    outer loop
      vertex 8.6 -1.9 4
      vertex 55.1 0 4
      vertex 40.1 0 4
    endloop
  endfacet
  facet normal 0 1 0
    outer loop
      vertex 8.6 -1.9 4
      vertex 15.100000000000001 -1.9 8
      vertex 80.1 -1.9 8
    endloop
  endfacet
  facet normal 0 -1 0
    outer loop
      vertex 40.1 0 4
      vertex 55.1 0 4
      vertex 40.1 0 5.8
    endloop
  endfacet
  facet normal 0 1 0
    outer loop
      vertex 8.6 -1.9 68
      vertex 80.1 -1.9 62
      vertex 15.100000000000001 -1.9 62
    endloop
  endfacet
  facet normal 0 0 1
    outer loop
      vertex 8.6 -1.9 4
      vertex 86.6 0 4
      vertex 55.1 0 4
    endloop
  endfacet
  facet normal 0 -1 0
    outer loop
      vertex 55.1 0 4
      vertex 55.1 0 5.8
      vertex 40.1 0 5.8
    endloop
  endfacet
  facet normal 0 1 0
    outer loop
      vertex 8.6 -1.9 4
      vertex 80.1 -1.9 8
      vertex 86.6 -1.9 4
    endloop
  endfacet
  facet normal 0 0 1
    outer loop
      vertex 8.6 -1.9 4
      vertex 86.6 -1.9 4
      vertex 86.6 0 4
    endloop
  endfacet
  facet normal 0 1 0
    outer loop
      vertex 8.6 -1.9 68
      vertex 86.6 -1.9 68
      vertex 80.1 -1.9 62
    endloop
  endfacet
  facet normal 0 1 0
    outer loop
      vertex 80.1 -1.9 8
      vertex 80.58772580504032 -1.9 8.048036798991923
      vertex 86.6 -1.9 4
    endloop
  endfacet
  facet normal 0 1 0
    outer loop
      vertex 80.58772580504032 -1.9 8.048036798991923
      vertex 81.05670858091273 -1.9 8.190301168721783
      vertex 86.6 -1.9 4
    endloop
  endfacet
  facet normal 0 1 0
    outer loop
      vertex 81.05670858091273 -1.9 8.190301168721783
      vertex 81.488925582549 -1.9 8.421325969243636
      vertex 86.6 -1.9 4
    endloop
  endfacet
  facet normal 0 1 0
    outer loop
      vertex 81.488925582549 -1.9 8.421325969243636
      vertex 81.86776695296638 -1.9 8.732233047033631
      vertex 86.6 -1.9 4
    endloop
  endfacet
  facet normal 0 1 0
    outer loop
      vertex 81.86776695296638 -1.9 8.732233047033631
      vertex 82.17867403075635 -1.9 9.111074417450995
      vertex 86.6 -1.9 4
    endloop
  endfacet
  facet normal 0 1 0
    outer loop
      vertex 82.17867403075635 -1.9 9.111074417450995
      vertex 82.4096988312782 -1.9 9.543291419087275
      vertex 86.6 -1.9 4
    endloop
  endfacet
  facet normal 0 1 0
    outer loop
      vertex 82.4096988312782 -1.9 9.543291419087275
      vertex 82.55196320100808 -1.9 10.01227419495968
      vertex 86.6 -1.9 4
    endloop
  endfacet
  facet normal 0 1 0
    outer loop
      vertex 82.55196320100808 -1.9 10.01227419495968
      vertex 82.6 -1.9 10.5
      vertex 86.6 -1.9 4
    endloop
  endfacet
  facet normal 0 1 0
    outer loop
      vertex 82.6 -1.9 10.5
      vertex 86.6 -1.9 68
      vertex 86.6 -1.9 4
    endloop
  endfacet
  facet normal -1 0 0
    outer loop
      vertex 86.6 -1.9 4
      vertex 86.6 -1.9 68
      vertex 86.6 0 4
    endloop
  endfacet
  facet normal 0 1 0
    outer loop
      vertex 80.1 -1.9 62
      vertex 86.6 -1.9 68
      vertex 80.58772580504032 -1.9 61.95196320100808
    endloop
  endfacet
  facet normal 0 1 0
    outer loop
      vertex 81.05670858091273 -1.9 61.80969883127822
      vertex 80.58772580504032 -1.9 61.95196320100808
      vertex 86.6 -1.9 68
    endloop
  endfacet
  facet normal 0 1 0
    outer loop
      vertex 81.05670858091273 -1.9 61.80969883127822
      vertex 86.6 -1.9 68
      vertex 81.488925582549 -1.9 61.57867403075636
    endloop
  endfacet
  facet normal 0 1 0
    outer loop
      vertex 82.6 -1.9 10.5
      vertex 82.6 -1.9 59.5
      vertex 86.6 -1.9 68
    endloop
  endfacet
  facet normal -1 0 0
    outer loop
      vertex 86.6 -1.9 68
      vertex 86.6 0 68
      vertex 86.6 0 4
    endloop
  endfacet
  facet normal 0 1 0
    outer loop
      vertex 82.4096988312782 -1.9 60.456708580912725
      vertex 86.6 -1.9 68
      vertex 82.55196320100808 -1.9 59.98772580504032
    endloop
  endfacet
  facet normal 0 1 0
    outer loop
      vertex 82.6 -1.9 59.5
      vertex 82.55196320100808 -1.9 59.98772580504032
      vertex 86.6 -1.9 68
    endloop
  endfacet
  facet normal 0 1 0
    outer loop
      vertex 82.17867403075635 -1.9 60.88892558254901
      vertex 81.86776695296638 -1.9 61.26776695296637
      vertex 86.6 -1.9 68
    endloop
  endfacet
  facet normal 0 1 0
    outer loop
      vertex 81.488925582549 -1.9 61.57867403075636
      vertex 86.6 -1.9 68
      vertex 81.86776695296638 -1.9 61.26776695296637
    endloop
  endfacet
  facet normal 0 1 0
    outer loop
      vertex 82.4096988312782 -1.9 60.456708580912725
      vertex 82.17867403075635 -1.9 60.88892558254901
      vertex 86.6 -1.9 68
    endloop
  endfacet
  facet normal -1 0 0
    outer loop
      vertex 38.6 10 8.299999999999999
      vertex 38.6 14 8.299999999999999
      vertex 38.6 10 4.8
    endloop
  endfacet
  facet normal -1 0 0
    outer loop
      vertex 38.6 14 8.299999999999999
      vertex 38.6 14 4.8
      vertex 38.6 10 4.8
    endloop
  endfacet
  facet normal 0 -1 0
    outer loop
      vertex 38.6 10 8.299999999999999
      vertex 38.6 10 4.8
      vertex 40.1 10 4.8
    endloop
  endfacet
  facet normal 0 1 0
    outer loop
      vertex 38.6 14 8.299999999999999
      vertex 40.1 14 4.8
      vertex 38.6 14 4.8
    endloop
  endfacet
  facet normal 0 -1 0
    outer loop
      vertex 38.6 10 8.299999999999999
      vertex 40.1 10 4.8
      vertex 55.1 10 4.8
    endloop
  endfacet
  facet normal 0 0 1
    outer loop
      vertex 38.6 10 8.299999999999999
      vertex 56.6 10 8.299999999999999
      vertex 38.6 14 8.299999999999999
    endloop
  endfacet
  facet normal 0 1 0
    outer loop
      vertex 38.6 14 8.299999999999999
      vertex 56.6 14 8.299999999999999
      vertex 40.1 14 4.8
    endloop
  endfacet
  facet normal 0 -1 0
    outer loop
      vertex 38.6 10 8.299999999999999
      vertex 55.1 10 4.8
      vertex 56.6 10 8.299999999999999
    endloop
  endfacet
  facet normal 0 0 1
    outer loop
      vertex 38.6 14 8.299999999999999
      vertex 56.6 10 8.299999999999999
      vertex 56.6 14 8.299999999999999
    endloop
  endfacet
  facet normal 0 1 0
    outer loop
      vertex 56.6 14 8.299999999999999
      vertex 55.1 14 4.8
      vertex 40.1 14 4.8
    endloop
  endfacet
  facet normal 0 -1 0
    outer loop
      vertex 56.6 10 8.299999999999999
      vertex 55.1 10 4.8
      vertex 56.6 10 4.8
    endloop
  endfacet
  facet normal 0 1 0
    outer loop
      vertex 56.6 14 8.299999999999999
      vertex 56.6 14 4.8
      vertex 55.1 14 4.8
    endloop
  endfacet
  facet normal 1 0 0
    outer loop
      vertex 56.6 10 8.299999999999999
      vertex 56.6 10 4.8
      vertex 56.6 14 4.8
    endloop
  endfacet
  facet normal 1 0 0
    outer loop
      vertex 56.6 10 8.299999999999999
      vertex 56.6 14 4.8
      vertex 56.6 14 8.299999999999999
    endloop
  endfacet
  facet normal 1 0 0
    outer loop
      vertex 40.1 10 3.2257934846327774
      vertex 40.1 10.066265060240964 3.226506024096385
      vertex 40.1 10 3.2981204205160877
    endloop
  endfacet
  facet normal 1 0 0
    outer loop
      vertex 40.1 10 3.2981204205160877
      vertex 40.1 10.066265060240964 3.226506024096385
      vertex 40.1 10.251428571428571 3.3005714285714283
    endloop
  endfacet
  facet normal 1 0 0
    outer loop
      vertex 40.1 10.066265060240964 3.226506024096385
      vertex 40.1 14 3.2369360654296013
      vertex 40.1 10.251428571428571 3.3005714285714283
    endloop
  endfacet
  facet normal 1 0 0
    outer loop
      vertex 40.1 10.251428571428571 3.3005714285714283
      vertex 40.1 14 3.2369360654296013
      vertex 40.1 14 3.33734466971877
    endloop
  endfacet
  facet normal 0 0 -1
    outer loop
      vertex 40.1 10 4.8
      vertex 40.1 14 4.8
      vertex 55.1 10 4.8
    endloop
  endfacet
  facet normal 0 0 -1
    outer loop
      vertex 40.1 14 4.8
      vertex 55.1 14 4.8
      vertex 55.1 10 4.8
    endloop
  endfacet
  facet normal -1 0 0
    outer loop
      vertex 55.1 14 4.6899999999999995
      vertex 55.1 10 3.1999999999999997
      vertex 55.1 10 4.7299999999999995
    endloop
  endfacet
  facet normal -1 0 0
    outer loop
      vertex 55.1 14 3.1999999999999997
      vertex 55.1 10 3.1999999999999997
      vertex 55.1 14 4.6899999999999995
    endloop
  endfacet
endsolid OpenSCAD_Model
