solid OpenSCAD_Model
  facet normal 0 -1 0
    outer loop
      vertex 0 16 182.81
      vertex 0 16 182.8
      vertex 1.6 16 182.81
    endloop
  endfacet
  facet normal -4.220434675456052e-18 -0.9883716976506173 0.1520571842539409
    outer loop
      vertex 0 16 182.81
      vertex 1.2000000000000002 16.4 185.41
      vertex 0.4 16.4 185.41
    endloop
  endfacet
  facet normal 0 -1 0
    outer loop
      vertex 0 16 182.8
      vertex 1.6 16 182.8
      vertex 1.6 16 182.81
    endloop
  endfacet
  facet normal 0 -0.9883716976506173 0.1520571842539409
    outer loop
      vertex 0 16 182.81
      vertex 1.6 16 182.81
      vertex 1.2000000000000002 16.4 185.41
    endloop
  endfacet
  facet normal -1 0 0
    outer loop
      vertex 0 16 182.81
      vertex 0 38 182.8
      vertex 0 16 182.8
    endloop
  endfacet
  facet normal -0.9883716976506172 -5.574159005324406e-19 0.15205718425394144
    outer loop
      vertex 0 16 182.81
      vertex 0.4 16.4 185.41
      vertex 0.4 37.599999999999994 185.41
    endloop
  endfacet
  facet normal 0 0 1
    outer loop
      vertex 0.4 16.4 185.41
      vertex 1.2000000000000002 16.4 185.41
      vertex 1.2000000000000002 37.599999999999994 185.41
    endloop
  endfacet
  facet normal 0.9883716976506172 0 0.1520571842539414
    outer loop
      vertex 1.2000000000000002 16.4 185.41
      vertex 1.6 16 182.81
      vertex 1.2000000000000002 37.599999999999994 185.41
    endloop
  endfacet
  facet normal -1 0 0
    outer loop
      vertex 0 16 182.81
      vertex 0 38 182.81
      vertex 0 38 182.8
    endloop
  endfacet
  facet normal -0.9883716976506172 0 0.15205718425394144
    outer loop
      vertex 0 16 182.81
      vertex 0.4 37.599999999999994 185.41
      vertex 0 38 182.81
    endloop
  endfacet
  facet normal 0 0 1
    outer loop
      vertex 0.4 16.4 185.41
      vertex 1.2000000000000002 37.599999999999994 185.41
      vertex 0.4 37.599999999999994 185.41
    endloop
  endfacet
  facet normal 0.9883716976506172 0 0.15205718425394138
    outer loop
      vertex 1.6 16 182.81
      vertex 1.6 38 182.81
      vertex 1.2000000000000002 37.599999999999994 185.41
    endloop
  endfacet
  facet normal 0 1 0
    outer loop
      vertex 0 38 182.81
      vertex 1.6 38 182.81
      vertex 0 38 182.8
    endloop
  endfacet
  facet normal 0 0.9883716976506168 0.15205718425394354
    outer loop
      vertex 0 38 182.81
      vertex 0.4 37.599999999999994 185.41
      vertex 1.6 38 182.81
    endloop
  endfacet
  facet normal 0 1 0
    outer loop
      vertex 0 38 182.8
      vertex 1.6 38 182.81
      vertex 1.6 38 182.8
    endloop
  endfacet
  facet normal 0 0.9883716976506168 0.15205718425394354
    outer loop
      vertex 0.4 37.599999999999994 185.41
      vertex 1.2000000000000002 37.599999999999994 185.41
      vertex 1.6 38 182.81
    endloop
  endfacet
  facet normal 0 -1 -2.1316282072822393e-12
    outer loop
      vertex 93.60000000000001 16 182.81
      vertex 93.6 16.00000000000002 182.8
      vertex 95.2 16 182.81
    endloop
  endfacet
  facet normal -4.220434675456066e-18 -0.9883716976506173 0.1520571842539409
    outer loop
      vertex 93.60000000000001 16 182.81
      vertex 94.80000000000001 16.4 185.41
      vertex 94.00000000000001 16.4 185.41
    endloop
  endfacet
  facet normal -1.3322676295501807e-14 -1 0
    outer loop
      vertex 93.6 16.00000000000002 182.8
      vertex 95.2 16 182.8
      vertex 95.2 16 182.81
    endloop
  endfacet
  facet normal 0 -0.9883716976506173 0.1520571842539409
    outer loop
      vertex 93.60000000000001 16 182.81
      vertex 95.2 16 182.81
      vertex 94.80000000000001 16.4 185.41
    endloop
  endfacet
  facet normal -1 0 1.4210854715214928e-12
    outer loop
      vertex 93.60000000000001 16 182.81
      vertex 93.6 38.00000000000002 182.8
      vertex 93.6 16.00000000000002 182.8
    endloop
  endfacet
  facet normal -0.9883716976506167 6.370467434650642e-19 0.15205718425394354
    outer loop
      vertex 93.60000000000001 16 182.81
      vertex 94.00000000000001 16.4 185.41
      vertex 94.00000000000001 37.599999999999994 185.41
    endloop
  endfacet
  facet normal 1 0 0
    outer loop
      vertex 95.2 16 182.81
      vertex 95.2 16 182.8
      vertex 95.2 38 182.8
    endloop
  endfacet
  facet normal 0 0 1
    outer loop
      vertex 94.00000000000001 16.4 185.41
      vertex 94.80000000000001 16.4 185.41
      vertex 94.80000000000001 37.599999999999994 185.41
    endloop
  endfacet
  facet normal 0.9883716976506176 9.555701151975971e-19 0.15205718425393827
    outer loop
      vertex 95.2 16 182.81
      vertex 94.80000000000001 37.599999999999994 185.41
      vertex 94.80000000000001 16.4 185.41
    endloop
  endfacet
  facet normal -1 0 1.4210854715214928e-12
    outer loop
      vertex 93.60000000000001 16 182.81
      vertex 93.60000000000001 38 182.81
      vertex 93.6 38.00000000000002 182.8
    endloop
  endfacet
  facet normal -0.9883716976506168 0 0.15205718425394354
    outer loop
      vertex 93.60000000000001 16 182.81
      vertex 94.00000000000001 37.599999999999994 185.41
      vertex 93.60000000000001 38 182.81
    endloop
  endfacet
  facet normal 0 0 1
    outer loop
      vertex 94.00000000000001 16.4 185.41
      vertex 94.80000000000001 37.599999999999994 185.41
      vertex 94.00000000000001 37.599999999999994 185.41
    endloop
  endfacet
  facet normal 1 0 0
    outer loop
      vertex 95.2 16 182.81
      vertex 95.2 38 182.8
      vertex 95.2 38 182.81
    endloop
  endfacet
  facet normal 0.9883716976506175 0 0.15205718425393824
    outer loop
      vertex 95.2 16 182.81
      vertex 95.2 38 182.81
      vertex 94.80000000000001 37.599999999999994 185.41
    endloop
  endfacet
  facet normal 0 1 2.1316282072822393e-12
    outer loop
      vertex 93.60000000000001 38 182.81
      vertex 95.2 38 182.81
      vertex 93.6 38.00000000000002 182.8
    endloop
  endfacet
  facet normal 0 0.9883716976506168 0.15205718425394354
    outer loop
      vertex 93.60000000000001 38 182.81
      vertex 94.00000000000001 37.599999999999994 185.41
      vertex 95.2 38 182.81
    endloop
  endfacet
  facet normal 1.3322676295501807e-14 1 0
    outer loop
      vertex 93.6 38.00000000000002 182.8
      vertex 95.2 38 182.81
      vertex 95.2 38 182.8
    endloop
  endfacet
  facet normal 0 0.9883716976506168 0.15205718425394354
    outer loop
      vertex 94.00000000000001 37.599999999999994 185.41
      vertex 94.80000000000001 37.599999999999994 185.41
      vertex 95.2 38 182.81
    endloop
  endfacet
  facet normal 0 -1 0
    outer loop
      vertex 0 122 182.81
      vertex 0 122 182.8
      vertex 1.6 122 182.81
    endloop
  endfacet
  facet normal 0 -0.9883716976506168 0.15205718425394354
    outer loop
      vertex 0 122 182.81
      vertex 1.6 122 182.81
      vertex 0.4 122.4 185.41
    endloop
  endfacet
  facet normal 0 -1 0
    outer loop
      vertex 0 122 182.8
      vertex 1.6 122 182.8
      vertex 1.6 122 182.81
    endloop
  endfacet
  facet normal 0 -0.9883716976506168 0.15205718425394354
    outer loop
      vertex 0.4 122.4 185.41
      vertex 1.6 122 182.81
      vertex 1.2000000000000002 122.4 185.41
    endloop
  endfacet
  facet normal -1 0 0
    outer loop
      vertex 0 122 182.81
      vertex 0 144 182.8
      vertex 0 122 182.8
    endloop
  endfacet
  facet normal -0.9883716976506172 -5.574159005324408e-19 0.15205718425394144
    outer loop
      vertex 0 122 182.81
      vertex 0.4 122.4 185.41
      vertex 0.4 143.6 185.41
    endloop
  endfacet
  facet normal 0.9883716976506172 0 0.15205718425394138
    outer loop
      vertex 1.2000000000000002 122.4 185.41
      vertex 1.6 122 182.81
      vertex 1.2000000000000002 143.6 185.41
    endloop
  endfacet
  facet normal 0 0 1
    outer loop
      vertex 0.4 122.4 185.41
      vertex 1.2000000000000002 122.4 185.41
      vertex 1.2000000000000002 143.6 185.41
    endloop
  endfacet
  facet normal -0.9883716976506172 0 0.15205718425394144
    outer loop
      vertex 0 122 182.81
      vertex 0.4 143.6 185.41
      vertex 0 144 182.81
    endloop
  endfacet
  facet normal -1 0 0
    outer loop
      vertex 0 122 182.81
      vertex 0 144 182.81
      vertex 0 144 182.8
    endloop
  endfacet
  facet normal 0 0 1
    outer loop
      vertex 0.4 122.4 185.41
      vertex 1.2000000000000002 143.6 185.41
      vertex 0.4 143.6 185.41
    endloop
  endfacet
  facet normal 0.9883716976506172 0 0.15205718425394138
    outer loop
      vertex 1.6 122 182.81
      vertex 1.6 144 182.81
      vertex 1.2000000000000002 143.6 185.41
    endloop
  endfacet
  facet normal -8.440869350912099e-18 0.9883716976506168 0.15205718425394354
    outer loop
      vertex 0.4 143.6 185.41
      vertex 1.6 144 182.81
      vertex 0 144 182.81
    endloop
  endfacet
  facet normal 0 1 0
    outer loop
      vertex 0 144 182.81
      vertex 1.6 144 182.81
      vertex 0 144 182.8
    endloop
  endfacet
  facet normal 0 0.9883716976506168 0.15205718425394354
    outer loop
      vertex 0.4 143.6 185.41
      vertex 1.2000000000000002 143.6 185.41
      vertex 1.6 144 182.81
    endloop
  endfacet
  facet normal 0 1 0
    outer loop
      vertex 0 144 182.8
      vertex 1.6 144 182.81
      vertex 1.6 144 182.8
    endloop
  endfacet
  facet normal 0 -1 0
    outer loop
      vertex 93.60000000000001 122 182.81
      vertex 93.6 122 182.8
      vertex 95.2 122 182.81
    endloop
  endfacet
  facet normal 0 -0.9883716976506168 0.15205718425394354
    outer loop
      vertex 93.60000000000001 122 182.81
      vertex 95.2 122 182.81
      vertex 94.00000000000001 122.4 185.41
    endloop
  endfacet
  facet normal 0 -1 0
    outer loop
      vertex 93.6 122 182.8
      vertex 95.2 122 182.8
      vertex 95.2 122 182.81
    endloop
  endfacet
  facet normal 0 -0.9883716976506168 0.15205718425394354
    outer loop
      vertex 94.00000000000001 122.4 185.41
      vertex 95.2 122 182.81
      vertex 94.80000000000001 122.4 185.41
    endloop
  endfacet
  facet normal -1 0 1.4210854715214928e-12
    outer loop
      vertex 93.60000000000001 122 182.81
      vertex 93.6 144 182.8
      vertex 93.6 122 182.8
    endloop
  endfacet
  facet normal -0.9883716976506167 6.370467434650644e-19 0.15205718425394354
    outer loop
      vertex 93.60000000000001 122 182.81
      vertex 94.00000000000001 122.4 185.41
      vertex 94.00000000000001 143.6 185.41
    endloop
  endfacet
  facet normal 1 0 0
    outer loop
      vertex 95.2 122 182.81
      vertex 95.2 122 182.8
      vertex 95.2 144 182.8
    endloop
  endfacet
  facet normal 0.9883716976506175 0 0.15205718425393824
    outer loop
      vertex 95.2 122 182.81
      vertex 95.2 144 182.81
      vertex 94.80000000000001 122.4 185.41
    endloop
  endfacet
  facet normal 0 0 1
    outer loop
      vertex 94.00000000000001 122.4 185.41
      vertex 94.80000000000001 122.4 185.41
      vertex 94.80000000000001 143.6 185.41
    endloop
  endfacet
  facet normal -1 0 1.4210854715214928e-12
    outer loop
      vertex 93.60000000000001 122 182.81
      vertex 93.60000000000001 144 182.81
      vertex 93.6 144 182.8
    endloop
  endfacet
  facet normal -0.9883716976506168 0 0.15205718425394354
    outer loop
      vertex 93.60000000000001 122 182.81
      vertex 94.00000000000001 143.6 185.41
      vertex 93.60000000000001 144 182.81
    endloop
  endfacet
  facet normal 0 0 1
    outer loop
      vertex 94.00000000000001 122.4 185.41
      vertex 94.80000000000001 143.6 185.41
      vertex 94.00000000000001 143.6 185.41
    endloop
  endfacet
  facet normal 1 0 0
    outer loop
      vertex 95.2 122 182.81
      vertex 95.2 144 182.8
      vertex 95.2 144 182.81
    endloop
  endfacet
  facet normal 0.9883716976506175 0 0.15205718425393824
    outer loop
      vertex 94.80000000000001 122.4 185.41
      vertex 95.2 144 182.81
      vertex 94.80000000000001 143.6 185.41
    endloop
  endfacet
  facet normal 0 0.9883716976506168 0.15205718425394354
    outer loop
      vertex 93.60000000000001 144 182.81
      vertex 94.00000000000001 143.6 185.41
      vertex 95.2 144 182.81
    endloop
  endfacet
  facet normal 0 1 0
    outer loop
      vertex 93.60000000000001 144 182.81
      vertex 95.2 144 182.81
      vertex 93.6 144 182.8
    endloop
  endfacet
  facet normal 0 0.9883716976506168 0.15205718425394354
    outer loop
      vertex 94.00000000000001 143.6 185.41
      vertex 94.80000000000001 143.6 185.41
      vertex 95.2 144 182.81
    endloop
  endfacet
  facet normal 0 1 0
    outer loop
      vertex 93.6 144 182.8
      vertex 95.2 144 182.81
      vertex 95.2 144 182.8
    endloop
  endfacet
  facet normal -1 0 0
    outer loop
      vertex 0 0 0
      vertex 0 15.8 2.9000000000000004
      vertex 0 15.8 0
    endloop
  endfacet
  facet normal 0 0 -1
    outer loop
      vertex 0 0 0
      vertex 0 15.8 0
      vertex 1.8 15.8 0
    endloop
  endfacet
  facet normal 0 0 -1
    outer loop
      vertex 0 0 0
      vertex 1.8 15.8 0
      vertex 7.442651938487273 15.22214883490199 0
    endloop
  endfacet
  facet normal 0 0 -1
    outer loop
      vertex 0 0 0
      vertex 7.442651938487273 15.22214883490199 0
      vertex 8.064466094067262 14.464466094067262 0
    endloop
  endfacet
  facet normal 0 0 -1
    outer loop
      vertex 0 0 0
      vertex 8.064466094067262 14.464466094067262 0
      vertex 8.822148834901988 13.842651938487274 0
    endloop
  endfacet
  facet normal -1 0 0
    outer loop
      vertex 0 0 0
      vertex 0 15.179712713882182 21.911008368862785
      vertex 0 16.050252531694166 20.850252531694167
    endloop
  endfacet
  facet normal -1 0 0
    outer loop
      vertex 0 0 0
      vertex 0 14.134503037177387 24.4343677458871
      vertex 0 14.532843272420994 23.12121597344437
    endloop
  endfacet
  facet normal -1 0 0
    outer loop
      vertex 0 0 0
      vertex 0 14.532843272420994 23.12121597344437
      vertex 0 15.179712713882182 21.911008368862785
    endloop
  endfacet
  facet normal -1 0 0
    outer loop
      vertex 0 0 0
      vertex 0 14 25.8
      vertex 0 14.134503037177387 24.4343677458871
    endloop
  endfacet
  facet normal -1 0 0
    outer loop
      vertex 0 0 0
      vertex 0 18.32121597344437 19.332843272420995
      vertex 0 15.8 2.9000000000000004
    endloop
  endfacet
  facet normal 0 0 -1
    outer loop
      vertex 1.8 15.8 0
      vertex 6.980602337443566 16.08658283817455 0
      vertex 7.442651938487273 15.22214883490199 0
    endloop
  endfacet
  facet normal 0 0 -1
    outer loop
      vertex 1.8 15.8 0
      vertex 6.6960735979838475 17.02454838991936 0
      vertex 6.980602337443566 16.08658283817455 0
    endloop
  endfacet
  facet normal 0 0 -1
    outer loop
      vertex 1.8 15.8 0
      vertex 6.6 18 0
      vertex 6.6960735979838475 17.02454838991936 0
    endloop
  endfacet
  facet normal -1 0 0
    outer loop
      vertex 0 0 0
      vertex 0 16.050252531694166 20.850252531694167
      vertex 0 17.111008368862784 19.979712713882183
    endloop
  endfacet
  facet normal -1 0 0
    outer loop
      vertex 0 0 0
      vertex 0 17.111008368862784 19.979712713882183
      vertex 0 18.32121597344437 19.332843272420995
    endloop
  endfacet
  facet normal -1 0 0
    outer loop
      vertex 0 19.634367745887104 18.934503037177386
      vertex 0 15.8 2.9000000000000004
      vertex 0 18.32121597344437 19.332843272420995
    endloop
  endfacet
  facet normal -1 0 0
    outer loop
      vertex 0 19.634367745887104 18.934503037177386
      vertex 0 21 18.8
      vertex 0 15.8 2.9000000000000004
    endloop
  endfacet
  facet normal 0 0 -1
    outer loop
      vertex 0 0 0
      vertex 8.822148834901988 13.842651938487274 0
      vertex 9.686582838174552 13.380602337443566 0
    endloop
  endfacet
  facet normal 0 0 -1
    outer loop
      vertex 0 0 0
      vertex 9.686582838174552 13.380602337443566 0
      vertex 10.624548389919358 13.096073597983848 0
    endloop
  endfacet
  facet normal 0 0 -1
    outer loop
      vertex 0 0 0
      vertex 10.624548389919358 13.096073597983848 0
      vertex 11.6 13 0
    endloop
  endfacet
  facet normal 0 0 -1
    outer loop
      vertex 1.8 15.8 0
      vertex 1.8 38.2 0
      vertex 6.6 18 0
    endloop
  endfacet
  facet normal 0 0 -1
    outer loop
      vertex 0 0 0
      vertex 11.6 13 0
      vertex 31.1 13 0
    endloop
  endfacet
  facet normal 0 0 -1
    outer loop
      vertex 0 0 0
      vertex 31.1 13 0
      vertex 32.07545161008064 13.096073597983848 0
    endloop
  endfacet
  facet normal 0 -1 0
    outer loop
      vertex 0 0 0
      vertex 1.6 0 3.3999999999999995
      vertex 0 0 182.8
    endloop
  endfacet
  facet normal 0 -1 0
    outer loop
      vertex 0 0 182.8
      vertex 1.6 0 3.3999999999999995
      vertex 1.6 0 4.8
    endloop
  endfacet
  facet normal -1 0 0
    outer loop
      vertex 0 0 0
      vertex 0 0 182.8
      vertex 0 14 25.8
    endloop
  endfacet
  facet normal -1 0 0
    outer loop
      vertex 0 15.8 2.9000000000000004
      vertex 0 93.61538461538461 18.8
      vertex 0 38.2 2.9000000000000004
    endloop
  endfacet
  facet normal -1 0 0
    outer loop
      vertex 0 15.8 2.9000000000000004
      vertex 0 21 18.8
      vertex 0 93.61538461538461 18.8
    endloop
  endfacet
  facet normal -1 0 0
    outer loop
      vertex 0 38.2 0
      vertex 0 38.2 2.9000000000000004
      vertex 0 93.61538461538461 18.8
    endloop
  endfacet
  facet normal 0 0 -1
    outer loop
      vertex 1.8 38.2 0
      vertex 1.8 121.8 0
      vertex 6.6 18 0
    endloop
  endfacet
  facet normal 0 0 -1
    outer loop
      vertex 1.8 38.2 0
      vertex 0 38.2 0
      vertex 1.8 121.8 0
    endloop
  endfacet
  facet normal 0 -1 0
    outer loop
      vertex 1.6 0 3.3999999999999995
      vertex 40.1 0 3.1999999999999997
      vertex 40.1 0 3.3999999999999995
    endloop
  endfacet
  facet normal 0 -1 0
    outer loop
      vertex 0 0 0
      vertex 95.2 0 0
      vertex 1.6 0 3.3999999999999995
    endloop
  endfacet
  facet normal 0 0 -1
    outer loop
      vertex 0 0 0
      vertex 32.07545161008064 13.096073597983848 0
      vertex 95.2 0 0
    endloop
  endfacet
  facet normal 0 -1 0
    outer loop
      vertex 95.2 0 0
      vertex 40.1 0 3.1999999999999997
      vertex 1.6 0 3.3999999999999995
    endloop
  endfacet
  facet normal 0 0 -1
    outer loop
      vertex 32.07545161008064 13.096073597983848 0
      vertex 33.01341716182545 13.380602337443566 0
      vertex 63.12454838991937 13.096073597983848 0
    endloop
  endfacet
  facet normal 0 0 -1
    outer loop
      vertex 33.87785116509801 13.842651938487274 0
      vertex 62.18658283817456 13.380602337443566 0
      vertex 33.01341716182545 13.380602337443566 0
    endloop
  endfacet
  facet normal 0 0 -1
    outer loop
      vertex 33.87785116509801 13.842651938487274 0
      vertex 34.63553390593274 14.464466094067262 0
      vertex 61.322148834901995 13.842651938487274 0
    endloop
  endfacet
  facet normal 0 0 -1
    outer loop
      vertex 34.63553390593274 14.464466094067262 0
      vertex 35.25734806151273 15.22214883490199 0
      vertex 60.56446609406727 14.464466094067262 0
    endloop
  endfacet
  facet normal 0 0 -1
    outer loop
      vertex 35.25734806151273 15.22214883490199 0
      vertex 35.71939766255643 16.08658283817455 0
      vertex 59.94265193848728 15.22214883490199 0
    endloop
  endfacet
  facet normal 0 0 -1
    outer loop
      vertex 36.003926402016155 17.02454838991936 0
      vertex 59.48060233744357 16.08658283817455 0
      vertex 35.71939766255643 16.08658283817455 0
    endloop
  endfacet
  facet normal 0 0 -1
    outer loop
      vertex 36.1 18 0
      vertex 59.196073597983855 17.02454838991936 0
      vertex 36.003926402016155 17.02454838991936 0
    endloop
  endfacet
  facet normal 0 0 -1
    outer loop
      vertex 36.1 142 0
      vertex 59.10000000000001 18 0
      vertex 36.1 18 0
    endloop
  endfacet
  facet normal 0 -1 0
    outer loop
      vertex 0 0 182.8
      vertex 1.6 0 4.8
      vertex 1.6 0 182.8
    endloop
  endfacet
  facet normal -1 0 0
    outer loop
      vertex 0 0 182.8
      vertex 0 14 163.8
      vertex 0 14 25.8
    endloop
  endfacet
  facet normal -1 0 0
    outer loop
      vertex 0 0 182.8
      vertex 0 14.134503037177387 165.16563225411292
      vertex 0 14 163.8
    endloop
  endfacet
  facet normal -1 0 0
    outer loop
      vertex 0 0 182.8
      vertex 0 14.532843272420994 166.47878402655564
      vertex 0 14.134503037177387 165.16563225411292
    endloop
  endfacet
  facet normal -1 0 0
    outer loop
      vertex 0 0 182.8
      vertex 0 16 182.8
      vertex 0 14.532843272420994 166.47878402655564
    endloop
  endfacet
  facet normal 0 0 1
    outer loop
      vertex 0 0 182.8
      vertex 1.6 0 182.8
      vertex 1.6 16 182.8
    endloop
  endfacet
  facet normal -1 0 0
    outer loop
      vertex 0 16 182.8
      vertex 0 15.179712713882182 167.6889916311372
      vertex 0 14.532843272420994 166.47878402655564
    endloop
  endfacet
  facet normal -1 0 0
    outer loop
      vertex 0 16 182.8
      vertex 0 16.050252531694166 168.74974746830586
      vertex 0 15.179712713882182 167.6889916311372
    endloop
  endfacet
  facet normal -1 0 0
    outer loop
      vertex 0 16 182.8
      vertex 0 17.111008368862784 169.62028728611782
      vertex 0 16.050252531694166 168.74974746830586
    endloop
  endfacet
  facet normal 0 0 1
    outer loop
      vertex 0 0 182.8
      vertex 1.6 16 182.8
      vertex 0 16 182.8
    endloop
  endfacet
  facet normal -1 0 0
    outer loop
      vertex 0 16 182.8
      vertex 0 18.32121597344437 170.26715672757902
      vertex 0 17.111008368862784 169.62028728611782
    endloop
  endfacet
  facet normal -1 0 0
    outer loop
      vertex 0 16 182.8
      vertex 0 19.634367745887104 170.66549696282263
      vertex 0 18.32121597344437 170.26715672757902
    endloop
  endfacet
  facet normal -1 0 0
    outer loop
      vertex 0 16 182.8
      vertex 0 21 170.8
      vertex 0 19.634367745887104 170.66549696282263
    endloop
  endfacet
  facet normal -1 0 0
    outer loop
      vertex 0 16 182.8
      vertex 0 38 182.8
      vertex 0 21 170.8
    endloop
  endfacet
  facet normal -1 0 0
    outer loop
      vertex 0 38 182.8
      vertex 0 122 182.8
      vertex 0 21 170.8
    endloop
  endfacet
  facet normal 0 0 1
    outer loop
      vertex 0 38 182.8
      vertex 1.6 38 182.8
      vertex 1.6 122 182.8
    endloop
  endfacet
  facet normal -1 0 0
    outer loop
      vertex 0 38.2 0
      vertex 0 93.61538461538461 18.8
      vertex 0 121.8 0
    endloop
  endfacet
  facet normal 0 0 -1
    outer loop
      vertex 0 38.2 0
      vertex 0 121.8 0
      vertex 1.8 121.8 0
    endloop
  endfacet
  facet normal 0 0 -1
    outer loop
      vertex 6.6 18 0
      vertex 1.8 121.8 0
      vertex 6.6 142 0
    endloop
  endfacet
  facet normal -1 0 0
    outer loop
      vertex 0 121.8 0
      vertex 0 93.61538461538461 18.8
      vertex 0 121.8 2.9000000000000004
    endloop
  endfacet
  facet normal -1 0 0
    outer loop
      vertex 0 139 18.8
      vertex 0 121.8 2.9000000000000004
      vertex 0 93.61538461538461 18.8
    endloop
  endfacet
  facet normal -1 0 0
    outer loop
      vertex 0 121.8 2.9000000000000004
      vertex 0 140.36563225411288 18.934503037177386
      vertex 0 144.2 2.9000000000000004
    endloop
  endfacet
  facet normal 0 0 -1
    outer loop
      vertex 1.8 121.8 0
      vertex 1.8 144.2 0
      vertex 6.6 142 0
    endloop
  endfacet
  facet normal -1 0 0
    outer loop
      vertex 0 139 18.8
      vertex 0 140.36563225411288 18.934503037177386
      vertex 0 121.8 2.9000000000000004
    endloop
  endfacet
  facet normal 0 0 -1
    outer loop
      vertex 1.8 144.2 0
      vertex 6.6960735979838475 142.97545161008065 0
      vertex 6.6 142 0
    endloop
  endfacet
  facet normal 0 0 -1
    outer loop
      vertex 1.8 144.2 0
      vertex 6.980602337443566 143.91341716182544 0
      vertex 6.6960735979838475 142.97545161008065 0
    endloop
  endfacet
  facet normal -1 0 0
    outer loop
      vertex 0 144.2 2.9000000000000004
      vertex 0 140.36563225411288 18.934503037177386
      vertex 0 141.67878402655563 19.332843272420995
    endloop
  endfacet
  facet normal -1 0 0
    outer loop
      vertex 0 160 0
      vertex 0 144.2 0
      vertex 0 144.2 2.9000000000000004
    endloop
  endfacet
  facet normal 0 0 -1
    outer loop
      vertex 0 160 0
      vertex 1.8 144.2 0
      vertex 0 144.2 0
    endloop
  endfacet
  facet normal 0 0 -1
    outer loop
      vertex 0 160 0
      vertex 6.980602337443566 143.91341716182544 0
      vertex 1.8 144.2 0
    endloop
  endfacet
  facet normal -1 0 0
    outer loop
      vertex 0 160 0
      vertex 0 144.2 2.9000000000000004
      vertex 0 141.67878402655563 19.332843272420995
    endloop
  endfacet
  facet normal 0 0 -1
    outer loop
      vertex 0 160 0
      vertex 7.442651938487273 144.777851165098 0
      vertex 6.980602337443566 143.91341716182544 0
    endloop
  endfacet
  facet normal 0 0 -1
    outer loop
      vertex 0 160 0
      vertex 8.064466094067262 145.53553390593274 0
      vertex 7.442651938487273 144.777851165098 0
    endloop
  endfacet
  facet normal 0 0 -1
    outer loop
      vertex 0 160 0
      vertex 8.822148834901988 146.15734806151272 0
      vertex 8.064466094067262 145.53553390593274 0
    endloop
  endfacet
  facet normal -1 0 0
    outer loop
      vertex 0 160 0
      vertex 0 141.67878402655563 19.332843272420995
      vertex 0 142.8889916311372 19.979712713882183
    endloop
  endfacet
  facet normal -1 0 0
    outer loop
      vertex 0 160 0
      vertex 0 142.8889916311372 19.979712713882183
      vertex 0 143.94974746830584 20.850252531694167
    endloop
  endfacet
  facet normal -1 0 0
    outer loop
      vertex 0 160 0
      vertex 0 143.94974746830584 20.850252531694167
      vertex 0 144.8202872861178 21.911008368862785
    endloop
  endfacet
  facet normal -1 0 0
    outer loop
      vertex 0 160 0
      vertex 0 144.8202872861178 21.911008368862785
      vertex 0 145.467156727579 23.12121597344437
    endloop
  endfacet
  facet normal -1 0 0
    outer loop
      vertex 0 160 0
      vertex 0 145.467156727579 23.12121597344437
      vertex 0 145.86549696282262 24.4343677458871
    endloop
  endfacet
  facet normal -1 0 0
    outer loop
      vertex 0 160 0
      vertex 0 145.86549696282262 24.4343677458871
      vertex 0 146 25.8
    endloop
  endfacet
  facet normal 0 1 0
    outer loop
      vertex 0 160 0
      vertex 1.6 160 4.8
      vertex 1.9000000000000001 160 3.5999999999999996
    endloop
  endfacet
  facet normal 0 1 0
    outer loop
      vertex 1.9000000000000001 160 3.5999999999999996
      vertex 1.6 160 4.8
      vertex 1.9000000000000001 160 4.8
    endloop
  endfacet
  facet normal 0 0 -1
    outer loop
      vertex 0 160 0
      vertex 9.686582838174552 146.61939766255642 0
      vertex 8.822148834901988 146.15734806151272 0
    endloop
  endfacet
  facet normal 0 0 -1
    outer loop
      vertex 0 160 0
      vertex 10.624548389919358 146.90392640201614 0
      vertex 9.686582838174552 146.61939766255642 0
    endloop
  endfacet
  facet normal 0 0 -1
    outer loop
      vertex 0 160 0
      vertex 11.6 147 0
      vertex 10.624548389919358 146.90392640201614 0
    endloop
  endfacet
  facet normal 0 0 -1
    outer loop
      vertex 0 160 0
      vertex 31.1 147 0
      vertex 11.6 147 0
    endloop
  endfacet
  facet normal 0 1 0
    outer loop
      vertex 0 160 0
      vertex 1.9000000000000001 160 3.5999999999999996
      vertex 40.1 160 3.1999999999999997
    endloop
  endfacet
  facet normal 0 0 -1
    outer loop
      vertex 0 160 0
      vertex 32.07545161008064 146.90392640201614 0
      vertex 31.1 147 0
    endloop
  endfacet
  facet normal -1 0 0
    outer loop
      vertex 0 160 0
      vertex 0 146 25.8
      vertex 0 146 163.8
    endloop
  endfacet
  facet normal 0 1 0
    outer loop
      vertex 0 160 0
      vertex 0 160 182.8
      vertex 1.6 160 4.8
    endloop
  endfacet
  facet normal 0 1 0
    outer loop
      vertex 1.9000000000000001 160 3.5999999999999996
      vertex 40.1 160 3.5999999999999996
      vertex 40.1 160 3.1999999999999997
    endloop
  endfacet
  facet normal 0 0 -1
    outer loop
      vertex 0 160 0
      vertex 63.12454838991937 146.90392640201614 0
      vertex 32.07545161008064 146.90392640201614 0
    endloop
  endfacet
  facet normal 0 1 0
    outer loop
      vertex 0 160 0
      vertex 40.1 160 3.1999999999999997
      vertex 55.1 160 3.1999999999999997
    endloop
  endfacet
  facet normal 0 0 -1
    outer loop
      vertex 36.1 142 0
      vertex 36.003926402016155 142.97545161008065 0
      vertex 59.10000000000001 142 0
    endloop
  endfacet
  facet normal 0 0 -1
    outer loop
      vertex 33.01341716182545 146.61939766255642 0
      vertex 61.322148834901995 146.15734806151272 0
      vertex 33.87785116509801 146.15734806151272 0
    endloop
  endfacet
  facet normal 0 0 -1
    outer loop
      vertex 33.87785116509801 146.15734806151272 0
      vertex 60.56446609406727 145.53553390593274 0
      vertex 34.63553390593274 145.53553390593274 0
    endloop
  endfacet
  facet normal 0 0 -1
    outer loop
      vertex 32.07545161008064 146.90392640201614 0
      vertex 62.18658283817456 146.61939766255642 0
      vertex 33.01341716182545 146.61939766255642 0
    endloop
  endfacet
  facet normal 0 0 -1
    outer loop
      vertex 36.003926402016155 142.97545161008065 0
      vertex 35.71939766255643 143.91341716182544 0
      vertex 59.196073597983855 142.97545161008065 0
    endloop
  endfacet
  facet normal 0 0 -1
    outer loop
      vertex 35.25734806151273 144.777851165098 0
      vertex 59.48060233744357 143.91341716182544 0
      vertex 35.71939766255643 143.91341716182544 0
    endloop
  endfacet
  facet normal 0 0 -1
    outer loop
      vertex 34.63553390593274 145.53553390593274 0
      vertex 59.94265193848728 144.777851165098 0
      vertex 35.25734806151273 144.777851165098 0
    endloop
  endfacet
  facet normal 0 0 1
    outer loop
      vertex 0 38 182.8
      vertex 1.6 122 182.8
      vertex 0 122 182.8
    endloop
  endfacet
  facet normal -1 0 0
    outer loop
      vertex 0 122 182.8
      vertex 0 144 182.8
      vertex 0 21 170.8
    endloop
  endfacet
  facet normal -1 0 0
    outer loop
      vertex 0 144 182.8
      vertex 0 139 170.8
      vertex 0 21 170.8
    endloop
  endfacet
  facet normal -1 0 0
    outer loop
      vertex 0 160 0
      vertex 0 146 163.8
      vertex 0 160 182.8
    endloop
  endfacet
  facet normal 0 1 0
    outer loop
      vertex 0 160 182.8
      vertex 1.6 160 182.8
      vertex 1.6 160 4.8
    endloop
  endfacet
  facet normal -1 0 0
    outer loop
      vertex 0 144 182.8
      vertex 0 140.36563225411288 170.66549696282263
      vertex 0 139 170.8
    endloop
  endfacet
  facet normal -1 0 0
    outer loop
      vertex 0 144 182.8
      vertex 0 141.67878402655563 170.26715672757902
      vertex 0 140.36563225411288 170.66549696282263
    endloop
  endfacet
  facet normal -1 0 0
    outer loop
      vertex 0 160 182.8
      vertex 0 143.94974746830584 168.74974746830586
      vertex 0 142.8889916311372 169.62028728611782
    endloop
  endfacet
  facet normal -1 0 0
    outer loop
      vertex 0 160 182.8
      vertex 0 145.86549696282262 165.16563225411292
      vertex 0 145.467156727579 166.47878402655564
    endloop
  endfacet
  facet normal -1 0 0
    outer loop
      vertex 0 160 182.8
      vertex 0 145.467156727579 166.47878402655564
      vertex 0 144.8202872861178 167.6889916311372
    endloop
  endfacet
  facet normal -1 0 0
    outer loop
      vertex 0 160 182.8
      vertex 0 144.8202872861178 167.6889916311372
      vertex 0 143.94974746830584 168.74974746830586
    endloop
  endfacet
  facet normal -1 0 0
    outer loop
      vertex 0 160 182.8
      vertex 0 146 163.8
      vertex 0 145.86549696282262 165.16563225411292
    endloop
  endfacet
  facet normal -1 0 0
    outer loop
      vertex 0 160 182.8
      vertex 0 142.8889916311372 169.62028728611782
      vertex 0 141.67878402655563 170.26715672757902
    endloop
  endfacet
  facet normal -1 0 0
    outer loop
      vertex 0 144 182.8
      vertex 0 160 182.8
      vertex 0 141.67878402655563 170.26715672757902
    endloop
  endfacet
  facet normal 0 0 1
    outer loop
      vertex 0 144 182.8
      vertex 1.6 144 182.8
      vertex 0 160 182.8
    endloop
  endfacet
  facet normal 0 0 1
    outer loop
      vertex 0 160 182.8
      vertex 1.6 144 182.8
      vertex 1.6 160 182.8
    endloop
  endfacet
  facet normal 0 0 -1
    outer loop
      vertex 35.25734806151273 15.22214883490199 0
      vertex 59.94265193848728 15.22214883490199 0
      vertex 60.56446609406727 14.464466094067262 0
    endloop
  endfacet
  facet normal 0 0 -1
    outer loop
      vertex 35.71939766255643 16.08658283817455 0
      vertex 59.48060233744357 16.08658283817455 0
      vertex 59.94265193848728 15.22214883490199 0
    endloop
  endfacet
  facet normal 0 0 -1
    outer loop
      vertex 34.63553390593274 14.464466094067262 0
      vertex 60.56446609406727 14.464466094067262 0
      vertex 61.322148834901995 13.842651938487274 0
    endloop
  endfacet
  facet normal 0 0 -1
    outer loop
      vertex 33.87785116509801 13.842651938487274 0
      vertex 61.322148834901995 13.842651938487274 0
      vertex 62.18658283817456 13.380602337443566 0
    endloop
  endfacet
  facet normal 0 0 -1
    outer loop
      vertex 33.01341716182545 13.380602337443566 0
      vertex 62.18658283817456 13.380602337443566 0
      vertex 63.12454838991937 13.096073597983848 0
    endloop
  endfacet
  facet normal 0 0 -1
    outer loop
      vertex 36.003926402016155 17.02454838991936 0
      vertex 59.196073597983855 17.02454838991936 0
      vertex 59.48060233744357 16.08658283817455 0
    endloop
  endfacet
  facet normal 0 0 -1
    outer loop
      vertex 36.1 18 0
      vertex 59.10000000000001 18 0
      vertex 59.196073597983855 17.02454838991936 0
    endloop
  endfacet
  facet normal 0 -1 0
    outer loop
      vertex 95.2 0 0
      vertex 55.1 0 3.1999999999999997
      vertex 40.1 0 3.1999999999999997
    endloop
  endfacet
  facet normal 0 0 -1
    outer loop
      vertex 95.2 0 0
      vertex 32.07545161008064 13.096073597983848 0
      vertex 63.12454838991937 13.096073597983848 0
    endloop
  endfacet
  facet normal 0 -1 0
    outer loop
      vertex 95.2 0 0
      vertex 55.1 0 3.3999999999999995
      vertex 55.1 0 3.1999999999999997
    endloop
  endfacet
  facet normal 0 0 -1
    outer loop
      vertex 95.2 0 0
      vertex 63.12454838991937 13.096073597983848 0
      vertex 64.10000000000001 13 0
    endloop
  endfacet
  facet normal 0 -1 0
    outer loop
      vertex 95.2 0 0
      vertex 93.6 0 3.3999999999999995
      vertex 55.1 0 3.3999999999999995
    endloop
  endfacet
  facet normal 0 0 -1
    outer loop
      vertex 95.2 0 0
      vertex 64.10000000000001 13 0
      vertex 83.60000000000001 13 0
    endloop
  endfacet
  facet normal 0 0 -1
    outer loop
      vertex 95.2 0 0
      vertex 83.60000000000001 13 0
      vertex 84.57545161008065 13.096073597983848 0
    endloop
  endfacet
  facet normal 0 0 -1
    outer loop
      vertex 95.2 0 0
      vertex 84.57545161008065 13.096073597983848 0
      vertex 85.51341716182546 13.380602337443566 0
    endloop
  endfacet
  facet normal 0 0 -1
    outer loop
      vertex 95.2 0 0
      vertex 85.51341716182546 13.380602337443566 0
      vertex 86.37785116509802 13.842651938487274 0
    endloop
  endfacet
  facet normal 0 0 -1
    outer loop
      vertex 95.2 0 0
      vertex 86.37785116509802 13.842651938487274 0
      vertex 87.13553390593275 14.464466094067262 0
    endloop
  endfacet
  facet normal 0 0 -1
    outer loop
      vertex 95.2 0 0
      vertex 87.13553390593275 14.464466094067262 0
      vertex 87.75734806151274 15.22214883490199 0
    endloop
  endfacet
  facet normal 0 0 -1
    outer loop
      vertex 95.2 0 0
      vertex 87.75734806151274 15.22214883490199 0
      vertex 93.4 15.8 0
    endloop
  endfacet
  facet normal 0 -1 0
    outer loop
      vertex 95.2 0 0
      vertex 93.6 0 4.8
      vertex 93.6 0 3.3999999999999995
    endloop
  endfacet
  facet normal 0 0 -1
    outer loop
      vertex 95.2 0 0
      vertex 93.4 15.8 0
      vertex 95.2 15.8 0
    endloop
  endfacet
  facet normal 1 0 0
    outer loop
      vertex 95.2 0 0
      vertex 95.2 15.8 0
      vertex 95.2 15.8 2.9000000000000004
    endloop
  endfacet
  facet normal 1 0 0
    outer loop
      vertex 95.2 0 0
      vertex 95.2 16.050252531694166 20.850252531694167
      vertex 95.2 15.179712713882182 21.911008368862785
    endloop
  endfacet
  facet normal 1 0 0
    outer loop
      vertex 95.2 0 0
      vertex 95.2 14.532843272420994 23.12121597344437
      vertex 95.2 14.134503037177387 24.4343677458871
    endloop
  endfacet
  facet normal 1 0 0
    outer loop
      vertex 95.2 0 0
      vertex 95.2 15.179712713882182 21.911008368862785
      vertex 95.2 14.532843272420994 23.12121597344437
    endloop
  endfacet
  facet normal 1 0 0
    outer loop
      vertex 95.2 0 0
      vertex 95.2 14.134503037177387 24.4343677458871
      vertex 95.2 14 25.8
    endloop
  endfacet
  facet normal 0 0 -1
    outer loop
      vertex 87.75734806151274 15.22214883490199 0
      vertex 88.21939766255645 16.08658283817455 0
      vertex 92 16.8 0
    endloop
  endfacet
  facet normal 0 0 -1
    outer loop
      vertex 88.50392640201616 17.02454838991936 0
      vertex 92 16.8 0
      vertex 88.21939766255645 16.08658283817455 0
    endloop
  endfacet
  facet normal 0 0 -1
    outer loop
      vertex 88.60000000000001 18 0
      vertex 92 16.8 0
      vertex 88.50392640201616 17.02454838991936 0
    endloop
  endfacet
  facet normal 0 0 -1
    outer loop
      vertex 87.75734806151274 15.22214883490199 0
      vertex 92 16.8 0
      vertex 93.4 15.8 0
    endloop
  endfacet
  facet normal 1 0 0
    outer loop
      vertex 95.2 0 0
      vertex 95.2 15.8 2.9000000000000004
      vertex 95.2 17.111008368862784 19.979712713882183
    endloop
  endfacet
  facet normal 0 0 -1
    outer loop
      vertex 93.4 16.8 0
      vertex 93.4 15.8 0
      vertex 92 16.8 0
    endloop
  endfacet
  facet normal 1 0 0
    outer loop
      vertex 95.2 16.8 3.4000000000000004
      vertex 95.2 15.8 2.9000000000000004
      vertex 95.2 16.8 2.9000000000000004
    endloop
  endfacet
  facet normal 1 0 0
    outer loop
      vertex 95.2 16.8 3.4000000000000004
      vertex 95.2 17.111008368862784 19.979712713882183
      vertex 95.2 15.8 2.9000000000000004
    endloop
  endfacet
  facet normal 1 0 0
    outer loop
      vertex 95.2 0 0
      vertex 95.2 17.111008368862784 19.979712713882183
      vertex 95.2 16.050252531694166 20.850252531694167
    endloop
  endfacet
  facet normal 1 0 0
    outer loop
      vertex 95.2 16.8 3.4000000000000004
      vertex 95.2 18.32121597344437 19.332843272420995
      vertex 95.2 17.111008368862784 19.979712713882183
    endloop
  endfacet
  facet normal 1 0 0
    outer loop
      vertex 95.2 16.8 3.4000000000000004
      vertex 95.2 19.634367745887104 18.934503037177386
      vertex 95.2 18.32121597344437 19.332843272420995
    endloop
  endfacet
  facet normal 1 0 0
    outer loop
      vertex 95.2 16.8 3.4000000000000004
      vertex 95.2 21 18.8
      vertex 95.2 19.634367745887104 18.934503037177386
    endloop
  endfacet
  facet normal 0 0 -1
    outer loop
      vertex 88.60000000000001 18 0
      vertex 92 37.2 0
      vertex 92 16.8 0
    endloop
  endfacet
  facet normal 1 0 0
    outer loop
      vertex 95.2 16.8 3.4000000000000004
      vertex 95.2 27 3.4000000000000004
      vertex 95.2 21 18.8
    endloop
  endfacet
  facet normal 1 0 0
    outer loop
      vertex 95.2 27 3.4000000000000004
      vertex 95.2 37.2 3.4000000000000004
      vertex 95.2 21 18.8
    endloop
  endfacet
  facet normal 1 0 0
    outer loop
      vertex 95.2 21 18.8
      vertex 95.2 37.2 3.4000000000000004
      vertex 95.2 38.2 2.9000000000000004
    endloop
  endfacet
  facet normal 0 0 -1
    outer loop
      vertex 92 37.2 0
      vertex 93.4 38.2 0
      vertex 93.4 37.2 0
    endloop
  endfacet
  facet normal 1 0 0
    outer loop
      vertex 95.2 37.2 3.4000000000000004
      vertex 95.2 37.2 2.9000000000000004
      vertex 95.2 38.2 2.9000000000000004
    endloop
  endfacet
  facet normal 1 0 0
    outer loop
      vertex 95.2 21 18.8
      vertex 95.2 38.2 2.9000000000000004
      vertex 95.2 66.38461538461524 18.8
    endloop
  endfacet
  facet normal 0 -1 0
    outer loop
      vertex 95.2 0 0
      vertex 95.2 0 182.8
      vertex 93.6 0 4.8
    endloop
  endfacet
  facet normal 1 0 0
    outer loop
      vertex 95.2 0 0
      vertex 95.2 14 25.8
      vertex 95.2 14 163.8
    endloop
  endfacet
  facet normal 1 0 0
    outer loop
      vertex 95.2 38.2 0
      vertex 95.2 66.38461538461524 18.8
      vertex 95.2 38.2 2.9000000000000004
    endloop
  endfacet
  facet normal 0 0 -1
    outer loop
      vertex 88.60000000000001 18 0
      vertex 88.60000000000001 142 0
      vertex 92 37.2 0
    endloop
  endfacet
  facet normal 0 0 -1
    outer loop
      vertex 92 37.2 0
      vertex 93.4 121.8 0
      vertex 93.4 38.2 0
    endloop
  endfacet
  facet normal 0 0 -1
    outer loop
      vertex 95.2 38.2 0
      vertex 93.4 38.2 0
      vertex 95.2 121.8 0
    endloop
  endfacet
  facet normal 1 0 0
    outer loop
      vertex 95.2 38.2 0
      vertex 95.2 121.8 0
      vertex 95.2 66.38461538461524 18.8
    endloop
  endfacet
  facet normal 1 0 0
    outer loop
      vertex 95.2 0 0
      vertex 95.2 14 163.8
      vertex 95.2 0 182.8
    endloop
  endfacet
  facet normal 0 -1 0
    outer loop
      vertex 95.2 0 182.8
      vertex 93.6 0 182.8
      vertex 93.6 0 4.8
    endloop
  endfacet
  facet normal 1 0 0
    outer loop
      vertex 95.2 0 182.8
      vertex 95.2 14 163.8
      vertex 95.2 14.134503037177387 165.16563225411292
    endloop
  endfacet
  facet normal 1 0 0
    outer loop
      vertex 95.2 0 182.8
      vertex 95.2 14.134503037177387 165.16563225411292
      vertex 95.2 14.532843272420994 166.47878402655564
    endloop
  endfacet
  facet normal 1 0 0
    outer loop
      vertex 95.2 0 182.8
      vertex 95.2 14.532843272420994 166.47878402655564
      vertex 95.2 15.179712713882182 167.6889916311372
    endloop
  endfacet
  facet normal 1 0 0
    outer loop
      vertex 95.2 0 182.8
      vertex 95.2 15.179712713882182 167.6889916311372
      vertex 95.2 16.050252531694166 168.74974746830586
    endloop
  endfacet
  facet normal 0 0 1
    outer loop
      vertex 95.2 0 182.8
      vertex 93.6 16.00000000000002 182.8
      vertex 93.6 0 182.8
    endloop
  endfacet
  facet normal 1 0 0
    outer loop
      vertex 95.2 0 182.8
      vertex 95.2 16.050252531694166 168.74974746830586
      vertex 95.2 17.111008368862784 169.62028728611782
    endloop
  endfacet
  facet normal 1 0 0
    outer loop
      vertex 95.2 0 182.8
      vertex 95.2 17.111008368862784 169.62028728611782
      vertex 95.2 18.32121597344437 170.26715672757902
    endloop
  endfacet
  facet normal 1 0 0
    outer loop
      vertex 95.2 0 182.8
      vertex 95.2 18.32121597344437 170.26715672757902
      vertex 95.2 16 182.8
    endloop
  endfacet
  facet normal 0 0 1
    outer loop
      vertex 95.2 0 182.8
      vertex 95.2 16 182.8
      vertex 93.6 16.00000000000002 182.8
    endloop
  endfacet
  facet normal 1 0 0
    outer loop
      vertex 95.2 16 182.8
      vertex 95.2 18.32121597344437 170.26715672757902
      vertex 95.2 19.634367745887104 170.66549696282263
    endloop
  endfacet
  facet normal 1 0 0
    outer loop
      vertex 95.2 16 182.8
      vertex 95.2 19.634367745887104 170.66549696282263
      vertex 95.2 21 170.8
    endloop
  endfacet
  facet normal 1 0 0
    outer loop
      vertex 95.2 16 182.8
      vertex 95.2 21 170.8
      vertex 95.2 139 170.8
    endloop
  endfacet
  facet normal 1 0 0
    outer loop
      vertex 95.2 16 182.8
      vertex 95.2 139 170.8
      vertex 95.2 38 182.8
    endloop
  endfacet
  facet normal 0 0 1
    outer loop
      vertex 93.6 38.00000000000002 182.8
      vertex 95.2 38 182.8
      vertex 95.2 122 182.8
    endloop
  endfacet
  facet normal 0 0 -1
    outer loop
      vertex 59.10000000000001 18 0
      vertex 36.1 142 0
      vertex 59.10000000000001 142 0
    endloop
  endfacet
  facet normal 0 0 -1
    outer loop
      vertex 36.003926402016155 142.97545161008065 0
      vertex 59.196073597983855 142.97545161008065 0
      vertex 59.10000000000001 142 0
    endloop
  endfacet
  facet normal 0 0 -1
    outer loop
      vertex 35.71939766255643 143.91341716182544 0
      vertex 59.48060233744357 143.91341716182544 0
      vertex 59.196073597983855 142.97545161008065 0
    endloop
  endfacet
  facet normal 0 0 -1
    outer loop
      vertex 35.25734806151273 144.777851165098 0
      vertex 59.94265193848728 144.777851165098 0
      vertex 59.48060233744357 143.91341716182544 0
    endloop
  endfacet
  facet normal 0 0 -1
    outer loop
      vertex 34.63553390593274 145.53553390593274 0
      vertex 60.56446609406727 145.53553390593274 0
      vertex 59.94265193848728 144.777851165098 0
    endloop
  endfacet
  facet normal 0 0 -1
    outer loop
      vertex 33.87785116509801 146.15734806151272 0
      vertex 61.322148834901995 146.15734806151272 0
      vertex 60.56446609406727 145.53553390593274 0
    endloop
  endfacet
  facet normal 0 0 -1
    outer loop
      vertex 33.01341716182545 146.61939766255642 0
      vertex 62.18658283817456 146.61939766255642 0
      vertex 61.322148834901995 146.15734806151272 0
    endloop
  endfacet
  facet normal 0 0 -1
    outer loop
      vertex 32.07545161008064 146.90392640201614 0
      vertex 63.12454838991937 146.90392640201614 0
      vertex 62.18658283817456 146.61939766255642 0
    endloop
  endfacet
  facet normal 0 0 -1
    outer loop
      vertex 0 160 0
      vertex 95.2 160 0
      vertex 63.12454838991937 146.90392640201614 0
    endloop
  endfacet
  facet normal 0 1 0
    outer loop
      vertex 0 160 0
      vertex 55.1 160 3.1999999999999997
      vertex 93.30000000000001 160 3.5999999999999996
    endloop
  endfacet
  facet normal 0 1 0
    outer loop
      vertex 0 160 0
      vertex 93.30000000000001 160 3.5999999999999996
      vertex 95.2 160 0
    endloop
  endfacet
  facet normal 0 1 0
    outer loop
      vertex 93.30000000000001 160 3.5999999999999996
      vertex 55.1 160 3.1999999999999997
      vertex 55.1 160 3.5999999999999996
    endloop
  endfacet
  facet normal 0 0 -1
    outer loop
      vertex 92 37.2 0
      vertex 92 122.8 0
      vertex 93.4 122.8 0
    endloop
  endfacet
  facet normal 0 0 -1
    outer loop
      vertex 92 37.2 0
      vertex 93.4 122.8 0
      vertex 93.4 121.8 0
    endloop
  endfacet
  facet normal 0 0 -1
    outer loop
      vertex 93.4 38.2 0
      vertex 93.4 121.8 0
      vertex 95.2 121.8 0
    endloop
  endfacet
  facet normal 0 0 -1
    outer loop
      vertex 92 37.2 0
      vertex 88.60000000000001 142 0
      vertex 92 122.8 0
    endloop
  endfacet
  facet normal 1 0 0
    outer loop
      vertex 95.2 121.8 0
      vertex 95.2 121.8 2.9000000000000004
      vertex 95.2 66.38461538461524 18.8
    endloop
  endfacet
  facet normal 1 0 0
    outer loop
      vertex 95.2 66.38461538461524 18.8
      vertex 95.2 121.8 2.9000000000000004
      vertex 95.2 122.8 3.4000000000000004
    endloop
  endfacet
  facet normal 1 0 0
    outer loop
      vertex 95.2 66.38461538461524 18.8
      vertex 95.2 122.8 3.4000000000000004
      vertex 95.2 139 18.8
    endloop
  endfacet
  facet normal 1 0 0
    outer loop
      vertex 95.2 122.8 3.4000000000000004
      vertex 95.2 121.8 2.9000000000000004
      vertex 95.2 122.8 2.9000000000000004
    endloop
  endfacet
  facet normal 0 0 -1
    outer loop
      vertex 95.2 160 0
      vertex 64.10000000000001 147 0
      vertex 63.12454838991937 146.90392640201614 0
    endloop
  endfacet
  facet normal 0 0 -1
    outer loop
      vertex 95.2 160 0
      vertex 83.60000000000001 147 0
      vertex 64.10000000000001 147 0
    endloop
  endfacet
  facet normal 0 0 -1
    outer loop
      vertex 88.60000000000001 142 0
      vertex 92 143.2 0
      vertex 92 122.8 0
    endloop
  endfacet
  facet normal 1 0 0
    outer loop
      vertex 95.2 139 18.8
      vertex 95.2 122.8 3.4000000000000004
      vertex 95.2 133 3.4000000000000004
    endloop
  endfacet
  facet normal 0 0 -1
    outer loop
      vertex 88.50392640201616 142.97545161008065 0
      vertex 88.21939766255645 143.91341716182544 0
      vertex 92 143.2 0
    endloop
  endfacet
  facet normal 0 0 -1
    outer loop
      vertex 88.60000000000001 142 0
      vertex 88.50392640201616 142.97545161008065 0
      vertex 92 143.2 0
    endloop
  endfacet
  facet normal 0 0 -1
    outer loop
      vertex 87.75734806151274 144.777851165098 0
      vertex 92 143.2 0
      vertex 88.21939766255645 143.91341716182544 0
    endloop
  endfacet
  facet normal 0 0 -1
    outer loop
      vertex 87.75734806151274 144.777851165098 0
      vertex 93.4 144.2 0
      vertex 92 143.2 0
    endloop
  endfacet
  facet normal 1 0 0
    outer loop
      vertex 95.2 139 18.8
      vertex 95.2 133 3.4000000000000004
      vertex 95.2 143.2 3.4000000000000004
    endloop
  endfacet
  facet normal 1 0 0
    outer loop
      vertex 95.2 139 18.8
      vertex 95.2 143.2 3.4000000000000004
      vertex 95.2 144.2 2.9000000000000004
    endloop
  endfacet
  facet normal 0 0 -1
    outer loop
      vertex 92 143.2 0
      vertex 93.4 144.2 0
      vertex 93.4 143.2 0
    endloop
  endfacet
  facet normal 1 0 0
    outer loop
      vertex 95.2 143.2 3.4000000000000004
      vertex 95.2 143.2 2.9000000000000004
      vertex 95.2 144.2 2.9000000000000004
    endloop
  endfacet
  facet normal 1 0 0
    outer loop
      vertex 95.2 144.2 2.9000000000000004
      vertex 95.2 140.36563225411288 18.934503037177386
      vertex 95.2 139 18.8
    endloop
  endfacet
  facet normal 1 0 0
    outer loop
      vertex 95.2 144.2 2.9000000000000004
      vertex 95.2 141.67878402655563 19.332843272420995
      vertex 95.2 140.36563225411288 18.934503037177386
    endloop
  endfacet
  facet normal 0 0 -1
    outer loop
      vertex 95.2 160 0
      vertex 84.57545161008065 146.90392640201614 0
      vertex 83.60000000000001 147 0
    endloop
  endfacet
  facet normal 0 0 -1
    outer loop
      vertex 95.2 160 0
      vertex 85.51341716182546 146.61939766255642 0
      vertex 84.57545161008065 146.90392640201614 0
    endloop
  endfacet
  facet normal 0 0 -1
    outer loop
      vertex 95.2 160 0
      vertex 86.37785116509802 146.15734806151272 0
      vertex 85.51341716182546 146.61939766255642 0
    endloop
  endfacet
  facet normal 0 0 -1
    outer loop
      vertex 95.2 160 0
      vertex 87.75734806151274 144.777851165098 0
      vertex 87.13553390593275 145.53553390593274 0
    endloop
  endfacet
  facet normal 0 0 -1
    outer loop
      vertex 95.2 160 0
      vertex 87.13553390593275 145.53553390593274 0
      vertex 86.37785116509802 146.15734806151272 0
    endloop
  endfacet
  facet normal 0 0 -1
    outer loop
      vertex 95.2 160 0
      vertex 93.4 144.2 0
      vertex 87.75734806151274 144.777851165098 0
    endloop
  endfacet
  facet normal 0 0 -1
    outer loop
      vertex 95.2 160 0
      vertex 95.2 144.2 0
      vertex 93.4 144.2 0
    endloop
  endfacet
  facet normal 1 0 0
    outer loop
      vertex 95.2 160 0
      vertex 95.2 144.2 2.9000000000000004
      vertex 95.2 144.2 0
    endloop
  endfacet
  facet normal 1 0 0
    outer loop
      vertex 95.2 160 0
      vertex 95.2 141.67878402655563 19.332843272420995
      vertex 95.2 144.2 2.9000000000000004
    endloop
  endfacet
  facet normal 1 0 0
    outer loop
      vertex 95.2 160 0
      vertex 95.2 142.8889916311372 19.979712713882183
      vertex 95.2 141.67878402655563 19.332843272420995
    endloop
  endfacet
  facet normal 1 0 0
    outer loop
      vertex 95.2 160 0
      vertex 95.2 143.94974746830584 20.850252531694167
      vertex 95.2 142.8889916311372 19.979712713882183
    endloop
  endfacet
  facet normal 1 0 0
    outer loop
      vertex 95.2 160 0
      vertex 95.2 144.8202872861178 21.911008368862785
      vertex 95.2 143.94974746830584 20.850252531694167
    endloop
  endfacet
  facet normal 1 0 0
    outer loop
      vertex 95.2 160 0
      vertex 95.2 145.467156727579 23.12121597344437
      vertex 95.2 144.8202872861178 21.911008368862785
    endloop
  endfacet
  facet normal 1 0 0
    outer loop
      vertex 95.2 160 0
      vertex 95.2 145.86549696282262 24.4343677458871
      vertex 95.2 145.467156727579 23.12121597344437
    endloop
  endfacet
  facet normal 1 0 0
    outer loop
      vertex 95.2 160 0
      vertex 95.2 146 25.8
      vertex 95.2 145.86549696282262 24.4343677458871
    endloop
  endfacet
  facet normal 0 1 0
    outer loop
      vertex 93.30000000000001 160 3.5999999999999996
      vertex 93.30000000000001 160 4.8
      vertex 93.6 160 4.8
    endloop
  endfacet
  facet normal 0 1 0
    outer loop
      vertex 93.30000000000001 160 3.5999999999999996
      vertex 93.6 160 4.8
      vertex 95.2 160 0
    endloop
  endfacet
  facet normal 0 1 0
    outer loop
      vertex 95.2 160 0
      vertex 93.6 160 4.8
      vertex 95.2 160 182.8
    endloop
  endfacet
  facet normal 1 0 0
    outer loop
      vertex 95.2 160 0
      vertex 95.2 160 182.8
      vertex 95.2 146 25.8
    endloop
  endfacet
  facet normal 0 0 1
    outer loop
      vertex 93.6 38.00000000000002 182.8
      vertex 95.2 122 182.8
      vertex 93.6 122 182.8
    endloop
  endfacet
  facet normal 1 0 0
    outer loop
      vertex 95.2 38 182.8
      vertex 95.2 139 170.8
      vertex 95.2 122 182.8
    endloop
  endfacet
  facet normal 1 0 0
    outer loop
      vertex 95.2 160 182.8
      vertex 95.2 146 163.8
      vertex 95.2 146 25.8
    endloop
  endfacet
  facet normal 0 1 0
    outer loop
      vertex 95.2 160 182.8
      vertex 93.6 160 4.8
      vertex 93.6 160 182.8
    endloop
  endfacet
  facet normal 1 0 0
    outer loop
      vertex 95.2 122 182.8
      vertex 95.2 139 170.8
      vertex 95.2 144 182.8
    endloop
  endfacet
  facet normal 1 0 0
    outer loop
      vertex 95.2 144 182.8
      vertex 95.2 142.8889916311372 169.62028728611782
      vertex 95.2 143.94974746830584 168.74974746830586
    endloop
  endfacet
  facet normal 1 0 0
    outer loop
      vertex 95.2 144 182.8
      vertex 95.2 144.8202872861178 167.6889916311372
      vertex 95.2 145.467156727579 166.47878402655564
    endloop
  endfacet
  facet normal 1 0 0
    outer loop
      vertex 95.2 144 182.8
      vertex 95.2 143.94974746830584 168.74974746830586
      vertex 95.2 144.8202872861178 167.6889916311372
    endloop
  endfacet
  facet normal 1 0 0
    outer loop
      vertex 95.2 144 182.8
      vertex 95.2 139 170.8
      vertex 95.2 140.36563225411288 170.66549696282263
    endloop
  endfacet
  facet normal 1 0 0
    outer loop
      vertex 95.2 144 182.8
      vertex 95.2 140.36563225411288 170.66549696282263
      vertex 95.2 141.67878402655563 170.26715672757902
    endloop
  endfacet
  facet normal 1 0 0
    outer loop
      vertex 95.2 144 182.8
      vertex 95.2 141.67878402655563 170.26715672757902
      vertex 95.2 142.8889916311372 169.62028728611782
    endloop
  endfacet
  facet normal 1 0 0
    outer loop
      vertex 95.2 160 182.8
      vertex 95.2 145.467156727579 166.47878402655564
      vertex 95.2 145.86549696282262 165.16563225411292
    endloop
  endfacet
  facet normal 1 0 0
    outer loop
      vertex 95.2 160 182.8
      vertex 95.2 145.86549696282262 165.16563225411292
      vertex 95.2 146 163.8
    endloop
  endfacet
  facet normal 1 0 0
    outer loop
      vertex 95.2 144 182.8
      vertex 95.2 145.467156727579 166.47878402655564
      vertex 95.2 160 182.8
    endloop
  endfacet
  facet normal 0 0 1
    outer loop
      vertex 93.6 144 182.8
      vertex 95.2 144 182.8
      vertex 95.2 160 182.8
    endloop
  endfacet
  facet normal 0 0 1
    outer loop
      vertex 93.6 144 182.8
      vertex 95.2 160 182.8
      vertex 93.6 160 182.8
    endloop
  endfacet
  facet normal -1 0 0
    outer loop
      vertex 1.9000000000000001 160 3.5999999999999996
      vertex 1.9000000000000001 160 4.8
      vertex 1.9000000000000001 169 4.8
    endloop
  endfacet
  facet normal -1 0 0
    outer loop
      vertex 1.9000000000000001 160 3.5999999999999996
      vertex 1.9000000000000001 169 4.8
      vertex 1.9000000000000001 169 3.5999999999999996
    endloop
  endfacet
  facet normal 0 0 -1
    outer loop
      vertex 1.9000000000000001 160 3.5999999999999996
      vertex 40.1 161 3.5999999999999996
      vertex 40.1 160 3.5999999999999996
    endloop
  endfacet
  facet normal 0 0 1
    outer loop
      vertex 8.772757823986543 168.32325141776937 4.8
      vertex 38.008960150839705 160 4.8
      vertex 40.1 160 4.8
    endloop
  endfacet
  facet normal 0 0 1
    outer loop
      vertex 8.772757823986543 168.32325141776937 4.8
      vertex 40.1 160 4.8
      vertex 40.1 161 4.8
    endloop
  endfacet
  facet normal 0 0 -1
    outer loop
      vertex 1.9000000000000001 160 3.5999999999999996
      vertex 1.9000000000000001 169 3.5999999999999996
      vertex 93.30000000000001 169 3.5999999999999996
    endloop
  endfacet
  facet normal 0 1 0
    outer loop
      vertex 1.9000000000000001 169 3.5999999999999996
      vertex 1.9000000000000001 169 4.8
      vertex 93.30000000000001 169 3.5999999999999996
    endloop
  endfacet
  facet normal 0 0 1
    outer loop
      vertex 40.1 161 4.8
      vertex 55.1 161 4.8
      vertex 8.772757823986543 168.32325141776937 4.8
    endloop
  endfacet
  facet normal 0 0 1
    outer loop
      vertex 55.1 161 4.8
      vertex 63.41186382687541 162.94303310238647 4.8
      vertex 8.772757823986543 168.32325141776937 4.8
    endloop
  endfacet
  facet normal 0 0 -1
    outer loop
      vertex 1.9000000000000001 160 3.5999999999999996
      vertex 93.30000000000001 169 3.5999999999999996
      vertex 40.1 161 3.5999999999999996
    endloop
  endfacet
  facet normal 0 0 1
    outer loop
      vertex 55.1 160 4.8
      vertex 55.59278762265214 160 4.8
      vertex 55.1 161 4.8
    endloop
  endfacet
  facet normal 0 0 1
    outer loop
      vertex 55.1 161 4.8
      vertex 55.59278762265214 160 4.8
      vertex 63.41186382687541 162.94303310238647 4.8
    endloop
  endfacet
  facet normal 0 0 -1
    outer loop
      vertex 93.30000000000001 169 3.5999999999999996
      vertex 55.1 161 3.5999999999999996
      vertex 40.1 161 3.5999999999999996
    endloop
  endfacet
  facet normal 0 1 0
    outer loop
      vertex 93.30000000000001 169 3.5999999999999996
      vertex 1.9000000000000001 169 4.8
      vertex 93.30000000000001 169 4.8
    endloop
  endfacet
  facet normal 0 0 -1
    outer loop
      vertex 93.30000000000001 160 3.5999999999999996
      vertex 55.1 160 3.5999999999999996
      vertex 55.1 161 3.5999999999999996
    endloop
  endfacet
  facet normal 0 0 -1
    outer loop
      vertex 93.30000000000001 160 3.5999999999999996
      vertex 55.1 161 3.5999999999999996
      vertex 93.30000000000001 169 3.5999999999999996
    endloop
  endfacet
  facet normal 1 0 0
    outer loop
      vertex 93.30000000000001 160 3.5999999999999996
      vertex 93.30000000000001 169 3.5999999999999996
      vertex 93.30000000000001 160 4.8
    endloop
  endfacet
  facet normal 1 0 0
    outer loop
      vertex 93.30000000000001 169 3.5999999999999996
      vertex 93.30000000000001 169 4.8
      vertex 93.30000000000001 160 4.8
    endloop
  endfacet
  facet normal 0 0.773010453362737 0.6343932841636456
    outer loop
      vertex 1.6 15.179712713882182 21.911008368862785
      vertex 0 16.050252531694166 20.850252531694167
      vertex 0 15.179712713882182 21.911008368862785
    endloop
  endfacet
  facet normal 0 0.8819212643483557 0.4713967368259963
    outer loop
      vertex 1.6 14.532843272420994 23.12121597344437
      vertex 0 15.179712713882182 21.911008368862785
      vertex 0 14.532843272420994 23.12121597344437
    endloop
  endfacet
  facet normal 2.231319308965248e-18 0.773010453362737 0.6343932841636456
    outer loop
      vertex 1.6 15.179712713882182 21.911008368862785
      vertex 1.6 16.050252531694166 20.850252531694167
      vertex 0 16.050252531694166 20.850252531694167
    endloop
  endfacet
  facet normal 0 0.8819212643483557 0.4713967368259963
    outer loop
      vertex 1.6 15.179712713882182 21.911008368862785
      vertex 0 15.179712713882182 21.911008368862785
      vertex 1.6 14.532843272420994 23.12121597344437
    endloop
  endfacet
  facet normal 0 0.4713967368259963 0.8819212643483557
    outer loop
      vertex 1.6 17.111008368862784 19.979712713882183
      vertex 0 18.32121597344437 19.332843272420995
      vertex 0 17.111008368862784 19.979712713882183
    endloop
  endfacet
  facet normal 2.231319308965248e-18 0.6343932841636456 0.773010453362737
    outer loop
      vertex 1.6 16.050252531694166 20.850252531694167
      vertex 1.6 17.111008368862784 19.979712713882183
      vertex 0 17.111008368862784 19.979712713882183
    endloop
  endfacet
  facet normal 2.3909517333642316e-17 0.4713967368259963 0.8819212643483557
    outer loop
      vertex 1.6 17.111008368862784 19.979712713882183
      vertex 1.6 18.32121597344437 19.332843272420995
      vertex 0 18.32121597344437 19.332843272420995
    endloop
  endfacet
  facet normal 0 0.6343932841636456 0.773010453362737
    outer loop
      vertex 1.6 16.050252531694166 20.850252531694167
      vertex 0 17.111008368862784 19.979712713882183
      vertex 0 16.050252531694166 20.850252531694167
    endloop
  endfacet
  facet normal 0 0.2902846772544638 0.9569403357322084
    outer loop
      vertex 1.6 18.32121597344437 19.332843272420995
      vertex 0 19.634367745887104 18.934503037177386
      vertex 0 18.32121597344437 19.332843272420995
    endloop
  endfacet
  facet normal 0 0.09801714032955955 0.9951847266721969
    outer loop
      vertex 1.6 19.634367745887104 18.934503037177386
      vertex 0 21 18.8
      vertex 0 19.634367745887104 18.934503037177386
    endloop
  endfacet
  facet normal 0 0.2902846772544638 0.9569403357322084
    outer loop
      vertex 1.6 19.634367745887104 18.934503037177386
      vertex 0 19.634367745887104 18.934503037177386
      vertex 1.6 18.32121597344437 19.332843272420995
    endloop
  endfacet
  facet normal 4.221711315460595e-18 0.09801714032955955 0.9951847266721969
    outer loop
      vertex 1.6 19.634367745887104 18.934503037177386
      vertex 1.6 21 18.8
      vertex 0 21 18.8
    endloop
  endfacet
  facet normal 0 0.9569403357322085 0.2902846772544633
    outer loop
      vertex 1.6 14.134503037177387 24.4343677458871
      vertex 0 14.532843272420994 23.12121597344437
      vertex 0 14.134503037177387 24.4343677458871
    endloop
  endfacet
  facet normal 0 0.9951847266721968 0.09801714032956059
    outer loop
      vertex 1.6 14 25.8
      vertex 0 14.134503037177387 24.4343677458871
      vertex 0 14 25.8
    endloop
  endfacet
  facet normal 0 0.9569403357322085 0.2902846772544633
    outer loop
      vertex 1.6 14.532843272420994 23.12121597344437
      vertex 0 14.532843272420994 23.12121597344437
      vertex 1.6 14.134503037177387 24.4343677458871
    endloop
  endfacet
  facet normal 0 0.9951847266721968 0.09801714032956059
    outer loop
      vertex 1.6 14.134503037177387 24.4343677458871
      vertex 0 14.134503037177387 24.4343677458871
      vertex 1.6 14 25.8
    endloop
  endfacet
  facet normal 0 1 0
    outer loop
      vertex 1.6 14 25.8
      vertex 0 14 25.8
      vertex 1.6 14 163.8
    endloop
  endfacet
  facet normal 0 0 1
    outer loop
      vertex 1.6 21 18.8
      vertex 0 93.61538461538461 18.8
      vertex 0 21 18.8
    endloop
  endfacet
  facet normal 0 1 0
    outer loop
      vertex 1.6 14 163.8
      vertex 0 14 25.8
      vertex 0 14 163.8
    endloop
  endfacet
  facet normal 0 0.995184726672197 -0.09801714032955983
    outer loop
      vertex 1.6 14.134503037177387 165.16563225411292
      vertex 0 14 163.8
      vertex 0 14.134503037177387 165.16563225411292
    endloop
  endfacet
  facet normal 0 0.995184726672197 -0.09801714032955983
    outer loop
      vertex 1.6 14 163.8
      vertex 0 14 163.8
      vertex 1.6 14.134503037177387 165.16563225411292
    endloop
  endfacet
  facet normal 0 0.956940335732208 -0.29028467725446466
    outer loop
      vertex 1.6 14.532843272420994 166.47878402655564
      vertex 0 14.134503037177387 165.16563225411292
      vertex 0 14.532843272420994 166.47878402655564
    endloop
  endfacet
  facet normal 0 0.8819212643483529 -0.47139673682600175
    outer loop
      vertex 1.6 15.179712713882182 167.6889916311372
      vertex 0 14.532843272420994 166.47878402655564
      vertex 0 15.179712713882182 167.6889916311372
    endloop
  endfacet
  facet normal 0 0.956940335732208 -0.29028467725446466
    outer loop
      vertex 1.6 14.134503037177387 165.16563225411292
      vertex 0 14.134503037177387 165.16563225411292
      vertex 1.6 14.532843272420994 166.47878402655564
    endloop
  endfacet
  facet normal 0 0.8819212643483529 -0.47139673682600175
    outer loop
      vertex 1.6 14.532843272420994 166.47878402655564
      vertex 0 14.532843272420994 166.47878402655564
      vertex 1.6 15.179712713882182 167.6889916311372
    endloop
  endfacet
  facet normal 0 0.7730104533627442 -0.6343932841636366
    outer loop
      vertex 1.6 16.050252531694166 168.74974746830586
      vertex 0 15.179712713882182 167.6889916311372
      vertex 0 16.050252531694166 168.74974746830586
    endloop
  endfacet
  facet normal 0 0.7730104533627442 -0.6343932841636366
    outer loop
      vertex 1.6 15.179712713882182 167.6889916311372
      vertex 0 15.179712713882182 167.6889916311372
      vertex 1.6 16.050252531694166 168.74974746830586
    endloop
  endfacet
  facet normal 0 0.6343932841636347 -0.7730104533627459
    outer loop
      vertex 1.6 17.111008368862784 169.62028728611782
      vertex 0 16.050252531694166 168.74974746830586
      vertex 0 17.111008368862784 169.62028728611782
    endloop
  endfacet
  facet normal 0 0.47139673682600636 -0.8819212643483504
    outer loop
      vertex 1.6 18.32121597344437 170.26715672757902
      vertex 0 17.111008368862784 169.62028728611782
      vertex 0 18.32121597344437 170.26715672757902
    endloop
  endfacet
  facet normal 0 0.6343932841636347 -0.7730104533627459
    outer loop
      vertex 1.6 16.050252531694166 168.74974746830586
      vertex 0 16.050252531694166 168.74974746830586
      vertex 1.6 17.111008368862784 169.62028728611782
    endloop
  endfacet
  facet normal 0 0.47139673682600636 -0.8819212643483504
    outer loop
      vertex 1.6 17.111008368862784 169.62028728611782
      vertex 0 17.111008368862784 169.62028728611782
      vertex 1.6 18.32121597344437 170.26715672757902
    endloop
  endfacet
  facet normal 0 0.2902846772544638 -0.9569403357322084
    outer loop
      vertex 1.6 19.634367745887104 170.66549696282263
      vertex 0 18.32121597344437 170.26715672757902
      vertex 0 19.634367745887104 170.66549696282263
    endloop
  endfacet
  facet normal 0 0.09801714032955698 -0.9951847266721972
    outer loop
      vertex 1.6 21 170.8
      vertex 0 19.634367745887104 170.66549696282263
      vertex 0 21 170.8
    endloop
  endfacet
  facet normal 0 0.2902846772544638 -0.9569403357322084
    outer loop
      vertex 1.6 18.32121597344437 170.26715672757902
      vertex 0 18.32121597344437 170.26715672757902
      vertex 1.6 19.634367745887104 170.66549696282263
    endloop
  endfacet
  facet normal 0 0.09801714032955698 -0.9951847266721972
    outer loop
      vertex 1.6 19.634367745887104 170.66549696282263
      vertex 0 19.634367745887104 170.66549696282263
      vertex 1.6 21 170.8
    endloop
  endfacet
  facet normal 0 0 -1
    outer loop
      vertex 1.6 21 170.8
      vertex 0 21 170.8
      vertex 1.6 139 170.8
    endloop
  endfacet
  facet normal 0 0 1
    outer loop
      vertex 1.6 21 18.8
      vertex 1.6 139 18.8
      vertex 0 93.61538461538461 18.8
    endloop
  endfacet
  facet normal 0 0 1
    outer loop
      vertex 1.6 139 18.8
      vertex 0 139 18.8
      vertex 0 93.61538461538461 18.8
    endloop
  endfacet
  facet normal 0 -0.09801714032956059 0.9951847266721969
    outer loop
      vertex 1.6 139 18.8
      vertex 0 140.36563225411288 18.934503037177386
      vertex 0 139 18.8
    endloop
  endfacet
  facet normal -2.5221190915296436e-18 -0.09801714032956059 0.9951847266721969
    outer loop
      vertex 1.6 139 18.8
      vertex 1.6 140.36563225411288 18.934503037177386
      vertex 0 140.36563225411288 18.934503037177386
    endloop
  endfacet
  facet normal 0 -0.29028467725446017 0.9569403357322096
    outer loop
      vertex 1.6 140.36563225411288 18.934503037177386
      vertex 0 141.67878402655563 19.332843272420995
      vertex 0 140.36563225411288 18.934503037177386
    endloop
  endfacet
  facet normal 0 -0.47139673682600175 0.8819212643483529
    outer loop
      vertex 1.6 141.67878402655563 19.332843272420995
      vertex 0 142.8889916311372 19.979712713882183
      vertex 0 141.67878402655563 19.332843272420995
    endloop
  endfacet
  facet normal 6.682970640082296e-18 -0.29028467725446017 0.9569403357322096
    outer loop
      vertex 1.6 140.36563225411288 18.934503037177386
      vertex 1.6 141.67878402655563 19.332843272420995
      vertex 0 141.67878402655563 19.332843272420995
    endloop
  endfacet
  facet normal 1.4185467029113238e-18 -0.47139673682600175 0.8819212643483529
    outer loop
      vertex 1.6 141.67878402655563 19.332843272420995
      vertex 1.6 142.8889916311372 19.979712713882183
      vertex 0 142.8889916311372 19.979712713882183
    endloop
  endfacet
  facet normal 0 -0.6343932841636366 0.7730104533627442
    outer loop
      vertex 1.6 142.8889916311372 19.979712713882183
      vertex 0 143.94974746830584 20.850252531694167
      vertex 0 142.8889916311372 19.979712713882183
    endloop
  endfacet
  facet normal 0 -0.7730104533627459 0.6343932841636347
    outer loop
      vertex 1.6 143.94974746830584 20.850252531694167
      vertex 0 144.8202872861178 21.911008368862785
      vertex 0 143.94974746830584 20.850252531694167
    endloop
  endfacet
  facet normal 0 -0.8819212643483504 0.47139673682600636
    outer loop
      vertex 1.6 144.8202872861178 21.911008368862785
      vertex 0 145.467156727579 23.12121597344437
      vertex 0 144.8202872861178 21.911008368862785
    endloop
  endfacet
  facet normal -2.184839383803011e-18 -0.6343932841636366 0.7730104533627442
    outer loop
      vertex 1.6 142.8889916311372 19.979712713882183
      vertex 1.6 143.94974746830584 20.850252531694167
      vertex 0 143.94974746830584 20.850252531694167
    endloop
  endfacet
  facet normal 1.7524508371638448e-17 -0.7730104533627459 0.6343932841636347
    outer loop
      vertex 1.6 143.94974746830584 20.850252531694167
      vertex 1.6 144.8202872861178 21.911008368862785
      vertex 0 144.8202872861178 21.911008368862785
    endloop
  endfacet
  facet normal 8.109836730837066e-18 -0.8819212643483504 0.47139673682600636
    outer loop
      vertex 1.6 144.8202872861178 21.911008368862785
      vertex 1.6 145.467156727579 23.12121597344437
      vertex 0 145.467156727579 23.12121597344437
    endloop
  endfacet
  facet normal 0 -0.9569403357322082 0.29028467725446444
    outer loop
      vertex 1.6 145.467156727579 23.12121597344437
      vertex 0 145.86549696282262 24.4343677458871
      vertex 0 145.467156727579 23.12121597344437
    endloop
  endfacet
  facet normal 0 -0.9951847266721972 0.09801714032955675
    outer loop
      vertex 1.6 145.86549696282262 24.4343677458871
      vertex 0 146 25.8
      vertex 0 145.86549696282262 24.4343677458871
    endloop
  endfacet
  facet normal -1.7655806480851312e-17 -0.9569403357322082 0.29028467725446444
    outer loop
      vertex 1.6 145.467156727579 23.12121597344437
      vertex 1.6 145.86549696282262 24.4343677458871
      vertex 0 145.86549696282262 24.4343677458871
    endloop
  endfacet
  facet normal 1.030348359313057e-18 -0.9951847266721972 0.09801714032955675
    outer loop
      vertex 1.6 145.86549696282262 24.4343677458871
      vertex 1.6 146 25.8
      vertex 0 146 25.8
    endloop
  endfacet
  facet normal 0 -1 0
    outer loop
      vertex 1.6 146 25.8
      vertex 0 146 163.8
      vertex 0 146 25.8
    endloop
  endfacet
  facet normal 0 0 -1
    outer loop
      vertex 1.6 139 170.8
      vertex 0 21 170.8
      vertex 0 139 170.8
    endloop
  endfacet
  facet normal 0 -1 0
    outer loop
      vertex 1.6 146 25.8
      vertex 1.6 146 163.8
      vertex 0 146 163.8
    endloop
  endfacet
  facet normal 0 -0.09801714032955801 -0.9951847266721972
    outer loop
      vertex 1.6 140.36563225411288 170.66549696282263
      vertex 0 139 170.8
      vertex 0 140.36563225411288 170.66549696282263
    endloop
  endfacet
  facet normal 0 -0.09801714032955801 -0.9951847266721972
    outer loop
      vertex 1.6 139 170.8
      vertex 0 139 170.8
      vertex 1.6 140.36563225411288 170.66549696282263
    endloop
  endfacet
  facet normal 0 -0.29028467725446017 -0.9569403357322096
    outer loop
      vertex 1.6 141.67878402655563 170.26715672757902
      vertex 0 140.36563225411288 170.66549696282263
      vertex 0 141.67878402655563 170.26715672757902
    endloop
  endfacet
  facet normal 0 -0.47139673682601174 -0.8819212643483474
    outer loop
      vertex 1.6 142.8889916311372 169.62028728611782
      vertex 0 141.67878402655563 170.26715672757902
      vertex 0 142.8889916311372 169.62028728611782
    endloop
  endfacet
  facet normal 0 -0.29028467725446017 -0.9569403357322096
    outer loop
      vertex 1.6 140.36563225411288 170.66549696282263
      vertex 0 140.36563225411288 170.66549696282263
      vertex 1.6 141.67878402655563 170.26715672757902
    endloop
  endfacet
  facet normal 0 -0.47139673682601174 -0.8819212643483474
    outer loop
      vertex 1.6 141.67878402655563 170.26715672757902
      vertex 0 141.67878402655563 170.26715672757902
      vertex 1.6 142.8889916311372 169.62028728611782
    endloop
  endfacet
  facet normal 0 -0.8819212643483474 -0.47139673682601174
    outer loop
      vertex 1.6 144.8202872861178 167.6889916311372
      vertex 0 144.8202872861178 167.6889916311372
      vertex 1.6 145.467156727579 166.47878402655564
    endloop
  endfacet
  facet normal 0 -0.9951847266721974 -0.098017140329556
    outer loop
      vertex 1.6 146 163.8
      vertex 0 145.86549696282262 165.16563225411292
      vertex 0 146 163.8
    endloop
  endfacet
  facet normal 0 -0.9951847266721974 -0.098017140329556
    outer loop
      vertex 1.6 145.86549696282262 165.16563225411292
      vertex 0 145.86549696282262 165.16563225411292
      vertex 1.6 146 163.8
    endloop
  endfacet
  facet normal 0 -0.9569403357322079 -0.29028467725446594
    outer loop
      vertex 1.6 145.86549696282262 165.16563225411292
      vertex 0 145.467156727579 166.47878402655564
      vertex 0 145.86549696282262 165.16563225411292
    endloop
  endfacet
  facet normal 0 -0.8819212643483474 -0.47139673682601174
    outer loop
      vertex 1.6 145.467156727579 166.47878402655564
      vertex 0 144.8202872861178 167.6889916311372
      vertex 0 145.467156727579 166.47878402655564
    endloop
  endfacet
  facet normal -7.94205738659655e-18 -0.9569403357322079 -0.29028467725446594
    outer loop
      vertex 1.6 145.86549696282262 165.16563225411292
      vertex 1.6 145.467156727579 166.47878402655564
      vertex 0 145.467156727579 166.47878402655564
    endloop
  endfacet
  facet normal 0 -0.6343932841636257 -0.7730104533627531
    outer loop
      vertex 1.6 143.94974746830584 168.74974746830586
      vertex 0 142.8889916311372 169.62028728611782
      vertex 0 143.94974746830584 168.74974746830586
    endloop
  endfacet
  facet normal 0 -0.7730104533627531 -0.6343932841636257
    outer loop
      vertex 1.6 144.8202872861178 167.6889916311372
      vertex 0 143.94974746830584 168.74974746830586
      vertex 0 144.8202872861178 167.6889916311372
    endloop
  endfacet
  facet normal 0 -0.6343932841636257 -0.7730104533627531
    outer loop
      vertex 1.6 142.8889916311372 169.62028728611782
      vertex 0 142.8889916311372 169.62028728611782
      vertex 1.6 143.94974746830584 168.74974746830586
    endloop
  endfacet
  facet normal 0 -0.7730104533627531 -0.6343932841636257
    outer loop
      vertex 1.6 143.94974746830584 168.74974746830586
      vertex 0 143.94974746830584 168.74974746830586
      vertex 1.6 144.8202872861178 167.6889916311372
    endloop
  endfacet
  facet normal 0 0.773010453362737 0.6343932841636456
    outer loop
      vertex 93.6 15.179712713882182 21.911008368862785
      vertex 95.2 15.179712713882182 21.911008368862785
      vertex 93.6 16.050252531694166 20.850252531694167
    endloop
  endfacet
  facet normal 2.390951733364219e-17 0.8819212643483557 0.47139673682599637
    outer loop
      vertex 93.6 15.179712713882182 21.911008368862785
      vertex 93.6 14.532843272420994 23.12121597344437
      vertex 95.2 14.532843272420994 23.12121597344437
    endloop
  endfacet
  facet normal 0 0.773010453362737 0.6343932841636456
    outer loop
      vertex 93.6 16.050252531694166 20.850252531694167
      vertex 95.2 15.179712713882182 21.911008368862785
      vertex 95.2 16.050252531694166 20.850252531694167
    endloop
  endfacet
  facet normal 0 0.8819212643483557 0.47139673682599637
    outer loop
      vertex 93.6 15.179712713882182 21.911008368862785
      vertex 95.2 14.532843272420994 23.12121597344437
      vertex 95.2 15.179712713882182 21.911008368862785
    endloop
  endfacet
  facet normal 0 0.47139673682599637 0.8819212643483557
    outer loop
      vertex 93.6 17.111008368862784 19.979712713882183
      vertex 95.2 17.111008368862784 19.979712713882183
      vertex 93.6 18.32121597344437 19.332843272420995
    endloop
  endfacet
  facet normal 0 0.6343932841636456 0.773010453362737
    outer loop
      vertex 93.6 17.111008368862784 19.979712713882183
      vertex 95.2 16.050252531694166 20.850252531694167
      vertex 95.2 17.111008368862784 19.979712713882183
    endloop
  endfacet
  facet normal 0 0.47139673682599637 0.8819212643483557
    outer loop
      vertex 93.6 18.32121597344437 19.332843272420995
      vertex 95.2 17.111008368862784 19.979712713882183
      vertex 95.2 18.32121597344437 19.332843272420995
    endloop
  endfacet
  facet normal 0 0.6343932841636456 0.773010453362737
    outer loop
      vertex 93.6 16.050252531694166 20.850252531694167
      vertex 95.2 16.050252531694166 20.850252531694167
      vertex 93.6 17.111008368862784 19.979712713882183
    endloop
  endfacet
  facet normal -2.011144594706321e-17 0.2902846772544637 0.9569403357322085
    outer loop
      vertex 93.6 19.634367745887104 18.934503037177386
      vertex 93.6 18.32121597344437 19.332843272420995
      vertex 95.2 18.32121597344437 19.332843272420995
    endloop
  endfacet
  facet normal 0 0.09801714032955955 0.995184726672197
    outer loop
      vertex 93.6 19.634367745887104 18.934503037177386
      vertex 95.2 19.634367745887104 18.934503037177386
      vertex 93.6 21 18.8
    endloop
  endfacet
  facet normal 0 0.2902846772544637 0.9569403357322085
    outer loop
      vertex 93.6 19.634367745887104 18.934503037177386
      vertex 95.2 18.32121597344437 19.332843272420995
      vertex 95.2 19.634367745887104 18.934503037177386
    endloop
  endfacet
  facet normal 0 0.09801714032955955 0.995184726672197
    outer loop
      vertex 93.6 21 18.8
      vertex 95.2 19.634367745887104 18.934503037177386
      vertex 95.2 21 18.8
    endloop
  endfacet
  facet normal 1.8183128808865745e-17 0.9569403357322085 0.2902846772544633
    outer loop
      vertex 93.6 14.532843272420994 23.12121597344437
      vertex 93.6 14.134503037177387 24.4343677458871
      vertex 95.2 14.134503037177387 24.4343677458871
    endloop
  endfacet
  facet normal -3.576264592286893e-18 0.995184726672197 0.0980171403295606
    outer loop
      vertex 93.6 14.134503037177387 24.4343677458871
      vertex 93.6 14 25.8
      vertex 95.2 14 25.8
    endloop
  endfacet
  facet normal 0 0.9569403357322085 0.2902846772544633
    outer loop
      vertex 93.6 14.532843272420994 23.12121597344437
      vertex 95.2 14.134503037177387 24.4343677458871
      vertex 95.2 14.532843272420994 23.12121597344437
    endloop
  endfacet
  facet normal 0 0.995184726672197 0.0980171403295606
    outer loop
      vertex 93.6 14.134503037177387 24.4343677458871
      vertex 95.2 14 25.8
      vertex 95.2 14.134503037177387 24.4343677458871
    endloop
  endfacet
  facet normal 0 0 1
    outer loop
      vertex 93.6 21 18.8
      vertex 95.2 21 18.8
      vertex 95.2 66.38461538461524 18.8
    endloop
  endfacet
  facet normal 0 1 0
    outer loop
      vertex 93.6 14 25.8
      vertex 95.2 14 163.8
      vertex 95.2 14 25.8
    endloop
  endfacet
  facet normal 0 0 1
    outer loop
      vertex 93.6 21 18.8
      vertex 95.2 66.38461538461524 18.8
      vertex 93.6 139 18.8
    endloop
  endfacet
  facet normal 0 1 0
    outer loop
      vertex 93.6 14 25.8
      vertex 93.6 14 163.8
      vertex 95.2 14 163.8
    endloop
  endfacet
  facet normal -8.588160982550933e-19 0.995184726672197 -0.09801714032955984
    outer loop
      vertex 93.6 14 163.8
      vertex 93.6 14.134503037177387 165.16563225411292
      vertex 95.2 14.134503037177387 165.16563225411292
    endloop
  endfacet
  facet normal 0 0.995184726672197 -0.09801714032955984
    outer loop
      vertex 93.6 14 163.8
      vertex 95.2 14.134503037177387 165.16563225411292
      vertex 95.2 14 163.8
    endloop
  endfacet
  facet normal 7.41473505858774e-18 0.9569403357322082 -0.29028467725446466
    outer loop
      vertex 93.6 14.134503037177387 165.16563225411292
      vertex 93.6 14.532843272420994 166.47878402655564
      vertex 95.2 14.532843272420994 166.47878402655564
    endloop
  endfacet
  facet normal 1.418546702911316e-18 0.8819212643483528 -0.4713967368260017
    outer loop
      vertex 93.6 14.532843272420994 166.47878402655564
      vertex 93.6 15.179712713882182 167.6889916311372
      vertex 95.2 15.179712713882182 167.6889916311372
    endloop
  endfacet
  facet normal 0 0.9569403357322082 -0.29028467725446466
    outer loop
      vertex 93.6 14.134503037177387 165.16563225411292
      vertex 95.2 14.532843272420994 166.47878402655564
      vertex 95.2 14.134503037177387 165.16563225411292
    endloop
  endfacet
  facet normal 0 0.8819212643483528 -0.4713967368260017
    outer loop
      vertex 93.6 14.532843272420994 166.47878402655564
      vertex 95.2 15.179712713882182 167.6889916311372
      vertex 95.2 14.532843272420994 166.47878402655564
    endloop
  endfacet
  facet normal -2.1848393838029993e-18 0.7730104533627441 -0.6343932841636366
    outer loop
      vertex 93.6 15.179712713882182 167.6889916311372
      vertex 93.6 16.050252531694166 168.74974746830586
      vertex 95.2 16.050252531694166 168.74974746830586
    endloop
  endfacet
  facet normal 0 0.7730104533627441 -0.6343932841636366
    outer loop
      vertex 93.6 15.179712713882182 167.6889916311372
      vertex 95.2 16.050252531694166 168.74974746830586
      vertex 95.2 15.179712713882182 167.6889916311372
    endloop
  endfacet
  facet normal 1.7524508371638355e-17 0.6343932841636347 -0.7730104533627459
    outer loop
      vertex 93.6 16.050252531694166 168.74974746830586
      vertex 93.6 17.111008368862784 169.62028728611782
      vertex 95.2 17.111008368862784 169.62028728611782
    endloop
  endfacet
  facet normal 8.109836730837025e-18 0.4713967368260064 -0.8819212643483504
    outer loop
      vertex 93.6 17.111008368862784 169.62028728611782
      vertex 93.6 18.32121597344437 170.26715672757902
      vertex 95.2 18.32121597344437 170.26715672757902
    endloop
  endfacet
  facet normal 0 0.6343932841636347 -0.7730104533627459
    outer loop
      vertex 93.6 16.050252531694166 168.74974746830586
      vertex 95.2 17.111008368862784 169.62028728611782
      vertex 95.2 16.050252531694166 168.74974746830586
    endloop
  endfacet
  facet normal 0 0.4713967368260064 -0.8819212643483504
    outer loop
      vertex 93.6 17.111008368862784 169.62028728611782
      vertex 95.2 18.32121597344437 170.26715672757902
      vertex 95.2 17.111008368862784 169.62028728611782
    endloop
  endfacet
  facet normal 2.011144594706321e-17 0.2902846772544637 -0.9569403357322085
    outer loop
      vertex 93.6 18.32121597344437 170.26715672757902
      vertex 93.6 19.634367745887104 170.66549696282263
      vertex 95.2 19.634367745887104 170.66549696282263
    endloop
  endfacet
  facet normal -1.7051401073008559e-18 0.09801714032955698 -0.9951847266721972
    outer loop
      vertex 93.6 19.634367745887104 170.66549696282263
      vertex 93.6 21 170.8
      vertex 95.2 21 170.8
    endloop
  endfacet
  facet normal 0 0.2902846772544637 -0.9569403357322085
    outer loop
      vertex 93.6 18.32121597344437 170.26715672757902
      vertex 95.2 19.634367745887104 170.66549696282263
      vertex 95.2 18.32121597344437 170.26715672757902
    endloop
  endfacet
  facet normal 0 0.09801714032955698 -0.9951847266721972
    outer loop
      vertex 93.6 19.634367745887104 170.66549696282263
      vertex 95.2 21 170.8
      vertex 95.2 19.634367745887104 170.66549696282263
    endloop
  endfacet
  facet normal 0 0 -1
    outer loop
      vertex 93.6 21 170.8
      vertex 95.2 139 170.8
      vertex 95.2 21 170.8
    endloop
  endfacet
  facet normal 0 0 1
    outer loop
      vertex 93.6 139 18.8
      vertex 95.2 66.38461538461524 18.8
      vertex 95.2 139 18.8
    endloop
  endfacet
  facet normal 0 -0.09801714032956059 0.9951847266721969
    outer loop
      vertex 93.6 139 18.8
      vertex 95.2 139 18.8
      vertex 93.6 140.36563225411288 18.934503037177386
    endloop
  endfacet
  facet normal 0 -0.09801714032956059 0.9951847266721969
    outer loop
      vertex 93.6 140.36563225411288 18.934503037177386
      vertex 95.2 139 18.8
      vertex 95.2 140.36563225411288 18.934503037177386
    endloop
  endfacet
  facet normal 0 -0.29028467725446017 0.9569403357322096
    outer loop
      vertex 93.6 140.36563225411288 18.934503037177386
      vertex 95.2 140.36563225411288 18.934503037177386
      vertex 93.6 141.67878402655563 19.332843272420995
    endloop
  endfacet
  facet normal 0 -0.4713967368260017 0.8819212643483528
    outer loop
      vertex 93.6 141.67878402655563 19.332843272420995
      vertex 95.2 141.67878402655563 19.332843272420995
      vertex 93.6 142.8889916311372 19.979712713882183
    endloop
  endfacet
  facet normal 0 -0.29028467725446017 0.9569403357322096
    outer loop
      vertex 93.6 141.67878402655563 19.332843272420995
      vertex 95.2 140.36563225411288 18.934503037177386
      vertex 95.2 141.67878402655563 19.332843272420995
    endloop
  endfacet
  facet normal 0 -0.4713967368260017 0.8819212643483528
    outer loop
      vertex 93.6 142.8889916311372 19.979712713882183
      vertex 95.2 141.67878402655563 19.332843272420995
      vertex 95.2 142.8889916311372 19.979712713882183
    endloop
  endfacet
  facet normal 0 -0.6343932841636366 0.7730104533627441
    outer loop
      vertex 93.6 142.8889916311372 19.979712713882183
      vertex 95.2 142.8889916311372 19.979712713882183
      vertex 93.6 143.94974746830584 20.850252531694167
    endloop
  endfacet
  facet normal 0 -0.7730104533627459 0.6343932841636347
    outer loop
      vertex 93.6 143.94974746830584 20.850252531694167
      vertex 95.2 143.94974746830584 20.850252531694167
      vertex 93.6 144.8202872861178 21.911008368862785
    endloop
  endfacet
  facet normal 0 -0.8819212643483504 0.4713967368260064
    outer loop
      vertex 93.6 144.8202872861178 21.911008368862785
      vertex 95.2 144.8202872861178 21.911008368862785
      vertex 93.6 145.467156727579 23.12121597344437
    endloop
  endfacet
  facet normal 0 -0.6343932841636366 0.7730104533627441
    outer loop
      vertex 93.6 143.94974746830584 20.850252531694167
      vertex 95.2 142.8889916311372 19.979712713882183
      vertex 95.2 143.94974746830584 20.850252531694167
    endloop
  endfacet
  facet normal 0 -0.7730104533627459 0.6343932841636347
    outer loop
      vertex 93.6 144.8202872861178 21.911008368862785
      vertex 95.2 143.94974746830584 20.850252531694167
      vertex 95.2 144.8202872861178 21.911008368862785
    endloop
  endfacet
  facet normal 0 -0.8819212643483504 0.4713967368260064
    outer loop
      vertex 93.6 145.467156727579 23.12121597344437
      vertex 95.2 144.8202872861178 21.911008368862785
      vertex 95.2 145.467156727579 23.12121597344437
    endloop
  endfacet
  facet normal 0 -0.9569403357322084 0.2902846772544645
    outer loop
      vertex 93.6 145.467156727579 23.12121597344437
      vertex 95.2 145.467156727579 23.12121597344437
      vertex 93.6 145.86549696282262 24.4343677458871
    endloop
  endfacet
  facet normal 0 -0.9951847266721972 0.09801714032955675
    outer loop
      vertex 93.6 145.86549696282262 24.4343677458871
      vertex 95.2 145.86549696282262 24.4343677458871
      vertex 93.6 146 25.8
    endloop
  endfacet
  facet normal 0 -0.9569403357322084 0.2902846772544645
    outer loop
      vertex 93.6 145.86549696282262 24.4343677458871
      vertex 95.2 145.467156727579 23.12121597344437
      vertex 95.2 145.86549696282262 24.4343677458871
    endloop
  endfacet
  facet normal 0 -0.9951847266721972 0.09801714032955675
    outer loop
      vertex 93.6 146 25.8
      vertex 95.2 145.86549696282262 24.4343677458871
      vertex 95.2 146 25.8
    endloop
  endfacet
  facet normal 0 -1 0
    outer loop
      vertex 93.6 146 25.8
      vertex 95.2 146 25.8
      vertex 93.6 146 163.8
    endloop
  endfacet
  facet normal 0 0 -1
    outer loop
      vertex 93.6 21 170.8
      vertex 93.6 139 170.8
      vertex 95.2 139 170.8
    endloop
  endfacet
  facet normal 0 -1 0
    outer loop
      vertex 93.6 146 163.8
      vertex 95.2 146 25.8
      vertex 95.2 146 163.8
    endloop
  endfacet
  facet normal 5.547883346891797e-21 -0.09801714032955801 -0.9951847266721972
    outer loop
      vertex 93.6 139 170.8
      vertex 93.6 140.36563225411288 170.66549696282263
      vertex 95.2 140.36563225411288 170.66549696282263
    endloop
  endfacet
  facet normal 0 -0.09801714032955801 -0.9951847266721972
    outer loop
      vertex 93.6 139 170.8
      vertex 95.2 140.36563225411288 170.66549696282263
      vertex 95.2 139 170.8
    endloop
  endfacet
  facet normal -6.6829706400822614e-18 -0.29028467725446017 -0.9569403357322096
    outer loop
      vertex 93.6 140.36563225411288 170.66549696282263
      vertex 93.6 141.67878402655563 170.26715672757902
      vertex 95.2 141.67878402655563 170.26715672757902
    endloop
  endfacet
  facet normal 1.712828359439162e-17 -0.4713967368260118 -0.8819212643483475
    outer loop
      vertex 93.6 141.67878402655563 170.26715672757902
      vertex 93.6 142.8889916311372 169.62028728611782
      vertex 95.2 142.8889916311372 169.62028728611782
    endloop
  endfacet
  facet normal 0 -0.29028467725446017 -0.9569403357322096
    outer loop
      vertex 93.6 140.36563225411288 170.66549696282263
      vertex 95.2 141.67878402655563 170.26715672757902
      vertex 95.2 140.36563225411288 170.66549696282263
    endloop
  endfacet
  facet normal 0 -0.4713967368260118 -0.8819212643483475
    outer loop
      vertex 93.6 141.67878402655563 170.26715672757902
      vertex 95.2 142.8889916311372 169.62028728611782
      vertex 95.2 141.67878402655563 170.26715672757902
    endloop
  endfacet
  facet normal 0 -0.8819212643483475 -0.4713967368260118
    outer loop
      vertex 93.6 144.8202872861178 167.6889916311372
      vertex 95.2 145.467156727579 166.47878402655564
      vertex 95.2 144.8202872861178 167.6889916311372
    endloop
  endfacet
  facet normal 3.4047323312547853e-18 -0.9951847266721975 -0.098017140329556
    outer loop
      vertex 93.6 145.86549696282262 165.16563225411292
      vertex 93.6 146 163.8
      vertex 95.2 146 163.8
    endloop
  endfacet
  facet normal 0 -0.9951847266721975 -0.098017140329556
    outer loop
      vertex 93.6 145.86549696282262 165.16563225411292
      vertex 95.2 146 163.8
      vertex 95.2 145.86549696282262 165.16563225411292
    endloop
  endfacet
  facet normal 0 -0.9569403357322077 -0.2902846772544659
    outer loop
      vertex 93.6 145.86549696282262 165.16563225411292
      vertex 95.2 145.86549696282262 165.16563225411292
      vertex 93.6 145.467156727579 166.47878402655564
    endloop
  endfacet
  facet normal 1.712828359439162e-17 -0.8819212643483475 -0.4713967368260118
    outer loop
      vertex 93.6 144.8202872861178 167.6889916311372
      vertex 93.6 145.467156727579 166.47878402655564
      vertex 95.2 145.467156727579 166.47878402655564
    endloop
  endfacet
  facet normal 0 -0.9569403357322077 -0.2902846772544659
    outer loop
      vertex 93.6 145.467156727579 166.47878402655564
      vertex 95.2 145.86549696282262 165.16563225411292
      vertex 95.2 145.467156727579 166.47878402655564
    endloop
  endfacet
  facet normal -1.7570988296518627e-17 -0.6343932841636257 -0.7730104533627531
    outer loop
      vertex 93.6 142.8889916311372 169.62028728611782
      vertex 93.6 143.94974746830584 168.74974746830586
      vertex 95.2 143.94974746830584 168.74974746830586
    endloop
  endfacet
  facet normal -1.7570988296518627e-17 -0.7730104533627531 -0.6343932841636257
    outer loop
      vertex 93.6 143.94974746830584 168.74974746830586
      vertex 93.6 144.8202872861178 167.6889916311372
      vertex 95.2 144.8202872861178 167.6889916311372
    endloop
  endfacet
  facet normal 0 -0.6343932841636257 -0.7730104533627531
    outer loop
      vertex 93.6 142.8889916311372 169.62028728611782
      vertex 95.2 143.94974746830584 168.74974746830586
      vertex 95.2 142.8889916311372 169.62028728611782
    endloop
  endfacet
  facet normal 0 -0.7730104533627531 -0.6343932841636257
    outer loop
      vertex 93.6 143.94974746830584 168.74974746830586
      vertex 95.2 144.8202872861178 167.6889916311372
      vertex 95.2 143.94974746830584 168.74974746830586
    endloop
  endfacet
  facet normal 0.8819212643483546 0.47139673682599864 0
    outer loop
      vertex 6.980602337443566 16.08658283817455 4.8
      vertex 7.442651938487273 15.22214883490199 0
      vertex 6.980602337443566 16.08658283817455 0
    endloop
  endfacet
  facet normal 0.8819212643483546 0.47139673682599864 -4.52635424932011e-18
    outer loop
      vertex 6.980602337443566 16.08658283817455 4.8
      vertex 7.442651938487273 15.22214883490199 4.8
      vertex 7.442651938487273 15.22214883490199 0
    endloop
  endfacet
  facet normal 0.7730104533627374 0.6343932841636448 0
    outer loop
      vertex 7.442651938487273 15.22214883490199 4.8
      vertex 8.064466094067262 14.464466094067262 0
      vertex 7.442651938487273 15.22214883490199 0
    endloop
  endfacet
  facet normal 0.6343932841636458 0.7730104533627369 0
    outer loop
      vertex 8.064466094067262 14.464466094067262 4.8
      vertex 8.822148834901988 13.842651938487274 0
      vertex 8.064466094067262 14.464466094067262 0
    endloop
  endfacet
  facet normal 0.7730104533627374 0.6343932841636448 0
    outer loop
      vertex 8.064466094067262 14.464466094067262 4.8
      vertex 8.064466094067262 14.464466094067262 0
      vertex 7.442651938487273 15.22214883490199 4.8
    endloop
  endfacet
  facet normal 0.6343932841636458 0.7730104533627369 -1.977768211608265e-18
    outer loop
      vertex 8.064466094067262 14.464466094067262 4.8
      vertex 8.822148834901988 13.842651938487274 4.8
      vertex 8.822148834901988 13.842651938487274 0
    endloop
  endfacet
  facet normal 0.9951847266721968 0.09801714032956084 0
    outer loop
      vertex 6.6 18 4.8
      vertex 6.6960735979838475 17.02454838991936 0
      vertex 6.6 18 0
    endloop
  endfacet
  facet normal 0.956940335732209 0.29028467725446144 0
    outer loop
      vertex 6.6960735979838475 17.02454838991936 4.8
      vertex 6.980602337443566 16.08658283817455 0
      vertex 6.6960735979838475 17.02454838991936 0
    endloop
  endfacet
  facet normal 0.9951847266721968 0.09801714032956084 0
    outer loop
      vertex 6.6960735979838475 17.02454838991936 4.8
      vertex 6.6960735979838475 17.02454838991936 0
      vertex 6.6 18 4.8
    endloop
  endfacet
  facet normal 0.956940335732209 0.29028467725446144 0
    outer loop
      vertex 6.980602337443566 16.08658283817455 4.8
      vertex 6.980602337443566 16.08658283817455 0
      vertex 6.6960735979838475 17.02454838991936 4.8
    endloop
  endfacet
  facet normal 0.29028467725446244 0.9569403357322087 5.505825260752633e-18
    outer loop
      vertex 9.686582838174552 13.380602337443566 4.8
      vertex 10.624548389919358 13.096073597983848 4.8
      vertex 10.624548389919358 13.096073597983848 0
    endloop
  endfacet
  facet normal 0.47139673682599703 0.8819212643483554 0
    outer loop
      vertex 8.822148834901988 13.842651938487274 4.8
      vertex 9.686582838174552 13.380602337443566 0
      vertex 8.822148834901988 13.842651938487274 0
    endloop
  endfacet
  facet normal 0.29028467725446244 0.9569403357322087 0
    outer loop
      vertex 9.686582838174552 13.380602337443566 4.8
      vertex 10.624548389919358 13.096073597983848 0
      vertex 9.686582838174552 13.380602337443566 0
    endloop
  endfacet
  facet normal 0.47139673682599703 0.8819212643483554 5.33262310558037e-19
    outer loop
      vertex 8.822148834901988 13.842651938487274 4.8
      vertex 9.686582838174552 13.380602337443566 4.8
      vertex 9.686582838174552 13.380602337443566 0
    endloop
  endfacet
  facet normal 0.09801714032956067 0.9951847266721968 0
    outer loop
      vertex 10.624548389919358 13.096073597983848 4.8
      vertex 11.6 13 0
      vertex 10.624548389919358 13.096073597983848 0
    endloop
  endfacet
  facet normal 0.09801714032956067 0.9951847266721968 -5.357038592104205e-19
    outer loop
      vertex 10.624548389919358 13.096073597983848 4.8
      vertex 11.6 13 4.8
      vertex 11.6 13 0
    endloop
  endfacet
  facet normal 0 1 0
    outer loop
      vertex 11.6 13 4.8
      vertex 31.1 13 0
      vertex 11.6 13 0
    endloop
  endfacet
  facet normal 1 0 0
    outer loop
      vertex 6.6 18 4.8
      vertex 6.6 18 0
      vertex 6.6 142 4.8
    endloop
  endfacet
  facet normal 0 1 0
    outer loop
      vertex 11.6 13 4.8
      vertex 31.1 13 4.8
      vertex 31.1 13 0
    endloop
  endfacet
  facet normal -0.09801714032956084 0.9951847266721968 0
    outer loop
      vertex 31.1 13 4.8
      vertex 32.07545161008064 13.096073597983848 0
      vertex 31.1 13 0
    endloop
  endfacet
  facet normal -0.29028467725446144 0.956940335732209 0
    outer loop
      vertex 32.07545161008064 13.096073597983848 4.8
      vertex 33.01341716182545 13.380602337443566 0
      vertex 32.07545161008064 13.096073597983848 0
    endloop
  endfacet
  facet normal -0.09801714032956084 0.9951847266721968 -3.4159575490699205e-19
    outer loop
      vertex 31.1 13 4.8
      vertex 32.07545161008064 13.096073597983848 4.8
      vertex 32.07545161008064 13.096073597983848 0
    endloop
  endfacet
  facet normal -0.29028467725446144 0.956940335732209 -3.029977990443837e-18
    outer loop
      vertex 32.07545161008064 13.096073597983848 4.8
      vertex 33.01341716182545 13.380602337443566 4.8
      vertex 33.01341716182545 13.380602337443566 0
    endloop
  endfacet
  facet normal -0.47139673682600014 0.8819212643483538 0
    outer loop
      vertex 33.01341716182545 13.380602337443566 4.8
      vertex 33.87785116509801 13.842651938487274 0
      vertex 33.01341716182545 13.380602337443566 0
    endloop
  endfacet
  facet normal -0.6343932841636432 0.773010453362739 0
    outer loop
      vertex 33.87785116509801 13.842651938487274 4.8
      vertex 34.63553390593274 14.464466094067262 0
      vertex 33.87785116509801 13.842651938487274 0
    endloop
  endfacet
  facet normal -0.47139673682600014 0.8819212643483538 -2.212805541850778e-18
    outer loop
      vertex 33.01341716182545 13.380602337443566 4.8
      vertex 33.87785116509801 13.842651938487274 4.8
      vertex 33.87785116509801 13.842651938487274 0
    endloop
  endfacet
  facet normal -0.7730104533627365 0.6343932841636459 0
    outer loop
      vertex 34.63553390593274 14.464466094067262 4.8
      vertex 35.25734806151273 15.22214883490199 0
      vertex 34.63553390593274 14.464466094067262 0
    endloop
  endfacet
  facet normal -0.8819212643483567 0.4713967368259943 0
    outer loop
      vertex 35.25734806151273 15.22214883490199 4.8
      vertex 35.71939766255643 16.08658283817455 0
      vertex 35.25734806151273 15.22214883490199 0
    endloop
  endfacet
  facet normal -0.6343932841636432 0.773010453362739 -1.6307821052831883e-18
    outer loop
      vertex 33.87785116509801 13.842651938487274 4.8
      vertex 34.63553390593274 14.464466094067262 4.8
      vertex 34.63553390593274 14.464466094067262 0
    endloop
  endfacet
  facet normal -0.7730104533627365 0.6343932841636459 3.675620213882548e-18
    outer loop
      vertex 34.63553390593274 14.464466094067262 4.8
      vertex 35.25734806151273 15.22214883490199 4.8
      vertex 35.25734806151273 15.22214883490199 0
    endloop
  endfacet
  facet normal -0.8819212643483567 0.4713967368259943 4.695497800317054e-18
    outer loop
      vertex 35.25734806151273 15.22214883490199 4.8
      vertex 35.71939766255643 16.08658283817455 4.8
      vertex 35.71939766255643 16.08658283817455 0
    endloop
  endfacet
  facet normal -0.9569403357322076 0.29028467725446644 0
    outer loop
      vertex 35.71939766255643 16.08658283817455 4.8
      vertex 36.003926402016155 17.02454838991936 0
      vertex 35.71939766255643 16.08658283817455 0
    endloop
  endfacet
  facet normal -0.995184726672197 0.09801714032955905 0
    outer loop
      vertex 36.003926402016155 17.02454838991936 4.8
      vertex 36.1 18 0
      vertex 36.003926402016155 17.02454838991936 0
    endloop
  endfacet
  facet normal -0.9569403357322076 0.29028467725446644 -2.5026556624258668e-18
    outer loop
      vertex 35.71939766255643 16.08658283817455 4.8
      vertex 36.003926402016155 17.02454838991936 4.8
      vertex 36.003926402016155 17.02454838991936 0
    endloop
  endfacet
  facet normal -0.995184726672197 0.09801714032955905 7.783277978629641e-20
    outer loop
      vertex 36.003926402016155 17.02454838991936 4.8
      vertex 36.1 18 4.8
      vertex 36.1 18 0
    endloop
  endfacet
  facet normal -1 0 0
    outer loop
      vertex 36.1 18 4.8
      vertex 36.1 142 0
      vertex 36.1 18 0
    endloop
  endfacet
  facet normal 1 0 0
    outer loop
      vertex 6.6 142 4.8
      vertex 6.6 18 0
      vertex 6.6 142 0
    endloop
  endfacet
  facet normal 0.9951847266721969 -0.09801714032955942 0
    outer loop
      vertex 6.6 142 4.8
      vertex 6.6 142 0
      vertex 6.6960735979838475 142.97545161008065 4.8
    endloop
  endfacet
  facet normal 0.9951847266721969 -0.09801714032955942 0
    outer loop
      vertex 6.6960735979838475 142.97545161008065 4.8
      vertex 6.6 142 0
      vertex 6.6960735979838475 142.97545161008065 0
    endloop
  endfacet
  facet normal 0.9569403357322068 -0.29028467725446955 0
    outer loop
      vertex 6.980602337443566 143.91341716182544 4.8
      vertex 6.6960735979838475 142.97545161008065 0
      vertex 6.980602337443566 143.91341716182544 0
    endloop
  endfacet
  facet normal 0.8819212643483585 -0.4713967368259911 0
    outer loop
      vertex 7.442651938487273 144.777851165098 4.8
      vertex 6.980602337443566 143.91341716182544 0
      vertex 7.442651938487273 144.777851165098 0
    endloop
  endfacet
  facet normal 0.9569403357322068 -0.29028467725446955 0
    outer loop
      vertex 6.6960735979838475 142.97545161008065 4.8
      vertex 6.6960735979838475 142.97545161008065 0
      vertex 6.980602337443566 143.91341716182544 4.8
    endloop
  endfacet
  facet normal 0.8819212643483585 -0.4713967368259911 0
    outer loop
      vertex 6.980602337443566 143.91341716182544 4.8
      vertex 6.980602337443566 143.91341716182544 0
      vertex 7.442651938487273 144.777851165098 4.8
    endloop
  endfacet
  facet normal 0.7730104533627361 -0.6343932841636466 0
    outer loop
      vertex 7.442651938487273 144.777851165098 4.8
      vertex 7.442651938487273 144.777851165098 0
      vertex 8.064466094067262 145.53553390593274 4.8
    endloop
  endfacet
  facet normal 0.7730104533627361 -0.6343932841636466 0
    outer loop
      vertex 8.064466094067262 145.53553390593274 4.8
      vertex 7.442651938487273 144.777851165098 0
      vertex 8.064466094067262 145.53553390593274 0
    endloop
  endfacet
  facet normal 0.6343932841636425 -0.7730104533627393 0
    outer loop
      vertex 8.822148834901988 146.15734806151272 4.8
      vertex 8.064466094067262 145.53553390593274 0
      vertex 8.822148834901988 146.15734806151272 0
    endloop
  endfacet
  facet normal 0.6343932841636425 -0.7730104533627393 0
    outer loop
      vertex 8.064466094067262 145.53553390593274 4.8
      vertex 8.064466094067262 145.53553390593274 0
      vertex 8.822148834901988 146.15734806151272 4.8
    endloop
  endfacet
  facet normal 0.4713967368259928 -0.8819212643483577 0
    outer loop
      vertex 9.686582838174552 146.61939766255642 4.8
      vertex 8.822148834901988 146.15734806151272 0
      vertex 9.686582838174552 146.61939766255642 0
    endloop
  endfacet
  facet normal 0.29028467725446083 -0.9569403357322093 0
    outer loop
      vertex 10.624548389919358 146.90392640201614 4.8
      vertex 9.686582838174552 146.61939766255642 0
      vertex 10.624548389919358 146.90392640201614 0
    endloop
  endfacet
  facet normal 0.4713967368259928 -0.8819212643483577 0
    outer loop
      vertex 8.822148834901988 146.15734806151272 4.8
      vertex 8.822148834901988 146.15734806151272 0
      vertex 9.686582838174552 146.61939766255642 4.8
    endloop
  endfacet
  facet normal 0.29028467725446083 -0.9569403357322093 0
    outer loop
      vertex 9.686582838174552 146.61939766255642 4.8
      vertex 9.686582838174552 146.61939766255642 0
      vertex 10.624548389919358 146.90392640201614 4.8
    endloop
  endfacet
  facet normal 0.09801714032957323 -0.9951847266721956 0
    outer loop
      vertex 11.6 147 4.8
      vertex 10.624548389919358 146.90392640201614 0
      vertex 11.6 147 0
    endloop
  endfacet
  facet normal 0.09801714032957323 -0.9951847266721956 0
    outer loop
      vertex 10.624548389919358 146.90392640201614 4.8
      vertex 10.624548389919358 146.90392640201614 0
      vertex 11.6 147 4.8
    endloop
  endfacet
  facet normal 0 -1 0
    outer loop
      vertex 11.6 147 4.8
      vertex 11.6 147 0
      vertex 31.1 147 4.8
    endloop
  endfacet
  facet normal -1 0 0
    outer loop
      vertex 36.1 18 4.8
      vertex 36.1 142 4.8
      vertex 36.1 142 0
    endloop
  endfacet
  facet normal 0 -1 0
    outer loop
      vertex 31.1 147 4.8
      vertex 11.6 147 0
      vertex 31.1 147 0
    endloop
  endfacet
  facet normal -0.0980171403295734 -0.9951847266721955 0
    outer loop
      vertex 32.07545161008064 146.90392640201614 4.8
      vertex 31.1 147 0
      vertex 32.07545161008064 146.90392640201614 0
    endloop
  endfacet
  facet normal -0.29028467725445983 -0.9569403357322096 0
    outer loop
      vertex 33.01341716182545 146.61939766255642 4.8
      vertex 32.07545161008064 146.90392640201614 0
      vertex 33.01341716182545 146.61939766255642 0
    endloop
  endfacet
  facet normal -0.0980171403295734 -0.9951847266721955 0
    outer loop
      vertex 31.1 147 4.8
      vertex 31.1 147 0
      vertex 32.07545161008064 146.90392640201614 4.8
    endloop
  endfacet
  facet normal -0.29028467725445983 -0.9569403357322096 0
    outer loop
      vertex 32.07545161008064 146.90392640201614 4.8
      vertex 32.07545161008064 146.90392640201614 0
      vertex 33.01341716182545 146.61939766255642 4.8
    endloop
  endfacet
  facet normal -0.4713967368259958 -0.8819212643483559 0
    outer loop
      vertex 33.87785116509801 146.15734806151272 4.8
      vertex 33.01341716182545 146.61939766255642 0
      vertex 33.87785116509801 146.15734806151272 0
    endloop
  endfacet
  facet normal -0.4713967368259958 -0.8819212643483559 0
    outer loop
      vertex 33.01341716182545 146.61939766255642 4.8
      vertex 33.01341716182545 146.61939766255642 0
      vertex 33.87785116509801 146.15734806151272 4.8
    endloop
  endfacet
  facet normal -0.6343932841636398 -0.7730104533627414 0
    outer loop
      vertex 33.87785116509801 146.15734806151272 4.8
      vertex 33.87785116509801 146.15734806151272 0
      vertex 34.63553390593274 145.53553390593274 4.8
    endloop
  endfacet
  facet normal -0.7730104533627352 -0.6343932841636477 0
    outer loop
      vertex 35.25734806151273 144.777851165098 4.8
      vertex 34.63553390593274 145.53553390593274 0
      vertex 35.25734806151273 144.777851165098 0
    endloop
  endfacet
  facet normal -0.8819212643483608 -0.4713967368259868 0
    outer loop
      vertex 35.71939766255643 143.91341716182544 4.8
      vertex 35.25734806151273 144.777851165098 0
      vertex 35.71939766255643 143.91341716182544 0
    endloop
  endfacet
  facet normal -0.8819212643483608 -0.4713967368259868 0
    outer loop
      vertex 35.25734806151273 144.777851165098 4.8
      vertex 35.25734806151273 144.777851165098 0
      vertex 35.71939766255643 143.91341716182544 4.8
    endloop
  endfacet
  facet normal -0.6343932841636398 -0.7730104533627414 0
    outer loop
      vertex 34.63553390593274 145.53553390593274 4.8
      vertex 33.87785116509801 146.15734806151272 0
      vertex 34.63553390593274 145.53553390593274 0
    endloop
  endfacet
  facet normal -0.7730104533627352 -0.6343932841636477 0
    outer loop
      vertex 34.63553390593274 145.53553390593274 4.8
      vertex 34.63553390593274 145.53553390593274 0
      vertex 35.25734806151273 144.777851165098 4.8
    endloop
  endfacet
  facet normal -0.9951847266721972 -0.09801714032955762 0
    outer loop
      vertex 36.1 142 4.8
      vertex 36.003926402016155 142.97545161008065 0
      vertex 36.1 142 0
    endloop
  endfacet
  facet normal -0.9569403357322052 -0.29028467725447443 0
    outer loop
      vertex 36.003926402016155 142.97545161008065 4.8
      vertex 35.71939766255643 143.91341716182544 0
      vertex 36.003926402016155 142.97545161008065 0
    endloop
  endfacet
  facet normal -0.9951847266721972 -0.09801714032955762 -1.1968415171957094e-18
    outer loop
      vertex 36.1 142 4.8
      vertex 36.003926402016155 142.97545161008065 4.8
      vertex 36.003926402016155 142.97545161008065 0
    endloop
  endfacet
  facet normal -0.9569403357322052 -0.29028467725447443 -1.2881188771697033e-18
    outer loop
      vertex 36.003926402016155 142.97545161008065 4.8
      vertex 35.71939766255643 143.91341716182544 4.8
      vertex 35.71939766255643 143.91341716182544 0
    endloop
  endfacet
  facet normal 0.9569403357322096 0.29028467725445983 0
    outer loop
      vertex 59.196073597983855 17.02454838991936 4.8
      vertex 59.48060233744357 16.08658283817455 0
      vertex 59.196073597983855 17.02454838991936 0
    endloop
  endfacet
  facet normal 0.995184726672197 0.09801714032955905 0
    outer loop
      vertex 59.10000000000001 18 4.8
      vertex 59.196073597983855 17.02454838991936 0
      vertex 59.10000000000001 18 0
    endloop
  endfacet
  facet normal 0.9569403357322096 0.29028467725445983 0
    outer loop
      vertex 59.48060233744357 16.08658283817455 4.8
      vertex 59.48060233744357 16.08658283817455 0
      vertex 59.196073597983855 17.02454838991936 4.8
    endloop
  endfacet
  facet normal 0.995184726672197 0.09801714032955905 0
    outer loop
      vertex 59.196073597983855 17.02454838991936 4.8
      vertex 59.196073597983855 17.02454838991936 0
      vertex 59.10000000000001 18 4.8
    endloop
  endfacet
  facet normal 0.8819212643483537 0.471396736826 0
    outer loop
      vertex 59.48060233744357 16.08658283817455 4.8
      vertex 59.94265193848728 15.22214883490199 0
      vertex 59.48060233744357 16.08658283817455 0
    endloop
  endfacet
  facet normal 0.7730104533627365 0.6343932841636459 0
    outer loop
      vertex 59.94265193848728 15.22214883490199 4.8
      vertex 60.56446609406727 14.464466094067262 0
      vertex 59.94265193848728 15.22214883490199 0
    endloop
  endfacet
  facet normal 0.6343932841636466 0.7730104533627361 0
    outer loop
      vertex 60.56446609406727 14.464466094067262 4.8
      vertex 61.322148834901995 13.842651938487274 0
      vertex 60.56446609406727 14.464466094067262 0
    endloop
  endfacet
  facet normal 0.8819212643483537 0.471396736826 -5.370476153047888e-19
    outer loop
      vertex 59.48060233744357 16.08658283817455 4.8
      vertex 59.94265193848728 15.22214883490199 4.8
      vertex 59.94265193848728 15.22214883490199 0
    endloop
  endfacet
  facet normal 0.7730104533627365 0.6343932841636459 0
    outer loop
      vertex 60.56446609406727 14.464466094067262 4.8
      vertex 60.56446609406727 14.464466094067262 0
      vertex 59.94265193848728 15.22214883490199 4.8
    endloop
  endfacet
  facet normal 0.47139673682599703 0.8819212643483554 0
    outer loop
      vertex 61.322148834901995 13.842651938487274 4.8
      vertex 62.18658283817456 13.380602337443566 0
      vertex 61.322148834901995 13.842651938487274 0
    endloop
  endfacet
  facet normal 0.6343932841636466 0.7730104533627361 -3.180618317238756e-18
    outer loop
      vertex 60.56446609406727 14.464466094067262 4.8
      vertex 61.322148834901995 13.842651938487274 4.8
      vertex 61.322148834901995 13.842651938487274 0
    endloop
  endfacet
  facet normal 0.47139673682599703 0.8819212643483554 5.33262310558037e-19
    outer loop
      vertex 61.322148834901995 13.842651938487274 4.8
      vertex 62.18658283817456 13.380602337443566 4.8
      vertex 62.18658283817456 13.380602337443566 0
    endloop
  endfacet
  facet normal 0.09801714032956084 0.9951847266721968 0
    outer loop
      vertex 63.12454838991937 13.096073597983848 4.8
      vertex 64.10000000000001 13 0
      vertex 63.12454838991937 13.096073597983848 0
    endloop
  endfacet
  facet normal 0.29028467725446144 0.956940335732209 3.029977990443837e-18
    outer loop
      vertex 62.18658283817456 13.380602337443566 4.8
      vertex 63.12454838991937 13.096073597983848 4.8
      vertex 63.12454838991937 13.096073597983848 0
    endloop
  endfacet
  facet normal 0.09801714032956084 0.9951847266721968 3.4159575490699205e-19
    outer loop
      vertex 63.12454838991937 13.096073597983848 4.8
      vertex 64.10000000000001 13 4.8
      vertex 64.10000000000001 13 0
    endloop
  endfacet
  facet normal 0.29028467725446144 0.956940335732209 0
    outer loop
      vertex 62.18658283817456 13.380602337443566 4.8
      vertex 63.12454838991937 13.096073597983848 0
      vertex 62.18658283817456 13.380602337443566 0
    endloop
  endfacet
  facet normal 0 1 0
    outer loop
      vertex 64.10000000000001 13 4.8
      vertex 83.60000000000001 13 0
      vertex 64.10000000000001 13 0
    endloop
  endfacet
  facet normal 1 0 0
    outer loop
      vertex 59.10000000000001 18 4.8
      vertex 59.10000000000001 18 0
      vertex 59.10000000000001 142 4.8
    endloop
  endfacet
  facet normal 0 1 0
    outer loop
      vertex 64.10000000000001 13 4.8
      vertex 83.60000000000001 13 4.8
      vertex 83.60000000000001 13 0
    endloop
  endfacet
  facet normal -0.09801714032956084 0.9951847266721968 0
    outer loop
      vertex 83.60000000000001 13 4.8
      vertex 84.57545161008065 13.096073597983848 0
      vertex 83.60000000000001 13 0
    endloop
  endfacet
  facet normal -0.09801714032956084 0.9951847266721968 -3.4159575490699205e-19
    outer loop
      vertex 83.60000000000001 13 4.8
      vertex 84.57545161008065 13.096073597983848 4.8
      vertex 84.57545161008065 13.096073597983848 0
    endloop
  endfacet
  facet normal -0.29028467725446144 0.956940335732209 0
    outer loop
      vertex 84.57545161008065 13.096073597983848 4.8
      vertex 85.51341716182546 13.380602337443566 0
      vertex 84.57545161008065 13.096073597983848 0
    endloop
  endfacet
  facet normal -0.47139673682599703 0.8819212643483554 0
    outer loop
      vertex 85.51341716182546 13.380602337443566 4.8
      vertex 86.37785116509802 13.842651938487274 0
      vertex 85.51341716182546 13.380602337443566 0
    endloop
  endfacet
  facet normal -0.29028467725446144 0.956940335732209 -3.029977990443837e-18
    outer loop
      vertex 84.57545161008065 13.096073597983848 4.8
      vertex 85.51341716182546 13.380602337443566 4.8
      vertex 85.51341716182546 13.380602337443566 0
    endloop
  endfacet
  facet normal -0.47139673682599703 0.8819212643483554 -5.33262310558037e-19
    outer loop
      vertex 85.51341716182546 13.380602337443566 4.8
      vertex 86.37785116509802 13.842651938487274 4.8
      vertex 86.37785116509802 13.842651938487274 0
    endloop
  endfacet
  facet normal -0.6343932841636466 0.7730104533627361 0
    outer loop
      vertex 86.37785116509802 13.842651938487274 4.8
      vertex 87.13553390593275 14.464466094067262 0
      vertex 86.37785116509802 13.842651938487274 0
    endloop
  endfacet
  facet normal -0.7730104533627331 0.6343932841636503 0
    outer loop
      vertex 87.13553390593275 14.464466094067262 4.8
      vertex 87.75734806151274 15.22214883490199 0
      vertex 87.13553390593275 14.464466094067262 0
    endloop
  endfacet
  facet normal -0.6343932841636466 0.7730104533627361 3.180618317238756e-18
    outer loop
      vertex 86.37785116509802 13.842651938487274 4.8
      vertex 87.13553390593275 14.464466094067262 4.8
      vertex 87.13553390593275 14.464466094067262 0
    endloop
  endfacet
  facet normal -0.7730104533627331 0.6343932841636503 3.479652294452638e-18
    outer loop
      vertex 87.13553390593275 14.464466094067262 4.8
      vertex 87.75734806151274 15.22214883490199 4.8
      vertex 87.75734806151274 15.22214883490199 0
    endloop
  endfacet
  facet normal -0.8819212643483567 0.4713967368259943 0
    outer loop
      vertex 87.75734806151274 15.22214883490199 4.8
      vertex 88.21939766255645 16.08658283817455 0
      vertex 87.75734806151274 15.22214883490199 0
    endloop
  endfacet
  facet normal -0.8819212643483567 0.4713967368259943 4.695497800317054e-18
    outer loop
      vertex 87.75734806151274 15.22214883490199 4.8
      vertex 88.21939766255645 16.08658283817455 4.8
      vertex 88.21939766255645 16.08658283817455 0
    endloop
  endfacet
  facet normal -0.9569403357322096 0.29028467725445983 0
    outer loop
      vertex 88.21939766255645 16.08658283817455 4.8
      vertex 88.50392640201616 17.02454838991936 0
      vertex 88.21939766255645 16.08658283817455 0
    endloop
  endfacet
  facet normal -0.995184726672197 0.09801714032955905 0
    outer loop
      vertex 88.50392640201616 17.02454838991936 4.8
      vertex 88.60000000000001 18 0
      vertex 88.50392640201616 17.02454838991936 0
    endloop
  endfacet
  facet normal -0.9569403357322096 0.29028467725445983 -3.2057520997831606e-18
    outer loop
      vertex 88.21939766255645 16.08658283817455 4.8
      vertex 88.50392640201616 17.02454838991936 4.8
      vertex 88.50392640201616 17.02454838991936 0
    endloop
  endfacet
  facet normal -0.995184726672197 0.09801714032955905 7.783277978629641e-20
    outer loop
      vertex 88.50392640201616 17.02454838991936 4.8
      vertex 88.60000000000001 18 4.8
      vertex 88.60000000000001 18 0
    endloop
  endfacet
  facet normal -1 0 0
    outer loop
      vertex 88.60000000000001 18 4.8
      vertex 88.60000000000001 142 0
      vertex 88.60000000000001 18 0
    endloop
  endfacet
  facet normal 1 0 0
    outer loop
      vertex 59.10000000000001 142 4.8
      vertex 59.10000000000001 18 0
      vertex 59.10000000000001 142 0
    endloop
  endfacet
  facet normal 0.9951847266721972 -0.09801714032955762 0
    outer loop
      vertex 59.10000000000001 142 4.8
      vertex 59.10000000000001 142 0
      vertex 59.196073597983855 142.97545161008065 4.8
    endloop
  endfacet
  facet normal 0.9951847266721972 -0.09801714032955762 0
    outer loop
      vertex 59.196073597983855 142.97545161008065 4.8
      vertex 59.10000000000001 142 0
      vertex 59.196073597983855 142.97545161008065 0
    endloop
  endfacet
  facet normal 0.9569403357322072 -0.2902846772544678 0
    outer loop
      vertex 59.48060233744357 143.91341716182544 4.8
      vertex 59.196073597983855 142.97545161008065 0
      vertex 59.48060233744357 143.91341716182544 0
    endloop
  endfacet
  facet normal 0.9569403357322072 -0.2902846772544678 0
    outer loop
      vertex 59.196073597983855 142.97545161008065 4.8
      vertex 59.196073597983855 142.97545161008065 0
      vertex 59.48060233744357 143.91341716182544 4.8
    endloop
  endfacet
  facet normal 0.8819212643483577 -0.4713967368259924 0
    outer loop
      vertex 59.94265193848728 144.777851165098 4.8
      vertex 59.48060233744357 143.91341716182544 0
      vertex 59.94265193848728 144.777851165098 0
    endloop
  endfacet
  facet normal 0.8819212643483577 -0.4713967368259924 0
    outer loop
      vertex 59.48060233744357 143.91341716182544 4.8
      vertex 59.48060233744357 143.91341716182544 0
      vertex 59.94265193848728 144.777851165098 4.8
    endloop
  endfacet
  facet normal 0.7730104533627352 -0.6343932841636477 0
    outer loop
      vertex 59.94265193848728 144.777851165098 4.8
      vertex 59.94265193848728 144.777851165098 0
      vertex 60.56446609406727 145.53553390593274 4.8
    endloop
  endfacet
  facet normal 0.7730104533627352 -0.6343932841636477 0
    outer loop
      vertex 60.56446609406727 145.53553390593274 4.8
      vertex 59.94265193848728 144.777851165098 0
      vertex 60.56446609406727 145.53553390593274 0
    endloop
  endfacet
  facet normal 0.6343932841636434 -0.7730104533627387 0
    outer loop
      vertex 60.56446609406727 145.53553390593274 4.8
      vertex 60.56446609406727 145.53553390593274 0
      vertex 61.322148834901995 146.15734806151272 4.8
    endloop
  endfacet
  facet normal 0.6343932841636434 -0.7730104533627387 0
    outer loop
      vertex 61.322148834901995 146.15734806151272 4.8
      vertex 60.56446609406727 145.53553390593274 0
      vertex 61.322148834901995 146.15734806151272 0
    endloop
  endfacet
  facet normal 0.4713967368259928 -0.8819212643483577 0
    outer loop
      vertex 62.18658283817456 146.61939766255642 4.8
      vertex 61.322148834901995 146.15734806151272 0
      vertex 62.18658283817456 146.61939766255642 0
    endloop
  endfacet
  facet normal 0.4713967368259928 -0.8819212643483577 0
    outer loop
      vertex 61.322148834901995 146.15734806151272 4.8
      vertex 61.322148834901995 146.15734806151272 0
      vertex 62.18658283817456 146.61939766255642 4.8
    endloop
  endfacet
  facet normal 0.29028467725445983 -0.9569403357322096 0
    outer loop
      vertex 63.12454838991937 146.90392640201614 4.8
      vertex 62.18658283817456 146.61939766255642 0
      vertex 63.12454838991937 146.90392640201614 0
    endloop
  endfacet
  facet normal 0.0980171403295734 -0.9951847266721955 0
    outer loop
      vertex 64.10000000000001 147 4.8
      vertex 63.12454838991937 146.90392640201614 0
      vertex 64.10000000000001 147 0
    endloop
  endfacet
  facet normal 0.29028467725445983 -0.9569403357322096 0
    outer loop
      vertex 62.18658283817456 146.61939766255642 4.8
      vertex 62.18658283817456 146.61939766255642 0
      vertex 63.12454838991937 146.90392640201614 4.8
    endloop
  endfacet
  facet normal 0.0980171403295734 -0.9951847266721955 0
    outer loop
      vertex 63.12454838991937 146.90392640201614 4.8
      vertex 63.12454838991937 146.90392640201614 0
      vertex 64.10000000000001 147 4.8
    endloop
  endfacet
  facet normal 0 -1 0
    outer loop
      vertex 64.10000000000001 147 4.8
      vertex 64.10000000000001 147 0
      vertex 83.60000000000001 147 4.8
    endloop
  endfacet
  facet normal -1 0 0
    outer loop
      vertex 88.60000000000001 18 4.8
      vertex 88.60000000000001 142 4.8
      vertex 88.60000000000001 142 0
    endloop
  endfacet
  facet normal 0 -1 0
    outer loop
      vertex 83.60000000000001 147 4.8
      vertex 64.10000000000001 147 0
      vertex 83.60000000000001 147 0
    endloop
  endfacet
  facet normal -0.0980171403295734 -0.9951847266721955 0
    outer loop
      vertex 84.57545161008065 146.90392640201614 4.8
      vertex 83.60000000000001 147 0
      vertex 84.57545161008065 146.90392640201614 0
    endloop
  endfacet
  facet normal -0.0980171403295734 -0.9951847266721955 0
    outer loop
      vertex 83.60000000000001 147 4.8
      vertex 83.60000000000001 147 0
      vertex 84.57545161008065 146.90392640201614 4.8
    endloop
  endfacet
  facet normal -0.29028467725445983 -0.9569403357322096 0
    outer loop
      vertex 85.51341716182546 146.61939766255642 4.8
      vertex 84.57545161008065 146.90392640201614 0
      vertex 85.51341716182546 146.61939766255642 0
    endloop
  endfacet
  facet normal -0.4713967368259928 -0.8819212643483577 0
    outer loop
      vertex 86.37785116509802 146.15734806151272 4.8
      vertex 85.51341716182546 146.61939766255642 0
      vertex 86.37785116509802 146.15734806151272 0
    endloop
  endfacet
  facet normal -0.29028467725445983 -0.9569403357322096 0
    outer loop
      vertex 84.57545161008065 146.90392640201614 4.8
      vertex 84.57545161008065 146.90392640201614 0
      vertex 85.51341716182546 146.61939766255642 4.8
    endloop
  endfacet
  facet normal -0.4713967368259928 -0.8819212643483577 0
    outer loop
      vertex 85.51341716182546 146.61939766255642 4.8
      vertex 85.51341716182546 146.61939766255642 0
      vertex 86.37785116509802 146.15734806151272 4.8
    endloop
  endfacet
  facet normal -0.9951847266721972 -0.09801714032955762 0
    outer loop
      vertex 88.60000000000001 142 4.8
      vertex 88.50392640201616 142.97545161008065 0
      vertex 88.60000000000001 142 0
    endloop
  endfacet
  facet normal -0.7730104533627317 -0.634393284163652 0
    outer loop
      vertex 87.75734806151274 144.777851165098 4.8
      vertex 87.13553390593275 145.53553390593274 0
      vertex 87.75734806151274 144.777851165098 0
    endloop
  endfacet
  facet normal -0.6343932841636434 -0.7730104533627387 0
    outer loop
      vertex 87.13553390593275 145.53553390593274 4.8
      vertex 86.37785116509802 146.15734806151272 0
      vertex 87.13553390593275 145.53553390593274 0
    endloop
  endfacet
  facet normal -0.6343932841636434 -0.7730104533627387 0
    outer loop
      vertex 86.37785116509802 146.15734806151272 4.8
      vertex 86.37785116509802 146.15734806151272 0
      vertex 87.13553390593275 145.53553390593274 4.8
    endloop
  endfacet
  facet normal -0.7730104533627317 -0.634393284163652 0
    outer loop
      vertex 87.13553390593275 145.53553390593274 4.8
      vertex 87.13553390593275 145.53553390593274 0
      vertex 87.75734806151274 144.777851165098 4.8
    endloop
  endfacet
  facet normal -0.9569403357322072 -0.2902846772544678 0
    outer loop
      vertex 88.50392640201616 142.97545161008065 4.8
      vertex 88.21939766255645 143.91341716182544 0
      vertex 88.50392640201616 142.97545161008065 0
    endloop
  endfacet
  facet normal -0.8819212643483608 -0.4713967368259868 0
    outer loop
      vertex 88.21939766255645 143.91341716182544 4.8
      vertex 87.75734806151274 144.777851165098 0
      vertex 88.21939766255645 143.91341716182544 0
    endloop
  endfacet
  facet normal -0.9569403357322072 -0.2902846772544678 -5.850224398553214e-19
    outer loop
      vertex 88.50392640201616 142.97545161008065 4.8
      vertex 88.21939766255645 143.91341716182544 4.8
      vertex 88.21939766255645 143.91341716182544 0
    endloop
  endfacet
  facet normal -0.8819212643483608 -0.4713967368259868 0
    outer loop
      vertex 87.75734806151274 144.777851165098 4.8
      vertex 87.75734806151274 144.777851165098 0
      vertex 88.21939766255645 143.91341716182544 4.8
    endloop
  endfacet
  facet normal -0.9951847266721972 -0.09801714032955762 -1.1968415171957094e-18
    outer loop
      vertex 88.60000000000001 142 4.8
      vertex 88.50392640201616 142.97545161008065 4.8
      vertex 88.50392640201616 142.97545161008065 0
    endloop
  endfacet
  facet normal 0 1 0
    outer loop
      vertex 0 15.8 0
      vertex 0 15.8 2.9000000000000004
      vertex 1.8 15.8 0
    endloop
  endfacet
  facet normal 0 1 0
    outer loop
      vertex 1.8 15.8 2.9000000000000004
      vertex 1.8 15.8 0
      vertex 0 15.8 2.9000000000000004
    endloop
  endfacet
  facet normal 0 0 -1
    outer loop
      vertex 1.8 15.8 2.9000000000000004
      vertex 0 15.8 2.9000000000000004
      vertex 1.8 38.2 2.9000000000000004
    endloop
  endfacet
  facet normal -1 0 0
    outer loop
      vertex 1.8 15.8 2.9000000000000004
      vertex 1.8 38.2 0
      vertex 1.8 15.8 0
    endloop
  endfacet
  facet normal 0 0 -1
    outer loop
      vertex 1.8 38.2 2.9000000000000004
      vertex 0 15.8 2.9000000000000004
      vertex 0 38.2 2.9000000000000004
    endloop
  endfacet
  facet normal -1 0 0
    outer loop
      vertex 1.8 15.8 2.9000000000000004
      vertex 1.8 38.2 2.9000000000000004
      vertex 1.8 38.2 0
    endloop
  endfacet
  facet normal 0 -1 0
    outer loop
      vertex 1.8 38.2 2.9000000000000004
      vertex 0 38.2 2.9000000000000004
      vertex 0 38.2 0
    endloop
  endfacet
  facet normal 0 -1 0
    outer loop
      vertex 1.8 38.2 2.9000000000000004
      vertex 0 38.2 0
      vertex 1.8 38.2 0
    endloop
  endfacet
  facet normal 0 1 0
    outer loop
      vertex 93.4 15.8 2.9000000000000004
      vertex 95.2 15.8 0
      vertex 93.4 15.8 0
    endloop
  endfacet
  facet normal 0 1 0
    outer loop
      vertex 93.4 15.8 2.9000000000000004
      vertex 95.2 15.8 2.9000000000000004
      vertex 95.2 15.8 0
    endloop
  endfacet
  facet normal 1 0 0
    outer loop
      vertex 93.4 16.8 2.9000000000000004
      vertex 93.4 15.8 0
      vertex 93.4 16.8 0
    endloop
  endfacet
  facet normal 1 0 0
    outer loop
      vertex 93.4 15.8 2.9000000000000004
      vertex 93.4 15.8 0
      vertex 93.4 16.8 2.9000000000000004
    endloop
  endfacet
  facet normal 0 0 -1
    outer loop
      vertex 93.4 15.8 2.9000000000000004
      vertex 93.4 16.8 2.9000000000000004
      vertex 95.2 16.8 2.9000000000000004
    endloop
  endfacet
  facet normal 0 0 -1
    outer loop
      vertex 93.4 15.8 2.9000000000000004
      vertex 95.2 16.8 2.9000000000000004
      vertex 95.2 15.8 2.9000000000000004
    endloop
  endfacet
  facet normal 1 0 0
    outer loop
      vertex 93.4 38.2 2.9000000000000004
      vertex 93.4 37.2 0
      vertex 93.4 38.2 0
    endloop
  endfacet
  facet normal 1 0 0
    outer loop
      vertex 93.4 37.2 2.9000000000000004
      vertex 93.4 37.2 0
      vertex 93.4 38.2 2.9000000000000004
    endloop
  endfacet
  facet normal 0 -1 0
    outer loop
      vertex 93.4 38.2 2.9000000000000004
      vertex 93.4 38.2 0
      vertex 95.2 38.2 2.9000000000000004
    endloop
  endfacet
  facet normal 0 -1 0
    outer loop
      vertex 95.2 38.2 0
      vertex 95.2 38.2 2.9000000000000004
      vertex 93.4 38.2 0
    endloop
  endfacet
  facet normal 0 0 -1
    outer loop
      vertex 93.4 37.2 2.9000000000000004
      vertex 93.4 38.2 2.9000000000000004
      vertex 95.2 38.2 2.9000000000000004
    endloop
  endfacet
  facet normal 0 0 -1
    outer loop
      vertex 93.4 37.2 2.9000000000000004
      vertex 95.2 38.2 2.9000000000000004
      vertex 95.2 37.2 2.9000000000000004
    endloop
  endfacet
  facet normal 0 1 0
    outer loop
      vertex 0 121.8 0
      vertex 0 121.8 2.9000000000000004
      vertex 1.8 121.8 0
    endloop
  endfacet
  facet normal 0 1 0
    outer loop
      vertex 1.8 121.8 2.9000000000000004
      vertex 1.8 121.8 0
      vertex 0 121.8 2.9000000000000004
    endloop
  endfacet
  facet normal 0 0 -1
    outer loop
      vertex 1.8 121.8 2.9000000000000004
      vertex 0 121.8 2.9000000000000004
      vertex 1.8 144.2 2.9000000000000004
    endloop
  endfacet
  facet normal -1 0 0
    outer loop
      vertex 1.8 121.8 2.9000000000000004
      vertex 1.8 144.2 0
      vertex 1.8 121.8 0
    endloop
  endfacet
  facet normal 0 0 -1
    outer loop
      vertex 1.8 144.2 2.9000000000000004
      vertex 0 121.8 2.9000000000000004
      vertex 0 144.2 2.9000000000000004
    endloop
  endfacet
  facet normal -1 0 0
    outer loop
      vertex 1.8 121.8 2.9000000000000004
      vertex 1.8 144.2 2.9000000000000004
      vertex 1.8 144.2 0
    endloop
  endfacet
  facet normal 0 -1 0
    outer loop
      vertex 1.8 144.2 2.9000000000000004
      vertex 0 144.2 2.9000000000000004
      vertex 0 144.2 0
    endloop
  endfacet
  facet normal 0 -1 0
    outer loop
      vertex 1.8 144.2 2.9000000000000004
      vertex 0 144.2 0
      vertex 1.8 144.2 0
    endloop
  endfacet
  facet normal 1 0 0
    outer loop
      vertex 93.4 122.8 2.9000000000000004
      vertex 93.4 121.8 0
      vertex 93.4 122.8 0
    endloop
  endfacet
  facet normal 1 0 0
    outer loop
      vertex 93.4 121.8 2.9000000000000004
      vertex 93.4 121.8 0
      vertex 93.4 122.8 2.9000000000000004
    endloop
  endfacet
  facet normal 0 1 0
    outer loop
      vertex 93.4 121.8 2.9000000000000004
      vertex 95.2 121.8 0
      vertex 93.4 121.8 0
    endloop
  endfacet
  facet normal 0 1 0
    outer loop
      vertex 93.4 121.8 2.9000000000000004
      vertex 95.2 121.8 2.9000000000000004
      vertex 95.2 121.8 0
    endloop
  endfacet
  facet normal 0 0 -1
    outer loop
      vertex 93.4 121.8 2.9000000000000004
      vertex 93.4 122.8 2.9000000000000004
      vertex 95.2 122.8 2.9000000000000004
    endloop
  endfacet
  facet normal 0 0 -1
    outer loop
      vertex 93.4 121.8 2.9000000000000004
      vertex 95.2 122.8 2.9000000000000004
      vertex 95.2 121.8 2.9000000000000004
    endloop
  endfacet
  facet normal 1 0 0
    outer loop
      vertex 93.4 144.2 2.9000000000000004
      vertex 93.4 143.2 0
      vertex 93.4 144.2 0
    endloop
  endfacet
  facet normal 1 0 0
    outer loop
      vertex 93.4 143.2 2.9000000000000004
      vertex 93.4 143.2 0
      vertex 93.4 144.2 2.9000000000000004
    endloop
  endfacet
  facet normal 0 -1 0
    outer loop
      vertex 93.4 144.2 2.9000000000000004
      vertex 93.4 144.2 0
      vertex 95.2 144.2 2.9000000000000004
    endloop
  endfacet
  facet normal 0 -1 0
    outer loop
      vertex 95.2 144.2 0
      vertex 95.2 144.2 2.9000000000000004
      vertex 93.4 144.2 0
    endloop
  endfacet
  facet normal 0 0 -1
    outer loop
      vertex 93.4 143.2 2.9000000000000004
      vertex 93.4 144.2 2.9000000000000004
      vertex 95.2 144.2 2.9000000000000004
    endloop
  endfacet
  facet normal 0 0 -1
    outer loop
      vertex 93.4 143.2 2.9000000000000004
      vertex 95.2 144.2 2.9000000000000004
      vertex 95.2 143.2 2.9000000000000004
    endloop
  endfacet
  facet normal 0 1 0
    outer loop
      vertex 93.4 16.8 2.9000000000000004
      vertex 93.4 16.8 0
      vertex 92 16.8 0
    endloop
  endfacet
  facet normal 0 1 0
    outer loop
      vertex 92 16.8 3.4000000000000004
      vertex 93.4 16.8 2.9000000000000004
      vertex 92 16.8 0
    endloop
  endfacet
  facet normal 0 1 0
    outer loop
      vertex 92 16.8 3.4000000000000004
      vertex 95.2 16.8 3.4000000000000004
      vertex 93.4 16.8 2.9000000000000004
    endloop
  endfacet
  facet normal 0 1 0
    outer loop
      vertex 93.4 16.8 2.9000000000000004
      vertex 95.2 16.8 3.4000000000000004
      vertex 95.2 16.8 2.9000000000000004
    endloop
  endfacet
  facet normal 0 0 -1
    outer loop
      vertex 92 16.8 3.4000000000000004
      vertex 93.9926354830242 25.528822079395155 3.4000000000000004
      vertex 95.2 16.8 3.4000000000000004
    endloop
  endfacet
  facet normal 1 0 0
    outer loop
      vertex 92 16.8 3.4000000000000004
      vertex 92 16.8 0
      vertex 92 37.2 3.4000000000000004
    endloop
  endfacet
  facet normal 0 0 -1
    outer loop
      vertex 92 16.8 3.4000000000000004
      vertex 92.22882207939516 26.707364516975808 3.4000000000000004
      vertex 92.31418070123307 26.425974851452366 3.4000000000000004
    endloop
  endfacet
  facet normal 0 0 -1
    outer loop
      vertex 92 16.8 3.4000000000000004
      vertex 92.2 27 3.4000000000000004
      vertex 92.22882207939516 26.707364516975808 3.4000000000000004
    endloop
  endfacet
  facet normal 0 0 -1
    outer loop
      vertex 92 16.8 3.4000000000000004
      vertex 92 37.2 3.4000000000000004
      vertex 92.2 27 3.4000000000000004
    endloop
  endfacet
  facet normal 1 0 0
    outer loop
      vertex 92 37.2 3.4000000000000004
      vertex 92 16.8 0
      vertex 92 37.2 0
    endloop
  endfacet
  facet normal 0 0 -1
    outer loop
      vertex 92.2 27 3.4000000000000004
      vertex 92 37.2 3.4000000000000004
      vertex 92.22882207939516 27.292635483024192 3.4000000000000004
    endloop
  endfacet
  facet normal 0 0 -1
    outer loop
      vertex 92.22882207939516 27.292635483024192 3.4000000000000004
      vertex 92 37.2 3.4000000000000004
      vertex 92.31418070123307 27.574025148547634 3.4000000000000004
    endloop
  endfacet
  facet normal 0 0 -1
    outer loop
      vertex 92 16.8 3.4000000000000004
      vertex 92.45279558154618 26.166644650470598 3.4000000000000004
      vertex 92.63933982822019 25.939339828220177 3.4000000000000004
    endloop
  endfacet
  facet normal 0 0 -1
    outer loop
      vertex 92 16.8 3.4000000000000004
      vertex 92.63933982822019 25.939339828220177 3.4000000000000004
      vertex 92.8666446504706 25.75279558154618 3.4000000000000004
    endloop
  endfacet
  facet normal 0 0 -1
    outer loop
      vertex 92 16.8 3.4000000000000004
      vertex 92.31418070123307 26.425974851452366 3.4000000000000004
      vertex 92.45279558154618 26.166644650470598 3.4000000000000004
    endloop
  endfacet
  facet normal 0 0 -1
    outer loop
      vertex 92 16.8 3.4000000000000004
      vertex 92.8666446504706 25.75279558154618 3.4000000000000004
      vertex 93.12597485145237 25.61418070123307 3.4000000000000004
    endloop
  endfacet
  facet normal 0 0 -1
    outer loop
      vertex 92 16.8 3.4000000000000004
      vertex 93.12597485145237 25.61418070123307 3.4000000000000004
      vertex 93.4073645169758 25.528822079395155 3.4000000000000004
    endloop
  endfacet
  facet normal 0 0 -1
    outer loop
      vertex 92 16.8 3.4000000000000004
      vertex 93.4073645169758 25.528822079395155 3.4000000000000004
      vertex 93.7 25.5 3.4000000000000004
    endloop
  endfacet
  facet normal 0 0 -1
    outer loop
      vertex 92 16.8 3.4000000000000004
      vertex 93.7 25.5 3.4000000000000004
      vertex 93.9926354830242 25.528822079395155 3.4000000000000004
    endloop
  endfacet
  facet normal 0 0 -1
    outer loop
      vertex 93.9926354830242 25.528822079395155 3.4000000000000004
      vertex 94.27402514854764 25.61418070123307 3.4000000000000004
      vertex 95.2 16.8 3.4000000000000004
    endloop
  endfacet
  facet normal 0 0 -1
    outer loop
      vertex 94.27402514854764 25.61418070123307 3.4000000000000004
      vertex 94.5333553495294 25.75279558154618 3.4000000000000004
      vertex 95.2 16.8 3.4000000000000004
    endloop
  endfacet
  facet normal 0 0 -1
    outer loop
      vertex 94.5333553495294 25.75279558154618 3.4000000000000004
      vertex 94.76066017177982 25.939339828220177 3.4000000000000004
      vertex 95.2 16.8 3.4000000000000004
    endloop
  endfacet
  facet normal 0 0 -1
    outer loop
      vertex 94.76066017177982 25.939339828220177 3.4000000000000004
      vertex 94.94720441845382 26.166644650470598 3.4000000000000004
      vertex 95.2 16.8 3.4000000000000004
    endloop
  endfacet
  facet normal 0 0 -1
    outer loop
      vertex 94.94720441845382 26.166644650470598 3.4000000000000004
      vertex 95.08581929876694 26.425974851452366 3.4000000000000004
      vertex 95.2 16.8 3.4000000000000004
    endloop
  endfacet
  facet normal 0 0 -1
    outer loop
      vertex 95.08581929876694 26.425974851452366 3.4000000000000004
      vertex 95.17117792060485 26.707364516975808 3.4000000000000004
      vertex 95.2 16.8 3.4000000000000004
    endloop
  endfacet
  facet normal 0 0 -1
    outer loop
      vertex 95.17117792060485 26.707364516975808 3.4000000000000004
      vertex 95.2 27 3.4000000000000004
      vertex 95.2 16.8 3.4000000000000004
    endloop
  endfacet
  facet normal 0 0 -1
    outer loop
      vertex 92.31418070123307 27.574025148547634 3.4000000000000004
      vertex 92 37.2 3.4000000000000004
      vertex 92.45279558154618 27.833355349529402 3.4000000000000004
    endloop
  endfacet
  facet normal 0 0 -1
    outer loop
      vertex 92.45279558154618 27.833355349529402 3.4000000000000004
      vertex 92 37.2 3.4000000000000004
      vertex 92.63933982822019 28.060660171779823 3.4000000000000004
    endloop
  endfacet
  facet normal 0 0 -1
    outer loop
      vertex 92.63933982822019 28.060660171779823 3.4000000000000004
      vertex 92 37.2 3.4000000000000004
      vertex 92.8666446504706 28.24720441845382 3.4000000000000004
    endloop
  endfacet
  facet normal 0 0 -1
    outer loop
      vertex 92.8666446504706 28.24720441845382 3.4000000000000004
      vertex 92 37.2 3.4000000000000004
      vertex 93.12597485145237 28.38581929876693 3.4000000000000004
    endloop
  endfacet
  facet normal 0 0 -1
    outer loop
      vertex 93.12597485145237 28.38581929876693 3.4000000000000004
      vertex 92 37.2 3.4000000000000004
      vertex 93.4073645169758 28.471177920604845 3.4000000000000004
    endloop
  endfacet
  facet normal 0 0 -1
    outer loop
      vertex 93.4073645169758 28.471177920604845 3.4000000000000004
      vertex 92 37.2 3.4000000000000004
      vertex 93.7 28.5 3.4000000000000004
    endloop
  endfacet
  facet normal 0 0 -1
    outer loop
      vertex 93.7 28.5 3.4000000000000004
      vertex 92 37.2 3.4000000000000004
      vertex 93.9926354830242 28.471177920604845 3.4000000000000004
    endloop
  endfacet
  facet normal 0 0 -1
    outer loop
      vertex 94.27402514854764 28.38581929876693 3.4000000000000004
      vertex 93.9926354830242 28.471177920604845 3.4000000000000004
      vertex 95.2 37.2 3.4000000000000004
    endloop
  endfacet
  facet normal 0 0 -1
    outer loop
      vertex 94.27402514854764 28.38581929876693 3.4000000000000004
      vertex 95.2 37.2 3.4000000000000004
      vertex 94.5333553495294 28.24720441845382 3.4000000000000004
    endloop
  endfacet
  facet normal 0 0 -1
    outer loop
      vertex 95.17117792060485 27.292635483024192 3.4000000000000004
      vertex 95.2 37.2 3.4000000000000004
      vertex 95.2 27 3.4000000000000004
    endloop
  endfacet
  facet normal 0 0 -1
    outer loop
      vertex 95.17117792060485 27.292635483024192 3.4000000000000004
      vertex 95.08581929876694 27.574025148547634 3.4000000000000004
      vertex 95.2 37.2 3.4000000000000004
    endloop
  endfacet
  facet normal 0 0 -1
    outer loop
      vertex 94.94720441845382 27.833355349529402 3.4000000000000004
      vertex 95.2 37.2 3.4000000000000004
      vertex 95.08581929876694 27.574025148547634 3.4000000000000004
    endloop
  endfacet
  facet normal 0 0 -1
    outer loop
      vertex 94.5333553495294 28.24720441845382 3.4000000000000004
      vertex 95.2 37.2 3.4000000000000004
      vertex 94.76066017177982 28.060660171779823 3.4000000000000004
    endloop
  endfacet
  facet normal 0 0 -1
    outer loop
      vertex 94.76066017177982 28.060660171779823 3.4000000000000004
      vertex 95.2 37.2 3.4000000000000004
      vertex 94.94720441845382 27.833355349529402 3.4000000000000004
    endloop
  endfacet
  facet normal 0 0 -1
    outer loop
      vertex 93.9926354830242 28.471177920604845 3.4000000000000004
      vertex 92 37.2 3.4000000000000004
      vertex 95.2 37.2 3.4000000000000004
    endloop
  endfacet
  facet normal 0 -1 0
    outer loop
      vertex 93.4 37.2 2.9000000000000004
      vertex 92 37.2 0
      vertex 93.4 37.2 0
    endloop
  endfacet
  facet normal 0 -1 0
    outer loop
      vertex 92 37.2 3.4000000000000004
      vertex 92 37.2 0
      vertex 93.4 37.2 2.9000000000000004
    endloop
  endfacet
  facet normal 0 -1 0
    outer loop
      vertex 92 37.2 3.4000000000000004
      vertex 93.4 37.2 2.9000000000000004
      vertex 95.2 37.2 3.4000000000000004
    endloop
  endfacet
  facet normal 0 -1 0
    outer loop
      vertex 93.4 37.2 2.9000000000000004
      vertex 95.2 37.2 2.9000000000000004
      vertex 95.2 37.2 3.4000000000000004
    endloop
  endfacet
  facet normal 0.5149438696450883 0.42260351228497267 -0.745814375377243
    outer loop
      vertex 92.45279558154618 26.166644650470598 3.4000000000000004
      vertex 93.0140375698504 26.54165455775883 4
      vertex 92.63933982822019 25.939339828220177 3.4000000000000004
    endloop
  endfacet
  facet normal 0.4226035122849664 0.5149438696450922 -0.7458143753772438
    outer loop
      vertex 92.63933982822019 25.939339828220177 3.4000000000000004
      vertex 93.1166369055211 26.4166369055211 4
      vertex 92.8666446504706 25.75279558154618 3.4000000000000004
    endloop
  endfacet
  facet normal 0.5149438696450822 0.4226035122849777 -0.7458143753772444
    outer loop
      vertex 92.63933982822019 25.939339828220177 3.4000000000000004
      vertex 93.0140375698504 26.54165455775883 4
      vertex 93.1166369055211 26.4166369055211 4
    endloop
  endfacet
  facet normal 0.3140227389465078 0.5874952228786081 -0.7458143753772435
    outer loop
      vertex 93.12597485145237 25.61418070123307 3.4000000000000004
      vertex 92.8666446504706 25.75279558154618 3.4000000000000004
      vertex 93.24165455775884 26.3140375698504 4
    endloop
  endfacet
  facet normal 0.19337424785632243 0.6374694641680146 -0.7458143753772423
    outer loop
      vertex 93.12597485145237 25.61418070123307 3.4000000000000004
      vertex 93.3842861682988 26.237799385678187 4
      vertex 93.4073645169758 25.528822079395155 3.4000000000000004
    endloop
  endfacet
  facet normal 0.4226035122849699 0.5149438696450903 -0.7458143753772434
    outer loop
      vertex 92.8666446504706 25.75279558154618 3.4000000000000004
      vertex 93.1166369055211 26.4166369055211 4
      vertex 93.24165455775884 26.3140375698504 4
    endloop
  endfacet
  facet normal 0.3140227389465227 0.5874952228786033 -0.7458143753772409
    outer loop
      vertex 93.12597485145237 25.61418070123307 3.4000000000000004
      vertex 93.24165455775884 26.3140375698504 4
      vertex 93.3842861682988 26.237799385678187 4
    endloop
  endfacet
  facet normal 0.06529449286653531 0.6629461114464383 -0.7458143753772439
    outer loop
      vertex 93.4073645169758 25.528822079395155 3.4000000000000004
      vertex 93.5390504843367 26.190852143667335 4
      vertex 93.7 25.5 3.4000000000000004
    endloop
  endfacet
  facet normal 0.19337424785630347 0.6374694641680166 -0.7458143753772454
    outer loop
      vertex 93.4073645169758 25.528822079395155 3.4000000000000004
      vertex 93.3842861682988 26.237799385678187 4
      vertex 93.5390504843367 26.190852143667335 4
    endloop
  endfacet
  facet normal 0.06529449286653434 0.6629461114464381 -0.7458143753772442
    outer loop
      vertex 93.7 25.5 3.4000000000000004
      vertex 93.5390504843367 26.190852143667335 4
      vertex 93.7 26.175 4
    endloop
  endfacet
  facet normal -0.0652944928665353 0.6629461114464381 -0.7458143753772442
    outer loop
      vertex 93.7 25.5 3.4000000000000004
      vertex 93.7 26.175 4
      vertex 93.9926354830242 25.528822079395155 3.4000000000000004
    endloop
  endfacet
  facet normal -0.06529449286653434 0.6629461114464383 -0.7458143753772439
    outer loop
      vertex 93.9926354830242 25.528822079395155 3.4000000000000004
      vertex 93.7 26.175 4
      vertex 93.86094951566331 26.190852143667335 4
    endloop
  endfacet
  facet normal -0.19337424785630328 0.6374694641680166 -0.7458143753772456
    outer loop
      vertex 93.9926354830242 25.528822079395155 3.4000000000000004
      vertex 93.86094951566331 26.190852143667335 4
      vertex 94.0157138317012 26.237799385678187 4
    endloop
  endfacet
  facet normal -0.19337424785632243 0.6374694641680146 -0.7458143753772423
    outer loop
      vertex 93.9926354830242 25.528822079395155 3.4000000000000004
      vertex 94.0157138317012 26.237799385678187 4
      vertex 94.27402514854764 25.61418070123307 3.4000000000000004
    endloop
  endfacet
  facet normal -0.3140227389465078 0.5874952228786081 -0.7458143753772436
    outer loop
      vertex 94.27402514854764 25.61418070123307 3.4000000000000004
      vertex 94.15834544224117 26.3140375698504 4
      vertex 94.5333553495294 25.75279558154618 3.4000000000000004
    endloop
  endfacet
  facet normal -0.31402273894652305 0.5874952228786033 -0.7458143753772409
    outer loop
      vertex 94.27402514854764 25.61418070123307 3.4000000000000004
      vertex 94.0157138317012 26.237799385678187 4
      vertex 94.15834544224117 26.3140375698504 4
    endloop
  endfacet
  facet normal -0.4226035122849699 0.5149438696450904 -0.7458143753772434
    outer loop
      vertex 94.15834544224117 26.3140375698504 4
      vertex 94.2833630944789 26.4166369055211 4
      vertex 94.5333553495294 25.75279558154618 3.4000000000000004
    endloop
  endfacet
  facet normal -0.4226035122849664 0.5149438696450922 -0.7458143753772438
    outer loop
      vertex 94.2833630944789 26.4166369055211 4
      vertex 94.76066017177982 25.939339828220177 3.4000000000000004
      vertex 94.5333553495294 25.75279558154618 3.4000000000000004
    endloop
  endfacet
  facet normal -0.5149438696450883 0.42260351228497267 -0.745814375377243
    outer loop
      vertex 94.3859624301496 26.54165455775883 4
      vertex 94.94720441845382 26.166644650470598 3.4000000000000004
      vertex 94.76066017177982 25.939339828220177 3.4000000000000004
    endloop
  endfacet
  facet normal -0.5149438696450822 0.4226035122849778 -0.7458143753772444
    outer loop
      vertex 94.2833630944789 26.4166369055211 4
      vertex 94.3859624301496 26.54165455775883 4
      vertex 94.76066017177982 25.939339828220177 3.4000000000000004
    endloop
  endfacet
  facet normal 0.6374694641680198 0.19337424785631105 -0.7458143753772407
    outer loop
      vertex 92.22882207939516 26.707364516975808 3.4000000000000004
      vertex 92.89085214366733 26.839050484336695 4
      vertex 92.31418070123307 26.425974851452366 3.4000000000000004
    endloop
  endfacet
  facet normal 0.5874952228786062 0.3140227389465105 -0.7458143753772438
    outer loop
      vertex 92.31418070123307 26.425974851452366 3.4000000000000004
      vertex 92.93779938567819 26.6842861682988 4
      vertex 92.45279558154618 26.166644650470598 3.4000000000000004
    endloop
  endfacet
  facet normal 0.6629461114464401 0.06529449286653707 -0.7458143753772424
    outer loop
      vertex 92.2 27 3.4000000000000004
      vertex 92.875 27 4
      vertex 92.22882207939516 26.707364516975808 3.4000000000000004
    endloop
  endfacet
  facet normal 0.6629461114464401 -0.06529449286653707 -0.7458143753772424
    outer loop
      vertex 92.2 27 3.4000000000000004
      vertex 92.22882207939516 27.292635483024192 3.4000000000000004
      vertex 92.875 27 4
    endloop
  endfacet
  facet normal 0.6374694641680198 -0.19337424785631105 -0.7458143753772407
    outer loop
      vertex 92.22882207939516 27.292635483024192 3.4000000000000004
      vertex 92.31418070123307 27.574025148547634 3.4000000000000004
      vertex 92.89085214366733 27.160949515663305 4
    endloop
  endfacet
  facet normal 0.5874952228786062 -0.3140227389465105 -0.7458143753772438
    outer loop
      vertex 92.31418070123307 27.574025148547634 3.4000000000000004
      vertex 92.45279558154618 27.833355349529402 3.4000000000000004
      vertex 92.93779938567819 27.3157138317012 4
    endloop
  endfacet
  facet normal 0.6374694641680076 0.1933742478563344 -0.745814375377245
    outer loop
      vertex 92.31418070123307 26.425974851452366 3.4000000000000004
      vertex 92.89085214366733 26.839050484336695 4
      vertex 92.93779938567819 26.6842861682988 4
    endloop
  endfacet
  facet normal 0.6629461114464449 0.06529449286652045 -0.7458143753772394
    outer loop
      vertex 92.22882207939516 26.707364516975808 3.4000000000000004
      vertex 92.875 27 4
      vertex 92.89085214366733 26.839050484336695 4
    endloop
  endfacet
  facet normal 0.5874952228786073 0.31402273894650945 -0.7458143753772435
    outer loop
      vertex 92.45279558154618 26.166644650470598 3.4000000000000004
      vertex 92.93779938567819 26.6842861682988 4
      vertex 93.0140375698504 26.54165455775883 4
    endloop
  endfacet
  facet normal 0 0 -1
    outer loop
      vertex 92.93779938567819 26.6842861682988 4
      vertex 92.93779938567819 27.3157138317012 4
      vertex 93.0140375698504 26.54165455775883 4
    endloop
  endfacet
  facet normal 0 0 -1
    outer loop
      vertex 92.93779938567819 26.6842861682988 4
      vertex 92.89085214366733 26.839050484336695 4
      vertex 92.89085214366733 27.160949515663305 4
    endloop
  endfacet
  facet normal 0 0 -1
    outer loop
      vertex 92.875 27 4
      vertex 92.89085214366733 27.160949515663305 4
      vertex 92.89085214366733 26.839050484336695 4
    endloop
  endfacet
  facet normal 0 0 -1
    outer loop
      vertex 92.93779938567819 26.6842861682988 4
      vertex 92.89085214366733 27.160949515663305 4
      vertex 92.93779938567819 27.3157138317012 4
    endloop
  endfacet
  facet normal 0.6629461114464449 -0.06529449286652027 -0.7458143753772394
    outer loop
      vertex 92.22882207939516 27.292635483024192 3.4000000000000004
      vertex 92.89085214366733 27.160949515663305 4
      vertex 92.875 27 4
    endloop
  endfacet
  facet normal 0.6374694641680076 -0.19337424785633436 -0.7458143753772452
    outer loop
      vertex 92.31418070123307 27.574025148547634 3.4000000000000004
      vertex 92.93779938567819 27.3157138317012 4
      vertex 92.89085214366733 27.160949515663305 4
    endloop
  endfacet
  facet normal 0.5874952228786072 -0.3140227389465093 -0.7458143753772438
    outer loop
      vertex 92.45279558154618 27.833355349529402 3.4000000000000004
      vertex 93.0140375698504 27.45834544224117 4
      vertex 92.93779938567819 27.3157138317012 4
    endloop
  endfacet
  facet normal 0.5149438696450822 -0.4226035122849778 -0.7458143753772444
    outer loop
      vertex 92.63933982822019 28.060660171779823 3.4000000000000004
      vertex 93.1166369055211 27.5833630944789 4
      vertex 93.0140375698504 27.45834544224117 4
    endloop
  endfacet
  facet normal 0.5149438696450883 -0.42260351228497267 -0.745814375377243
    outer loop
      vertex 92.45279558154618 27.833355349529402 3.4000000000000004
      vertex 92.63933982822019 28.060660171779823 3.4000000000000004
      vertex 93.0140375698504 27.45834544224117 4
    endloop
  endfacet
  facet normal 0.4226035122849664 -0.5149438696450922 -0.7458143753772438
    outer loop
      vertex 92.63933982822019 28.060660171779823 3.4000000000000004
      vertex 92.8666446504706 28.24720441845382 3.4000000000000004
      vertex 93.1166369055211 27.5833630944789 4
    endloop
  endfacet
  facet normal 0 0 -1
    outer loop
      vertex 93.0140375698504 26.54165455775883 4
      vertex 93.0140375698504 27.45834544224117 4
      vertex 93.1166369055211 26.4166369055211 4
    endloop
  endfacet
  facet normal 0 0 -1
    outer loop
      vertex 93.1166369055211 26.4166369055211 4
      vertex 93.1166369055211 27.5833630944789 4
      vertex 93.24165455775884 26.3140375698504 4
    endloop
  endfacet
  facet normal 0 0 -1
    outer loop
      vertex 93.24165455775884 26.3140375698504 4
      vertex 93.24165455775884 27.6859624301496 4
      vertex 93.3842861682988 26.237799385678187 4
    endloop
  endfacet
  facet normal 0 0 -1
    outer loop
      vertex 93.0140375698504 26.54165455775883 4
      vertex 92.93779938567819 27.3157138317012 4
      vertex 93.0140375698504 27.45834544224117 4
    endloop
  endfacet
  facet normal 0 0 -1
    outer loop
      vertex 93.1166369055211 26.4166369055211 4
      vertex 93.0140375698504 27.45834544224117 4
      vertex 93.1166369055211 27.5833630944789 4
    endloop
  endfacet
  facet normal 0 0 -1
    outer loop
      vertex 93.1166369055211 27.5833630944789 4
      vertex 93.24165455775884 27.6859624301496 4
      vertex 93.24165455775884 26.3140375698504 4
    endloop
  endfacet
  facet normal 0 0 -1
    outer loop
      vertex 93.3842861682988 26.237799385678187 4
      vertex 93.24165455775884 27.6859624301496 4
      vertex 93.3842861682988 27.762200614321813 4
    endloop
  endfacet
  facet normal 0 0 -1
    outer loop
      vertex 93.3842861682988 26.237799385678187 4
      vertex 93.3842861682988 27.762200614321813 4
      vertex 93.5390504843367 26.190852143667335 4
    endloop
  endfacet
  facet normal 0 0 -1
    outer loop
      vertex 93.5390504843367 26.190852143667335 4
      vertex 93.5390504843367 27.809147856332665 4
      vertex 93.7 26.175 4
    endloop
  endfacet
  facet normal 0 0 -1
    outer loop
      vertex 93.5390504843367 26.190852143667335 4
      vertex 93.3842861682988 27.762200614321813 4
      vertex 93.5390504843367 27.809147856332665 4
    endloop
  endfacet
  facet normal 0 0 -1
    outer loop
      vertex 93.7 26.175 4
      vertex 93.5390504843367 27.809147856332665 4
      vertex 93.7 27.825 4
    endloop
  endfacet
  facet normal 0.3140227389465078 -0.5874952228786081 -0.7458143753772435
    outer loop
      vertex 92.8666446504706 28.24720441845382 3.4000000000000004
      vertex 93.12597485145237 28.38581929876693 3.4000000000000004
      vertex 93.24165455775884 27.6859624301496 4
    endloop
  endfacet
  facet normal 0.19337424785632243 -0.6374694641680146 -0.7458143753772423
    outer loop
      vertex 93.12597485145237 28.38581929876693 3.4000000000000004
      vertex 93.4073645169758 28.471177920604845 3.4000000000000004
      vertex 93.3842861682988 27.762200614321813 4
    endloop
  endfacet
  facet normal 0.42260351228496984 -0.5149438696450903 -0.7458143753772434
    outer loop
      vertex 93.1166369055211 27.5833630944789 4
      vertex 92.8666446504706 28.24720441845382 3.4000000000000004
      vertex 93.24165455775884 27.6859624301496 4
    endloop
  endfacet
  facet normal 0.31402273894652305 -0.5874952228786033 -0.7458143753772409
    outer loop
      vertex 93.12597485145237 28.38581929876693 3.4000000000000004
      vertex 93.3842861682988 27.762200614321813 4
      vertex 93.24165455775884 27.6859624301496 4
    endloop
  endfacet
  facet normal 0.0652944928665354 -0.6629461114464382 -0.7458143753772439
    outer loop
      vertex 93.5390504843367 27.809147856332665 4
      vertex 93.4073645169758 28.471177920604845 3.4000000000000004
      vertex 93.7 28.5 3.4000000000000004
    endloop
  endfacet
  facet normal 0.19337424785630342 -0.6374694641680166 -0.7458143753772454
    outer loop
      vertex 93.3842861682988 27.762200614321813 4
      vertex 93.4073645169758 28.471177920604845 3.4000000000000004
      vertex 93.5390504843367 27.809147856332665 4
    endloop
  endfacet
  facet normal 0.06529449286653438 -0.6629461114464381 -0.7458143753772442
    outer loop
      vertex 93.5390504843367 27.809147856332665 4
      vertex 93.7 28.5 3.4000000000000004
      vertex 93.7 27.825 4
    endloop
  endfacet
  facet normal 0 0 -1
    outer loop
      vertex 93.7 26.175 4
      vertex 93.7 27.825 4
      vertex 93.86094951566331 26.190852143667335 4
    endloop
  endfacet
  facet normal 0 0 -1
    outer loop
      vertex 93.86094951566331 26.190852143667335 4
      vertex 93.86094951566331 27.809147856332665 4
      vertex 94.0157138317012 26.237799385678187 4
    endloop
  endfacet
  facet normal 0 0 -1
    outer loop
      vertex 94.0157138317012 26.237799385678187 4
      vertex 94.0157138317012 27.762200614321813 4
      vertex 94.15834544224117 26.3140375698504 4
    endloop
  endfacet
  facet normal 0 0 -1
    outer loop
      vertex 93.86094951566331 26.190852143667335 4
      vertex 93.7 27.825 4
      vertex 93.86094951566331 27.809147856332665 4
    endloop
  endfacet
  facet normal 0 0 -1
    outer loop
      vertex 93.86094951566331 27.809147856332665 4
      vertex 94.0157138317012 27.762200614321813 4
      vertex 94.0157138317012 26.237799385678187 4
    endloop
  endfacet
  facet normal 0 0 -1
    outer loop
      vertex 94.15834544224117 26.3140375698504 4
      vertex 94.15834544224117 27.6859624301496 4
      vertex 94.2833630944789 26.4166369055211 4
    endloop
  endfacet
  facet normal 0 0 -1
    outer loop
      vertex 94.2833630944789 26.4166369055211 4
      vertex 94.2833630944789 27.5833630944789 4
      vertex 94.3859624301496 26.54165455775883 4
    endloop
  endfacet
  facet normal 0 0 -1
    outer loop
      vertex 94.3859624301496 26.54165455775883 4
      vertex 94.3859624301496 27.45834544224117 4
      vertex 94.46220061432182 26.6842861682988 4
    endloop
  endfacet
  facet normal 0 0 -1
    outer loop
      vertex 94.15834544224117 26.3140375698504 4
      vertex 94.0157138317012 27.762200614321813 4
      vertex 94.15834544224117 27.6859624301496 4
    endloop
  endfacet
  facet normal 0 0 -1
    outer loop
      vertex 94.2833630944789 26.4166369055211 4
      vertex 94.15834544224117 27.6859624301496 4
      vertex 94.2833630944789 27.5833630944789 4
    endloop
  endfacet
  facet normal 0 0 -1
    outer loop
      vertex 94.3859624301496 26.54165455775883 4
      vertex 94.2833630944789 27.5833630944789 4
      vertex 94.3859624301496 27.45834544224117 4
    endloop
  endfacet
  facet normal 0 0 -1
    outer loop
      vertex 94.46220061432182 26.6842861682988 4
      vertex 94.3859624301496 27.45834544224117 4
      vertex 94.46220061432182 27.3157138317012 4
    endloop
  endfacet
  facet normal -0.06529449286653534 -0.6629461114464383 -0.745814375377244
    outer loop
      vertex 93.86094951566331 27.809147856332665 4
      vertex 93.7 28.5 3.4000000000000004
      vertex 93.9926354830242 28.471177920604845 3.4000000000000004
    endloop
  endfacet
  facet normal -0.06529449286653438 -0.6629461114464381 -0.7458143753772442
    outer loop
      vertex 93.7 27.825 4
      vertex 93.7 28.5 3.4000000000000004
      vertex 93.86094951566331 27.809147856332665 4
    endloop
  endfacet
  facet normal -0.19337424785630342 -0.6374694641680166 -0.7458143753772454
    outer loop
      vertex 93.86094951566331 27.809147856332665 4
      vertex 93.9926354830242 28.471177920604845 3.4000000000000004
      vertex 94.0157138317012 27.762200614321813 4
    endloop
  endfacet
  facet normal -0.19337424785632235 -0.6374694641680146 -0.7458143753772423
    outer loop
      vertex 94.0157138317012 27.762200614321813 4
      vertex 93.9926354830242 28.471177920604845 3.4000000000000004
      vertex 94.27402514854764 28.38581929876693 3.4000000000000004
    endloop
  endfacet
  facet normal -0.31402273894650784 -0.5874952228786081 -0.7458143753772435
    outer loop
      vertex 94.15834544224117 27.6859624301496 4
      vertex 94.27402514854764 28.38581929876693 3.4000000000000004
      vertex 94.5333553495294 28.24720441845382 3.4000000000000004
    endloop
  endfacet
  facet normal -0.3140227389465229 -0.5874952228786033 -0.7458143753772408
    outer loop
      vertex 94.15834544224117 27.6859624301496 4
      vertex 94.0157138317012 27.762200614321813 4
      vertex 94.27402514854764 28.38581929876693 3.4000000000000004
    endloop
  endfacet
  facet normal -0.4226035122849699 -0.5149438696450904 -0.7458143753772434
    outer loop
      vertex 94.15834544224117 27.6859624301496 4
      vertex 94.5333553495294 28.24720441845382 3.4000000000000004
      vertex 94.2833630944789 27.5833630944789 4
    endloop
  endfacet
  facet normal -0.5874952228786073 0.3140227389465093 -0.7458143753772437
    outer loop
      vertex 94.3859624301496 26.54165455775883 4
      vertex 94.46220061432182 26.6842861682988 4
      vertex 94.94720441845382 26.166644650470598 3.4000000000000004
    endloop
  endfacet
  facet normal 0 0 -1
    outer loop
      vertex 94.46220061432182 26.6842861682988 4
      vertex 94.46220061432182 27.3157138317012 4
      vertex 94.50914785633267 26.839050484336695 4
    endloop
  endfacet
  facet normal 0 0 -1
    outer loop
      vertex 94.50914785633267 26.839050484336695 4
      vertex 94.50914785633267 27.160949515663305 4
      vertex 94.525 27 4
    endloop
  endfacet
  facet normal -0.6374694641680075 0.1933742478563344 -0.745814375377245
    outer loop
      vertex 94.46220061432182 26.6842861682988 4
      vertex 94.50914785633267 26.839050484336695 4
      vertex 95.08581929876694 26.425974851452366 3.4000000000000004
    endloop
  endfacet
  facet normal -0.6629461114464449 0.06529449286652042 -0.7458143753772395
    outer loop
      vertex 94.50914785633267 26.839050484336695 4
      vertex 94.525 27 4
      vertex 95.17117792060485 26.707364516975808 3.4000000000000004
    endloop
  endfacet
  facet normal 0 0 -1
    outer loop
      vertex 94.50914785633267 26.839050484336695 4
      vertex 94.46220061432182 27.3157138317012 4
      vertex 94.50914785633267 27.160949515663305 4
    endloop
  endfacet
  facet normal -0.5149438696450822 -0.4226035122849778 -0.7458143753772444
    outer loop
      vertex 94.2833630944789 27.5833630944789 4
      vertex 94.76066017177982 28.060660171779823 3.4000000000000004
      vertex 94.3859624301496 27.45834544224117 4
    endloop
  endfacet
  facet normal -0.5874952228786073 -0.3140227389465093 -0.7458143753772436
    outer loop
      vertex 94.46220061432182 27.3157138317012 4
      vertex 94.3859624301496 27.45834544224117 4
      vertex 94.94720441845382 27.833355349529402 3.4000000000000004
    endloop
  endfacet
  facet normal -0.6629461114464449 -0.06529449286652042 -0.7458143753772394
    outer loop
      vertex 94.525 27 4
      vertex 94.50914785633267 27.160949515663305 4
      vertex 95.17117792060485 27.292635483024192 3.4000000000000004
    endloop
  endfacet
  facet normal -0.6374694641680075 -0.1933742478563344 -0.745814375377245
    outer loop
      vertex 94.46220061432182 27.3157138317012 4
      vertex 95.08581929876694 27.574025148547634 3.4000000000000004
      vertex 94.50914785633267 27.160949515663305 4
    endloop
  endfacet
  facet normal -0.5874952228786062 0.31402273894651056 -0.7458143753772439
    outer loop
      vertex 94.46220061432182 26.6842861682988 4
      vertex 95.08581929876694 26.425974851452366 3.4000000000000004
      vertex 94.94720441845382 26.166644650470598 3.4000000000000004
    endloop
  endfacet
  facet normal -0.6374694641680199 0.19337424785631097 -0.7458143753772407
    outer loop
      vertex 94.50914785633267 26.839050484336695 4
      vertex 95.17117792060485 26.707364516975808 3.4000000000000004
      vertex 95.08581929876694 26.425974851452366 3.4000000000000004
    endloop
  endfacet
  facet normal -0.6629461114464401 0.06529449286653698 -0.7458143753772424
    outer loop
      vertex 94.525 27 4
      vertex 95.2 27 3.4000000000000004
      vertex 95.17117792060485 26.707364516975808 3.4000000000000004
    endloop
  endfacet
  facet normal -0.6629461114464401 -0.06529449286653709 -0.7458143753772424
    outer loop
      vertex 94.525 27 4
      vertex 95.17117792060485 27.292635483024192 3.4000000000000004
      vertex 95.2 27 3.4000000000000004
    endloop
  endfacet
  facet normal -0.6374694641680199 -0.19337424785631102 -0.7458143753772407
    outer loop
      vertex 94.50914785633267 27.160949515663305 4
      vertex 95.08581929876694 27.574025148547634 3.4000000000000004
      vertex 95.17117792060485 27.292635483024192 3.4000000000000004
    endloop
  endfacet
  facet normal -0.5874952228786063 -0.3140227389465106 -0.7458143753772438
    outer loop
      vertex 94.46220061432182 27.3157138317012 4
      vertex 94.94720441845382 27.833355349529402 3.4000000000000004
      vertex 95.08581929876694 27.574025148547634 3.4000000000000004
    endloop
  endfacet
  facet normal -0.4226035122849665 -0.5149438696450922 -0.7458143753772438
    outer loop
      vertex 94.2833630944789 27.5833630944789 4
      vertex 94.5333553495294 28.24720441845382 3.4000000000000004
      vertex 94.76066017177982 28.060660171779823 3.4000000000000004
    endloop
  endfacet
  facet normal -0.5149438696450883 -0.4226035122849727 -0.7458143753772432
    outer loop
      vertex 94.3859624301496 27.45834544224117 4
      vertex 94.76066017177982 28.060660171779823 3.4000000000000004
      vertex 94.94720441845382 27.833355349529402 3.4000000000000004
    endloop
  endfacet
  facet normal 0 1 0
    outer loop
      vertex 93.4 122.8 2.9000000000000004
      vertex 93.4 122.8 0
      vertex 92 122.8 0
    endloop
  endfacet
  facet normal 0 1 0
    outer loop
      vertex 92 122.8 3.4000000000000004
      vertex 93.4 122.8 2.9000000000000004
      vertex 92 122.8 0
    endloop
  endfacet
  facet normal 0 1 0
    outer loop
      vertex 92 122.8 3.4000000000000004
      vertex 95.2 122.8 3.4000000000000004
      vertex 93.4 122.8 2.9000000000000004
    endloop
  endfacet
  facet normal 0 1 0
    outer loop
      vertex 93.4 122.8 2.9000000000000004
      vertex 95.2 122.8 3.4000000000000004
      vertex 95.2 122.8 2.9000000000000004
    endloop
  endfacet
  facet normal 0 0 -1
    outer loop
      vertex 92 122.8 3.4000000000000004
      vertex 93.9926354830242 131.52882207939516 3.4000000000000004
      vertex 95.2 122.8 3.4000000000000004
    endloop
  endfacet
  facet normal 0 0 -1
    outer loop
      vertex 92 122.8 3.4000000000000004
      vertex 92.22882207939516 132.70736451697582 3.4000000000000004
      vertex 92.31418070123307 132.42597485145237 3.4000000000000004
    endloop
  endfacet
  facet normal 1 0 0
    outer loop
      vertex 92 122.8 3.4000000000000004
      vertex 92 122.8 0
      vertex 92 143.2 3.4000000000000004
    endloop
  endfacet
  facet normal 0 0 -1
    outer loop
      vertex 92 122.8 3.4000000000000004
      vertex 92.2 133 3.4000000000000004
      vertex 92.22882207939516 132.70736451697582 3.4000000000000004
    endloop
  endfacet
  facet normal 0 0 -1
    outer loop
      vertex 92 122.8 3.4000000000000004
      vertex 92 143.2 3.4000000000000004
      vertex 92.2 133 3.4000000000000004
    endloop
  endfacet
  facet normal 1 0 0
    outer loop
      vertex 92 143.2 3.4000000000000004
      vertex 92 122.8 0
      vertex 92 143.2 0
    endloop
  endfacet
  facet normal 0 0 -1
    outer loop
      vertex 92.2 133 3.4000000000000004
      vertex 92 143.2 3.4000000000000004
      vertex 92.22882207939516 133.29263548302418 3.4000000000000004
    endloop
  endfacet
  facet normal 0 0 -1
    outer loop
      vertex 92.22882207939516 133.29263548302418 3.4000000000000004
      vertex 92 143.2 3.4000000000000004
      vertex 92.31418070123307 133.57402514854763 3.4000000000000004
    endloop
  endfacet
  facet normal 0 0 -1
    outer loop
      vertex 92 122.8 3.4000000000000004
      vertex 92.45279558154618 132.1666446504706 3.4000000000000004
      vertex 92.63933982822019 131.93933982822017 3.4000000000000004
    endloop
  endfacet
  facet normal 0 0 -1
    outer loop
      vertex 92 122.8 3.4000000000000004
      vertex 92.31418070123307 132.42597485145237 3.4000000000000004
      vertex 92.45279558154618 132.1666446504706 3.4000000000000004
    endloop
  endfacet
  facet normal 0 0 -1
    outer loop
      vertex 92 122.8 3.4000000000000004
      vertex 92.63933982822019 131.93933982822017 3.4000000000000004
      vertex 92.8666446504706 131.7527955815462 3.4000000000000004
    endloop
  endfacet
  facet normal 0 0 -1
    outer loop
      vertex 92 122.8 3.4000000000000004
      vertex 92.8666446504706 131.7527955815462 3.4000000000000004
      vertex 93.12597485145237 131.61418070123307 3.4000000000000004
    endloop
  endfacet
  facet normal 0 0 -1
    outer loop
      vertex 92 122.8 3.4000000000000004
      vertex 93.12597485145237 131.61418070123307 3.4000000000000004
      vertex 93.4073645169758 131.52882207939516 3.4000000000000004
    endloop
  endfacet
  facet normal 0 0 -1
    outer loop
      vertex 92 122.8 3.4000000000000004
      vertex 93.4073645169758 131.52882207939516 3.4000000000000004
      vertex 93.7 131.5 3.4000000000000004
    endloop
  endfacet
  facet normal 0 0 -1
    outer loop
      vertex 92 122.8 3.4000000000000004
      vertex 93.7 131.5 3.4000000000000004
      vertex 93.9926354830242 131.52882207939516 3.4000000000000004
    endloop
  endfacet
  facet normal 0 0 -1
    outer loop
      vertex 93.9926354830242 131.52882207939516 3.4000000000000004
      vertex 94.27402514854764 131.61418070123307 3.4000000000000004
      vertex 95.2 122.8 3.4000000000000004
    endloop
  endfacet
  facet normal 0 0 -1
    outer loop
      vertex 94.27402514854764 131.61418070123307 3.4000000000000004
      vertex 94.5333553495294 131.7527955815462 3.4000000000000004
      vertex 95.2 122.8 3.4000000000000004
    endloop
  endfacet
  facet normal 0 0 -1
    outer loop
      vertex 94.5333553495294 131.7527955815462 3.4000000000000004
      vertex 94.76066017177982 131.93933982822017 3.4000000000000004
      vertex 95.2 122.8 3.4000000000000004
    endloop
  endfacet
  facet normal 0 0 -1
    outer loop
      vertex 94.76066017177982 131.93933982822017 3.4000000000000004
      vertex 94.94720441845382 132.1666446504706 3.4000000000000004
      vertex 95.2 122.8 3.4000000000000004
    endloop
  endfacet
  facet normal 0 0 -1
    outer loop
      vertex 94.94720441845382 132.1666446504706 3.4000000000000004
      vertex 95.08581929876694 132.42597485145237 3.4000000000000004
      vertex 95.2 122.8 3.4000000000000004
    endloop
  endfacet
  facet normal 0 0 -1
    outer loop
      vertex 95.08581929876694 132.42597485145237 3.4000000000000004
      vertex 95.17117792060485 132.70736451697582 3.4000000000000004
      vertex 95.2 122.8 3.4000000000000004
    endloop
  endfacet
  facet normal 0 0 -1
    outer loop
      vertex 95.17117792060485 132.70736451697582 3.4000000000000004
      vertex 95.2 133 3.4000000000000004
      vertex 95.2 122.8 3.4000000000000004
    endloop
  endfacet
  facet normal 0 0 -1
    outer loop
      vertex 92.31418070123307 133.57402514854763 3.4000000000000004
      vertex 92 143.2 3.4000000000000004
      vertex 92.45279558154618 133.8333553495294 3.4000000000000004
    endloop
  endfacet
  facet normal 0 0 -1
    outer loop
      vertex 92.45279558154618 133.8333553495294 3.4000000000000004
      vertex 92 143.2 3.4000000000000004
      vertex 92.63933982822019 134.06066017177983 3.4000000000000004
    endloop
  endfacet
  facet normal 0 0 -1
    outer loop
      vertex 92.63933982822019 134.06066017177983 3.4000000000000004
      vertex 92 143.2 3.4000000000000004
      vertex 92.8666446504706 134.2472044184538 3.4000000000000004
    endloop
  endfacet
  facet normal 0 0 -1
    outer loop
      vertex 92.8666446504706 134.2472044184538 3.4000000000000004
      vertex 92 143.2 3.4000000000000004
      vertex 93.12597485145237 134.38581929876693 3.4000000000000004
    endloop
  endfacet
  facet normal 0 0 -1
    outer loop
      vertex 94.27402514854764 134.38581929876693 3.4000000000000004
      vertex 95.2 143.2 3.4000000000000004
      vertex 94.5333553495294 134.2472044184538 3.4000000000000004
    endloop
  endfacet
  facet normal 0 0 -1
    outer loop
      vertex 95.17117792060485 133.29263548302418 3.4000000000000004
      vertex 95.2 143.2 3.4000000000000004
      vertex 95.2 133 3.4000000000000004
    endloop
  endfacet
  facet normal 0 0 -1
    outer loop
      vertex 94.5333553495294 134.2472044184538 3.4000000000000004
      vertex 95.2 143.2 3.4000000000000004
      vertex 94.76066017177982 134.06066017177983 3.4000000000000004
    endloop
  endfacet
  facet normal 0 0 -1
    outer loop
      vertex 94.94720441845382 133.8333553495294 3.4000000000000004
      vertex 94.76066017177982 134.06066017177983 3.4000000000000004
      vertex 95.2 143.2 3.4000000000000004
    endloop
  endfacet
  facet normal 0 0 -1
    outer loop
      vertex 94.94720441845382 133.8333553495294 3.4000000000000004
      vertex 95.2 143.2 3.4000000000000004
      vertex 95.08581929876694 133.57402514854763 3.4000000000000004
    endloop
  endfacet
  facet normal 0 0 -1
    outer loop
      vertex 95.08581929876694 133.57402514854763 3.4000000000000004
      vertex 95.2 143.2 3.4000000000000004
      vertex 95.17117792060485 133.29263548302418 3.4000000000000004
    endloop
  endfacet
  facet normal 0 0 -1
    outer loop
      vertex 93.12597485145237 134.38581929876693 3.4000000000000004
      vertex 92 143.2 3.4000000000000004
      vertex 93.4073645169758 134.47117792060484 3.4000000000000004
    endloop
  endfacet
  facet normal 0 0 -1
    outer loop
      vertex 93.4073645169758 134.47117792060484 3.4000000000000004
      vertex 92 143.2 3.4000000000000004
      vertex 93.7 134.5 3.4000000000000004
    endloop
  endfacet
  facet normal 0 0 -1
    outer loop
      vertex 93.7 134.5 3.4000000000000004
      vertex 92 143.2 3.4000000000000004
      vertex 93.9926354830242 134.47117792060484 3.4000000000000004
    endloop
  endfacet
  facet normal 0 0 -1
    outer loop
      vertex 93.9926354830242 134.47117792060484 3.4000000000000004
      vertex 95.2 143.2 3.4000000000000004
      vertex 94.27402514854764 134.38581929876693 3.4000000000000004
    endloop
  endfacet
  facet normal 0 0 -1
    outer loop
      vertex 93.9926354830242 134.47117792060484 3.4000000000000004
      vertex 92 143.2 3.4000000000000004
      vertex 95.2 143.2 3.4000000000000004
    endloop
  endfacet
  facet normal 0 -1 0
    outer loop
      vertex 93.4 143.2 2.9000000000000004
      vertex 92 143.2 0
      vertex 93.4 143.2 0
    endloop
  endfacet
  facet normal 0 -1 0
    outer loop
      vertex 92 143.2 3.4000000000000004
      vertex 92 143.2 0
      vertex 93.4 143.2 2.9000000000000004
    endloop
  endfacet
  facet normal 0 -1 0
    outer loop
      vertex 92 143.2 3.4000000000000004
      vertex 93.4 143.2 2.9000000000000004
      vertex 95.2 143.2 3.4000000000000004
    endloop
  endfacet
  facet normal 0 -1 0
    outer loop
      vertex 93.4 143.2 2.9000000000000004
      vertex 95.2 143.2 2.9000000000000004
      vertex 95.2 143.2 3.4000000000000004
    endloop
  endfacet
  facet normal 0.3140227389465414 0.5874952228785958 -0.7458143753772392
    outer loop
      vertex 92.8666446504706 131.7527955815462 3.4000000000000004
      vertex 93.24165455775884 132.3140375698504 4
      vertex 93.12597485145237 131.61418070123307 3.4000000000000004
    endloop
  endfacet
  facet normal 0.19337424785631463 0.6374694641680154 -0.7458143753772436
    outer loop
      vertex 93.12597485145237 131.61418070123307 3.4000000000000004
      vertex 93.3842861682988 132.2377993856782 4
      vertex 93.4073645169758 131.52882207939516 3.4000000000000004
    endloop
  endfacet
  facet normal 0.06529449286653492 0.6629461114464344 -0.7458143753772475
    outer loop
      vertex 93.4073645169758 131.52882207939516 3.4000000000000004
      vertex 93.5390504843367 132.19085214366734 4
      vertex 93.7 131.5 3.4000000000000004
    endloop
  endfacet
  facet normal 0.19337424785627505 0.6374694641680196 -0.7458143753772501
    outer loop
      vertex 93.4073645169758 131.52882207939516 3.4000000000000004
      vertex 93.3842861682988 132.2377993856782 4
      vertex 93.5390504843367 132.19085214366734 4
    endloop
  endfacet
  facet normal 0.06529449286651925 0.662946111446433 -0.7458143753772501
    outer loop
      vertex 93.5390504843367 132.19085214366734 4
      vertex 93.7 132.175 4
      vertex 93.7 131.5 3.4000000000000004
    endloop
  endfacet
  facet normal -0.06529449286653471 0.6629461114464323 -0.7458143753772493
    outer loop
      vertex 93.7 131.5 3.4000000000000004
      vertex 93.7 132.175 4
      vertex 93.9926354830242 131.52882207939516 3.4000000000000004
    endloop
  endfacet
  facet normal -0.06529449286651962 0.6629461114464368 -0.7458143753772467
    outer loop
      vertex 93.7 132.175 4
      vertex 93.86094951566331 132.19085214366734 4
      vertex 93.9926354830242 131.52882207939516 3.4000000000000004
    endloop
  endfacet
  facet normal -0.1933742478562751 0.6374694641680198 -0.7458143753772501
    outer loop
      vertex 93.86094951566331 132.19085214366734 4
      vertex 94.0157138317012 132.2377993856782 4
      vertex 93.9926354830242 131.52882207939516 3.4000000000000004
    endloop
  endfacet
  facet normal -0.19337424785631463 0.6374694641680154 -0.7458143753772436
    outer loop
      vertex 93.9926354830242 131.52882207939516 3.4000000000000004
      vertex 94.0157138317012 132.2377993856782 4
      vertex 94.27402514854764 131.61418070123307 3.4000000000000004
    endloop
  endfacet
  facet normal -0.3140227389465414 0.5874952228785958 -0.7458143753772392
    outer loop
      vertex 94.27402514854764 131.61418070123307 3.4000000000000004
      vertex 94.15834544224117 132.3140375698504 4
      vertex 94.5333553495294 131.7527955815462 3.4000000000000004
    endloop
  endfacet
  facet normal 0.637469464168022 0.19337424785630683 -0.7458143753772399
    outer loop
      vertex 92.31418070123307 132.42597485145237 3.4000000000000004
      vertex 92.22882207939516 132.70736451697582 3.4000000000000004
      vertex 92.89085214366733 132.8390504843367 4
    endloop
  endfacet
  facet normal 0.5874952228786054 0.3140227389465144 -0.7458143753772428
    outer loop
      vertex 92.31418070123307 132.42597485145237 3.4000000000000004
      vertex 92.93779938567819 132.6842861682988 4
      vertex 92.45279558154618 132.1666446504706 3.4000000000000004
    endloop
  endfacet
  facet normal 0.6629461114464399 0.06529449286653864 -0.7458143753772423
    outer loop
      vertex 92.2 133 3.4000000000000004
      vertex 92.875 133 4
      vertex 92.22882207939516 132.70736451697582 3.4000000000000004
    endloop
  endfacet
  facet normal 0.6629461114464399 -0.06529449286653864 -0.7458143753772423
    outer loop
      vertex 92.2 133 3.4000000000000004
      vertex 92.22882207939516 133.29263548302418 3.4000000000000004
      vertex 92.875 133 4
    endloop
  endfacet
  facet normal 0.637469464168022 -0.19337424785630683 -0.7458143753772399
    outer loop
      vertex 92.22882207939516 133.29263548302418 3.4000000000000004
      vertex 92.31418070123307 133.57402514854763 3.4000000000000004
      vertex 92.89085214366733 133.1609495156633 4
    endloop
  endfacet
  facet normal 0.5149438696451012 0.42260351228496346 -0.7458143753772394
    outer loop
      vertex 92.45279558154618 132.1666446504706 3.4000000000000004
      vertex 93.0140375698504 132.54165455775882 4
      vertex 92.63933982822019 131.93933982822017 3.4000000000000004
    endloop
  endfacet
  facet normal 0.42260351228493603 0.514943869645114 -0.7458143753772463
    outer loop
      vertex 92.63933982822019 131.93933982822017 3.4000000000000004
      vertex 93.1166369055211 132.4166369055211 4
      vertex 92.8666446504706 131.7527955815462 3.4000000000000004
    endloop
  endfacet
  facet normal 0.6374694641680096 0.19337424785633056 -0.7458143753772444
    outer loop
      vertex 92.31418070123307 132.42597485145237 3.4000000000000004
      vertex 92.89085214366733 132.8390504843367 4
      vertex 92.93779938567819 132.6842861682988 4
    endloop
  endfacet
  facet normal 0.514943869645054 0.42260351228500287 -0.7458143753772495
    outer loop
      vertex 92.63933982822019 131.93933982822017 3.4000000000000004
      vertex 93.0140375698504 132.54165455775882 4
      vertex 93.1166369055211 132.4166369055211 4
    endloop
  endfacet
  facet normal 0.5874952228786177 0.31402273894649935 -0.7458143753772397
    outer loop
      vertex 92.45279558154618 132.1666446504706 3.4000000000000004
      vertex 92.93779938567819 132.6842861682988 4
      vertex 93.0140375698504 132.54165455775882 4
    endloop
  endfacet
  facet normal 0.6629461114464452 0.06529449286652048 -0.7458143753772389
    outer loop
      vertex 92.22882207939516 132.70736451697582 3.4000000000000004
      vertex 92.875 133 4
      vertex 92.89085214366733 132.8390504843367 4
    endloop
  endfacet
  facet normal 0.6629461114464451 -0.06529449286652031 -0.745814375377239
    outer loop
      vertex 92.22882207939516 133.29263548302418 3.4000000000000004
      vertex 92.89085214366733 133.1609495156633 4
      vertex 92.875 133 4
    endloop
  endfacet
  facet normal 0.6374694641680096 -0.19337424785633053 -0.7458143753772444
    outer loop
      vertex 92.31418070123307 133.57402514854763 3.4000000000000004
      vertex 92.93779938567819 133.3157138317012 4
      vertex 92.89085214366733 133.1609495156633 4
    endloop
  endfacet
  facet normal 0 0 -1
    outer loop
      vertex 93.0140375698504 132.54165455775882 4
      vertex 92.93779938567819 132.6842861682988 4
      vertex 92.93779938567819 133.3157138317012 4
    endloop
  endfacet
  facet normal 0 0 -1
    outer loop
      vertex 92.93779938567819 132.6842861682988 4
      vertex 92.89085214366733 132.8390504843367 4
      vertex 92.89085214366733 133.1609495156633 4
    endloop
  endfacet
  facet normal 0 0 -1
    outer loop
      vertex 92.89085214366733 132.8390504843367 4
      vertex 92.875 133 4
      vertex 92.89085214366733 133.1609495156633 4
    endloop
  endfacet
  facet normal 0 0 -1
    outer loop
      vertex 92.93779938567819 132.6842861682988 4
      vertex 92.89085214366733 133.1609495156633 4
      vertex 92.93779938567819 133.3157138317012 4
    endloop
  endfacet
  facet normal 0.5874952228786056 -0.31402273894651445 -0.7458143753772429
    outer loop
      vertex 92.31418070123307 133.57402514854763 3.4000000000000004
      vertex 92.45279558154618 133.8333553495294 3.4000000000000004
      vertex 92.93779938567819 133.3157138317012 4
    endloop
  endfacet
  facet normal 0.5149438696451012 -0.42260351228496346 -0.7458143753772394
    outer loop
      vertex 92.45279558154618 133.8333553495294 3.4000000000000004
      vertex 92.63933982822019 134.06066017177983 3.4000000000000004
      vertex 93.0140375698504 133.45834544224118 4
    endloop
  endfacet
  facet normal 0.42260351228493603 -0.514943869645114 -0.7458143753772463
    outer loop
      vertex 93.1166369055211 133.5833630944789 4
      vertex 92.63933982822019 134.06066017177983 3.4000000000000004
      vertex 92.8666446504706 134.2472044184538 3.4000000000000004
    endloop
  endfacet
  facet normal 0.5874952228786179 -0.3140227389464992 -0.7458143753772396
    outer loop
      vertex 92.45279558154618 133.8333553495294 3.4000000000000004
      vertex 93.0140375698504 133.45834544224118 4
      vertex 92.93779938567819 133.3157138317012 4
    endloop
  endfacet
  facet normal 0.5149438696450542 -0.4226035122850028 -0.7458143753772495
    outer loop
      vertex 93.0140375698504 133.45834544224118 4
      vertex 92.63933982822019 134.06066017177983 3.4000000000000004
      vertex 93.1166369055211 133.5833630944789 4
    endloop
  endfacet
  facet normal 0.4226035122849827 0.5149438696450883 -0.7458143753772375
    outer loop
      vertex 92.8666446504706 131.7527955815462 3.4000000000000004
      vertex 93.1166369055211 132.4166369055211 4
      vertex 93.24165455775884 132.3140375698504 4
    endloop
  endfacet
  facet normal 0.31402273894652205 0.5874952228786018 -0.7458143753772424
    outer loop
      vertex 93.12597485145237 131.61418070123307 3.4000000000000004
      vertex 93.24165455775884 132.3140375698504 4
      vertex 93.3842861682988 132.2377993856782 4
    endloop
  endfacet
  facet normal 0 0 -1
    outer loop
      vertex 93.0140375698504 132.54165455775882 4
      vertex 93.0140375698504 133.45834544224118 4
      vertex 93.1166369055211 132.4166369055211 4
    endloop
  endfacet
  facet normal 0 0 -1
    outer loop
      vertex 93.0140375698504 132.54165455775882 4
      vertex 92.93779938567819 133.3157138317012 4
      vertex 93.0140375698504 133.45834544224118 4
    endloop
  endfacet
  facet normal 0 0 -1
    outer loop
      vertex 93.1166369055211 132.4166369055211 4
      vertex 93.0140375698504 133.45834544224118 4
      vertex 93.1166369055211 133.5833630944789 4
    endloop
  endfacet
  facet normal 0 0 -1
    outer loop
      vertex 93.1166369055211 132.4166369055211 4
      vertex 93.1166369055211 133.5833630944789 4
      vertex 93.24165455775884 132.3140375698504 4
    endloop
  endfacet
  facet normal 0 0 -1
    outer loop
      vertex 93.24165455775884 132.3140375698504 4
      vertex 93.24165455775884 133.6859624301496 4
      vertex 93.3842861682988 132.2377993856782 4
    endloop
  endfacet
  facet normal 0 0 -1
    outer loop
      vertex 93.1166369055211 133.5833630944789 4
      vertex 93.24165455775884 133.6859624301496 4
      vertex 93.24165455775884 132.3140375698504 4
    endloop
  endfacet
  facet normal 0 0 -1
    outer loop
      vertex 93.3842861682988 132.2377993856782 4
      vertex 93.24165455775884 133.6859624301496 4
      vertex 93.3842861682988 133.7622006143218 4
    endloop
  endfacet
  facet normal 0 0 -1
    outer loop
      vertex 93.3842861682988 132.2377993856782 4
      vertex 93.3842861682988 133.7622006143218 4
      vertex 93.5390504843367 132.19085214366734 4
    endloop
  endfacet
  facet normal 0 0 -1
    outer loop
      vertex 93.5390504843367 132.19085214366734 4
      vertex 93.3842861682988 133.7622006143218 4
      vertex 93.5390504843367 133.80914785633266 4
    endloop
  endfacet
  facet normal 0 0 -1
    outer loop
      vertex 93.5390504843367 132.19085214366734 4
      vertex 93.5390504843367 133.80914785633266 4
      vertex 93.7 132.175 4
    endloop
  endfacet
  facet normal 0 0 -1
    outer loop
      vertex 93.7 132.175 4
      vertex 93.5390504843367 133.80914785633266 4
      vertex 93.7 133.825 4
    endloop
  endfacet
  facet normal 0.4226035122849828 -0.5149438696450882 -0.7458143753772373
    outer loop
      vertex 93.1166369055211 133.5833630944789 4
      vertex 92.8666446504706 134.2472044184538 3.4000000000000004
      vertex 93.24165455775884 133.6859624301496 4
    endloop
  endfacet
  facet normal 0.3140227389465221 -0.5874952228786018 -0.7458143753772424
    outer loop
      vertex 93.12597485145237 134.38581929876693 3.4000000000000004
      vertex 93.3842861682988 133.7622006143218 4
      vertex 93.24165455775884 133.6859624301496 4
    endloop
  endfacet
  facet normal 0.3140227389465414 -0.5874952228785958 -0.7458143753772392
    outer loop
      vertex 92.8666446504706 134.2472044184538 3.4000000000000004
      vertex 93.12597485145237 134.38581929876693 3.4000000000000004
      vertex 93.24165455775884 133.6859624301496 4
    endloop
  endfacet
  facet normal 0.19337424785631463 -0.6374694641680154 -0.7458143753772436
    outer loop
      vertex 93.12597485145237 134.38581929876693 3.4000000000000004
      vertex 93.4073645169758 134.47117792060484 3.4000000000000004
      vertex 93.3842861682988 133.7622006143218 4
    endloop
  endfacet
  facet normal 0.06529449286653485 -0.6629461114464343 -0.7458143753772475
    outer loop
      vertex 93.5390504843367 133.80914785633266 4
      vertex 93.4073645169758 134.47117792060484 3.4000000000000004
      vertex 93.7 134.5 3.4000000000000004
    endloop
  endfacet
  facet normal 0.19337424785627508 -0.6374694641680196 -0.7458143753772501
    outer loop
      vertex 93.3842861682988 133.7622006143218 4
      vertex 93.4073645169758 134.47117792060484 3.4000000000000004
      vertex 93.5390504843367 133.80914785633266 4
    endloop
  endfacet
  facet normal 0.06529449286651925 -0.662946111446433 -0.7458143753772501
    outer loop
      vertex 93.5390504843367 133.80914785633266 4
      vertex 93.7 134.5 3.4000000000000004
      vertex 93.7 133.825 4
    endloop
  endfacet
  facet normal 0 0 -1
    outer loop
      vertex 93.7 132.175 4
      vertex 93.7 133.825 4
      vertex 93.86094951566331 132.19085214366734 4
    endloop
  endfacet
  facet normal 0 0 -1
    outer loop
      vertex 93.86094951566331 132.19085214366734 4
      vertex 93.7 133.825 4
      vertex 93.86094951566331 133.80914785633266 4
    endloop
  endfacet
  facet normal 0 0 -1
    outer loop
      vertex 93.86094951566331 132.19085214366734 4
      vertex 93.86094951566331 133.80914785633266 4
      vertex 94.0157138317012 132.2377993856782 4
    endloop
  endfacet
  facet normal 0 0 -1
    outer loop
      vertex 94.0157138317012 132.2377993856782 4
      vertex 94.0157138317012 133.7622006143218 4
      vertex 94.15834544224117 132.3140375698504 4
    endloop
  endfacet
  facet normal 0 0 -1
    outer loop
      vertex 94.0157138317012 132.2377993856782 4
      vertex 93.86094951566331 133.80914785633266 4
      vertex 94.0157138317012 133.7622006143218 4
    endloop
  endfacet
  facet normal -0.3140227389465221 0.5874952228786018 -0.7458143753772424
    outer loop
      vertex 94.27402514854764 131.61418070123307 3.4000000000000004
      vertex 94.0157138317012 132.2377993856782 4
      vertex 94.15834544224117 132.3140375698504 4
    endloop
  endfacet
  facet normal -0.42260351228498283 0.5149438696450883 -0.7458143753772374
    outer loop
      vertex 94.15834544224117 132.3140375698504 4
      vertex 94.2833630944789 132.4166369055211 4
      vertex 94.5333553495294 131.7527955815462 3.4000000000000004
    endloop
  endfacet
  facet normal 0 0 -1
    outer loop
      vertex 94.15834544224117 132.3140375698504 4
      vertex 94.15834544224117 133.6859624301496 4
      vertex 94.2833630944789 132.4166369055211 4
    endloop
  endfacet
  facet normal 0 0 -1
    outer loop
      vertex 94.15834544224117 132.3140375698504 4
      vertex 94.0157138317012 133.7622006143218 4
      vertex 94.15834544224117 133.6859624301496 4
    endloop
  endfacet
  facet normal 0 0 -1
    outer loop
      vertex 94.2833630944789 132.4166369055211 4
      vertex 94.15834544224117 133.6859624301496 4
      vertex 94.2833630944789 133.5833630944789 4
    endloop
  endfacet
  facet normal 0 0 -1
    outer loop
      vertex 94.2833630944789 132.4166369055211 4
      vertex 94.2833630944789 133.5833630944789 4
      vertex 94.3859624301496 132.54165455775882 4
    endloop
  endfacet
  facet normal 0 0 -1
    outer loop
      vertex 94.3859624301496 132.54165455775882 4
      vertex 94.3859624301496 133.45834544224118 4
      vertex 94.46220061432182 132.6842861682988 4
    endloop
  endfacet
  facet normal 0 0 -1
    outer loop
      vertex 94.3859624301496 132.54165455775882 4
      vertex 94.2833630944789 133.5833630944789 4
      vertex 94.3859624301496 133.45834544224118 4
    endloop
  endfacet
  facet normal 0 0 -1
    outer loop
      vertex 94.46220061432182 132.6842861682988 4
      vertex 94.3859624301496 133.45834544224118 4
      vertex 94.46220061432182 133.3157138317012 4
    endloop
  endfacet
  facet normal -0.06529449286653491 -0.6629461114464344 -0.7458143753772475
    outer loop
      vertex 93.86094951566331 133.80914785633266 4
      vertex 93.7 134.5 3.4000000000000004
      vertex 93.9926354830242 134.47117792060484 3.4000000000000004
    endloop
  endfacet
  facet normal -0.06529449286651925 -0.662946111446433 -0.7458143753772501
    outer loop
      vertex 93.7 133.825 4
      vertex 93.7 134.5 3.4000000000000004
      vertex 93.86094951566331 133.80914785633266 4
    endloop
  endfacet
  facet normal -0.1933742478562751 -0.6374694641680198 -0.7458143753772501
    outer loop
      vertex 93.86094951566331 133.80914785633266 4
      vertex 93.9926354830242 134.47117792060484 3.4000000000000004
      vertex 94.0157138317012 133.7622006143218 4
    endloop
  endfacet
  facet normal -0.3140227389465221 -0.5874952228786019 -0.7458143753772425
    outer loop
      vertex 94.0157138317012 133.7622006143218 4
      vertex 94.27402514854764 134.38581929876693 3.4000000000000004
      vertex 94.15834544224117 133.6859624301496 4
    endloop
  endfacet
  facet normal -0.42260351228498283 -0.5149438696450883 -0.7458143753772374
    outer loop
      vertex 94.2833630944789 133.5833630944789 4
      vertex 94.15834544224117 133.6859624301496 4
      vertex 94.5333553495294 134.2472044184538 3.4000000000000004
    endloop
  endfacet
  facet normal -0.19337424785631463 -0.6374694641680154 -0.7458143753772436
    outer loop
      vertex 94.0157138317012 133.7622006143218 4
      vertex 93.9926354830242 134.47117792060484 3.4000000000000004
      vertex 94.27402514854764 134.38581929876693 3.4000000000000004
    endloop
  endfacet
  facet normal -0.31402273894654137 -0.5874952228785958 -0.7458143753772392
    outer loop
      vertex 94.15834544224117 133.6859624301496 4
      vertex 94.27402514854764 134.38581929876693 3.4000000000000004
      vertex 94.5333553495294 134.2472044184538 3.4000000000000004
    endloop
  endfacet
  facet normal -0.42260351228493603 0.514943869645114 -0.7458143753772463
    outer loop
      vertex 94.2833630944789 132.4166369055211 4
      vertex 94.76066017177982 131.93933982822017 3.4000000000000004
      vertex 94.5333553495294 131.7527955815462 3.4000000000000004
    endloop
  endfacet
  facet normal -0.5149438696451013 0.42260351228496346 -0.7458143753772394
    outer loop
      vertex 94.3859624301496 132.54165455775882 4
      vertex 94.94720441845382 132.1666446504706 3.4000000000000004
      vertex 94.76066017177982 131.93933982822017 3.4000000000000004
    endloop
  endfacet
  facet normal -0.5149438696450542 0.4226035122850028 -0.7458143753772495
    outer loop
      vertex 94.2833630944789 132.4166369055211 4
      vertex 94.3859624301496 132.54165455775882 4
      vertex 94.76066017177982 131.93933982822017 3.4000000000000004
    endloop
  endfacet
  facet normal -0.5874952228786178 0.31402273894649924 -0.7458143753772397
    outer loop
      vertex 94.3859624301496 132.54165455775882 4
      vertex 94.46220061432182 132.6842861682988 4
      vertex 94.94720441845382 132.1666446504706 3.4000000000000004
    endloop
  endfacet
  facet normal -0.6374694641680096 0.19337424785633053 -0.7458143753772444
    outer loop
      vertex 95.08581929876694 132.42597485145237 3.4000000000000004
      vertex 94.46220061432182 132.6842861682988 4
      vertex 94.50914785633267 132.8390504843367 4
    endloop
  endfacet
  facet normal 0 0 -1
    outer loop
      vertex 94.46220061432182 132.6842861682988 4
      vertex 94.46220061432182 133.3157138317012 4
      vertex 94.50914785633267 132.8390504843367 4
    endloop
  endfacet
  facet normal 0 0 -1
    outer loop
      vertex 94.50914785633267 132.8390504843367 4
      vertex 94.50914785633267 133.1609495156633 4
      vertex 94.525 133 4
    endloop
  endfacet
  facet normal 0 0 -1
    outer loop
      vertex 94.50914785633267 132.8390504843367 4
      vertex 94.46220061432182 133.3157138317012 4
      vertex 94.50914785633267 133.1609495156633 4
    endloop
  endfacet
  facet normal -0.6629461114464452 0.06529449286652045 -0.745814375377239
    outer loop
      vertex 94.50914785633267 132.8390504843367 4
      vertex 94.525 133 4
      vertex 95.17117792060485 132.70736451697582 3.4000000000000004
    endloop
  endfacet
  facet normal -0.6629461114464452 -0.06529449286652045 -0.745814375377239
    outer loop
      vertex 94.525 133 4
      vertex 94.50914785633267 133.1609495156633 4
      vertex 95.17117792060485 133.29263548302418 3.4000000000000004
    endloop
  endfacet
  facet normal -0.6374694641680095 -0.19337424785633056 -0.7458143753772444
    outer loop
      vertex 94.50914785633267 133.1609495156633 4
      vertex 94.46220061432182 133.3157138317012 4
      vertex 95.08581929876694 133.57402514854763 3.4000000000000004
    endloop
  endfacet
  facet normal -0.5874952228786056 0.31402273894651445 -0.7458143753772429
    outer loop
      vertex 94.94720441845382 132.1666446504706 3.4000000000000004
      vertex 94.46220061432182 132.6842861682988 4
      vertex 95.08581929876694 132.42597485145237 3.4000000000000004
    endloop
  endfacet
  facet normal -0.637469464168022 0.19337424785630683 -0.7458143753772399
    outer loop
      vertex 95.08581929876694 132.42597485145237 3.4000000000000004
      vertex 94.50914785633267 132.8390504843367 4
      vertex 95.17117792060485 132.70736451697582 3.4000000000000004
    endloop
  endfacet
  facet normal -0.6629461114464399 0.06529449286653854 -0.7458143753772423
    outer loop
      vertex 94.525 133 4
      vertex 95.2 133 3.4000000000000004
      vertex 95.17117792060485 132.70736451697582 3.4000000000000004
    endloop
  endfacet
  facet normal -0.6629461114464399 -0.06529449286653866 -0.7458143753772423
    outer loop
      vertex 94.525 133 4
      vertex 95.17117792060485 133.29263548302418 3.4000000000000004
      vertex 95.2 133 3.4000000000000004
    endloop
  endfacet
  facet normal -0.637469464168022 -0.1933742478563068 -0.7458143753772399
    outer loop
      vertex 94.50914785633267 133.1609495156633 4
      vertex 95.08581929876694 133.57402514854763 3.4000000000000004
      vertex 95.17117792060485 133.29263548302418 3.4000000000000004
    endloop
  endfacet
  facet normal -0.4226035122849359 -0.514943869645114 -0.7458143753772463
    outer loop
      vertex 94.2833630944789 133.5833630944789 4
      vertex 94.5333553495294 134.2472044184538 3.4000000000000004
      vertex 94.76066017177982 134.06066017177983 3.4000000000000004
    endloop
  endfacet
  facet normal -0.5149438696451012 -0.4226035122849635 -0.7458143753772395
    outer loop
      vertex 94.3859624301496 133.45834544224118 4
      vertex 94.76066017177982 134.06066017177983 3.4000000000000004
      vertex 94.94720441845382 133.8333553495294 3.4000000000000004
    endloop
  endfacet
  facet normal -0.5874952228786178 -0.31402273894649924 -0.7458143753772397
    outer loop
      vertex 94.3859624301496 133.45834544224118 4
      vertex 94.94720441845382 133.8333553495294 3.4000000000000004
      vertex 94.46220061432182 133.3157138317012 4
    endloop
  endfacet
  facet normal -0.5149438696450542 -0.4226035122850028 -0.7458143753772495
    outer loop
      vertex 94.2833630944789 133.5833630944789 4
      vertex 94.76066017177982 134.06066017177983 3.4000000000000004
      vertex 94.3859624301496 133.45834544224118 4
    endloop
  endfacet
  facet normal -0.5874952228786054 -0.31402273894651445 -0.7458143753772429
    outer loop
      vertex 94.46220061432182 133.3157138317012 4
      vertex 94.94720441845382 133.8333553495294 3.4000000000000004
      vertex 95.08581929876694 133.57402514854763 3.4000000000000004
    endloop
  endfacet
  facet normal 0 0 1
    outer loop
      vertex 6.980602337443566 16.08658283817455 4.8
      vertex 1.6 0 4.8
      vertex 7.442651938487273 15.22214883490199 4.8
    endloop
  endfacet
  facet normal 0 0 1
    outer loop
      vertex 8.064466094067262 14.464466094067262 4.8
      vertex 7.442651938487273 15.22214883490199 4.8
      vertex 1.6 0 4.8
    endloop
  endfacet
  facet normal 1 0 0
    outer loop
      vertex 1.6 15.179712713882182 21.911008368862785
      vertex 1.6 0 4.8
      vertex 1.6 16.050252531694166 20.850252531694167
    endloop
  endfacet
  facet normal 1 0 0
    outer loop
      vertex 1.6 15.179712713882182 21.911008368862785
      vertex 1.6 14.532843272420994 23.12121597344437
      vertex 1.6 0 4.8
    endloop
  endfacet
  facet normal 1 0 0
    outer loop
      vertex 1.6 14.532843272420994 23.12121597344437
      vertex 1.6 14.134503037177387 24.4343677458871
      vertex 1.6 0 4.8
    endloop
  endfacet
  facet normal 1 0 0
    outer loop
      vertex 1.6 14.134503037177387 24.4343677458871
      vertex 1.6 14 25.8
      vertex 1.6 0 4.8
    endloop
  endfacet
  facet normal 0 0 1
    outer loop
      vertex 6.980602337443566 16.08658283817455 4.8
      vertex 6.6960735979838475 17.02454838991936 4.8
      vertex 1.6 0 4.8
    endloop
  endfacet
  facet normal 0 0 1
    outer loop
      vertex 6.6960735979838475 17.02454838991936 4.8
      vertex 6.6 18 4.8
      vertex 1.6 0 4.8
    endloop
  endfacet
  facet normal 1 0 0
    outer loop
      vertex 1.6 19.634367745887104 18.934503037177386
      vertex 1.6 18.32121597344437 19.332843272420995
      vertex 1.6 0 4.8
    endloop
  endfacet
  facet normal 1 0 0
    outer loop
      vertex 1.6 16.050252531694166 20.850252531694167
      vertex 1.6 0 4.8
      vertex 1.6 17.111008368862784 19.979712713882183
    endloop
  endfacet
  facet normal 1 0 0
    outer loop
      vertex 1.6 17.111008368862784 19.979712713882183
      vertex 1.6 0 4.8
      vertex 1.6 18.32121597344437 19.332843272420995
    endloop
  endfacet
  facet normal 1 0 0
    outer loop
      vertex 1.6 19.634367745887104 18.934503037177386
      vertex 1.6 0 4.8
      vertex 1.6 21 18.8
    endloop
  endfacet
  facet normal 0 0 1
    outer loop
      vertex 8.064466094067262 14.464466094067262 4.8
      vertex 1.6 0 4.8
      vertex 8.822148834901988 13.842651938487274 4.8
    endloop
  endfacet
  facet normal 0 0 1
    outer loop
      vertex 8.822148834901988 13.842651938487274 4.8
      vertex 1.6 0 4.8
      vertex 9.686582838174552 13.380602337443566 4.8
    endloop
  endfacet
  facet normal 0 0 1
    outer loop
      vertex 9.686582838174552 13.380602337443566 4.8
      vertex 1.6 0 4.8
      vertex 10.624548389919358 13.096073597983848 4.8
    endloop
  endfacet
  facet normal 0 0 1
    outer loop
      vertex 10.624548389919358 13.096073597983848 4.8
      vertex 1.6 0 4.8
      vertex 11.6 13 4.8
    endloop
  endfacet
  facet normal 0 0 1
    outer loop
      vertex 11.6 13 4.8
      vertex 1.6 0 4.8
      vertex 31.1 13 4.8
    endloop
  endfacet
  facet normal 1 0 0
    outer loop
      vertex 1.6 14 25.8
      vertex 1.6 14 163.8
      vertex 1.6 0 4.8
    endloop
  endfacet
  facet normal 1 0 0
    outer loop
      vertex 1.6 21 18.8
      vertex 1.6 0 4.8
      vertex 1.6 160 4.8
    endloop
  endfacet
  facet normal 0 0 1
    outer loop
      vertex 6.6 18 4.8
      vertex 1.6 160 4.8
      vertex 1.6 0 4.8
    endloop
  endfacet
  facet normal 0 0 1
    outer loop
      vertex 31.1 13 4.8
      vertex 1.6 0 4.8
      vertex 40.1 0 4.8
    endloop
  endfacet
  facet normal 1.7902245795708894e-17 -1.817645518846863e-16 1
    outer loop
      vertex 31.1 13 4.8
      vertex 40.1 9 4.799999999999999
      vertex 32.07545161008064 13.096073597983848 4.8
    endloop
  endfacet
  facet normal 4.125786508460412e-17 -1.3600895382792189e-16 1
    outer loop
      vertex 32.07545161008064 13.096073597983848 4.8
      vertex 40.1 9 4.799999999999999
      vertex 33.01341716182545 13.380602337443566 4.8
    endloop
  endfacet
  facet normal 5.81188215172058e-17 -1.0873266730696509e-16 1
    outer loop
      vertex 33.01341716182545 13.380602337443566 4.8
      vertex 40.1 9 4.799999999999999
      vertex 33.87785116509801 13.842651938487274 4.8
    endloop
  endfacet
  facet normal 1.4254715377903244e-16 9.868649107779169e-17 1
    outer loop
      vertex 31.1 13 4.8
      vertex 40.1 0 4.8
      vertex 40.1 9 4.799999999999999
    endloop
  endfacet
  facet normal 7.326429214938532e-17 -8.927279828373407e-17 1
    outer loop
      vertex 33.87785116509801 13.842651938487274 4.8
      vertex 40.1 9 4.799999999999999
      vertex 34.63553390593274 14.464466094067262 4.8
    endloop
  endfacet
  facet normal 8.927279828373377e-17 -7.326429214938562e-17 1
    outer loop
      vertex 34.63553390593274 14.464466094067262 4.8
      vertex 40.1 9 4.799999999999999
      vertex 35.25734806151273 15.22214883490199 4.8
    endloop
  endfacet
  facet normal 1.0873266730696583e-16 -5.811882151720528e-17 1
    outer loop
      vertex 35.25734806151273 15.22214883490199 4.8
      vertex 40.1 9 4.799999999999999
      vertex 35.71939766255643 16.08658283817455 4.8
    endloop
  endfacet
  facet normal 1.36008953827921e-16 -4.1257865084604623e-17 1
    outer loop
      vertex 40.1 9 4.799999999999999
      vertex 36.003926402016155 17.02454838991936 4.8
      vertex 35.71939766255643 16.08658283817455 4.8
    endloop
  endfacet
  facet normal 1.817645518846869e-16 -1.7902245795708623e-17 1
    outer loop
      vertex 40.1 9 4.799999999999999
      vertex 36.1 18 4.8
      vertex 36.003926402016155 17.02454838991936 4.8
    endloop
  endfacet
  facet normal 2.088101582738705e-16 -5.881976289404803e-18 1
    outer loop
      vertex 40.1 9 4.799999999999999
      vertex 40.1 160 4.8
      vertex 36.1 18 4.8
    endloop
  endfacet
  facet normal 1 0 0
    outer loop
      vertex 1.6 14 163.8
      vertex 1.6 0 182.8
      vertex 1.6 0 4.8
    endloop
  endfacet
  facet normal 1 0 0
    outer loop
      vertex 1.6 14 163.8
      vertex 1.6 14.134503037177387 165.16563225411292
      vertex 1.6 0 182.8
    endloop
  endfacet
  facet normal 1 0 0
    outer loop
      vertex 1.6 14.134503037177387 165.16563225411292
      vertex 1.6 14.532843272420994 166.47878402655564
      vertex 1.6 0 182.8
    endloop
  endfacet
  facet normal 1 0 0
    outer loop
      vertex 1.6 14.532843272420994 166.47878402655564
      vertex 1.6 15.179712713882182 167.6889916311372
      vertex 1.6 0 182.8
    endloop
  endfacet
  facet normal 1 0 0
    outer loop
      vertex 1.6 15.179712713882182 167.6889916311372
      vertex 1.6 16.050252531694166 168.74974746830586
      vertex 1.6 0 182.8
    endloop
  endfacet
  facet normal 1 0 0
    outer loop
      vertex 1.6 16.050252531694166 168.74974746830586
      vertex 1.6 17.111008368862784 169.62028728611782
      vertex 1.6 16 182.8
    endloop
  endfacet
  facet normal 1 0 0
    outer loop
      vertex 1.6 16.050252531694166 168.74974746830586
      vertex 1.6 16 182.8
      vertex 1.6 0 182.8
    endloop
  endfacet
  facet normal 1 0 0
    outer loop
      vertex 1.6 17.111008368862784 169.62028728611782
      vertex 1.6 18.32121597344437 170.26715672757902
      vertex 1.6 16 182.8
    endloop
  endfacet
  facet normal 1 0 0
    outer loop
      vertex 1.6 18.32121597344437 170.26715672757902
      vertex 1.6 19.634367745887104 170.66549696282263
      vertex 1.6 16 182.8
    endloop
  endfacet
  facet normal 1 0 0
    outer loop
      vertex 1.6 19.634367745887104 170.66549696282263
      vertex 1.6 21 170.8
      vertex 1.6 16 182.8
    endloop
  endfacet
  facet normal 1 0 0
    outer loop
      vertex 1.6 21 170.8
      vertex 1.6 38 182.8
      vertex 1.6 16 182.8
    endloop
  endfacet
  facet normal 1 0 0
    outer loop
      vertex 1.6 16 182.8
      vertex 1.6 38 182.8
      vertex 1.6 16 182.81
    endloop
  endfacet
  facet normal 1 0 0
    outer loop
      vertex 1.6 16 182.81
      vertex 1.6 38 182.8
      vertex 1.6 38 182.81
    endloop
  endfacet
  facet normal 1 0 0
    outer loop
      vertex 1.6 21 170.8
      vertex 1.6 122 182.8
      vertex 1.6 38 182.8
    endloop
  endfacet
  facet normal 0 0 1
    outer loop
      vertex 6.6 18 4.8
      vertex 6.6 142 4.8
      vertex 1.9000000000000001 169 4.8
    endloop
  endfacet
  facet normal 0 0 1
    outer loop
      vertex 6.6 18 4.8
      vertex 1.9000000000000001 160 4.8
      vertex 1.6 160 4.8
    endloop
  endfacet
  facet normal 0 0 1
    outer loop
      vertex 6.6 18 4.8
      vertex 1.9000000000000001 169 4.8
      vertex 1.9000000000000001 160 4.8
    endloop
  endfacet
  facet normal 1 0 0
    outer loop
      vertex 1.6 21 18.8
      vertex 1.6 160 4.8
      vertex 1.6 139 18.8
    endloop
  endfacet
  facet normal 1 0 0
    outer loop
      vertex 1.6 139 18.8
      vertex 1.6 160 4.8
      vertex 1.6 140.36563225411288 18.934503037177386
    endloop
  endfacet
  facet normal 1 0 0
    outer loop
      vertex 1.6 140.36563225411288 18.934503037177386
      vertex 1.6 160 4.8
      vertex 1.6 141.67878402655563 19.332843272420995
    endloop
  endfacet
  facet normal 0 0 1
    outer loop
      vertex 6.6 142 4.8
      vertex 6.6960735979838475 142.97545161008065 4.8
      vertex 1.9000000000000001 169 4.8
    endloop
  endfacet
  facet normal 0 0 1
    outer loop
      vertex 6.6960735979838475 142.97545161008065 4.8
      vertex 6.980602337443566 143.91341716182544 4.8
      vertex 1.9000000000000001 169 4.8
    endloop
  endfacet
  facet normal 0 0 1
    outer loop
      vertex 6.980602337443566 143.91341716182544 4.8
      vertex 7.442651938487273 144.777851165098 4.8
      vertex 1.9000000000000001 169 4.8
    endloop
  endfacet
  facet normal 0 0 1
    outer loop
      vertex 7.442651938487273 144.777851165098 4.8
      vertex 8.064466094067262 145.53553390593274 4.8
      vertex 1.9000000000000001 169 4.8
    endloop
  endfacet
  facet normal 1 0 0
    outer loop
      vertex 1.6 141.67878402655563 19.332843272420995
      vertex 1.6 160 4.8
      vertex 1.6 142.8889916311372 19.979712713882183
    endloop
  endfacet
  facet normal 1 0 0
    outer loop
      vertex 1.6 142.8889916311372 19.979712713882183
      vertex 1.6 160 4.8
      vertex 1.6 143.94974746830584 20.850252531694167
    endloop
  endfacet
  facet normal 1 0 0
    outer loop
      vertex 1.6 143.94974746830584 20.850252531694167
      vertex 1.6 160 4.8
      vertex 1.6 144.8202872861178 21.911008368862785
    endloop
  endfacet
  facet normal 1 0 0
    outer loop
      vertex 1.6 144.8202872861178 21.911008368862785
      vertex 1.6 160 4.8
      vertex 1.6 145.467156727579 23.12121597344437
    endloop
  endfacet
  facet normal 1 0 0
    outer loop
      vertex 1.6 145.467156727579 23.12121597344437
      vertex 1.6 160 4.8
      vertex 1.6 145.86549696282262 24.4343677458871
    endloop
  endfacet
  facet normal 1 0 0
    outer loop
      vertex 1.6 145.86549696282262 24.4343677458871
      vertex 1.6 160 4.8
      vertex 1.6 146 25.8
    endloop
  endfacet
  facet normal 0 0 1
    outer loop
      vertex 8.064466094067262 145.53553390593274 4.8
      vertex 8.822148834901988 146.15734806151272 4.8
      vertex 1.9000000000000001 169 4.8
    endloop
  endfacet
  facet normal 0 0 1
    outer loop
      vertex 8.822148834901988 146.15734806151272 4.8
      vertex 9.686582838174552 146.61939766255642 4.8
      vertex 1.9000000000000001 169 4.8
    endloop
  endfacet
  facet normal 0 0 1
    outer loop
      vertex 9.686582838174552 146.61939766255642 4.8
      vertex 10.624548389919358 146.90392640201614 4.8
      vertex 1.9000000000000001 169 4.8
    endloop
  endfacet
  facet normal 0 0 1
    outer loop
      vertex 10.624548389919358 146.90392640201614 4.8
      vertex 8.772757823986543 168.32325141776937 4.8
      vertex 1.9000000000000001 169 4.8
    endloop
  endfacet
  facet normal 0 0 1
    outer loop
      vertex 10.624548389919358 146.90392640201614 4.8
      vertex 11.6 147 4.8
      vertex 38.008960150839705 160 4.8
    endloop
  endfacet
  facet normal 0 0 1
    outer loop
      vertex 10.624548389919358 146.90392640201614 4.8
      vertex 38.008960150839705 160 4.8
      vertex 8.772757823986543 168.32325141776937 4.8
    endloop
  endfacet
  facet normal 1 0 0
    outer loop
      vertex 1.6 146 25.8
      vertex 1.6 160 4.8
      vertex 1.6 146 163.8
    endloop
  endfacet
  facet normal 0 0 1
    outer loop
      vertex 36.1 18 4.8
      vertex 40.1 160 4.8
      vertex 36.1 142 4.8
    endloop
  endfacet
  facet normal 0 0 1
    outer loop
      vertex 11.6 147 4.8
      vertex 31.1 147 4.8
      vertex 40.1 160 4.8
    endloop
  endfacet
  facet normal 0 0 1
    outer loop
      vertex 11.6 147 4.8
      vertex 40.1 160 4.8
      vertex 38.008960150839705 160 4.8
    endloop
  endfacet
  facet normal 0 0 1
    outer loop
      vertex 31.1 147 4.8
      vertex 32.07545161008064 146.90392640201614 4.8
      vertex 40.1 160 4.8
    endloop
  endfacet
  facet normal 0 0 1
    outer loop
      vertex 32.07545161008064 146.90392640201614 4.8
      vertex 33.01341716182545 146.61939766255642 4.8
      vertex 40.1 160 4.8
    endloop
  endfacet
  facet normal 0 0 1
    outer loop
      vertex 33.01341716182545 146.61939766255642 4.8
      vertex 33.87785116509801 146.15734806151272 4.8
      vertex 40.1 160 4.8
    endloop
  endfacet
  facet normal 0 0 1
    outer loop
      vertex 1.9000000000000001 169 4.8
      vertex 8.772757823986543 168.32325141776937 4.8
      vertex 93.30000000000001 169 4.8
    endloop
  endfacet
  facet normal 0 0 1
    outer loop
      vertex 34.63553390593274 145.53553390593274 4.8
      vertex 35.25734806151273 144.777851165098 4.8
      vertex 40.1 160 4.8
    endloop
  endfacet
  facet normal 0 0 1
    outer loop
      vertex 35.25734806151273 144.777851165098 4.8
      vertex 35.71939766255643 143.91341716182544 4.8
      vertex 40.1 160 4.8
    endloop
  endfacet
  facet normal 0 0 1
    outer loop
      vertex 33.87785116509801 146.15734806151272 4.8
      vertex 34.63553390593274 145.53553390593274 4.8
      vertex 40.1 160 4.8
    endloop
  endfacet
  facet normal 0 0 1
    outer loop
      vertex 36.1 142 4.8
      vertex 40.1 160 4.8
      vertex 36.003926402016155 142.97545161008065 4.8
    endloop
  endfacet
  facet normal 0 0 1
    outer loop
      vertex 36.003926402016155 142.97545161008065 4.8
      vertex 40.1 160 4.8
      vertex 35.71939766255643 143.91341716182544 4.8
    endloop
  endfacet
  facet normal 1 0 0
    outer loop
      vertex 1.6 21 170.8
      vertex 1.6 144 182.8
      vertex 1.6 122 182.8
    endloop
  endfacet
  facet normal 1 0 0
    outer loop
      vertex 1.6 21 170.8
      vertex 1.6 139 170.8
      vertex 1.6 160 182.8
    endloop
  endfacet
  facet normal 1 0 0
    outer loop
      vertex 1.6 21 170.8
      vertex 1.6 160 182.8
      vertex 1.6 144 182.8
    endloop
  endfacet
  facet normal 1 0 0
    outer loop
      vertex 1.6 146 163.8
      vertex 1.6 160 4.8
      vertex 1.6 160 182.8
    endloop
  endfacet
  facet normal 1 0 0
    outer loop
      vertex 1.6 122 182.8
      vertex 1.6 144 182.8
      vertex 1.6 122 182.81
    endloop
  endfacet
  facet normal 1 0 0
    outer loop
      vertex 1.6 122 182.81
      vertex 1.6 144 182.8
      vertex 1.6 144 182.81
    endloop
  endfacet
  facet normal 1 0 0
    outer loop
      vertex 1.6 139 170.8
      vertex 1.6 140.36563225411288 170.66549696282263
      vertex 1.6 160 182.8
    endloop
  endfacet
  facet normal 1 0 0
    outer loop
      vertex 1.6 140.36563225411288 170.66549696282263
      vertex 1.6 141.67878402655563 170.26715672757902
      vertex 1.6 160 182.8
    endloop
  endfacet
  facet normal 1 0 0
    outer loop
      vertex 1.6 142.8889916311372 169.62028728611782
      vertex 1.6 143.94974746830584 168.74974746830586
      vertex 1.6 160 182.8
    endloop
  endfacet
  facet normal 1 0 0
    outer loop
      vertex 1.6 145.86549696282262 165.16563225411292
      vertex 1.6 160 182.8
      vertex 1.6 145.467156727579 166.47878402655564
    endloop
  endfacet
  facet normal 1 0 0
    outer loop
      vertex 1.6 144.8202872861178 167.6889916311372
      vertex 1.6 145.467156727579 166.47878402655564
      vertex 1.6 160 182.8
    endloop
  endfacet
  facet normal 1 0 0
    outer loop
      vertex 1.6 143.94974746830584 168.74974746830586
      vertex 1.6 144.8202872861178 167.6889916311372
      vertex 1.6 160 182.8
    endloop
  endfacet
  facet normal 1 0 0
    outer loop
      vertex 1.6 145.86549696282262 165.16563225411292
      vertex 1.6 146 163.8
      vertex 1.6 160 182.8
    endloop
  endfacet
  facet normal 1 0 0
    outer loop
      vertex 1.6 141.67878402655563 170.26715672757902
      vertex 1.6 142.8889916311372 169.62028728611782
      vertex 1.6 160 182.8
    endloop
  endfacet
  facet normal 0 0 1
    outer loop
      vertex 55.1 8.999999999999991 4.8
      vertex 59.48060233744357 16.08658283817455 4.8
      vertex 59.196073597983855 17.02454838991936 4.8
    endloop
  endfacet
  facet normal 0 0 1
    outer loop
      vertex 55.1 8.999999999999991 4.8
      vertex 59.196073597983855 17.02454838991936 4.8
      vertex 59.10000000000001 18 4.8
    endloop
  endfacet
  facet normal 0 0 1
    outer loop
      vertex 55.1 8.999999999999991 4.8
      vertex 60.56446609406727 14.464466094067262 4.8
      vertex 59.94265193848728 15.22214883490199 4.8
    endloop
  endfacet
  facet normal 0 0 1
    outer loop
      vertex 55.1 8.999999999999991 4.8
      vertex 61.322148834901995 13.842651938487274 4.8
      vertex 60.56446609406727 14.464466094067262 4.8
    endloop
  endfacet
  facet normal 0 0 1
    outer loop
      vertex 55.1 8.999999999999991 4.8
      vertex 59.94265193848728 15.22214883490199 4.8
      vertex 59.48060233744357 16.08658283817455 4.8
    endloop
  endfacet
  facet normal 0 0 1
    outer loop
      vertex 55.1 8.999999999999991 4.8
      vertex 63.12454838991937 13.096073597983848 4.8
      vertex 62.18658283817456 13.380602337443566 4.8
    endloop
  endfacet
  facet normal 0 0 1
    outer loop
      vertex 55.1 8.999999999999991 4.8
      vertex 62.18658283817456 13.380602337443566 4.8
      vertex 61.322148834901995 13.842651938487274 4.8
    endloop
  endfacet
  facet normal 0 0 1
    outer loop
      vertex 55.1 8.999999999999991 4.8
      vertex 55.1 0 4.8
      vertex 93.6 0 4.8
    endloop
  endfacet
  facet normal 0 0 1
    outer loop
      vertex 55.1 8.999999999999991 4.8
      vertex 93.6 0 4.8
      vertex 63.12454838991937 13.096073597983848 4.8
    endloop
  endfacet
  facet normal 0 0 1
    outer loop
      vertex 55.1 8.999999999999991 4.8
      vertex 59.10000000000001 18 4.8
      vertex 59.10000000000001 142 4.8
    endloop
  endfacet
  facet normal 0 0 1
    outer loop
      vertex 63.12454838991937 13.096073597983848 4.8
      vertex 93.6 0 4.8
      vertex 64.10000000000001 13 4.8
    endloop
  endfacet
  facet normal 0 0 1
    outer loop
      vertex 64.10000000000001 13 4.8
      vertex 93.6 0 4.8
      vertex 83.60000000000001 13 4.8
    endloop
  endfacet
  facet normal 0 0 1
    outer loop
      vertex 83.60000000000001 13 4.8
      vertex 93.6 0 4.8
      vertex 84.57545161008065 13.096073597983848 4.8
    endloop
  endfacet
  facet normal 0 0 1
    outer loop
      vertex 84.57545161008065 13.096073597983848 4.8
      vertex 93.6 0 4.8
      vertex 85.51341716182546 13.380602337443566 4.8
    endloop
  endfacet
  facet normal 0 0 1
    outer loop
      vertex 85.51341716182546 13.380602337443566 4.8
      vertex 93.6 0 4.8
      vertex 86.37785116509802 13.842651938487274 4.8
    endloop
  endfacet
  facet normal 0 0 1
    outer loop
      vertex 86.37785116509802 13.842651938487274 4.8
      vertex 93.6 0 4.8
      vertex 87.13553390593275 14.464466094067262 4.8
    endloop
  endfacet
  facet normal 0 0 1
    outer loop
      vertex 87.13553390593275 14.464466094067262 4.8
      vertex 93.6 0 4.8
      vertex 87.75734806151274 15.22214883490199 4.8
    endloop
  endfacet
  facet normal 0 0 1
    outer loop
      vertex 87.75734806151274 15.22214883490199 4.8
      vertex 93.6 0 4.8
      vertex 88.21939766255645 16.08658283817455 4.8
    endloop
  endfacet
  facet normal -1 0 0
    outer loop
      vertex 93.6 15.179712713882182 21.911008368862785
      vertex 93.6 16.050252531694166 20.850252531694167
      vertex 93.6 0 4.8
    endloop
  endfacet
  facet normal -1 0 0
    outer loop
      vertex 93.6 15.179712713882182 21.911008368862785
      vertex 93.6 0 4.8
      vertex 93.6 14.532843272420994 23.12121597344437
    endloop
  endfacet
  facet normal -1 0 0
    outer loop
      vertex 93.6 14.532843272420994 23.12121597344437
      vertex 93.6 0 4.8
      vertex 93.6 14.134503037177387 24.4343677458871
    endloop
  endfacet
  facet normal -1 0 0
    outer loop
      vertex 93.6 14.134503037177387 24.4343677458871
      vertex 93.6 0 4.8
      vertex 93.6 14 25.8
    endloop
  endfacet
  facet normal 0 0 1
    outer loop
      vertex 88.21939766255645 16.08658283817455 4.8
      vertex 93.6 0 4.8
      vertex 88.50392640201616 17.02454838991936 4.8
    endloop
  endfacet
  facet normal 0 0 1
    outer loop
      vertex 88.50392640201616 17.02454838991936 4.8
      vertex 93.6 0 4.8
      vertex 88.60000000000001 18 4.8
    endloop
  endfacet
  facet normal -1 0 0
    outer loop
      vertex 93.6 19.634367745887104 18.934503037177386
      vertex 93.6 0 4.8
      vertex 93.6 18.32121597344437 19.332843272420995
    endloop
  endfacet
  facet normal -1 0 0
    outer loop
      vertex 93.6 16.050252531694166 20.850252531694167
      vertex 93.6 17.111008368862784 19.979712713882183
      vertex 93.6 0 4.8
    endloop
  endfacet
  facet normal -1 0 0
    outer loop
      vertex 93.6 17.111008368862784 19.979712713882183
      vertex 93.6 18.32121597344437 19.332843272420995
      vertex 93.6 0 4.8
    endloop
  endfacet
  facet normal -1 0 0
    outer loop
      vertex 93.6 19.634367745887104 18.934503037177386
      vertex 93.6 21 18.8
      vertex 93.6 0 4.8
    endloop
  endfacet
  facet normal -1 0 0
    outer loop
      vertex 93.6 14 25.8
      vertex 93.6 0 4.8
      vertex 93.6 0 182.8
    endloop
  endfacet
  facet normal 0 0 1
    outer loop
      vertex 88.60000000000001 18 4.8
      vertex 93.6 0 4.8
      vertex 93.6 160 4.8
    endloop
  endfacet
  facet normal -1 0 0
    outer loop
      vertex 93.6 21 18.8
      vertex 93.6 139 18.8
      vertex 93.6 0 4.8
    endloop
  endfacet
  facet normal -1 0 0
    outer loop
      vertex 93.6 14 25.8
      vertex 93.6 0 182.8
      vertex 93.6 14 163.8
    endloop
  endfacet
  facet normal -1 0 0
    outer loop
      vertex 93.6 14 163.8
      vertex 93.6 0 182.8
      vertex 93.6 14.134503037177387 165.16563225411292
    endloop
  endfacet
  facet normal -1 0 0
    outer loop
      vertex 93.6 14.134503037177387 165.16563225411292
      vertex 93.6 0 182.8
      vertex 93.6 14.532843272420994 166.47878402655564
    endloop
  endfacet
  facet normal -1 0 0
    outer loop
      vertex 93.6 14.532843272420994 166.47878402655564
      vertex 93.6 0 182.8
      vertex 93.6 15.179712713882182 167.6889916311372
    endloop
  endfacet
  facet normal -1 0 0
    outer loop
      vertex 93.6 15.179712713882182 167.6889916311372
      vertex 93.6 0 182.8
      vertex 93.6 16.050252531694166 168.74974746830586
    endloop
  endfacet
  facet normal -1 0 0
    outer loop
      vertex 93.6 16.050252531694166 168.74974746830586
      vertex 93.6 0 182.8
      vertex 93.6 17.111008368862784 169.62028728611782
    endloop
  endfacet
  facet normal -1 0 0
    outer loop
      vertex 93.6 17.111008368862784 169.62028728611782
      vertex 93.6 0 182.8
      vertex 93.6 18.32121597344437 170.26715672757902
    endloop
  endfacet
  facet normal -1 0 0
    outer loop
      vertex 93.6 18.32121597344437 170.26715672757902
      vertex 93.6 0 182.8
      vertex 93.6 19.634367745887104 170.66549696282263
    endloop
  endfacet
  facet normal -1 0 0
    outer loop
      vertex 93.6 19.634367745887104 170.66549696282263
      vertex 93.6 0 182.8
      vertex 93.6 21 170.8
    endloop
  endfacet
  facet normal -1 0 0
    outer loop
      vertex 93.6 139 170.8
      vertex 93.6 0 182.8
      vertex 93.6 16.00000000000002 182.8
    endloop
  endfacet
  facet normal -1 0 0
    outer loop
      vertex 93.6 21 170.8
      vertex 93.6 0 182.8
      vertex 93.6 139 170.8
    endloop
  endfacet
  facet normal -1 0 0
    outer loop
      vertex 93.6 139 170.8
      vertex 93.6 16.00000000000002 182.8
      vertex 93.6 38.00000000000002 182.8
    endloop
  endfacet
  facet normal 0 0 1
    outer loop
      vertex 55.1 8.999999999999991 4.8
      vertex 59.10000000000001 142 4.8
      vertex 55.1 160 4.8
    endloop
  endfacet
  facet normal 0 0 1
    outer loop
      vertex 59.10000000000001 142 4.8
      vertex 59.196073597983855 142.97545161008065 4.8
      vertex 55.59278762265214 160 4.8
    endloop
  endfacet
  facet normal 0 0 1
    outer loop
      vertex 59.196073597983855 142.97545161008065 4.8
      vertex 59.48060233744357 143.91341716182544 4.8
      vertex 55.59278762265214 160 4.8
    endloop
  endfacet
  facet normal 0 0 1
    outer loop
      vertex 59.48060233744357 143.91341716182544 4.8
      vertex 59.94265193848728 144.777851165098 4.8
      vertex 55.59278762265214 160 4.8
    endloop
  endfacet
  facet normal 0 0 1
    outer loop
      vertex 59.94265193848728 144.777851165098 4.8
      vertex 60.56446609406727 145.53553390593274 4.8
      vertex 55.59278762265214 160 4.8
    endloop
  endfacet
  facet normal 0 0 1
    outer loop
      vertex 60.56446609406727 145.53553390593274 4.8
      vertex 61.322148834901995 146.15734806151272 4.8
      vertex 55.59278762265214 160 4.8
    endloop
  endfacet
  facet normal 0 0 1
    outer loop
      vertex 59.10000000000001 142 4.8
      vertex 55.59278762265214 160 4.8
      vertex 55.1 160 4.8
    endloop
  endfacet
  facet normal 0 0 1
    outer loop
      vertex 8.772757823986543 168.32325141776937 4.8
      vertex 63.41186382687541 162.94303310238647 4.8
      vertex 93.30000000000001 169 4.8
    endloop
  endfacet
  facet normal 0 0 1
    outer loop
      vertex 61.322148834901995 146.15734806151272 4.8
      vertex 62.18658283817456 146.61939766255642 4.8
      vertex 55.59278762265214 160 4.8
    endloop
  endfacet
  facet normal 0 0 1
    outer loop
      vertex 62.18658283817456 146.61939766255642 4.8
      vertex 63.41186382687541 162.94303310238647 4.8
      vertex 55.59278762265214 160 4.8
    endloop
  endfacet
  facet normal -1 0 0
    outer loop
      vertex 93.6 139 18.8
      vertex 93.6 140.36563225411288 18.934503037177386
      vertex 93.6 0 4.8
    endloop
  endfacet
  facet normal -1 0 0
    outer loop
      vertex 93.6 140.36563225411288 18.934503037177386
      vertex 93.6 160 4.8
      vertex 93.6 0 4.8
    endloop
  endfacet
  facet normal 0 0 1
    outer loop
      vertex 88.60000000000001 18 4.8
      vertex 93.30000000000001 160 4.8
      vertex 88.60000000000001 142 4.8
    endloop
  endfacet
  facet normal 0 0 1
    outer loop
      vertex 88.60000000000001 18 4.8
      vertex 93.6 160 4.8
      vertex 93.30000000000001 160 4.8
    endloop
  endfacet
  facet normal 0 0 1
    outer loop
      vertex 62.18658283817456 146.61939766255642 4.8
      vertex 63.12454838991937 146.90392640201614 4.8
      vertex 93.30000000000001 169 4.8
    endloop
  endfacet
  facet normal 0 0 1
    outer loop
      vertex 63.12454838991937 146.90392640201614 4.8
      vertex 64.10000000000001 147 4.8
      vertex 93.30000000000001 169 4.8
    endloop
  endfacet
  facet normal 0 0 1
    outer loop
      vertex 62.18658283817456 146.61939766255642 4.8
      vertex 93.30000000000001 169 4.8
      vertex 63.41186382687541 162.94303310238647 4.8
    endloop
  endfacet
  facet normal 0 0 1
    outer loop
      vertex 64.10000000000001 147 4.8
      vertex 83.60000000000001 147 4.8
      vertex 93.30000000000001 169 4.8
    endloop
  endfacet
  facet normal -1 0 0
    outer loop
      vertex 93.6 140.36563225411288 18.934503037177386
      vertex 93.6 141.67878402655563 19.332843272420995
      vertex 93.6 160 4.8
    endloop
  endfacet
  facet normal 0 0 1
    outer loop
      vertex 86.37785116509802 146.15734806151272 4.8
      vertex 87.13553390593275 145.53553390593274 4.8
      vertex 93.30000000000001 160 4.8
    endloop
  endfacet
  facet normal 0 0 1
    outer loop
      vertex 83.60000000000001 147 4.8
      vertex 84.57545161008065 146.90392640201614 4.8
      vertex 93.30000000000001 169 4.8
    endloop
  endfacet
  facet normal 0 0 1
    outer loop
      vertex 84.57545161008065 146.90392640201614 4.8
      vertex 85.51341716182546 146.61939766255642 4.8
      vertex 93.30000000000001 169 4.8
    endloop
  endfacet
  facet normal 0 0 1
    outer loop
      vertex 85.51341716182546 146.61939766255642 4.8
      vertex 86.37785116509802 146.15734806151272 4.8
      vertex 93.30000000000001 169 4.8
    endloop
  endfacet
  facet normal 0 0 1
    outer loop
      vertex 87.13553390593275 145.53553390593274 4.8
      vertex 87.75734806151274 144.777851165098 4.8
      vertex 93.30000000000001 160 4.8
    endloop
  endfacet
  facet normal 0 0 1
    outer loop
      vertex 87.75734806151274 144.777851165098 4.8
      vertex 88.21939766255645 143.91341716182544 4.8
      vertex 93.30000000000001 160 4.8
    endloop
  endfacet
  facet normal 0 0 1
    outer loop
      vertex 88.60000000000001 142 4.8
      vertex 93.30000000000001 160 4.8
      vertex 88.50392640201616 142.97545161008065 4.8
    endloop
  endfacet
  facet normal 0 0 1
    outer loop
      vertex 88.50392640201616 142.97545161008065 4.8
      vertex 93.30000000000001 160 4.8
      vertex 88.21939766255645 143.91341716182544 4.8
    endloop
  endfacet
  facet normal 0 0 1
    outer loop
      vertex 86.37785116509802 146.15734806151272 4.8
      vertex 93.30000000000001 160 4.8
      vertex 93.30000000000001 169 4.8
    endloop
  endfacet
  facet normal -1 0 0
    outer loop
      vertex 93.6 141.67878402655563 19.332843272420995
      vertex 93.6 142.8889916311372 19.979712713882183
      vertex 93.6 160 4.8
    endloop
  endfacet
  facet normal -1 0 0
    outer loop
      vertex 93.6 142.8889916311372 19.979712713882183
      vertex 93.6 143.94974746830584 20.850252531694167
      vertex 93.6 160 4.8
    endloop
  endfacet
  facet normal -1 0 0
    outer loop
      vertex 93.6 143.94974746830584 20.850252531694167
      vertex 93.6 144.8202872861178 21.911008368862785
      vertex 93.6 160 4.8
    endloop
  endfacet
  facet normal -1 0 0
    outer loop
      vertex 93.6 144.8202872861178 21.911008368862785
      vertex 93.6 145.467156727579 23.12121597344437
      vertex 93.6 160 4.8
    endloop
  endfacet
  facet normal -1 0 0
    outer loop
      vertex 93.6 145.467156727579 23.12121597344437
      vertex 93.6 145.86549696282262 24.4343677458871
      vertex 93.6 160 4.8
    endloop
  endfacet
  facet normal -1 0 0
    outer loop
      vertex 93.6 145.86549696282262 24.4343677458871
      vertex 93.6 146 25.8
      vertex 93.6 160 4.8
    endloop
  endfacet
  facet normal -1 0 0
    outer loop
      vertex 93.6 146 25.8
      vertex 93.6 160 182.8
      vertex 93.6 160 4.8
    endloop
  endfacet
  facet normal -1 0 0
    outer loop
      vertex 93.6 139 170.8
      vertex 93.6 38.00000000000002 182.8
      vertex 93.6 122 182.8
    endloop
  endfacet
  facet normal -1 0 0
    outer loop
      vertex 93.6 146 25.8
      vertex 93.6 146 163.8
      vertex 93.6 160 182.8
    endloop
  endfacet
  facet normal -1 0 0
    outer loop
      vertex 93.6 139 170.8
      vertex 93.6 122 182.8
      vertex 93.6 144 182.8
    endloop
  endfacet
  facet normal -1 0 0
    outer loop
      vertex 93.6 139 170.8
      vertex 93.6 160 182.8
      vertex 93.6 140.36563225411288 170.66549696282263
    endloop
  endfacet
  facet normal -1 0 0
    outer loop
      vertex 93.6 140.36563225411288 170.66549696282263
      vertex 93.6 160 182.8
      vertex 93.6 141.67878402655563 170.26715672757902
    endloop
  endfacet
  facet normal -1 0 0
    outer loop
      vertex 93.6 139 170.8
      vertex 93.6 144 182.8
      vertex 93.6 160 182.8
    endloop
  endfacet
  facet normal -1 0 0
    outer loop
      vertex 93.6 142.8889916311372 169.62028728611782
      vertex 93.6 160 182.8
      vertex 93.6 143.94974746830584 168.74974746830586
    endloop
  endfacet
  facet normal -1 0 0
    outer loop
      vertex 93.6 145.86549696282262 165.16563225411292
      vertex 93.6 145.467156727579 166.47878402655564
      vertex 93.6 160 182.8
    endloop
  endfacet
  facet normal -1 0 0
    outer loop
      vertex 93.6 144.8202872861178 167.6889916311372
      vertex 93.6 160 182.8
      vertex 93.6 145.467156727579 166.47878402655564
    endloop
  endfacet
  facet normal -1 0 0
    outer loop
      vertex 93.6 143.94974746830584 168.74974746830586
      vertex 93.6 160 182.8
      vertex 93.6 144.8202872861178 167.6889916311372
    endloop
  endfacet
  facet normal -1 0 0
    outer loop
      vertex 93.6 145.86549696282262 165.16563225411292
      vertex 93.6 160 182.8
      vertex 93.6 146 163.8
    endloop
  endfacet
  facet normal -1 0 0
    outer loop
      vertex 93.6 141.67878402655563 170.26715672757902
      vertex 93.6 160 182.8
      vertex 93.6 142.8889916311372 169.62028728611782
    endloop
  endfacet
  facet normal 1 0 0
    outer loop
      vertex 1.6 9 3.3999999999999995
      vertex 1.6 0 4.8
      vertex 1.6 0 3.3999999999999995
    endloop
  endfacet
  facet normal 1 0 0
    outer loop
      vertex 1.6 9 3.3999999999999995
      vertex 1.6 9 4.799999999999999
      vertex 1.6 0 4.8
    endloop
  endfacet
  facet normal 0 -9.868649107779169e-17 -1
    outer loop
      vertex 1.6 9 4.799999999999999
      vertex 40.1 0 4.8
      vertex 1.6 0 4.8
    endloop
  endfacet
  facet normal 0 0 1
    outer loop
      vertex 1.6 9 3.3999999999999995
      vertex 1.6 0 3.3999999999999995
      vertex 40.1 9 3.3999999999999995
    endloop
  endfacet
  facet normal 0 -1 0
    outer loop
      vertex 1.6 9 3.3999999999999995
      vertex 40.1 9 3.3999999999999995
      vertex 1.6 9 4.799999999999999
    endloop
  endfacet
  facet normal 0 0 1
    outer loop
      vertex 40.1 9 3.3999999999999995
      vertex 1.6 0 3.3999999999999995
      vertex 40.1 0 3.3999999999999995
    endloop
  endfacet
  facet normal 0 -9.868649107779169e-17 -1
    outer loop
      vertex 1.6 9 4.799999999999999
      vertex 40.1 9 4.799999999999999
      vertex 40.1 0 4.8
    endloop
  endfacet
  facet normal 0 -1 0
    outer loop
      vertex 1.6 9 4.799999999999999
      vertex 40.1 9 3.3999999999999995
      vertex 40.1 9 4.799999999999999
    endloop
  endfacet
  facet normal 0 0 1
    outer loop
      vertex 55.1 9 3.3999999999999995
      vertex 55.1 0 3.3999999999999995
      vertex 93.6 9 3.3999999999999995
    endloop
  endfacet
  facet normal -2.30695693428604e-17 0 -1
    outer loop
      vertex 55.1 8.999999999999991 4.8
      vertex 93.6 9 4.799999999999999
      vertex 55.1 0 4.8
    endloop
  endfacet
  facet normal 0 -1 -6.3441315692866076e-15
    outer loop
      vertex 55.1 9 3.3999999999999995
      vertex 93.6 9 3.3999999999999995
      vertex 55.1 8.999999999999991 4.8
    endloop
  endfacet
  facet normal 0 0 1
    outer loop
      vertex 93.6 9 3.3999999999999995
      vertex 55.1 0 3.3999999999999995
      vertex 93.6 0 3.3999999999999995
    endloop
  endfacet
  facet normal 0 -9.868649107779169e-17 -1
    outer loop
      vertex 93.6 9 4.799999999999999
      vertex 93.6 0 4.8
      vertex 55.1 0 4.8
    endloop
  endfacet
  facet normal 2.30695693428604e-16 -1 -2.341702130526196e-31
    outer loop
      vertex 55.1 8.999999999999991 4.8
      vertex 93.6 9 3.3999999999999995
      vertex 93.6 9 4.799999999999999
    endloop
  endfacet
  facet normal -1 0 0
    outer loop
      vertex 93.6 9 4.799999999999999
      vertex 93.6 0 3.3999999999999995
      vertex 93.6 0 4.8
    endloop
  endfacet
  facet normal -1 0 0
    outer loop
      vertex 93.6 9 3.3999999999999995
      vertex 93.6 0 3.3999999999999995
      vertex 93.6 9 4.799999999999999
    endloop
  endfacet
  facet normal 1 0 0
    outer loop
      vertex 40.1 9 3.3999999999999995
      vertex 40.1 0 3.3999999999999995
      vertex 40.1 0 3.1999999999999997
    endloop
  endfacet
  facet normal 1 0 0
    outer loop
      vertex 40.1 9 3.3999999999999995
      vertex 40.1 0 3.1999999999999997
      vertex 40.1 161 4.8
    endloop
  endfacet
  facet normal 1 0 0
    outer loop
      vertex 40.1 9 3.3999999999999995
      vertex 40.1 160 4.8
      vertex 40.1 9 4.799999999999999
    endloop
  endfacet
  facet normal 1 0 0
    outer loop
      vertex 40.1 160 3.5999999999999996
      vertex 40.1 0 3.1999999999999997
      vertex 40.1 160 3.1999999999999997
    endloop
  endfacet
  facet normal 1 0 0
    outer loop
      vertex 40.1 160 3.5999999999999996
      vertex 40.1 161 4.8
      vertex 40.1 0 3.1999999999999997
    endloop
  endfacet
  facet normal 1 0 0
    outer loop
      vertex 40.1 9 3.3999999999999995
      vertex 40.1 161 4.8
      vertex 40.1 160 4.8
    endloop
  endfacet
  facet normal 0 0 1
    outer loop
      vertex 40.1 160 3.1999999999999997
      vertex 40.1 0 3.1999999999999997
      vertex 55.1 160 3.1999999999999997
    endloop
  endfacet
  facet normal 1 0 0
    outer loop
      vertex 40.1 160 3.5999999999999996
      vertex 40.1 161 3.5999999999999996
      vertex 40.1 161 4.8
    endloop
  endfacet
  facet normal 0 -1 0
    outer loop
      vertex 40.1 161 4.8
      vertex 40.1 161 3.5999999999999996
      vertex 55.1 161 4.8
    endloop
  endfacet
  facet normal -1 0 0
    outer loop
      vertex 55.1 9 3.3999999999999995
      vertex 55.1 0 3.1999999999999997
      vertex 55.1 0 3.3999999999999995
    endloop
  endfacet
  facet normal 0 0 1
    outer loop
      vertex 55.1 160 3.1999999999999997
      vertex 40.1 0 3.1999999999999997
      vertex 55.1 0 3.1999999999999997
    endloop
  endfacet
  facet normal -1 0 0
    outer loop
      vertex 55.1 9 3.3999999999999995
      vertex 55.1 160 3.1999999999999997
      vertex 55.1 0 3.1999999999999997
    endloop
  endfacet
  facet normal -1 0 0
    outer loop
      vertex 55.1 9 3.3999999999999995
      vertex 55.1 8.999999999999991 4.8
      vertex 55.1 160 3.5999999999999996
    endloop
  endfacet
  facet normal -1 0 0
    outer loop
      vertex 55.1 9 3.3999999999999995
      vertex 55.1 160 3.5999999999999996
      vertex 55.1 160 3.1999999999999997
    endloop
  endfacet
  facet normal -1 0 0
    outer loop
      vertex 55.1 8.999999999999991 4.8
      vertex 55.1 160 4.8
      vertex 55.1 160 3.5999999999999996
    endloop
  endfacet
  facet normal 0 -1 0
    outer loop
      vertex 55.1 161 3.5999999999999996
      vertex 55.1 161 4.8
      vertex 40.1 161 3.5999999999999996
    endloop
  endfacet
  facet normal -1 0 0
    outer loop
      vertex 55.1 160 3.5999999999999996
      vertex 55.1 161 4.8
      vertex 55.1 161 3.5999999999999996
    endloop
  endfacet
  facet normal -1 0 0
    outer loop
      vertex 55.1 160 3.5999999999999996
      vertex 55.1 160 4.8
      vertex 55.1 161 4.8
    endloop
  endfacet
endsolid OpenSCAD_Model
